Tender ID,tender_externalreference,tender_title,Work Description,Tender Category,Tender Type,Form of contract,Product Category,Is Multi Currency Allowed For BOQ,Allow Two Stage Bidding,Independent External Monitor/Remarks,Published Date,Pre Bid Meeting Date,Bid Validity(Days),Should Allow NDA Tender,Allow Preferential Bidder,Payment Mode,Bid Opening Date,Organisation Chain,location,Pincode,No of Bids Received,Tender Value in ₹,Bidder Name,Awarded Value,Status,Contract Date :,Department,is_flood_tender,positive_keywords_dict,negative_keywords_dict,Season,Scheme,Erosion,Roads_Bridges_Embkt,Response Type,Flood Response - Subhead
2026_CERWI_132047_1,"02/RWD-I,MKG/2026-27",Special Repair to Burudiguda Chowk - Spillway( Boxcell Culvert (1x3x2) ) in the District of Malkangiri for the year 2026-27,Special Repair to Burudiguda Chowk - Spillway( Boxcell Culvert (1x3x2) ) in the District of Malkangiri for the year 2026-27,Works,Open Tender,Percentage,Civil Works - Roads,No,No,NA ,12-Jun-2026 05:55 PM,NA ,90.0,No ,No,Online,30-Jun-2026 11:00 AM,CE RW I||RWCIRCLE-SUNABEDA||RWDIVISION-MALKANGIRI,Malkangiri,764048.0,1.0,"8,47,553",BHIMA MADAKAMI,"546,671.437",Rejected-Technical,08-Aug-2026,CE RW I||RWCIRCLE-SUNABEDA||RWDIVISION-MALKANGIRI,True,"{'Flood': 0, 'Embankment': 0, 'embkt': 0, 'Relief': 0, 'Erosion': 0, 'SDRF': 0, 'Inundation': 0, 'Hydrology': 0, 'Silt': 0, 'Siltation': 0, 'Bund': 0, 'Trench': 0, 'Breach': 0, 'Culvert': 2, 'Sluice': 0, 'Dyke': 0, 'Storm water drain': 0, 'Emergency': 0, 'Immediate': 0, 'IM': 0, 'AE': 0, 'A E': 0, 'AAPDA MITRA': 0, 'flood': 0, 'Bridge': 0, 'River': 0, 'Drain': 0, 'Restoration': 0, 'Protection': 0, 'irr': 0, 'irrigation': 0, 'dam': 0, 'Nallah': 0, 'Retrofitting': 0, 'Pond': 0, 'Pokhari': 0, 'D/C': 0, 'Recharge shaft': 0, 'LFB': 0, 'RFB': 0}","{'Floodlight': 0, 'Flood Light': 0, 'GAS': 0, 'FIFA': 0, 'pipe': 0, 'pipes': 0, 'covid': 0, 'supply': 0, 'Beautification': 0, 'Installation': 0}",Monsoon,,False,True,Repair and Restoration,{'repair': 2}
2025_CELBB_116656_11,e PROCUREMENT TENDER CALL NOTICE NO. PID02OF202526,"PID-101, Improvement to Goudakera saline embankment from RD 0.00 km to 0.860 km with construction of 1 No sluice of single vented sluice.",Improvement to Goudakera saline embankment from RD 0.00 km to 0.860 km with construction of 1 No sluice of single vented sluice.,Works,Open Tender,Percentage,Civil Works - Others,No,No,NA ,11-Aug-2025 10:30 AM,NA ,90.0,No ,No,Online,26-Aug-2025 11:00 AM,"CE-BM,LMB Basin,BBSR||SE, Central Irr.Circle, BBSR||EE,Puri Irr Division,Puri",PURI,752003.0,1.0,"34,22,569",AMULYA KUMAR BALIARSINGH,"2,909,526",Rejected-Finance,20-Nov-2025,"CE-BM,LMB Basin,BBSR||SE, Central Irr.Circle, BBSR||EE,Puri Irr Division,Puri",True,"{'Flood': 0, 'Embankment': 2, 'embkt': 0, 'Relief': 0, 'Erosion': 0, 'SDRF': 0, 'Inundation': 0, 'Hydrology': 0, 'Silt': 0, 'Siltation': 0, 'Bund': 0, 'Trench': 0, 'Breach': 0, 'Culvert': 0, 'Sluice': 4, 'Dyke': 0, 'Storm water drain': 0, 'Emergency': 0, 'Immediate': 0, 'IM': 0, 'AE': 0, 'A E': 0, 'AAPDA MITRA': 0, 'flood': 0, 'Bridge': 0, 'River': 0, 'Drain': 0, 'Restoration': 0, 'Protection': 0, 'irr': 0, 'irrigation': 0, 'dam': 0, 'Nallah': 0, 'Retrofitting': 0, 'Pond': 0, 'Pokhari': 0, 'D/C': 0, 'Recharge shaft': 0, 'LFB': 0, 'RFB': 0}","{'Floodlight': 0, 'Flood Light': 0, 'GAS': 0, 'FIFA': 0, 'pipe': 0, 'pipes': 0, 'covid': 0, 'supply': 0, 'Beautification': 0, 'Installation': 0}",Monsoon,,False,True,Repair and Restoration,"{'improvement': 2, 'Construction': 2}"
2026_ORULB_127816_1,MC(CMC)CTC_Div-IIiNo4/2026-27,Construction of RCC drain with cover slab from Maruti Complex to Nishamani Nurshing Home drain in Ward No.32.,Construction of RCC drain with cover slab from Maruti Complex to Nishamani Nurshing Home drain in Ward No.32.,Works,Open Tender,Percentage,Civil Works - Others,No,No,NA ,02-May-2026 11:00 AM,NA ,60.0,No ,No,Online,14-May-2026 10:00 AM,Municipal Bodies||Cuttack Municipal Corporation,CMC,753012.0,1.0,"5,75,748",BICHITRA NANDA DAS,"575,748",Rejected-AOC,06-Aug-2026,Municipal Bodies||Cuttack Municipal Corporation,True,"{'Flood': 0, 'Embankment': 0, 'embkt': 0, 'Relief': 0, 'Erosion': 0, 'SDRF': 0, 'Inundation': 0, 'Hydrology': 0, 'Silt': 0, 'Siltation': 0, 'Bund': 0, 'Trench': 0, 'Breach': 0, 'Culvert': 0, 'Sluice': 0, 'Dyke': 0, 'Storm water drain': 0, 'Emergency': 0, 'Immediate': 0, 'IM': 0, 'AE': 0, 'A E': 0, 'AAPDA MITRA': 0, 'flood': 0, 'Bridge': 0, 'River': 0, 'Drain': 4, 'Restoration': 0, 'Protection': 0, 'irr': 0, 'irrigation': 0, 'dam': 0, 'Nallah': 0, 'Retrofitting': 0, 'Pond': 0, 'Pokhari': 0, 'D/C': 0, 'Recharge shaft': 0, 'LFB': 0, 'RFB': 0}","{'Floodlight': 0, 'Flood Light': 0, 'GAS': 0, 'FIFA': 0, 'pipe': 0, 'pipes': 0, 'covid': 0, 'supply': 0, 'Beautification': 0, 'Installation': 0}",Pre-Monsoon,,False,True,Repair and Restoration,"{'Construction': 2, 'Drain': 4}"
2026_CEMIB_124558_32,BID IDENTIFICATION NO_SEMIDN_14_OF2025_26,Improvement to Niladripur Check Dam in Nuagaon Block of Nayagarh district under Improvement to Check Dam grant for the year 2025-26,Improvement to Niladripur Check Dam in Nuagaon Block of Nayagarh district under Improvement to Check Dam grant for the year 2025-26,Works,National Competitive Bid,Percentage,Civil Works - Others,No,No,NA ,14-Jan-2026 10:00 AM,NA ,90.0,No ,No,Online,21-Jan-2026 11:00 AM,"CE,Minor Irrigation,BBSR||SECMIC-BHUBANESWAR||EE MI Divn. Nayagarh",SUPERINTENDING ENGINEER M I DIVISION NAYAGARH,752070.0,1.0,,AJAYA KUMAR SAHOO,"498,994.81",Rejected-AOC,14-Aug-2026,"CE,Minor Irrigation,BBSR||SECMIC-BHUBANESWAR||EE MI Divn. Nayagarh",True,"{'Flood': 0, 'Embankment': 0, 'embkt': 0, 'Relief': 0, 'Erosion': 0, 'SDRF': 0, 'Inundation': 0, 'Hydrology': 0, 'Silt': 0, 'Siltation': 0, 'Bund': 0, 'Trench': 0, 'Breach': 0, 'Culvert': 0, 'Sluice': 0, 'Dyke': 0, 'Storm water drain': 0, 'Emergency': 0, 'Immediate': 0, 'IM': 0, 'AE': 0, 'A E': 0, 'AAPDA MITRA': 0, 'flood': 0, 'Bridge': 0, 'River': 0, 'Drain': 0, 'Restoration': 0, 'Protection': 0, 'irr': 0, 'irrigation': 0, 'dam': 4, 'Nallah': 0, 'Retrofitting': 0, 'Pond': 0, 'Pokhari': 0, 'D/C': 0, 'Recharge shaft': 0, 'LFB': 0, 'RFB': 0}","{'Floodlight': 0, 'Flood Light': 0, 'GAS': 0, 'FIFA': 0, 'pipe': 0, 'pipes': 0, 'covid': 0, 'supply': 0, 'Beautification': 0, 'Installation': 0}",Post-Monsoon,,False,False,Repair and Restoration,"{'improvement': 4, 'Check Dam': 4}"
2026_CEMIB_124558_26,BID IDENTIFICATION NO_SEMIDN_14_OF2025_26,Improvement to Rautarapur-II Check Dam in Ranpur Block of Nayagarh district under Improvement to Check Dam grant for the year 2025-26,Improvement to Rautarapur-II Check Dam in Ranpur Block of Nayagarh district under Improvement to Check Dam grant for the year 2025-26,Works,National Competitive Bid,Percentage,Civil Works - Others,No,No,NA ,14-Jan-2026 10:00 AM,NA ,90.0,No ,No,Online,21-Jan-2026 11:00 AM,"CE,Minor Irrigation,BBSR||SECMIC-BHUBANESWAR||EE MI Divn. Nayagarh",SUPERINTENDING ENGINEER M I DIVISION NAYAGARH,752070.0,1.0,,CHANDAN SAHOO,"530,452.46",Rejected-AOC,14-Aug-2026,"CE,Minor Irrigation,BBSR||SECMIC-BHUBANESWAR||EE MI Divn. Nayagarh",True,"{'Flood': 0, 'Embankment': 0, 'embkt': 0, 'Relief': 0, 'Erosion': 0, 'SDRF': 0, 'Inundation': 0, 'Hydrology': 0, 'Silt': 0, 'Siltation': 0, 'Bund': 0, 'Trench': 0, 'Breach': 0, 'Culvert': 0, 'Sluice': 0, 'Dyke': 0, 'Storm water drain': 0, 'Emergency': 0, 'Immediate': 0, 'IM': 0, 'AE': 0, 'A E': 0, 'AAPDA MITRA': 0, 'flood': 0, 'Bridge': 0, 'River': 0, 'Drain': 0, 'Restoration': 0, 'Protection': 0, 'irr': 0, 'irrigation': 0, 'dam': 4, 'Nallah': 0, 'Retrofitting': 0, 'Pond': 0, 'Pokhari': 0, 'D/C': 0, 'Recharge shaft': 0, 'LFB': 0, 'RFB': 0}","{'Floodlight': 0, 'Flood Light': 0, 'GAS': 0, 'FIFA': 0, 'pipe': 0, 'pipes': 0, 'covid': 0, 'supply': 0, 'Beautification': 0, 'Installation': 0}",Post-Monsoon,,False,False,Repair and Restoration,"{'improvement': 4, 'Check Dam': 4}"
2025_CELBB_119432_1,MND-09 OF 2025-26,Restoration to Mahanadi Left embankment near village Santrapur from 00 m to 390 m for the year 2025-26 (Working RD from 00 m to 420 m ),Restoration to Mahanadi Left embankment near village Santrapur from 00 m to 390 m for the year 2025-26 (Working RD from 00 m to 420 m ),Works,National Competitive Bid,Percentage,Civil Works - Others,No,No,NA ,14-Oct-2025 10:00 AM,NA ,90.0,No ,No,Online,29-Oct-2025 11:30 AM,"CE-BM,LMB Basin,BBSR||SE, Eastern Circle,Cuttack||EE, Mahanadi North Division,Jagatpur",ATHAGARH,754102.0,2.0,"53,10,451",SACHIKANTA ROUT,"4,514,414",Rejected-Finance,06-Aug-2026,"CE-BM,LMB Basin,BBSR||SE, Eastern Circle,Cuttack||EE, Mahanadi North Division,Jagatpur",True,"{'Flood': 0, 'Embankment': 2, 'embkt': 0, 'Relief': 0, 'Erosion': 0, 'SDRF': 0, 'Inundation': 0, 'Hydrology': 0, 'Silt': 0, 'Siltation': 0, 'Bund': 0, 'Trench': 0, 'Breach': 0, 'Culvert': 0, 'Sluice': 0, 'Dyke': 0, 'Storm water drain': 0, 'Emergency': 0, 'Immediate': 0, 'IM': 0, 'AE': 0, 'A E': 0, 'AAPDA MITRA': 0, 'flood': 0, 'Bridge': 0, 'River': 0, 'Drain': 0, 'Restoration': 2, 'Protection': 0, 'irr': 0, 'irrigation': 0, 'dam': 0, 'Nallah': 0, 'Retrofitting': 0, 'Pond': 0, 'Pokhari': 0, 'D/C': 0, 'Recharge shaft': 0, 'LFB': 0, 'RFB': 0}","{'Floodlight': 0, 'Flood Light': 0, 'GAS': 0, 'FIFA': 0, 'pipe': 0, 'pipes': 0, 'covid': 0, 'supply': 0, 'Beautification': 0, 'Installation': 0}",Post-Monsoon,,False,True,Repair and Restoration,{'restoration': 2}
2025_CELBB_120208_26,MND-11 OF 2025-26,Renovation of road on left embankment of Kendrapara canal from Delta Colony to Railway bridge for the year 2025-26,Renovation of road on left embankment of Kendrapara canal from Delta Colony to Railway bridge for the year 2025-26,Works,National Competitive Bid,Percentage,Civil Works - Others,No,No,NA ,29-Oct-2025 10:00 AM,NA ,90.0,No ,No,Online,10-Nov-2025 11:30 AM,"CE-BM,LMB Basin,BBSR||SE, Eastern Circle,Cuttack||EE, Mahanadi North Division,Jagatpur",NURTANG,754021.0,1.0,"35,58,087",ANKIT SAGAR DALAI,"3,024,730",Rejected-Finance,12-Aug-2026,"CE-BM,LMB Basin,BBSR||SE, Eastern Circle,Cuttack||EE, Mahanadi North Division,Jagatpur",True,"{'Flood': 0, 'Embankment': 2, 'embkt': 0, 'Relief': 0, 'Erosion': 0, 'SDRF': 0, 'Inundation': 0, 'Hydrology': 0, 'Silt': 0, 'Siltation': 0, 'Bund': 0, 'Trench': 0, 'Breach': 0, 'Culvert': 0, 'Sluice': 0, 'Dyke': 0, 'Storm water drain': 0, 'Emergency': 0, 'Immediate': 0, 'IM': 0, 'AE': 0, 'A E': 0, 'AAPDA MITRA': 0, 'flood': 0, 'Bridge': 2, 'River': 0, 'Drain': 0, 'Restoration': 0, 'Protection': 0, 'irr': 0, 'irrigation': 0, 'dam': 0, 'Nallah': 0, 'Retrofitting': 0, 'Pond': 0, 'Pokhari': 0, 'D/C': 0, 'Recharge shaft': 0, 'LFB': 0, 'RFB': 0}","{'Floodlight': 0, 'Flood Light': 0, 'GAS': 0, 'FIFA': 0, 'pipe': 0, 'pipes': 0, 'covid': 0, 'supply': 0, 'Beautification': 0, 'Installation': 0}",Post-Monsoon,,False,True,Repair and Restoration,"{'renovation': 2, 'Bridge': 2}"
2025_CELBB_116656_8,e PROCUREMENT TENDER CALL NOTICE NO. PID02OF202526,"PID-98, Restoration to Maluda saline gherry from RD 0.100 km to 0.250km (Near Panchudola Melana Padia)",Restoration to Maluda saline gherry from RD 0.100 km to 0.250km (Near Panchudola Melana Padia),Works,Open Tender,Percentage,Civil Works - Others,No,No,NA ,11-Aug-2025 10:30 AM,NA ,90.0,No ,No,Online,26-Aug-2025 11:00 AM,"CE-BM,LMB Basin,BBSR||SE, Central Irr.Circle, BBSR||EE,Puri Irr Division,Puri",PURI,752003.0,1.0,"35,62,149",RANJAN KUMAR PRADHAN,"3,028,183",Rejected-Finance,13-Nov-2025,"CE-BM,LMB Basin,BBSR||SE, Central Irr.Circle, BBSR||EE,Puri Irr Division,Puri",True,"{'Flood': 0, 'Embankment': 0, 'embkt': 0, 'Relief': 0, 'Erosion': 0, 'SDRF': 0, 'Inundation': 0, 'Hydrology': 0, 'Silt': 0, 'Siltation': 0, 'Bund': 0, 'Trench': 0, 'Breach': 0, 'Culvert': 0, 'Sluice': 0, 'Dyke': 0, 'Storm water drain': 0, 'Emergency': 0, 'Immediate': 0, 'IM': 0, 'AE': 0, 'A E': 0, 'AAPDA MITRA': 0, 'flood': 0, 'Bridge': 0, 'River': 0, 'Drain': 0, 'Restoration': 2, 'Protection': 0, 'irr': 0, 'irrigation': 0, 'dam': 0, 'Nallah': 0, 'Retrofitting': 0, 'Pond': 0, 'Pokhari': 0, 'D/C': 0, 'Recharge shaft': 0, 'LFB': 0, 'RFB': 0}","{'Floodlight': 0, 'Flood Light': 0, 'GAS': 0, 'FIFA': 0, 'pipe': 0, 'pipes': 0, 'covid': 0, 'supply': 0, 'Beautification': 0, 'Installation': 0}",Monsoon,,False,False,Repair and Restoration,{'restoration': 2}
2026_CELBB_130083_14,SEPRD04/2026-27,"Construction of C.C guard wall at left bank of Kushavadra river near RD 21.00 Km. to 21.150 Km., RD 21.750 to 21.870 Km, RD 21.900 Km to 22.010 Km and ramp at RD 21.700 Km., 21.850 Km",Embankment work,Works,Open Tender,Percentage,Civil Works - Roads,No,No,NA ,02-Jun-2026 11:00 AM,NA ,90.0,No ,No,Online,17-Jun-2026 10:30 AM,"CE-BM,LMB Basin,BBSR||SE, Central Irr.Circle, BBSR||EE,Prachi Division,Bhubaneswar",balianta,752101.0,2.0,"74,03,793",ABHIJIT SWAIN,"6,589,376",Rejected-AOC,17-Aug-2026,"CE-BM,LMB Basin,BBSR||SE, Central Irr.Circle, BBSR||EE,Prachi Division,Bhubaneswar",True,"{'Flood': 0, 'Embankment': 1, 'embkt': 0, 'Relief': 0, 'Erosion': 0, 'SDRF': 0, 'Inundation': 0, 'Hydrology': 0, 'Silt': 0, 'Siltation': 0, 'Bund': 0, 'Trench': 0, 'Breach': 0, 'Culvert': 0, 'Sluice': 0, 'Dyke': 0, 'Storm water drain': 0, 'Emergency': 0, 'Immediate': 0, 'IM': 0, 'AE': 0, 'A E': 0, 'AAPDA MITRA': 0, 'flood': 0, 'Bridge': 0, 'River': 1, 'Drain': 0, 'Restoration': 0, 'Protection': 0, 'irr': 0, 'irrigation': 0, 'dam': 0, 'Nallah': 0, 'Retrofitting': 0, 'Pond': 0, 'Pokhari': 0, 'D/C': 0, 'Recharge shaft': 0, 'LFB': 0, 'RFB': 0}","{'Floodlight': 0, 'Flood Light': 0, 'GAS': 0, 'FIFA': 0, 'pipe': 0, 'pipes': 0, 'covid': 0, 'supply': 0, 'Beautification': 0, 'Installation': 0}",Monsoon,,False,True,Repair and Restoration,{'Construction': 1}
2026_CERWI_126582_1,RCK 03/26,Construction of Ramachandrapur Irrigation Embankment to Chandrasekharpur Durgapadia via Behuria Sahi and GC collage chhak in the Dist. of Jajpur for the year 2025-26.,Construction of road works,Works,National Competitive Bid,Percentage,Civil Works - Roads,No,No,NA ,24-Feb-2026 06:50 PM,NA ,90.0,No ,No,Online,06-Mar-2026 11:00 AM,CE RW I||RWCIRCLE-KENDRAPARA,Jajpur,755001.0,2.0,"3,20,33,919",SMRUTI RANJAN PARIDA,"24,348,982",Rejected-Technical,11-Aug-2026,CE RW I||RWCIRCLE-KENDRAPARA,True,"{'Flood': 0, 'Embankment': 1, 'embkt': 0, 'Relief': 0, 'Erosion': 0, 'SDRF': 0, 'Inundation': 0, 'Hydrology': 0, 'Silt': 0, 'Siltation': 0, 'Bund': 0, 'Trench': 0, 'Breach': 0, 'Culvert': 0, 'Sluice': 0, 'Dyke': 0, 'Storm water drain': 0, 'Emergency': 0, 'Immediate': 0, 'IM': 0, 'AE': 0, 'A E': 0, 'AAPDA MITRA': 0, 'flood': 0, 'Bridge': 0, 'River': 0, 'Drain': 0, 'Restoration': 0, 'Protection': 0, 'irr': 0, 'irrigation': 1, 'dam': 0, 'Nallah': 0, 'Retrofitting': 0, 'Pond': 0, 'Pokhari': 0, 'D/C': 0, 'Recharge shaft': 0, 'LFB': 0, 'RFB': 0}","{'Floodlight': 0, 'Flood Light': 0, 'GAS': 0, 'FIFA': 0, 'pipe': 0, 'pipes': 0, 'covid': 0, 'supply': 0, 'Beautification': 0, 'Installation': 0}",Post-Monsoon,,False,True,Repair and Restoration,{'Construction': 2}
2025_CEBBS_118895_14,SERID-RKL-04/2025-26,Improvement to Laxminarayanpur minor canal from 730 to 850m of Rukura Irrigation Project for the year 2025-2026,Improvement to Laxminarayanpur minor canal from 730 to 850m of Rukura Irrigation Project for the year 2025-2026,Works,Open Tender,Percentage,Civil Works - Canal,No,No,NA ,04-Oct-2025 10:00 AM,NA ,90.0,No ,No,Online,15-Oct-2025 11:00 AM,CE and BM Brahmani Basin Samal||APD cum CCE RIP Samal||Rourkela Irrigation Division Rourkela,Bonai,770038.0,1.0,"8,38,842",BISWAPRAKASH SAHU,"713,099.92",Rejected-AOC,07-Aug-2026,CE and BM Brahmani Basin Samal||APD cum CCE RIP Samal||Rourkela Irrigation Division Rourkela,True,"{'Flood': 0, 'Embankment': 0, 'embkt': 0, 'Relief': 0, 'Erosion': 0, 'SDRF': 0, 'Inundation': 0, 'Hydrology': 0, 'Silt': 0, 'Siltation': 0, 'Bund': 0, 'Trench': 0, 'Breach': 0, 'Culvert': 0, 'Sluice': 0, 'Dyke': 0, 'Storm water drain': 0, 'Emergency': 0, 'Immediate': 0, 'IM': 0, 'AE': 0, 'A E': 0, 'AAPDA MITRA': 0, 'flood': 0, 'Bridge': 0, 'River': 0, 'Drain': 0, 'Restoration': 0, 'Protection': 0, 'irr': 0, 'irrigation': 2, 'dam': 0, 'Nallah': 0, 'Retrofitting': 0, 'Pond': 0, 'Pokhari': 0, 'D/C': 0, 'Recharge shaft': 0, 'LFB': 0, 'RFB': 0}","{'Floodlight': 0, 'Flood Light': 0, 'GAS': 0, 'FIFA': 0, 'pipe': 0, 'pipes': 0, 'covid': 0, 'supply': 0, 'Beautification': 0, 'Installation': 0}",Post-Monsoon,,False,False,Repair and Restoration,{'improvement': 2}
2026_CELBB_127770_2,MND-14 OF 2025-26 (Sl No-10-18),Protection to scoured bank on Mahanadi left near Nuadihi for the year 2026-27,Protection to scoured bank on Mahanadi left near Nuadihi for the year 2026-27,Works,National Competitive Bid,Percentage,Civil Works - Others,No,No,NA ,08-Apr-2026 10:00 AM,NA ,90.0,No ,No,Online,18-Apr-2026 11:30 AM,"CE-BM,LMB Basin,BBSR||SE, Eastern Circle,Cuttack||EE, Mahanadi North Division,Jagatpur",ATHAGARH,754021.0,1.0,"36,87,999",BISWAJIT SWAIN PROP. BINODINI ENTERPRISES,"3,687,999",Rejected-Finance,06-Aug-2026,"CE-BM,LMB Basin,BBSR||SE, Eastern Circle,Cuttack||EE, Mahanadi North Division,Jagatpur",True,"{'Flood': 0, 'Embankment': 0, 'embkt': 0, 'Relief': 0, 'Erosion': 0, 'SDRF': 0, 'Inundation': 0, 'Hydrology': 0, 'Silt': 0, 'Siltation': 0, 'Bund': 0, 'Trench': 0, 'Breach': 0, 'Culvert': 0, 'Sluice': 0, 'Dyke': 0, 'Storm water drain': 0, 'Emergency': 0, 'Immediate': 0, 'IM': 0, 'AE': 0, 'A E': 0, 'AAPDA MITRA': 0, 'flood': 0, 'Bridge': 0, 'River': 0, 'Drain': 0, 'Restoration': 0, 'Protection': 2, 'irr': 0, 'irrigation': 0, 'dam': 0, 'Nallah': 0, 'Retrofitting': 0, 'Pond': 0, 'Pokhari': 0, 'D/C': 0, 'Recharge shaft': 0, 'LFB': 0, 'RFB': 0}","{'Floodlight': 0, 'Flood Light': 0, 'GAS': 0, 'FIFA': 0, 'pipe': 0, 'pipes': 0, 'covid': 0, 'supply': 0, 'Beautification': 0, 'Installation': 0}",Pre-Monsoon,,False,False,Preparedness Measures,"{'Protection': 2, 'scoured': 2, 'Scoured bank': 2}"
2026_ORULB_132435_1,GUN-MUN-02/2026-27,"Construction of drain from Jagannath Temple to Ashram School and widening of the road in wared No,11","Construction of drain from Jagannath Temple to Ashram School and widening of the road in wared No,11",Works,Open Tender,Percentage,Civil Works - Others,No,No,NA ,20-Jun-2026 11:00 AM,NA ,90.0,No ,No,Online,29-Jun-2026 11:00 AM,Municipal Bodies||Gunupur Municipal Council,Gunupur Municipalty area,765022.0,1.0,"16,83,011",GANESH BAURI,"1,985,954",Rejected-AOC,24-Aug-2026,Municipal Bodies||Gunupur Municipal Council,True,"{'Flood': 0, 'Embankment': 0, 'embkt': 0, 'Relief': 0, 'Erosion': 0, 'SDRF': 0, 'Inundation': 0, 'Hydrology': 0, 'Silt': 0, 'Siltation': 0, 'Bund': 0, 'Trench': 0, 'Breach': 0, 'Culvert': 0, 'Sluice': 0, 'Dyke': 0, 'Storm water drain': 0, 'Emergency': 0, 'Immediate': 0, 'IM': 0, 'AE': 0, 'A E': 0, 'AAPDA MITRA': 0, 'flood': 0, 'Bridge': 0, 'River': 0, 'Drain': 2, 'Restoration': 0, 'Protection': 0, 'irr': 0, 'irrigation': 0, 'dam': 0, 'Nallah': 0, 'Retrofitting': 0, 'Pond': 0, 'Pokhari': 0, 'D/C': 0, 'Recharge shaft': 0, 'LFB': 0, 'RFB': 0}","{'Floodlight': 0, 'Flood Light': 0, 'GAS': 0, 'FIFA': 0, 'pipe': 0, 'pipes': 0, 'covid': 0, 'supply': 0, 'Beautification': 0, 'Installation': 0}",Monsoon,,False,True,Repair and Restoration,"{'widening': 2, 'Construction': 2, 'Drain': 2}"
2026_CEBBU_128572_1,SESID-02(05)/2026-27,Canal Work,Construction of both side protection wall and bed lining from RD 1819m to 1876m of Bansara Minor of Huma Tail Disty. for 2026-27.,Works,Open Tender,Percentage,Civil Works - Canal,No,No,NA ,29-Apr-2026 11:00 AM,NA ,90.0,No ,No,Online,11-May-2026 11:00 AM,"CE-BM,UM Basin,Burla||SE,Hirakud Dam Circle,Burla||EE,Sambalpur Irr.Divn,Burla",Sambalpur,768005.0,1.0,"8,47,454",AMBARISH PUROHIT,"847,454",Accepted-AOC,17-Aug-2026,"CE-BM,UM Basin,Burla||SE,Hirakud Dam Circle,Burla||EE,Sambalpur Irr.Divn,Burla",True,"{'Flood': 0, 'Embankment': 0, 'embkt': 0, 'Relief': 0, 'Erosion': 0, 'SDRF': 0, 'Inundation': 0, 'Hydrology': 0, 'Silt': 0, 'Siltation': 0, 'Bund': 0, 'Trench': 0, 'Breach': 0, 'Culvert': 0, 'Sluice': 0, 'Dyke': 0, 'Storm water drain': 0, 'Emergency': 0, 'Immediate': 0, 'IM': 0, 'AE': 0, 'A E': 0, 'AAPDA MITRA': 0, 'flood': 0, 'Bridge': 0, 'River': 0, 'Drain': 0, 'Restoration': 0, 'Protection': 1, 'irr': 0, 'irrigation': 0, 'dam': 0, 'Nallah': 0, 'Retrofitting': 0, 'Pond': 0, 'Pokhari': 0, 'D/C': 0, 'Recharge shaft': 0, 'LFB': 0, 'RFB': 0}","{'Floodlight': 0, 'Flood Light': 0, 'GAS': 0, 'FIFA': 0, 'pipe': 0, 'pipes': 0, 'covid': 0, 'supply': 0, 'Beautification': 0, 'Installation': 0}",Pre-Monsoon,,False,False,Repair and Restoration,{'Construction': 1}
2026_CEMWR_131371_1,SE/MDB-03(C)/W/2026-27,"Renovation of 2 nos HR gates and its hoist accessories and repair, maintenance of the walkway bridge of Mahinsanala MIP of Dasapalla Block under Superintending Engineer, Minor Irrigation Division, Nayagarh for the year 2026-27.","Renovation of 2 nos HR gates and its hoist accessories and repair, maintenance of the walkway bridge of Mahinsanala MIP of Dasapalla Block under Superintending Engineer, Minor Irrigation Division, Nayagarh for the year 2026-27.",Works,Open Tender,Percentage,Mechanical Works,No,No,NA ,08-Jun-2026 10:00 AM,NA ,90.0,No ,No,Online,18-Jun-2026 12:00 PM,Chief Engineer Mech - WR Bhubaneswar||SE Mechanical Circle Bhubaneswar||EE Mechanical Division Bhubaneswar,"Mahinsanala, Daspalla",752084.0,1.0,"7,78,493",LAXMIDHRA BHUYAN,"591,732.7",Accepted-AOC,06-Aug-2026,Chief Engineer Mech - WR Bhubaneswar||SE Mechanical Circle Bhubaneswar||EE Mechanical Division Bhubaneswar,True,"{'Flood': 0, 'Embankment': 0, 'embkt': 0, 'Relief': 0, 'Erosion': 0, 'SDRF': 0, 'Inundation': 0, 'Hydrology': 0, 'Silt': 0, 'Siltation': 0, 'Bund': 0, 'Trench': 0, 'Breach': 0, 'Culvert': 0, 'Sluice': 0, 'Dyke': 0, 'Storm water drain': 0, 'Emergency': 0, 'Immediate': 0, 'IM': 0, 'AE': 0, 'A E': 0, 'AAPDA MITRA': 0, 'flood': 0, 'Bridge': 2, 'River': 0, 'Drain': 0, 'Restoration': 0, 'Protection': 0, 'irr': 0, 'irrigation': 2, 'dam': 0, 'Nallah': 0, 'Retrofitting': 0, 'Pond': 0, 'Pokhari': 0, 'D/C': 0, 'Recharge shaft': 0, 'LFB': 0, 'RFB': 0}","{'Floodlight': 0, 'Flood Light': 0, 'GAS': 0, 'FIFA': 0, 'pipe': 0, 'pipes': 0, 'covid': 0, 'supply': 0, 'Beautification': 0, 'Installation': 0}",Monsoon,,False,True,Repair and Restoration,"{'repair': 2, 'renovation': 2, 'Bridge': 2}"
2025_ORULB_121012_23,EONM-02/2025-26,"Construction of Paver Block Road and Drain from Leprosy Colony towards PWD By Pass Road, Gadabaguda Ward No 13",CIVIL WORK,Works,Open Tender,Percentage,Civil Works - Others,No,No,NA ,11-Nov-2025 11:00 AM,NA ,180.0,No ,No,Online,28-Nov-2025 11:00 AM,Municipal Bodies||Nabarangpur Municipality,Nabarangpur Municipality,764059.0,1.0,"6,78,721",SANJAYA NAYAK,"678,042",Rejected-AOC,20-Aug-2026,Municipal Bodies||Nabarangpur Municipality,True,"{'Flood': 0, 'Embankment': 0, 'embkt': 0, 'Relief': 0, 'Erosion': 0, 'SDRF': 0, 'Inundation': 0, 'Hydrology': 0, 'Silt': 0, 'Siltation': 0, 'Bund': 0, 'Trench': 0, 'Breach': 0, 'Culvert': 0, 'Sluice': 0, 'Dyke': 0, 'Storm water drain': 0, 'Emergency': 0, 'Immediate': 0, 'IM': 0, 'AE': 0, 'A E': 0, 'AAPDA MITRA': 0, 'flood': 0, 'Bridge': 0, 'River': 0, 'Drain': 1, 'Restoration': 0, 'Protection': 0, 'irr': 0, 'irrigation': 0, 'dam': 0, 'Nallah': 0, 'Retrofitting': 0, 'Pond': 0, 'Pokhari': 0, 'D/C': 0, 'Recharge shaft': 0, 'LFB': 0, 'RFB': 0}","{'Floodlight': 0, 'Flood Light': 0, 'GAS': 0, 'FIFA': 0, 'pipe': 0, 'pipes': 0, 'covid': 0, 'supply': 0, 'Beautification': 0, 'Installation': 0}",Post-Monsoon,,False,True,Repair and Restoration,"{'Construction': 1, 'Drain': 1}"
2025_ORULB_114242_8,MC(CMC)CTC_Div-IIINo13/2025-26,Construction of RCC drain with cover slab Sri Sri Akhandalamani Temple to Das Babu res of Harijan Sahi Korapokhari in Ward No.46.,Construction of RCC drain with cover slab Sri Sri Akhandalamani Temple to Das Babu res of Harijan Sahi Korapokhari in Ward No.46.,Works,Open Tender,Percentage,Civil Works - Others,No,No,NA ,24-Jul-2025 04:00 PM,NA ,75.0,No ,No,Online,08-Aug-2025 10:00 AM,Municipal Bodies||Cuttack Municipal Corporation,CMC,753012.0,1.0,"10,45,691",SAMARJEET SWAIN,"888,942",Rejected-AOC,17-Aug-2026,Municipal Bodies||Cuttack Municipal Corporation,True,"{'Flood': 0, 'Embankment': 0, 'embkt': 0, 'Relief': 0, 'Erosion': 0, 'SDRF': 0, 'Inundation': 0, 'Hydrology': 0, 'Silt': 0, 'Siltation': 0, 'Bund': 0, 'Trench': 0, 'Breach': 0, 'Culvert': 0, 'Sluice': 0, 'Dyke': 0, 'Storm water drain': 0, 'Emergency': 0, 'Immediate': 0, 'IM': 0, 'AE': 0, 'A E': 0, 'AAPDA MITRA': 0, 'flood': 0, 'Bridge': 0, 'River': 0, 'Drain': 2, 'Restoration': 0, 'Protection': 0, 'irr': 0, 'irrigation': 0, 'dam': 0, 'Nallah': 0, 'Retrofitting': 0, 'Pond': 0, 'Pokhari': 0, 'D/C': 0, 'Recharge shaft': 0, 'LFB': 0, 'RFB': 0}","{'Floodlight': 0, 'Flood Light': 0, 'GAS': 0, 'FIFA': 0, 'pipe': 0, 'pipes': 0, 'covid': 0, 'supply': 0, 'Beautification': 0, 'Installation': 0}",Monsoon,,False,True,Repair and Restoration,"{'Construction': 2, 'Drain': 2}"
2026_CERWI_125262_2,ONLINE TENDER 07/ RWD-II/2025-26,Repair to H.L bridge over river Brutanga on NH-57 (Banigochha) to Dasanipada for the year 2025-26,Road works,Works,Open Tender,Percentage,Civil Works - Roads,No,No,NA ,31-Jan-2026 12:00 PM,NA ,90.0,No ,No,Online,07-Feb-2026 05:30 PM,CE RW I||RWCIRCLE-BHUBANESWAR||RW Division Nayagarh-II,NAYAGARH,752069.0,1.0,"2,73,000",SANJEET KUMAR BEHERA,"170,741",Rejected-Finance,10-Aug-2026,CE RW I||RWCIRCLE-BHUBANESWAR||RW Division Nayagarh-II,True,"{'Flood': 0, 'Embankment': 0, 'embkt': 0, 'Relief': 0, 'Erosion': 0, 'SDRF': 0, 'Inundation': 0, 'Hydrology': 0, 'Silt': 0, 'Siltation': 0, 'Bund': 0, 'Trench': 0, 'Breach': 0, 'Culvert': 0, 'Sluice': 0, 'Dyke': 0, 'Storm water drain': 0, 'Emergency': 0, 'Immediate': 0, 'IM': 0, 'AE': 0, 'A E': 0, 'AAPDA MITRA': 0, 'flood': 0, 'Bridge': 1, 'River': 1, 'Drain': 0, 'Restoration': 0, 'Protection': 0, 'irr': 0, 'irrigation': 0, 'dam': 0, 'Nallah': 0, 'Retrofitting': 0, 'Pond': 0, 'Pokhari': 0, 'D/C': 0, 'Recharge shaft': 0, 'LFB': 0, 'RFB': 0}","{'Floodlight': 0, 'Flood Light': 0, 'GAS': 0, 'FIFA': 0, 'pipe': 0, 'pipes': 0, 'covid': 0, 'supply': 0, 'Beautification': 0, 'Installation': 0}",Post-Monsoon,,False,True,Repair and Restoration,"{'repair': 1, 'Bridge': 1}"
2025_CERWI_119077_1,RWCCESNG-15 of 2025-26,Construction of Bridge over Local Nallah on Sialrama to Sarasmal PS Road in the District of Jharsuguda under SBY for the year 2024-25.,Construction of Bridge over Local Nallah on Sialrama to Sarasmal PS Road in the District of Jharsuguda under SBY for the year 2024-25.,Works,National Competitive Bid,Percentage,Civil Works - Bridges,No,No,NA ,09-Oct-2025 11:00 AM,NA ,90.0,No ,No,Online,24-Oct-2025 11:00 AM,CE RW I||RW-CIRCLE-SUNDARGARH,Jharsuguda,768204.0,2.0,"2,15,81,414",SMITA PRIYADARSINI PATEL,"18,346,360.31",Rejected-Finance,11-Aug-2026,CE RW I||RW-CIRCLE-SUNDARGARH,True,"{'Flood': 0, 'Embankment': 0, 'embkt': 0, 'Relief': 0, 'Erosion': 0, 'SDRF': 0, 'Inundation': 0, 'Hydrology': 0, 'Silt': 0, 'Siltation': 0, 'Bund': 0, 'Trench': 0, 'Breach': 0, 'Culvert': 0, 'Sluice': 0, 'Dyke': 0, 'Storm water drain': 0, 'Emergency': 0, 'Immediate': 0, 'IM': 0, 'AE': 0, 'A E': 0, 'AAPDA MITRA': 0, 'flood': 0, 'Bridge': 2, 'River': 0, 'Drain': 0, 'Restoration': 0, 'Protection': 0, 'irr': 0, 'irrigation': 0, 'dam': 0, 'Nallah': 2, 'Retrofitting': 0, 'Pond': 0, 'Pokhari': 0, 'D/C': 0, 'Recharge shaft': 0, 'LFB': 0, 'RFB': 0}","{'Floodlight': 0, 'Flood Light': 0, 'GAS': 0, 'FIFA': 0, 'pipe': 0, 'pipes': 0, 'covid': 0, 'supply': 0, 'Beautification': 0, 'Installation': 0}",Post-Monsoon,,False,True,Repair and Restoration,"{'Construction': 2, 'Bridge': 2}"
2026_CELBB_127770_3,MND-14 OF 2025-26 (Sl No-10-18),Restoration to Scoured bank on Mahandi Left near village Kandha from RD 570 m to 700 m for the year 2026-27,Restoration to Scoured bank on Mahandi Left near village Kandha from RD 570 m to 700 m for the year 2026-27,Works,National Competitive Bid,Percentage,Civil Works - Others,No,No,NA ,08-Apr-2026 10:00 AM,NA ,90.0,No ,No,Online,18-Apr-2026 11:30 AM,"CE-BM,LMB Basin,BBSR||SE, Eastern Circle,Cuttack||EE, Mahanadi North Division,Jagatpur",ATHAGARH,754021.0,1.0,"42,16,430",DIPTIRANJAN CHOUDHURY,"4,216,430",Rejected-Finance,06-Aug-2026,"CE-BM,LMB Basin,BBSR||SE, Eastern Circle,Cuttack||EE, Mahanadi North Division,Jagatpur",True,"{'Flood': 0, 'Embankment': 0, 'embkt': 0, 'Relief': 0, 'Erosion': 0, 'SDRF': 0, 'Inundation': 0, 'Hydrology': 0, 'Silt': 0, 'Siltation': 0, 'Bund': 0, 'Trench': 0, 'Breach': 0, 'Culvert': 0, 'Sluice': 0, 'Dyke': 0, 'Storm water drain': 0, 'Emergency': 0, 'Immediate': 0, 'IM': 0, 'AE': 0, 'A E': 0, 'AAPDA MITRA': 0, 'flood': 0, 'Bridge': 0, 'River': 0, 'Drain': 0, 'Restoration': 2, 'Protection': 0, 'irr': 0, 'irrigation': 0, 'dam': 0, 'Nallah': 0, 'Retrofitting': 0, 'Pond': 0, 'Pokhari': 0, 'D/C': 0, 'Recharge shaft': 0, 'LFB': 0, 'RFB': 0}","{'Floodlight': 0, 'Flood Light': 0, 'GAS': 0, 'FIFA': 0, 'pipe': 0, 'pipes': 0, 'covid': 0, 'supply': 0, 'Beautification': 0, 'Installation': 0}",Pre-Monsoon,,False,False,Repair and Restoration,{'restoration': 2}
2026_CERWI_132900_1,02 of 2026-27,"Repair to bridge over Kantia nallah on Iswara-Chunupada Uansadiha road_Road_Parapet repairing ,painting, BUSG and PMC, SC_0.000 to 0.480","Repair to bridge over Kantia nallah on Iswara-Chunupada Uansadiha road_Road_Parapet repairing ,painting, BUSG and PMC, SC_0.000 to 0.480",Works,Open Tender,Percentage,Miscellaneous Works,No,No,NA ,25-Jun-2026 11:00 AM,NA ,90.0,No ,No,Online,08-Jul-2026 11:30 AM,CE RW I||RWCIRCLE-CUTTACK||RWDIVISION-CUTTACK-II,Cuttack,753004.0,1.0,"6,12,629",AKSHAYA KUMAR SAHOO,"612,629",Accepted-AOC,11-Aug-2026,CE RW I||RWCIRCLE-CUTTACK||RWDIVISION-CUTTACK-II,True,"{'Flood': 0, 'Embankment': 0, 'embkt': 0, 'Relief': 0, 'Erosion': 0, 'SDRF': 0, 'Inundation': 0, 'Hydrology': 0, 'Silt': 0, 'Siltation': 0, 'Bund': 0, 'Trench': 0, 'Breach': 0, 'Culvert': 0, 'Sluice': 0, 'Dyke': 0, 'Storm water drain': 0, 'Emergency': 0, 'Immediate': 0, 'IM': 0, 'AE': 0, 'A E': 0, 'AAPDA MITRA': 0, 'flood': 0, 'Bridge': 2, 'River': 0, 'Drain': 0, 'Restoration': 0, 'Protection': 0, 'irr': 0, 'irrigation': 0, 'dam': 0, 'Nallah': 2, 'Retrofitting': 0, 'Pond': 0, 'Pokhari': 0, 'D/C': 0, 'Recharge shaft': 0, 'LFB': 0, 'RFB': 0}","{'Floodlight': 0, 'Flood Light': 0, 'GAS': 0, 'FIFA': 0, 'pipe': 0, 'pipes': 0, 'covid': 0, 'supply': 0, 'Beautification': 0, 'Installation': 0}",Monsoon,,False,True,Repair and Restoration,"{'repair': 2, 'repairing': 2, 'Bridge': 2}"
2025_CEBBS_118895_15,SERID-RKL-04/2025-26,Cement concrete lining at RD 2830m and RD 3300m of Babunuagaon Minor of Rukura Irrigation Project,Cement concrete lining at RD 2830m and RD 3300m of Babunuagaon Minor of Rukura Irrigation Project,Works,Open Tender,Percentage,Civil Works - Canal,No,No,NA ,04-Oct-2025 10:00 AM,NA ,90.0,No ,No,Online,15-Oct-2025 11:00 AM,CE and BM Brahmani Basin Samal||APD cum CCE RIP Samal||Rourkela Irrigation Division Rourkela,Bonai,770038.0,1.0,"8,43,067",Nirmal Kumar Muduli,"716,692.09",Rejected-AOC,07-Aug-2026,CE and BM Brahmani Basin Samal||APD cum CCE RIP Samal||Rourkela Irrigation Division Rourkela,True,"{'Flood': 0, 'Embankment': 0, 'embkt': 0, 'Relief': 0, 'Erosion': 0, 'SDRF': 0, 'Inundation': 0, 'Hydrology': 0, 'Silt': 0, 'Siltation': 0, 'Bund': 0, 'Trench': 0, 'Breach': 0, 'Culvert': 0, 'Sluice': 0, 'Dyke': 0, 'Storm water drain': 0, 'Emergency': 0, 'Immediate': 0, 'IM': 0, 'AE': 0, 'A E': 0, 'AAPDA MITRA': 0, 'flood': 0, 'Bridge': 0, 'River': 0, 'Drain': 0, 'Restoration': 0, 'Protection': 0, 'irr': 0, 'irrigation': 2, 'dam': 0, 'Nallah': 0, 'Retrofitting': 0, 'Pond': 0, 'Pokhari': 0, 'D/C': 0, 'Recharge shaft': 0, 'LFB': 0, 'RFB': 0}","{'Floodlight': 0, 'Flood Light': 0, 'GAS': 0, 'FIFA': 0, 'pipe': 0, 'pipes': 0, 'covid': 0, 'supply': 0, 'Beautification': 0, 'Installation': 0}",Post-Monsoon,,False,False,Others,
2026_ORULB_126671_35,EO/RGP/07 of 2025-26,Construction of Subash Chowk Culvert and Drain near UCO bank at Ward no. 04,Construction of Subash Chowk Culvert and Drain near UCO bank at Ward no. 04,Works,Open Tender,Percentage,Civil Works - Others,No,No,NA ,27-Feb-2026 11:00 AM,NA ,90.0,No ,No,Online,13-Mar-2026 11:00 AM,Municipal Bodies||Rajgangpur Municipality,Rajgangpur Municipality,770017.0,1.0,"8,00,000",AMIYA RANJAN DAS,"800,000",Accepted-AOC,17-Aug-2026,Municipal Bodies||Rajgangpur Municipality,True,"{'Flood': 0, 'Embankment': 0, 'embkt': 0, 'Relief': 0, 'Erosion': 0, 'SDRF': 0, 'Inundation': 0, 'Hydrology': 0, 'Silt': 0, 'Siltation': 0, 'Bund': 0, 'Trench': 0, 'Breach': 0, 'Culvert': 2, 'Sluice': 0, 'Dyke': 0, 'Storm water drain': 0, 'Emergency': 0, 'Immediate': 0, 'IM': 0, 'AE': 0, 'A E': 0, 'AAPDA MITRA': 0, 'flood': 0, 'Bridge': 0, 'River': 0, 'Drain': 2, 'Restoration': 0, 'Protection': 0, 'irr': 0, 'irrigation': 0, 'dam': 0, 'Nallah': 0, 'Retrofitting': 0, 'Pond': 0, 'Pokhari': 0, 'D/C': 0, 'Recharge shaft': 0, 'LFB': 0, 'RFB': 0}","{'Floodlight': 0, 'Flood Light': 0, 'GAS': 0, 'FIFA': 0, 'pipe': 0, 'pipes': 0, 'covid': 0, 'supply': 0, 'Beautification': 0, 'Installation': 0}",Post-Monsoon,,False,True,Repair and Restoration,"{'Construction': 2, 'Drain': 2}"
2025_ORULB_121427_50,PIPILI-NAC-5(71)/2025-26,Construction of Drain from Singhi Sahi towards Canal Bandha in Ward No 08 (Bhubanananda Tank),Construction of Drain from Singhi Sahi towards Canal Bandha in Ward No 08 (Bhubanananda Tank),Works,Open Tender,Percentage,Civil Works - Roads,No,No,NA ,27-Nov-2025 12:00 PM,NA ,90.0,No ,No,Online,09-Dec-2025 11:00 AM,Municipal Bodies||Pipli NAC,Pipli NAC,752104.0,1.0,"11,01,729",Mirza Nausad Alli Baig,"1,101,695.78",Rejected-AOC,04-Aug-2026,Municipal Bodies||Pipli NAC,True,"{'Flood': 0, 'Embankment': 0, 'embkt': 0, 'Relief': 0, 'Erosion': 0, 'SDRF': 0, 'Inundation': 0, 'Hydrology': 0, 'Silt': 0, 'Siltation': 0, 'Bund': 0, 'Trench': 0, 'Breach': 0, 'Culvert': 0, 'Sluice': 0, 'Dyke': 0, 'Storm water drain': 0, 'Emergency': 0, 'Immediate': 0, 'IM': 0, 'AE': 0, 'A E': 0, 'AAPDA MITRA': 0, 'flood': 0, 'Bridge': 0, 'River': 0, 'Drain': 2, 'Restoration': 0, 'Protection': 0, 'irr': 0, 'irrigation': 0, 'dam': 0, 'Nallah': 0, 'Retrofitting': 0, 'Pond': 0, 'Pokhari': 0, 'D/C': 0, 'Recharge shaft': 0, 'LFB': 0, 'RFB': 0}","{'Floodlight': 0, 'Flood Light': 0, 'GAS': 0, 'FIFA': 0, 'pipe': 0, 'pipes': 0, 'covid': 0, 'supply': 0, 'Beautification': 0, 'Installation': 0}",Post-Monsoon,,False,True,Repair and Restoration,"{'Construction': 2, 'Drain': 2}"
2026_CERWI_129283_1,RWCCESNG-02 of 2026-27,Construction of H.L. bridge over Local nallah on Bhimjore to Kheriakani PS road under SBY in the District of Jharsuguda for the year 2025-26,Construction of H.L. bridge over Local nallah on Bhimjore to Kheriakani PS road under SBY in the District of Jharsuguda for the year 2025-26,Works,National Competitive Bid,Percentage,Civil Works - Bridges,No,No,NA ,14-May-2026 11:00 AM,NA ,90.0,No ,No,Online,30-May-2026 11:00 AM,CE RW I||RW-CIRCLE-SUNDARGARH,Jharsuguda,768204.0,2.0,"3,29,83,197",GIRIDHARI DASH,"32,983,196.934",Rejected-Finance,13-Aug-2026,CE RW I||RW-CIRCLE-SUNDARGARH,True,"{'Flood': 0, 'Embankment': 0, 'embkt': 0, 'Relief': 0, 'Erosion': 0, 'SDRF': 0, 'Inundation': 0, 'Hydrology': 0, 'Silt': 0, 'Siltation': 0, 'Bund': 0, 'Trench': 0, 'Breach': 0, 'Culvert': 0, 'Sluice': 0, 'Dyke': 0, 'Storm water drain': 0, 'Emergency': 0, 'Immediate': 0, 'IM': 0, 'AE': 0, 'A E': 0, 'AAPDA MITRA': 0, 'flood': 0, 'Bridge': 2, 'River': 0, 'Drain': 0, 'Restoration': 0, 'Protection': 0, 'irr': 0, 'irrigation': 0, 'dam': 0, 'Nallah': 2, 'Retrofitting': 0, 'Pond': 0, 'Pokhari': 0, 'D/C': 0, 'Recharge shaft': 0, 'LFB': 0, 'RFB': 0}","{'Floodlight': 0, 'Flood Light': 0, 'GAS': 0, 'FIFA': 0, 'pipe': 0, 'pipes': 0, 'covid': 0, 'supply': 0, 'Beautification': 0, 'Installation': 0}",Pre-Monsoon,,False,True,Repair and Restoration,"{'Construction': 2, 'Bridge': 2}"
2025_CELBB_116656_9,e PROCUREMENT TENDER CALL NOTICE NO. PID02OF202526,"PID-99, Restoration to road on Southkania left embankment from RD 16.310 km to 17.160 km (Village Dharanikudi to Naharabali)",Restoration to road on Southkania left embankment from RD 16.310 km to 17.160 km (Village Dharanikudi to Naharabali),Works,Open Tender,Percentage,Civil Works - Others,No,No,NA ,11-Aug-2025 10:30 AM,NA ,90.0,No ,No,Online,26-Aug-2025 11:00 AM,"CE-BM,LMB Basin,BBSR||SE, Central Irr.Circle, BBSR||EE,Puri Irr Division,Puri",PURI,752003.0,1.0,"31,93,110",JYOTIPRASAD MAJHI,"2,714,463",Rejected-Finance,20-Nov-2025,"CE-BM,LMB Basin,BBSR||SE, Central Irr.Circle, BBSR||EE,Puri Irr Division,Puri",True,"{'Flood': 0, 'Embankment': 2, 'embkt': 0, 'Relief': 0, 'Erosion': 0, 'SDRF': 0, 'Inundation': 0, 'Hydrology': 0, 'Silt': 0, 'Siltation': 0, 'Bund': 0, 'Trench': 0, 'Breach': 0, 'Culvert': 0, 'Sluice': 0, 'Dyke': 0, 'Storm water drain': 0, 'Emergency': 0, 'Immediate': 0, 'IM': 0, 'AE': 0, 'A E': 0, 'AAPDA MITRA': 0, 'flood': 0, 'Bridge': 0, 'River': 0, 'Drain': 0, 'Restoration': 2, 'Protection': 0, 'irr': 0, 'irrigation': 0, 'dam': 0, 'Nallah': 0, 'Retrofitting': 0, 'Pond': 0, 'Pokhari': 0, 'D/C': 0, 'Recharge shaft': 0, 'LFB': 0, 'RFB': 0}","{'Floodlight': 0, 'Flood Light': 0, 'GAS': 0, 'FIFA': 0, 'pipe': 0, 'pipes': 0, 'covid': 0, 'supply': 0, 'Beautification': 0, 'Installation': 0}",Monsoon,,False,True,Repair and Restoration,{'restoration': 2}
2025_CELBB_120208_27,MND-11 OF 2025-26,"Slope protection on Sana Genguti right embankment near village Ulluri, Purusottampur and Jagannathpur for the year 2025-26","Slope protection on Sana Genguti right embankment near village Ulluri, Purusottampur and Jagannathpur for the year 2025-26",Works,National Competitive Bid,Percentage,Civil Works - Others,No,No,NA ,29-Oct-2025 10:00 AM,NA ,90.0,No ,No,Online,10-Nov-2025 11:30 AM,"CE-BM,LMB Basin,BBSR||SE, Eastern Circle,Cuttack||EE, Mahanadi North Division,Jagatpur",NURTANG,754021.0,1.0,"33,64,492",Tirtha Ranjan Nayak,"2,860,155",Rejected-AOC,12-Aug-2026,"CE-BM,LMB Basin,BBSR||SE, Eastern Circle,Cuttack||EE, Mahanadi North Division,Jagatpur",True,"{'Flood': 0, 'Embankment': 2, 'embkt': 0, 'Relief': 0, 'Erosion': 0, 'SDRF': 0, 'Inundation': 0, 'Hydrology': 0, 'Silt': 0, 'Siltation': 0, 'Bund': 0, 'Trench': 0, 'Breach': 0, 'Culvert': 0, 'Sluice': 0, 'Dyke': 0, 'Storm water drain': 0, 'Emergency': 0, 'Immediate': 0, 'IM': 0, 'AE': 0, 'A E': 0, 'AAPDA MITRA': 0, 'flood': 0, 'Bridge': 0, 'River': 0, 'Drain': 0, 'Restoration': 0, 'Protection': 2, 'irr': 0, 'irrigation': 0, 'dam': 0, 'Nallah': 0, 'Retrofitting': 0, 'Pond': 0, 'Pokhari': 0, 'D/C': 0, 'Recharge shaft': 0, 'LFB': 0, 'RFB': 0}","{'Floodlight': 0, 'Flood Light': 0, 'GAS': 0, 'FIFA': 0, 'pipe': 0, 'pipes': 0, 'covid': 0, 'supply': 0, 'Beautification': 0, 'Installation': 0}",Post-Monsoon,,False,True,Preparedness Measures,{'Protection': 2}
2026_ORULB_128206_2,BPM/02/2026-27,Construction of C.C drain near Surendra Rajguru House in ward No-01,Construction of C.C drain near Surendra Rajguru House in ward No-01,Works,Open Tender,Percentage,Civil Works - Others,No,No,NA ,18-Apr-2026 11:00 AM,NA ,90.0,No ,No,Online,28-Apr-2026 05:30 PM,Municipal Bodies||Bhawanipatna Municipality,BHAWANIPATNA MUNICIPALITY,766001.0,1.0,"6,10,171",NILAKANTHA SAHU,"427,185.86",Rejected-Finance,29-Aug-2026,Municipal Bodies||Bhawanipatna Municipality,True,"{'Flood': 0, 'Embankment': 0, 'embkt': 0, 'Relief': 0, 'Erosion': 0, 'SDRF': 0, 'Inundation': 0, 'Hydrology': 0, 'Silt': 0, 'Siltation': 0, 'Bund': 0, 'Trench': 0, 'Breach': 0, 'Culvert': 0, 'Sluice': 0, 'Dyke': 0, 'Storm water drain': 0, 'Emergency': 0, 'Immediate': 0, 'IM': 0, 'AE': 0, 'A E': 0, 'AAPDA MITRA': 0, 'flood': 0, 'Bridge': 0, 'River': 0, 'Drain': 2, 'Restoration': 0, 'Protection': 0, 'irr': 0, 'irrigation': 0, 'dam': 0, 'Nallah': 0, 'Retrofitting': 0, 'Pond': 0, 'Pokhari': 0, 'D/C': 0, 'Recharge shaft': 0, 'LFB': 0, 'RFB': 0}","{'Floodlight': 0, 'Flood Light': 0, 'GAS': 0, 'FIFA': 0, 'pipe': 0, 'pipes': 0, 'covid': 0, 'supply': 0, 'Beautification': 0, 'Installation': 0}",Pre-Monsoon,,False,True,Repair and Restoration,"{'Construction': 2, 'Drain': 2}"
2025_CELBB_120208_33,MND-11 OF 2025-26,Restoration to scoured bank at RD 3.040 Km on Karandia left embankment for the year 2025-26,Restoration to scoured bank at RD 3.040 Km on Karandia left embankment for the year 2025-26,Works,National Competitive Bid,Percentage,Civil Works - Others,No,No,NA ,29-Oct-2025 10:00 AM,NA ,90.0,No ,No,Online,10-Nov-2025 11:30 AM,"CE-BM,LMB Basin,BBSR||SE, Eastern Circle,Cuttack||EE, Mahanadi North Division,Jagatpur",PUNDALO,754021.0,1.0,"37,91,318",somanath swain,"3,223,000",Rejected-Finance,13-Aug-2026,"CE-BM,LMB Basin,BBSR||SE, Eastern Circle,Cuttack||EE, Mahanadi North Division,Jagatpur",True,"{'Flood': 0, 'Embankment': 2, 'embkt': 0, 'Relief': 0, 'Erosion': 0, 'SDRF': 0, 'Inundation': 0, 'Hydrology': 0, 'Silt': 0, 'Siltation': 0, 'Bund': 0, 'Trench': 0, 'Breach': 0, 'Culvert': 0, 'Sluice': 0, 'Dyke': 0, 'Storm water drain': 0, 'Emergency': 0, 'Immediate': 0, 'IM': 0, 'AE': 0, 'A E': 0, 'AAPDA MITRA': 0, 'flood': 0, 'Bridge': 0, 'River': 0, 'Drain': 0, 'Restoration': 2, 'Protection': 0, 'irr': 0, 'irrigation': 0, 'dam': 0, 'Nallah': 0, 'Retrofitting': 0, 'Pond': 0, 'Pokhari': 0, 'D/C': 0, 'Recharge shaft': 0, 'LFB': 0, 'RFB': 0}","{'Floodlight': 0, 'Flood Light': 0, 'GAS': 0, 'FIFA': 0, 'pipe': 0, 'pipes': 0, 'covid': 0, 'supply': 0, 'Beautification': 0, 'Installation': 0}",Post-Monsoon,,False,True,Repair and Restoration,{'restoration': 2}
2025_ORULB_116950_15,RN_03_2025-26,Construction of R.C.C drain from Gudi Biswanath Mandir to Sarat Das house in Ward No. 01 under Remuna NAC.,works,Works,Open Tender,Percentage,Civil Works - Roads,No,No,NA ,18-Aug-2025 11:00 AM,NA ,120.0,No ,No,Online,08-Sep-2025 11:00 AM,Municipal Bodies||Remuna NAC,Remuna NAC,756019.0,1.0,"4,18,531",BHASKARA TUNGA,"418,531",Accepted-AOC,13-Aug-2026,Municipal Bodies||Remuna NAC,True,"{'Flood': 0, 'Embankment': 0, 'embkt': 0, 'Relief': 0, 'Erosion': 0, 'SDRF': 0, 'Inundation': 0, 'Hydrology': 0, 'Silt': 0, 'Siltation': 0, 'Bund': 0, 'Trench': 0, 'Breach': 0, 'Culvert': 0, 'Sluice': 0, 'Dyke': 0, 'Storm water drain': 0, 'Emergency': 0, 'Immediate': 0, 'IM': 0, 'AE': 0, 'A E': 0, 'AAPDA MITRA': 0, 'flood': 0, 'Bridge': 0, 'River': 0, 'Drain': 1, 'Restoration': 0, 'Protection': 0, 'irr': 0, 'irrigation': 0, 'dam': 0, 'Nallah': 0, 'Retrofitting': 0, 'Pond': 0, 'Pokhari': 0, 'D/C': 0, 'Recharge shaft': 0, 'LFB': 0, 'RFB': 0}","{'Floodlight': 0, 'Flood Light': 0, 'GAS': 0, 'FIFA': 0, 'pipe': 0, 'pipes': 0, 'covid': 0, 'supply': 0, 'Beautification': 0, 'Installation': 0}",Monsoon,,False,True,Repair and Restoration,"{'Construction': 1, 'Drain': 1}"
2026_CEMIB_124558_27,BID IDENTIFICATION NO_SEMIDN_14_OF2025_26,Improvement to Khandishi-II Check Dam in Ranpur Block of Nayagarh district under Improvement to Check Dam grant for the year 2025-26.,Improvement to Khandishi-II Check Dam in Ranpur Block of Nayagarh district under Improvement to Check Dam grant for the year 2025-26.,Works,National Competitive Bid,Percentage,Civil Works - Others,No,No,NA ,14-Jan-2026 10:00 AM,NA ,90.0,No ,No,Online,21-Jan-2026 11:00 AM,"CE,Minor Irrigation,BBSR||SECMIC-BHUBANESWAR||EE MI Divn. Nayagarh",SUPERINTENDING ENGINEER M I DIVISION NAYAGARH,752070.0,1.0,,JAYAKRISHNA GURU,"529,812.12",Rejected-AOC,14-Aug-2026,"CE,Minor Irrigation,BBSR||SECMIC-BHUBANESWAR||EE MI Divn. Nayagarh",True,"{'Flood': 0, 'Embankment': 0, 'embkt': 0, 'Relief': 0, 'Erosion': 0, 'SDRF': 0, 'Inundation': 0, 'Hydrology': 0, 'Silt': 0, 'Siltation': 0, 'Bund': 0, 'Trench': 0, 'Breach': 0, 'Culvert': 0, 'Sluice': 0, 'Dyke': 0, 'Storm water drain': 0, 'Emergency': 0, 'Immediate': 0, 'IM': 0, 'AE': 0, 'A E': 0, 'AAPDA MITRA': 0, 'flood': 0, 'Bridge': 0, 'River': 0, 'Drain': 0, 'Restoration': 0, 'Protection': 0, 'irr': 0, 'irrigation': 0, 'dam': 4, 'Nallah': 0, 'Retrofitting': 0, 'Pond': 0, 'Pokhari': 0, 'D/C': 0, 'Recharge shaft': 0, 'LFB': 0, 'RFB': 0}","{'Floodlight': 0, 'Flood Light': 0, 'GAS': 0, 'FIFA': 0, 'pipe': 0, 'pipes': 0, 'covid': 0, 'supply': 0, 'Beautification': 0, 'Installation': 0}",Post-Monsoon,,False,False,Repair and Restoration,"{'improvement': 4, 'Check Dam': 4}"
2025_ORULB_117505_11,CHM-02/2025-2026,"Construction of paver road, Rcc drain with cover slab from Mangala sahi chhak to pratap Sahoo house in Ward no -3 of choudwar municipality","Construction of paver road, Rcc drain with cover slab from Mangala sahi chhak to pratap Sahoo house in Ward no -3 of choudwar municipality",Works,Open Tender,Percentage,Civil Works - Roads,No,No,NA ,06-Sep-2025 11:00 AM,NA ,60.0,No ,No,Online,22-Sep-2025 11:00 AM,Municipal Bodies||Choudwar Municipality,Choudwar Municipality,754071.0,1.0,"5,27,586","BHABAGRAHI SAHOO, PROP-M/S MAA TARINI STORE","527,586",Rejected-Finance,28-Aug-2026,Municipal Bodies||Choudwar Municipality,True,"{'Flood': 0, 'Embankment': 0, 'embkt': 0, 'Relief': 0, 'Erosion': 0, 'SDRF': 0, 'Inundation': 0, 'Hydrology': 0, 'Silt': 0, 'Siltation': 0, 'Bund': 0, 'Trench': 0, 'Breach': 0, 'Culvert': 0, 'Sluice': 0, 'Dyke': 0, 'Storm water drain': 0, 'Emergency': 0, 'Immediate': 0, 'IM': 0, 'AE': 0, 'A E': 0, 'AAPDA MITRA': 0, 'flood': 0, 'Bridge': 0, 'River': 0, 'Drain': 2, 'Restoration': 0, 'Protection': 0, 'irr': 0, 'irrigation': 0, 'dam': 0, 'Nallah': 0, 'Retrofitting': 0, 'Pond': 0, 'Pokhari': 0, 'D/C': 0, 'Recharge shaft': 0, 'LFB': 0, 'RFB': 0}","{'Floodlight': 0, 'Flood Light': 0, 'GAS': 0, 'FIFA': 0, 'pipe': 0, 'pipes': 0, 'covid': 0, 'supply': 0, 'Beautification': 0, 'Installation': 0}",Monsoon,,False,True,Repair and Restoration,"{'Construction': 2, 'Drain': 2}"
2026_SEHDP_134615_4,e-Procurement Notice No.SE-HID(NSPR)-04/2026-27,"SEHID (NSPR)-04(04)/2026-27 Ground leveling of playground and Construction of swerage system at R and R Colony of Hadua Irrigation Project, Narasinghpur.",Ground leveling of playground and Construction of swerage system,Works,Open Tender,Percentage,Civil Works - Buildings,No,No,NA ,07-Jul-2026 11:00 AM,NA ,90.0,No ,No,Online,20-Jul-2026 11:00 AM,CCE Brutang and Hadua Irrigation Project Dasapalla||SE Hadua Division Narasinghapur,Narasinghpur,754032.0,1.0,"26,65,154",USHARANI SAHOO,"2,665,154.11",Rejected-AOC,17-Aug-2026,CCE Brutang and Hadua Irrigation Project Dasapalla||SE Hadua Division Narasinghapur,True,"{'Flood': 0, 'Embankment': 0, 'embkt': 0, 'Relief': 0, 'Erosion': 0, 'SDRF': 0, 'Inundation': 0, 'Hydrology': 0, 'Silt': 0, 'Siltation': 0, 'Bund': 0, 'Trench': 0, 'Breach': 0, 'Culvert': 0, 'Sluice': 0, 'Dyke': 0, 'Storm water drain': 0, 'Emergency': 0, 'Immediate': 0, 'IM': 0, 'AE': 0, 'A E': 0, 'AAPDA MITRA': 0, 'flood': 0, 'Bridge': 0, 'River': 0, 'Drain': 0, 'Restoration': 0, 'Protection': 0, 'irr': 0, 'irrigation': 1, 'dam': 0, 'Nallah': 0, 'Retrofitting': 0, 'Pond': 0, 'Pokhari': 0, 'D/C': 0, 'Recharge shaft': 0, 'LFB': 0, 'RFB': 0}","{'Floodlight': 0, 'Flood Light': 0, 'GAS': 0, 'FIFA': 0, 'pipe': 0, 'pipes': 0, 'covid': 0, 'supply': 0, 'Beautification': 0, 'Installation': 0}",Monsoon,,False,False,Repair and Restoration,{'Construction': 2}
2026_EICCL_132354_1,NIT 07 of 2026 27,Construction of internal RCC drain in peripherial campus (Building) at CHC Gurundia under Non Plan for the year 2026-27.,Construction of internal RCC drain in peripherial campus (Building) at CHC Gurundia under Non Plan for the year 2026-27.,Works,Open Tender,Percentage,Civil Works - Buildings,No,No,NA ,19-Jun-2026 10:00 AM,NA ,90.0,No ,No,Online,02-Jul-2026 11:00 AM,EIC-CIVIL||SERNB-CIRCLE-KEONJHAR||EERNB-DIVN-ROURKELA,Sundergarh,769012.0,1.0,"49,32,320",SUBHALAGNA CONSTRUCTION,"4,917,523",Rejected-AOC,17-Aug-2026,EIC-CIVIL||SERNB-CIRCLE-KEONJHAR||EERNB-DIVN-ROURKELA,True,"{'Flood': 0, 'Embankment': 0, 'embkt': 0, 'Relief': 0, 'Erosion': 0, 'SDRF': 0, 'Inundation': 0, 'Hydrology': 0, 'Silt': 0, 'Siltation': 0, 'Bund': 0, 'Trench': 0, 'Breach': 0, 'Culvert': 0, 'Sluice': 0, 'Dyke': 0, 'Storm water drain': 0, 'Emergency': 0, 'Immediate': 0, 'IM': 0, 'AE': 0, 'A E': 0, 'AAPDA MITRA': 0, 'flood': 0, 'Bridge': 0, 'River': 0, 'Drain': 2, 'Restoration': 0, 'Protection': 0, 'irr': 0, 'irrigation': 0, 'dam': 0, 'Nallah': 0, 'Retrofitting': 0, 'Pond': 0, 'Pokhari': 0, 'D/C': 0, 'Recharge shaft': 0, 'LFB': 0, 'RFB': 0}","{'Floodlight': 0, 'Flood Light': 0, 'GAS': 0, 'FIFA': 0, 'pipe': 0, 'pipes': 0, 'covid': 0, 'supply': 0, 'Beautification': 0, 'Installation': 0}",Monsoon,,False,True,Repair and Restoration,"{'Construction': 2, 'Drain': 2}"
2026_ORULB_129955_8,TCRM-04/2026-27,Const. of CC road and CC drain from Maruwadi patti to Moharana Sahi in W.No.7,Const. of CC road and CC drain from Maruwadi patti to Moharana Sahi in W.No.7,Works,Open Tender,Percentage,Civil Works - Others,No,No,NA ,29-May-2026 04:00 PM,NA ,120.0,No ,No,Online,09-Jun-2026 11:00 AM,Municipal Bodies||Talcher Municipal Council,Talcher Municipality Office,759107.0,1.0,"30,00,000",NIRANJAN SAHOO,"2,999,700",Accepted-AOC,18-Aug-2026,Municipal Bodies||Talcher Municipal Council,True,"{'Flood': 0, 'Embankment': 0, 'embkt': 0, 'Relief': 0, 'Erosion': 0, 'SDRF': 0, 'Inundation': 0, 'Hydrology': 0, 'Silt': 0, 'Siltation': 0, 'Bund': 0, 'Trench': 0, 'Breach': 0, 'Culvert': 0, 'Sluice': 0, 'Dyke': 0, 'Storm water drain': 0, 'Emergency': 0, 'Immediate': 0, 'IM': 0, 'AE': 0, 'A E': 0, 'AAPDA MITRA': 0, 'flood': 0, 'Bridge': 0, 'River': 0, 'Drain': 2, 'Restoration': 0, 'Protection': 0, 'irr': 0, 'irrigation': 0, 'dam': 0, 'Nallah': 0, 'Retrofitting': 0, 'Pond': 0, 'Pokhari': 0, 'D/C': 0, 'Recharge shaft': 0, 'LFB': 0, 'RFB': 0}","{'Floodlight': 0, 'Flood Light': 0, 'GAS': 0, 'FIFA': 0, 'pipe': 0, 'pipes': 0, 'covid': 0, 'supply': 0, 'Beautification': 0, 'Installation': 0}",Pre-Monsoon,,False,True,Repair and Restoration,{'Drain': 2}
2025_CELBB_116656_12,e PROCUREMENT TENDER CALL NOTICE NO. PID02OF202526,"PID102, Restoration to Nandipur East Chilika Saline embankment from RD 8.200 km to 8.800 km",Restoration to Nandipur East Chilika Saline embankment from RD 8.200 km to 8.800 km,Works,Open Tender,Percentage,Civil Works - Others,No,No,NA ,11-Aug-2025 10:30 AM,NA ,90.0,No ,No,Online,26-Aug-2025 11:00 AM,"CE-BM,LMB Basin,BBSR||SE, Central Irr.Circle, BBSR||EE,Puri Irr Division,Puri",PURI,752003.0,1.0,"28,30,777",AMULYA KUMAR BALIARSINGH,"2,406,443",Rejected-Finance,13-Nov-2025,"CE-BM,LMB Basin,BBSR||SE, Central Irr.Circle, BBSR||EE,Puri Irr Division,Puri",True,"{'Flood': 0, 'Embankment': 2, 'embkt': 0, 'Relief': 0, 'Erosion': 0, 'SDRF': 0, 'Inundation': 0, 'Hydrology': 0, 'Silt': 0, 'Siltation': 0, 'Bund': 0, 'Trench': 0, 'Breach': 0, 'Culvert': 0, 'Sluice': 0, 'Dyke': 0, 'Storm water drain': 0, 'Emergency': 0, 'Immediate': 0, 'IM': 0, 'AE': 0, 'A E': 0, 'AAPDA MITRA': 0, 'flood': 0, 'Bridge': 0, 'River': 0, 'Drain': 0, 'Restoration': 2, 'Protection': 0, 'irr': 0, 'irrigation': 0, 'dam': 0, 'Nallah': 0, 'Retrofitting': 0, 'Pond': 0, 'Pokhari': 0, 'D/C': 0, 'Recharge shaft': 0, 'LFB': 0, 'RFB': 0}","{'Floodlight': 0, 'Flood Light': 0, 'GAS': 0, 'FIFA': 0, 'pipe': 0, 'pipes': 0, 'covid': 0, 'supply': 0, 'Beautification': 0, 'Installation': 0}",Monsoon,,False,True,Repair and Restoration,{'restoration': 2}
2026_CEMIB_124558_19,BID IDENTIFICATION NO_SEMIDN_14_OF2025_26,Improvement to Chinhapahara check Dam in Daspalla Block of Nayagarh district under Improvement to Check Dam grant for the year 2025-26,Improvement to Chinhapahara check Dam in Daspalla Block of Nayagarh district under Improvement to Check Dam grant for the year 2025-26,Works,National Competitive Bid,Percentage,Civil Works - Others,No,No,NA ,14-Jan-2026 10:00 AM,NA ,90.0,No ,No,Online,21-Jan-2026 11:00 AM,"CE,Minor Irrigation,BBSR||SECMIC-BHUBANESWAR||EE MI Divn. Nayagarh",SUPERINTENDING ENGINEER M I DIVISION NAYAGARH,752070.0,1.0,,ABADHAN KANHAR,"399,388.17",Rejected-AOC,14-Aug-2026,"CE,Minor Irrigation,BBSR||SECMIC-BHUBANESWAR||EE MI Divn. Nayagarh",True,"{'Flood': 0, 'Embankment': 0, 'embkt': 0, 'Relief': 0, 'Erosion': 0, 'SDRF': 0, 'Inundation': 0, 'Hydrology': 0, 'Silt': 0, 'Siltation': 0, 'Bund': 0, 'Trench': 0, 'Breach': 0, 'Culvert': 0, 'Sluice': 0, 'Dyke': 0, 'Storm water drain': 0, 'Emergency': 0, 'Immediate': 0, 'IM': 0, 'AE': 0, 'A E': 0, 'AAPDA MITRA': 0, 'flood': 0, 'Bridge': 0, 'River': 0, 'Drain': 0, 'Restoration': 0, 'Protection': 0, 'irr': 0, 'irrigation': 0, 'dam': 4, 'Nallah': 0, 'Retrofitting': 0, 'Pond': 0, 'Pokhari': 0, 'D/C': 0, 'Recharge shaft': 0, 'LFB': 0, 'RFB': 0}","{'Floodlight': 0, 'Flood Light': 0, 'GAS': 0, 'FIFA': 0, 'pipe': 0, 'pipes': 0, 'covid': 0, 'supply': 0, 'Beautification': 0, 'Installation': 0}",Post-Monsoon,,False,False,Repair and Restoration,"{'improvement': 4, 'Check Dam': 4}"
2025_CEBBS_121965_18,SERID-RKL-05-2025-26,"Construction of Fall , Outlet and Foot Bridge of Indrapur minor within RD 200m to 1870m of Rukura Irrigation Project.","Construction of Fall , Outlet and Foot Bridge of Indrapur minor within RD 200m to 1870m of Rukura Irrigation Project.",Works,Open Tender,Percentage,Civil Works - Canal,No,No,NA ,26-Nov-2025 10:00 AM,NA ,90.0,No ,No,Online,08-Dec-2025 11:00 AM,CE and BM Brahmani Basin Samal||APD cum CCE RIP Samal||Rourkela Irrigation Division Rourkela,Bonai,770038.0,1.0,"8,30,482",Nirmal Kumar Muduli,"705,993",Rejected-AOC,12-Aug-2026,CE and BM Brahmani Basin Samal||APD cum CCE RIP Samal||Rourkela Irrigation Division Rourkela,True,"{'Flood': 0, 'Embankment': 0, 'embkt': 0, 'Relief': 0, 'Erosion': 0, 'SDRF': 0, 'Inundation': 0, 'Hydrology': 0, 'Silt': 0, 'Siltation': 0, 'Bund': 0, 'Trench': 0, 'Breach': 0, 'Culvert': 0, 'Sluice': 0, 'Dyke': 0, 'Storm water drain': 0, 'Emergency': 0, 'Immediate': 0, 'IM': 0, 'AE': 0, 'A E': 0, 'AAPDA MITRA': 0, 'flood': 0, 'Bridge': 2, 'River': 0, 'Drain': 0, 'Restoration': 0, 'Protection': 0, 'irr': 0, 'irrigation': 2, 'dam': 0, 'Nallah': 0, 'Retrofitting': 0, 'Pond': 0, 'Pokhari': 0, 'D/C': 0, 'Recharge shaft': 0, 'LFB': 0, 'RFB': 0}","{'Floodlight': 0, 'Flood Light': 0, 'GAS': 0, 'FIFA': 0, 'pipe': 0, 'pipes': 0, 'covid': 0, 'supply': 0, 'Beautification': 0, 'Installation': 0}",Post-Monsoon,,False,True,Repair and Restoration,"{'Construction': 2, 'Bridge': 2}"
2026_CEMIB_124558_25,BID IDENTIFICATION NO_SEMIDN_14_OF2025_26,Improvement to Natimi Check Dam in Ranpur Block of Nayagarh district under Improvement to Check Dam grant for the year 2025-26,Improvement to Natimi Check Dam in Ranpur Block of Nayagarh district under Improvement to Check Dam grant for the year 2025-26,Works,National Competitive Bid,Percentage,Civil Works - Others,No,No,NA ,14-Jan-2026 10:00 AM,NA ,90.0,No ,No,Online,21-Jan-2026 11:00 AM,"CE,Minor Irrigation,BBSR||SECMIC-BHUBANESWAR||EE MI Divn. Nayagarh",SUPERINTENDING ENGINEER M I DIVISION NAYAGARH,752070.0,1.0,,CHANDAN SAHOO,"470,023.25",Rejected-AOC,14-Aug-2026,"CE,Minor Irrigation,BBSR||SECMIC-BHUBANESWAR||EE MI Divn. Nayagarh",True,"{'Flood': 0, 'Embankment': 0, 'embkt': 0, 'Relief': 0, 'Erosion': 0, 'SDRF': 0, 'Inundation': 0, 'Hydrology': 0, 'Silt': 0, 'Siltation': 0, 'Bund': 0, 'Trench': 0, 'Breach': 0, 'Culvert': 0, 'Sluice': 0, 'Dyke': 0, 'Storm water drain': 0, 'Emergency': 0, 'Immediate': 0, 'IM': 0, 'AE': 0, 'A E': 0, 'AAPDA MITRA': 0, 'flood': 0, 'Bridge': 0, 'River': 0, 'Drain': 0, 'Restoration': 0, 'Protection': 0, 'irr': 0, 'irrigation': 0, 'dam': 4, 'Nallah': 0, 'Retrofitting': 0, 'Pond': 0, 'Pokhari': 0, 'D/C': 0, 'Recharge shaft': 0, 'LFB': 0, 'RFB': 0}","{'Floodlight': 0, 'Flood Light': 0, 'GAS': 0, 'FIFA': 0, 'pipe': 0, 'pipes': 0, 'covid': 0, 'supply': 0, 'Beautification': 0, 'Installation': 0}",Post-Monsoon,,False,False,Repair and Restoration,"{'improvement': 4, 'Check Dam': 4}"
2025_CERWI_117429_1,RWCCESNG-10 of 2025-26,Construction of bridge over Sonal nallah on Orghat to Gopisahi road of Koida block in the Dist of Sundargarh under SBY for the year 2024-25.,Construction of bridge over Sonal nallah on Orghat to Gopisahi road of Koida block in the Dist of Sundargarh under SBY for the year 2024-25.,Works,National Competitive Bid,Percentage,Civil Works - Bridges,No,No,NA ,27-Aug-2025 09:00 AM,NA ,90.0,No ,No,Online,10-Sep-2025 11:00 AM,CE RW I||RW-CIRCLE-SUNDARGARH,Bonai,770038.0,2.0,"6,01,37,264",Trinath Engineers,"51,122,687.95",Rejected-Finance,01-Aug-2026,CE RW I||RW-CIRCLE-SUNDARGARH,True,"{'Flood': 0, 'Embankment': 0, 'embkt': 0, 'Relief': 0, 'Erosion': 0, 'SDRF': 0, 'Inundation': 0, 'Hydrology': 0, 'Silt': 0, 'Siltation': 0, 'Bund': 0, 'Trench': 0, 'Breach': 0, 'Culvert': 0, 'Sluice': 0, 'Dyke': 0, 'Storm water drain': 0, 'Emergency': 0, 'Immediate': 0, 'IM': 0, 'AE': 0, 'A E': 0, 'AAPDA MITRA': 0, 'flood': 0, 'Bridge': 2, 'River': 0, 'Drain': 0, 'Restoration': 0, 'Protection': 0, 'irr': 0, 'irrigation': 0, 'dam': 0, 'Nallah': 2, 'Retrofitting': 0, 'Pond': 0, 'Pokhari': 0, 'D/C': 0, 'Recharge shaft': 0, 'LFB': 0, 'RFB': 0}","{'Floodlight': 0, 'Flood Light': 0, 'GAS': 0, 'FIFA': 0, 'pipe': 0, 'pipes': 0, 'covid': 0, 'supply': 0, 'Beautification': 0, 'Installation': 0}",Monsoon,,False,True,Repair and Restoration,"{'Construction': 2, 'Bridge': 2}"
2026_ORULB_129287_4,EO/RGP/01 of 2026-27,Construction of Drain with Cover Slab from Dhiren Parija House towards Sudhakar Patnaik house at Ward No.16,Construction of Drain with Cover Slab from Dhiren Parija House towards Sudhakar Patnaik house at Ward No.16,Works,Open Tender,Percentage,Civil Works - Others,No,No,NA ,15-May-2026 11:00 AM,NA ,90.0,No ,No,Online,28-May-2026 11:00 AM,Municipal Bodies||Rajgangpur Municipality,Rajgangpur Municipality,770017.0,1.0,"8,00,000",RITA DAS,"800,000",Rejected-AOC,17-Aug-2026,Municipal Bodies||Rajgangpur Municipality,True,"{'Flood': 0, 'Embankment': 0, 'embkt': 0, 'Relief': 0, 'Erosion': 0, 'SDRF': 0, 'Inundation': 0, 'Hydrology': 0, 'Silt': 0, 'Siltation': 0, 'Bund': 0, 'Trench': 0, 'Breach': 0, 'Culvert': 0, 'Sluice': 0, 'Dyke': 0, 'Storm water drain': 0, 'Emergency': 0, 'Immediate': 0, 'IM': 0, 'AE': 0, 'A E': 0, 'AAPDA MITRA': 0, 'flood': 0, 'Bridge': 0, 'River': 0, 'Drain': 2, 'Restoration': 0, 'Protection': 0, 'irr': 0, 'irrigation': 0, 'dam': 0, 'Nallah': 0, 'Retrofitting': 0, 'Pond': 0, 'Pokhari': 0, 'D/C': 0, 'Recharge shaft': 0, 'LFB': 0, 'RFB': 0}","{'Floodlight': 0, 'Flood Light': 0, 'GAS': 0, 'FIFA': 0, 'pipe': 0, 'pipes': 0, 'covid': 0, 'supply': 0, 'Beautification': 0, 'Installation': 0}",Pre-Monsoon,,False,True,Repair and Restoration,"{'Construction': 2, 'Drain': 2}"
2026_CEMIB_124558_31,BID IDENTIFICATION NO_SEMIDN_14_OF2025_26,Improvement to Beguniasahi Check Dam in Nuagaon Block of Nayagarh district under Improvement to Check Dam grant for the year 2025-26.,Improvement to Beguniasahi Check Dam in Nuagaon Block of Nayagarh district under Improvement to Check Dam grant for the year 2025-26.,Works,National Competitive Bid,Percentage,Civil Works - Others,No,No,NA ,14-Jan-2026 10:00 AM,NA ,90.0,No ,No,Online,21-Jan-2026 11:00 AM,"CE,Minor Irrigation,BBSR||SECMIC-BHUBANESWAR||EE MI Divn. Nayagarh",SUPERINTENDING ENGINEER M I DIVISION NAYAGARH,752070.0,1.0,,AJAYA KUMAR SAHOO,"457,538.16",Accepted-AOC,14-Aug-2026,"CE,Minor Irrigation,BBSR||SECMIC-BHUBANESWAR||EE MI Divn. Nayagarh",True,"{'Flood': 0, 'Embankment': 0, 'embkt': 0, 'Relief': 0, 'Erosion': 0, 'SDRF': 0, 'Inundation': 0, 'Hydrology': 0, 'Silt': 0, 'Siltation': 0, 'Bund': 0, 'Trench': 0, 'Breach': 0, 'Culvert': 0, 'Sluice': 0, 'Dyke': 0, 'Storm water drain': 0, 'Emergency': 0, 'Immediate': 0, 'IM': 0, 'AE': 0, 'A E': 0, 'AAPDA MITRA': 0, 'flood': 0, 'Bridge': 0, 'River': 0, 'Drain': 0, 'Restoration': 0, 'Protection': 0, 'irr': 0, 'irrigation': 0, 'dam': 4, 'Nallah': 0, 'Retrofitting': 0, 'Pond': 0, 'Pokhari': 0, 'D/C': 0, 'Recharge shaft': 0, 'LFB': 0, 'RFB': 0}","{'Floodlight': 0, 'Flood Light': 0, 'GAS': 0, 'FIFA': 0, 'pipe': 0, 'pipes': 0, 'covid': 0, 'supply': 0, 'Beautification': 0, 'Installation': 0}",Post-Monsoon,,False,False,Repair and Restoration,"{'improvement': 4, 'Check Dam': 4}"
2025_CELBB_120208_25,MND-11 OF 2025-26,Improvement of Banamalipur Gherry on Genguti left from Banamalipur Bridge to RD Road for the year 2025-26,Improvement of Banamalipur Gherry on Genguti left from Banamalipur Bridge to RD Road for the year 2025-26,Works,National Competitive Bid,Percentage,Civil Works - Others,No,No,NA ,29-Oct-2025 10:00 AM,NA ,90.0,No ,No,Online,10-Nov-2025 11:30 AM,"CE-BM,LMB Basin,BBSR||SE, Eastern Circle,Cuttack||EE, Mahanadi North Division,Jagatpur",NURTANG,754021.0,1.0,"9,02,003",DILLIP KUMAR ROUT,"766,792",Rejected-Finance,13-Aug-2026,"CE-BM,LMB Basin,BBSR||SE, Eastern Circle,Cuttack||EE, Mahanadi North Division,Jagatpur",True,"{'Flood': 0, 'Embankment': 0, 'embkt': 0, 'Relief': 0, 'Erosion': 0, 'SDRF': 0, 'Inundation': 0, 'Hydrology': 0, 'Silt': 0, 'Siltation': 0, 'Bund': 0, 'Trench': 0, 'Breach': 0, 'Culvert': 0, 'Sluice': 0, 'Dyke': 0, 'Storm water drain': 0, 'Emergency': 0, 'Immediate': 0, 'IM': 0, 'AE': 0, 'A E': 0, 'AAPDA MITRA': 0, 'flood': 0, 'Bridge': 2, 'River': 0, 'Drain': 0, 'Restoration': 0, 'Protection': 0, 'irr': 0, 'irrigation': 0, 'dam': 0, 'Nallah': 0, 'Retrofitting': 0, 'Pond': 0, 'Pokhari': 0, 'D/C': 0, 'Recharge shaft': 0, 'LFB': 0, 'RFB': 0}","{'Floodlight': 0, 'Flood Light': 0, 'GAS': 0, 'FIFA': 0, 'pipe': 0, 'pipes': 0, 'covid': 0, 'supply': 0, 'Beautification': 0, 'Installation': 0}",Post-Monsoon,,False,True,Repair and Restoration,"{'improvement': 2, 'Bridge': 2}"
2026_ORULB_127071_19,KSNG-NAC-06/2025-26,"REPAIR OF PAVER ROAD, DRAIN AND PROVIDING COVER SLAB OVER DRAIN NEAR KBK TIMES IN WARD NO 10","REPAIR OF PAVER ROAD, DRAIN AND PROVIDING COVER SLAB OVER DRAIN NEAR KBK TIMES IN WARD NO 10",Works,Open Tender,Percentage,Civil Works - Roads,No,No,NA ,10-Mar-2026 10:00 AM,NA ,90.0,No ,No,Online,23-Mar-2026 11:00 AM,Municipal Bodies||Kesinga NAC,KESINGA NAC,766012.0,1.0,"2,54,622",DEBARAJ MAJHI,"238,071.57",Accepted-AOC,05-Aug-2026,Municipal Bodies||Kesinga NAC,True,"{'Flood': 0, 'Embankment': 0, 'embkt': 0, 'Relief': 0, 'Erosion': 0, 'SDRF': 0, 'Inundation': 0, 'Hydrology': 0, 'Silt': 0, 'Siltation': 0, 'Bund': 0, 'Trench': 0, 'Breach': 0, 'Culvert': 0, 'Sluice': 0, 'Dyke': 0, 'Storm water drain': 0, 'Emergency': 0, 'Immediate': 0, 'IM': 0, 'AE': 0, 'A E': 0, 'AAPDA MITRA': 0, 'flood': 0, 'Bridge': 0, 'River': 0, 'Drain': 4, 'Restoration': 0, 'Protection': 0, 'irr': 0, 'irrigation': 0, 'dam': 0, 'Nallah': 0, 'Retrofitting': 0, 'Pond': 0, 'Pokhari': 0, 'D/C': 0, 'Recharge shaft': 0, 'LFB': 0, 'RFB': 0}","{'Floodlight': 0, 'Flood Light': 0, 'GAS': 0, 'FIFA': 0, 'pipe': 0, 'pipes': 0, 'covid': 0, 'supply': 0, 'Beautification': 0, 'Installation': 0}",Pre-Monsoon,,False,True,Repair and Restoration,"{'repair': 2, 'Drain': 4}"
2019_ORULB_53959_5,EONM-06/2018-19,Const. of CC Road and Drain at Hanuman Temple Back Side Ward No 09,Civil Work,Works,Open Tender,Percentage,Civil Works - Roads,No,No,NA ,22-Feb-2019 11:00 AM,NA ,90.0,No ,No,Online,02-Mar-2019 11:00 AM,Municipal Bodies||Nabarangpur Municipality,Nabarangpur,764059.0,1.0,"7,00,000",SIDHESWAR PANIGRAHI,"624,999.63",Rejected-AOC,04-Aug-2026,Municipal Bodies||Nabarangpur Municipality,True,"{'Flood': 0, 'Embankment': 0, 'embkt': 0, 'Relief': 0, 'Erosion': 0, 'SDRF': 0, 'Inundation': 0, 'Hydrology': 0, 'Silt': 0, 'Siltation': 0, 'Bund': 0, 'Trench': 0, 'Breach': 0, 'Culvert': 0, 'Sluice': 0, 'Dyke': 0, 'Storm water drain': 0, 'Emergency': 0, 'Immediate': 0, 'IM': 0, 'AE': 0, 'A E': 0, 'AAPDA MITRA': 0, 'flood': 0, 'Bridge': 0, 'River': 0, 'Drain': 1, 'Restoration': 0, 'Protection': 0, 'irr': 0, 'irrigation': 0, 'dam': 0, 'Nallah': 0, 'Retrofitting': 0, 'Pond': 0, 'Pokhari': 0, 'D/C': 0, 'Recharge shaft': 0, 'LFB': 0, 'RFB': 0}","{'Floodlight': 0, 'Flood Light': 0, 'GAS': 0, 'FIFA': 0, 'pipe': 0, 'pipes': 0, 'covid': 0, 'supply': 0, 'Beautification': 0, 'Installation': 0}",Post-Monsoon,,False,True,Repair and Restoration,{'Drain': 1}
2025_ORULB_119908_16,GUN-MUN-77/2025-26,Repair and restoration of pothole and laying of cover slab in ward no-1 phase-1,Repair andrestoration of pothole and laying of cover slab in ward no-1 phase-1,Works,Open Tender,Percentage,Civil Works - Others,No,No,NA ,23-Oct-2025 11:00 AM,NA ,90.0,No ,No,Online,07-Nov-2025 11:00 AM,Municipal Bodies||Gunupur Municipal Council,Gunupur municipality,765022.0,1.0,"16,94,030",Abani Ranjan Panigrahi,"1,699,309",Rejected-Finance,24-Aug-2026,Municipal Bodies||Gunupur Municipal Council,True,"{'Flood': 0, 'Embankment': 0, 'embkt': 0, 'Relief': 0, 'Erosion': 0, 'SDRF': 0, 'Inundation': 0, 'Hydrology': 0, 'Silt': 0, 'Siltation': 0, 'Bund': 0, 'Trench': 0, 'Breach': 0, 'Culvert': 0, 'Sluice': 0, 'Dyke': 0, 'Storm water drain': 0, 'Emergency': 0, 'Immediate': 0, 'IM': 0, 'AE': 0, 'A E': 0, 'AAPDA MITRA': 0, 'flood': 0, 'Bridge': 0, 'River': 0, 'Drain': 0, 'Restoration': 1, 'Protection': 0, 'irr': 0, 'irrigation': 0, 'dam': 0, 'Nallah': 0, 'Retrofitting': 0, 'Pond': 0, 'Pokhari': 0, 'D/C': 0, 'Recharge shaft': 0, 'LFB': 0, 'RFB': 0}","{'Floodlight': 0, 'Flood Light': 0, 'GAS': 0, 'FIFA': 0, 'pipe': 0, 'pipes': 0, 'covid': 0, 'supply': 0, 'Beautification': 0, 'Installation': 0}",Post-Monsoon,,False,False,Repair and Restoration,"{'repair': 2, 'restoration': 1}"
2026_CEMIB_124862_7,Bid ID No. 09 SEMID (KJR/ 2025-2026) Dt. 08.01.2026,Construction of Patarpagi Check Dam over Patarpagi Nallah near village Urumunda in Banspal Block of Keonjhar District under MATY for the year 2025-2026,Construction of Patarpagi Check Dam over Patarpagi Nallah near village Urumunda in Banspal Block of Keonjhar District under MATY for the year 2025-2026,Works,National Competitive Bid,Percentage,Civil Works - Others,No,No,NA ,23-Jan-2026 10:00 AM,NA ,90.0,No ,No,Online,30-Jan-2026 11:00 AM,"CE,Minor Irrigation,BBSR||SE,Eastern Minor Irr.Circle,Keonjhar||EE M.I. Division Keonjhar",Banspal Block of Keonjhar District,758001.0,2.0,"71,13,000",BISHNU CHARAN MALIK,"5,184,962.71",Accepted-AOC,03-Aug-2026,"CE,Minor Irrigation,BBSR||SE,Eastern Minor Irr.Circle,Keonjhar||EE M.I. Division Keonjhar",True,"{'Flood': 0, 'Embankment': 0, 'embkt': 0, 'Relief': 0, 'Erosion': 0, 'SDRF': 0, 'Inundation': 0, 'Hydrology': 0, 'Silt': 0, 'Siltation': 0, 'Bund': 0, 'Trench': 0, 'Breach': 0, 'Culvert': 0, 'Sluice': 0, 'Dyke': 0, 'Storm water drain': 0, 'Emergency': 0, 'Immediate': 0, 'IM': 0, 'AE': 0, 'A E': 0, 'AAPDA MITRA': 0, 'flood': 0, 'Bridge': 0, 'River': 0, 'Drain': 0, 'Restoration': 0, 'Protection': 0, 'irr': 0, 'irrigation': 0, 'dam': 2, 'Nallah': 2, 'Retrofitting': 0, 'Pond': 0, 'Pokhari': 0, 'D/C': 0, 'Recharge shaft': 0, 'LFB': 0, 'RFB': 0}","{'Floodlight': 0, 'Flood Light': 0, 'GAS': 0, 'FIFA': 0, 'pipe': 0, 'pipes': 0, 'covid': 0, 'supply': 0, 'Beautification': 0, 'Installation': 0}",Post-Monsoon,,False,False,Repair and Restoration,"{'Check Dam': 2, 'Construction': 2}"
2025_CELBB_119432_20,MND-09 OF 2025-26,Improvement to service road on Sana Genguti right embankment from Saboo Bateswar temple to Gopalpur for the year 2025-26,Improvement to service road on Sana Genguti right embankment from Saboo Bateswar temple to Gopalpur for the year 2025-26,Works,National Competitive Bid,Percentage,Civil Works - Others,No,No,NA ,14-Oct-2025 10:40 AM,NA ,90.0,No ,No,Online,29-Oct-2025 11:30 AM,"CE-BM,LMB Basin,BBSR||SE, Eastern Circle,Cuttack||EE, Mahanadi North Division,Jagatpur",NURTANGA,754102.0,2.0,"59,76,461",ABHILASH MOHANTY,"5,080,590",Rejected-Finance,06-Aug-2026,"CE-BM,LMB Basin,BBSR||SE, Eastern Circle,Cuttack||EE, Mahanadi North Division,Jagatpur",True,"{'Flood': 0, 'Embankment': 2, 'embkt': 0, 'Relief': 0, 'Erosion': 0, 'SDRF': 0, 'Inundation': 0, 'Hydrology': 0, 'Silt': 0, 'Siltation': 0, 'Bund': 0, 'Trench': 0, 'Breach': 0, 'Culvert': 0, 'Sluice': 0, 'Dyke': 0, 'Storm water drain': 0, 'Emergency': 0, 'Immediate': 0, 'IM': 0, 'AE': 0, 'A E': 0, 'AAPDA MITRA': 0, 'flood': 0, 'Bridge': 0, 'River': 0, 'Drain': 0, 'Restoration': 0, 'Protection': 0, 'irr': 0, 'irrigation': 0, 'dam': 0, 'Nallah': 0, 'Retrofitting': 0, 'Pond': 0, 'Pokhari': 0, 'D/C': 0, 'Recharge shaft': 0, 'LFB': 0, 'RFB': 0}","{'Floodlight': 0, 'Flood Light': 0, 'GAS': 0, 'FIFA': 0, 'pipe': 0, 'pipes': 0, 'covid': 0, 'supply': 0, 'Beautification': 0, 'Installation': 0}",Post-Monsoon,,False,True,Repair and Restoration,{'improvement': 2}
2026_CEBMT_126345_2,"EE,TID,SNP-18/2025-26",Trough wall lining from RD 00 M to RD 840M Of Chandrapur Sub-Minor. 1R off-taking from Sonepur Distributary at RD 885m of Ong Irrigation Extension project.,Trough wall lining from RD 00 M to RD 840M Of Chandrapur Sub-Minor. 1R off-taking from Sonepur Distributary at RD 885m of Ong Irrigation Extension project.,Works,Open Tender,Percentage,Civil Works - Others,No,No,NA ,20-Feb-2026 10:00 AM,NA ,90.0,No ,No,Online,07-Mar-2026 11:00 AM,"CE-BM, Tel Basin,Bhawanipatna||SE Balangir Irr Circle Balangir||EE Tel Irr Divn. Sonepur",Sonepur,767017.0,1.0,"41,22,383",SANTANU KUMAR MISHRA,"4,118,260.33",Rejected-Finance,01-Aug-2026,"CE-BM, Tel Basin,Bhawanipatna||SE Balangir Irr Circle Balangir||EE Tel Irr Divn. Sonepur",True,"{'Flood': 0, 'Embankment': 0, 'embkt': 0, 'Relief': 0, 'Erosion': 0, 'SDRF': 0, 'Inundation': 0, 'Hydrology': 0, 'Silt': 0, 'Siltation': 0, 'Bund': 0, 'Trench': 0, 'Breach': 0, 'Culvert': 0, 'Sluice': 0, 'Dyke': 0, 'Storm water drain': 0, 'Emergency': 0, 'Immediate': 0, 'IM': 0, 'AE': 0, 'A E': 0, 'AAPDA MITRA': 0, 'flood': 0, 'Bridge': 0, 'River': 0, 'Drain': 0, 'Restoration': 0, 'Protection': 0, 'irr': 0, 'irrigation': 2, 'dam': 0, 'Nallah': 0, 'Retrofitting': 0, 'Pond': 0, 'Pokhari': 0, 'D/C': 0, 'Recharge shaft': 0, 'LFB': 0, 'RFB': 0}","{'Floodlight': 0, 'Flood Light': 0, 'GAS': 0, 'FIFA': 0, 'pipe': 0, 'pipes': 0, 'covid': 0, 'supply': 0, 'Beautification': 0, 'Installation': 0}",Post-Monsoon,,False,False,Repair and Restoration,{'extension': 2}
2026_CELBB_127770_1,MND-14 OF 2025-26 (Sl No-10-18),Improvement to Mahanadi Left embankment near Khandahata for the year 2026-27,Improvement to Mahanadi Left embankment near Khandahata for the year 2026-27,Works,National Competitive Bid,Percentage,Civil Works - Others,No,No,NA ,08-Apr-2026 10:00 AM,NA ,90.0,No ,No,Online,18-Apr-2026 11:30 AM,"CE-BM,LMB Basin,BBSR||SE, Eastern Circle,Cuttack||EE, Mahanadi North Division,Jagatpur",ATHAGARH,754021.0,1.0,"37,24,360",BIPINI BIHARI MOHAPATRA,"3,724,360",Rejected-Finance,06-Aug-2026,"CE-BM,LMB Basin,BBSR||SE, Eastern Circle,Cuttack||EE, Mahanadi North Division,Jagatpur",True,"{'Flood': 0, 'Embankment': 2, 'embkt': 0, 'Relief': 0, 'Erosion': 0, 'SDRF': 0, 'Inundation': 0, 'Hydrology': 0, 'Silt': 0, 'Siltation': 0, 'Bund': 0, 'Trench': 0, 'Breach': 0, 'Culvert': 0, 'Sluice': 0, 'Dyke': 0, 'Storm water drain': 0, 'Emergency': 0, 'Immediate': 0, 'IM': 0, 'AE': 0, 'A E': 0, 'AAPDA MITRA': 0, 'flood': 0, 'Bridge': 0, 'River': 0, 'Drain': 0, 'Restoration': 0, 'Protection': 0, 'irr': 0, 'irrigation': 0, 'dam': 0, 'Nallah': 0, 'Retrofitting': 0, 'Pond': 0, 'Pokhari': 0, 'D/C': 0, 'Recharge shaft': 0, 'LFB': 0, 'RFB': 0}","{'Floodlight': 0, 'Flood Light': 0, 'GAS': 0, 'FIFA': 0, 'pipe': 0, 'pipes': 0, 'covid': 0, 'supply': 0, 'Beautification': 0, 'Installation': 0}",Pre-Monsoon,,False,True,Repair and Restoration,{'improvement': 2}
2026_ORULB_128333_13,MC(CMC)CTC_Div-I_No.1/2026-27,Construction of Four nos culvert from Kaligali to Budhi Thakurani Square in Ward No. 13.,Construction of Four nos culvert from Kaligali to Budhi Thakurani Square in Ward No. 13.,Works,Open Tender,Percentage,Civil Works - Others,No,No,NA ,23-Apr-2026 01:00 PM,NA ,90.0,No ,No,Online,07-May-2026 11:00 AM,Municipal Bodies||Cuttack Municipal Corporation,CMC,753012.0,1.0,"12,58,600",BHANUMATI NAHAK,"1,258,598",Rejected-AOC,14-Aug-2026,Municipal Bodies||Cuttack Municipal Corporation,True,"{'Flood': 0, 'Embankment': 0, 'embkt': 0, 'Relief': 0, 'Erosion': 0, 'SDRF': 0, 'Inundation': 0, 'Hydrology': 0, 'Silt': 0, 'Siltation': 0, 'Bund': 0, 'Trench': 0, 'Breach': 0, 'Culvert': 2, 'Sluice': 0, 'Dyke': 0, 'Storm water drain': 0, 'Emergency': 0, 'Immediate': 0, 'IM': 0, 'AE': 0, 'A E': 0, 'AAPDA MITRA': 0, 'flood': 0, 'Bridge': 0, 'River': 0, 'Drain': 0, 'Restoration': 0, 'Protection': 0, 'irr': 0, 'irrigation': 0, 'dam': 0, 'Nallah': 0, 'Retrofitting': 0, 'Pond': 0, 'Pokhari': 0, 'D/C': 0, 'Recharge shaft': 0, 'LFB': 0, 'RFB': 0}","{'Floodlight': 0, 'Flood Light': 0, 'GAS': 0, 'FIFA': 0, 'pipe': 0, 'pipes': 0, 'covid': 0, 'supply': 0, 'Beautification': 0, 'Installation': 0}",Pre-Monsoon,,False,True,Repair and Restoration,{'Construction': 2}
2025_ORULB_121012_21,EONM-02/2025-26,Construction of Paver Block Road and Drain near P. Ram Krishna Res back side of Bhaibhav Kalayan Mandap in Ward No 10,CIVIL WORK,Works,Open Tender,Percentage,Civil Works - Others,No,No,NA ,11-Nov-2025 11:00 AM,NA ,180.0,No ,No,Online,28-Nov-2025 11:00 AM,Municipal Bodies||Nabarangpur Municipality,Nabarangpur Municipality,764059.0,1.0,"5,09,542",URMILA NAYAK,"509,542",Rejected-AOC,20-Aug-2026,Municipal Bodies||Nabarangpur Municipality,True,"{'Flood': 0, 'Embankment': 0, 'embkt': 0, 'Relief': 0, 'Erosion': 0, 'SDRF': 0, 'Inundation': 0, 'Hydrology': 0, 'Silt': 0, 'Siltation': 0, 'Bund': 0, 'Trench': 0, 'Breach': 0, 'Culvert': 0, 'Sluice': 0, 'Dyke': 0, 'Storm water drain': 0, 'Emergency': 0, 'Immediate': 0, 'IM': 0, 'AE': 0, 'A E': 0, 'AAPDA MITRA': 0, 'flood': 0, 'Bridge': 0, 'River': 0, 'Drain': 1, 'Restoration': 0, 'Protection': 0, 'irr': 0, 'irrigation': 0, 'dam': 0, 'Nallah': 0, 'Retrofitting': 0, 'Pond': 0, 'Pokhari': 0, 'D/C': 0, 'Recharge shaft': 0, 'LFB': 0, 'RFB': 0}","{'Floodlight': 0, 'Flood Light': 0, 'GAS': 0, 'FIFA': 0, 'pipe': 0, 'pipes': 0, 'covid': 0, 'supply': 0, 'Beautification': 0, 'Installation': 0}",Post-Monsoon,,False,True,Repair and Restoration,"{'Construction': 1, 'Drain': 1}"
2025_EICCL_123541_6,eTCN09 of 2025-2026,"Shifting and new Construction of 11Kv 3Ph3W Line, Sub-Station and LT line for Strengthening and widening of Maninaga Temple road to New Jagannath Sadak road Minor Irrigation and BSNL office from 0/0 to 1/416Km and Tala Maninaga to Upara Maninaga road","Shifting and new Construction of 11Kv 3Ph3W Line, Sub-Station and LT line for Strengthening and widening of Maninaga Temple road to New Jagannath Sadak road Minor Irrigation and BSNL office from 0/0 to 1/416Km and Tala Maninaga to Upara Maninaga road",Works,Open Tender,Percentage,Electrical Works,No,No,NA ,20-Dec-2025 10:30 AM,NA ,90.0,No ,No,Online,30-Dec-2025 11:00 AM,EIC-CIVIL||SERNB-CIRCLE-KHURDA||EE Nayagarh Rnb Division,Nayagarh,752069.0,1.0,"49,99,402",M/S SHREELAXMI ENTERPRISERS,"4,249,992",Rejected-Finance,06-Aug-2026,EIC-CIVIL||SERNB-CIRCLE-KHURDA||EE Nayagarh Rnb Division,True,"{'Flood': 0, 'Embankment': 0, 'embkt': 0, 'Relief': 0, 'Erosion': 0, 'SDRF': 0, 'Inundation': 0, 'Hydrology': 0, 'Silt': 0, 'Siltation': 0, 'Bund': 0, 'Trench': 0, 'Breach': 0, 'Culvert': 0, 'Sluice': 0, 'Dyke': 0, 'Storm water drain': 0, 'Emergency': 0, 'Immediate': 0, 'IM': 0, 'AE': 0, 'A E': 0, 'AAPDA MITRA': 0, 'flood': 0, 'Bridge': 0, 'River': 0, 'Drain': 0, 'Restoration': 0, 'Protection': 0, 'irr': 0, 'irrigation': 2, 'dam': 0, 'Nallah': 0, 'Retrofitting': 0, 'Pond': 0, 'Pokhari': 0, 'D/C': 0, 'Recharge shaft': 0, 'LFB': 0, 'RFB': 0}","{'Floodlight': 0, 'Flood Light': 0, 'GAS': 0, 'FIFA': 0, 'pipe': 0, 'pipes': 0, 'covid': 0, 'supply': 0, 'Beautification': 0, 'Installation': 0}",Post-Monsoon,,False,True,Repair and Restoration,"{'strengthening': 2, 'widening': 2, 'Construction': 2}"
2025_EICCL_123443_1,S.E.-BNJ-RandB-18/2025-26,"Shifting, Re-erection Of HT Line,LT Line and Sub-Station from Ballipadar Bus stand, Pangidi pond to Badapada Due to Improvement Such as widening and Strenthening of BK Road (SH-33) from 0/000Km to 32/600KM (Excepet 17/560 to 17/649Km) in the District","Shifting, Re-erection Of HT Line,LT Line and Sub-Station from Ballipadar Bus stand, Pangidi pond to Badapada Due to Improvement Such as widening and Strenthening of BK Road (SH-33) from 0/000Km to 32/600KM (Excepet 17/560 to 17/649Km) in the District",Works,Open Tender,Percentage,Electrical Works,No,No,NA ,18-Dec-2025 05:00 PM,NA ,90.0,No ,No,Online,30-Dec-2025 11:00 AM,EIC-CIVIL||SERNB-CIRCLE-BERHAMPUR||EERNB-DIVN-BHANJANAGAR,Bhanjanagar,761126.0,1.0,"44,17,202",saraswati telesolutions,"3,755,063",Rejected-AOC,17-Aug-2026,EIC-CIVIL||SERNB-CIRCLE-BERHAMPUR||EERNB-DIVN-BHANJANAGAR,True,"{'Flood': 0, 'Embankment': 0, 'embkt': 0, 'Relief': 0, 'Erosion': 0, 'SDRF': 0, 'Inundation': 0, 'Hydrology': 0, 'Silt': 0, 'Siltation': 0, 'Bund': 0, 'Trench': 0, 'Breach': 0, 'Culvert': 0, 'Sluice': 0, 'Dyke': 0, 'Storm water drain': 0, 'Emergency': 0, 'Immediate': 0, 'IM': 0, 'AE': 0, 'A E': 0, 'AAPDA MITRA': 0, 'flood': 0, 'Bridge': 0, 'River': 0, 'Drain': 0, 'Restoration': 0, 'Protection': 0, 'irr': 0, 'irrigation': 0, 'dam': 0, 'Nallah': 0, 'Retrofitting': 0, 'Pond': 2, 'Pokhari': 0, 'D/C': 0, 'Recharge shaft': 0, 'LFB': 0, 'RFB': 0}","{'Floodlight': 0, 'Flood Light': 0, 'GAS': 0, 'FIFA': 0, 'pipe': 0, 'pipes': 0, 'covid': 0, 'supply': 0, 'Beautification': 0, 'Installation': 0}",Post-Monsoon,,False,True,Repair and Restoration,"{'improvement': 2, 'widening': 2}"
2025_CEBBS_118895_16,SERID-RKL-04/2025-26,Cement concrete lining of Jakaikela minor canal fron RD 3100 to 3400m of Rukura Irrigation Project for the year 2025-2026,Cement concrete lining of Jakaikela minor canal fron RD 3100 to 3400m of Rukura Irrigation Project for the year 2025-2026,Works,Open Tender,Percentage,Civil Works - Canal,No,No,NA ,04-Oct-2025 10:00 AM,NA ,90.0,No ,No,Online,15-Oct-2025 11:00 AM,CE and BM Brahmani Basin Samal||APD cum CCE RIP Samal||Rourkela Irrigation Division Rourkela,Bonai,770038.0,1.0,"14,12,350",MAMTA ENTERPRISES,"1,200,639",Accepted-AOC,12-Aug-2026,CE and BM Brahmani Basin Samal||APD cum CCE RIP Samal||Rourkela Irrigation Division Rourkela,True,"{'Flood': 0, 'Embankment': 0, 'embkt': 0, 'Relief': 0, 'Erosion': 0, 'SDRF': 0, 'Inundation': 0, 'Hydrology': 0, 'Silt': 0, 'Siltation': 0, 'Bund': 0, 'Trench': 0, 'Breach': 0, 'Culvert': 0, 'Sluice': 0, 'Dyke': 0, 'Storm water drain': 0, 'Emergency': 0, 'Immediate': 0, 'IM': 0, 'AE': 0, 'A E': 0, 'AAPDA MITRA': 0, 'flood': 0, 'Bridge': 0, 'River': 0, 'Drain': 0, 'Restoration': 0, 'Protection': 0, 'irr': 0, 'irrigation': 2, 'dam': 0, 'Nallah': 0, 'Retrofitting': 0, 'Pond': 0, 'Pokhari': 0, 'D/C': 0, 'Recharge shaft': 0, 'LFB': 0, 'RFB': 0}","{'Floodlight': 0, 'Flood Light': 0, 'GAS': 0, 'FIFA': 0, 'pipe': 0, 'pipes': 0, 'covid': 0, 'supply': 0, 'Beautification': 0, 'Installation': 0}",Post-Monsoon,,False,False,Others,
2026_CELBB_130083_16,SEPRD04/2026-27,Construction of C.C guard wall at Kushavadra Left Embankment from RD 7.60 Km. to 7.740 Km. and RD 10.850 Km. to 10.980 Km.,Embankment work,Works,Open Tender,Percentage,Civil Works - Others,No,No,NA ,02-Jun-2026 11:00 AM,NA ,90.0,No ,No,Online,17-Jun-2026 10:30 AM,"CE-BM,LMB Basin,BBSR||SE, Central Irr.Circle, BBSR||EE,Prachi Division,Bhubaneswar",balianta,752101.0,2.0,"67,39,307",PRASANNA PARIDA,"6,739,307",Rejected-AOC,19-Aug-2026,"CE-BM,LMB Basin,BBSR||SE, Central Irr.Circle, BBSR||EE,Prachi Division,Bhubaneswar",True,"{'Flood': 0, 'Embankment': 2, 'embkt': 0, 'Relief': 0, 'Erosion': 0, 'SDRF': 0, 'Inundation': 0, 'Hydrology': 0, 'Silt': 0, 'Siltation': 0, 'Bund': 0, 'Trench': 0, 'Breach': 0, 'Culvert': 0, 'Sluice': 0, 'Dyke': 0, 'Storm water drain': 0, 'Emergency': 0, 'Immediate': 0, 'IM': 0, 'AE': 0, 'A E': 0, 'AAPDA MITRA': 0, 'flood': 0, 'Bridge': 0, 'River': 0, 'Drain': 0, 'Restoration': 0, 'Protection': 0, 'irr': 0, 'irrigation': 0, 'dam': 0, 'Nallah': 0, 'Retrofitting': 0, 'Pond': 0, 'Pokhari': 0, 'D/C': 0, 'Recharge shaft': 0, 'LFB': 0, 'RFB': 0}","{'Floodlight': 0, 'Flood Light': 0, 'GAS': 0, 'FIFA': 0, 'pipe': 0, 'pipes': 0, 'covid': 0, 'supply': 0, 'Beautification': 0, 'Installation': 0}",Monsoon,,False,True,Repair and Restoration,{'Construction': 1}
2025_ORULB_122532_7,TCRM-09/2025-26,Renovation of CC drain from Tikan Bhutia house towards Mangala Mandir in W.No.6,Renovation of CC drain from Tikan Bhutia house towards Mangala Mandir in W.No.6,Works,Open Limited,Percentage,Civil Works - Others,No,No,NA ,04-Dec-2025 04:00 PM,NA ,120.0,No ,No,Online,16-Dec-2025 11:00 AM,Municipal Bodies||Talcher Municipal Council,Talcher Municipality Office,759107.0,1.0,"19,92,000",M/S MANGALA ENGINEERING CONSTRUCTION AND CO,"1,852,560",Rejected-AOC,21-Aug-2026,Municipal Bodies||Talcher Municipal Council,True,"{'Flood': 0, 'Embankment': 0, 'embkt': 0, 'Relief': 0, 'Erosion': 0, 'SDRF': 0, 'Inundation': 0, 'Hydrology': 0, 'Silt': 0, 'Siltation': 0, 'Bund': 0, 'Trench': 0, 'Breach': 0, 'Culvert': 0, 'Sluice': 0, 'Dyke': 0, 'Storm water drain': 0, 'Emergency': 0, 'Immediate': 0, 'IM': 0, 'AE': 0, 'A E': 0, 'AAPDA MITRA': 0, 'flood': 0, 'Bridge': 0, 'River': 0, 'Drain': 2, 'Restoration': 0, 'Protection': 0, 'irr': 0, 'irrigation': 0, 'dam': 0, 'Nallah': 0, 'Retrofitting': 0, 'Pond': 0, 'Pokhari': 0, 'D/C': 0, 'Recharge shaft': 0, 'LFB': 0, 'RFB': 0}","{'Floodlight': 0, 'Flood Light': 0, 'GAS': 0, 'FIFA': 0, 'pipe': 0, 'pipes': 0, 'covid': 0, 'supply': 0, 'Beautification': 0, 'Installation': 0}",Post-Monsoon,,False,True,Repair and Restoration,"{'renovation': 2, 'Drain': 2}"
2025_CELBB_120208_30,MND-11 OF 2025-26,Restoration to Disty. No 4 and its System from RD 00 Km to RD 8.00 Km of Pattamundai Canal for the year 2025-26,Restoration to Disty. No 4 and its System from RD 00 Km to RD 8.00 Km of Pattamundai Canal for the year 2025-26,Works,National Competitive Bid,Percentage,Civil Works - Others,No,No,NA ,29-Oct-2025 10:00 AM,NA ,90.0,No ,No,Online,10-Nov-2025 11:30 AM,"CE-BM,LMB Basin,BBSR||SE, Eastern Circle,Cuttack||EE, Mahanadi North Division,Jagatpur",NURTANG,754021.0,1.0,"35,06,711",PRADEEP KUMAR GIRI,"2,981,055",Rejected-Finance,13-Aug-2026,"CE-BM,LMB Basin,BBSR||SE, Eastern Circle,Cuttack||EE, Mahanadi North Division,Jagatpur",True,"{'Flood': 0, 'Embankment': 0, 'embkt': 0, 'Relief': 0, 'Erosion': 0, 'SDRF': 0, 'Inundation': 0, 'Hydrology': 0, 'Silt': 0, 'Siltation': 0, 'Bund': 0, 'Trench': 0, 'Breach': 0, 'Culvert': 0, 'Sluice': 0, 'Dyke': 0, 'Storm water drain': 0, 'Emergency': 0, 'Immediate': 0, 'IM': 0, 'AE': 0, 'A E': 0, 'AAPDA MITRA': 0, 'flood': 0, 'Bridge': 0, 'River': 0, 'Drain': 0, 'Restoration': 2, 'Protection': 0, 'irr': 0, 'irrigation': 0, 'dam': 0, 'Nallah': 0, 'Retrofitting': 0, 'Pond': 0, 'Pokhari': 0, 'D/C': 0, 'Recharge shaft': 0, 'LFB': 0, 'RFB': 0}","{'Floodlight': 0, 'Flood Light': 0, 'GAS': 0, 'FIFA': 0, 'pipe': 0, 'pipes': 0, 'covid': 0, 'supply': 0, 'Beautification': 0, 'Installation': 0}",Post-Monsoon,,False,False,Repair and Restoration,{'restoration': 2}
2026_ORULB_127071_18,KSNG-NAC-06/2025-26,CONSTRUCTION OF PAVER ROAD AND DRAIN FROM DEEP HOUSE TOWARDS SUNIL TENT IN WARD NO 09,CONSTRUCTION OF PAVER ROAD AND DRAIN FROM DEEP HOUSE TOWARDS SUNIL TENT IN WARD NO 09,Works,Open Tender,Percentage,Civil Works - Roads,No,No,NA ,10-Mar-2026 10:00 AM,NA ,90.0,No ,No,Online,23-Mar-2026 11:00 AM,Municipal Bodies||Kesinga NAC,KESINGA NAC,766012.0,1.0,"2,54,622",RAMESH CHANDRA PATTNAIK,"253,348.89",Rejected-Technical,05-Aug-2026,Municipal Bodies||Kesinga NAC,True,"{'Flood': 0, 'Embankment': 0, 'embkt': 0, 'Relief': 0, 'Erosion': 0, 'SDRF': 0, 'Inundation': 0, 'Hydrology': 0, 'Silt': 0, 'Siltation': 0, 'Bund': 0, 'Trench': 0, 'Breach': 0, 'Culvert': 0, 'Sluice': 0, 'Dyke': 0, 'Storm water drain': 0, 'Emergency': 0, 'Immediate': 0, 'IM': 0, 'AE': 0, 'A E': 0, 'AAPDA MITRA': 0, 'flood': 0, 'Bridge': 0, 'River': 0, 'Drain': 2, 'Restoration': 0, 'Protection': 0, 'irr': 0, 'irrigation': 0, 'dam': 0, 'Nallah': 0, 'Retrofitting': 0, 'Pond': 0, 'Pokhari': 0, 'D/C': 0, 'Recharge shaft': 0, 'LFB': 0, 'RFB': 0}","{'Floodlight': 0, 'Flood Light': 0, 'GAS': 0, 'FIFA': 0, 'pipe': 0, 'pipes': 0, 'covid': 0, 'supply': 0, 'Beautification': 0, 'Installation': 0}",Pre-Monsoon,,False,True,Repair and Restoration,"{'Construction': 2, 'Drain': 2}"
2026_ORULB_125887_38,SOROM_07_2025-26,Construction of Drain from Barapada Nilikani Temple to Rabindra house in Ward No.-13,Construction Work,Works,Open Tender,Percentage,Civil Works - Others,No,No,NA ,18-Feb-2026 10:00 AM,NA ,120.0,No ,No,Online,26-Feb-2026 10:00 AM,Municipal Bodies||Soro Municipality,"Soro Municipality, Soro",756045.0,1.0,"5,50,847",JAJATIKESHARI PRADHAN,"550,846.78",Accepted-AOC,04-Aug-2026,Municipal Bodies||Soro Municipality,True,"{'Flood': 0, 'Embankment': 0, 'embkt': 0, 'Relief': 0, 'Erosion': 0, 'SDRF': 0, 'Inundation': 0, 'Hydrology': 0, 'Silt': 0, 'Siltation': 0, 'Bund': 0, 'Trench': 0, 'Breach': 0, 'Culvert': 0, 'Sluice': 0, 'Dyke': 0, 'Storm water drain': 0, 'Emergency': 0, 'Immediate': 0, 'IM': 0, 'AE': 0, 'A E': 0, 'AAPDA MITRA': 0, 'flood': 0, 'Bridge': 0, 'River': 0, 'Drain': 1, 'Restoration': 0, 'Protection': 0, 'irr': 0, 'irrigation': 0, 'dam': 0, 'Nallah': 0, 'Retrofitting': 0, 'Pond': 0, 'Pokhari': 0, 'D/C': 0, 'Recharge shaft': 0, 'LFB': 0, 'RFB': 0}","{'Floodlight': 0, 'Flood Light': 0, 'GAS': 0, 'FIFA': 0, 'pipe': 0, 'pipes': 0, 'covid': 0, 'supply': 0, 'Beautification': 0, 'Installation': 0}",Post-Monsoon,,False,True,Repair and Restoration,"{'Construction': 2, 'Drain': 1}"
2026_CEMIB_124558_30,BID IDENTIFICATION NO_SEMIDN_14_OF2025_26,Improvement to Dahuka-II Check Dam in Nuagaon Block of Nayagarh district under Improvement to Check Dam grant for the year 2025-26.,Improvement to Dahuka-II Check Dam in Nuagaon Block of Nayagarh district under Improvement to Check Dam grant for the year 2025-26.,Works,National Competitive Bid,Percentage,Civil Works - Others,No,No,NA ,14-Jan-2026 10:00 AM,NA ,90.0,No ,No,Online,21-Jan-2026 11:00 AM,"CE,Minor Irrigation,BBSR||SECMIC-BHUBANESWAR||EE MI Divn. Nayagarh",SUPERINTENDING ENGINEER M I DIVISION NAYAGARH,752070.0,1.0,,BIPIN KUMAR NAYAK,"487,652",Accepted-AOC,14-Aug-2026,"CE,Minor Irrigation,BBSR||SECMIC-BHUBANESWAR||EE MI Divn. Nayagarh",True,"{'Flood': 0, 'Embankment': 0, 'embkt': 0, 'Relief': 0, 'Erosion': 0, 'SDRF': 0, 'Inundation': 0, 'Hydrology': 0, 'Silt': 0, 'Siltation': 0, 'Bund': 0, 'Trench': 0, 'Breach': 0, 'Culvert': 0, 'Sluice': 0, 'Dyke': 0, 'Storm water drain': 0, 'Emergency': 0, 'Immediate': 0, 'IM': 0, 'AE': 0, 'A E': 0, 'AAPDA MITRA': 0, 'flood': 0, 'Bridge': 0, 'River': 0, 'Drain': 0, 'Restoration': 0, 'Protection': 0, 'irr': 0, 'irrigation': 0, 'dam': 4, 'Nallah': 0, 'Retrofitting': 0, 'Pond': 0, 'Pokhari': 0, 'D/C': 0, 'Recharge shaft': 0, 'LFB': 0, 'RFB': 0}","{'Floodlight': 0, 'Flood Light': 0, 'GAS': 0, 'FIFA': 0, 'pipe': 0, 'pipes': 0, 'covid': 0, 'supply': 0, 'Beautification': 0, 'Installation': 0}",Post-Monsoon,,False,False,Repair and Restoration,"{'improvement': 4, 'Check Dam': 4}"
2026_CEMIB_124558_24,BID IDENTIFICATION NO_SEMIDN_14_OF2025_26,Improvement to Gurha-I Check Dam in Daspalla Block of Nayagarh district under Improvement to Check Dam grant for the year 2025-26,Improvement to Gurha-I Check Dam in Daspalla Block of Nayagarh district under Improvement to Check Dam grant for the year 2025-26,Works,National Competitive Bid,Percentage,Civil Works - Others,No,No,NA ,14-Jan-2026 10:00 AM,NA ,90.0,No ,No,Online,21-Jan-2026 11:00 AM,"CE,Minor Irrigation,BBSR||SECMIC-BHUBANESWAR||EE MI Divn. Nayagarh",SUPERINTENDING ENGINEER M I DIVISION NAYAGARH,752070.0,1.0,,BULU DAS (S.C),"440,412.16",Accepted-AOC,14-Aug-2026,"CE,Minor Irrigation,BBSR||SECMIC-BHUBANESWAR||EE MI Divn. Nayagarh",True,"{'Flood': 0, 'Embankment': 0, 'embkt': 0, 'Relief': 0, 'Erosion': 0, 'SDRF': 0, 'Inundation': 0, 'Hydrology': 0, 'Silt': 0, 'Siltation': 0, 'Bund': 0, 'Trench': 0, 'Breach': 0, 'Culvert': 0, 'Sluice': 0, 'Dyke': 0, 'Storm water drain': 0, 'Emergency': 0, 'Immediate': 0, 'IM': 0, 'AE': 0, 'A E': 0, 'AAPDA MITRA': 0, 'flood': 0, 'Bridge': 0, 'River': 0, 'Drain': 0, 'Restoration': 0, 'Protection': 0, 'irr': 0, 'irrigation': 0, 'dam': 4, 'Nallah': 0, 'Retrofitting': 0, 'Pond': 0, 'Pokhari': 0, 'D/C': 0, 'Recharge shaft': 0, 'LFB': 0, 'RFB': 0}","{'Floodlight': 0, 'Flood Light': 0, 'GAS': 0, 'FIFA': 0, 'pipe': 0, 'pipes': 0, 'covid': 0, 'supply': 0, 'Beautification': 0, 'Installation': 0}",Post-Monsoon,,False,False,Repair and Restoration,"{'improvement': 4, 'Check Dam': 4}"
2026_ORULB_129287_5,EO/RGP/01 of 2026-27,Construction of Drain with cover Slab from Rehman House towards Ajay kiran Horo Land at Ward no.20,Construction of Drain with cover Slab from Rehman House towards Ajay kiran Horo Land at Ward no.20,Works,Open Tender,Percentage,Civil Works - Others,No,No,NA ,15-May-2026 11:00 AM,NA ,90.0,No ,No,Online,28-May-2026 11:00 AM,Municipal Bodies||Rajgangpur Municipality,Rajgangpur Municipality,770017.0,1.0,"5,00,000",IFTEKHAR AHMED,"500,000",Rejected-AOC,18-Aug-2026,Municipal Bodies||Rajgangpur Municipality,True,"{'Flood': 0, 'Embankment': 0, 'embkt': 0, 'Relief': 0, 'Erosion': 0, 'SDRF': 0, 'Inundation': 0, 'Hydrology': 0, 'Silt': 0, 'Siltation': 0, 'Bund': 0, 'Trench': 0, 'Breach': 0, 'Culvert': 0, 'Sluice': 0, 'Dyke': 0, 'Storm water drain': 0, 'Emergency': 0, 'Immediate': 0, 'IM': 0, 'AE': 0, 'A E': 0, 'AAPDA MITRA': 0, 'flood': 0, 'Bridge': 0, 'River': 0, 'Drain': 2, 'Restoration': 0, 'Protection': 0, 'irr': 0, 'irrigation': 0, 'dam': 0, 'Nallah': 0, 'Retrofitting': 0, 'Pond': 0, 'Pokhari': 0, 'D/C': 0, 'Recharge shaft': 0, 'LFB': 0, 'RFB': 0}","{'Floodlight': 0, 'Flood Light': 0, 'GAS': 0, 'FIFA': 0, 'pipe': 0, 'pipes': 0, 'covid': 0, 'supply': 0, 'Beautification': 0, 'Installation': 0}",Pre-Monsoon,,False,True,Repair and Restoration,"{'Construction': 2, 'Drain': 2}"
2026_CEMIB_124558_18,BID IDENTIFICATION NO_SEMIDN_14_OF2025_26,Improvement to Kanipadar Check Dam in Daspalla Block of Nayagarh district under Improvement to Check Dam grant for the year 2025-26,Improvement to Kanipadar Check Dam in Daspalla Block of Nayagarh district under Improvement to Check Dam grant for the year 2025-26,Works,National Competitive Bid,Percentage,Civil Works - Others,No,No,NA ,14-Jan-2026 10:00 AM,NA ,90.0,No ,No,Online,21-Jan-2026 11:00 AM,"CE,Minor Irrigation,BBSR||SECMIC-BHUBANESWAR||EE MI Divn. Nayagarh",SUPERINTENDING ENGINEER M I DIVISION NAYAGARH,752070.0,1.0,,BULU DAS (S.C),"440,962.44",Rejected-AOC,14-Aug-2026,"CE,Minor Irrigation,BBSR||SECMIC-BHUBANESWAR||EE MI Divn. Nayagarh",True,"{'Flood': 0, 'Embankment': 0, 'embkt': 0, 'Relief': 0, 'Erosion': 0, 'SDRF': 0, 'Inundation': 0, 'Hydrology': 0, 'Silt': 0, 'Siltation': 0, 'Bund': 0, 'Trench': 0, 'Breach': 0, 'Culvert': 0, 'Sluice': 0, 'Dyke': 0, 'Storm water drain': 0, 'Emergency': 0, 'Immediate': 0, 'IM': 0, 'AE': 0, 'A E': 0, 'AAPDA MITRA': 0, 'flood': 0, 'Bridge': 0, 'River': 0, 'Drain': 0, 'Restoration': 0, 'Protection': 0, 'irr': 0, 'irrigation': 0, 'dam': 4, 'Nallah': 0, 'Retrofitting': 0, 'Pond': 0, 'Pokhari': 0, 'D/C': 0, 'Recharge shaft': 0, 'LFB': 0, 'RFB': 0}","{'Floodlight': 0, 'Flood Light': 0, 'GAS': 0, 'FIFA': 0, 'pipe': 0, 'pipes': 0, 'covid': 0, 'supply': 0, 'Beautification': 0, 'Installation': 0}",Post-Monsoon,,False,False,Repair and Restoration,"{'improvement': 4, 'Check Dam': 4}"
2025_CEBBS_121965_19,SERID-RKL-05-2025-26,Construction of Guard wall at RD 1560m to RD 1605m and at RD 1675m to 1710m of Killinga Minor off-taking from Right Main Canal of Kanshbahal Irrigation Project.,Construction of Guard wall at RD 1560m to RD 1605m and at RD 1675m to 1710m of Killinga Minor off-taking from Right Main Canal of Kanshbahal Irrigation Project.,Works,Open Tender,Percentage,Civil Works - Canal,No,No,NA ,26-Nov-2025 10:00 AM,NA ,90.0,No ,No,Online,08-Dec-2025 11:00 AM,CE and BM Brahmani Basin Samal||APD cum CCE RIP Samal||Rourkela Irrigation Division Rourkela,Kanshbahal,770034.0,1.0,"8,33,148",SABITRI SAHOO,"708,259",Rejected-AOC,12-Aug-2026,CE and BM Brahmani Basin Samal||APD cum CCE RIP Samal||Rourkela Irrigation Division Rourkela,True,"{'Flood': 0, 'Embankment': 0, 'embkt': 0, 'Relief': 0, 'Erosion': 0, 'SDRF': 0, 'Inundation': 0, 'Hydrology': 0, 'Silt': 0, 'Siltation': 0, 'Bund': 0, 'Trench': 0, 'Breach': 0, 'Culvert': 0, 'Sluice': 0, 'Dyke': 0, 'Storm water drain': 0, 'Emergency': 0, 'Immediate': 0, 'IM': 0, 'AE': 0, 'A E': 0, 'AAPDA MITRA': 0, 'flood': 0, 'Bridge': 0, 'River': 0, 'Drain': 0, 'Restoration': 0, 'Protection': 0, 'irr': 0, 'irrigation': 2, 'dam': 0, 'Nallah': 0, 'Retrofitting': 0, 'Pond': 0, 'Pokhari': 0, 'D/C': 0, 'Recharge shaft': 0, 'LFB': 0, 'RFB': 0}","{'Floodlight': 0, 'Flood Light': 0, 'GAS': 0, 'FIFA': 0, 'pipe': 0, 'pipes': 0, 'covid': 0, 'supply': 0, 'Beautification': 0, 'Installation': 0}",Post-Monsoon,,False,False,Repair and Restoration,{'Construction': 2}
2025_CELBB_116656_13,e PROCUREMENT TENDER CALL NOTICE NO. PID02OF202526,"PID 103, Improvement to Bhargavi left embankment from RD 77.900 km to 78.620 km",Improvement to Bhargavi left embankment from RD 77.900 km to 78.620 km,Works,Open Tender,Percentage,Civil Works - Others,No,No,NA ,11-Aug-2025 10:30 AM,NA ,90.0,No ,No,Online,26-Aug-2025 11:00 AM,"CE-BM,LMB Basin,BBSR||SE, Central Irr.Circle, BBSR||EE,Puri Irr Division,Puri",PURI,752003.0,1.0,"6,01,220",PABITRA MOHAN SAHOO,"511,097",Rejected-Finance,27-Nov-2025,"CE-BM,LMB Basin,BBSR||SE, Central Irr.Circle, BBSR||EE,Puri Irr Division,Puri",True,"{'Flood': 0, 'Embankment': 2, 'embkt': 0, 'Relief': 0, 'Erosion': 0, 'SDRF': 0, 'Inundation': 0, 'Hydrology': 0, 'Silt': 0, 'Siltation': 0, 'Bund': 0, 'Trench': 0, 'Breach': 0, 'Culvert': 0, 'Sluice': 0, 'Dyke': 0, 'Storm water drain': 0, 'Emergency': 0, 'Immediate': 0, 'IM': 0, 'AE': 0, 'A E': 0, 'AAPDA MITRA': 0, 'flood': 0, 'Bridge': 0, 'River': 0, 'Drain': 0, 'Restoration': 0, 'Protection': 0, 'irr': 0, 'irrigation': 0, 'dam': 0, 'Nallah': 0, 'Retrofitting': 0, 'Pond': 0, 'Pokhari': 0, 'D/C': 0, 'Recharge shaft': 0, 'LFB': 0, 'RFB': 0}","{'Floodlight': 0, 'Flood Light': 0, 'GAS': 0, 'FIFA': 0, 'pipe': 0, 'pipes': 0, 'covid': 0, 'supply': 0, 'Beautification': 0, 'Installation': 0}",Monsoon,,False,True,Repair and Restoration,{'improvement': 2}
2026_ORULB_125103_22,HIN-MUN-05/2025-26,"Construction of jogging track and Foot over Bridge near joka Bandha ,Ward no-09 of Hinjilicut Municipality","Construction of jogging track and Foot over Bridge near joka Bandha ,Ward no-09 of Hinjilicut Municipality",Works,Open Tender,Percentage,Civil Works - Others,No,No,NA ,30-Jan-2026 10:00 AM,NA ,30.0,No ,No,Online,10-Feb-2026 11:00 AM,Municipal Bodies||Hinjilicut Municipal Council,HINJILICUT MUNICIPALITY,761102.0,1.0,"14,09,632",Surendra Muni,"1,127,846.65",Rejected-AOC,13-Aug-2026,Municipal Bodies||Hinjilicut Municipal Council,True,"{'Flood': 0, 'Embankment': 0, 'embkt': 0, 'Relief': 0, 'Erosion': 0, 'SDRF': 0, 'Inundation': 0, 'Hydrology': 0, 'Silt': 0, 'Siltation': 0, 'Bund': 0, 'Trench': 0, 'Breach': 0, 'Culvert': 0, 'Sluice': 0, 'Dyke': 0, 'Storm water drain': 0, 'Emergency': 0, 'Immediate': 0, 'IM': 0, 'AE': 0, 'A E': 0, 'AAPDA MITRA': 0, 'flood': 0, 'Bridge': 2, 'River': 0, 'Drain': 0, 'Restoration': 0, 'Protection': 0, 'irr': 0, 'irrigation': 0, 'dam': 0, 'Nallah': 0, 'Retrofitting': 0, 'Pond': 0, 'Pokhari': 0, 'D/C': 0, 'Recharge shaft': 0, 'LFB': 0, 'RFB': 0}","{'Floodlight': 0, 'Flood Light': 0, 'GAS': 0, 'FIFA': 0, 'pipe': 0, 'pipes': 0, 'covid': 0, 'supply': 0, 'Beautification': 0, 'Installation': 0}",Post-Monsoon,,False,True,Repair and Restoration,"{'Construction': 2, 'Bridge': 2}"
2026_ORULB_128801_4,MC(CMC)CTC_Div-IINo9/2026-27,Reconstruction of RCC drain with cover slab from Radhamani Cycle Store to Hanuman temple at Bhagatpur in Ward No. 27.,Reconstruction of RCC drain with cover slab from Radhamani Cycle Store to Hanuman temple at Bhagatpur in Ward No. 27.,Works,Open Tender,Percentage,Civil Works - Others,No,No,NA ,21-May-2026 03:00 PM,NA ,90.0,No ,No,Online,04-Jun-2026 11:00 AM,Municipal Bodies||Cuttack Municipal Corporation,CMC,753012.0,1.0,"5,87,900",Ganesh Chandra Swain,"587,820",Rejected-AOC,21-Aug-2026,Municipal Bodies||Cuttack Municipal Corporation,True,"{'Flood': 0, 'Embankment': 0, 'embkt': 0, 'Relief': 0, 'Erosion': 0, 'SDRF': 0, 'Inundation': 0, 'Hydrology': 0, 'Silt': 0, 'Siltation': 0, 'Bund': 0, 'Trench': 0, 'Breach': 0, 'Culvert': 0, 'Sluice': 0, 'Dyke': 0, 'Storm water drain': 0, 'Emergency': 0, 'Immediate': 0, 'IM': 0, 'AE': 0, 'A E': 0, 'AAPDA MITRA': 0, 'flood': 0, 'Bridge': 0, 'River': 0, 'Drain': 2, 'Restoration': 0, 'Protection': 0, 'irr': 0, 'irrigation': 0, 'dam': 0, 'Nallah': 0, 'Retrofitting': 0, 'Pond': 0, 'Pokhari': 0, 'D/C': 0, 'Recharge shaft': 0, 'LFB': 0, 'RFB': 0}","{'Floodlight': 0, 'Flood Light': 0, 'GAS': 0, 'FIFA': 0, 'pipe': 0, 'pipes': 0, 'covid': 0, 'supply': 0, 'Beautification': 0, 'Installation': 0}",Pre-Monsoon,,False,True,Repair and Restoration,"{'reconstruction': 2, 'Drain': 2}"
2025_CERWI_122874_17,Tender Online RCK-20/25,Construction of Road from Hadua Irrigation Embankment Dhadiakula via Upar Juania GP office road under MMSY-TRIP in the Dist. of Kendrapara for the year 2025-26.,Construction of road works,Works,National Competitive Bid,Percentage,Civil Works - Roads,No,No,NA ,16-Dec-2025 04:30 PM,NA ,90.0,No ,No,Online,13-Jan-2026 11:00 AM,CE RW I||RWCIRCLE-KENDRAPARA,Kendrapara,754211.0,2.0,"3,12,03,864",AMAN INFRA ENGINEERING AND CONSTRUCTION,"26,526,405",Rejected-Finance,13-Aug-2026,CE RW I||RWCIRCLE-KENDRAPARA,True,"{'Flood': 0, 'Embankment': 1, 'embkt': 0, 'Relief': 0, 'Erosion': 0, 'SDRF': 0, 'Inundation': 0, 'Hydrology': 0, 'Silt': 0, 'Siltation': 0, 'Bund': 0, 'Trench': 0, 'Breach': 0, 'Culvert': 0, 'Sluice': 0, 'Dyke': 0, 'Storm water drain': 0, 'Emergency': 0, 'Immediate': 0, 'IM': 0, 'AE': 0, 'A E': 0, 'AAPDA MITRA': 0, 'flood': 0, 'Bridge': 0, 'River': 0, 'Drain': 0, 'Restoration': 0, 'Protection': 0, 'irr': 0, 'irrigation': 1, 'dam': 0, 'Nallah': 0, 'Retrofitting': 0, 'Pond': 0, 'Pokhari': 0, 'D/C': 0, 'Recharge shaft': 0, 'LFB': 0, 'RFB': 0}","{'Floodlight': 0, 'Flood Light': 0, 'GAS': 0, 'FIFA': 0, 'pipe': 0, 'pipes': 0, 'covid': 0, 'supply': 0, 'Beautification': 0, 'Installation': 0}",Post-Monsoon,,False,True,Repair and Restoration,{'Construction': 2}
2026_ORULB_127693_17,MC(CMC)CTC_Div-IIINo1/2026-27,Re-construction of culvert and construction of Paver Block road from Ridhi Sidhi Mandap back side to Sunya Mohanty res and Plot No.1341/8 to Bichitra Nanda Panda res at Mahanadi Vihar in Ward No.47.,Re-construction of culvert and construction of Paver Block road from Ridhi Sidhi Mandap back side to Sunya Mohanty res and Plot No.1341/8 to Bichitra Nanda Panda res at Mahanadi Vihar in Ward No.47.,Works,Open Tender,Percentage,Civil Works - Others,No,No,NA ,07-Apr-2026 05:00 PM,NA ,105.0,No ,No,Online,22-Apr-2026 10:00 AM,Municipal Bodies||Cuttack Municipal Corporation,CMC,753012.0,1.0,"18,11,606",CHITTA RANJAN SAHOO,"1,811,606",Accepted-AOC,17-Aug-2026,Municipal Bodies||Cuttack Municipal Corporation,True,"{'Flood': 0, 'Embankment': 0, 'embkt': 0, 'Relief': 0, 'Erosion': 0, 'SDRF': 0, 'Inundation': 0, 'Hydrology': 0, 'Silt': 0, 'Siltation': 0, 'Bund': 0, 'Trench': 0, 'Breach': 0, 'Culvert': 2, 'Sluice': 0, 'Dyke': 0, 'Storm water drain': 0, 'Emergency': 0, 'Immediate': 0, 'IM': 0, 'AE': 0, 'A E': 0, 'AAPDA MITRA': 0, 'flood': 0, 'Bridge': 0, 'River': 0, 'Drain': 0, 'Restoration': 0, 'Protection': 0, 'irr': 0, 'irrigation': 0, 'dam': 0, 'Nallah': 0, 'Retrofitting': 0, 'Pond': 0, 'Pokhari': 0, 'D/C': 0, 'Recharge shaft': 0, 'LFB': 0, 'RFB': 0}","{'Floodlight': 0, 'Flood Light': 0, 'GAS': 0, 'FIFA': 0, 'pipe': 0, 'pipes': 0, 'covid': 0, 'supply': 0, 'Beautification': 0, 'Installation': 0}",Pre-Monsoon,,False,True,Repair and Restoration,{'Construction': 4}
2026_ORULB_129287_1,EO/RGP/01 of 2026-27,Construction of Drain with Cover Slab from Majid house towards Kalam House at Ward no. 04,Construction of Drain with Cover Slab from Majid house towards Kalam House at Ward no. 04,Works,Open Tender,Percentage,Civil Works - Others,No,No,NA ,15-May-2026 11:00 AM,NA ,90.0,No ,No,Online,28-May-2026 11:00 AM,Municipal Bodies||Rajgangpur Municipality,Rajgangpur Municipality,770017.0,1.0,"5,00,000",GIRIJA PRASAD SAMAL,"500,000",Rejected-AOC,17-Aug-2026,Municipal Bodies||Rajgangpur Municipality,True,"{'Flood': 0, 'Embankment': 0, 'embkt': 0, 'Relief': 0, 'Erosion': 0, 'SDRF': 0, 'Inundation': 0, 'Hydrology': 0, 'Silt': 0, 'Siltation': 0, 'Bund': 0, 'Trench': 0, 'Breach': 0, 'Culvert': 0, 'Sluice': 0, 'Dyke': 0, 'Storm water drain': 0, 'Emergency': 0, 'Immediate': 0, 'IM': 0, 'AE': 0, 'A E': 0, 'AAPDA MITRA': 0, 'flood': 0, 'Bridge': 0, 'River': 0, 'Drain': 2, 'Restoration': 0, 'Protection': 0, 'irr': 0, 'irrigation': 0, 'dam': 0, 'Nallah': 0, 'Retrofitting': 0, 'Pond': 0, 'Pokhari': 0, 'D/C': 0, 'Recharge shaft': 0, 'LFB': 0, 'RFB': 0}","{'Floodlight': 0, 'Flood Light': 0, 'GAS': 0, 'FIFA': 0, 'pipe': 0, 'pipes': 0, 'covid': 0, 'supply': 0, 'Beautification': 0, 'Installation': 0}",Pre-Monsoon,,False,True,Repair and Restoration,"{'Construction': 2, 'Drain': 2}"
2026_CEMIB_124558_20,BID IDENTIFICATION NO_SEMIDN_14_OF2025_26,Improvement to Adakata-I Check Dam in Gania Block of Nayagarh district under Improvement to Check Dam grant for the year 2025-26,Improvement to Adakata-I Check Dam in Gania Block of Nayagarh district under Improvement to Check Dam grant for the year 2025-26,Works,National Competitive Bid,Percentage,Civil Works - Others,No,No,NA ,14-Jan-2026 10:00 AM,NA ,90.0,No ,No,Online,21-Jan-2026 11:00 AM,"CE,Minor Irrigation,BBSR||SECMIC-BHUBANESWAR||EE MI Divn. Nayagarh",SUPERINTENDING ENGINEER M I DIVISION NAYAGARH,752070.0,1.0,,BULU DAS (S.C),"327,140.57",Rejected-AOC,14-Aug-2026,"CE,Minor Irrigation,BBSR||SECMIC-BHUBANESWAR||EE MI Divn. Nayagarh",True,"{'Flood': 0, 'Embankment': 0, 'embkt': 0, 'Relief': 0, 'Erosion': 0, 'SDRF': 0, 'Inundation': 0, 'Hydrology': 0, 'Silt': 0, 'Siltation': 0, 'Bund': 0, 'Trench': 0, 'Breach': 0, 'Culvert': 0, 'Sluice': 0, 'Dyke': 0, 'Storm water drain': 0, 'Emergency': 0, 'Immediate': 0, 'IM': 0, 'AE': 0, 'A E': 0, 'AAPDA MITRA': 0, 'flood': 0, 'Bridge': 0, 'River': 0, 'Drain': 0, 'Restoration': 0, 'Protection': 0, 'irr': 0, 'irrigation': 0, 'dam': 4, 'Nallah': 0, 'Retrofitting': 0, 'Pond': 0, 'Pokhari': 0, 'D/C': 0, 'Recharge shaft': 0, 'LFB': 0, 'RFB': 0}","{'Floodlight': 0, 'Flood Light': 0, 'GAS': 0, 'FIFA': 0, 'pipe': 0, 'pipes': 0, 'covid': 0, 'supply': 0, 'Beautification': 0, 'Installation': 0}",Post-Monsoon,,False,False,Repair and Restoration,"{'improvement': 4, 'Check Dam': 4}"
2025_ORULB_120037_5,PM_02/2025-26,Irigation Road to Jogesh Panda House and Sandhapalli Cenal Bridge to Baula Dhal House In Ward No- 02,Irigation Road to Jogesh Panda House and Sandhapalli Cenal Bridge to Baula Dhal House In Ward No- 02,Works,Open Limited,Percentage,Civil Works - Others,No,No,NA ,25-Oct-2025 06:00 PM,NA ,90.0,No ,No,Online,15-Nov-2025 11:00 AM,Municipal Bodies||Pattamundai Municipality,Pattamundai,754215.0,1.0,"16,79,259",ASHOK KUMAR MALLICK,"1,783,175",Accepted-AOC,06-Aug-2026,Municipal Bodies||Pattamundai Municipality,True,"{'Flood': 0, 'Embankment': 0, 'embkt': 0, 'Relief': 0, 'Erosion': 0, 'SDRF': 0, 'Inundation': 0, 'Hydrology': 0, 'Silt': 0, 'Siltation': 0, 'Bund': 0, 'Trench': 0, 'Breach': 0, 'Culvert': 0, 'Sluice': 0, 'Dyke': 0, 'Storm water drain': 0, 'Emergency': 0, 'Immediate': 0, 'IM': 0, 'AE': 0, 'A E': 0, 'AAPDA MITRA': 0, 'flood': 0, 'Bridge': 2, 'River': 0, 'Drain': 0, 'Restoration': 0, 'Protection': 0, 'irr': 0, 'irrigation': 0, 'dam': 0, 'Nallah': 0, 'Retrofitting': 0, 'Pond': 0, 'Pokhari': 0, 'D/C': 0, 'Recharge shaft': 0, 'LFB': 0, 'RFB': 0}","{'Floodlight': 0, 'Flood Light': 0, 'GAS': 0, 'FIFA': 0, 'pipe': 0, 'pipes': 0, 'covid': 0, 'supply': 0, 'Beautification': 0, 'Installation': 0}",Post-Monsoon,,False,True,Repair and Restoration,{'Bridge': 2}
2026_CERWI_124757_1,RWCSBP-28 OF 2025-26,Construction of Bridge over Local Nallah on Tanpura to Janda road in the district of Sambalpur under SBY for the year 2024-25.,Construction of Bridge over Local Nallah on Tanpura to Janda road in the district of Sambalpur under SBY for the year 2024-25.,Works,Open Tender,Percentage,Civil Works - Bridges,No,No,NA ,19-Jan-2026 09:00 AM,NA ,90.0,No ,No,Online,28-Jan-2026 11:00 AM,CE RW I||RWCIRCLE-SAMBALPUR,Kuchinda,768222.0,2.0,"5,22,80,986",JISHU KRISHNA PATRA,"43,089,988",Rejected-Technical,06-Aug-2026,CE RW I||RWCIRCLE-SAMBALPUR,True,"{'Flood': 0, 'Embankment': 0, 'embkt': 0, 'Relief': 0, 'Erosion': 0, 'SDRF': 0, 'Inundation': 0, 'Hydrology': 0, 'Silt': 0, 'Siltation': 0, 'Bund': 0, 'Trench': 0, 'Breach': 0, 'Culvert': 0, 'Sluice': 0, 'Dyke': 0, 'Storm water drain': 0, 'Emergency': 0, 'Immediate': 0, 'IM': 0, 'AE': 0, 'A E': 0, 'AAPDA MITRA': 0, 'flood': 0, 'Bridge': 2, 'River': 0, 'Drain': 0, 'Restoration': 0, 'Protection': 0, 'irr': 0, 'irrigation': 0, 'dam': 0, 'Nallah': 2, 'Retrofitting': 0, 'Pond': 0, 'Pokhari': 0, 'D/C': 0, 'Recharge shaft': 0, 'LFB': 0, 'RFB': 0}","{'Floodlight': 0, 'Flood Light': 0, 'GAS': 0, 'FIFA': 0, 'pipe': 0, 'pipes': 0, 'covid': 0, 'supply': 0, 'Beautification': 0, 'Installation': 0}",Post-Monsoon,,False,True,Repair and Restoration,"{'Construction': 2, 'Bridge': 2}"
2026_ORULB_129080_11,JM-TCN01/2026-27,Repair of drain at Christian Street 4th line near Nila Medical Store ward no 4,As per DTCN,Works,Open Tender,Percentage,Civil Works - Others,No,No,NA ,12-May-2026 11:00 AM,NA ,120.0,No ,No,Online,02-Jun-2026 11:00 AM,Municipal Bodies||Jeypore Municipality,Jeypore,764001.0,1.0,"2,54,237",BINIT RAJ SATMAN,"244,628",Accepted-AOC,05-Aug-2026,Municipal Bodies||Jeypore Municipality,True,"{'Flood': 0, 'Embankment': 0, 'embkt': 0, 'Relief': 0, 'Erosion': 0, 'SDRF': 0, 'Inundation': 0, 'Hydrology': 0, 'Silt': 0, 'Siltation': 0, 'Bund': 0, 'Trench': 0, 'Breach': 0, 'Culvert': 0, 'Sluice': 0, 'Dyke': 0, 'Storm water drain': 0, 'Emergency': 0, 'Immediate': 0, 'IM': 0, 'AE': 0, 'A E': 0, 'AAPDA MITRA': 0, 'flood': 0, 'Bridge': 0, 'River': 0, 'Drain': 1, 'Restoration': 0, 'Protection': 0, 'irr': 0, 'irrigation': 0, 'dam': 0, 'Nallah': 0, 'Retrofitting': 0, 'Pond': 0, 'Pokhari': 0, 'D/C': 0, 'Recharge shaft': 0, 'LFB': 0, 'RFB': 0}","{'Floodlight': 0, 'Flood Light': 0, 'GAS': 0, 'FIFA': 0, 'pipe': 0, 'pipes': 0, 'covid': 0, 'supply': 0, 'Beautification': 0, 'Installation': 0}",Pre-Monsoon,,False,True,Repair and Restoration,"{'repair': 1, 'Drain': 1}"
2025_ORULB_123394_9,EO/JMC/087/2025-26,Repair and Restoration work at Bijupatnaik Park in Ward No.- 10,Repair and Restoration work at Bijupatnaik Park in Ward No.- 10,Works,Open Tender,Percentage,Civil Works - Others,No,No,NA ,24-Dec-2025 10:00 AM,NA ,30.0,No ,No,Online,08-Jan-2026 11:00 AM,Municipal Bodies||Jatni Municipal Council,"EXECUTIVE OFFICER,JATNI MUNICIPALITY",752050.0,1.0,"10,17,060",PRASANNA KUMAR NAYAK,"864,603",Rejected-Finance,06-Aug-2026,Municipal Bodies||Jatni Municipal Council,True,"{'Flood': 0, 'Embankment': 0, 'embkt': 0, 'Relief': 0, 'Erosion': 0, 'SDRF': 0, 'Inundation': 0, 'Hydrology': 0, 'Silt': 0, 'Siltation': 0, 'Bund': 0, 'Trench': 0, 'Breach': 0, 'Culvert': 0, 'Sluice': 0, 'Dyke': 0, 'Storm water drain': 0, 'Emergency': 0, 'Immediate': 0, 'IM': 0, 'AE': 0, 'A E': 0, 'AAPDA MITRA': 0, 'flood': 0, 'Bridge': 0, 'River': 0, 'Drain': 0, 'Restoration': 2, 'Protection': 0, 'irr': 0, 'irrigation': 0, 'dam': 0, 'Nallah': 0, 'Retrofitting': 0, 'Pond': 0, 'Pokhari': 0, 'D/C': 0, 'Recharge shaft': 0, 'LFB': 0, 'RFB': 0}","{'Floodlight': 0, 'Flood Light': 0, 'GAS': 0, 'FIFA': 0, 'pipe': 0, 'pipes': 0, 'covid': 0, 'supply': 0, 'Beautification': 0, 'Installation': 0}",Post-Monsoon,,False,False,Repair and Restoration,"{'repair': 2, 'restoration': 2}"
2025_CELBB_119432_7,MND-09 OF 2025-26,Protection to scoured bank on Chitrotpala left embankment from RD 45.100 Km to 45.220 Km near village Pikirali for the year 2025-26,Protection to scoured bank on Chitrotpala left embankment from RD 45.100 Km to 45.220 Km near village Pikirali for the year 2025-26,Works,National Competitive Bid,Percentage,Civil Works - Others,No,No,NA ,14-Oct-2025 10:00 AM,NA ,90.0,No ,No,Online,29-Oct-2025 11:30 AM,"CE-BM,LMB Basin,BBSR||SE, Eastern Circle,Cuttack||EE, Mahanadi North Division,Jagatpur",PUNDALO,754102.0,2.0,"84,36,287",SARIKA SATAPATHY,"7,171,688",Rejected-Finance,06-Aug-2026,"CE-BM,LMB Basin,BBSR||SE, Eastern Circle,Cuttack||EE, Mahanadi North Division,Jagatpur",True,"{'Flood': 0, 'Embankment': 2, 'embkt': 0, 'Relief': 0, 'Erosion': 0, 'SDRF': 0, 'Inundation': 0, 'Hydrology': 0, 'Silt': 0, 'Siltation': 0, 'Bund': 0, 'Trench': 0, 'Breach': 0, 'Culvert': 0, 'Sluice': 0, 'Dyke': 0, 'Storm water drain': 0, 'Emergency': 0, 'Immediate': 0, 'IM': 0, 'AE': 0, 'A E': 0, 'AAPDA MITRA': 0, 'flood': 0, 'Bridge': 0, 'River': 0, 'Drain': 0, 'Restoration': 0, 'Protection': 2, 'irr': 0, 'irrigation': 0, 'dam': 0, 'Nallah': 0, 'Retrofitting': 0, 'Pond': 0, 'Pokhari': 0, 'D/C': 0, 'Recharge shaft': 0, 'LFB': 0, 'RFB': 0}","{'Floodlight': 0, 'Flood Light': 0, 'GAS': 0, 'FIFA': 0, 'pipe': 0, 'pipes': 0, 'covid': 0, 'supply': 0, 'Beautification': 0, 'Installation': 0}",Post-Monsoon,,False,True,Preparedness Measures,"{'Protection': 2, 'scoured': 2, 'Scoured bank': 2}"
2026_ORULB_126678_2,37/SMC_SBP/2025-26,Development and Maintenance of Potholes-free roads and Covering of slab in open drain in Panikapada and Daldalipada slum area in ward No.17 under Sambalpur Municipal Corporation.,Development and Maintenance of Potholes-free roads and Covering of slab in open drain in Panikapada and Daldalipada slum area in ward No.17 under Sambalpur Municipal Corporation.,Works,Open Tender,Percentage,Civil Works - Others,No,No,NA ,06-Mar-2026 11:00 AM,NA ,120.0,No ,No,Online,17-Mar-2026 11:00 AM,Municipal Bodies||Sambalpur Municipal Corporation,Sambalpur Municipal Corporation,768006.0,1.0,"41,64,369",AJIT PADHIARY,"4,164,369",Accepted-AOC,21-Aug-2026,Municipal Bodies||Sambalpur Municipal Corporation,True,"{'Flood': 0, 'Embankment': 0, 'embkt': 0, 'Relief': 0, 'Erosion': 0, 'SDRF': 0, 'Inundation': 0, 'Hydrology': 0, 'Silt': 0, 'Siltation': 0, 'Bund': 0, 'Trench': 0, 'Breach': 0, 'Culvert': 0, 'Sluice': 0, 'Dyke': 0, 'Storm water drain': 0, 'Emergency': 0, 'Immediate': 0, 'IM': 0, 'AE': 0, 'A E': 0, 'AAPDA MITRA': 0, 'flood': 0, 'Bridge': 0, 'River': 0, 'Drain': 2, 'Restoration': 0, 'Protection': 0, 'irr': 0, 'irrigation': 0, 'dam': 0, 'Nallah': 0, 'Retrofitting': 0, 'Pond': 0, 'Pokhari': 0, 'D/C': 0, 'Recharge shaft': 0, 'LFB': 0, 'RFB': 0}","{'Floodlight': 0, 'Flood Light': 0, 'GAS': 0, 'FIFA': 0, 'pipe': 0, 'pipes': 0, 'covid': 0, 'supply': 0, 'Beautification': 0, 'Installation': 0}",Pre-Monsoon,,False,True,Repair and Restoration,{'Drain': 2}
2025_CELBB_120208_34,MND-11 OF 2025-26,Restoration to scoured bank on Karandia left embankment at RD 2.950 Km near Balarampur for the year 2025-26,Restoration to scoured bank on Karandia left embankment at RD 2.950 Km near Balarampur for the year 2025-26,Works,National Competitive Bid,Percentage,Civil Works - Others,No,No,NA ,29-Oct-2025 10:00 AM,NA ,90.0,No ,No,Online,10-Nov-2025 11:30 AM,"CE-BM,LMB Basin,BBSR||SE, Eastern Circle,Cuttack||EE, Mahanadi North Division,Jagatpur",NURTANG,754021.0,1.0,"34,39,996",AMLAN KUMAR PANDA,"2,924,341",Rejected-Finance,13-Aug-2026,"CE-BM,LMB Basin,BBSR||SE, Eastern Circle,Cuttack||EE, Mahanadi North Division,Jagatpur",True,"{'Flood': 0, 'Embankment': 2, 'embkt': 0, 'Relief': 0, 'Erosion': 0, 'SDRF': 0, 'Inundation': 0, 'Hydrology': 0, 'Silt': 0, 'Siltation': 0, 'Bund': 0, 'Trench': 0, 'Breach': 0, 'Culvert': 0, 'Sluice': 0, 'Dyke': 0, 'Storm water drain': 0, 'Emergency': 0, 'Immediate': 0, 'IM': 0, 'AE': 0, 'A E': 0, 'AAPDA MITRA': 0, 'flood': 0, 'Bridge': 0, 'River': 0, 'Drain': 0, 'Restoration': 2, 'Protection': 0, 'irr': 0, 'irrigation': 0, 'dam': 0, 'Nallah': 0, 'Retrofitting': 0, 'Pond': 0, 'Pokhari': 0, 'D/C': 0, 'Recharge shaft': 0, 'LFB': 0, 'RFB': 0}","{'Floodlight': 0, 'Flood Light': 0, 'GAS': 0, 'FIFA': 0, 'pipe': 0, 'pipes': 0, 'covid': 0, 'supply': 0, 'Beautification': 0, 'Installation': 0}",Post-Monsoon,,False,True,Repair and Restoration,{'restoration': 2}
2026_ORULB_127812_3,MC(CMC)CTC_Div-IIiNo1/2026-27,"Construction of road and RCC drain with cover slab from Paramananda Behera res to Devi Prasad Das res at Majhi Sahi, Tower gali Jobra in Ward No.40.","Construction of road and RCC drain with cover slab from Paramananda Behera res to Devi Prasad Das res at Majhi Sahi, Tower gali Jobra in Ward No.40.",Works,Open Tender,Percentage,Civil Works - Others,No,No,NA ,13-Apr-2026 03:45 PM,NA ,45.0,No ,No,Online,27-Apr-2026 10:00 AM,Municipal Bodies||Cuttack Municipal Corporation,CMC,753012.0,1.0,"5,86,398",SUBRAT KUMAR NAYAK,"586,397.52",Rejected-AOC,10-Aug-2026,Municipal Bodies||Cuttack Municipal Corporation,True,"{'Flood': 0, 'Embankment': 0, 'embkt': 0, 'Relief': 0, 'Erosion': 0, 'SDRF': 0, 'Inundation': 0, 'Hydrology': 0, 'Silt': 0, 'Siltation': 0, 'Bund': 0, 'Trench': 0, 'Breach': 0, 'Culvert': 0, 'Sluice': 0, 'Dyke': 0, 'Storm water drain': 0, 'Emergency': 0, 'Immediate': 0, 'IM': 0, 'AE': 0, 'A E': 0, 'AAPDA MITRA': 0, 'flood': 0, 'Bridge': 0, 'River': 0, 'Drain': 2, 'Restoration': 0, 'Protection': 0, 'irr': 0, 'irrigation': 0, 'dam': 0, 'Nallah': 0, 'Retrofitting': 0, 'Pond': 0, 'Pokhari': 0, 'D/C': 0, 'Recharge shaft': 0, 'LFB': 0, 'RFB': 0}","{'Floodlight': 0, 'Flood Light': 0, 'GAS': 0, 'FIFA': 0, 'pipe': 0, 'pipes': 0, 'covid': 0, 'supply': 0, 'Beautification': 0, 'Installation': 0}",Pre-Monsoon,,False,True,Repair and Restoration,"{'Construction': 2, 'Drain': 2}"
2026_CELBB_130083_12,SEPRD04/2026-27,Protection to Daya Right Embankment From RD 8.80 to 9.10 Km. and RD 13.50 to 13.80 Km.,EMBANKMENT WORK,Works,Open Tender,Percentage,Civil Works - Canal,No,No,NA ,02-Jun-2026 11:00 AM,NA ,90.0,No ,No,Online,17-Jun-2026 10:30 AM,"CE-BM,LMB Basin,BBSR||SE, Central Irr.Circle, BBSR||EE,Prachi Division,Bhubaneswar",BBSR,753001.0,2.0,"80,21,775",ALOKASHRIBAD PANDA,"5,615,242",Rejected-Finance,20-Aug-2026,"CE-BM,LMB Basin,BBSR||SE, Central Irr.Circle, BBSR||EE,Prachi Division,Bhubaneswar",True,"{'Flood': 0, 'Embankment': 2, 'embkt': 0, 'Relief': 0, 'Erosion': 0, 'SDRF': 0, 'Inundation': 0, 'Hydrology': 0, 'Silt': 0, 'Siltation': 0, 'Bund': 0, 'Trench': 0, 'Breach': 0, 'Culvert': 0, 'Sluice': 0, 'Dyke': 0, 'Storm water drain': 0, 'Emergency': 0, 'Immediate': 0, 'IM': 0, 'AE': 0, 'A E': 0, 'AAPDA MITRA': 0, 'flood': 0, 'Bridge': 0, 'River': 0, 'Drain': 0, 'Restoration': 0, 'Protection': 1, 'irr': 0, 'irrigation': 0, 'dam': 0, 'Nallah': 0, 'Retrofitting': 0, 'Pond': 0, 'Pokhari': 0, 'D/C': 0, 'Recharge shaft': 0, 'LFB': 0, 'RFB': 0}","{'Floodlight': 0, 'Flood Light': 0, 'GAS': 0, 'FIFA': 0, 'pipe': 0, 'pipes': 0, 'covid': 0, 'supply': 0, 'Beautification': 0, 'Installation': 0}",Monsoon,,False,True,Preparedness Measures,{'Protection': 1}
2025_ORULB_120782_20,EO/JMC/086/2025-26,"Rejuvenation of Sandhapur village Pokhari at Ward no-9 of Jatni Municipality,Khordha","Rejuvenation of Sandhapur village Pokhari at Ward no-9 of Jatni Municipality,Khordha",Works,Open Tender,Percentage,Civil Works - Others,No,No,NA ,10-Nov-2025 02:00 PM,NA ,30.0,No ,No,Online,28-Nov-2025 11:00 AM,Municipal Bodies||Jatni Municipal Council,"EXECUTIVE OFFICER,JATNI MUNICIPALITY",752050.0,1.0,"14,14,337",PRADHAN CONSTRUCTION,"1,202,359",Accepted-AOC,05-Aug-2026,Municipal Bodies||Jatni Municipal Council,True,"{'Flood': 0, 'Embankment': 0, 'embkt': 0, 'Relief': 0, 'Erosion': 0, 'SDRF': 0, 'Inundation': 0, 'Hydrology': 0, 'Silt': 0, 'Siltation': 0, 'Bund': 0, 'Trench': 0, 'Breach': 0, 'Culvert': 0, 'Sluice': 0, 'Dyke': 0, 'Storm water drain': 0, 'Emergency': 0, 'Immediate': 0, 'IM': 0, 'AE': 0, 'A E': 0, 'AAPDA MITRA': 0, 'flood': 0, 'Bridge': 0, 'River': 0, 'Drain': 0, 'Restoration': 0, 'Protection': 0, 'irr': 0, 'irrigation': 0, 'dam': 0, 'Nallah': 0, 'Retrofitting': 0, 'Pond': 0, 'Pokhari': 2, 'D/C': 0, 'Recharge shaft': 0, 'LFB': 0, 'RFB': 0}","{'Floodlight': 0, 'Flood Light': 0, 'GAS': 0, 'FIFA': 0, 'pipe': 0, 'pipes': 0, 'covid': 0, 'supply': 0, 'Beautification': 0, 'Installation': 0}",Post-Monsoon,,False,False,Others,
2025_CEBBS_118895_12,SERID-RKL-04/2025-26,Improvement to Dharanidharpali Sub - minor canal from RD 500 to 750m of Rukura Irrigation Project,Improvement to Dharanidharpali Sub - minor canal from RD 500 to 750m of Rukura Irrigation Project,Works,Open Tender,Percentage,Civil Works - Canal,No,No,NA ,04-Oct-2025 10:00 AM,NA ,90.0,No ,No,Online,15-Oct-2025 11:00 AM,CE and BM Brahmani Basin Samal||APD cum CCE RIP Samal||Rourkela Irrigation Division Rourkela,Bonai,770038.0,1.0,"8,31,586",BISWAPRAKASH SAHU,"706,931.82",Accepted-AOC,07-Aug-2026,CE and BM Brahmani Basin Samal||APD cum CCE RIP Samal||Rourkela Irrigation Division Rourkela,True,"{'Flood': 0, 'Embankment': 0, 'embkt': 0, 'Relief': 0, 'Erosion': 0, 'SDRF': 0, 'Inundation': 0, 'Hydrology': 0, 'Silt': 0, 'Siltation': 0, 'Bund': 0, 'Trench': 0, 'Breach': 0, 'Culvert': 0, 'Sluice': 0, 'Dyke': 0, 'Storm water drain': 0, 'Emergency': 0, 'Immediate': 0, 'IM': 0, 'AE': 0, 'A E': 0, 'AAPDA MITRA': 0, 'flood': 0, 'Bridge': 0, 'River': 0, 'Drain': 0, 'Restoration': 0, 'Protection': 0, 'irr': 0, 'irrigation': 2, 'dam': 0, 'Nallah': 0, 'Retrofitting': 0, 'Pond': 0, 'Pokhari': 0, 'D/C': 0, 'Recharge shaft': 0, 'LFB': 0, 'RFB': 0}","{'Floodlight': 0, 'Flood Light': 0, 'GAS': 0, 'FIFA': 0, 'pipe': 0, 'pipes': 0, 'covid': 0, 'supply': 0, 'Beautification': 0, 'Installation': 0}",Post-Monsoon,,False,False,Repair and Restoration,{'improvement': 2}
2026_JIRR_124173_17,JKID-04 OF 2025-26,16-Protection to Scoured portion on Brahmani right Embankment near village Kabatabandha,Protection to Scoured portion on Brahmani right Embankment near village Kabatabandha,Works,National Competitive Bid,Percentage,Civil Works - Others,No,No,NA ,05-Jan-2026 11:00 AM,NA ,90.0,No ,No,Online,16-Jan-2026 11:00 AM,CE AND BM MBBS CHANDIKOLE||EASTERN CIRCLE II CHANDIKOLE||Jaraka Irr Div Jaraka,Jaraka,755050.0,1.0,"39,94,863",RABI SETHI,"3,906,177",Rejected-Technical,16-Jun-2026,CE AND BM MBBS CHANDIKOLE||EASTERN CIRCLE II CHANDIKOLE||Jaraka Irr Div Jaraka,True,"{'Flood': 0, 'Embankment': 2, 'embkt': 0, 'Relief': 0, 'Erosion': 0, 'SDRF': 0, 'Inundation': 0, 'Hydrology': 0, 'Silt': 0, 'Siltation': 0, 'Bund': 0, 'Trench': 0, 'Breach': 0, 'Culvert': 0, 'Sluice': 0, 'Dyke': 0, 'Storm water drain': 0, 'Emergency': 0, 'Immediate': 0, 'IM': 0, 'AE': 0, 'A E': 0, 'AAPDA MITRA': 0, 'flood': 0, 'Bridge': 0, 'River': 0, 'Drain': 0, 'Restoration': 0, 'Protection': 2, 'irr': 0, 'irrigation': 0, 'dam': 0, 'Nallah': 0, 'Retrofitting': 0, 'Pond': 0, 'Pokhari': 0, 'D/C': 0, 'Recharge shaft': 0, 'LFB': 0, 'RFB': 0}","{'Floodlight': 0, 'Flood Light': 0, 'GAS': 0, 'FIFA': 0, 'pipe': 0, 'pipes': 0, 'covid': 0, 'supply': 0, 'Beautification': 0, 'Installation': 0}",Post-Monsoon,,False,True,Preparedness Measures,"{'Protection': 2, 'scoured': 2}"
2026_ORULB_124509_12,BMC-EE-Tender Cell-62/2025-26 Dt. 12.01.2026,Construction of road and drain Ganguram side lane (In front of Golap Mandap) in Ward No. 37,Construction of road and drain Ganguram side lane (In front of Golap Mandap) in Ward No. 37,Works,Open Tender,Percentage,Civil Works - Roads,No,No,NA ,15-Jan-2026 10:30 AM,19-Jan-2026 04:30 PM ,120.0,No ,No,Online,27-Jan-2026 04:00 PM,Municipal Bodies||Bhubaneswar Municipal Corporation,BMC AREA,751022.0,1.0,"6,77,968",JHARANA DAS,"800,003",Rejected-Finance,20-Aug-2026,Municipal Bodies||Bhubaneswar Municipal Corporation,True,"{'Flood': 0, 'Embankment': 0, 'embkt': 0, 'Relief': 0, 'Erosion': 0, 'SDRF': 0, 'Inundation': 0, 'Hydrology': 0, 'Silt': 0, 'Siltation': 0, 'Bund': 0, 'Trench': 0, 'Breach': 0, 'Culvert': 0, 'Sluice': 0, 'Dyke': 0, 'Storm water drain': 0, 'Emergency': 0, 'Immediate': 0, 'IM': 0, 'AE': 0, 'A E': 0, 'AAPDA MITRA': 0, 'flood': 0, 'Bridge': 0, 'River': 0, 'Drain': 2, 'Restoration': 0, 'Protection': 0, 'irr': 0, 'irrigation': 0, 'dam': 0, 'Nallah': 0, 'Retrofitting': 0, 'Pond': 0, 'Pokhari': 0, 'D/C': 0, 'Recharge shaft': 0, 'LFB': 0, 'RFB': 0}","{'Floodlight': 0, 'Flood Light': 0, 'GAS': 0, 'FIFA': 0, 'pipe': 0, 'pipes': 0, 'covid': 0, 'supply': 0, 'Beautification': 0, 'Installation': 0}",Post-Monsoon,,False,True,Repair and Restoration,"{'Construction': 2, 'Drain': 2}"
2025_ORULB_122956_11,JM-02/2025-26,Construction of drain Cover slab from Budhu Munda House towards River Sona Ward No 05,WORKS,Works,Open Tender,Percentage,Civil Works - Others,No,No,NA ,11-Dec-2025 10:00 AM,NA ,120.0,No ,No,Online,26-Dec-2025 11:00 AM,Municipal Bodies||Joda Municipality,JODA MUNICIPALITY AT PO BANEIKALA JODA KEONJHAR,758038.0,1.0,"4,23,816",BHAGYADHAR SETHY,"425,202",Rejected-AOC,09-Aug-2026,Municipal Bodies||Joda Municipality,True,"{'Flood': 0, 'Embankment': 0, 'embkt': 0, 'Relief': 0, 'Erosion': 0, 'SDRF': 0, 'Inundation': 0, 'Hydrology': 0, 'Silt': 0, 'Siltation': 0, 'Bund': 0, 'Trench': 0, 'Breach': 0, 'Culvert': 0, 'Sluice': 0, 'Dyke': 0, 'Storm water drain': 0, 'Emergency': 0, 'Immediate': 0, 'IM': 0, 'AE': 0, 'A E': 0, 'AAPDA MITRA': 0, 'flood': 0, 'Bridge': 0, 'River': 1, 'Drain': 1, 'Restoration': 0, 'Protection': 0, 'irr': 0, 'irrigation': 0, 'dam': 0, 'Nallah': 0, 'Retrofitting': 0, 'Pond': 0, 'Pokhari': 0, 'D/C': 0, 'Recharge shaft': 0, 'LFB': 0, 'RFB': 0}","{'Floodlight': 0, 'Flood Light': 0, 'GAS': 0, 'FIFA': 0, 'pipe': 0, 'pipes': 0, 'covid': 0, 'supply': 0, 'Beautification': 0, 'Installation': 0}",Post-Monsoon,,False,True,Repair and Restoration,"{'Construction': 1, 'Drain': 1}"
2026_CELBB_127770_4,MND-14 OF 2025-26 (Sl No-10-18),Restoration to Scoured bank on Mahandi Left near T- Bridge from RD 3800 m to 3950 m for the year 2026-27,Restoration to Scoured bank on Mahandi Left near T- Bridge from RD 3800 m to 3950 m for the year 2026-27,Works,National Competitive Bid,Percentage,Civil Works - Others,No,No,NA ,08-Apr-2026 10:00 AM,NA ,90.0,No ,No,Online,18-Apr-2026 11:30 AM,"CE-BM,LMB Basin,BBSR||SE, Eastern Circle,Cuttack||EE, Mahanadi North Division,Jagatpur",ATHAGARH,754021.0,1.0,"42,03,587",LALU PRASAD DAS,"4,203,587",Rejected-Finance,06-Aug-2026,"CE-BM,LMB Basin,BBSR||SE, Eastern Circle,Cuttack||EE, Mahanadi North Division,Jagatpur",True,"{'Flood': 0, 'Embankment': 0, 'embkt': 0, 'Relief': 0, 'Erosion': 0, 'SDRF': 0, 'Inundation': 0, 'Hydrology': 0, 'Silt': 0, 'Siltation': 0, 'Bund': 0, 'Trench': 0, 'Breach': 0, 'Culvert': 0, 'Sluice': 0, 'Dyke': 0, 'Storm water drain': 0, 'Emergency': 0, 'Immediate': 0, 'IM': 0, 'AE': 0, 'A E': 0, 'AAPDA MITRA': 0, 'flood': 0, 'Bridge': 2, 'River': 0, 'Drain': 0, 'Restoration': 2, 'Protection': 0, 'irr': 0, 'irrigation': 0, 'dam': 0, 'Nallah': 0, 'Retrofitting': 0, 'Pond': 0, 'Pokhari': 0, 'D/C': 0, 'Recharge shaft': 0, 'LFB': 0, 'RFB': 0}","{'Floodlight': 0, 'Flood Light': 0, 'GAS': 0, 'FIFA': 0, 'pipe': 0, 'pipes': 0, 'covid': 0, 'supply': 0, 'Beautification': 0, 'Installation': 0}",Pre-Monsoon,,False,True,Repair and Restoration,"{'restoration': 2, 'Bridge': 2}"
2026_ORULB_126873_2,39/SMC_SBP/2025-26,"Construction of RCC Drain with cover slab from Kanhai Mishra house to Nabakishor mishra house , Rajesh Sahu house to Ranjeet kumar house (Lane-I) and Kailash pradhan house to Debasish Dakua house (Lane-II) near Balasagar Bandh at Kultapada, Danipali","Construction of RCC Drain with cover slab from Kanhai Mishra house to Nabakishor mishra house , Rajesh Sahu house to Ranjeet kumar house (Lane-I) and Kailash pradhan house to Debasish Dakua house (Lane-II) near Balasagar Bandh at Kultapada, Danipali",Works,National Competitive Bid,Percentage,Civil Works - Others,No,No,NA ,07-Mar-2026 11:00 AM,NA ,120.0,No ,No,Online,30-Mar-2026 11:00 AM,Municipal Bodies||Sambalpur Municipal Corporation,SAMBALPUR MUNICIPAL CORPORATION,768006.0,2.0,"59,32,576",Pratik Kumar Agrawal,"5,932,601",Accepted-AOC,20-Aug-2026,Municipal Bodies||Sambalpur Municipal Corporation,True,"{'Flood': 0, 'Embankment': 0, 'embkt': 0, 'Relief': 0, 'Erosion': 0, 'SDRF': 0, 'Inundation': 0, 'Hydrology': 0, 'Silt': 0, 'Siltation': 0, 'Bund': 0, 'Trench': 0, 'Breach': 0, 'Culvert': 0, 'Sluice': 0, 'Dyke': 0, 'Storm water drain': 0, 'Emergency': 0, 'Immediate': 0, 'IM': 0, 'AE': 0, 'A E': 0, 'AAPDA MITRA': 0, 'flood': 0, 'Bridge': 0, 'River': 0, 'Drain': 2, 'Restoration': 0, 'Protection': 0, 'irr': 0, 'irrigation': 0, 'dam': 0, 'Nallah': 0, 'Retrofitting': 0, 'Pond': 0, 'Pokhari': 0, 'D/C': 0, 'Recharge shaft': 0, 'LFB': 0, 'RFB': 0}","{'Floodlight': 0, 'Flood Light': 0, 'GAS': 0, 'FIFA': 0, 'pipe': 0, 'pipes': 0, 'covid': 0, 'supply': 0, 'Beautification': 0, 'Installation': 0}",Pre-Monsoon,,False,True,Repair and Restoration,"{'Construction': 2, 'Drain': 2}"
2026_RMC_129126_1,MC/RMC/38/2026,"Open space developement under over bridge at Gangadhar pali, Ward No. 12 under RMC Rourkela",Works,Works,Open Tender,Percentage,Civil Works - Others,No,No,NA ,11-May-2026 12:00 PM,NA ,90.0,No ,No,Online,28-May-2026 09:00 AM,Rourkela Municipal Corporation,Rourkela,769012.0,1.0,"12,70,000",SASMITA SAMAL,"1,270,377.69",Rejected-Technical,12-Aug-2026,Rourkela Municipal Corporation,True,"{'Flood': 0, 'Embankment': 0, 'embkt': 0, 'Relief': 0, 'Erosion': 0, 'SDRF': 0, 'Inundation': 0, 'Hydrology': 0, 'Silt': 0, 'Siltation': 0, 'Bund': 0, 'Trench': 0, 'Breach': 0, 'Culvert': 0, 'Sluice': 0, 'Dyke': 0, 'Storm water drain': 0, 'Emergency': 0, 'Immediate': 0, 'IM': 0, 'AE': 0, 'A E': 0, 'AAPDA MITRA': 0, 'flood': 0, 'Bridge': 1, 'River': 0, 'Drain': 0, 'Restoration': 0, 'Protection': 0, 'irr': 0, 'irrigation': 0, 'dam': 0, 'Nallah': 0, 'Retrofitting': 0, 'Pond': 0, 'Pokhari': 0, 'D/C': 0, 'Recharge shaft': 0, 'LFB': 0, 'RFB': 0}","{'Floodlight': 0, 'Flood Light': 0, 'GAS': 0, 'FIFA': 0, 'pipe': 0, 'pipes': 0, 'covid': 0, 'supply': 0, 'Beautification': 0, 'Installation': 0}",Pre-Monsoon,,False,True,Repair and Restoration,{'Bridge': 1}
2025_ORULB_121012_19,EONM-02/2025-26,Construction of Drain with Paver Block Road from OM Shanti club to OSRTC office in Ward No 08,CIVIL WORK,Works,Open Tender,Percentage,Civil Works - Others,No,No,NA ,11-Nov-2025 11:00 AM,NA ,180.0,No ,No,Online,28-Nov-2025 11:00 AM,Municipal Bodies||Nabarangpur Municipality,Nabarangpur Municipality,764059.0,1.0,"13,19,891",M/s SANGRAM KUMAR MOHAPATRA,"1,319,759",Rejected-AOC,01-Aug-2026,Municipal Bodies||Nabarangpur Municipality,True,"{'Flood': 0, 'Embankment': 0, 'embkt': 0, 'Relief': 0, 'Erosion': 0, 'SDRF': 0, 'Inundation': 0, 'Hydrology': 0, 'Silt': 0, 'Siltation': 0, 'Bund': 0, 'Trench': 0, 'Breach': 0, 'Culvert': 0, 'Sluice': 0, 'Dyke': 0, 'Storm water drain': 0, 'Emergency': 0, 'Immediate': 0, 'IM': 0, 'AE': 0, 'A E': 0, 'AAPDA MITRA': 0, 'flood': 0, 'Bridge': 0, 'River': 0, 'Drain': 1, 'Restoration': 0, 'Protection': 0, 'irr': 0, 'irrigation': 0, 'dam': 0, 'Nallah': 0, 'Retrofitting': 0, 'Pond': 0, 'Pokhari': 0, 'D/C': 0, 'Recharge shaft': 0, 'LFB': 0, 'RFB': 0}","{'Floodlight': 0, 'Flood Light': 0, 'GAS': 0, 'FIFA': 0, 'pipe': 0, 'pipes': 0, 'covid': 0, 'supply': 0, 'Beautification': 0, 'Installation': 0}",Post-Monsoon,,False,True,Repair and Restoration,"{'Construction': 1, 'Drain': 1}"
2026_CERWI_125262_4,ONLINE TENDER 07/ RWD-II/2025-26,Repair to H.L. Bridge over river Brutanga on PWD Road to Kumbhirakhani for the year 2025-26,Road works,Works,Open Tender,Percentage,Civil Works - Roads,No,No,NA ,31-Jan-2026 12:00 PM,NA ,90.0,No ,No,Online,07-Feb-2026 05:30 PM,CE RW I||RWCIRCLE-BHUBANESWAR||RW Division Nayagarh-II,NAYAGARH,752069.0,1.0,"1,03,000",SAMITA NAYAK,"66,544",Rejected-AOC,06-Aug-2026,CE RW I||RWCIRCLE-BHUBANESWAR||RW Division Nayagarh-II,True,"{'Flood': 0, 'Embankment': 0, 'embkt': 0, 'Relief': 0, 'Erosion': 0, 'SDRF': 0, 'Inundation': 0, 'Hydrology': 0, 'Silt': 0, 'Siltation': 0, 'Bund': 0, 'Trench': 0, 'Breach': 0, 'Culvert': 0, 'Sluice': 0, 'Dyke': 0, 'Storm water drain': 0, 'Emergency': 0, 'Immediate': 0, 'IM': 0, 'AE': 0, 'A E': 0, 'AAPDA MITRA': 0, 'flood': 0, 'Bridge': 1, 'River': 1, 'Drain': 0, 'Restoration': 0, 'Protection': 0, 'irr': 0, 'irrigation': 0, 'dam': 0, 'Nallah': 0, 'Retrofitting': 0, 'Pond': 0, 'Pokhari': 0, 'D/C': 0, 'Recharge shaft': 0, 'LFB': 0, 'RFB': 0}","{'Floodlight': 0, 'Flood Light': 0, 'GAS': 0, 'FIFA': 0, 'pipe': 0, 'pipes': 0, 'covid': 0, 'supply': 0, 'Beautification': 0, 'Installation': 0}",Post-Monsoon,,False,True,Repair and Restoration,"{'repair': 1, 'Bridge': 1}"
2026_ORULB_129864_4,13/SMC_SBP/2026-27,"Construction of Paver Block road with drain from Burla VIP Road towards Gouri Shankar Nursing Home via Bijaya Panda House, Ward No-03 under SMC Sambalpur","Construction of Paver Block road with drain from Burla VIP Road towards Gouri Shankar Nursing Home via Bijaya Panda House, Ward No-03 under SMC Sambalpur",Works,Open Tender,Percentage,Civil Works - Others,No,No,NA ,30-May-2026 11:00 AM,NA ,90.0,No ,No,Online,09-Jun-2026 11:00 AM,Municipal Bodies||Sambalpur Municipal Corporation,SAMBALPUR MUNICIPAL CORPORATION,768004.0,1.0,"21,16,674","M/s. SURVEILLANCE SYSTEM, PROPRIETOR- ESHA JHAJHARIA","2,116,674",Rejected-Technical,20-Aug-2026,Municipal Bodies||Sambalpur Municipal Corporation,True,"{'Flood': 0, 'Embankment': 0, 'embkt': 0, 'Relief': 0, 'Erosion': 0, 'SDRF': 0, 'Inundation': 0, 'Hydrology': 0, 'Silt': 0, 'Siltation': 0, 'Bund': 0, 'Trench': 0, 'Breach': 0, 'Culvert': 0, 'Sluice': 0, 'Dyke': 0, 'Storm water drain': 0, 'Emergency': 0, 'Immediate': 0, 'IM': 0, 'AE': 0, 'A E': 0, 'AAPDA MITRA': 0, 'flood': 0, 'Bridge': 0, 'River': 0, 'Drain': 2, 'Restoration': 0, 'Protection': 0, 'irr': 0, 'irrigation': 0, 'dam': 0, 'Nallah': 0, 'Retrofitting': 0, 'Pond': 0, 'Pokhari': 0, 'D/C': 0, 'Recharge shaft': 0, 'LFB': 0, 'RFB': 0}","{'Floodlight': 0, 'Flood Light': 0, 'GAS': 0, 'FIFA': 0, 'pipe': 0, 'pipes': 0, 'covid': 0, 'supply': 0, 'Beautification': 0, 'Installation': 0}",Pre-Monsoon,,False,True,Repair and Restoration,"{'Construction': 2, 'Drain': 2}"
2026_CERWI_124920_4,ONLINE TENDER 06/ RWD-II/2025-26,Repair to HL bridge over Belpa Nallahon NH-57 to Sorada via Goudachancharapalli road,Road works,Works,Open Tender,Percentage,Civil Works - Roads,No,No,NA ,21-Jan-2026 03:00 PM,NA ,90.0,No ,No,Online,31-Jan-2026 11:00 AM,CE RW I||RWCIRCLE-BHUBANESWAR||RW Division Nayagarh-II,NAYAGARH,752069.0,1.0,"25,42,000",RADHAKANT SETHI,"1,873,387",Rejected-Finance,06-Aug-2026,CE RW I||RWCIRCLE-BHUBANESWAR||RW Division Nayagarh-II,True,"{'Flood': 0, 'Embankment': 0, 'embkt': 0, 'Relief': 0, 'Erosion': 0, 'SDRF': 0, 'Inundation': 0, 'Hydrology': 0, 'Silt': 0, 'Siltation': 0, 'Bund': 0, 'Trench': 0, 'Breach': 0, 'Culvert': 0, 'Sluice': 0, 'Dyke': 0, 'Storm water drain': 0, 'Emergency': 0, 'Immediate': 0, 'IM': 0, 'AE': 0, 'A E': 0, 'AAPDA MITRA': 0, 'flood': 0, 'Bridge': 1, 'River': 0, 'Drain': 0, 'Restoration': 0, 'Protection': 0, 'irr': 0, 'irrigation': 0, 'dam': 0, 'Nallah': 0, 'Retrofitting': 0, 'Pond': 0, 'Pokhari': 0, 'D/C': 0, 'Recharge shaft': 0, 'LFB': 0, 'RFB': 0}","{'Floodlight': 0, 'Flood Light': 0, 'GAS': 0, 'FIFA': 0, 'pipe': 0, 'pipes': 0, 'covid': 0, 'supply': 0, 'Beautification': 0, 'Installation': 0}",Post-Monsoon,,False,True,Repair and Restoration,"{'repair': 1, 'Bridge': 1}"
2026_CELBB_127770_5,MND-14 OF 2025-26 (Sl No-10-18),Restoration to Scoured bank on Mahanadi Left near village Mugagahira from RD 00 m to 120 m for the year 2026-27,Restoration to Scoured bank on Mahanadi Left near village Mugagahira from RD 00 m to 120 m for the year 2026-27,Works,National Competitive Bid,Percentage,Civil Works - Others,No,No,NA ,08-Apr-2026 10:00 AM,NA ,90.0,No ,No,Online,18-Apr-2026 11:30 AM,"CE-BM,LMB Basin,BBSR||SE, Eastern Circle,Cuttack||EE, Mahanadi North Division,Jagatpur",ATHAGARH,754021.0,1.0,"41,46,512",MANAS RANJAN MALIK,"4,146,512",Rejected-Finance,06-Aug-2026,"CE-BM,LMB Basin,BBSR||SE, Eastern Circle,Cuttack||EE, Mahanadi North Division,Jagatpur",True,"{'Flood': 0, 'Embankment': 0, 'embkt': 0, 'Relief': 0, 'Erosion': 0, 'SDRF': 0, 'Inundation': 0, 'Hydrology': 0, 'Silt': 0, 'Siltation': 0, 'Bund': 0, 'Trench': 0, 'Breach': 0, 'Culvert': 0, 'Sluice': 0, 'Dyke': 0, 'Storm water drain': 0, 'Emergency': 0, 'Immediate': 0, 'IM': 0, 'AE': 0, 'A E': 0, 'AAPDA MITRA': 0, 'flood': 0, 'Bridge': 0, 'River': 0, 'Drain': 0, 'Restoration': 2, 'Protection': 0, 'irr': 0, 'irrigation': 0, 'dam': 0, 'Nallah': 0, 'Retrofitting': 0, 'Pond': 0, 'Pokhari': 0, 'D/C': 0, 'Recharge shaft': 0, 'LFB': 0, 'RFB': 0}","{'Floodlight': 0, 'Flood Light': 0, 'GAS': 0, 'FIFA': 0, 'pipe': 0, 'pipes': 0, 'covid': 0, 'supply': 0, 'Beautification': 0, 'Installation': 0}",Pre-Monsoon,,False,False,Repair and Restoration,{'restoration': 2}
2026_ORULB_128276_13,03/BGH- MUN/2026-27,"Construction of CC road, Drain and Slab at Brahmabihar ward no -14","Construction of CC road, Drain and Slab at Brahmabihar ward no -14",Works,Open Tender,Percentage,Civil Works - Others,No,No,NA ,21-Apr-2026 01:00 PM,NA ,90.0,No ,No,Online,29-Apr-2026 11:00 AM,Municipal Bodies||Bargarh Municipal Council,Bargarh,768028.0,1.0,"11,00,000",MAMATA AGRAWAL,"930,767.696",Accepted-AOC,04-Aug-2026,Municipal Bodies||Bargarh Municipal Council,True,"{'Flood': 0, 'Embankment': 0, 'embkt': 0, 'Relief': 0, 'Erosion': 0, 'SDRF': 0, 'Inundation': 0, 'Hydrology': 0, 'Silt': 0, 'Siltation': 0, 'Bund': 0, 'Trench': 0, 'Breach': 0, 'Culvert': 0, 'Sluice': 0, 'Dyke': 0, 'Storm water drain': 0, 'Emergency': 0, 'Immediate': 0, 'IM': 0, 'AE': 0, 'A E': 0, 'AAPDA MITRA': 0, 'flood': 0, 'Bridge': 0, 'River': 0, 'Drain': 2, 'Restoration': 0, 'Protection': 0, 'irr': 0, 'irrigation': 0, 'dam': 0, 'Nallah': 0, 'Retrofitting': 0, 'Pond': 0, 'Pokhari': 0, 'D/C': 0, 'Recharge shaft': 0, 'LFB': 0, 'RFB': 0}","{'Floodlight': 0, 'Flood Light': 0, 'GAS': 0, 'FIFA': 0, 'pipe': 0, 'pipes': 0, 'covid': 0, 'supply': 0, 'Beautification': 0, 'Installation': 0}",Pre-Monsoon,,False,True,Repair and Restoration,"{'Construction': 2, 'Drain': 2}"
2026_ORULB_126671_33,EO/RGP/07 of 2025-26,Construction of Master Drain from Samal Hotel towards Immersion Pond at Ward No.11,Construction of Master Drain from Samal Hotel towards Immersion Pond at Ward No.11,Works,Open Tender,Percentage,Civil Works - Others,No,No,NA ,27-Feb-2026 11:00 AM,NA ,90.0,No ,No,Online,13-Mar-2026 11:00 AM,Municipal Bodies||Rajgangpur Municipality,Rajgangpur Municipality,770017.0,1.0,"15,00,000",PRATAP KUMAR MUDULI,"1,500,000",Rejected-AOC,12-Aug-2026,Municipal Bodies||Rajgangpur Municipality,True,"{'Flood': 0, 'Embankment': 0, 'embkt': 0, 'Relief': 0, 'Erosion': 0, 'SDRF': 0, 'Inundation': 0, 'Hydrology': 0, 'Silt': 0, 'Siltation': 0, 'Bund': 0, 'Trench': 0, 'Breach': 0, 'Culvert': 0, 'Sluice': 0, 'Dyke': 0, 'Storm water drain': 0, 'Emergency': 0, 'Immediate': 0, 'IM': 0, 'AE': 0, 'A E': 0, 'AAPDA MITRA': 0, 'flood': 0, 'Bridge': 0, 'River': 0, 'Drain': 2, 'Restoration': 0, 'Protection': 0, 'irr': 0, 'irrigation': 0, 'dam': 0, 'Nallah': 0, 'Retrofitting': 0, 'Pond': 2, 'Pokhari': 0, 'D/C': 0, 'Recharge shaft': 0, 'LFB': 0, 'RFB': 0}","{'Floodlight': 0, 'Flood Light': 0, 'GAS': 0, 'FIFA': 0, 'pipe': 0, 'pipes': 0, 'covid': 0, 'supply': 0, 'Beautification': 0, 'Installation': 0}",Post-Monsoon,,False,True,Repair and Restoration,"{'Construction': 2, 'Drain': 2}"
2026_ORULB_128734_28,SNP-MUN-37/2026-27,Restoration of Road Culvert and Drain From Chandra Sekhar Patahgar to Bhagabati Temple in W.No-14,Restoration of Road Culvert and Drain From Chandra Sekhar Patahgar to Bhagabati Temple in W.No-14,Works,Open Tender,Percentage,Civil Works - Others,No,No,NA ,05-May-2026 11:00 AM,NA ,60.0,No ,No,Online,16-May-2026 11:00 AM,Municipal Bodies||Sonepur Municipal Council,Sonepur Municipality,767017.0,1.0,"8,86,573",Reshmarani Sahu,"886,572",Rejected-Technical,01-Aug-2026,Municipal Bodies||Sonepur Municipal Council,True,"{'Flood': 0, 'Embankment': 0, 'embkt': 0, 'Relief': 0, 'Erosion': 0, 'SDRF': 0, 'Inundation': 0, 'Hydrology': 0, 'Silt': 0, 'Siltation': 0, 'Bund': 0, 'Trench': 0, 'Breach': 0, 'Culvert': 2, 'Sluice': 0, 'Dyke': 0, 'Storm water drain': 0, 'Emergency': 0, 'Immediate': 0, 'IM': 0, 'AE': 0, 'A E': 0, 'AAPDA MITRA': 0, 'flood': 0, 'Bridge': 0, 'River': 0, 'Drain': 2, 'Restoration': 2, 'Protection': 0, 'irr': 0, 'irrigation': 0, 'dam': 0, 'Nallah': 0, 'Retrofitting': 0, 'Pond': 0, 'Pokhari': 0, 'D/C': 0, 'Recharge shaft': 0, 'LFB': 0, 'RFB': 0}","{'Floodlight': 0, 'Flood Light': 0, 'GAS': 0, 'FIFA': 0, 'pipe': 0, 'pipes': 0, 'covid': 0, 'supply': 0, 'Beautification': 0, 'Installation': 0}",Pre-Monsoon,,False,True,Repair and Restoration,"{'restoration': 2, 'Drain': 2}"
2021_ORULB_68174_19,EO/JMC/052/2021-22,Construction of Drain from D. Satpathy house towards Trilochan Mohapatra house via Rukmani Apartment Main Road of Shreehari Vihar in Ward No. 08,Construction of Drain from D. Satpathy house towards Trilochan Mohapatra house via Rukmani Apartment Main Road of Shreehari Vihar in Ward No. 08,Works,Open Tender,Percentage,Civil Works - Others,No,No,NA ,05-May-2021 10:00 AM,NA ,60.0,No ,No,Online,20-May-2021 11:30 AM,Municipal Bodies||Jatni Municipal Council,"EXECUTIVE OFFICER,JATNI MUNICIPALITY",752050.0,1.0,,Surendra Behera,"1,455,296",Rejected-Finance,17-Aug-2026,Municipal Bodies||Jatni Municipal Council,True,"{'Flood': 0, 'Embankment': 0, 'embkt': 0, 'Relief': 0, 'Erosion': 0, 'SDRF': 0, 'Inundation': 0, 'Hydrology': 0, 'Silt': 0, 'Siltation': 0, 'Bund': 0, 'Trench': 0, 'Breach': 0, 'Culvert': 0, 'Sluice': 0, 'Dyke': 0, 'Storm water drain': 0, 'Emergency': 0, 'Immediate': 0, 'IM': 0, 'AE': 0, 'A E': 0, 'AAPDA MITRA': 0, 'flood': 0, 'Bridge': 0, 'River': 0, 'Drain': 2, 'Restoration': 0, 'Protection': 0, 'irr': 0, 'irrigation': 0, 'dam': 0, 'Nallah': 0, 'Retrofitting': 0, 'Pond': 0, 'Pokhari': 0, 'D/C': 0, 'Recharge shaft': 0, 'LFB': 0, 'RFB': 0}","{'Floodlight': 0, 'Flood Light': 0, 'GAS': 0, 'FIFA': 0, 'pipe': 0, 'pipes': 0, 'covid': 0, 'supply': 0, 'Beautification': 0, 'Installation': 0}",Pre-Monsoon,,False,True,Repair and Restoration,"{'Construction': 2, 'Drain': 2}"
2025_CELBB_120208_35,MND-11 OF 2025-26,Restoration to scoured bank at RD 36.190 Km on Nuna Karandia right embankment near Kasoti Narayanpur for the year 2025-26,Restoration to scoured bank at RD 36.190 Km on Nuna Karandia right embankment near Kasoti Narayanpur for the year 2025-26,Works,National Competitive Bid,Percentage,Civil Works - Others,No,No,NA ,29-Oct-2025 10:00 AM,NA ,90.0,No ,No,Online,10-Nov-2025 11:30 AM,"CE-BM,LMB Basin,BBSR||SE, Eastern Circle,Cuttack||EE, Mahanadi North Division,Jagatpur",PUNDALO,754021.0,1.0,"40,65,239",Saroj Kumar Mallick,"3,455,860",Rejected-Finance,13-Aug-2026,"CE-BM,LMB Basin,BBSR||SE, Eastern Circle,Cuttack||EE, Mahanadi North Division,Jagatpur",True,"{'Flood': 0, 'Embankment': 2, 'embkt': 0, 'Relief': 0, 'Erosion': 0, 'SDRF': 0, 'Inundation': 0, 'Hydrology': 0, 'Silt': 0, 'Siltation': 0, 'Bund': 0, 'Trench': 0, 'Breach': 0, 'Culvert': 0, 'Sluice': 0, 'Dyke': 0, 'Storm water drain': 0, 'Emergency': 0, 'Immediate': 0, 'IM': 0, 'AE': 0, 'A E': 0, 'AAPDA MITRA': 0, 'flood': 0, 'Bridge': 0, 'River': 0, 'Drain': 0, 'Restoration': 2, 'Protection': 0, 'irr': 0, 'irrigation': 0, 'dam': 0, 'Nallah': 0, 'Retrofitting': 0, 'Pond': 0, 'Pokhari': 0, 'D/C': 0, 'Recharge shaft': 0, 'LFB': 0, 'RFB': 0}","{'Floodlight': 0, 'Flood Light': 0, 'GAS': 0, 'FIFA': 0, 'pipe': 0, 'pipes': 0, 'covid': 0, 'supply': 0, 'Beautification': 0, 'Installation': 0}",Post-Monsoon,,False,True,Repair and Restoration,{'restoration': 2}
2026_ORULB_127071_21,KSNG-NAC-06/2025-26,CONSTRUCTION OF PAVER ROAD AND PROVIDING DRAIN COVER SLAB IN FRONT OF COMMUNITY HALL IN WARD NO 12,CONSTRUCTION OF PAVER ROAD AND PROVIDING DRAIN COVER SLAB IN FRONT OF COMMUNITY HALL IN WARD NO 12,Works,Open Tender,Percentage,Civil Works - Roads,No,No,NA ,10-Mar-2026 10:00 AM,NA ,90.0,No ,No,Online,23-Mar-2026 11:00 AM,Municipal Bodies||Kesinga NAC,KESINGA NAC,766012.0,1.0,"2,54,622",DEBARAJ MAJHI,"245,710.23",Rejected-Technical,05-Aug-2026,Municipal Bodies||Kesinga NAC,True,"{'Flood': 0, 'Embankment': 0, 'embkt': 0, 'Relief': 0, 'Erosion': 0, 'SDRF': 0, 'Inundation': 0, 'Hydrology': 0, 'Silt': 0, 'Siltation': 0, 'Bund': 0, 'Trench': 0, 'Breach': 0, 'Culvert': 0, 'Sluice': 0, 'Dyke': 0, 'Storm water drain': 0, 'Emergency': 0, 'Immediate': 0, 'IM': 0, 'AE': 0, 'A E': 0, 'AAPDA MITRA': 0, 'flood': 0, 'Bridge': 0, 'River': 0, 'Drain': 2, 'Restoration': 0, 'Protection': 0, 'irr': 0, 'irrigation': 0, 'dam': 0, 'Nallah': 0, 'Retrofitting': 0, 'Pond': 0, 'Pokhari': 0, 'D/C': 0, 'Recharge shaft': 0, 'LFB': 0, 'RFB': 0}","{'Floodlight': 0, 'Flood Light': 0, 'GAS': 0, 'FIFA': 0, 'pipe': 0, 'pipes': 0, 'covid': 0, 'supply': 0, 'Beautification': 0, 'Installation': 0}",Pre-Monsoon,,False,True,Repair and Restoration,"{'Construction': 2, 'Drain': 2}"
2026_CERWI_126029_1,NCB 405,Construction of Bridge over local nallah at 1st km on Mankidighaty to Pokhoria road in the District of Mayurbhanj under BSY for the year 2023-24,Construction of Bridge over local nallah at 1st km on Mankidighaty to Pokhoria road in the District of Mayurbhanj under BSY for the year 2023-24,Works,National Competitive Bid,Percentage,Civil Works - Bridges,No,No,NA ,13-Feb-2026 06:55 PM,NA ,90.0,No ,No,Online,02-Mar-2026 11:00 AM,CE RW I||RWCIRCLE-BARIPADA,Mayurbhanj,757105.0,2.0,"6,44,45,000",TRINATH CONSTRUCTION,"49,235,781",Rejected-Technical,14-Aug-2026,CE RW I||RWCIRCLE-BARIPADA,True,"{'Flood': 0, 'Embankment': 0, 'embkt': 0, 'Relief': 0, 'Erosion': 0, 'SDRF': 0, 'Inundation': 0, 'Hydrology': 0, 'Silt': 0, 'Siltation': 0, 'Bund': 0, 'Trench': 0, 'Breach': 0, 'Culvert': 0, 'Sluice': 0, 'Dyke': 0, 'Storm water drain': 0, 'Emergency': 0, 'Immediate': 0, 'IM': 0, 'AE': 0, 'A E': 0, 'AAPDA MITRA': 0, 'flood': 0, 'Bridge': 2, 'River': 0, 'Drain': 0, 'Restoration': 0, 'Protection': 0, 'irr': 0, 'irrigation': 0, 'dam': 0, 'Nallah': 2, 'Retrofitting': 0, 'Pond': 0, 'Pokhari': 0, 'D/C': 0, 'Recharge shaft': 0, 'LFB': 0, 'RFB': 0}","{'Floodlight': 0, 'Flood Light': 0, 'GAS': 0, 'FIFA': 0, 'pipe': 0, 'pipes': 0, 'covid': 0, 'supply': 0, 'Beautification': 0, 'Installation': 0}",Post-Monsoon,,False,True,Repair and Restoration,"{'Construction': 2, 'Bridge': 2}"
2025_CELBB_119432_6,MND-09 OF 2025-26,Protection to scoured bank on Chitrotpala left embankment from RD 38.850 Km to 38.970 Km near village Akhua for the year 2025-26 (Working RD from 38.850 Km to 38.950 Km ),Protection to scoured bank on Chitrotpala left embankment from RD 38.850 Km to 38.970 Km near village Akhua for the year 2025-26 (Working RD from 38.850 Km to 38.950 Km ),Works,National Competitive Bid,Percentage,Civil Works - Others,No,No,NA ,14-Oct-2025 10:00 AM,NA ,90.0,No ,No,Online,29-Oct-2025 11:30 AM,"CE-BM,LMB Basin,BBSR||SE, Eastern Circle,Cuttack||EE, Mahanadi North Division,Jagatpur",PUNDALO,754102.0,2.0,"67,22,987",SUNIL KUMAR SWAIN,"5,715,211",Rejected-Finance,06-Aug-2026,"CE-BM,LMB Basin,BBSR||SE, Eastern Circle,Cuttack||EE, Mahanadi North Division,Jagatpur",True,"{'Flood': 0, 'Embankment': 2, 'embkt': 0, 'Relief': 0, 'Erosion': 0, 'SDRF': 0, 'Inundation': 0, 'Hydrology': 0, 'Silt': 0, 'Siltation': 0, 'Bund': 0, 'Trench': 0, 'Breach': 0, 'Culvert': 0, 'Sluice': 0, 'Dyke': 0, 'Storm water drain': 0, 'Emergency': 0, 'Immediate': 0, 'IM': 0, 'AE': 0, 'A E': 0, 'AAPDA MITRA': 0, 'flood': 0, 'Bridge': 0, 'River': 0, 'Drain': 0, 'Restoration': 0, 'Protection': 2, 'irr': 0, 'irrigation': 0, 'dam': 0, 'Nallah': 0, 'Retrofitting': 0, 'Pond': 0, 'Pokhari': 0, 'D/C': 0, 'Recharge shaft': 0, 'LFB': 0, 'RFB': 0}","{'Floodlight': 0, 'Flood Light': 0, 'GAS': 0, 'FIFA': 0, 'pipe': 0, 'pipes': 0, 'covid': 0, 'supply': 0, 'Beautification': 0, 'Installation': 0}",Post-Monsoon,,False,True,Preparedness Measures,"{'Protection': 2, 'scoured': 2, 'Scoured bank': 2}"
2026_ORULB_127071_7,KSNG-NAC-06/2025-26,CONSTRUCTION OF RCC DRAIN WITH COVER SLAB AND CULVERT FROM AT SHANTI NAGAR IN WARD NO 07,CONSTRUCTION OF RCC DRAIN WITH COVER SLAB AND CULVERT FROM AT SHANTI NAGAR IN WARD NO 07,Works,Open Tender,Percentage,Civil Works - Others,No,No,NA ,10-Mar-2026 10:00 AM,NA ,90.0,No ,No,Online,23-Mar-2026 11:00 AM,Municipal Bodies||Kesinga NAC,KESINGA NAC,766012.0,1.0,"16,97,479",BIKRAM SAGAR,"1,695,781.52",Accepted-AOC,05-Aug-2026,Municipal Bodies||Kesinga NAC,True,"{'Flood': 0, 'Embankment': 0, 'embkt': 0, 'Relief': 0, 'Erosion': 0, 'SDRF': 0, 'Inundation': 0, 'Hydrology': 0, 'Silt': 0, 'Siltation': 0, 'Bund': 0, 'Trench': 0, 'Breach': 0, 'Culvert': 2, 'Sluice': 0, 'Dyke': 0, 'Storm water drain': 0, 'Emergency': 0, 'Immediate': 0, 'IM': 0, 'AE': 0, 'A E': 0, 'AAPDA MITRA': 0, 'flood': 0, 'Bridge': 0, 'River': 0, 'Drain': 2, 'Restoration': 0, 'Protection': 0, 'irr': 0, 'irrigation': 0, 'dam': 0, 'Nallah': 0, 'Retrofitting': 0, 'Pond': 0, 'Pokhari': 0, 'D/C': 0, 'Recharge shaft': 0, 'LFB': 0, 'RFB': 0}","{'Floodlight': 0, 'Flood Light': 0, 'GAS': 0, 'FIFA': 0, 'pipe': 0, 'pipes': 0, 'covid': 0, 'supply': 0, 'Beautification': 0, 'Installation': 0}",Pre-Monsoon,,False,True,Repair and Restoration,"{'Construction': 2, 'Drain': 2}"
2026_CERWI_134079_1,Tender online- 08/2026-27 of BBSR,"Repair to Boxcell culvert on Barkul to Chasangara via Routarapalli road_Road_Railing and guard post,Both side appron concreting and repair to both approaches3.000 to 3.200 -R.A- 3.650 to 3.750 -L.A-","Repair to Boxcell culvert on Barkul to Chasangara via Routarapalli road_Road_Railing and guard post,Both side appron concreting and repair to both approaches3.000 to 3.200 -R.A- 3.650 to 3.750 -L.A-",Works,Open Tender,Percentage,Civil Works - Roads,No,No,NA ,01-Jul-2026 06:55 PM,NA ,90.0,No ,No,Online,08-Jul-2026 11:00 AM,CE RW I||RWCIRCLE-BHUBANESWAR||RWDIVISION-BHUBANESWAR,Khordha,751013.0,1.0,"22,87,819",SUBHASMITA DAS,"1,490,514",Rejected-Finance,19-Aug-2026,CE RW I||RWCIRCLE-BHUBANESWAR||RWDIVISION-BHUBANESWAR,True,"{'Flood': 0, 'Embankment': 0, 'embkt': 0, 'Relief': 0, 'Erosion': 0, 'SDRF': 0, 'Inundation': 0, 'Hydrology': 0, 'Silt': 0, 'Siltation': 0, 'Bund': 0, 'Trench': 0, 'Breach': 0, 'Culvert': 2, 'Sluice': 0, 'Dyke': 0, 'Storm water drain': 0, 'Emergency': 0, 'Immediate': 0, 'IM': 0, 'AE': 0, 'A E': 0, 'AAPDA MITRA': 0, 'flood': 0, 'Bridge': 0, 'River': 0, 'Drain': 0, 'Restoration': 0, 'Protection': 0, 'irr': 0, 'irrigation': 0, 'dam': 0, 'Nallah': 0, 'Retrofitting': 0, 'Pond': 0, 'Pokhari': 0, 'D/C': 0, 'Recharge shaft': 0, 'LFB': 0, 'RFB': 0}","{'Floodlight': 0, 'Flood Light': 0, 'GAS': 0, 'FIFA': 0, 'pipe': 0, 'pipes': 0, 'covid': 0, 'supply': 0, 'Beautification': 0, 'Installation': 0}",Monsoon,,False,True,Repair and Restoration,{'repair': 4}
2020_ORULB_58865_18,11_SMC_2019-2020,"Construction of Cement Concrete drain at Subasini Colony, Dhankauda, Ward No. 29","Construction of Cement Concrete drain at Subasini Colony, Dhankauda, Ward No. 29",Works,Open Tender,Percentage,Civil Works - Others,No,No,NA ,14-Jan-2020 11:00 AM,NA ,120.0,No ,No,Online,24-Jan-2020 11:00 AM,Municipal Bodies||Sambalpur Municipal Corporation,Sambalpur Municipal Corporation,768001.0,1.0,"97,970",SOURAV KUMAR MISHRA,"97,970",Rejected-Technical,20-Aug-2026,Municipal Bodies||Sambalpur Municipal Corporation,True,"{'Flood': 0, 'Embankment': 0, 'embkt': 0, 'Relief': 0, 'Erosion': 0, 'SDRF': 0, 'Inundation': 0, 'Hydrology': 0, 'Silt': 0, 'Siltation': 0, 'Bund': 0, 'Trench': 0, 'Breach': 0, 'Culvert': 0, 'Sluice': 0, 'Dyke': 0, 'Storm water drain': 0, 'Emergency': 0, 'Immediate': 0, 'IM': 0, 'AE': 0, 'A E': 0, 'AAPDA MITRA': 0, 'flood': 0, 'Bridge': 0, 'River': 0, 'Drain': 2, 'Restoration': 0, 'Protection': 0, 'irr': 0, 'irrigation': 0, 'dam': 0, 'Nallah': 0, 'Retrofitting': 0, 'Pond': 0, 'Pokhari': 0, 'D/C': 0, 'Recharge shaft': 0, 'LFB': 0, 'RFB': 0}","{'Floodlight': 0, 'Flood Light': 0, 'GAS': 0, 'FIFA': 0, 'pipe': 0, 'pipes': 0, 'covid': 0, 'supply': 0, 'Beautification': 0, 'Installation': 0}",Post-Monsoon,,False,True,Repair and Restoration,"{'Construction': 2, 'Drain': 2}"
2026_CEMIB_124558_21,BID IDENTIFICATION NO_SEMIDN_14_OF2025_26,ImproveImprovement to Kankanamendi Check Dam in Daspalla Block of Nayagarh district under Improvement to Check Dam grant for the year 2025-26,Improvement to Kankanamendi Check Dam in Daspalla Block of Nayagarh district under Improvement to Check Dam grant for the year 2025-26,Works,National Competitive Bid,Percentage,Civil Works - Others,No,No,NA ,14-Jan-2026 10:00 AM,NA ,90.0,No ,No,Online,21-Jan-2026 11:00 AM,"CE,Minor Irrigation,BBSR||SECMIC-BHUBANESWAR||EE MI Divn. Nayagarh",SUPERINTENDING ENGINEER M I DIVISION NAYAGARH,752070.0,1.0,,BULU DAS (S.C),"503,720.33",Rejected-AOC,14-Aug-2026,"CE,Minor Irrigation,BBSR||SECMIC-BHUBANESWAR||EE MI Divn. Nayagarh",True,"{'Flood': 0, 'Embankment': 0, 'embkt': 0, 'Relief': 0, 'Erosion': 0, 'SDRF': 0, 'Inundation': 0, 'Hydrology': 0, 'Silt': 0, 'Siltation': 0, 'Bund': 0, 'Trench': 0, 'Breach': 0, 'Culvert': 0, 'Sluice': 0, 'Dyke': 0, 'Storm water drain': 0, 'Emergency': 0, 'Immediate': 0, 'IM': 0, 'AE': 0, 'A E': 0, 'AAPDA MITRA': 0, 'flood': 0, 'Bridge': 0, 'River': 0, 'Drain': 0, 'Restoration': 0, 'Protection': 0, 'irr': 0, 'irrigation': 0, 'dam': 4, 'Nallah': 0, 'Retrofitting': 0, 'Pond': 0, 'Pokhari': 0, 'D/C': 0, 'Recharge shaft': 0, 'LFB': 0, 'RFB': 0}","{'Floodlight': 0, 'Flood Light': 0, 'GAS': 0, 'FIFA': 0, 'pipe': 0, 'pipes': 0, 'covid': 0, 'supply': 0, 'Beautification': 0, 'Installation': 0}",Post-Monsoon,,False,False,Repair and Restoration,"{'improvement': 3, 'Check Dam': 4}"
2025_ORULB_115568_132,BM-BDK-05-2025-26,Construction of Paver Road and RCC Drain from Saroj Panda House towards Amarnath Sahu House in Ward No-05,Construction of Paver Road and RCC Drain from Saroj Panda House towards Amarnath Sahu House in Ward No-05,Works,Open Tender,Percentage,Civil Works - Others,No,No,NA ,24-Jul-2025 10:00 AM,NA ,90.0,No ,No,Online,04-Aug-2025 11:00 AM,Municipal Bodies||Bhadrak Municipality,Bhadrak Municipality,756100.0,1.0,"3,50,000",Rajesh Sethi,"314,965",Accepted-AOC,10-Aug-2026,Municipal Bodies||Bhadrak Municipality,True,"{'Flood': 0, 'Embankment': 0, 'embkt': 0, 'Relief': 0, 'Erosion': 0, 'SDRF': 0, 'Inundation': 0, 'Hydrology': 0, 'Silt': 0, 'Siltation': 0, 'Bund': 0, 'Trench': 0, 'Breach': 0, 'Culvert': 0, 'Sluice': 0, 'Dyke': 0, 'Storm water drain': 0, 'Emergency': 0, 'Immediate': 0, 'IM': 0, 'AE': 0, 'A E': 0, 'AAPDA MITRA': 0, 'flood': 0, 'Bridge': 0, 'River': 0, 'Drain': 2, 'Restoration': 0, 'Protection': 0, 'irr': 0, 'irrigation': 0, 'dam': 0, 'Nallah': 0, 'Retrofitting': 0, 'Pond': 0, 'Pokhari': 0, 'D/C': 0, 'Recharge shaft': 0, 'LFB': 0, 'RFB': 0}","{'Floodlight': 0, 'Flood Light': 0, 'GAS': 0, 'FIFA': 0, 'pipe': 0, 'pipes': 0, 'covid': 0, 'supply': 0, 'Beautification': 0, 'Installation': 0}",Monsoon,,False,True,Repair and Restoration,"{'Construction': 2, 'Drain': 2}"
2026_CERWI_133100_1,Tender online 06/2026-27 of BBSR,"Chhania to Goda_Road_CC Overlaying, PCC Protection wall both side -1040 mtr - 0.000 to 0.520","Chhania to Goda_Road_CC Overlaying, PCC Protection wall both side -1040 mtr - 0.000 to 0.520",Works,Open Tender,Percentage,Civil Works - Roads,No,No,NA ,25-Jun-2026 03:00 PM,NA ,90.0,No ,No,Online,07-Jul-2026 11:00 AM,CE RW I||RWCIRCLE-BHUBANESWAR||RWDIVISION-BHUBANESWAR,Khordha,751013.0,2.0,"60,16,101",SUBHASMITA DAS,"3,919,489",Rejected-Finance,21-Aug-2026,CE RW I||RWCIRCLE-BHUBANESWAR||RWDIVISION-BHUBANESWAR,True,"{'Flood': 0, 'Embankment': 0, 'embkt': 0, 'Relief': 0, 'Erosion': 0, 'SDRF': 0, 'Inundation': 0, 'Hydrology': 0, 'Silt': 0, 'Siltation': 0, 'Bund': 0, 'Trench': 0, 'Breach': 0, 'Culvert': 0, 'Sluice': 0, 'Dyke': 0, 'Storm water drain': 0, 'Emergency': 0, 'Immediate': 0, 'IM': 0, 'AE': 0, 'A E': 0, 'AAPDA MITRA': 0, 'flood': 0, 'Bridge': 0, 'River': 0, 'Drain': 0, 'Restoration': 0, 'Protection': 2, 'irr': 0, 'irrigation': 0, 'dam': 0, 'Nallah': 0, 'Retrofitting': 0, 'Pond': 0, 'Pokhari': 0, 'D/C': 0, 'Recharge shaft': 0, 'LFB': 0, 'RFB': 0}","{'Floodlight': 0, 'Flood Light': 0, 'GAS': 0, 'FIFA': 0, 'pipe': 0, 'pipes': 0, 'covid': 0, 'supply': 0, 'Beautification': 0, 'Installation': 0}",Monsoon,,False,True,Preparedness Measures,{'Protection': 2}
2026_SEHDP_134615_2,e-Procurement Notice No.SE-HID(NSPR)-04/2026-27,SEHID (NSPR)-04(02)/2026-27 Construction of Devi Pitha in village Guptamanik (affected village of Hadua Irrigation Project) under Narasinghpur Block.,Construction of Devi Pitha,Works,Open Tender,Percentage,Civil Works - Buildings,No,No,NA ,07-Jul-2026 11:00 AM,NA ,90.0,No ,No,Online,20-Jul-2026 11:00 AM,CCE Brutang and Hadua Irrigation Project Dasapalla||SE Hadua Division Narasinghapur,Narasinghpur,754032.0,1.0,"9,56,346",LAXMIKANT SAHOO,"956,346.47",Rejected-AOC,17-Aug-2026,CCE Brutang and Hadua Irrigation Project Dasapalla||SE Hadua Division Narasinghapur,True,"{'Flood': 0, 'Embankment': 0, 'embkt': 0, 'Relief': 0, 'Erosion': 0, 'SDRF': 0, 'Inundation': 0, 'Hydrology': 0, 'Silt': 0, 'Siltation': 0, 'Bund': 0, 'Trench': 0, 'Breach': 0, 'Culvert': 0, 'Sluice': 0, 'Dyke': 0, 'Storm water drain': 0, 'Emergency': 0, 'Immediate': 0, 'IM': 0, 'AE': 0, 'A E': 0, 'AAPDA MITRA': 0, 'flood': 0, 'Bridge': 0, 'River': 0, 'Drain': 0, 'Restoration': 0, 'Protection': 0, 'irr': 0, 'irrigation': 1, 'dam': 0, 'Nallah': 0, 'Retrofitting': 0, 'Pond': 0, 'Pokhari': 0, 'D/C': 0, 'Recharge shaft': 0, 'LFB': 0, 'RFB': 0}","{'Floodlight': 0, 'Flood Light': 0, 'GAS': 0, 'FIFA': 0, 'pipe': 0, 'pipes': 0, 'covid': 0, 'supply': 0, 'Beautification': 0, 'Installation': 0}",Monsoon,,False,False,Repair and Restoration,{'Construction': 2}
2026_ORULB_130319_9,SNGM-05/2026-27,Protection with fencing chain with MS Angle of Goshala at Bijapada in Ward No-13 of Sundargarh Municipality. PART-I,Protection with fencing chain with MS Angle of Goshala at Bijapada in Ward No-13 of Sundargarh Municipality. PART-I,Works,Open Tender,Percentage,Civil Works - Others,No,No,NA ,02-Jun-2026 11:00 AM,NA ,120.0,No ,No,Online,17-Jun-2026 11:00 AM,Municipal Bodies||Sundargarh Municipality,Sundargarh Municipality,770001.0,1.0,"16,74,492",LATIF KUMAR NAIK,"1,672,827.5",Rejected-Finance,24-Aug-2026,Municipal Bodies||Sundargarh Municipality,True,"{'Flood': 0, 'Embankment': 0, 'embkt': 0, 'Relief': 0, 'Erosion': 0, 'SDRF': 0, 'Inundation': 0, 'Hydrology': 0, 'Silt': 0, 'Siltation': 0, 'Bund': 0, 'Trench': 0, 'Breach': 0, 'Culvert': 0, 'Sluice': 0, 'Dyke': 0, 'Storm water drain': 0, 'Emergency': 0, 'Immediate': 0, 'IM': 0, 'AE': 0, 'A E': 0, 'AAPDA MITRA': 0, 'flood': 0, 'Bridge': 0, 'River': 0, 'Drain': 0, 'Restoration': 0, 'Protection': 2, 'irr': 0, 'irrigation': 0, 'dam': 0, 'Nallah': 0, 'Retrofitting': 0, 'Pond': 0, 'Pokhari': 0, 'D/C': 0, 'Recharge shaft': 0, 'LFB': 0, 'RFB': 0}","{'Floodlight': 0, 'Flood Light': 0, 'GAS': 0, 'FIFA': 0, 'pipe': 0, 'pipes': 0, 'covid': 0, 'supply': 0, 'Beautification': 0, 'Installation': 0}",Monsoon,,False,False,Preparedness Measures,{'Protection': 2}
2024_OCCL_103143_1,Bid identification No. OCCL-HQP/16/2024-25 (On-line),E-procurement Notice No.02/OCCL/2024-25(on-line),"Improvement to service road of Sumandal Main Canal from RD 14.00 Km to RD 17.00 Km, Service road of Kaniaribadi Distributary from RD 00 Km to 1.20 Km and Service road of Sardhapur Distributary from RD 00 Km to 3.00 Km of Salia Irrigation Project",Works,Open Tender,Percentage,Civil Works - Others,No,No,NA ,14-Jun-2024 09:00 AM,NA ,90.0,No ,No,Online,28-Jun-2024 12:00 PM,ODISHA CONSTRUCTION CORPORATION LTD,"Khurda Irrigation Division, Khordha",752055.0,2.0,"2,08,59,189",BHOOMEE CONDEV PRIVATE LIMITED,"17,732,396",Rejected-Finance,02-Dec-2024,ODISHA CONSTRUCTION CORPORATION LTD,True,"{'Flood': 0, 'Embankment': 0, 'embkt': 0, 'Relief': 0, 'Erosion': 0, 'SDRF': 0, 'Inundation': 0, 'Hydrology': 0, 'Silt': 0, 'Siltation': 0, 'Bund': 0, 'Trench': 0, 'Breach': 0, 'Culvert': 0, 'Sluice': 0, 'Dyke': 0, 'Storm water drain': 0, 'Emergency': 0, 'Immediate': 0, 'IM': 0, 'AE': 0, 'A E': 0, 'AAPDA MITRA': 0, 'flood': 0, 'Bridge': 0, 'River': 0, 'Drain': 0, 'Restoration': 0, 'Protection': 0, 'irr': 0, 'irrigation': 1, 'dam': 0, 'Nallah': 0, 'Retrofitting': 0, 'Pond': 0, 'Pokhari': 0, 'D/C': 0, 'Recharge shaft': 0, 'LFB': 0, 'RFB': 0}","{'Floodlight': 0, 'Flood Light': 0, 'GAS': 0, 'FIFA': 0, 'pipe': 0, 'pipes': 0, 'covid': 0, 'supply': 0, 'Beautification': 0, 'Installation': 0}",Monsoon,,False,True,Repair and Restoration,{'improvement': 1}
2025_ORULB_123177_8,BPDM-11 OF 2025/2026,"Imp. of road from Halar chhaka to Barjupur Bridge (Barjupur, Betna)","Imp. of road from Halar chhaka to Barjupur Bridge (Barjupur, Betna)",Works,Open Tender,Percentage,Civil Works - Roads,No,No,NA ,16-Dec-2025 01:00 PM,NA ,120.0,No ,No,Online,05-Jan-2026 11:30 AM,Municipal Bodies||Baripada Municipality,Baripada Municipality,757001.0,1.0,"31,30,037",LALIT KUMAR SEN,"3,693,074",Rejected-Finance,07-Aug-2026,Municipal Bodies||Baripada Municipality,True,"{'Flood': 0, 'Embankment': 0, 'embkt': 0, 'Relief': 0, 'Erosion': 0, 'SDRF': 0, 'Inundation': 0, 'Hydrology': 0, 'Silt': 0, 'Siltation': 0, 'Bund': 0, 'Trench': 0, 'Breach': 0, 'Culvert': 0, 'Sluice': 0, 'Dyke': 0, 'Storm water drain': 0, 'Emergency': 0, 'Immediate': 0, 'IM': 0, 'AE': 0, 'A E': 0, 'AAPDA MITRA': 0, 'flood': 0, 'Bridge': 2, 'River': 0, 'Drain': 0, 'Restoration': 0, 'Protection': 0, 'irr': 0, 'irrigation': 0, 'dam': 0, 'Nallah': 0, 'Retrofitting': 0, 'Pond': 0, 'Pokhari': 0, 'D/C': 0, 'Recharge shaft': 0, 'LFB': 0, 'RFB': 0}","{'Floodlight': 0, 'Flood Light': 0, 'GAS': 0, 'FIFA': 0, 'pipe': 0, 'pipes': 0, 'covid': 0, 'supply': 0, 'Beautification': 0, 'Installation': 0}",Post-Monsoon,,False,True,Repair and Restoration,{'Bridge': 2}
2025_CELBB_116656_14,e PROCUREMENT TENDER CALL NOTICE NO. PID02OF202526,"PID 104, Restoration to Nandipur East Chilika Saline embankment from RD 9.404 km to 10.054 km",Restoration to Nandipur East Chilika Saline embankment from RD 9.404 km to 10.054 km,Works,Open Tender,Percentage,Civil Works - Others,No,No,NA ,11-Aug-2025 10:30 AM,NA ,90.0,No ,No,Online,26-Aug-2025 11:00 AM,"CE-BM,LMB Basin,BBSR||SE, Central Irr.Circle, BBSR||EE,Puri Irr Division,Puri",PURI,752003.0,1.0,"30,90,665",AMULYA KUMAR BALIARSINGH,"2,627,366",Rejected-Finance,18-Nov-2025,"CE-BM,LMB Basin,BBSR||SE, Central Irr.Circle, BBSR||EE,Puri Irr Division,Puri",True,"{'Flood': 0, 'Embankment': 2, 'embkt': 0, 'Relief': 0, 'Erosion': 0, 'SDRF': 0, 'Inundation': 0, 'Hydrology': 0, 'Silt': 0, 'Siltation': 0, 'Bund': 0, 'Trench': 0, 'Breach': 0, 'Culvert': 0, 'Sluice': 0, 'Dyke': 0, 'Storm water drain': 0, 'Emergency': 0, 'Immediate': 0, 'IM': 0, 'AE': 0, 'A E': 0, 'AAPDA MITRA': 0, 'flood': 0, 'Bridge': 0, 'River': 0, 'Drain': 0, 'Restoration': 2, 'Protection': 0, 'irr': 0, 'irrigation': 0, 'dam': 0, 'Nallah': 0, 'Retrofitting': 0, 'Pond': 0, 'Pokhari': 0, 'D/C': 0, 'Recharge shaft': 0, 'LFB': 0, 'RFB': 0}","{'Floodlight': 0, 'Flood Light': 0, 'GAS': 0, 'FIFA': 0, 'pipe': 0, 'pipes': 0, 'covid': 0, 'supply': 0, 'Beautification': 0, 'Installation': 0}",Monsoon,,False,True,Repair and Restoration,{'restoration': 2}
2026_ORULB_129080_12,JM-TCN01/2026-27,Repair and renovation of paver block road and both side drain at Christian Street 3rd line and paster line at ward No.04.,As per DTCN,Works,Open Tender,Percentage,Civil Works - Others,No,No,NA ,12-May-2026 11:00 AM,NA ,120.0,No ,No,Online,02-Jun-2026 11:00 AM,Municipal Bodies||Jeypore Municipality,Jeypore,764001.0,1.0,"8,47,458",BRUNDABAN BHARATI,"832,380",Rejected-AOC,06-Aug-2026,Municipal Bodies||Jeypore Municipality,True,"{'Flood': 0, 'Embankment': 0, 'embkt': 0, 'Relief': 0, 'Erosion': 0, 'SDRF': 0, 'Inundation': 0, 'Hydrology': 0, 'Silt': 0, 'Siltation': 0, 'Bund': 0, 'Trench': 0, 'Breach': 0, 'Culvert': 0, 'Sluice': 0, 'Dyke': 0, 'Storm water drain': 0, 'Emergency': 0, 'Immediate': 0, 'IM': 0, 'AE': 0, 'A E': 0, 'AAPDA MITRA': 0, 'flood': 0, 'Bridge': 0, 'River': 0, 'Drain': 1, 'Restoration': 0, 'Protection': 0, 'irr': 0, 'irrigation': 0, 'dam': 0, 'Nallah': 0, 'Retrofitting': 0, 'Pond': 0, 'Pokhari': 0, 'D/C': 0, 'Recharge shaft': 0, 'LFB': 0, 'RFB': 0}","{'Floodlight': 0, 'Flood Light': 0, 'GAS': 0, 'FIFA': 0, 'pipe': 0, 'pipes': 0, 'covid': 0, 'supply': 0, 'Beautification': 0, 'Installation': 0}",Pre-Monsoon,,False,True,Repair and Restoration,"{'repair': 1, 'renovation': 1, 'Drain': 1}"
2026_CEMIB_124558_23,BID IDENTIFICATION NO_SEMIDN_14_OF2025_26,Improvement to Madhyakhanda (Mundiasahi) Check Dam in Daspalla Block of Nayagarh district under Improvement to Check Dam grant for the year 2025-26,Improvement to Madhyakhanda (Mundiasahi) Check Dam in Daspalla Block of Nayagarh district under Improvement to Check Dam grant for the year 2025-26,Works,National Competitive Bid,Percentage,Civil Works - Others,No,No,NA ,14-Jan-2026 10:00 AM,NA ,90.0,No ,No,Online,21-Jan-2026 11:00 AM,"CE,Minor Irrigation,BBSR||SECMIC-BHUBANESWAR||EE MI Divn. Nayagarh",SUPERINTENDING ENGINEER M I DIVISION NAYAGARH,752070.0,1.0,,ASHWINI KUMAR PATTNAIK,"381,453.76",Rejected-AOC,14-Aug-2026,"CE,Minor Irrigation,BBSR||SECMIC-BHUBANESWAR||EE MI Divn. Nayagarh",True,"{'Flood': 0, 'Embankment': 0, 'embkt': 0, 'Relief': 0, 'Erosion': 0, 'SDRF': 0, 'Inundation': 0, 'Hydrology': 0, 'Silt': 0, 'Siltation': 0, 'Bund': 0, 'Trench': 0, 'Breach': 0, 'Culvert': 0, 'Sluice': 0, 'Dyke': 0, 'Storm water drain': 0, 'Emergency': 0, 'Immediate': 0, 'IM': 0, 'AE': 0, 'A E': 0, 'AAPDA MITRA': 0, 'flood': 0, 'Bridge': 0, 'River': 0, 'Drain': 0, 'Restoration': 0, 'Protection': 0, 'irr': 0, 'irrigation': 0, 'dam': 4, 'Nallah': 0, 'Retrofitting': 0, 'Pond': 0, 'Pokhari': 0, 'D/C': 0, 'Recharge shaft': 0, 'LFB': 0, 'RFB': 0}","{'Floodlight': 0, 'Flood Light': 0, 'GAS': 0, 'FIFA': 0, 'pipe': 0, 'pipes': 0, 'covid': 0, 'supply': 0, 'Beautification': 0, 'Installation': 0}",Post-Monsoon,,False,False,Repair and Restoration,"{'improvement': 4, 'Check Dam': 4}"
2025_CEBBS_121965_22,SERID-RKL-05-2025-26,Flood protection work to Right Bank of Jurmal Nallah at Banthupoda of Rajgangpur Block.,Flood protection work to Right Bank of Jurmal Nallah at Banthupoda of Rajgangpur Block.,Works,Open Tender,Percentage,Civil Works - Others,No,No,NA ,26-Nov-2025 10:00 AM,NA ,90.0,No ,No,Online,08-Dec-2025 11:00 AM,CE and BM Brahmani Basin Samal||APD cum CCE RIP Samal||Rourkela Irrigation Division Rourkela,Ragnagpur,770017.0,1.0,"8,41,579",AMAR KUMAR MINZ,"757,505",Rejected-AOC,11-Aug-2026,CE and BM Brahmani Basin Samal||APD cum CCE RIP Samal||Rourkela Irrigation Division Rourkela,True,"{'Flood': 2, 'Embankment': 0, 'embkt': 0, 'Relief': 0, 'Erosion': 0, 'SDRF': 0, 'Inundation': 0, 'Hydrology': 0, 'Silt': 0, 'Siltation': 0, 'Bund': 0, 'Trench': 0, 'Breach': 0, 'Culvert': 0, 'Sluice': 0, 'Dyke': 0, 'Storm water drain': 0, 'Emergency': 0, 'Immediate': 0, 'IM': 0, 'AE': 0, 'A E': 0, 'AAPDA MITRA': 0, 'flood': 2, 'Bridge': 0, 'River': 0, 'Drain': 0, 'Restoration': 0, 'Protection': 2, 'irr': 0, 'irrigation': 0, 'dam': 0, 'Nallah': 2, 'Retrofitting': 0, 'Pond': 0, 'Pokhari': 0, 'D/C': 0, 'Recharge shaft': 0, 'LFB': 0, 'RFB': 0}","{'Floodlight': 0, 'Flood Light': 0, 'GAS': 0, 'FIFA': 0, 'pipe': 0, 'pipes': 0, 'covid': 0, 'supply': 0, 'Beautification': 0, 'Installation': 0}",Post-Monsoon,,False,False,Preparedness Measures,"{'Protection': 2, 'Flood Protection work': 2}"
2026_ORULB_129287_2,EO/RGP/01 of 2026-27,Construction of Drain with Cover Slab from Sumitra Acharya House towards Nilu Maharana House at Ward no. 05,Construction of Drain with Cover Slab from Sumitra Acharya House towards Nilu Maharana House at Ward no. 05,Works,Open Tender,Percentage,Civil Works - Others,No,No,NA ,15-May-2026 11:00 AM,NA ,90.0,No ,No,Online,28-May-2026 11:00 AM,Municipal Bodies||Rajgangpur Municipality,Rajgangpur Municipality,770017.0,1.0,"4,00,000",CLEMENT KERKETTA,"400,000",Rejected-AOC,18-Aug-2026,Municipal Bodies||Rajgangpur Municipality,True,"{'Flood': 0, 'Embankment': 0, 'embkt': 0, 'Relief': 0, 'Erosion': 0, 'SDRF': 0, 'Inundation': 0, 'Hydrology': 0, 'Silt': 0, 'Siltation': 0, 'Bund': 0, 'Trench': 0, 'Breach': 0, 'Culvert': 0, 'Sluice': 0, 'Dyke': 0, 'Storm water drain': 0, 'Emergency': 0, 'Immediate': 0, 'IM': 0, 'AE': 0, 'A E': 0, 'AAPDA MITRA': 0, 'flood': 0, 'Bridge': 0, 'River': 0, 'Drain': 2, 'Restoration': 0, 'Protection': 0, 'irr': 0, 'irrigation': 0, 'dam': 0, 'Nallah': 0, 'Retrofitting': 0, 'Pond': 0, 'Pokhari': 0, 'D/C': 0, 'Recharge shaft': 0, 'LFB': 0, 'RFB': 0}","{'Floodlight': 0, 'Flood Light': 0, 'GAS': 0, 'FIFA': 0, 'pipe': 0, 'pipes': 0, 'covid': 0, 'supply': 0, 'Beautification': 0, 'Installation': 0}",Pre-Monsoon,,False,True,Repair and Restoration,"{'Construction': 2, 'Drain': 2}"
2026_ORULB_125887_17,SOROM_07_2025-26,Construction of Drain and Road from Baber House to Main Road in Ward No.-05,Construction Work,Works,Open Tender,Percentage,Civil Works - Others,No,No,NA ,18-Feb-2026 10:00 AM,NA ,120.0,No ,No,Online,26-Feb-2026 10:00 AM,Municipal Bodies||Soro Municipality,"Soro Municipality, Soro",756045.0,1.0,"2,96,610",Lokanath Rout,"296,610.03",Accepted-AOC,24-Aug-2026,Municipal Bodies||Soro Municipality,True,"{'Flood': 0, 'Embankment': 0, 'embkt': 0, 'Relief': 0, 'Erosion': 0, 'SDRF': 0, 'Inundation': 0, 'Hydrology': 0, 'Silt': 0, 'Siltation': 0, 'Bund': 0, 'Trench': 0, 'Breach': 0, 'Culvert': 0, 'Sluice': 0, 'Dyke': 0, 'Storm water drain': 0, 'Emergency': 0, 'Immediate': 0, 'IM': 0, 'AE': 0, 'A E': 0, 'AAPDA MITRA': 0, 'flood': 0, 'Bridge': 0, 'River': 0, 'Drain': 1, 'Restoration': 0, 'Protection': 0, 'irr': 0, 'irrigation': 0, 'dam': 0, 'Nallah': 0, 'Retrofitting': 0, 'Pond': 0, 'Pokhari': 0, 'D/C': 0, 'Recharge shaft': 0, 'LFB': 0, 'RFB': 0}","{'Floodlight': 0, 'Flood Light': 0, 'GAS': 0, 'FIFA': 0, 'pipe': 0, 'pipes': 0, 'covid': 0, 'supply': 0, 'Beautification': 0, 'Installation': 0}",Post-Monsoon,,False,True,Repair and Restoration,"{'Construction': 2, 'Drain': 1}"
2025_CELBB_119432_4,MND-09 OF 2025-26,Protection to scoured bank on Nuna Karandia right embankment from RD 27.670 Km to RD 27.870 Km near village Patana for the year 2025-26 (Working RD from 27.600 Km to 27.735 Km ),Protection to scoured bank on Nuna Karandia right embankment from RD 27.670 Km to RD 27.870 Km near village Patana for the year 2025-26 (Working RD from 27.600 Km to 27.735 Km ),Works,National Competitive Bid,Percentage,Civil Works - Others,No,No,NA ,14-Oct-2025 10:00 AM,NA ,90.0,No ,No,Online,29-Oct-2025 11:30 AM,"CE-BM,LMB Basin,BBSR||SE, Eastern Circle,Cuttack||EE, Mahanadi North Division,Jagatpur",PUNDALO,754102.0,2.0,"83,65,602",SK MASIHUJ JAMMA,"7,111,598",Rejected-Finance,06-Aug-2026,"CE-BM,LMB Basin,BBSR||SE, Eastern Circle,Cuttack||EE, Mahanadi North Division,Jagatpur",True,"{'Flood': 0, 'Embankment': 2, 'embkt': 0, 'Relief': 0, 'Erosion': 0, 'SDRF': 0, 'Inundation': 0, 'Hydrology': 0, 'Silt': 0, 'Siltation': 0, 'Bund': 0, 'Trench': 0, 'Breach': 0, 'Culvert': 0, 'Sluice': 0, 'Dyke': 0, 'Storm water drain': 0, 'Emergency': 0, 'Immediate': 0, 'IM': 0, 'AE': 0, 'A E': 0, 'AAPDA MITRA': 0, 'flood': 0, 'Bridge': 0, 'River': 0, 'Drain': 0, 'Restoration': 0, 'Protection': 2, 'irr': 0, 'irrigation': 0, 'dam': 0, 'Nallah': 0, 'Retrofitting': 0, 'Pond': 0, 'Pokhari': 0, 'D/C': 0, 'Recharge shaft': 0, 'LFB': 0, 'RFB': 0}","{'Floodlight': 0, 'Flood Light': 0, 'GAS': 0, 'FIFA': 0, 'pipe': 0, 'pipes': 0, 'covid': 0, 'supply': 0, 'Beautification': 0, 'Installation': 0}",Post-Monsoon,,False,True,Preparedness Measures,"{'Protection': 2, 'scoured': 2, 'Scoured bank': 2}"
2025_CERWI_117166_1,Tender Online RWC-13-25,Construction of C type Judicial Quarters One unit Duplex for JMFC with approach road Drain and Compound Wall at Tigiria in the dist of Cuttack for the year 2024-25,Construction of C type Judicial Quarters One unit Duplex for JMFC with approach road Drain and Compound Wall at Tigiria in the dist of Cuttack for the year 2024-25,Works,National Competitive Bid,Percentage,Civil Works - Buildings,No,No,NA ,21-Aug-2025 05:00 PM,NA ,90.0,No ,No,Online,04-Sep-2025 11:30 AM,CE RW I||RWCIRCLE-CUTTACK,Cuttack,753004.0,2.0,"1,12,19,720",AJIT SAMAL,"9,537,884",Accepted-AOC,06-Aug-2026,CE RW I||RWCIRCLE-CUTTACK,True,"{'Flood': 0, 'Embankment': 0, 'embkt': 0, 'Relief': 0, 'Erosion': 0, 'SDRF': 0, 'Inundation': 0, 'Hydrology': 0, 'Silt': 0, 'Siltation': 0, 'Bund': 0, 'Trench': 0, 'Breach': 0, 'Culvert': 0, 'Sluice': 0, 'Dyke': 0, 'Storm water drain': 0, 'Emergency': 0, 'Immediate': 0, 'IM': 0, 'AE': 0, 'A E': 0, 'AAPDA MITRA': 0, 'flood': 0, 'Bridge': 0, 'River': 0, 'Drain': 2, 'Restoration': 0, 'Protection': 0, 'irr': 0, 'irrigation': 0, 'dam': 0, 'Nallah': 0, 'Retrofitting': 0, 'Pond': 0, 'Pokhari': 0, 'D/C': 0, 'Recharge shaft': 0, 'LFB': 0, 'RFB': 0}","{'Floodlight': 0, 'Flood Light': 0, 'GAS': 0, 'FIFA': 0, 'pipe': 0, 'pipes': 0, 'covid': 0, 'supply': 0, 'Beautification': 0, 'Installation': 0}",Monsoon,,False,True,Repair and Restoration,"{'Construction': 2, 'Drain': 2}"
2025_CELBB_120208_23,MND-11 OF 2025-26,Protection to scoured bank of Birupa left embankment near Daulatpur Muslim Sahi for the year 2025-26,Protection to scoured bank of Birupa left embankment near Daulatpur Muslim Sahi for the year 2025-26,Works,National Competitive Bid,Percentage,Civil Works - Others,No,No,NA ,29-Oct-2025 10:00 AM,NA ,90.0,No ,No,Online,10-Nov-2025 11:30 AM,"CE-BM,LMB Basin,BBSR||SE, Eastern Circle,Cuttack||EE, Mahanadi North Division,Jagatpur",NURTANGA,754021.0,1.0,"34,62,499",AJAYA KUMAR BEHERA,"2,943,471",Rejected-Finance,13-Aug-2026,"CE-BM,LMB Basin,BBSR||SE, Eastern Circle,Cuttack||EE, Mahanadi North Division,Jagatpur",True,"{'Flood': 0, 'Embankment': 2, 'embkt': 0, 'Relief': 0, 'Erosion': 0, 'SDRF': 0, 'Inundation': 0, 'Hydrology': 0, 'Silt': 0, 'Siltation': 0, 'Bund': 0, 'Trench': 0, 'Breach': 0, 'Culvert': 0, 'Sluice': 0, 'Dyke': 0, 'Storm water drain': 0, 'Emergency': 0, 'Immediate': 0, 'IM': 0, 'AE': 0, 'A E': 0, 'AAPDA MITRA': 0, 'flood': 0, 'Bridge': 0, 'River': 0, 'Drain': 0, 'Restoration': 0, 'Protection': 2, 'irr': 0, 'irrigation': 0, 'dam': 0, 'Nallah': 0, 'Retrofitting': 0, 'Pond': 0, 'Pokhari': 0, 'D/C': 0, 'Recharge shaft': 0, 'LFB': 0, 'RFB': 0}","{'Floodlight': 0, 'Flood Light': 0, 'GAS': 0, 'FIFA': 0, 'pipe': 0, 'pipes': 0, 'covid': 0, 'supply': 0, 'Beautification': 0, 'Installation': 0}",Post-Monsoon,,False,True,Preparedness Measures,"{'Protection': 2, 'scoured': 2, 'Scoured bank': 2}"
2026_CERWI_126626_1,RWCCESNG-36 of 2025-26,Construction of Road from NH-49 to Bausenpali via Kadamghat SBY Bridge under MMSY-TRIP in the district of Jharsuguda for the year 2025-26,Construction of Road from NH-49 to Bausenpali via Kadamghat SBY Bridge under MMSY-TRIP in the district of Jharsuguda for the year 2025-26,Works,National Competitive Bid,Percentage,Civil Works - Roads,No,No,NA ,25-Feb-2026 06:00 PM,NA ,90.0,No ,No,Online,12-Mar-2026 11:00 AM,CE RW I||RW-CIRCLE-SUNDARGARH,Jharsuguda,770020.0,2.0,"3,16,21,740",PRASANTA KUMAR PATTNAIK,"25,521,906.172",Rejected-Finance,18-Aug-2026,CE RW I||RW-CIRCLE-SUNDARGARH,True,"{'Flood': 0, 'Embankment': 0, 'embkt': 0, 'Relief': 0, 'Erosion': 0, 'SDRF': 0, 'Inundation': 0, 'Hydrology': 0, 'Silt': 0, 'Siltation': 0, 'Bund': 0, 'Trench': 0, 'Breach': 0, 'Culvert': 0, 'Sluice': 0, 'Dyke': 0, 'Storm water drain': 0, 'Emergency': 0, 'Immediate': 0, 'IM': 0, 'AE': 0, 'A E': 0, 'AAPDA MITRA': 0, 'flood': 0, 'Bridge': 2, 'River': 0, 'Drain': 0, 'Restoration': 0, 'Protection': 0, 'irr': 0, 'irrigation': 0, 'dam': 0, 'Nallah': 0, 'Retrofitting': 0, 'Pond': 0, 'Pokhari': 0, 'D/C': 0, 'Recharge shaft': 0, 'LFB': 0, 'RFB': 0}","{'Floodlight': 0, 'Flood Light': 0, 'GAS': 0, 'FIFA': 0, 'pipe': 0, 'pipes': 0, 'covid': 0, 'supply': 0, 'Beautification': 0, 'Installation': 0}",Post-Monsoon,,False,True,Repair and Restoration,"{'Construction': 2, 'Bridge': 2}"
2026_EICCL_131533_2,CCENC (R AND B) / 01/ 2026-27,Construction of Drain on Gumandera Jagannath Mandir to Nh-49 via Kurmipada Railway Station from Ch. 0-430 to 1-066 km in the District of Jharsuguda for the year 2025-26 under State Plan,ROAD WORK,Works,National Competitive Bid,Percentage,Civil Works - Roads,No,No,NA ,09-Jun-2026 10:00 AM,NA ,90.0,No ,No,Online,25-Jun-2026 11:00 AM,EIC-CIVIL||SERNB-CIRCLE-NORTHERN,"GUMANDERA, JHARSUGUDA",768218.0,2.0,"2,30,05,659",SRI OM PRAKASH SINGH,"23,005,659",Rejected-Finance,13-Aug-2026,EIC-CIVIL||SERNB-CIRCLE-NORTHERN,True,"{'Flood': 0, 'Embankment': 0, 'embkt': 0, 'Relief': 0, 'Erosion': 0, 'SDRF': 0, 'Inundation': 0, 'Hydrology': 0, 'Silt': 0, 'Siltation': 0, 'Bund': 0, 'Trench': 0, 'Breach': 0, 'Culvert': 0, 'Sluice': 0, 'Dyke': 0, 'Storm water drain': 0, 'Emergency': 0, 'Immediate': 0, 'IM': 0, 'AE': 0, 'A E': 0, 'AAPDA MITRA': 0, 'flood': 0, 'Bridge': 0, 'River': 0, 'Drain': 1, 'Restoration': 0, 'Protection': 0, 'irr': 0, 'irrigation': 0, 'dam': 0, 'Nallah': 0, 'Retrofitting': 0, 'Pond': 0, 'Pokhari': 0, 'D/C': 0, 'Recharge shaft': 0, 'LFB': 0, 'RFB': 0}","{'Floodlight': 0, 'Flood Light': 0, 'GAS': 0, 'FIFA': 0, 'pipe': 0, 'pipes': 0, 'covid': 0, 'supply': 0, 'Beautification': 0, 'Installation': 0}",Monsoon,,False,True,Repair and Restoration,"{'Construction': 1, 'Drain': 1}"
2026_CELBB_130083_11,SEPRD04/2026-27,Restoration to Kuakhai Right Embankment from RD 26.280 Km. to 26.500 Km.,EMBANKMENT work,Works,Open Tender,Percentage,Civil Works - Others,No,No,NA ,02-Jun-2026 11:00 AM,NA ,90.0,No ,No,Online,17-Jun-2026 10:30 AM,"CE-BM,LMB Basin,BBSR||SE, Central Irr.Circle, BBSR||EE,Prachi Division,Bhubaneswar",BBSR,753001.0,2.0,"64,28,065",ALOKASHRIBAD PANDA,"4,499,646",Rejected-Finance,24-Aug-2026,"CE-BM,LMB Basin,BBSR||SE, Central Irr.Circle, BBSR||EE,Prachi Division,Bhubaneswar",True,"{'Flood': 0, 'Embankment': 2, 'embkt': 0, 'Relief': 0, 'Erosion': 0, 'SDRF': 0, 'Inundation': 0, 'Hydrology': 0, 'Silt': 0, 'Siltation': 0, 'Bund': 0, 'Trench': 0, 'Breach': 0, 'Culvert': 0, 'Sluice': 0, 'Dyke': 0, 'Storm water drain': 0, 'Emergency': 0, 'Immediate': 0, 'IM': 0, 'AE': 0, 'A E': 0, 'AAPDA MITRA': 0, 'flood': 0, 'Bridge': 0, 'River': 0, 'Drain': 0, 'Restoration': 1, 'Protection': 0, 'irr': 0, 'irrigation': 0, 'dam': 0, 'Nallah': 0, 'Retrofitting': 0, 'Pond': 0, 'Pokhari': 0, 'D/C': 0, 'Recharge shaft': 0, 'LFB': 0, 'RFB': 0}","{'Floodlight': 0, 'Flood Light': 0, 'GAS': 0, 'FIFA': 0, 'pipe': 0, 'pipes': 0, 'covid': 0, 'supply': 0, 'Beautification': 0, 'Installation': 0}",Monsoon,,False,True,Repair and Restoration,{'restoration': 1}
2026_ORULB_126671_31,EO/RGP/07 of 2025-26,"Construction of Both side Drain with Cover Slab and Paver block road from Sanjay Parwar house towards Baba Talab kalyan Mandap, Ward No.01","Construction of Both side Drain with Cover Slab and Paver block road from Sanjay Parwar house towards Baba Talab kalyan Mandap, Ward No.01",Works,Open Tender,Percentage,Civil Works - Others,No,No,NA ,27-Feb-2026 11:00 AM,NA ,90.0,No ,No,Online,13-Mar-2026 11:00 AM,Municipal Bodies||Rajgangpur Municipality,Rajgangpur Municipality,770017.0,1.0,"14,00,000",AMARENDRA BISWAL,"1,400,000",Rejected-AOC,12-Aug-2026,Municipal Bodies||Rajgangpur Municipality,True,"{'Flood': 0, 'Embankment': 0, 'embkt': 0, 'Relief': 0, 'Erosion': 0, 'SDRF': 0, 'Inundation': 0, 'Hydrology': 0, 'Silt': 0, 'Siltation': 0, 'Bund': 0, 'Trench': 0, 'Breach': 0, 'Culvert': 0, 'Sluice': 0, 'Dyke': 0, 'Storm water drain': 0, 'Emergency': 0, 'Immediate': 0, 'IM': 0, 'AE': 0, 'A E': 0, 'AAPDA MITRA': 0, 'flood': 0, 'Bridge': 0, 'River': 0, 'Drain': 2, 'Restoration': 0, 'Protection': 0, 'irr': 0, 'irrigation': 0, 'dam': 0, 'Nallah': 0, 'Retrofitting': 0, 'Pond': 0, 'Pokhari': 0, 'D/C': 0, 'Recharge shaft': 0, 'LFB': 0, 'RFB': 0}","{'Floodlight': 0, 'Flood Light': 0, 'GAS': 0, 'FIFA': 0, 'pipe': 0, 'pipes': 0, 'covid': 0, 'supply': 0, 'Beautification': 0, 'Installation': 0}",Post-Monsoon,,False,True,Repair and Restoration,"{'Construction': 2, 'Drain': 2}"
2026_EICCL_126939_1,CCE 15 2025 26,R and R of Collectorate Building restoration and reconstruction of parking area C.W landscaping and other ancillary work in the premises of collectorate office Rayagada.,R and R of Collectorate Building restoration and reconstruction of parking area C.W landscaping and other ancillary work in the premises of collectorate office Rayagada.,Works,Open Tender,Percentage,Civil Works - Buildings,No,No,NA ,07-Mar-2026 11:00 AM,NA ,90.0,No ,No,Online,24-Mar-2026 11:00 AM,EIC-CIVIL||SERNB-CIRCLE-RAYAGADA,Rayagada,765001.0,2.0,"4,19,80,282",MANOJ KUMAR CHOUDHURY,"41,980,282",Accepted-AOC,21-Aug-2026,EIC-CIVIL||SERNB-CIRCLE-RAYAGADA,True,"{'Flood': 0, 'Embankment': 0, 'embkt': 0, 'Relief': 0, 'Erosion': 0, 'SDRF': 0, 'Inundation': 0, 'Hydrology': 0, 'Silt': 0, 'Siltation': 0, 'Bund': 0, 'Trench': 0, 'Breach': 0, 'Culvert': 0, 'Sluice': 0, 'Dyke': 0, 'Storm water drain': 0, 'Emergency': 0, 'Immediate': 0, 'IM': 0, 'AE': 0, 'A E': 0, 'AAPDA MITRA': 0, 'flood': 0, 'Bridge': 0, 'River': 0, 'Drain': 0, 'Restoration': 2, 'Protection': 0, 'irr': 0, 'irrigation': 0, 'dam': 0, 'Nallah': 0, 'Retrofitting': 0, 'Pond': 0, 'Pokhari': 0, 'D/C': 0, 'Recharge shaft': 0, 'LFB': 0, 'RFB': 0}","{'Floodlight': 0, 'Flood Light': 0, 'GAS': 0, 'FIFA': 0, 'pipe': 0, 'pipes': 0, 'covid': 0, 'supply': 0, 'Beautification': 0, 'Installation': 0}",Pre-Monsoon,,False,False,Repair and Restoration,"{'restoration': 2, 'reconstruction': 2}"
2026_ORULB_126600_1,E.O-N.A.C-BNR- 04/2025-26,Construction of Drain from Gouri Shankar Sarangi house towards Talasahi Chhak Ward N0-10.,Construction of Drain from Gouri Shankar Sarangi house towards Talasahi Chhak Ward N0-10.,Works,Open Tender,Percentage,Civil Works - Others,No,No,NA ,25-Feb-2026 10:00 AM,NA ,105.0,No ,No,Online,13-Mar-2026 01:00 PM,Municipal Bodies||Banpur NAC,OFFICE OF BANPUR NAC,752031.0,1.0,"12,24,064",PRAKASH CHANDRA PATTANAIK,"1,187,464.27",Rejected-Finance,21-Aug-2026,Municipal Bodies||Banpur NAC,True,"{'Flood': 0, 'Embankment': 0, 'embkt': 0, 'Relief': 0, 'Erosion': 0, 'SDRF': 0, 'Inundation': 0, 'Hydrology': 0, 'Silt': 0, 'Siltation': 0, 'Bund': 0, 'Trench': 0, 'Breach': 0, 'Culvert': 0, 'Sluice': 0, 'Dyke': 0, 'Storm water drain': 0, 'Emergency': 0, 'Immediate': 0, 'IM': 0, 'AE': 0, 'A E': 0, 'AAPDA MITRA': 0, 'flood': 0, 'Bridge': 0, 'River': 0, 'Drain': 2, 'Restoration': 0, 'Protection': 0, 'irr': 0, 'irrigation': 0, 'dam': 0, 'Nallah': 0, 'Retrofitting': 0, 'Pond': 0, 'Pokhari': 0, 'D/C': 0, 'Recharge shaft': 0, 'LFB': 0, 'RFB': 0}","{'Floodlight': 0, 'Flood Light': 0, 'GAS': 0, 'FIFA': 0, 'pipe': 0, 'pipes': 0, 'covid': 0, 'supply': 0, 'Beautification': 0, 'Installation': 0}",Post-Monsoon,,False,True,Repair and Restoration,"{'Construction': 2, 'Drain': 2}"
2026_ORULB_128796_7,MC(CMC)CTC_Div-IIINo9/2026-27,Construction of Road from Fish Farm to Culvert (Safai nala)jagatpur in Ward no-49,Construction of Road from Fish Farm to Culvert (Safai nala)jagatpur in Ward no-49,Works,Open Tender,Percentage,Civil Works - Others,No,No,NA ,06-Jun-2026 02:00 PM,NA ,75.0,No ,No,Online,18-Jun-2026 10:00 AM,Municipal Bodies||Cuttack Municipal Corporation,CMC,753012.0,1.0,"10,07,240",SUJATA PRUSTY,"1,007,245.12",Rejected-AOC,25-Aug-2026,Municipal Bodies||Cuttack Municipal Corporation,True,"{'Flood': 0, 'Embankment': 0, 'embkt': 0, 'Relief': 0, 'Erosion': 0, 'SDRF': 0, 'Inundation': 0, 'Hydrology': 0, 'Silt': 0, 'Siltation': 0, 'Bund': 0, 'Trench': 0, 'Breach': 0, 'Culvert': 2, 'Sluice': 0, 'Dyke': 0, 'Storm water drain': 0, 'Emergency': 0, 'Immediate': 0, 'IM': 0, 'AE': 0, 'A E': 0, 'AAPDA MITRA': 0, 'flood': 0, 'Bridge': 0, 'River': 0, 'Drain': 0, 'Restoration': 0, 'Protection': 0, 'irr': 0, 'irrigation': 0, 'dam': 0, 'Nallah': 0, 'Retrofitting': 0, 'Pond': 0, 'Pokhari': 0, 'D/C': 0, 'Recharge shaft': 0, 'LFB': 0, 'RFB': 0}","{'Floodlight': 0, 'Flood Light': 0, 'GAS': 0, 'FIFA': 0, 'pipe': 0, 'pipes': 0, 'covid': 0, 'supply': 0, 'Beautification': 0, 'Installation': 0}",Monsoon,,False,True,Repair and Restoration,{'Construction': 2}
2026_ORULB_131470_16,BLGR MPTY/05(01-131)/2026-27,Construction Of Paver Block Road and Drain With Cover Slab from Rohita Bag Res To Anil Munda Res Larkipali Ward no-1,Road and Drain Work,Works,Open Tender,Percentage,Civil Works - Roads,No,No,NA ,09-Jun-2026 09:00 AM,NA ,180.0,No ,No,Online,20-Jun-2026 11:00 AM,Municipal Bodies||Balangir Municipality,Balangir Municipality,767001.0,1.0,"3,79,557",GITANJALI BAGARTY,"349,230",Rejected-Finance,18-Aug-2026,Municipal Bodies||Balangir Municipality,True,"{'Flood': 0, 'Embankment': 0, 'embkt': 0, 'Relief': 0, 'Erosion': 0, 'SDRF': 0, 'Inundation': 0, 'Hydrology': 0, 'Silt': 0, 'Siltation': 0, 'Bund': 0, 'Trench': 0, 'Breach': 0, 'Culvert': 0, 'Sluice': 0, 'Dyke': 0, 'Storm water drain': 0, 'Emergency': 0, 'Immediate': 0, 'IM': 0, 'AE': 0, 'A E': 0, 'AAPDA MITRA': 0, 'flood': 0, 'Bridge': 0, 'River': 0, 'Drain': 2, 'Restoration': 0, 'Protection': 0, 'irr': 0, 'irrigation': 0, 'dam': 0, 'Nallah': 0, 'Retrofitting': 0, 'Pond': 0, 'Pokhari': 0, 'D/C': 0, 'Recharge shaft': 0, 'LFB': 0, 'RFB': 0}","{'Floodlight': 0, 'Flood Light': 0, 'GAS': 0, 'FIFA': 0, 'pipe': 0, 'pipes': 0, 'covid': 0, 'supply': 0, 'Beautification': 0, 'Installation': 0}",Monsoon,,False,True,Repair and Restoration,"{'Construction': 1, 'Drain': 2}"
2026_CELBB_127770_7,MND-14 OF 2025-26 (Sl No-10-18),"Restoration to left bank of Kendrapara Canal near RD 24.250 Km, RD 24.200 Km, RD 23.500 Km and RD 23.300 Km for the year 2026-27","Restoration to left bank of Kendrapara Canal near RD 24.250 Km, RD 24.200 Km, RD 23.500 Km and RD 23.300 Km for the year 2026-27",Works,National Competitive Bid,Percentage,Civil Works - Others,No,No,NA ,08-Apr-2026 10:00 AM,NA ,90.0,No ,No,Online,18-Apr-2026 11:30 AM,"CE-BM,LMB Basin,BBSR||SE, Eastern Circle,Cuttack||EE, Mahanadi North Division,Jagatpur",KENDUPATANA,754021.0,1.0,"3,00,723",PARSURAM NAYAK,"300,723",Rejected-Finance,06-Aug-2026,"CE-BM,LMB Basin,BBSR||SE, Eastern Circle,Cuttack||EE, Mahanadi North Division,Jagatpur",True,"{'Flood': 0, 'Embankment': 0, 'embkt': 0, 'Relief': 0, 'Erosion': 0, 'SDRF': 0, 'Inundation': 0, 'Hydrology': 0, 'Silt': 0, 'Siltation': 0, 'Bund': 0, 'Trench': 0, 'Breach': 0, 'Culvert': 0, 'Sluice': 0, 'Dyke': 0, 'Storm water drain': 0, 'Emergency': 0, 'Immediate': 0, 'IM': 0, 'AE': 0, 'A E': 0, 'AAPDA MITRA': 0, 'flood': 0, 'Bridge': 0, 'River': 0, 'Drain': 0, 'Restoration': 2, 'Protection': 0, 'irr': 0, 'irrigation': 0, 'dam': 0, 'Nallah': 0, 'Retrofitting': 0, 'Pond': 0, 'Pokhari': 0, 'D/C': 0, 'Recharge shaft': 0, 'LFB': 0, 'RFB': 0}","{'Floodlight': 0, 'Flood Light': 0, 'GAS': 0, 'FIFA': 0, 'pipe': 0, 'pipes': 0, 'covid': 0, 'supply': 0, 'Beautification': 0, 'Installation': 0}",Pre-Monsoon,,False,False,Repair and Restoration,{'restoration': 2}
2025_ORULB_123961_18,MC(CMC)CTC_Div-IIINo.32/25-26,Construction of paver block road with raising of drain and fixing of RCC slab at Bikashnath lane in Ward No.43.,Construction of paver block road with raising of drain and fixing of RCC slab at Bikashnath lane in Ward No.43.,Works,Open Tender,Percentage,Civil Works - Others,No,No,NA ,17-Feb-2026 11:00 AM,NA ,45.0,No ,No,Online,07-Mar-2026 10:00 AM,Municipal Bodies||Cuttack Municipal Corporation,CMC,753012.0,1.0,"2,89,201",PRASANTA KUMAR BEHERA,"297,875",Rejected-AOC,04-Aug-2026,Municipal Bodies||Cuttack Municipal Corporation,True,"{'Flood': 0, 'Embankment': 0, 'embkt': 0, 'Relief': 0, 'Erosion': 0, 'SDRF': 0, 'Inundation': 0, 'Hydrology': 0, 'Silt': 0, 'Siltation': 0, 'Bund': 0, 'Trench': 0, 'Breach': 0, 'Culvert': 0, 'Sluice': 0, 'Dyke': 0, 'Storm water drain': 0, 'Emergency': 0, 'Immediate': 0, 'IM': 0, 'AE': 0, 'A E': 0, 'AAPDA MITRA': 0, 'flood': 0, 'Bridge': 0, 'River': 0, 'Drain': 2, 'Restoration': 0, 'Protection': 0, 'irr': 0, 'irrigation': 0, 'dam': 0, 'Nallah': 0, 'Retrofitting': 0, 'Pond': 0, 'Pokhari': 0, 'D/C': 0, 'Recharge shaft': 0, 'LFB': 0, 'RFB': 0}","{'Floodlight': 0, 'Flood Light': 0, 'GAS': 0, 'FIFA': 0, 'pipe': 0, 'pipes': 0, 'covid': 0, 'supply': 0, 'Beautification': 0, 'Installation': 0}",Post-Monsoon,,False,True,Repair and Restoration,"{'raising': 2, 'Construction': 2, 'Drain': 2}"
2026_ORULB_129864_6,13/SMC_SBP/2026-27,"Construction of paver road and drain from i. Main road to Rudra Enterprises ii. Pujari house to Govinda Rana House, Vaidik Vihar, Ward No 28","Construction of paver road and drain from i. Main road to Rudra Enterprises ii. Pujari house to Govinda Rana House, Vaidik Vihar, Ward No 28",Works,Open Tender,Percentage,Civil Works - Others,No,No,NA ,30-May-2026 11:00 AM,NA ,90.0,No ,No,Online,09-Jun-2026 11:00 AM,Municipal Bodies||Sambalpur Municipal Corporation,SAMBALPUR MUNICIPAL CORPORATION,768004.0,1.0,"12,68,824",ASHISH DALMIA,"1,268,793",Rejected-Technical,02-Aug-2026,Municipal Bodies||Sambalpur Municipal Corporation,True,"{'Flood': 0, 'Embankment': 0, 'embkt': 0, 'Relief': 0, 'Erosion': 0, 'SDRF': 0, 'Inundation': 0, 'Hydrology': 0, 'Silt': 0, 'Siltation': 0, 'Bund': 0, 'Trench': 0, 'Breach': 0, 'Culvert': 0, 'Sluice': 0, 'Dyke': 0, 'Storm water drain': 0, 'Emergency': 0, 'Immediate': 0, 'IM': 0, 'AE': 0, 'A E': 0, 'AAPDA MITRA': 0, 'flood': 0, 'Bridge': 0, 'River': 0, 'Drain': 2, 'Restoration': 0, 'Protection': 0, 'irr': 0, 'irrigation': 0, 'dam': 0, 'Nallah': 0, 'Retrofitting': 0, 'Pond': 0, 'Pokhari': 0, 'D/C': 0, 'Recharge shaft': 0, 'LFB': 0, 'RFB': 0}","{'Floodlight': 0, 'Flood Light': 0, 'GAS': 0, 'FIFA': 0, 'pipe': 0, 'pipes': 0, 'covid': 0, 'supply': 0, 'Beautification': 0, 'Installation': 0}",Pre-Monsoon,,False,True,Repair and Restoration,"{'Construction': 2, 'Drain': 2}"
2025_CERWI_109108_5,Tender Online-02/2024-25 (Bridges),Construction of H.L. Bridge over GOBARI nallah on Balana Adampur to Radhanagar Road under SBY,Construction of H.L. Bridge over GOBARI nallah on Balana Adampur to Radhanagar Road under SBY in the district of Kendrapara,Works,National Competitive Bid,Percentage,Civil Works - Bridges,No,No,NA ,06-Jan-2025 04:10 PM,NA ,90.0,No ,No,Online,22-Jan-2025 11:00 AM,CE RW I,Kendrapara,751001.0,2.0,"11,20,56,334",SAILABALA INFRASTRUCTURE PRIVATE LIMITED,"100,592,971",Rejected-Finance,20-Aug-2026,CE RW I,True,"{'Flood': 0, 'Embankment': 0, 'embkt': 0, 'Relief': 0, 'Erosion': 0, 'SDRF': 0, 'Inundation': 0, 'Hydrology': 0, 'Silt': 0, 'Siltation': 0, 'Bund': 0, 'Trench': 0, 'Breach': 0, 'Culvert': 0, 'Sluice': 0, 'Dyke': 0, 'Storm water drain': 0, 'Emergency': 0, 'Immediate': 0, 'IM': 0, 'AE': 0, 'A E': 0, 'AAPDA MITRA': 0, 'flood': 0, 'Bridge': 2, 'River': 0, 'Drain': 0, 'Restoration': 0, 'Protection': 0, 'irr': 0, 'irrigation': 0, 'dam': 0, 'Nallah': 2, 'Retrofitting': 0, 'Pond': 0, 'Pokhari': 0, 'D/C': 0, 'Recharge shaft': 0, 'LFB': 0, 'RFB': 0}","{'Floodlight': 0, 'Flood Light': 0, 'GAS': 0, 'FIFA': 0, 'pipe': 0, 'pipes': 0, 'covid': 0, 'supply': 0, 'Beautification': 0, 'Installation': 0}",Post-Monsoon,,False,True,Repair and Restoration,"{'Construction': 2, 'Bridge': 2}"
2026_ORULB_128029_8,SNGM-01/2026-27,Construction of One Side Guard Wall of Khamaripada Mother Drain Ward no-19,Construction of One Side Guard Wall of Khamaripada Mother Drain Ward no-19,Works,Open Tender,Percentage,Civil Works - Others,No,No,NA ,13-Apr-2026 11:00 AM,NA ,120.0,No ,No,Online,28-Apr-2026 11:00 AM,Municipal Bodies||Sundargarh Municipality,Sundargarh Municipality,770001.0,1.0,"15,87,763",MAHENDRA KHUKHARI,"1,586,175.24",Rejected-Finance,25-Aug-2026,Municipal Bodies||Sundargarh Municipality,True,"{'Flood': 0, 'Embankment': 0, 'embkt': 0, 'Relief': 0, 'Erosion': 0, 'SDRF': 0, 'Inundation': 0, 'Hydrology': 0, 'Silt': 0, 'Siltation': 0, 'Bund': 0, 'Trench': 0, 'Breach': 0, 'Culvert': 0, 'Sluice': 0, 'Dyke': 0, 'Storm water drain': 0, 'Emergency': 0, 'Immediate': 0, 'IM': 0, 'AE': 0, 'A E': 0, 'AAPDA MITRA': 0, 'flood': 0, 'Bridge': 0, 'River': 0, 'Drain': 2, 'Restoration': 0, 'Protection': 0, 'irr': 0, 'irrigation': 0, 'dam': 0, 'Nallah': 0, 'Retrofitting': 0, 'Pond': 0, 'Pokhari': 0, 'D/C': 0, 'Recharge shaft': 0, 'LFB': 0, 'RFB': 0}","{'Floodlight': 0, 'Flood Light': 0, 'GAS': 0, 'FIFA': 0, 'pipe': 0, 'pipes': 0, 'covid': 0, 'supply': 0, 'Beautification': 0, 'Installation': 0}",Pre-Monsoon,,False,True,Repair and Restoration,"{'Construction': 2, 'Drain': 2}"
2025_ORULB_123961_19,MC(CMC)CTC_Div-IIINo.32/25-26,Construction of road with raising of drain and fixing of RCC slab from Haramohan Das res to Swain Babu res via Sobhalane in Ward No.43.,Construction of road with raising of drain and fixing of RCC slab from Haramohan Das res to Swain Babu res via Sobhalane in Ward No.43.,Works,Open Tender,Percentage,Civil Works - Others,No,No,NA ,17-Feb-2026 11:00 AM,NA ,45.0,No ,No,Online,07-Mar-2026 10:00 AM,Municipal Bodies||Cuttack Municipal Corporation,CMC,753012.0,1.0,"8,46,508",SRI AJAYA KUMAR BEHERA,"880,368",Rejected-AOC,04-Aug-2026,Municipal Bodies||Cuttack Municipal Corporation,True,"{'Flood': 0, 'Embankment': 0, 'embkt': 0, 'Relief': 0, 'Erosion': 0, 'SDRF': 0, 'Inundation': 0, 'Hydrology': 0, 'Silt': 0, 'Siltation': 0, 'Bund': 0, 'Trench': 0, 'Breach': 0, 'Culvert': 0, 'Sluice': 0, 'Dyke': 0, 'Storm water drain': 0, 'Emergency': 0, 'Immediate': 0, 'IM': 0, 'AE': 0, 'A E': 0, 'AAPDA MITRA': 0, 'flood': 0, 'Bridge': 0, 'River': 0, 'Drain': 2, 'Restoration': 0, 'Protection': 0, 'irr': 0, 'irrigation': 0, 'dam': 0, 'Nallah': 0, 'Retrofitting': 0, 'Pond': 0, 'Pokhari': 0, 'D/C': 0, 'Recharge shaft': 0, 'LFB': 0, 'RFB': 0}","{'Floodlight': 0, 'Flood Light': 0, 'GAS': 0, 'FIFA': 0, 'pipe': 0, 'pipes': 0, 'covid': 0, 'supply': 0, 'Beautification': 0, 'Installation': 0}",Post-Monsoon,,False,True,Repair and Restoration,"{'raising': 2, 'Construction': 2, 'Drain': 2}"
2026_CELBB_127770_6,MND-14 OF 2025-26 (Sl No-10-18),Restoration to scoured bank on Sapua right near Godijharia for 2026-27,Restoration to scoured bank on Sapua right near Godijharia for 2026-27,Works,National Competitive Bid,Percentage,Civil Works - Others,No,No,NA ,08-Apr-2026 10:00 AM,NA ,90.0,No ,No,Online,18-Apr-2026 11:30 AM,"CE-BM,LMB Basin,BBSR||SE, Eastern Circle,Cuttack||EE, Mahanadi North Division,Jagatpur",ATHAGARH,754021.0,1.0,"33,10,617",BIPINI BIHARI MOHAPATRA,"3,310,617",Rejected-Finance,06-Aug-2026,"CE-BM,LMB Basin,BBSR||SE, Eastern Circle,Cuttack||EE, Mahanadi North Division,Jagatpur",True,"{'Flood': 0, 'Embankment': 0, 'embkt': 0, 'Relief': 0, 'Erosion': 0, 'SDRF': 0, 'Inundation': 0, 'Hydrology': 0, 'Silt': 0, 'Siltation': 0, 'Bund': 0, 'Trench': 0, 'Breach': 0, 'Culvert': 0, 'Sluice': 0, 'Dyke': 0, 'Storm water drain': 0, 'Emergency': 0, 'Immediate': 0, 'IM': 0, 'AE': 0, 'A E': 0, 'AAPDA MITRA': 0, 'flood': 0, 'Bridge': 0, 'River': 0, 'Drain': 0, 'Restoration': 2, 'Protection': 0, 'irr': 0, 'irrigation': 0, 'dam': 0, 'Nallah': 0, 'Retrofitting': 0, 'Pond': 0, 'Pokhari': 0, 'D/C': 0, 'Recharge shaft': 0, 'LFB': 0, 'RFB': 0}","{'Floodlight': 0, 'Flood Light': 0, 'GAS': 0, 'FIFA': 0, 'pipe': 0, 'pipes': 0, 'covid': 0, 'supply': 0, 'Beautification': 0, 'Installation': 0}",Pre-Monsoon,,False,False,Repair and Restoration,{'restoration': 2}
2026_ORULB_126671_18,EO/RGP/07 of 2025-26,Construction of Drain with cover Slab From Aind house towards Community center at Wards no14,Construction of Drain with cover Slab From Aind house towards Community center at Wards no14,Works,Open Tender,Percentage,Civil Works - Others,No,No,NA ,27-Feb-2026 11:00 AM,NA ,90.0,No ,No,Online,13-Mar-2026 11:00 AM,Municipal Bodies||Rajgangpur Municipality,Rajgangpur Municipality,770017.0,1.0,"8,00,000",BHARAT CONSTRUCTION,"800,000",Rejected-AOC,12-Aug-2026,Municipal Bodies||Rajgangpur Municipality,True,"{'Flood': 0, 'Embankment': 0, 'embkt': 0, 'Relief': 0, 'Erosion': 0, 'SDRF': 0, 'Inundation': 0, 'Hydrology': 0, 'Silt': 0, 'Siltation': 0, 'Bund': 0, 'Trench': 0, 'Breach': 0, 'Culvert': 0, 'Sluice': 0, 'Dyke': 0, 'Storm water drain': 0, 'Emergency': 0, 'Immediate': 0, 'IM': 0, 'AE': 0, 'A E': 0, 'AAPDA MITRA': 0, 'flood': 0, 'Bridge': 0, 'River': 0, 'Drain': 2, 'Restoration': 0, 'Protection': 0, 'irr': 0, 'irrigation': 0, 'dam': 0, 'Nallah': 0, 'Retrofitting': 0, 'Pond': 0, 'Pokhari': 0, 'D/C': 0, 'Recharge shaft': 0, 'LFB': 0, 'RFB': 0}","{'Floodlight': 0, 'Flood Light': 0, 'GAS': 0, 'FIFA': 0, 'pipe': 0, 'pipes': 0, 'covid': 0, 'supply': 0, 'Beautification': 0, 'Installation': 0}",Post-Monsoon,,False,True,Repair and Restoration,"{'Construction': 2, 'Drain': 2}"
2024_OCCL_103795_1,Bid identification No. OCCL-HQP/46/2024-25,E-procurement Notice No.08/OCCL/2024-25(on-line),Improvement to road on Bhargavi right embankment from village Biranarasinghapur to Dobandha from RD 48.00 Km to 48.600 Km and RD 51.100 Km to 55.500 Km.,Works,Open Tender,Percentage,Civil Works - Others,No,No,NA ,20-Jul-2024 03:30 PM,NA ,90.0,No ,No,Online,05-Aug-2024 12:00 PM,ODISHA CONSTRUCTION CORPORATION LTD,PURI IRRIGATION DIVISION,752001.0,2.0,"2,28,01,789",ACP CONSTRUCTION,"19,383,801",Rejected-Finance,02-Dec-2024,ODISHA CONSTRUCTION CORPORATION LTD,True,"{'Flood': 0, 'Embankment': 1, 'embkt': 0, 'Relief': 0, 'Erosion': 0, 'SDRF': 0, 'Inundation': 0, 'Hydrology': 0, 'Silt': 0, 'Siltation': 0, 'Bund': 0, 'Trench': 0, 'Breach': 0, 'Culvert': 0, 'Sluice': 0, 'Dyke': 0, 'Storm water drain': 0, 'Emergency': 0, 'Immediate': 0, 'IM': 0, 'AE': 0, 'A E': 0, 'AAPDA MITRA': 0, 'flood': 0, 'Bridge': 0, 'River': 0, 'Drain': 0, 'Restoration': 0, 'Protection': 0, 'irr': 0, 'irrigation': 0, 'dam': 0, 'Nallah': 0, 'Retrofitting': 0, 'Pond': 0, 'Pokhari': 0, 'D/C': 0, 'Recharge shaft': 0, 'LFB': 0, 'RFB': 0}","{'Floodlight': 0, 'Flood Light': 0, 'GAS': 0, 'FIFA': 0, 'pipe': 0, 'pipes': 0, 'covid': 0, 'supply': 0, 'Beautification': 0, 'Installation': 0}",Monsoon,,False,True,Repair and Restoration,{'improvement': 1}
2025_CEBBS_118895_10,SERID-RKL-04/2025-26,Construction of Narendra Sub-minor-1 from RD 960M of Rukura Irrigation Project.,Construction of Narendra Sub-minor-1 from RD 960M of Rukura Irrigation Project.,Works,Open Tender,Percentage,Civil Works - Canal,No,No,NA ,04-Oct-2025 10:00 AM,NA ,90.0,No ,No,Online,15-Oct-2025 11:00 AM,CE and BM Brahmani Basin Samal||APD cum CCE RIP Samal||Rourkela Irrigation Division Rourkela,Bonai,770038.0,1.0,"8,30,366",MAMTA ENTERPRISES,"705,894.6",Accepted-AOC,07-Aug-2026,CE and BM Brahmani Basin Samal||APD cum CCE RIP Samal||Rourkela Irrigation Division Rourkela,True,"{'Flood': 0, 'Embankment': 0, 'embkt': 0, 'Relief': 0, 'Erosion': 0, 'SDRF': 0, 'Inundation': 0, 'Hydrology': 0, 'Silt': 0, 'Siltation': 0, 'Bund': 0, 'Trench': 0, 'Breach': 0, 'Culvert': 0, 'Sluice': 0, 'Dyke': 0, 'Storm water drain': 0, 'Emergency': 0, 'Immediate': 0, 'IM': 0, 'AE': 0, 'A E': 0, 'AAPDA MITRA': 0, 'flood': 0, 'Bridge': 0, 'River': 0, 'Drain': 0, 'Restoration': 0, 'Protection': 0, 'irr': 0, 'irrigation': 2, 'dam': 0, 'Nallah': 0, 'Retrofitting': 0, 'Pond': 0, 'Pokhari': 0, 'D/C': 0, 'Recharge shaft': 0, 'LFB': 0, 'RFB': 0}","{'Floodlight': 0, 'Flood Light': 0, 'GAS': 0, 'FIFA': 0, 'pipe': 0, 'pipes': 0, 'covid': 0, 'supply': 0, 'Beautification': 0, 'Installation': 0}",Post-Monsoon,,False,False,Repair and Restoration,{'Construction': 2}
2026_ORULB_126671_24,EO/RGP/07 of 2025-26,Construction of Drain Back side of Hasboo house at Ward no.19,Construction of Drain Back side of Hasboo house at Ward no.19,Works,Open Tender,Percentage,Civil Works - Others,No,No,NA ,27-Feb-2026 11:00 AM,NA ,90.0,No ,No,Online,13-Mar-2026 11:00 AM,Municipal Bodies||Rajgangpur Municipality,Rajgangpur Municipality,770017.0,1.0,"5,00,000",SRUTI LAKRA,"500,000",Rejected-AOC,25-Aug-2026,Municipal Bodies||Rajgangpur Municipality,True,"{'Flood': 0, 'Embankment': 0, 'embkt': 0, 'Relief': 0, 'Erosion': 0, 'SDRF': 0, 'Inundation': 0, 'Hydrology': 0, 'Silt': 0, 'Siltation': 0, 'Bund': 0, 'Trench': 0, 'Breach': 0, 'Culvert': 0, 'Sluice': 0, 'Dyke': 0, 'Storm water drain': 0, 'Emergency': 0, 'Immediate': 0, 'IM': 0, 'AE': 0, 'A E': 0, 'AAPDA MITRA': 0, 'flood': 0, 'Bridge': 0, 'River': 0, 'Drain': 2, 'Restoration': 0, 'Protection': 0, 'irr': 0, 'irrigation': 0, 'dam': 0, 'Nallah': 0, 'Retrofitting': 0, 'Pond': 0, 'Pokhari': 0, 'D/C': 0, 'Recharge shaft': 0, 'LFB': 0, 'RFB': 0}","{'Floodlight': 0, 'Flood Light': 0, 'GAS': 0, 'FIFA': 0, 'pipe': 0, 'pipes': 0, 'covid': 0, 'supply': 0, 'Beautification': 0, 'Installation': 0}",Post-Monsoon,,False,True,Repair and Restoration,"{'Construction': 2, 'Drain': 2}"
2023_ORULB_89764_4,EO/JMC/067/2023-24,"Repair of Drain inside Raja Bazar, W.No.-4","Repair of Drain inside Raja Bazar, W.No.-4",Works,Open Tender,Percentage,Civil Works - Others,No,No,NA ,17-Jun-2023 02:00 PM,NA ,30.0,No ,No,Online,01-Jul-2023 11:00 AM,Municipal Bodies||Jatni Municipal Council,"EXECUTIVE OFFICER,JATNI MUNICIPALITY",752050.0,1.0,"7,50,000",prasanta kumar mahapatra,"540,137",Rejected-Finance,12-Aug-2026,Municipal Bodies||Jatni Municipal Council,True,"{'Flood': 0, 'Embankment': 0, 'embkt': 0, 'Relief': 0, 'Erosion': 0, 'SDRF': 0, 'Inundation': 0, 'Hydrology': 0, 'Silt': 0, 'Siltation': 0, 'Bund': 0, 'Trench': 0, 'Breach': 0, 'Culvert': 0, 'Sluice': 0, 'Dyke': 0, 'Storm water drain': 0, 'Emergency': 0, 'Immediate': 0, 'IM': 0, 'AE': 0, 'A E': 0, 'AAPDA MITRA': 0, 'flood': 0, 'Bridge': 0, 'River': 0, 'Drain': 2, 'Restoration': 0, 'Protection': 0, 'irr': 0, 'irrigation': 0, 'dam': 0, 'Nallah': 0, 'Retrofitting': 0, 'Pond': 0, 'Pokhari': 0, 'D/C': 0, 'Recharge shaft': 0, 'LFB': 0, 'RFB': 0}","{'Floodlight': 0, 'Flood Light': 0, 'GAS': 0, 'FIFA': 0, 'pipe': 0, 'pipes': 0, 'covid': 0, 'supply': 0, 'Beautification': 0, 'Installation': 0}",Monsoon,,False,True,Repair and Restoration,"{'repair': 2, 'Drain': 2}"
2026_ORULB_128206_7,BPM/02/2026-27,Improvement of Road and Construction of Drain with Culvert from Akhya Nanda House to Zindi Singh in lane no-01Sitabardipada in ward no-02,Improvement of Road and Construction of Drain with Culvert from Akhya Nanda House to Zindi Singh in lane no-01Sitabardipada in ward no-02,Works,Open Tender,Percentage,Civil Works - Others,No,No,NA ,18-Apr-2026 11:00 AM,NA ,90.0,No ,No,Online,28-Apr-2026 05:30 PM,Municipal Bodies||Bhawanipatna Municipality,BHAWANIPATNA MUNICIPALITY,766001.0,1.0,"15,04,237",SACHIN KUMAR SAHU,"1,150,712.02",Rejected-Finance,29-Aug-2026,Municipal Bodies||Bhawanipatna Municipality,True,"{'Flood': 0, 'Embankment': 0, 'embkt': 0, 'Relief': 0, 'Erosion': 0, 'SDRF': 0, 'Inundation': 0, 'Hydrology': 0, 'Silt': 0, 'Siltation': 0, 'Bund': 0, 'Trench': 0, 'Breach': 0, 'Culvert': 2, 'Sluice': 0, 'Dyke': 0, 'Storm water drain': 0, 'Emergency': 0, 'Immediate': 0, 'IM': 0, 'AE': 0, 'A E': 0, 'AAPDA MITRA': 0, 'flood': 0, 'Bridge': 0, 'River': 0, 'Drain': 2, 'Restoration': 0, 'Protection': 0, 'irr': 0, 'irrigation': 0, 'dam': 0, 'Nallah': 0, 'Retrofitting': 0, 'Pond': 0, 'Pokhari': 0, 'D/C': 0, 'Recharge shaft': 0, 'LFB': 0, 'RFB': 0}","{'Floodlight': 0, 'Flood Light': 0, 'GAS': 0, 'FIFA': 0, 'pipe': 0, 'pipes': 0, 'covid': 0, 'supply': 0, 'Beautification': 0, 'Installation': 0}",Pre-Monsoon,,False,True,Repair and Restoration,"{'improvement': 2, 'Construction': 2, 'Drain': 2}"
2026_ORULB_129208_8,MC(CMC)CTC_Div-I_No.4/2026-27,Construction of RCC drain from Wakf Board Office to National Nurtya Academy in Ward No. 15.,Construction of RCC drain from Wakf Board Office to National Nurtya Academy in Ward No. 15.,Works,Open Tender,Percentage,Civil Works - Others,No,No,NA ,30-May-2026 03:00 PM,NA ,90.0,No ,No,Online,12-Jun-2026 11:00 AM,Municipal Bodies||Cuttack Municipal Corporation,CMC,753012.0,1.0,"6,54,300",Ganesh Chandra Swain,"654,304",Rejected-AOC,17-Aug-2026,Municipal Bodies||Cuttack Municipal Corporation,True,"{'Flood': 0, 'Embankment': 0, 'embkt': 0, 'Relief': 0, 'Erosion': 0, 'SDRF': 0, 'Inundation': 0, 'Hydrology': 0, 'Silt': 0, 'Siltation': 0, 'Bund': 0, 'Trench': 0, 'Breach': 0, 'Culvert': 0, 'Sluice': 0, 'Dyke': 0, 'Storm water drain': 0, 'Emergency': 0, 'Immediate': 0, 'IM': 0, 'AE': 0, 'A E': 0, 'AAPDA MITRA': 0, 'flood': 0, 'Bridge': 0, 'River': 0, 'Drain': 2, 'Restoration': 0, 'Protection': 0, 'irr': 0, 'irrigation': 0, 'dam': 0, 'Nallah': 0, 'Retrofitting': 0, 'Pond': 0, 'Pokhari': 0, 'D/C': 0, 'Recharge shaft': 0, 'LFB': 0, 'RFB': 0}","{'Floodlight': 0, 'Flood Light': 0, 'GAS': 0, 'FIFA': 0, 'pipe': 0, 'pipes': 0, 'covid': 0, 'supply': 0, 'Beautification': 0, 'Installation': 0}",Pre-Monsoon,,False,True,Repair and Restoration,"{'Construction': 2, 'Drain': 2}"
2019_ORULB_53959_11,EONM-06/2018-19,Repair of CC Road and Drain from Mankidiamma Puja Mandap to Nagendra Takies Junction Ward No 08,Civil Work,Works,Open Tender,Percentage,Civil Works - Roads,No,No,NA ,22-Feb-2019 11:00 AM,NA ,90.0,No ,No,Online,02-Mar-2019 11:00 AM,Municipal Bodies||Nabarangpur Municipality,Nabarangpur,764059.0,1.0,"6,00,000",SIDHESWAR PANIGRAHI,"535,714.73",Rejected-AOC,04-Aug-2026,Municipal Bodies||Nabarangpur Municipality,True,"{'Flood': 0, 'Embankment': 0, 'embkt': 0, 'Relief': 0, 'Erosion': 0, 'SDRF': 0, 'Inundation': 0, 'Hydrology': 0, 'Silt': 0, 'Siltation': 0, 'Bund': 0, 'Trench': 0, 'Breach': 0, 'Culvert': 0, 'Sluice': 0, 'Dyke': 0, 'Storm water drain': 0, 'Emergency': 0, 'Immediate': 0, 'IM': 0, 'AE': 0, 'A E': 0, 'AAPDA MITRA': 0, 'flood': 0, 'Bridge': 0, 'River': 0, 'Drain': 1, 'Restoration': 0, 'Protection': 0, 'irr': 0, 'irrigation': 0, 'dam': 0, 'Nallah': 0, 'Retrofitting': 0, 'Pond': 0, 'Pokhari': 0, 'D/C': 0, 'Recharge shaft': 0, 'LFB': 0, 'RFB': 0}","{'Floodlight': 0, 'Flood Light': 0, 'GAS': 0, 'FIFA': 0, 'pipe': 0, 'pipes': 0, 'covid': 0, 'supply': 0, 'Beautification': 0, 'Installation': 0}",Post-Monsoon,,False,True,Repair and Restoration,"{'repair': 1, 'Drain': 1}"
2025_CELBB_119432_5,MND-09 OF 2025-26,Protection to scoured bank on Chitrotpala right embankment from RD 27.085 Km to 27.200 Km near village Manijanga for the year 2025-26,Protection to scoured bank on Chitrotpala right embankment from RD 27.085 Km to 27.200 Km near village Manijanga for the year 2025-26,Works,National Competitive Bid,Percentage,Civil Works - Others,No,No,NA ,14-Oct-2025 10:00 AM,NA ,90.0,No ,No,Online,29-Oct-2025 11:30 AM,"CE-BM,LMB Basin,BBSR||SE, Eastern Circle,Cuttack||EE, Mahanadi North Division,Jagatpur",PUNDALO,754102.0,2.0,"71,96,499",Chitta Ranjan Swain,"6,117,744",Rejected-Finance,06-Aug-2026,"CE-BM,LMB Basin,BBSR||SE, Eastern Circle,Cuttack||EE, Mahanadi North Division,Jagatpur",True,"{'Flood': 0, 'Embankment': 2, 'embkt': 0, 'Relief': 0, 'Erosion': 0, 'SDRF': 0, 'Inundation': 0, 'Hydrology': 0, 'Silt': 0, 'Siltation': 0, 'Bund': 0, 'Trench': 0, 'Breach': 0, 'Culvert': 0, 'Sluice': 0, 'Dyke': 0, 'Storm water drain': 0, 'Emergency': 0, 'Immediate': 0, 'IM': 0, 'AE': 0, 'A E': 0, 'AAPDA MITRA': 0, 'flood': 0, 'Bridge': 0, 'River': 0, 'Drain': 0, 'Restoration': 0, 'Protection': 2, 'irr': 0, 'irrigation': 0, 'dam': 0, 'Nallah': 0, 'Retrofitting': 0, 'Pond': 0, 'Pokhari': 0, 'D/C': 0, 'Recharge shaft': 0, 'LFB': 0, 'RFB': 0}","{'Floodlight': 0, 'Flood Light': 0, 'GAS': 0, 'FIFA': 0, 'pipe': 0, 'pipes': 0, 'covid': 0, 'supply': 0, 'Beautification': 0, 'Installation': 0}",Post-Monsoon,,False,True,Preparedness Measures,"{'Protection': 2, 'scoured': 2, 'Scoured bank': 2}"
2026_CEMIB_124558_22,BID IDENTIFICATION NO_SEMIDN_14_OF2025_26,Improvement to Budhapadar Check Dam in Daspalla Block of Nayagarh district under Improvement to Check Dam grant for the year 2025-26,Improvement to Budhapadar Check Dam in Daspalla Block of Nayagarh district under Improvement to Check Dam grant for the year 2025-26,Works,National Competitive Bid,Percentage,Civil Works - Others,No,No,NA ,14-Jan-2026 10:00 AM,NA ,90.0,No ,No,Online,21-Jan-2026 11:00 AM,"CE,Minor Irrigation,BBSR||SECMIC-BHUBANESWAR||EE MI Divn. Nayagarh",SUPERINTENDING ENGINEER M I DIVISION NAYAGARH,752070.0,1.0,,ABADHAN KANHAR,"499,815.85",Accepted-AOC,14-Aug-2026,"CE,Minor Irrigation,BBSR||SECMIC-BHUBANESWAR||EE MI Divn. Nayagarh",True,"{'Flood': 0, 'Embankment': 0, 'embkt': 0, 'Relief': 0, 'Erosion': 0, 'SDRF': 0, 'Inundation': 0, 'Hydrology': 0, 'Silt': 0, 'Siltation': 0, 'Bund': 0, 'Trench': 0, 'Breach': 0, 'Culvert': 0, 'Sluice': 0, 'Dyke': 0, 'Storm water drain': 0, 'Emergency': 0, 'Immediate': 0, 'IM': 0, 'AE': 0, 'A E': 0, 'AAPDA MITRA': 0, 'flood': 0, 'Bridge': 0, 'River': 0, 'Drain': 0, 'Restoration': 0, 'Protection': 0, 'irr': 0, 'irrigation': 0, 'dam': 4, 'Nallah': 0, 'Retrofitting': 0, 'Pond': 0, 'Pokhari': 0, 'D/C': 0, 'Recharge shaft': 0, 'LFB': 0, 'RFB': 0}","{'Floodlight': 0, 'Flood Light': 0, 'GAS': 0, 'FIFA': 0, 'pipe': 0, 'pipes': 0, 'covid': 0, 'supply': 0, 'Beautification': 0, 'Installation': 0}",Post-Monsoon,,False,False,Repair and Restoration,"{'improvement': 4, 'Check Dam': 4}"
2026_ORULB_129287_3,EO/RGP/01 of 2026-27,Construction of Drain with Cover Slab from P.P. Naik house towards Manas Jeet House at Ward No.09,Construction of Drain with Cover Slab from P.P. Naik house towards Manas Jeet House at Ward No.09,Works,Open Tender,Percentage,Civil Works - Others,No,No,NA ,15-May-2026 11:00 AM,NA ,90.0,No ,No,Online,28-May-2026 11:00 AM,Municipal Bodies||Rajgangpur Municipality,Rajgangpur Municipality,770017.0,1.0,"8,00,000",SHIVAY CONSTRUCTIONS,"800,000",Rejected-AOC,17-Aug-2026,Municipal Bodies||Rajgangpur Municipality,True,"{'Flood': 0, 'Embankment': 0, 'embkt': 0, 'Relief': 0, 'Erosion': 0, 'SDRF': 0, 'Inundation': 0, 'Hydrology': 0, 'Silt': 0, 'Siltation': 0, 'Bund': 0, 'Trench': 0, 'Breach': 0, 'Culvert': 0, 'Sluice': 0, 'Dyke': 0, 'Storm water drain': 0, 'Emergency': 0, 'Immediate': 0, 'IM': 0, 'AE': 0, 'A E': 0, 'AAPDA MITRA': 0, 'flood': 0, 'Bridge': 0, 'River': 0, 'Drain': 2, 'Restoration': 0, 'Protection': 0, 'irr': 0, 'irrigation': 0, 'dam': 0, 'Nallah': 0, 'Retrofitting': 0, 'Pond': 0, 'Pokhari': 0, 'D/C': 0, 'Recharge shaft': 0, 'LFB': 0, 'RFB': 0}","{'Floodlight': 0, 'Flood Light': 0, 'GAS': 0, 'FIFA': 0, 'pipe': 0, 'pipes': 0, 'covid': 0, 'supply': 0, 'Beautification': 0, 'Installation': 0}",Pre-Monsoon,,False,True,Repair and Restoration,"{'Construction': 2, 'Drain': 2}"
2025_CELBB_116656_15,e PROCUREMENT TENDER CALL NOTICE NO. PID02OF202526,"PID 105, Restoration to Southkania right embankment from RD 1.100 km to 1.900 km",Restoration to Southkania right embankment from RD 1.100 km to 1.900 km,Works,Open Tender,Percentage,Civil Works - Others,No,No,NA ,11-Aug-2025 10:30 AM,NA ,90.0,No ,No,Online,26-Aug-2025 11:00 AM,"CE-BM,LMB Basin,BBSR||SE, Central Irr.Circle, BBSR||EE,Puri Irr Division,Puri",PURI,752003.0,1.0,"30,58,225",ASWANI KUMAR RAY,"2,599,797",Rejected-Finance,20-Nov-2025,"CE-BM,LMB Basin,BBSR||SE, Central Irr.Circle, BBSR||EE,Puri Irr Division,Puri",True,"{'Flood': 0, 'Embankment': 2, 'embkt': 0, 'Relief': 0, 'Erosion': 0, 'SDRF': 0, 'Inundation': 0, 'Hydrology': 0, 'Silt': 0, 'Siltation': 0, 'Bund': 0, 'Trench': 0, 'Breach': 0, 'Culvert': 0, 'Sluice': 0, 'Dyke': 0, 'Storm water drain': 0, 'Emergency': 0, 'Immediate': 0, 'IM': 0, 'AE': 0, 'A E': 0, 'AAPDA MITRA': 0, 'flood': 0, 'Bridge': 0, 'River': 0, 'Drain': 0, 'Restoration': 2, 'Protection': 0, 'irr': 0, 'irrigation': 0, 'dam': 0, 'Nallah': 0, 'Retrofitting': 0, 'Pond': 0, 'Pokhari': 0, 'D/C': 0, 'Recharge shaft': 0, 'LFB': 0, 'RFB': 0}","{'Floodlight': 0, 'Flood Light': 0, 'GAS': 0, 'FIFA': 0, 'pipe': 0, 'pipes': 0, 'covid': 0, 'supply': 0, 'Beautification': 0, 'Installation': 0}",Monsoon,,False,True,Repair and Restoration,{'restoration': 2}
2025_ORULB_122060_19,MC(CMC)CTC_Div-I_No.14/2025-26,Repair of road and raising of drain with cover slab from Ashin Chakrabati res to Arun Kumar Mukharjee res at Bangalai Sahi in Ward No. 07.,Repair of road and raising of drain with cover slab from Ashin Chakrabati res to Arun Kumar Mukharjee res at Bangalai Sahi in Ward No. 07.,Works,Open Tender,Percentage,Civil Works - Others,No,No,NA ,29-Nov-2025 03:00 PM,NA ,90.0,No ,No,Online,12-Dec-2025 11:00 AM,Municipal Bodies||Cuttack Municipal Corporation,CMC,753012.0,1.0,"6,09,000",Ganesh Chandra Swain,"517,716",Rejected-AOC,07-Aug-2026,Municipal Bodies||Cuttack Municipal Corporation,True,"{'Flood': 0, 'Embankment': 0, 'embkt': 0, 'Relief': 0, 'Erosion': 0, 'SDRF': 0, 'Inundation': 0, 'Hydrology': 0, 'Silt': 0, 'Siltation': 0, 'Bund': 0, 'Trench': 0, 'Breach': 0, 'Culvert': 0, 'Sluice': 0, 'Dyke': 0, 'Storm water drain': 0, 'Emergency': 0, 'Immediate': 0, 'IM': 0, 'AE': 0, 'A E': 0, 'AAPDA MITRA': 0, 'flood': 0, 'Bridge': 0, 'River': 0, 'Drain': 2, 'Restoration': 0, 'Protection': 0, 'irr': 0, 'irrigation': 0, 'dam': 0, 'Nallah': 0, 'Retrofitting': 0, 'Pond': 0, 'Pokhari': 0, 'D/C': 0, 'Recharge shaft': 0, 'LFB': 0, 'RFB': 0}","{'Floodlight': 0, 'Flood Light': 0, 'GAS': 0, 'FIFA': 0, 'pipe': 0, 'pipes': 0, 'covid': 0, 'supply': 0, 'Beautification': 0, 'Installation': 0}",Post-Monsoon,,False,True,Repair and Restoration,"{'repair': 2, 'raising': 2, 'Drain': 2}"
2025_ORULB_117505_73,CHM-02/2025-2026,Construction of RCC Drain and Road from Kalyan Mandap to Dilip Sahoo house in Ward No 09 of Choudwar Municipality,Construction of RCC Drain and Road from Kalyan Mandap to Dilip Sahoo house in Ward No 09 of Choudwar Municipality,Works,Open Tender,Percentage,Civil Works - Roads,No,No,NA ,06-Sep-2025 11:00 AM,NA ,90.0,No ,No,Online,22-Sep-2025 11:00 AM,Municipal Bodies||Choudwar Municipality,Choudwar Municipality,754071.0,1.0,"16,76,199",ANIL KUMAR BHOI,"1,676,199",Rejected-Finance,24-Aug-2026,Municipal Bodies||Choudwar Municipality,True,"{'Flood': 0, 'Embankment': 0, 'embkt': 0, 'Relief': 0, 'Erosion': 0, 'SDRF': 0, 'Inundation': 0, 'Hydrology': 0, 'Silt': 0, 'Siltation': 0, 'Bund': 0, 'Trench': 0, 'Breach': 0, 'Culvert': 0, 'Sluice': 0, 'Dyke': 0, 'Storm water drain': 0, 'Emergency': 0, 'Immediate': 0, 'IM': 0, 'AE': 0, 'A E': 0, 'AAPDA MITRA': 0, 'flood': 0, 'Bridge': 0, 'River': 0, 'Drain': 2, 'Restoration': 0, 'Protection': 0, 'irr': 0, 'irrigation': 0, 'dam': 0, 'Nallah': 0, 'Retrofitting': 0, 'Pond': 0, 'Pokhari': 0, 'D/C': 0, 'Recharge shaft': 0, 'LFB': 0, 'RFB': 0}","{'Floodlight': 0, 'Flood Light': 0, 'GAS': 0, 'FIFA': 0, 'pipe': 0, 'pipes': 0, 'covid': 0, 'supply': 0, 'Beautification': 0, 'Installation': 0}",Monsoon,,False,True,Repair and Restoration,"{'Construction': 2, 'Drain': 2}"
2026_CEMIB_129213_22,SEMIDRGD-04/2026-27,Improvement to Dukhansala Check Dam in Ramanaguda Block of Rayagada District under the scheme Improvement to Check Dam 2026-27,Improvement to Dukhansala Check Dam in Ramanaguda Block of Rayagada District under the scheme Improvement to Check Dam 2026-27,Works,National Competitive Bid,Percentage,Civil Works - Others,No,No,NA ,13-May-2026 10:00 AM,NA ,90.0,No ,No,Online,29-May-2026 11:00 AM,"CE,Minor Irrigation,BBSR||SE,KBK Minor Irr.CircleII,Jeypore||EE M.I. Division Rayagada",Rayagada,765001.0,1.0,"9,99,354",Abani Ranjan Panigrahi,"999,353.97",Rejected-AOC,17-Jun-2026,"CE,Minor Irrigation,BBSR||SE,KBK Minor Irr.CircleII,Jeypore||EE M.I. Division Rayagada",True,"{'Flood': 0, 'Embankment': 0, 'embkt': 0, 'Relief': 0, 'Erosion': 0, 'SDRF': 0, 'Inundation': 0, 'Hydrology': 0, 'Silt': 0, 'Siltation': 0, 'Bund': 0, 'Trench': 0, 'Breach': 0, 'Culvert': 0, 'Sluice': 0, 'Dyke': 0, 'Storm water drain': 0, 'Emergency': 0, 'Immediate': 0, 'IM': 0, 'AE': 0, 'A E': 0, 'AAPDA MITRA': 0, 'flood': 0, 'Bridge': 0, 'River': 0, 'Drain': 0, 'Restoration': 0, 'Protection': 0, 'irr': 0, 'irrigation': 0, 'dam': 4, 'Nallah': 0, 'Retrofitting': 0, 'Pond': 0, 'Pokhari': 0, 'D/C': 0, 'Recharge shaft': 0, 'LFB': 0, 'RFB': 0}","{'Floodlight': 0, 'Flood Light': 0, 'GAS': 0, 'FIFA': 0, 'pipe': 0, 'pipes': 0, 'covid': 0, 'supply': 0, 'Beautification': 0, 'Installation': 0}",Pre-Monsoon,,False,False,Repair and Restoration,"{'improvement': 4, 'Check Dam': 4}"
2026_ORULB_128192_8,BBLM-1/2026-27,"Construction of road from Kamala Mahanta house to Birendra Mahanta house and drain from Ranjan Mallick house to Rakesh Patel house at Sriram Nagar, Ward No.4, Barbil Municipality","Construction of road from Kamala Mahanta house to Birendra Mahanta house and drain from Ranjan Mallick house to Rakesh Patel house at Sriram Nagar, Ward No.4, Barbil Municipality",Works,Open Tender,Percentage,Civil Works - Others,No,No,NA ,20-Apr-2026 10:00 AM,NA ,90.0,No ,No,Online,04-May-2026 11:00 AM,Municipal Bodies||Barbil Municipality,Barbil,758035.0,2.0,"15,92,000",MD SAJJAD ALAM,"1,669,157",Accepted-AOC,24-Aug-2026,Municipal Bodies||Barbil Municipality,True,"{'Flood': 0, 'Embankment': 0, 'embkt': 0, 'Relief': 0, 'Erosion': 0, 'SDRF': 0, 'Inundation': 0, 'Hydrology': 0, 'Silt': 0, 'Siltation': 0, 'Bund': 0, 'Trench': 0, 'Breach': 0, 'Culvert': 0, 'Sluice': 0, 'Dyke': 0, 'Storm water drain': 0, 'Emergency': 0, 'Immediate': 0, 'IM': 0, 'AE': 0, 'A E': 0, 'AAPDA MITRA': 0, 'flood': 0, 'Bridge': 0, 'River': 0, 'Drain': 2, 'Restoration': 0, 'Protection': 0, 'irr': 0, 'irrigation': 0, 'dam': 0, 'Nallah': 0, 'Retrofitting': 0, 'Pond': 0, 'Pokhari': 0, 'D/C': 0, 'Recharge shaft': 0, 'LFB': 0, 'RFB': 0}","{'Floodlight': 0, 'Flood Light': 0, 'GAS': 0, 'FIFA': 0, 'pipe': 0, 'pipes': 0, 'covid': 0, 'supply': 0, 'Beautification': 0, 'Installation': 0}",Pre-Monsoon,,False,True,Repair and Restoration,"{'Construction': 2, 'Drain': 2}"
2024_ORULB_106153_27,MC(CMC)CTC_Div-I_No.11/2024-25,S/R to C.C. road and raising of drain from Khatbin Sahi Durga Ghar and Sekh Bazar Durga Mandap lane in Ward No. 14.,S/R to C.C. road and raising of drain from Khatbin Sahi Durga Ghar and Sekh Bazar Durga Mandap lane in Ward No. 14.,Works,Open Tender,Percentage,Civil Works - Others,No,No,NA ,04-Nov-2024 03:00 PM,NA ,90.0,No ,No,Online,20-Nov-2024 11:00 AM,Municipal Bodies||Cuttack Municipal Corporation,CMC,753012.0,1.0,"32,74,300",AJIT KUMAR BEHERA,"3,372,502",Rejected-AOC,10-Aug-2026,Municipal Bodies||Cuttack Municipal Corporation,True,"{'Flood': 0, 'Embankment': 0, 'embkt': 0, 'Relief': 0, 'Erosion': 0, 'SDRF': 0, 'Inundation': 0, 'Hydrology': 0, 'Silt': 0, 'Siltation': 0, 'Bund': 0, 'Trench': 0, 'Breach': 0, 'Culvert': 0, 'Sluice': 0, 'Dyke': 0, 'Storm water drain': 0, 'Emergency': 0, 'Immediate': 0, 'IM': 0, 'AE': 0, 'A E': 0, 'AAPDA MITRA': 0, 'flood': 0, 'Bridge': 0, 'River': 0, 'Drain': 2, 'Restoration': 0, 'Protection': 0, 'irr': 0, 'irrigation': 0, 'dam': 0, 'Nallah': 0, 'Retrofitting': 0, 'Pond': 0, 'Pokhari': 0, 'D/C': 0, 'Recharge shaft': 0, 'LFB': 0, 'RFB': 0}","{'Floodlight': 0, 'Flood Light': 0, 'GAS': 0, 'FIFA': 0, 'pipe': 0, 'pipes': 0, 'covid': 0, 'supply': 0, 'Beautification': 0, 'Installation': 0}",Post-Monsoon,,False,True,Repair and Restoration,"{'raising': 2, 'Drain': 2}"
2026_CERWI_132708_1,OnlineEERKL 10/2026-27,RD Road - Latatola_Road_Boxcell culvert -2x3x2-replacing the old damaged CD and Patch repair and BT Renewal with shoulder repair.At 1.245 km 0.000 to 0.750 and 0.850 to 1.310,RD Road - Latatola_Road_Boxcell culvert -2x3x2-replacing the old damaged CD and Patch repair and BT Renewal with shoulder repair.At 1.245 km 0.000 to 0.750 and 0.850 to 1.310,Works,Open Tender,Percentage,Civil Works - Roads,No,No,NA ,23-Jun-2026 01:00 PM,NA ,120.0,No ,No,Online,06-Jul-2026 10:00 AM,CE RW I||RW-CIRCLE-SUNDARGARH||RW-Division-Sundargarh II,ROURKELA,769004.0,1.0,"25,42,019",ADARSH CONSTRUCTION PROP.ADARSH AGARWAL,"2,542,019",Rejected-AOC,21-Aug-2026,CE RW I||RW-CIRCLE-SUNDARGARH||RW-Division-Sundargarh II,True,"{'Flood': 0, 'Embankment': 0, 'embkt': 0, 'Relief': 0, 'Erosion': 0, 'SDRF': 0, 'Inundation': 0, 'Hydrology': 0, 'Silt': 0, 'Siltation': 0, 'Bund': 0, 'Trench': 0, 'Breach': 0, 'Culvert': 2, 'Sluice': 0, 'Dyke': 0, 'Storm water drain': 0, 'Emergency': 0, 'Immediate': 0, 'IM': 0, 'AE': 0, 'A E': 0, 'AAPDA MITRA': 0, 'flood': 0, 'Bridge': 0, 'River': 0, 'Drain': 0, 'Restoration': 0, 'Protection': 0, 'irr': 0, 'irrigation': 0, 'dam': 0, 'Nallah': 0, 'Retrofitting': 0, 'Pond': 0, 'Pokhari': 0, 'D/C': 0, 'Recharge shaft': 0, 'LFB': 0, 'RFB': 0}","{'Floodlight': 0, 'Flood Light': 0, 'GAS': 0, 'FIFA': 0, 'pipe': 0, 'pipes': 0, 'covid': 0, 'supply': 0, 'Beautification': 0, 'Installation': 0}",Monsoon,,False,True,Repair and Restoration,{'repair': 4}
2026_CERWI_129141_1,NCB-03/RWCKJR/2026-27,Construction of H.L. bridge over Local Nallah on Santoshpur Uppersahi to Tarinisala road under SBY in the district of Keonjhar for the year 2025-26,Construction of H.L. bridge over Local Nallah on Santoshpur Uppersahi to Tarinisala road under SBY in the district of Keonjhar for the year 2025-26,Works,National Competitive Bid,Percentage,Civil Works - Bridges,No,No,NA ,11-May-2026 04:30 PM,NA ,90.0,No ,No,Online,22-May-2026 11:00 AM,CE RW I||RWCIRCLE-KEONJHAR,Keonjhar,758001.0,2.0,"2,82,15,709",Nishikanta Swain,"27,933,552.252",Rejected-Finance,31-Jul-2026,CE RW I||RWCIRCLE-KEONJHAR,True,"{'Flood': 0, 'Embankment': 0, 'embkt': 0, 'Relief': 0, 'Erosion': 0, 'SDRF': 0, 'Inundation': 0, 'Hydrology': 0, 'Silt': 0, 'Siltation': 0, 'Bund': 0, 'Trench': 0, 'Breach': 0, 'Culvert': 0, 'Sluice': 0, 'Dyke': 0, 'Storm water drain': 0, 'Emergency': 0, 'Immediate': 0, 'IM': 0, 'AE': 0, 'A E': 0, 'AAPDA MITRA': 0, 'flood': 0, 'Bridge': 2, 'River': 0, 'Drain': 0, 'Restoration': 0, 'Protection': 0, 'irr': 0, 'irrigation': 0, 'dam': 0, 'Nallah': 2, 'Retrofitting': 0, 'Pond': 0, 'Pokhari': 0, 'D/C': 0, 'Recharge shaft': 0, 'LFB': 0, 'RFB': 0}","{'Floodlight': 0, 'Flood Light': 0, 'GAS': 0, 'FIFA': 0, 'pipe': 0, 'pipes': 0, 'covid': 0, 'supply': 0, 'Beautification': 0, 'Installation': 0}",Pre-Monsoon,,False,True,Repair and Restoration,"{'Construction': 2, 'Bridge': 2}"
2026_CEBBU_128080_1,BID-01 of 2026-27 dated 07.04.2026,Restoration of Syphon at RD 1905.0 m of Padhanpali Minor.,Restoration of Syphon at RD 1905.0 m of Padhanpali Minor.,Works,Open Tender,Percentage,Civil Works - Canal,No,No,NA ,13-Apr-2026 10:00 AM,NA ,90.0,No ,No,Online,28-Apr-2026 11:00 AM,"CE-BM,UM Basin,Burla||SE,Hirakud Dam Circle,Burla||EE,Canal Irr.Divn,Bargarh",Bargarh,768028.0,1.0,"27,87,677",GANESH DASH,"2,024,132.54",Rejected-AOC,21-Aug-2026,"CE-BM,UM Basin,Burla||SE,Hirakud Dam Circle,Burla||EE,Canal Irr.Divn,Bargarh",True,"{'Flood': 0, 'Embankment': 0, 'embkt': 0, 'Relief': 0, 'Erosion': 0, 'SDRF': 0, 'Inundation': 0, 'Hydrology': 0, 'Silt': 0, 'Siltation': 0, 'Bund': 0, 'Trench': 0, 'Breach': 0, 'Culvert': 0, 'Sluice': 0, 'Dyke': 0, 'Storm water drain': 0, 'Emergency': 0, 'Immediate': 0, 'IM': 0, 'AE': 0, 'A E': 0, 'AAPDA MITRA': 0, 'flood': 0, 'Bridge': 0, 'River': 0, 'Drain': 0, 'Restoration': 2, 'Protection': 0, 'irr': 0, 'irrigation': 0, 'dam': 0, 'Nallah': 0, 'Retrofitting': 0, 'Pond': 0, 'Pokhari': 0, 'D/C': 0, 'Recharge shaft': 0, 'LFB': 0, 'RFB': 0}","{'Floodlight': 0, 'Flood Light': 0, 'GAS': 0, 'FIFA': 0, 'pipe': 0, 'pipes': 0, 'covid': 0, 'supply': 0, 'Beautification': 0, 'Installation': 0}",Pre-Monsoon,,False,False,Repair and Restoration,{'restoration': 2}
2025_ORULB_111921_12,GUN-MUN-69/2024-25,CONSTRUCTION OF DRAIN AT MARATHIGUDA IN WARD NO-18.,COSTRUCTION OF DRAIN,Works,Open Tender,Percentage,Civil Works - Others,No,No,NA ,26-Mar-2025 11:00 AM,NA ,90.0,No ,No,Online,09-Apr-2025 11:00 AM,Municipal Bodies||Gunupur Municipal Council,GUNUPUR MUNICPALITY,765022.0,1.0,"6,05,000",RADHA KRUSHNA PRADHAN,"514,648",Rejected-Finance,24-Aug-2026,Municipal Bodies||Gunupur Municipal Council,True,"{'Flood': 0, 'Embankment': 0, 'embkt': 0, 'Relief': 0, 'Erosion': 0, 'SDRF': 0, 'Inundation': 0, 'Hydrology': 0, 'Silt': 0, 'Siltation': 0, 'Bund': 0, 'Trench': 0, 'Breach': 0, 'Culvert': 0, 'Sluice': 0, 'Dyke': 0, 'Storm water drain': 0, 'Emergency': 0, 'Immediate': 0, 'IM': 0, 'AE': 0, 'A E': 0, 'AAPDA MITRA': 0, 'flood': 0, 'Bridge': 0, 'River': 0, 'Drain': 2, 'Restoration': 0, 'Protection': 0, 'irr': 0, 'irrigation': 0, 'dam': 0, 'Nallah': 0, 'Retrofitting': 0, 'Pond': 0, 'Pokhari': 0, 'D/C': 0, 'Recharge shaft': 0, 'LFB': 0, 'RFB': 0}","{'Floodlight': 0, 'Flood Light': 0, 'GAS': 0, 'FIFA': 0, 'pipe': 0, 'pipes': 0, 'covid': 0, 'supply': 0, 'Beautification': 0, 'Installation': 0}",Pre-Monsoon,,False,True,Repair and Restoration,"{'Construction': 1, 'Drain': 2}"
2026_EICCL_127500_14,eTCN11 of 2025-2026,"Construction of Site Development of POCSO Judge Quarter (Such as RCC drain, Compound wall)","Construction of Site Development of POCSO Judge Quarter (Such as RCC drain, Compound wall)",Works,Open Tender,Percentage,Civil Works - Buildings,No,No,NA ,23-Mar-2026 01:30 PM,NA ,90.0,No ,No,Online,31-Mar-2026 11:00 AM,EIC-CIVIL||SERNB-CIRCLE-KHURDA||EE Nayagarh Rnb Division,Nayagarh,752069.0,1.0,"28,98,777",JAMBESWAR GHADEI,"1,997,548",Rejected-Finance,07-Aug-2026,EIC-CIVIL||SERNB-CIRCLE-KHURDA||EE Nayagarh Rnb Division,True,"{'Flood': 0, 'Embankment': 0, 'embkt': 0, 'Relief': 0, 'Erosion': 0, 'SDRF': 0, 'Inundation': 0, 'Hydrology': 0, 'Silt': 0, 'Siltation': 0, 'Bund': 0, 'Trench': 0, 'Breach': 0, 'Culvert': 0, 'Sluice': 0, 'Dyke': 0, 'Storm water drain': 0, 'Emergency': 0, 'Immediate': 0, 'IM': 0, 'AE': 0, 'A E': 0, 'AAPDA MITRA': 0, 'flood': 0, 'Bridge': 0, 'River': 0, 'Drain': 2, 'Restoration': 0, 'Protection': 0, 'irr': 0, 'irrigation': 0, 'dam': 0, 'Nallah': 0, 'Retrofitting': 0, 'Pond': 0, 'Pokhari': 0, 'D/C': 0, 'Recharge shaft': 0, 'LFB': 0, 'RFB': 0}","{'Floodlight': 0, 'Flood Light': 0, 'GAS': 0, 'FIFA': 0, 'pipe': 0, 'pipes': 0, 'covid': 0, 'supply': 0, 'Beautification': 0, 'Installation': 0}",Pre-Monsoon,,False,True,Repair and Restoration,"{'Construction': 2, 'Drain': 2}"
2026_ORULB_134078_7,TCRM - 8 / 2026-27,Construction of paver block road and C.C. culvert near Bipin Debta house via Anganwadi Centre towards Mangala Mandir in W.No.3,Construction of paver block road and C.C. culvert near Bipin Debta house via Anganwadi Centre towards Mangala Mandir in W.No.3,Works,Open Tender,Percentage,Civil Works - Others,No,No,NA ,02-Jul-2026 04:00 PM,NA ,120.0,No ,No,Online,17-Jul-2026 11:00 AM,Municipal Bodies||Talcher Municipal Council,Talacher Municipal Office,759107.0,1.0,"19,69,000",SRI CHAGALA BEHERA,"1,841,606",Rejected-AOC,16-Aug-2026,Municipal Bodies||Talcher Municipal Council,True,"{'Flood': 0, 'Embankment': 0, 'embkt': 0, 'Relief': 0, 'Erosion': 0, 'SDRF': 0, 'Inundation': 0, 'Hydrology': 0, 'Silt': 0, 'Siltation': 0, 'Bund': 0, 'Trench': 0, 'Breach': 0, 'Culvert': 2, 'Sluice': 0, 'Dyke': 0, 'Storm water drain': 0, 'Emergency': 0, 'Immediate': 0, 'IM': 0, 'AE': 0, 'A E': 0, 'AAPDA MITRA': 0, 'flood': 0, 'Bridge': 0, 'River': 0, 'Drain': 0, 'Restoration': 0, 'Protection': 0, 'irr': 0, 'irrigation': 0, 'dam': 0, 'Nallah': 0, 'Retrofitting': 0, 'Pond': 0, 'Pokhari': 0, 'D/C': 0, 'Recharge shaft': 0, 'LFB': 0, 'RFB': 0}","{'Floodlight': 0, 'Flood Light': 0, 'GAS': 0, 'FIFA': 0, 'pipe': 0, 'pipes': 0, 'covid': 0, 'supply': 0, 'Beautification': 0, 'Installation': 0}",Monsoon,,False,True,Repair and Restoration,{'Construction': 2}
2024_ORULB_106153_26,MC(CMC)CTC_Div-I_No.11/2024-25,S/R to C.C. road and drain Mathuri Sahoo house to Chaina Nana house in Ward No. 12.,S/R to C.C. road and drain Mathuri Sahoo house to Chaina Nana house in Ward No. 12.,Works,Open Tender,Percentage,Civil Works - Others,No,No,NA ,04-Nov-2024 03:00 PM,NA ,90.0,No ,No,Online,20-Nov-2024 11:00 AM,Municipal Bodies||Cuttack Municipal Corporation,CMC,753012.0,1.0,"2,50,700",chandra sekhar behera,"1,863,286",Accepted-AOC,10-Aug-2026,Municipal Bodies||Cuttack Municipal Corporation,True,"{'Flood': 0, 'Embankment': 0, 'embkt': 0, 'Relief': 0, 'Erosion': 0, 'SDRF': 0, 'Inundation': 0, 'Hydrology': 0, 'Silt': 0, 'Siltation': 0, 'Bund': 0, 'Trench': 0, 'Breach': 0, 'Culvert': 0, 'Sluice': 0, 'Dyke': 0, 'Storm water drain': 0, 'Emergency': 0, 'Immediate': 0, 'IM': 0, 'AE': 0, 'A E': 0, 'AAPDA MITRA': 0, 'flood': 0, 'Bridge': 0, 'River': 0, 'Drain': 2, 'Restoration': 0, 'Protection': 0, 'irr': 0, 'irrigation': 0, 'dam': 0, 'Nallah': 0, 'Retrofitting': 0, 'Pond': 0, 'Pokhari': 0, 'D/C': 0, 'Recharge shaft': 0, 'LFB': 0, 'RFB': 0}","{'Floodlight': 0, 'Flood Light': 0, 'GAS': 0, 'FIFA': 0, 'pipe': 0, 'pipes': 0, 'covid': 0, 'supply': 0, 'Beautification': 0, 'Installation': 0}",Post-Monsoon,,False,True,Repair and Restoration,{'Drain': 2}
2026_CERWI_129926_1,RWCCESNG-03 of 2026-27,Construction of H.L. bridge over Local Nallah on Jhandi to Singer road,Construction of H.L Bridge over Local Nallah on Jhandi to Singer Road under SBYin the Dist. of Sundargarh for the year 2025-26.,Works,National Competitive Bid,Percentage,Civil Works - Bridges,No,No,NA ,27-May-2026 06:55 PM,NA ,90.0,No ,No,Online,12-Jun-2026 11:00 AM,CE RW I||RW-CIRCLE-SUNDARGARH,Rourkela,769004.0,2.0,"3,18,50,102",RAJESH KUMAR AGARWAL,"31,850,101.742",Rejected-Finance,25-Aug-2026,CE RW I||RW-CIRCLE-SUNDARGARH,True,"{'Flood': 0, 'Embankment': 0, 'embkt': 0, 'Relief': 0, 'Erosion': 0, 'SDRF': 0, 'Inundation': 0, 'Hydrology': 0, 'Silt': 0, 'Siltation': 0, 'Bund': 0, 'Trench': 0, 'Breach': 0, 'Culvert': 0, 'Sluice': 0, 'Dyke': 0, 'Storm water drain': 0, 'Emergency': 0, 'Immediate': 0, 'IM': 0, 'AE': 0, 'A E': 0, 'AAPDA MITRA': 0, 'flood': 0, 'Bridge': 2, 'River': 0, 'Drain': 0, 'Restoration': 0, 'Protection': 0, 'irr': 0, 'irrigation': 0, 'dam': 0, 'Nallah': 2, 'Retrofitting': 0, 'Pond': 0, 'Pokhari': 0, 'D/C': 0, 'Recharge shaft': 0, 'LFB': 0, 'RFB': 0}","{'Floodlight': 0, 'Flood Light': 0, 'GAS': 0, 'FIFA': 0, 'pipe': 0, 'pipes': 0, 'covid': 0, 'supply': 0, 'Beautification': 0, 'Installation': 0}",Pre-Monsoon,,False,True,Repair and Restoration,"{'Construction': 2, 'Bridge': 2}"
2026_ORULB_129179_17,BRJNRM -02/2026-27,Construction of Road and Drain near Baba Mathiya to Lajkuri Meher House in W.no.12.,Road and Drain,Works,Open Tender,Percentage,Civil Works - Others,No,No,NA ,14-May-2026 01:00 PM,NA ,90.0,No ,No,Online,28-May-2026 09:00 AM,Municipal Bodies||Brajrajnagar Municipality,Brajrajnagar Municipality,768216.0,2.0,"15,00,000",SOUBHAGYA SATPATHY,"1,262,711.88",Accepted-AOC,03-Aug-2026,Municipal Bodies||Brajrajnagar Municipality,True,"{'Flood': 0, 'Embankment': 0, 'embkt': 0, 'Relief': 0, 'Erosion': 0, 'SDRF': 0, 'Inundation': 0, 'Hydrology': 0, 'Silt': 0, 'Siltation': 0, 'Bund': 0, 'Trench': 0, 'Breach': 0, 'Culvert': 0, 'Sluice': 0, 'Dyke': 0, 'Storm water drain': 0, 'Emergency': 0, 'Immediate': 0, 'IM': 0, 'AE': 0, 'A E': 0, 'AAPDA MITRA': 0, 'flood': 0, 'Bridge': 0, 'River': 0, 'Drain': 2, 'Restoration': 0, 'Protection': 0, 'irr': 0, 'irrigation': 0, 'dam': 0, 'Nallah': 0, 'Retrofitting': 0, 'Pond': 0, 'Pokhari': 0, 'D/C': 0, 'Recharge shaft': 0, 'LFB': 0, 'RFB': 0}","{'Floodlight': 0, 'Flood Light': 0, 'GAS': 0, 'FIFA': 0, 'pipe': 0, 'pipes': 0, 'covid': 0, 'supply': 0, 'Beautification': 0, 'Installation': 0}",Pre-Monsoon,,False,True,Repair and Restoration,"{'Construction': 1, 'Drain': 2}"
2025_ORULB_121333_5,CHM-05/2025-26,Construction of RCC Drain with Cover Slab from Aahaar Kendra to Main Drain in Ward No 09 of Choudwar Municipality,Construction of RCC Drain with Cover Slab from Aahaar Kendra to Main Drain in Ward No 09 of Choudwar Municipality,Works,Open Tender,Percentage,Civil Works - Others,No,No,NA ,17-Nov-2025 05:00 PM,NA ,60.0,No ,No,Online,05-Dec-2025 11:00 AM,Municipal Bodies||Choudwar Municipality,Choudwar,754071.0,1.0,"4,54,620",DURGA PRASAD NAYAK,"454,620",Rejected-Finance,21-Aug-2026,Municipal Bodies||Choudwar Municipality,True,"{'Flood': 0, 'Embankment': 0, 'embkt': 0, 'Relief': 0, 'Erosion': 0, 'SDRF': 0, 'Inundation': 0, 'Hydrology': 0, 'Silt': 0, 'Siltation': 0, 'Bund': 0, 'Trench': 0, 'Breach': 0, 'Culvert': 0, 'Sluice': 0, 'Dyke': 0, 'Storm water drain': 0, 'Emergency': 0, 'Immediate': 0, 'IM': 0, 'AE': 0, 'A E': 0, 'AAPDA MITRA': 0, 'flood': 0, 'Bridge': 0, 'River': 0, 'Drain': 4, 'Restoration': 0, 'Protection': 0, 'irr': 0, 'irrigation': 0, 'dam': 0, 'Nallah': 0, 'Retrofitting': 0, 'Pond': 0, 'Pokhari': 0, 'D/C': 0, 'Recharge shaft': 0, 'LFB': 0, 'RFB': 0}","{'Floodlight': 0, 'Flood Light': 0, 'GAS': 0, 'FIFA': 0, 'pipe': 0, 'pipes': 0, 'covid': 0, 'supply': 0, 'Beautification': 0, 'Installation': 0}",Post-Monsoon,,False,True,Repair and Restoration,"{'Construction': 2, 'Drain': 4}"
2026_RMC_128918_1,MC/RMC/36/2026,"River front development at Balughat near Immersion pond, Ward No. 06 under RMC, Rourkela",Works,Works,Open Tender,Percentage,Civil Works - Others,No,No,NA ,07-May-2026 06:00 PM,NA ,90.0,No ,No,Online,22-May-2026 09:00 AM,Rourkela Municipal Corporation,Rourkela,769012.0,2.0,"84,73,000",DEEPAK KUMAR ROUT,"8,473,249.81",Not Admitted-Fee/PreQual/Technical,12-Aug-2026,Rourkela Municipal Corporation,True,"{'Flood': 0, 'Embankment': 0, 'embkt': 0, 'Relief': 0, 'Erosion': 0, 'SDRF': 0, 'Inundation': 0, 'Hydrology': 0, 'Silt': 0, 'Siltation': 0, 'Bund': 0, 'Trench': 0, 'Breach': 0, 'Culvert': 0, 'Sluice': 0, 'Dyke': 0, 'Storm water drain': 0, 'Emergency': 0, 'Immediate': 0, 'IM': 0, 'AE': 0, 'A E': 0, 'AAPDA MITRA': 0, 'flood': 0, 'Bridge': 0, 'River': 1, 'Drain': 0, 'Restoration': 0, 'Protection': 0, 'irr': 0, 'irrigation': 0, 'dam': 0, 'Nallah': 0, 'Retrofitting': 0, 'Pond': 1, 'Pokhari': 0, 'D/C': 0, 'Recharge shaft': 0, 'LFB': 0, 'RFB': 0}","{'Floodlight': 0, 'Flood Light': 0, 'GAS': 0, 'FIFA': 0, 'pipe': 0, 'pipes': 0, 'covid': 0, 'supply': 0, 'Beautification': 0, 'Installation': 0}",Pre-Monsoon,,False,False,Others,
2021_ORULB_72968_22,EO/JMC/057/2021-22,Construction of CC Road and Drain from Bhagabat house to Dolabedi Road in Ward No. 15Construction of CC Road and Drain from Bhagabat house to Dolabedi Road in Ward No. 15,Construction of CC Road and Drain from Bhagabat house to Dolabedi Road in Ward No. 15,Works,Open Tender,Percentage,Civil Works - Others,No,No,NA ,25-Nov-2021 10:00 AM,NA ,30.0,No ,No,Online,07-Dec-2021 11:30 AM,Municipal Bodies||Jatni Municipal Council,"EXECUTIVE OFFICER,JATNI MUNICIPALITY,JATNI",752050.0,1.0,"12,05,438",PRABIN KUMAR NAYAK,"1,024,761",Rejected-Finance,17-Aug-2026,Municipal Bodies||Jatni Municipal Council,True,"{'Flood': 0, 'Embankment': 0, 'embkt': 0, 'Relief': 0, 'Erosion': 0, 'SDRF': 0, 'Inundation': 0, 'Hydrology': 0, 'Silt': 0, 'Siltation': 0, 'Bund': 0, 'Trench': 0, 'Breach': 0, 'Culvert': 0, 'Sluice': 0, 'Dyke': 0, 'Storm water drain': 0, 'Emergency': 0, 'Immediate': 0, 'IM': 0, 'AE': 0, 'A E': 0, 'AAPDA MITRA': 0, 'flood': 0, 'Bridge': 0, 'River': 0, 'Drain': 3, 'Restoration': 0, 'Protection': 0, 'irr': 0, 'irrigation': 0, 'dam': 0, 'Nallah': 0, 'Retrofitting': 0, 'Pond': 0, 'Pokhari': 0, 'D/C': 0, 'Recharge shaft': 0, 'LFB': 0, 'RFB': 0}","{'Floodlight': 0, 'Flood Light': 0, 'GAS': 0, 'FIFA': 0, 'pipe': 0, 'pipes': 0, 'covid': 0, 'supply': 0, 'Beautification': 0, 'Installation': 0}",Post-Monsoon,,False,True,Repair and Restoration,"{'Construction': 2, 'Drain': 3}"
2019_CERWI_54860_4,Tender Online CC-12 of 2019,Const. of Bridge over Narayanipada Nallah at 4th Km on PWD road to Goudapatna via. Durgapur in the dist. of Khurda,Const. of Bridge over Narayanipada Nallah at 4th Km on PWD road to Goudapatna via. Durgapur in the dist. of Khurda,Works,National Competitive Bid,Percentage,Civil Works - Bridges,No,No,NA ,29-May-2019 04:00 PM,NA ,90.0,No ,No,Online,17-Jun-2019 11:00 AM,CE RW I||RWCIRCLE-BHUBANESWAR,Bhubaneswar,751001.0,2.0,"1,97,91,823",SUBHASHKUMAR S JENA,"18,703,273",Rejected-Finance,28-Aug-2026,CE RW I||RWCIRCLE-BHUBANESWAR,True,"{'Flood': 0, 'Embankment': 0, 'embkt': 0, 'Relief': 0, 'Erosion': 0, 'SDRF': 0, 'Inundation': 0, 'Hydrology': 0, 'Silt': 0, 'Siltation': 0, 'Bund': 0, 'Trench': 0, 'Breach': 0, 'Culvert': 0, 'Sluice': 0, 'Dyke': 0, 'Storm water drain': 0, 'Emergency': 0, 'Immediate': 0, 'IM': 0, 'AE': 0, 'A E': 0, 'AAPDA MITRA': 0, 'flood': 0, 'Bridge': 2, 'River': 0, 'Drain': 0, 'Restoration': 0, 'Protection': 0, 'irr': 0, 'irrigation': 0, 'dam': 0, 'Nallah': 2, 'Retrofitting': 0, 'Pond': 0, 'Pokhari': 0, 'D/C': 0, 'Recharge shaft': 0, 'LFB': 0, 'RFB': 0}","{'Floodlight': 0, 'Flood Light': 0, 'GAS': 0, 'FIFA': 0, 'pipe': 0, 'pipes': 0, 'covid': 0, 'supply': 0, 'Beautification': 0, 'Installation': 0}",Pre-Monsoon,,False,True,Repair and Restoration,{'Bridge': 2}
2026_CEMIB_129213_23,SEMIDRGD-04/2026-27,Improvement to Padam-I Check Dam in Ramanaguda Block of Rayagada District under the scheme Improvement to Check Dam 2026-27,Improvement to Padam-I Check Dam in Ramanaguda Block of Rayagada District under the scheme Improvement to Check Dam 2026-27,Works,National Competitive Bid,Percentage,Civil Works - Others,No,No,NA ,13-May-2026 10:00 AM,NA ,90.0,No ,No,Online,29-May-2026 11:00 AM,"CE,Minor Irrigation,BBSR||SE,KBK Minor Irr.CircleII,Jeypore||EE M.I. Division Rayagada",Rayagada,765001.0,1.0,"6,71,526",PARAMESWARI MOHAPATRO,"671,526.48",Rejected-AOC,17-Jun-2026,"CE,Minor Irrigation,BBSR||SE,KBK Minor Irr.CircleII,Jeypore||EE M.I. Division Rayagada",True,"{'Flood': 0, 'Embankment': 0, 'embkt': 0, 'Relief': 0, 'Erosion': 0, 'SDRF': 0, 'Inundation': 0, 'Hydrology': 0, 'Silt': 0, 'Siltation': 0, 'Bund': 0, 'Trench': 0, 'Breach': 0, 'Culvert': 0, 'Sluice': 0, 'Dyke': 0, 'Storm water drain': 0, 'Emergency': 0, 'Immediate': 0, 'IM': 0, 'AE': 0, 'A E': 0, 'AAPDA MITRA': 0, 'flood': 0, 'Bridge': 0, 'River': 0, 'Drain': 0, 'Restoration': 0, 'Protection': 0, 'irr': 0, 'irrigation': 0, 'dam': 4, 'Nallah': 0, 'Retrofitting': 0, 'Pond': 0, 'Pokhari': 0, 'D/C': 0, 'Recharge shaft': 0, 'LFB': 0, 'RFB': 0}","{'Floodlight': 0, 'Flood Light': 0, 'GAS': 0, 'FIFA': 0, 'pipe': 0, 'pipes': 0, 'covid': 0, 'supply': 0, 'Beautification': 0, 'Installation': 0}",Pre-Monsoon,,False,False,Repair and Restoration,"{'improvement': 4, 'Check Dam': 4}"
2026_CERWI_132927_1,02 of 2026-27,"Repair to S.B. Over Sara Nallah at 2nd km RD Road to Kalipoi_Road_Railing Plastering Coloring,Stone Pitching,etc_1.210 to 1.230","Repair to S.B. Over Sara Nallah at 2nd km RD Road to Kalipoi_Road_Railing Plastering Coloring,Stone Pitching,etc_1.210 to 1.230",Works,Open Tender,Percentage,Miscellaneous Works,No,No,NA ,25-Jun-2026 11:00 AM,NA ,90.0,No ,No,Online,08-Jul-2026 11:30 AM,CE RW I||RWCIRCLE-CUTTACK||RWDIVISION-CUTTACK-II,Cuttack,753004.0,1.0,"5,04,079",GURUDEV SAHOO,"504,079",Rejected-AOC,10-Aug-2026,CE RW I||RWCIRCLE-CUTTACK||RWDIVISION-CUTTACK-II,True,"{'Flood': 0, 'Embankment': 0, 'embkt': 0, 'Relief': 0, 'Erosion': 0, 'SDRF': 0, 'Inundation': 0, 'Hydrology': 0, 'Silt': 0, 'Siltation': 0, 'Bund': 0, 'Trench': 0, 'Breach': 0, 'Culvert': 0, 'Sluice': 0, 'Dyke': 0, 'Storm water drain': 0, 'Emergency': 0, 'Immediate': 0, 'IM': 0, 'AE': 0, 'A E': 0, 'AAPDA MITRA': 0, 'flood': 0, 'Bridge': 0, 'River': 0, 'Drain': 0, 'Restoration': 0, 'Protection': 0, 'irr': 0, 'irrigation': 0, 'dam': 0, 'Nallah': 2, 'Retrofitting': 0, 'Pond': 0, 'Pokhari': 0, 'D/C': 0, 'Recharge shaft': 0, 'LFB': 0, 'RFB': 0}","{'Floodlight': 0, 'Flood Light': 0, 'GAS': 0, 'FIFA': 0, 'pipe': 0, 'pipes': 0, 'covid': 0, 'supply': 0, 'Beautification': 0, 'Installation': 0}",Monsoon,,False,True,Repair and Restoration,{'repair': 2}
2024_OCCL_103080_1,OCCL-HQP-02-2024_25,E-procurement Notice No.01/OCCL/2024-25(on-line),Improvement to Road on Kusabhadra right embankment from RD 28.17 Km to RD 41.00 Km.,Works,Open Tender,Percentage,Civil Works - Others,No,No,NA ,11-Jun-2024 06:00 PM,NA ,90.0,No ,No,Online,26-Jun-2024 12:00 PM,ODISHA CONSTRUCTION CORPORATION LTD,"Nearest town to the work site is Nimapara, Puri",752106.0,2.0,"6,50,99,345",BHOOMEE CONDEV PRIVATE LIMITED,"55,340,953",Rejected-Finance,21-Aug-2026,ODISHA CONSTRUCTION CORPORATION LTD,True,"{'Flood': 0, 'Embankment': 1, 'embkt': 0, 'Relief': 0, 'Erosion': 0, 'SDRF': 0, 'Inundation': 0, 'Hydrology': 0, 'Silt': 0, 'Siltation': 0, 'Bund': 0, 'Trench': 0, 'Breach': 0, 'Culvert': 0, 'Sluice': 0, 'Dyke': 0, 'Storm water drain': 0, 'Emergency': 0, 'Immediate': 0, 'IM': 0, 'AE': 0, 'A E': 0, 'AAPDA MITRA': 0, 'flood': 0, 'Bridge': 0, 'River': 0, 'Drain': 0, 'Restoration': 0, 'Protection': 0, 'irr': 0, 'irrigation': 0, 'dam': 0, 'Nallah': 0, 'Retrofitting': 0, 'Pond': 0, 'Pokhari': 0, 'D/C': 0, 'Recharge shaft': 0, 'LFB': 0, 'RFB': 0}","{'Floodlight': 0, 'Flood Light': 0, 'GAS': 0, 'FIFA': 0, 'pipe': 0, 'pipes': 0, 'covid': 0, 'supply': 0, 'Beautification': 0, 'Installation': 0}",Monsoon,,False,True,Repair and Restoration,{'improvement': 1}
2026_ORULB_128515_1,01/VNM/2026-27,"Providing street sweeping, Drain, cleaning, Dead animal shifting and other Private and Govt Function etc as per Govt guidelines of vyasanagar Municipality and tractor in 5 Nos.(Ref-As per Estimate and DTCN)(Yearly Estimate Amount-38189216.00)",SANITATION,Works,Open Tender,Percentage,Civil Works - Others,No,No,NA ,28-Apr-2026 10:00 AM,NA ,60.0,No ,No,Online,19-May-2026 11:00 AM,Municipal Bodies||Vyasanagar Municipality,vyasanagar municipality,755019.0,2.0,"3,81,89,216",NIRAKAR SECURITY AND CONSULTANCY SERVICES PVT. LTD.,"39,659,500.82",Accepted-AOC,12-Aug-2026,Municipal Bodies||Vyasanagar Municipality,True,"{'Flood': 0, 'Embankment': 0, 'embkt': 0, 'Relief': 0, 'Erosion': 0, 'SDRF': 0, 'Inundation': 0, 'Hydrology': 0, 'Silt': 0, 'Siltation': 0, 'Bund': 0, 'Trench': 0, 'Breach': 0, 'Culvert': 0, 'Sluice': 0, 'Dyke': 0, 'Storm water drain': 0, 'Emergency': 0, 'Immediate': 0, 'IM': 0, 'AE': 0, 'A E': 0, 'AAPDA MITRA': 0, 'flood': 0, 'Bridge': 0, 'River': 0, 'Drain': 1, 'Restoration': 0, 'Protection': 0, 'irr': 0, 'irrigation': 0, 'dam': 0, 'Nallah': 0, 'Retrofitting': 0, 'Pond': 0, 'Pokhari': 0, 'D/C': 0, 'Recharge shaft': 0, 'LFB': 0, 'RFB': 0}","{'Floodlight': 0, 'Flood Light': 0, 'GAS': 0, 'FIFA': 0, 'pipe': 0, 'pipes': 0, 'covid': 0, 'supply': 0, 'Beautification': 0, 'Installation': 0}",Pre-Monsoon,,False,True,Repair and Restoration,{'Drain': 1}
2026_CERWI_132925_1,02 of 2026-27,"Repair to Bridge over Local Nallah at 2nd km on Baghei to Hadisahi via Madhuapalli Road _Road_BT in approach, Railing Plastering Coloring,Stone Pitching,etc_0.100 t 0.200","Repair to Bridge over Local Nallah at 2nd km on Baghei to Hadisahi via Madhuapalli Road _Road_BT in approach, Railing Plastering Coloring,Stone Pitching,etc_0.100 t 0.200",Works,Open Tender,Percentage,Miscellaneous Works,No,No,NA ,25-Aug-2026 11:53 PM,NA ,90.0,No ,No,Online,08-Jul-2026 11:30 AM,CE RW I||RWCIRCLE-CUTTACK||RWDIVISION-CUTTACK-II,Cuttack,753004.0,1.0,"6,72,206",Arabind Kumar Behera,"672,206",Rejected-AOC,14-Aug-2026,CE RW I||RWCIRCLE-CUTTACK||RWDIVISION-CUTTACK-II,True,"{'Flood': 0, 'Embankment': 0, 'embkt': 0, 'Relief': 0, 'Erosion': 0, 'SDRF': 0, 'Inundation': 0, 'Hydrology': 0, 'Silt': 0, 'Siltation': 0, 'Bund': 0, 'Trench': 0, 'Breach': 0, 'Culvert': 0, 'Sluice': 0, 'Dyke': 0, 'Storm water drain': 0, 'Emergency': 0, 'Immediate': 0, 'IM': 0, 'AE': 0, 'A E': 0, 'AAPDA MITRA': 0, 'flood': 0, 'Bridge': 2, 'River': 0, 'Drain': 0, 'Restoration': 0, 'Protection': 0, 'irr': 0, 'irrigation': 0, 'dam': 0, 'Nallah': 2, 'Retrofitting': 0, 'Pond': 0, 'Pokhari': 0, 'D/C': 0, 'Recharge shaft': 0, 'LFB': 0, 'RFB': 0}","{'Floodlight': 0, 'Flood Light': 0, 'GAS': 0, 'FIFA': 0, 'pipe': 0, 'pipes': 0, 'covid': 0, 'supply': 0, 'Beautification': 0, 'Installation': 0}",Monsoon,,False,True,Repair and Restoration,"{'repair': 2, 'Bridge': 2}"
2026_CERWI_133166_1,02 of 2026-27,"Repair to Bridge Over river Nuabandha Nallah on Mahuladhipi to Paikiara Road_Road_Protection work, repair to railing guard post, repair to approach road, Clouring, Pianting_0.000 to 0.300","Repair to Bridge Over river Nuabandha Nallah on Mahuladhipi to Paikiara Road_Road_Protection work, repair to railing guard post, repair to approach road, Clouring, Pianting_0.000 to 0.300",Works,Open Tender,Percentage,Miscellaneous Works,No,No,NA ,25-Jun-2026 11:00 AM,NA ,90.0,No ,No,Online,08-Jul-2026 11:30 AM,CE RW I||RWCIRCLE-CUTTACK||RWDIVISION-CUTTACK-II,Cuttack,753004.0,1.0,"8,39,942",BINODANANDA MOHAPATRA,"839,942",Accepted-AOC,14-Aug-2026,CE RW I||RWCIRCLE-CUTTACK||RWDIVISION-CUTTACK-II,True,"{'Flood': 0, 'Embankment': 0, 'embkt': 0, 'Relief': 0, 'Erosion': 0, 'SDRF': 0, 'Inundation': 0, 'Hydrology': 0, 'Silt': 0, 'Siltation': 0, 'Bund': 0, 'Trench': 0, 'Breach': 0, 'Culvert': 0, 'Sluice': 0, 'Dyke': 0, 'Storm water drain': 0, 'Emergency': 0, 'Immediate': 0, 'IM': 0, 'AE': 0, 'A E': 0, 'AAPDA MITRA': 0, 'flood': 0, 'Bridge': 2, 'River': 2, 'Drain': 0, 'Restoration': 0, 'Protection': 2, 'irr': 0, 'irrigation': 0, 'dam': 0, 'Nallah': 2, 'Retrofitting': 0, 'Pond': 0, 'Pokhari': 0, 'D/C': 0, 'Recharge shaft': 0, 'LFB': 0, 'RFB': 0}","{'Floodlight': 0, 'Flood Light': 0, 'GAS': 0, 'FIFA': 0, 'pipe': 0, 'pipes': 0, 'covid': 0, 'supply': 0, 'Beautification': 0, 'Installation': 0}",Monsoon,,False,True,Repair and Restoration,"{'repair': 6, 'Bridge': 2}"
2025_ORULB_121333_7,CHM-05/2025-26,Construction of RCC Drain with Road from Bhagirathi Mahapatra res to Pintu Nayak res via Bichitra Mahapatra res at Mangala sahi Daulatabad in Ward No 16 of Choudwar Municipality,Construction of RCC Drain with Road from Bhagirathi Mahapatra res to Pintu Nayak res via Bichitra Mahapatra res at Mangala sahi Daulatabad in Ward No 16 of Choudwar Municipality,Works,Open Tender,Percentage,Civil Works - Others,No,No,NA ,17-Nov-2025 05:00 PM,NA ,90.0,No ,No,Online,05-Dec-2025 11:00 AM,Municipal Bodies||Choudwar Municipality,Choudwar,754071.0,1.0,"16,79,347",Ramesh Kumar Mahali,"1,679,347",Rejected-Finance,21-Aug-2026,Municipal Bodies||Choudwar Municipality,True,"{'Flood': 0, 'Embankment': 0, 'embkt': 0, 'Relief': 0, 'Erosion': 0, 'SDRF': 0, 'Inundation': 0, 'Hydrology': 0, 'Silt': 0, 'Siltation': 0, 'Bund': 0, 'Trench': 0, 'Breach': 0, 'Culvert': 0, 'Sluice': 0, 'Dyke': 0, 'Storm water drain': 0, 'Emergency': 0, 'Immediate': 0, 'IM': 0, 'AE': 0, 'A E': 0, 'AAPDA MITRA': 0, 'flood': 0, 'Bridge': 0, 'River': 0, 'Drain': 2, 'Restoration': 0, 'Protection': 0, 'irr': 0, 'irrigation': 0, 'dam': 0, 'Nallah': 0, 'Retrofitting': 0, 'Pond': 0, 'Pokhari': 0, 'D/C': 0, 'Recharge shaft': 0, 'LFB': 0, 'RFB': 0}","{'Floodlight': 0, 'Flood Light': 0, 'GAS': 0, 'FIFA': 0, 'pipe': 0, 'pipes': 0, 'covid': 0, 'supply': 0, 'Beautification': 0, 'Installation': 0}",Post-Monsoon,,False,True,Repair and Restoration,"{'Construction': 2, 'Drain': 2}"
2026_CEDC_129582_1,DDKPD-01 of 2026-27,(Sl No 5) Improvement to Karanja (Gokhapada) Drainage Cut by Construction of Sluice cum Farm Land Bridge near village Gokhapada,Construction of Sluice cum FLB,Works,Open Tender,Percentage,Civil Works - Others,No,No,NA ,21-May-2026 01:00 PM,NA ,90.0,No ,No,Online,01-Jun-2026 10:00 AM,"CE,Drainage,Cuttack||SE,Drainage,Cuttack",Kendrapara,754211.0,2.0,"84,44,764",SASMITA SAMAL,"6,503,313",Rejected-Finance,01-Nov-2026,"CE,Drainage,Cuttack||SE,Drainage,Cuttack",True,"{'Flood': 0, 'Embankment': 0, 'embkt': 0, 'Relief': 0, 'Erosion': 0, 'SDRF': 0, 'Inundation': 0, 'Hydrology': 0, 'Silt': 0, 'Siltation': 0, 'Bund': 0, 'Trench': 0, 'Breach': 0, 'Culvert': 0, 'Sluice': 2, 'Dyke': 0, 'Storm water drain': 0, 'Emergency': 0, 'Immediate': 0, 'IM': 0, 'AE': 0, 'A E': 0, 'AAPDA MITRA': 0, 'flood': 0, 'Bridge': 1, 'River': 0, 'Drain': 0, 'Restoration': 0, 'Protection': 0, 'irr': 0, 'irrigation': 0, 'dam': 0, 'Nallah': 0, 'Retrofitting': 0, 'Pond': 0, 'Pokhari': 0, 'D/C': 0, 'Recharge shaft': 0, 'LFB': 0, 'RFB': 0}","{'Floodlight': 0, 'Flood Light': 0, 'GAS': 0, 'FIFA': 0, 'pipe': 0, 'pipes': 0, 'covid': 0, 'supply': 0, 'Beautification': 0, 'Installation': 0}",Pre-Monsoon,,False,True,Repair and Restoration,"{'improvement': 1, 'Construction': 2, 'Bridge': 1}"
2026_CELBB_129420_7,MND-01 OF 2026-27,M/R to river embankments of Genguti right and left embankment in between RD 00 Km to 30.000 Km (Engagement of casual labour) for the year 2026-27,M/R to river embankments of Genguti right and left embankment in between RD 00 Km to 30.000 Km (Engagement of casual labour) for the year 2026-27,Works,National Competitive Bid,Percentage,Civil Works - Others,No,No,NA ,19-May-2026 10:00 AM,NA ,90.0,No ,No,Online,29-May-2026 11:30 AM,"CE-BM,LMB Basin,BBSR||SE, Eastern Circle,Cuttack||EE, Mahanadi North Division,Jagatpur",NURTANGA,754021.0,1.0,"1,11,054",NAGENDRA KUMAR ROUT,"94,396",Rejected-Finance,10-Aug-2026,"CE-BM,LMB Basin,BBSR||SE, Eastern Circle,Cuttack||EE, Mahanadi North Division,Jagatpur",True,"{'Flood': 0, 'Embankment': 2, 'embkt': 0, 'Relief': 0, 'Erosion': 0, 'SDRF': 0, 'Inundation': 0, 'Hydrology': 0, 'Silt': 0, 'Siltation': 0, 'Bund': 0, 'Trench': 0, 'Breach': 0, 'Culvert': 0, 'Sluice': 0, 'Dyke': 0, 'Storm water drain': 0, 'Emergency': 0, 'Immediate': 0, 'IM': 0, 'AE': 0, 'A E': 0, 'AAPDA MITRA': 0, 'flood': 0, 'Bridge': 0, 'River': 2, 'Drain': 0, 'Restoration': 0, 'Protection': 0, 'irr': 0, 'irrigation': 0, 'dam': 0, 'Nallah': 0, 'Retrofitting': 0, 'Pond': 0, 'Pokhari': 0, 'D/C': 0, 'Recharge shaft': 0, 'LFB': 0, 'RFB': 0}","{'Floodlight': 0, 'Flood Light': 0, 'GAS': 0, 'FIFA': 0, 'pipe': 0, 'pipes': 0, 'covid': 0, 'supply': 0, 'Beautification': 0, 'Installation': 0}",Pre-Monsoon,,False,True,Others,
2026_ORULB_125103_1,HIN-MUN-05/2025-26,Construction of RCC Drain with Cover Slab at at Ganesh Margad 3rd lane in ward No. 01 Under Hinjilicut Municipality,Construction of RCC Drain with Cover Slab at at Ganesh Margad 3rd lane in ward No. 01 Under Hinjilicut Municipality,Works,Open Tender,Percentage,Civil Works - Others,No,No,NA ,30-Jan-2026 10:00 AM,NA ,30.0,No ,No,Online,10-Feb-2026 11:00 AM,Municipal Bodies||Hinjilicut Municipal Council,HINJILICUT MUNICIPALITY,761102.0,1.0,"13,29,921",BAPINI SETHY,"1,064,070.14",Rejected-AOC,19-Aug-2026,Municipal Bodies||Hinjilicut Municipal Council,True,"{'Flood': 0, 'Embankment': 0, 'embkt': 0, 'Relief': 0, 'Erosion': 0, 'SDRF': 0, 'Inundation': 0, 'Hydrology': 0, 'Silt': 0, 'Siltation': 0, 'Bund': 0, 'Trench': 0, 'Breach': 0, 'Culvert': 0, 'Sluice': 0, 'Dyke': 0, 'Storm water drain': 0, 'Emergency': 0, 'Immediate': 0, 'IM': 0, 'AE': 0, 'A E': 0, 'AAPDA MITRA': 0, 'flood': 0, 'Bridge': 0, 'River': 0, 'Drain': 2, 'Restoration': 0, 'Protection': 0, 'irr': 0, 'irrigation': 0, 'dam': 0, 'Nallah': 0, 'Retrofitting': 0, 'Pond': 0, 'Pokhari': 0, 'D/C': 0, 'Recharge shaft': 0, 'LFB': 0, 'RFB': 0}","{'Floodlight': 0, 'Flood Light': 0, 'GAS': 0, 'FIFA': 0, 'pipe': 0, 'pipes': 0, 'covid': 0, 'supply': 0, 'Beautification': 0, 'Installation': 0}",Post-Monsoon,,False,True,Repair and Restoration,"{'Construction': 2, 'Drain': 2}"
2026_ORULB_126552_27,06/PKDM-2025-26,"Construction of Cover plate over drain and repair of road at Kumuti Street, Venketeswar road, Beborta St., Gajendra St., Hotel Abhiruchi, Ward No.9",Construction of Cover plate over drain and repair of road work,Works,Open Tender,Percentage,Civil Works - Others,No,No,NA ,27-Feb-2026 10:00 AM,NA ,90.0,No ,No,Online,13-Mar-2026 11:00 AM,Municipal Bodies||Parlakhemundi Municipal Council,Paralakhemundi Municipality,761200.0,1.0,"1,59,772",SASMITA KUMARI DAS,"159,756",Accepted-AOC,12-Aug-2026,Municipal Bodies||Parlakhemundi Municipal Council,True,"{'Flood': 0, 'Embankment': 0, 'embkt': 0, 'Relief': 0, 'Erosion': 0, 'SDRF': 0, 'Inundation': 0, 'Hydrology': 0, 'Silt': 0, 'Siltation': 0, 'Bund': 0, 'Trench': 0, 'Breach': 0, 'Culvert': 0, 'Sluice': 0, 'Dyke': 0, 'Storm water drain': 0, 'Emergency': 0, 'Immediate': 0, 'IM': 0, 'AE': 0, 'A E': 0, 'AAPDA MITRA': 0, 'flood': 0, 'Bridge': 0, 'River': 0, 'Drain': 2, 'Restoration': 0, 'Protection': 0, 'irr': 0, 'irrigation': 0, 'dam': 0, 'Nallah': 0, 'Retrofitting': 0, 'Pond': 0, 'Pokhari': 0, 'D/C': 0, 'Recharge shaft': 0, 'LFB': 0, 'RFB': 0}","{'Floodlight': 0, 'Flood Light': 0, 'GAS': 0, 'FIFA': 0, 'pipe': 0, 'pipes': 0, 'covid': 0, 'supply': 0, 'Beautification': 0, 'Installation': 0}",Post-Monsoon,,False,True,Repair and Restoration,"{'repair': 2, 'Construction': 2, 'Drain': 2}"
2026_CERWI_134022_1,Tender online- 08/2026-27 of BBSR,Repair to bridge over river Kusumi near Mundila on Naramanabi-Mundiala road. _Road_Bridge approach -SDBC- and Protection wall0.100 to 0.650 0.500 to 0.650,Repair to bridge over river Kusumi near Mundila on Naramanabi-Mundiala road. _Road_Bridge approach -SDBC- and Protection wall0.100 to 0.650 0.500 to 0.650,Works,Open Tender,Percentage,Civil Works - Roads,No,No,NA ,01-Jul-2026 05:00 PM,NA ,90.0,No ,No,Online,08-Jul-2026 11:00 AM,CE RW I||RWCIRCLE-BHUBANESWAR||RWDIVISION-BHUBANESWAR,Khordha,751013.0,1.0,"21,17,820",HRUSHIKESH BISWAL,"1,418,728",Accepted-AOC,19-Aug-2026,CE RW I||RWCIRCLE-BHUBANESWAR||RWDIVISION-BHUBANESWAR,True,"{'Flood': 0, 'Embankment': 0, 'embkt': 0, 'Relief': 0, 'Erosion': 0, 'SDRF': 0, 'Inundation': 0, 'Hydrology': 0, 'Silt': 0, 'Siltation': 0, 'Bund': 0, 'Trench': 0, 'Breach': 0, 'Culvert': 0, 'Sluice': 0, 'Dyke': 0, 'Storm water drain': 0, 'Emergency': 0, 'Immediate': 0, 'IM': 0, 'AE': 0, 'A E': 0, 'AAPDA MITRA': 0, 'flood': 0, 'Bridge': 4, 'River': 2, 'Drain': 0, 'Restoration': 0, 'Protection': 2, 'irr': 0, 'irrigation': 0, 'dam': 0, 'Nallah': 0, 'Retrofitting': 0, 'Pond': 0, 'Pokhari': 0, 'D/C': 0, 'Recharge shaft': 0, 'LFB': 0, 'RFB': 0}","{'Floodlight': 0, 'Flood Light': 0, 'GAS': 0, 'FIFA': 0, 'pipe': 0, 'pipes': 0, 'covid': 0, 'supply': 0, 'Beautification': 0, 'Installation': 0}",Monsoon,,False,True,Repair and Restoration,"{'repair': 2, 'Bridge': 4}"
2026_ECCHA_126597_4,"e-Procurement Notice No.ACE, EC-II 11 of 2025-26","ACE, EC-II JKID 39 of 2025-26 Scoured Bank Protection to Brahmani Left Embankment Old Anicut on OAE-18B.",Embankment protection,Works,National Competitive Bid,Percentage,Civil Works - Others,No,No,NA ,25-Feb-2026 11:00 AM,NA ,90.0,No ,No,Online,12-Mar-2026 11:30 AM,CE AND BM MBBS CHANDIKOLE||EASTERN CIRCLE II CHANDIKOLE,Jaraka,755050.0,2.0,"2,50,53,838",GANESWAR BEHERA,"24,803,300",Rejected-Finance,14-Aug-2026,CE AND BM MBBS CHANDIKOLE||EASTERN CIRCLE II CHANDIKOLE,True,"{'Flood': 0, 'Embankment': 2, 'embkt': 0, 'Relief': 0, 'Erosion': 0, 'SDRF': 0, 'Inundation': 0, 'Hydrology': 0, 'Silt': 0, 'Siltation': 0, 'Bund': 0, 'Trench': 0, 'Breach': 0, 'Culvert': 0, 'Sluice': 0, 'Dyke': 0, 'Storm water drain': 0, 'Emergency': 0, 'Immediate': 0, 'IM': 0, 'AE': 0, 'A E': 0, 'AAPDA MITRA': 0, 'flood': 0, 'Bridge': 0, 'River': 0, 'Drain': 0, 'Restoration': 0, 'Protection': 2, 'irr': 0, 'irrigation': 0, 'dam': 0, 'Nallah': 0, 'Retrofitting': 0, 'Pond': 0, 'Pokhari': 0, 'D/C': 0, 'Recharge shaft': 0, 'LFB': 0, 'RFB': 0}","{'Floodlight': 0, 'Flood Light': 0, 'GAS': 0, 'FIFA': 0, 'pipe': 0, 'pipes': 0, 'covid': 0, 'supply': 0, 'Beautification': 0, 'Installation': 0}",Post-Monsoon,,False,True,Preparedness Measures,"{'Protection': 2, 'scoured': 1, 'Scoured bank': 1}"
2026_ORULB_134078_12,TCRM - 8 / 2026-27,Construction of paver block road and C.C. drain from Bada Soubhagya Sagar Bandha towards Binod Mohanty house in W.No.6,Construction of paver block road and C.C. drain from Bada Soubhagya Sagar Bandha towards Binod Mohanty house in W.No.6,Works,Open Tender,Percentage,Civil Works - Others,No,No,NA ,02-Jul-2026 04:00 PM,NA ,120.0,No ,No,Online,17-Jul-2026 11:00 AM,Municipal Bodies||Talcher Municipal Council,Talacher Municipal Office,759107.0,1.0,"19,98,100",M/S. KIRAN KUMAR RAY,"1,858,233",Accepted-AOC,17-Aug-2026,Municipal Bodies||Talcher Municipal Council,True,"{'Flood': 0, 'Embankment': 0, 'embkt': 0, 'Relief': 0, 'Erosion': 0, 'SDRF': 0, 'Inundation': 0, 'Hydrology': 0, 'Silt': 0, 'Siltation': 0, 'Bund': 0, 'Trench': 0, 'Breach': 0, 'Culvert': 0, 'Sluice': 0, 'Dyke': 0, 'Storm water drain': 0, 'Emergency': 0, 'Immediate': 0, 'IM': 0, 'AE': 0, 'A E': 0, 'AAPDA MITRA': 0, 'flood': 0, 'Bridge': 0, 'River': 0, 'Drain': 2, 'Restoration': 0, 'Protection': 0, 'irr': 0, 'irrigation': 0, 'dam': 0, 'Nallah': 0, 'Retrofitting': 0, 'Pond': 0, 'Pokhari': 0, 'D/C': 0, 'Recharge shaft': 0, 'LFB': 0, 'RFB': 0}","{'Floodlight': 0, 'Flood Light': 0, 'GAS': 0, 'FIFA': 0, 'pipe': 0, 'pipes': 0, 'covid': 0, 'supply': 0, 'Beautification': 0, 'Installation': 0}",Monsoon,,False,True,Repair and Restoration,"{'Construction': 2, 'Drain': 2}"
2026_ORULB_129755_15,RGDA-MUN-01/2026-2027,"Providing RCC Cover Slab with Repair of Drain with Fixing of Cover Slab in w.no-21, Part-I","Providing RCC Cover Slab with Repair of Drain with Fixing of Cover Slab in w.no-21, Part-I",Works,Open Tender,Percentage,Civil Works - Others,No,No,NA ,25-May-2026 06:00 PM,NA ,90.0,No ,No,Online,10-Jun-2026 11:30 AM,Municipal Bodies||Rayagada Municipality,RAYAGADA MUNICIPALITY,765001.0,1.0,"16,94,982",AMBIKA GOUDA,"1,694,982",Rejected-Finance,03-Aug-2026,Municipal Bodies||Rayagada Municipality,True,"{'Flood': 0, 'Embankment': 0, 'embkt': 0, 'Relief': 0, 'Erosion': 0, 'SDRF': 0, 'Inundation': 0, 'Hydrology': 0, 'Silt': 0, 'Siltation': 0, 'Bund': 0, 'Trench': 0, 'Breach': 0, 'Culvert': 0, 'Sluice': 0, 'Dyke': 0, 'Storm water drain': 0, 'Emergency': 0, 'Immediate': 0, 'IM': 0, 'AE': 0, 'A E': 0, 'AAPDA MITRA': 0, 'flood': 0, 'Bridge': 0, 'River': 0, 'Drain': 2, 'Restoration': 0, 'Protection': 0, 'irr': 0, 'irrigation': 0, 'dam': 0, 'Nallah': 0, 'Retrofitting': 0, 'Pond': 0, 'Pokhari': 0, 'D/C': 0, 'Recharge shaft': 0, 'LFB': 0, 'RFB': 0}","{'Floodlight': 0, 'Flood Light': 0, 'GAS': 0, 'FIFA': 0, 'pipe': 0, 'pipes': 0, 'covid': 0, 'supply': 0, 'Beautification': 0, 'Installation': 0}",Pre-Monsoon,,False,True,Repair and Restoration,"{'repair': 2, 'Drain': 2}"
2026_ORULB_125283_29,PM 06/2025-26,Improvement of Road and Drain from Padhighara house to Budhima temple via Samartha lane in ward no.12,CIVIL,Works,Open Tender,Percentage,Civil Works - Others,No,No,NA ,04-Feb-2026 03:00 PM,NA ,120.0,No ,No,Online,18-Feb-2026 11:00 AM,Municipal Bodies||Puri Municipality,PURI MUNICIPALITY,752001.0,1.0,"8,47,444",MADHUSMITA MISHRA,"829,647.74",Accepted-AOC,18-Aug-2026,Municipal Bodies||Puri Municipality,True,"{'Flood': 0, 'Embankment': 0, 'embkt': 0, 'Relief': 0, 'Erosion': 0, 'SDRF': 0, 'Inundation': 0, 'Hydrology': 0, 'Silt': 0, 'Siltation': 0, 'Bund': 0, 'Trench': 0, 'Breach': 0, 'Culvert': 0, 'Sluice': 0, 'Dyke': 0, 'Storm water drain': 0, 'Emergency': 0, 'Immediate': 0, 'IM': 0, 'AE': 0, 'A E': 0, 'AAPDA MITRA': 0, 'flood': 0, 'Bridge': 0, 'River': 0, 'Drain': 1, 'Restoration': 0, 'Protection': 0, 'irr': 0, 'irrigation': 0, 'dam': 0, 'Nallah': 0, 'Retrofitting': 0, 'Pond': 0, 'Pokhari': 0, 'D/C': 0, 'Recharge shaft': 0, 'LFB': 0, 'RFB': 0}","{'Floodlight': 0, 'Flood Light': 0, 'GAS': 0, 'FIFA': 0, 'pipe': 0, 'pipes': 0, 'covid': 0, 'supply': 0, 'Beautification': 0, 'Installation': 0}",Post-Monsoon,,False,True,Repair and Restoration,"{'improvement': 1, 'Drain': 1}"
2026_CEMIB_131641_1,SEMIDGM1_02/2026-27,Construction of Rampalli Check Dam over Local Nalla,Construction of Rampalli Check Dam over Local Nalla near village Rampalli in Kukudakhandi block under MATY 3.0 Scheme,Works,Open Tender,Percentage,Civil Works - Others,No,No,NA ,09-Jun-2026 04:55 PM,NA ,90.0,No ,No,Online,24-Jun-2026 11:00 AM,"CE,Minor Irrigation,BBSR||SESMIC-BERHAMPUR||GANJAM I",kukudakhandi,761100.0,2.0,"79,00,000",SARAT SETHY,"7,885,286",Rejected-AOC,01-Oct-2026,"CE,Minor Irrigation,BBSR||SESMIC-BERHAMPUR||GANJAM I",True,"{'Flood': 0, 'Embankment': 0, 'embkt': 0, 'Relief': 0, 'Erosion': 0, 'SDRF': 0, 'Inundation': 0, 'Hydrology': 0, 'Silt': 0, 'Siltation': 0, 'Bund': 0, 'Trench': 0, 'Breach': 0, 'Culvert': 0, 'Sluice': 0, 'Dyke': 0, 'Storm water drain': 0, 'Emergency': 0, 'Immediate': 0, 'IM': 0, 'AE': 0, 'A E': 0, 'AAPDA MITRA': 0, 'flood': 0, 'Bridge': 0, 'River': 0, 'Drain': 0, 'Restoration': 0, 'Protection': 0, 'irr': 0, 'irrigation': 0, 'dam': 2, 'Nallah': 0, 'Retrofitting': 0, 'Pond': 0, 'Pokhari': 0, 'D/C': 0, 'Recharge shaft': 0, 'LFB': 0, 'RFB': 0}","{'Floodlight': 0, 'Flood Light': 0, 'GAS': 0, 'FIFA': 0, 'pipe': 0, 'pipes': 0, 'covid': 0, 'supply': 0, 'Beautification': 0, 'Installation': 0}",Monsoon,,False,False,Repair and Restoration,"{'Check Dam': 2, 'Construction': 2}"
2026_ORULB_129755_1,RGDA-MUN-01/2026-2027,Construction of RCC drain with Cover Slab at DFO 4th lane in Ward No-09,Construction of RCC drain with Cover Slab at DFO 4th lane in Ward No-09,Works,Open Tender,Percentage,Civil Works - Others,No,No,NA ,25-May-2026 06:00 PM,NA ,90.0,No ,No,Online,10-Jun-2026 11:30 AM,Municipal Bodies||Rayagada Municipality,Rayagada Municipality,765001.0,1.0,"16,94,510",SMT. ABHILIPSA RATH,"1,694,509",Rejected-Finance,03-Aug-2026,Municipal Bodies||Rayagada Municipality,True,"{'Flood': 0, 'Embankment': 0, 'embkt': 0, 'Relief': 0, 'Erosion': 0, 'SDRF': 0, 'Inundation': 0, 'Hydrology': 0, 'Silt': 0, 'Siltation': 0, 'Bund': 0, 'Trench': 0, 'Breach': 0, 'Culvert': 0, 'Sluice': 0, 'Dyke': 0, 'Storm water drain': 0, 'Emergency': 0, 'Immediate': 0, 'IM': 0, 'AE': 0, 'A E': 0, 'AAPDA MITRA': 0, 'flood': 0, 'Bridge': 0, 'River': 0, 'Drain': 2, 'Restoration': 0, 'Protection': 0, 'irr': 0, 'irrigation': 0, 'dam': 0, 'Nallah': 0, 'Retrofitting': 0, 'Pond': 0, 'Pokhari': 0, 'D/C': 0, 'Recharge shaft': 0, 'LFB': 0, 'RFB': 0}","{'Floodlight': 0, 'Flood Light': 0, 'GAS': 0, 'FIFA': 0, 'pipe': 0, 'pipes': 0, 'covid': 0, 'supply': 0, 'Beautification': 0, 'Installation': 0}",Pre-Monsoon,,False,True,Repair and Restoration,"{'Construction': 2, 'Drain': 2}"
2026_CERWI_127623_1,NCB-407,Construction of H.L. Bridge over Local Nallah at 4.500Km on Kuldiha to Kahutuka road,Construction of H.L. Bridge over Local Nallah at 4.500Km on Kuldiha to Kahutuka road,Works,National Competitive Bid,Percentage,Civil Works - Bridges,No,No,NA ,25-Mar-2026 06:55 PM,NA ,90.0,No ,No,Online,09-Apr-2026 11:00 AM,CE RW I||RWCIRCLE-BARIPADA,"SERW Division, Rairangpur",757043.0,2.0,"3,39,56,000",TUHIN KUMAR MANDAL,"24,790,999",Rejected-AOC,18-Jul-2026,CE RW I||RWCIRCLE-BARIPADA,True,"{'Flood': 0, 'Embankment': 0, 'embkt': 0, 'Relief': 0, 'Erosion': 0, 'SDRF': 0, 'Inundation': 0, 'Hydrology': 0, 'Silt': 0, 'Siltation': 0, 'Bund': 0, 'Trench': 0, 'Breach': 0, 'Culvert': 0, 'Sluice': 0, 'Dyke': 0, 'Storm water drain': 0, 'Emergency': 0, 'Immediate': 0, 'IM': 0, 'AE': 0, 'A E': 0, 'AAPDA MITRA': 0, 'flood': 0, 'Bridge': 2, 'River': 0, 'Drain': 0, 'Restoration': 0, 'Protection': 0, 'irr': 0, 'irrigation': 0, 'dam': 0, 'Nallah': 2, 'Retrofitting': 0, 'Pond': 0, 'Pokhari': 0, 'D/C': 0, 'Recharge shaft': 0, 'LFB': 0, 'RFB': 0}","{'Floodlight': 0, 'Flood Light': 0, 'GAS': 0, 'FIFA': 0, 'pipe': 0, 'pipes': 0, 'covid': 0, 'supply': 0, 'Beautification': 0, 'Installation': 0}",Pre-Monsoon,,False,True,Repair and Restoration,"{'Construction': 2, 'Bridge': 2}"
2026_ORULB_125429_3,MC(CMC)CTC_Div-I_No.21/2025-26,Construction of RCC drain with cover slab from Sutahat Chaka to Gora Bhai Control Dealer in Ward No. 15.,Construction of RCC drain with cover slab from Sutahat Chaka to Gora Bhai Control Dealer in Ward No. 15.,Works,Open Tender,Percentage,Civil Works - Others,No,No,NA ,05-Feb-2026 03:00 PM,NA ,90.0,No ,No,Online,19-Feb-2026 11:00 AM,Municipal Bodies||Cuttack Municipal Corporation,CMC,753012.0,1.0,"4,09,700",chandra sekhar behera,"409,689",Accepted-AOC,20-Aug-2026,Municipal Bodies||Cuttack Municipal Corporation,True,"{'Flood': 0, 'Embankment': 0, 'embkt': 0, 'Relief': 0, 'Erosion': 0, 'SDRF': 0, 'Inundation': 0, 'Hydrology': 0, 'Silt': 0, 'Siltation': 0, 'Bund': 0, 'Trench': 0, 'Breach': 0, 'Culvert': 0, 'Sluice': 0, 'Dyke': 0, 'Storm water drain': 0, 'Emergency': 0, 'Immediate': 0, 'IM': 0, 'AE': 0, 'A E': 0, 'AAPDA MITRA': 0, 'flood': 0, 'Bridge': 0, 'River': 0, 'Drain': 2, 'Restoration': 0, 'Protection': 0, 'irr': 0, 'irrigation': 0, 'dam': 0, 'Nallah': 0, 'Retrofitting': 0, 'Pond': 0, 'Pokhari': 0, 'D/C': 0, 'Recharge shaft': 0, 'LFB': 0, 'RFB': 0}","{'Floodlight': 0, 'Flood Light': 0, 'GAS': 0, 'FIFA': 0, 'pipe': 0, 'pipes': 0, 'covid': 0, 'supply': 0, 'Beautification': 0, 'Installation': 0}",Post-Monsoon,,False,True,Repair and Restoration,"{'Construction': 2, 'Drain': 2}"
2025_ORULB_123875_21,MC(CMC)CTC_Div-I_No.18/2025-26,Construction of C.C. road with R.C.C. drain at Satigumpha Basti in Ward No. 6.,Construction of C.C. road with R.C.C. drain at Satigumpha Basti in Ward No. 6.,Works,Open Tender,Percentage,Civil Works - Others,No,No,NA ,02-Jan-2026 01:00 PM,NA ,90.0,No ,No,Online,17-Jan-2026 11:00 AM,Municipal Bodies||Cuttack Municipal Corporation,CMC,753012.0,1.0,"15,12,600",Sri Jagabandhu Sethy,"1,285,844",Rejected-AOC,24-Aug-2026,Municipal Bodies||Cuttack Municipal Corporation,True,"{'Flood': 0, 'Embankment': 0, 'embkt': 0, 'Relief': 0, 'Erosion': 0, 'SDRF': 0, 'Inundation': 0, 'Hydrology': 0, 'Silt': 0, 'Siltation': 0, 'Bund': 0, 'Trench': 0, 'Breach': 0, 'Culvert': 0, 'Sluice': 0, 'Dyke': 0, 'Storm water drain': 0, 'Emergency': 0, 'Immediate': 0, 'IM': 0, 'AE': 0, 'A E': 0, 'AAPDA MITRA': 0, 'flood': 0, 'Bridge': 0, 'River': 0, 'Drain': 2, 'Restoration': 0, 'Protection': 0, 'irr': 0, 'irrigation': 0, 'dam': 0, 'Nallah': 0, 'Retrofitting': 0, 'Pond': 0, 'Pokhari': 0, 'D/C': 0, 'Recharge shaft': 0, 'LFB': 0, 'RFB': 0}","{'Floodlight': 0, 'Flood Light': 0, 'GAS': 0, 'FIFA': 0, 'pipe': 0, 'pipes': 0, 'covid': 0, 'supply': 0, 'Beautification': 0, 'Installation': 0}",Post-Monsoon,,False,True,Repair and Restoration,"{'Construction': 2, 'Drain': 2}"
2026_ORULB_129755_14,RGDA-MUN-01/2026-2027,"Providing RCC Cover Slab with Repair of Drain with Fixing of Cover Slab in w.no-20, Part-I","Providing RCC Cover Slab with Repair of Drain with Fixing of Cover Slab in w.no-20, Part-I",Works,Open Tender,Percentage,Civil Works - Others,No,No,NA ,25-May-2026 06:00 PM,NA ,90.0,No ,No,Online,10-Jun-2026 11:30 AM,Municipal Bodies||Rayagada Municipality,RAYAGADA MUNICIPALITY,765001.0,1.0,"25,70,376",NANDA KISHOR PRASAD CHOURASIA,"2,570,376",Rejected-Finance,06-Aug-2026,Municipal Bodies||Rayagada Municipality,True,"{'Flood': 0, 'Embankment': 0, 'embkt': 0, 'Relief': 0, 'Erosion': 0, 'SDRF': 0, 'Inundation': 0, 'Hydrology': 0, 'Silt': 0, 'Siltation': 0, 'Bund': 0, 'Trench': 0, 'Breach': 0, 'Culvert': 0, 'Sluice': 0, 'Dyke': 0, 'Storm water drain': 0, 'Emergency': 0, 'Immediate': 0, 'IM': 0, 'AE': 0, 'A E': 0, 'AAPDA MITRA': 0, 'flood': 0, 'Bridge': 0, 'River': 0, 'Drain': 2, 'Restoration': 0, 'Protection': 0, 'irr': 0, 'irrigation': 0, 'dam': 0, 'Nallah': 0, 'Retrofitting': 0, 'Pond': 0, 'Pokhari': 0, 'D/C': 0, 'Recharge shaft': 0, 'LFB': 0, 'RFB': 0}","{'Floodlight': 0, 'Flood Light': 0, 'GAS': 0, 'FIFA': 0, 'pipe': 0, 'pipes': 0, 'covid': 0, 'supply': 0, 'Beautification': 0, 'Installation': 0}",Pre-Monsoon,,False,True,Repair and Restoration,"{'repair': 2, 'Drain': 2}"
2026_CEMIB_129213_9,SEMIDRGD-04/2026-27,Improvement to Pajibali Check Dam in Muniguda Block of Rayagada District under the scheme Improvement to Check Dam 2026-27,Improvement to Pajibali Check Dam in Muniguda Block of Rayagada District under the scheme Improvement to Check Dam 2026-27,Works,National Competitive Bid,Percentage,Civil Works - Others,No,No,NA ,13-May-2026 10:00 AM,NA ,90.0,No ,No,Online,29-May-2026 11:00 AM,"CE,Minor Irrigation,BBSR||SE,KBK Minor Irr.CircleII,Jeypore||EE M.I. Division Rayagada",Rayagada,765001.0,1.0,"9,92,803",KODANDADHAR HIAL,"992,802.51",Rejected-AOC,17-Jun-2026,"CE,Minor Irrigation,BBSR||SE,KBK Minor Irr.CircleII,Jeypore||EE M.I. Division Rayagada",True,"{'Flood': 0, 'Embankment': 0, 'embkt': 0, 'Relief': 0, 'Erosion': 0, 'SDRF': 0, 'Inundation': 0, 'Hydrology': 0, 'Silt': 0, 'Siltation': 0, 'Bund': 0, 'Trench': 0, 'Breach': 0, 'Culvert': 0, 'Sluice': 0, 'Dyke': 0, 'Storm water drain': 0, 'Emergency': 0, 'Immediate': 0, 'IM': 0, 'AE': 0, 'A E': 0, 'AAPDA MITRA': 0, 'flood': 0, 'Bridge': 0, 'River': 0, 'Drain': 0, 'Restoration': 0, 'Protection': 0, 'irr': 0, 'irrigation': 0, 'dam': 4, 'Nallah': 0, 'Retrofitting': 0, 'Pond': 0, 'Pokhari': 0, 'D/C': 0, 'Recharge shaft': 0, 'LFB': 0, 'RFB': 0}","{'Floodlight': 0, 'Flood Light': 0, 'GAS': 0, 'FIFA': 0, 'pipe': 0, 'pipes': 0, 'covid': 0, 'supply': 0, 'Beautification': 0, 'Installation': 0}",Pre-Monsoon,,False,False,Repair and Restoration,"{'improvement': 4, 'Check Dam': 4}"
2026_ORULB_134078_13,TCRM - 8 / 2026-27,Construction of Paver block road and C.C. drain from Dillip Sahoo house towards Mangala Mandira house in W.No.6,Construction of Paver block road and C.C. drain from Dillip Sahoo house towards Mangala Mandira house in W.No.6,Works,Open Tender,Percentage,Civil Works - Others,No,No,NA ,02-Jul-2026 04:00 PM,NA ,120.0,No ,No,Online,17-Jul-2026 11:00 AM,Municipal Bodies||Talcher Municipal Council,Talacher Municipal Office,759107.0,1.0,"19,90,400",M/S. KIRAN KUMAR RAY,"1,751,552",Accepted-AOC,17-Aug-2026,Municipal Bodies||Talcher Municipal Council,True,"{'Flood': 0, 'Embankment': 0, 'embkt': 0, 'Relief': 0, 'Erosion': 0, 'SDRF': 0, 'Inundation': 0, 'Hydrology': 0, 'Silt': 0, 'Siltation': 0, 'Bund': 0, 'Trench': 0, 'Breach': 0, 'Culvert': 0, 'Sluice': 0, 'Dyke': 0, 'Storm water drain': 0, 'Emergency': 0, 'Immediate': 0, 'IM': 0, 'AE': 0, 'A E': 0, 'AAPDA MITRA': 0, 'flood': 0, 'Bridge': 0, 'River': 0, 'Drain': 2, 'Restoration': 0, 'Protection': 0, 'irr': 0, 'irrigation': 0, 'dam': 0, 'Nallah': 0, 'Retrofitting': 0, 'Pond': 0, 'Pokhari': 0, 'D/C': 0, 'Recharge shaft': 0, 'LFB': 0, 'RFB': 0}","{'Floodlight': 0, 'Flood Light': 0, 'GAS': 0, 'FIFA': 0, 'pipe': 0, 'pipes': 0, 'covid': 0, 'supply': 0, 'Beautification': 0, 'Installation': 0}",Monsoon,,False,True,Repair and Restoration,"{'Construction': 2, 'Drain': 2}"
2026_ORULB_124711_7,NAC-Daspalla/03/2025-26,Improvement of Road and Drain from Ekart Office backside of NAC Office towards Kuanria River in Ward No.05 of NAC Daspalla.,Improvement of Road and Drain from Ekart Office backside of NAC Office towards Kuanria River in Ward No.05 of NAC Daspalla.,Works,Open Tender,Percentage,Civil Works - Buildings,No,No,NA ,27-Jan-2026 11:00 AM,NA ,180.0,No ,No,Online,07-Feb-2026 11:00 AM,Municipal Bodies||Daspalla NAC,DASPALLA,752084.0,1.0,"6,77,966",MAKABULU KHAN,"454,101",Rejected-AOC,01-Aug-2026,Municipal Bodies||Daspalla NAC,True,"{'Flood': 0, 'Embankment': 0, 'embkt': 0, 'Relief': 0, 'Erosion': 0, 'SDRF': 0, 'Inundation': 0, 'Hydrology': 0, 'Silt': 0, 'Siltation': 0, 'Bund': 0, 'Trench': 0, 'Breach': 0, 'Culvert': 0, 'Sluice': 0, 'Dyke': 0, 'Storm water drain': 0, 'Emergency': 0, 'Immediate': 0, 'IM': 0, 'AE': 0, 'A E': 0, 'AAPDA MITRA': 0, 'flood': 0, 'Bridge': 0, 'River': 2, 'Drain': 2, 'Restoration': 0, 'Protection': 0, 'irr': 0, 'irrigation': 0, 'dam': 0, 'Nallah': 0, 'Retrofitting': 0, 'Pond': 0, 'Pokhari': 0, 'D/C': 0, 'Recharge shaft': 0, 'LFB': 0, 'RFB': 0}","{'Floodlight': 0, 'Flood Light': 0, 'GAS': 0, 'FIFA': 0, 'pipe': 0, 'pipes': 0, 'covid': 0, 'supply': 0, 'Beautification': 0, 'Installation': 0}",Post-Monsoon,,False,True,Repair and Restoration,"{'improvement': 2, 'Drain': 2}"
2026_CEMIB_124558_8,BID IDENTIFICATION NO_SEMIDN_14_OF2025_26,Improvement to Darudhipa Check Dam in Bhapur Block of Nayagarh district under Improvement to Check Dam grant for the year 2025-26,Improvement to Darudhipa Check Dam in Bhapur Block of Nayagarh district under Improvement to Check Dam grant for the year 2025-26,Works,National Competitive Bid,Percentage,Civil Works - Others,No,No,NA ,14-Jan-2026 10:00 AM,NA ,90.0,No ,No,Online,21-Jan-2026 11:00 AM,"CE,Minor Irrigation,BBSR||SECMIC-BHUBANESWAR||EE MI Divn. Nayagarh",SUPERINTENDING ENGINEER M I DIVISION NAYAGARH,752070.0,1.0,,SAROJ KUMAR DALAI,"341,898.94",Rejected-AOC,14-Aug-2026,"CE,Minor Irrigation,BBSR||SECMIC-BHUBANESWAR||EE MI Divn. Nayagarh",True,"{'Flood': 0, 'Embankment': 0, 'embkt': 0, 'Relief': 0, 'Erosion': 0, 'SDRF': 0, 'Inundation': 0, 'Hydrology': 0, 'Silt': 0, 'Siltation': 0, 'Bund': 0, 'Trench': 0, 'Breach': 0, 'Culvert': 0, 'Sluice': 0, 'Dyke': 0, 'Storm water drain': 0, 'Emergency': 0, 'Immediate': 0, 'IM': 0, 'AE': 0, 'A E': 0, 'AAPDA MITRA': 0, 'flood': 0, 'Bridge': 0, 'River': 0, 'Drain': 0, 'Restoration': 0, 'Protection': 0, 'irr': 0, 'irrigation': 0, 'dam': 4, 'Nallah': 0, 'Retrofitting': 0, 'Pond': 0, 'Pokhari': 0, 'D/C': 0, 'Recharge shaft': 0, 'LFB': 0, 'RFB': 0}","{'Floodlight': 0, 'Flood Light': 0, 'GAS': 0, 'FIFA': 0, 'pipe': 0, 'pipes': 0, 'covid': 0, 'supply': 0, 'Beautification': 0, 'Installation': 0}",Post-Monsoon,,False,False,Repair and Restoration,"{'improvement': 4, 'Check Dam': 4}"
2025_CERWI_118537_8,BLGR-Online-12/2025-26,Improvement to PWD road to Nanajhar Road and Bridge over Jamuna Jore on PWD road to Nanajhar in the district of Bolangir under MMSY-Improvement to Existing RD Road for the year 2024-25,Improvement to PWD road to Nanajhar Road and Bridge over Jamuna Jore on PWD road to Nanajhar in the district of Bolangir under MMSY-Improvement to Existing RD Road for the year 2024-25,Works,National Competitive Bid,Percentage,Civil Works - Roads,No,No,NA ,25-Sep-2025 11:00 AM,NA ,90.0,No ,No,Online,17-Oct-2025 11:00 AM,CE RW I||RWCIRCLE-BALANGIR,Titilagarh,767033.0,2.0,"5,97,57,000",M/s SHREE INFRA AND CO,"59,942,611",Rejected-Finance,10-Apr-2026,CE RW I||RWCIRCLE-BALANGIR,True,"{'Flood': 0, 'Embankment': 0, 'embkt': 0, 'Relief': 0, 'Erosion': 0, 'SDRF': 0, 'Inundation': 0, 'Hydrology': 0, 'Silt': 0, 'Siltation': 0, 'Bund': 0, 'Trench': 0, 'Breach': 0, 'Culvert': 0, 'Sluice': 0, 'Dyke': 0, 'Storm water drain': 0, 'Emergency': 0, 'Immediate': 0, 'IM': 0, 'AE': 0, 'A E': 0, 'AAPDA MITRA': 0, 'flood': 0, 'Bridge': 2, 'River': 0, 'Drain': 0, 'Restoration': 0, 'Protection': 0, 'irr': 0, 'irrigation': 0, 'dam': 0, 'Nallah': 0, 'Retrofitting': 0, 'Pond': 0, 'Pokhari': 0, 'D/C': 0, 'Recharge shaft': 0, 'LFB': 0, 'RFB': 0}","{'Floodlight': 0, 'Flood Light': 0, 'GAS': 0, 'FIFA': 0, 'pipe': 0, 'pipes': 0, 'covid': 0, 'supply': 0, 'Beautification': 0, 'Installation': 0}",Monsoon,,False,True,Repair and Restoration,"{'improvement': 4, 'Bridge': 2}"
2026_CEMIB_129213_20,SEMIDRGD-04/2026-27,Improvement to Badapatharanalla Check Dam in Gunupur Block of Rayagada District under the scheme Improvement to Check Dam 2026-27,Improvement to Badapatharanalla Check Dam in Gunupur Block of Rayagada District under the scheme Improvement to Check Dam 2026-27,Works,National Competitive Bid,Percentage,Civil Works - Others,No,No,NA ,13-May-2026 10:00 AM,NA ,90.0,No ,No,Online,29-May-2026 11:00 AM,"CE,Minor Irrigation,BBSR||SE,KBK Minor Irr.CircleII,Jeypore||EE M.I. Division Rayagada",Rayagada,765001.0,1.0,"7,11,340",RAJENDRA PRASAD SAHU,"711,340.2",Rejected-AOC,17-Jun-2026,"CE,Minor Irrigation,BBSR||SE,KBK Minor Irr.CircleII,Jeypore||EE M.I. Division Rayagada",True,"{'Flood': 0, 'Embankment': 0, 'embkt': 0, 'Relief': 0, 'Erosion': 0, 'SDRF': 0, 'Inundation': 0, 'Hydrology': 0, 'Silt': 0, 'Siltation': 0, 'Bund': 0, 'Trench': 0, 'Breach': 0, 'Culvert': 0, 'Sluice': 0, 'Dyke': 0, 'Storm water drain': 0, 'Emergency': 0, 'Immediate': 0, 'IM': 0, 'AE': 0, 'A E': 0, 'AAPDA MITRA': 0, 'flood': 0, 'Bridge': 0, 'River': 0, 'Drain': 0, 'Restoration': 0, 'Protection': 0, 'irr': 0, 'irrigation': 0, 'dam': 4, 'Nallah': 0, 'Retrofitting': 0, 'Pond': 0, 'Pokhari': 0, 'D/C': 0, 'Recharge shaft': 0, 'LFB': 0, 'RFB': 0}","{'Floodlight': 0, 'Flood Light': 0, 'GAS': 0, 'FIFA': 0, 'pipe': 0, 'pipes': 0, 'covid': 0, 'supply': 0, 'Beautification': 0, 'Installation': 0}",Pre-Monsoon,,False,False,Repair and Restoration,"{'improvement': 4, 'Check Dam': 4}"
2026_CERWI_132901_1,02 of 2026-27,"Repair tof SB over river Lesma on Danda padia-Ostapur-Santanibati road_Road_Parapet Ppainting, BUSG and PMC, SC_0.000 to 0.450","Repair tof SB over river Lesma on Danda padia-Ostapur-Santanibati road_Road_Parapet Ppainting, BUSG and PMC, SC_0.000 to 0.450",Works,Open Tender,Percentage,Miscellaneous Works,No,No,NA ,25-Jun-2026 11:00 AM,NA ,90.0,No ,No,Online,08-Jul-2026 11:30 AM,CE RW I||RWCIRCLE-CUTTACK||RWDIVISION-CUTTACK-II,Cuttack,753004.0,1.0,"5,04,101",Suresh Chandra Panda,"504,101",Rejected-AOC,14-Aug-2026,CE RW I||RWCIRCLE-CUTTACK||RWDIVISION-CUTTACK-II,True,"{'Flood': 0, 'Embankment': 0, 'embkt': 0, 'Relief': 0, 'Erosion': 0, 'SDRF': 0, 'Inundation': 0, 'Hydrology': 0, 'Silt': 0, 'Siltation': 0, 'Bund': 0, 'Trench': 0, 'Breach': 0, 'Culvert': 0, 'Sluice': 0, 'Dyke': 0, 'Storm water drain': 0, 'Emergency': 0, 'Immediate': 0, 'IM': 0, 'AE': 0, 'A E': 0, 'AAPDA MITRA': 0, 'flood': 0, 'Bridge': 0, 'River': 2, 'Drain': 0, 'Restoration': 0, 'Protection': 0, 'irr': 0, 'irrigation': 0, 'dam': 0, 'Nallah': 0, 'Retrofitting': 0, 'Pond': 0, 'Pokhari': 0, 'D/C': 0, 'Recharge shaft': 0, 'LFB': 0, 'RFB': 0}","{'Floodlight': 0, 'Flood Light': 0, 'GAS': 0, 'FIFA': 0, 'pipe': 0, 'pipes': 0, 'covid': 0, 'supply': 0, 'Beautification': 0, 'Installation': 0}",Monsoon,,False,True,Repair and Restoration,{'repair': 2}
2026_CEMIB_129213_18,SEMIDRGD-04/2026-27,Improvement to Gadiakhala Check Dam in Gunupur Block of Rayagada District under the scheme Improvement to Check Dam 2026-27,Improvement to Gadiakhala Check Dam in Gunupur Block of Rayagada District under the scheme Improvement to Check Dam 2026-27,Works,National Competitive Bid,Percentage,Civil Works - Others,No,No,NA ,13-May-2026 10:00 AM,NA ,90.0,No ,No,Online,29-May-2026 11:00 AM,"CE,Minor Irrigation,BBSR||SE,KBK Minor Irr.CircleII,Jeypore||EE M.I. Division Rayagada",Rayagada,765001.0,1.0,"7,61,249",Abani Ranjan Panigrahi,"761,248.71",Rejected-AOC,17-Jun-2026,"CE,Minor Irrigation,BBSR||SE,KBK Minor Irr.CircleII,Jeypore||EE M.I. Division Rayagada",True,"{'Flood': 0, 'Embankment': 0, 'embkt': 0, 'Relief': 0, 'Erosion': 0, 'SDRF': 0, 'Inundation': 0, 'Hydrology': 0, 'Silt': 0, 'Siltation': 0, 'Bund': 0, 'Trench': 0, 'Breach': 0, 'Culvert': 0, 'Sluice': 0, 'Dyke': 0, 'Storm water drain': 0, 'Emergency': 0, 'Immediate': 0, 'IM': 0, 'AE': 0, 'A E': 0, 'AAPDA MITRA': 0, 'flood': 0, 'Bridge': 0, 'River': 0, 'Drain': 0, 'Restoration': 0, 'Protection': 0, 'irr': 0, 'irrigation': 0, 'dam': 4, 'Nallah': 0, 'Retrofitting': 0, 'Pond': 0, 'Pokhari': 0, 'D/C': 0, 'Recharge shaft': 0, 'LFB': 0, 'RFB': 0}","{'Floodlight': 0, 'Flood Light': 0, 'GAS': 0, 'FIFA': 0, 'pipe': 0, 'pipes': 0, 'covid': 0, 'supply': 0, 'Beautification': 0, 'Installation': 0}",Pre-Monsoon,,False,False,Repair and Restoration,"{'improvement': 4, 'Check Dam': 4}"
2026_CERWI_133066_1,02 of 2026-27,"Repair to Bridge Over Padamal Nallah at 3.000km on PWD Road to Baneswarnasi Road_Road_Protection wall , Stone pitching, Colour washing_","Repair to Bridge Over Padamal Nallah at 3.000km on PWD Road to Baneswarnasi Road_Road_Protection wall , Stone pitching, Colour washing_",Works,Open Tender,Percentage,Miscellaneous Works,No,No,NA ,25-Jun-2026 11:00 AM,NA ,90.0,No ,No,Online,08-Jul-2026 11:30 AM,CE RW I||RWCIRCLE-CUTTACK||RWDIVISION-CUTTACK-II,Cuttack,753004.0,1.0,"21,01,024",JUDHISTHIRA SAHOO,"2,101,024",Rejected-AOC,18-Aug-2026,CE RW I||RWCIRCLE-CUTTACK||RWDIVISION-CUTTACK-II,True,"{'Flood': 0, 'Embankment': 0, 'embkt': 0, 'Relief': 0, 'Erosion': 0, 'SDRF': 0, 'Inundation': 0, 'Hydrology': 0, 'Silt': 0, 'Siltation': 0, 'Bund': 0, 'Trench': 0, 'Breach': 0, 'Culvert': 0, 'Sluice': 0, 'Dyke': 0, 'Storm water drain': 0, 'Emergency': 0, 'Immediate': 0, 'IM': 0, 'AE': 0, 'A E': 0, 'AAPDA MITRA': 0, 'flood': 0, 'Bridge': 2, 'River': 0, 'Drain': 0, 'Restoration': 0, 'Protection': 2, 'irr': 0, 'irrigation': 0, 'dam': 0, 'Nallah': 2, 'Retrofitting': 0, 'Pond': 0, 'Pokhari': 0, 'D/C': 0, 'Recharge shaft': 0, 'LFB': 0, 'RFB': 0}","{'Floodlight': 0, 'Flood Light': 0, 'GAS': 0, 'FIFA': 0, 'pipe': 0, 'pipes': 0, 'covid': 0, 'supply': 0, 'Beautification': 0, 'Installation': 0}",Monsoon,,False,True,Repair and Restoration,"{'repair': 2, 'Bridge': 2}"
2024_OCCL_103324_1,Bid identification No. OCCL-HQP/18/2024-25,E-procurement Notice No.05/OCCL/2024-25(on-line),Improvement to service road over Dahuka right embankment from RD 12.780 Km to 15.800 Km.,Works,Open Tender,Percentage,Civil Works - Others,No,No,NA ,27-Jun-2024 06:00 PM,NA ,90.0,No ,No,Online,25-Jul-2024 12:00 PM,ODISHA CONSTRUCTION CORPORATION LTD,Nayagarh District,752069.0,2.0,"2,23,42,018",ACP CONSTRUCTION,"18,992,949",Accepted-AOC,02-Dec-2024,ODISHA CONSTRUCTION CORPORATION LTD,True,"{'Flood': 0, 'Embankment': 1, 'embkt': 0, 'Relief': 0, 'Erosion': 0, 'SDRF': 0, 'Inundation': 0, 'Hydrology': 0, 'Silt': 0, 'Siltation': 0, 'Bund': 0, 'Trench': 0, 'Breach': 0, 'Culvert': 0, 'Sluice': 0, 'Dyke': 0, 'Storm water drain': 0, 'Emergency': 0, 'Immediate': 0, 'IM': 0, 'AE': 0, 'A E': 0, 'AAPDA MITRA': 0, 'flood': 0, 'Bridge': 0, 'River': 0, 'Drain': 0, 'Restoration': 0, 'Protection': 0, 'irr': 0, 'irrigation': 0, 'dam': 0, 'Nallah': 0, 'Retrofitting': 0, 'Pond': 0, 'Pokhari': 0, 'D/C': 0, 'Recharge shaft': 0, 'LFB': 0, 'RFB': 0}","{'Floodlight': 0, 'Flood Light': 0, 'GAS': 0, 'FIFA': 0, 'pipe': 0, 'pipes': 0, 'covid': 0, 'supply': 0, 'Beautification': 0, 'Installation': 0}",Monsoon,,False,True,Repair and Restoration,{'improvement': 1}
2026_ORULB_128795_5,MC(CMC)CTC_Div-IIINo8/2026-27,Providing and fixing of drain slab at Various locations in Ward No.49.,Providing and fixing of drain slab at Various locations in Ward No.49.,Works,Open Tender,Percentage,Civil Works - Others,No,No,NA ,25-May-2026 05:00 PM,NA ,90.0,No ,No,Online,08-Jun-2026 10:00 AM,Municipal Bodies||Cuttack Municipal Corporation,CMC,753012.0,1.0,"4,99,815",CHANDAN BISWAL,"499,815",Rejected-AOC,26-Aug-2026,Municipal Bodies||Cuttack Municipal Corporation,True,"{'Flood': 0, 'Embankment': 0, 'embkt': 0, 'Relief': 0, 'Erosion': 0, 'SDRF': 0, 'Inundation': 0, 'Hydrology': 0, 'Silt': 0, 'Siltation': 0, 'Bund': 0, 'Trench': 0, 'Breach': 0, 'Culvert': 0, 'Sluice': 0, 'Dyke': 0, 'Storm water drain': 0, 'Emergency': 0, 'Immediate': 0, 'IM': 0, 'AE': 0, 'A E': 0, 'AAPDA MITRA': 0, 'flood': 0, 'Bridge': 0, 'River': 0, 'Drain': 2, 'Restoration': 0, 'Protection': 0, 'irr': 0, 'irrigation': 0, 'dam': 0, 'Nallah': 0, 'Retrofitting': 0, 'Pond': 0, 'Pokhari': 0, 'D/C': 0, 'Recharge shaft': 0, 'LFB': 0, 'RFB': 0}","{'Floodlight': 0, 'Flood Light': 0, 'GAS': 0, 'FIFA': 0, 'pipe': 0, 'pipes': 0, 'covid': 0, 'supply': 0, 'Beautification': 0, 'Installation': 0}",Pre-Monsoon,,False,True,Repair and Restoration,{'Drain': 2}
2026_CERWI_124650_1,RWCSBP-28/2025-26,Construction of bridge over Kumudi Nallah at 0.500 Km on PWD road to Tendapadar road in the district of Bargarh,Construction of bridge over Kumudi Nallah at 0.500 Km on PWD road to Tendapadar road in the district of Bargarh,Works,Open Tender,Percentage,Civil Works - Bridges,No,No,NA ,16-Jan-2026 02:00 PM,NA ,90.0,No ,No,Online,28-Jan-2026 11:00 AM,CE RW I||RWCIRCLE-SAMBALPUR,Padampur,768036.0,2.0,"8,17,04,486",DHANESWAR SAHU,"60,747,285",Accepted-AOC,04-Aug-2026,CE RW I||RWCIRCLE-SAMBALPUR,True,"{'Flood': 0, 'Embankment': 0, 'embkt': 0, 'Relief': 0, 'Erosion': 0, 'SDRF': 0, 'Inundation': 0, 'Hydrology': 0, 'Silt': 0, 'Siltation': 0, 'Bund': 0, 'Trench': 0, 'Breach': 0, 'Culvert': 0, 'Sluice': 0, 'Dyke': 0, 'Storm water drain': 0, 'Emergency': 0, 'Immediate': 0, 'IM': 0, 'AE': 0, 'A E': 0, 'AAPDA MITRA': 0, 'flood': 0, 'Bridge': 2, 'River': 0, 'Drain': 0, 'Restoration': 0, 'Protection': 0, 'irr': 0, 'irrigation': 0, 'dam': 0, 'Nallah': 2, 'Retrofitting': 0, 'Pond': 0, 'Pokhari': 0, 'D/C': 0, 'Recharge shaft': 0, 'LFB': 0, 'RFB': 0}","{'Floodlight': 0, 'Flood Light': 0, 'GAS': 0, 'FIFA': 0, 'pipe': 0, 'pipes': 0, 'covid': 0, 'supply': 0, 'Beautification': 0, 'Installation': 0}",Post-Monsoon,,False,True,Repair and Restoration,"{'Construction': 2, 'Bridge': 2}"
2025_ORULB_121859_17,ODULB_KGM_19/2025-2026,Construction of Drain with Cover Slab from Rabindra Behera house to Nirmala Chhaka in Ward No-11,Construction of Drain with Cover Slab from Rabindra Behera house to Nirmala Chhaka in Ward No-11,Works,Open Tender,Percentage,Civil Works - Others,No,No,NA ,08-Dec-2025 11:00 AM,NA ,120.0,No ,No,Online,19-Dec-2025 11:00 AM,Municipal Bodies||Keonjhargarh Municipal Council,KEONJHARGARH MUNICIPALITY,758001.0,1.0,"19,99,000",SASMITA DAS,"1,525,278.32",Rejected-AOC,19-Aug-2026,Municipal Bodies||Keonjhargarh Municipal Council,True,"{'Flood': 0, 'Embankment': 0, 'embkt': 0, 'Relief': 0, 'Erosion': 0, 'SDRF': 0, 'Inundation': 0, 'Hydrology': 0, 'Silt': 0, 'Siltation': 0, 'Bund': 0, 'Trench': 0, 'Breach': 0, 'Culvert': 0, 'Sluice': 0, 'Dyke': 0, 'Storm water drain': 0, 'Emergency': 0, 'Immediate': 0, 'IM': 0, 'AE': 0, 'A E': 0, 'AAPDA MITRA': 0, 'flood': 0, 'Bridge': 0, 'River': 0, 'Drain': 2, 'Restoration': 0, 'Protection': 0, 'irr': 0, 'irrigation': 0, 'dam': 0, 'Nallah': 0, 'Retrofitting': 0, 'Pond': 0, 'Pokhari': 0, 'D/C': 0, 'Recharge shaft': 0, 'LFB': 0, 'RFB': 0}","{'Floodlight': 0, 'Flood Light': 0, 'GAS': 0, 'FIFA': 0, 'pipe': 0, 'pipes': 0, 'covid': 0, 'supply': 0, 'Beautification': 0, 'Installation': 0}",Post-Monsoon,,False,True,Repair and Restoration,"{'Construction': 2, 'Drain': 2}"
2025_CEBBU_122886_1,CE AND BM MB 33-2025-2026(Online),Renovation of Canal System of Hirakud Dam Project of Head Quarter Canal Section,Renovation of Canal System of Hirakud Dam Project of Head Quarter Canal Section Bargarh Irrigation Division Bargarh,Works,Open Tender,Percentage,Civil Works - Canal,No,No,NA ,10-Dec-2025 11:30 AM,NA ,90.0,No ,No,Online,31-Dec-2025 11:30 AM,"CE-BM,UM Basin,Burla||CE-BM, UMB, BURLA",At Bargarh Block Bargarh Dist Bargarh,768028.0,2.0,"22,99,00,002",RAPS INFRATECH PRIVATE LIMITED,"250,568,012.55",Rejected-Finance,14-Aug-2026,"CE-BM,UM Basin,Burla||CE-BM, UMB, BURLA",True,"{'Flood': 0, 'Embankment': 0, 'embkt': 0, 'Relief': 0, 'Erosion': 0, 'SDRF': 0, 'Inundation': 0, 'Hydrology': 0, 'Silt': 0, 'Siltation': 0, 'Bund': 0, 'Trench': 0, 'Breach': 0, 'Culvert': 0, 'Sluice': 0, 'Dyke': 0, 'Storm water drain': 0, 'Emergency': 0, 'Immediate': 0, 'IM': 0, 'AE': 0, 'A E': 0, 'AAPDA MITRA': 0, 'flood': 0, 'Bridge': 0, 'River': 0, 'Drain': 0, 'Restoration': 0, 'Protection': 0, 'irr': 0, 'irrigation': 1, 'dam': 2, 'Nallah': 0, 'Retrofitting': 0, 'Pond': 0, 'Pokhari': 0, 'D/C': 0, 'Recharge shaft': 0, 'LFB': 0, 'RFB': 0}","{'Floodlight': 0, 'Flood Light': 0, 'GAS': 0, 'FIFA': 0, 'pipe': 0, 'pipes': 0, 'covid': 0, 'supply': 0, 'Beautification': 0, 'Installation': 0}",Post-Monsoon,,False,False,Repair and Restoration,{'renovation': 2}
2026_CEBMB_129617_29,e-Procurement Notice No. e-BNID-01/2026-27,"Desilting and improvement of left distributary in between RD 16700 m to 17700 m, 19200 m to 20700 m and Madhusudanpur Sub-minor, Hatiota Sub-minor, Manasila Sub-minor, Deulapedhi Sub-minor of Baghua Irrigation Project for the year 2026-27.","Desilting and improvement of left distributary in between RD 16700 m to 17700 m, 19200 m to 20700 m and Madhusudanpur Sub-minor, Hatiota Sub-minor, Manasila Sub-minor, Deulapedhi Sub-minor of Baghua Irrigation Project for the year 2026-27.",Works,Open Tender,Percentage,Civil Works - Others,No,No,NA ,25-May-2026 10:00 AM,NA ,90.0,No ,No,Online,05-Jun-2026 11:00 AM,"CE-BM,RVN Basin,Berhampur||S.E. Southern Irr. Circle I Berhampur||EE Bhanjanagar Irrigation Divn Bhanjanagar",Buguda,761118.0,1.0,"5,22,329",ASISH KUMAR MISHRA,"484,721",Rejected-Finance,27-Aug-2026,"CE-BM,RVN Basin,Berhampur||S.E. Southern Irr. Circle I Berhampur||EE Bhanjanagar Irrigation Divn Bhanjanagar",True,"{'Flood': 0, 'Embankment': 0, 'embkt': 0, 'Relief': 0, 'Erosion': 0, 'SDRF': 0, 'Inundation': 0, 'Hydrology': 0, 'Silt': 0, 'Siltation': 0, 'Bund': 0, 'Trench': 0, 'Breach': 0, 'Culvert': 0, 'Sluice': 0, 'Dyke': 0, 'Storm water drain': 0, 'Emergency': 0, 'Immediate': 0, 'IM': 0, 'AE': 0, 'A E': 0, 'AAPDA MITRA': 0, 'flood': 0, 'Bridge': 0, 'River': 0, 'Drain': 0, 'Restoration': 0, 'Protection': 0, 'irr': 0, 'irrigation': 2, 'dam': 0, 'Nallah': 0, 'Retrofitting': 0, 'Pond': 0, 'Pokhari': 0, 'D/C': 0, 'Recharge shaft': 0, 'LFB': 0, 'RFB': 0}","{'Floodlight': 0, 'Flood Light': 0, 'GAS': 0, 'FIFA': 0, 'pipe': 0, 'pipes': 0, 'covid': 0, 'supply': 0, 'Beautification': 0, 'Installation': 0}",Pre-Monsoon,,False,False,Repair and Restoration,{'improvement': 2}
2025_CEBBS_118895_7,SERID-RKL-04/2025-26,slope in between RD 838m to RD 914m of Vedvyas Distributary of Pitamahal Irrigation Project,slope in between RD 838m to RD 914m of Vedvyas Distributary of Pitamahal Irrigation Project,Works,Open Tender,Percentage,Civil Works - Canal,No,No,NA ,04-Oct-2025 10:00 AM,NA ,90.0,No ,No,Online,15-Oct-2025 11:00 AM,CE and BM Brahmani Basin Samal||APD cum CCE RIP Samal||Rourkela Irrigation Division Rourkela,Pitamahal,770031.0,1.0,"6,95,308",DM Constructions,"591,081.16",Rejected-AOC,07-Aug-2026,CE and BM Brahmani Basin Samal||APD cum CCE RIP Samal||Rourkela Irrigation Division Rourkela,True,"{'Flood': 0, 'Embankment': 0, 'embkt': 0, 'Relief': 0, 'Erosion': 0, 'SDRF': 0, 'Inundation': 0, 'Hydrology': 0, 'Silt': 0, 'Siltation': 0, 'Bund': 0, 'Trench': 0, 'Breach': 0, 'Culvert': 0, 'Sluice': 0, 'Dyke': 0, 'Storm water drain': 0, 'Emergency': 0, 'Immediate': 0, 'IM': 0, 'AE': 0, 'A E': 0, 'AAPDA MITRA': 0, 'flood': 0, 'Bridge': 0, 'River': 0, 'Drain': 0, 'Restoration': 0, 'Protection': 0, 'irr': 0, 'irrigation': 2, 'dam': 0, 'Nallah': 0, 'Retrofitting': 0, 'Pond': 0, 'Pokhari': 0, 'D/C': 0, 'Recharge shaft': 0, 'LFB': 0, 'RFB': 0}","{'Floodlight': 0, 'Flood Light': 0, 'GAS': 0, 'FIFA': 0, 'pipe': 0, 'pipes': 0, 'covid': 0, 'supply': 0, 'Beautification': 0, 'Installation': 0}",Post-Monsoon,,False,False,Others,
2026_CERWI_127406_1,Bridge Tender Online-RWCSBP-32/2025-26,Construction of bridge over Ranj river on Lebidi-Heerapali P.S. Road,Construction of bridge over Ranj river on Lebidi-Heerapali P.S. Road,Works,Open Tender,Percentage,Civil Works - Bridges,No,No,NA ,18-Mar-2026 05:00 PM,NA ,90.0,No ,No,Online,26-Mar-2026 11:00 AM,CE RW I||RWCIRCLE-SAMBALPUR,Bargarh,768028.0,2.0,"5,63,77,417",Jayanta Barik,"59,083,533",Accepted-AOC,12-Aug-2026,CE RW I||RWCIRCLE-SAMBALPUR,True,"{'Flood': 0, 'Embankment': 0, 'embkt': 0, 'Relief': 0, 'Erosion': 0, 'SDRF': 0, 'Inundation': 0, 'Hydrology': 0, 'Silt': 0, 'Siltation': 0, 'Bund': 0, 'Trench': 0, 'Breach': 0, 'Culvert': 0, 'Sluice': 0, 'Dyke': 0, 'Storm water drain': 0, 'Emergency': 0, 'Immediate': 0, 'IM': 0, 'AE': 0, 'A E': 0, 'AAPDA MITRA': 0, 'flood': 0, 'Bridge': 3, 'River': 2, 'Drain': 0, 'Restoration': 0, 'Protection': 0, 'irr': 0, 'irrigation': 0, 'dam': 0, 'Nallah': 0, 'Retrofitting': 0, 'Pond': 0, 'Pokhari': 0, 'D/C': 0, 'Recharge shaft': 0, 'LFB': 0, 'RFB': 0}","{'Floodlight': 0, 'Flood Light': 0, 'GAS': 0, 'FIFA': 0, 'pipe': 0, 'pipes': 0, 'covid': 0, 'supply': 0, 'Beautification': 0, 'Installation': 0}",Pre-Monsoon,,False,True,Repair and Restoration,"{'Construction': 2, 'Bridge': 3}"
2026_ORULB_128169_9,SNP-MUN-36/2025-26,Renovation of Rameswar Bamphi (Pond ) near Rameswar Temple in ward no-6,Renovation of Rameswar Bamphi (Pond ) near Rameswar Temple in ward no-6,Works,Open Tender,Percentage,Civil Works - Others,No,No,NA ,17-Apr-2026 11:00 AM,NA ,60.0,No ,No,Online,28-Apr-2026 11:00 AM,Municipal Bodies||Sonepur Municipal Council,Sonepur Municipality,767017.0,1.0,"11,01,919",DEEPIKA NEPAK,"1,101,918.7",Rejected-Technical,13-Aug-2026,Municipal Bodies||Sonepur Municipal Council,True,"{'Flood': 0, 'Embankment': 0, 'embkt': 0, 'Relief': 0, 'Erosion': 0, 'SDRF': 0, 'Inundation': 0, 'Hydrology': 0, 'Silt': 0, 'Siltation': 0, 'Bund': 0, 'Trench': 0, 'Breach': 0, 'Culvert': 0, 'Sluice': 0, 'Dyke': 0, 'Storm water drain': 0, 'Emergency': 0, 'Immediate': 0, 'IM': 0, 'AE': 0, 'A E': 0, 'AAPDA MITRA': 0, 'flood': 0, 'Bridge': 0, 'River': 0, 'Drain': 0, 'Restoration': 0, 'Protection': 0, 'irr': 0, 'irrigation': 0, 'dam': 0, 'Nallah': 0, 'Retrofitting': 0, 'Pond': 2, 'Pokhari': 0, 'D/C': 0, 'Recharge shaft': 0, 'LFB': 0, 'RFB': 0}","{'Floodlight': 0, 'Flood Light': 0, 'GAS': 0, 'FIFA': 0, 'pipe': 0, 'pipes': 0, 'covid': 0, 'supply': 0, 'Beautification': 0, 'Installation': 0}",Pre-Monsoon,,False,False,Repair and Restoration,{'renovation': 2}
2026_ORULB_129755_4,RGDA-MUN-01/2026-2027,Construction of road and drain at Uppar Pahada sahi lane Jhodiya Sahi in w.no-23 Rayagada Municipality,Construction of road and drain at Uppar Pahada sahi lane Jhodiya Sahi in w.no-23 Rayagada Municipality,Works,Open Tender,Percentage,Civil Works - Others,No,No,NA ,25-May-2026 06:00 PM,NA ,90.0,No ,No,Online,10-Jun-2026 11:30 AM,Municipal Bodies||Rayagada Municipality,Rayagada Municipality,765001.0,1.0,"7,20,879",SMT. ABHILIPSA RATH,"720,879",Rejected-Finance,03-Aug-2026,Municipal Bodies||Rayagada Municipality,True,"{'Flood': 0, 'Embankment': 0, 'embkt': 0, 'Relief': 0, 'Erosion': 0, 'SDRF': 0, 'Inundation': 0, 'Hydrology': 0, 'Silt': 0, 'Siltation': 0, 'Bund': 0, 'Trench': 0, 'Breach': 0, 'Culvert': 0, 'Sluice': 0, 'Dyke': 0, 'Storm water drain': 0, 'Emergency': 0, 'Immediate': 0, 'IM': 0, 'AE': 0, 'A E': 0, 'AAPDA MITRA': 0, 'flood': 0, 'Bridge': 0, 'River': 0, 'Drain': 2, 'Restoration': 0, 'Protection': 0, 'irr': 0, 'irrigation': 0, 'dam': 0, 'Nallah': 0, 'Retrofitting': 0, 'Pond': 0, 'Pokhari': 0, 'D/C': 0, 'Recharge shaft': 0, 'LFB': 0, 'RFB': 0}","{'Floodlight': 0, 'Flood Light': 0, 'GAS': 0, 'FIFA': 0, 'pipe': 0, 'pipes': 0, 'covid': 0, 'supply': 0, 'Beautification': 0, 'Installation': 0}",Pre-Monsoon,,False,True,Repair and Restoration,"{'Construction': 2, 'Drain': 2}"
2026_CEBMT_127847_1,"ADDLCE,WIC-03/2025-26","Construction of D-type Quarter (Block-II) for staff of Upper Lanth Irrigation Division, Belpada","Construction of D-type Quarter (Block-II) for staff of Upper Lanth Irrigation Division, Belpada",Works,Open Tender,Percentage,Civil Works - Buildings,No,No,NA ,06-Apr-2026 11:00 AM,NA ,90.0,No ,No,Online,30-Apr-2026 11:00 AM,"CE-BM, Tel Basin,Bhawanipatna||SE Western Irr Circle Bhawanipatna||Upper Lanth Irrigation Division Belpada","Block-Belpada, Dist-Balangir",767026.0,2.0,"1,34,84,271",KARTIKA MEHER,"13,470,787",Rejected-AOC,29-Aug-2026,"CE-BM, Tel Basin,Bhawanipatna||SE Western Irr Circle Bhawanipatna||Upper Lanth Irrigation Division Belpada",True,"{'Flood': 0, 'Embankment': 0, 'embkt': 0, 'Relief': 0, 'Erosion': 0, 'SDRF': 0, 'Inundation': 0, 'Hydrology': 0, 'Silt': 0, 'Siltation': 0, 'Bund': 0, 'Trench': 0, 'Breach': 0, 'Culvert': 0, 'Sluice': 0, 'Dyke': 0, 'Storm water drain': 0, 'Emergency': 0, 'Immediate': 0, 'IM': 0, 'AE': 0, 'A E': 0, 'AAPDA MITRA': 0, 'flood': 0, 'Bridge': 0, 'River': 0, 'Drain': 0, 'Restoration': 0, 'Protection': 0, 'irr': 0, 'irrigation': 2, 'dam': 0, 'Nallah': 0, 'Retrofitting': 0, 'Pond': 0, 'Pokhari': 0, 'D/C': 0, 'Recharge shaft': 0, 'LFB': 0, 'RFB': 0}","{'Floodlight': 0, 'Flood Light': 0, 'GAS': 0, 'FIFA': 0, 'pipe': 0, 'pipes': 0, 'covid': 0, 'supply': 0, 'Beautification': 0, 'Installation': 0}",Pre-Monsoon,,False,False,Repair and Restoration,{'Construction': 2}
2026_CEBMB_129617_28,e-Procurement Notice No. e-BNID-01/2026-27,"Desilting and improvement of left distributary in between RD 8550 m to 9550 m, 11900 m to 13700 m and 17R Sub-minor, 18R Sub-minor, Ramachandrapur Sub-minor, Budeisuni Sub-minor and Tentulia Sub-minor of Baghua Irrigation Project for the year 2026-27","Desilting and improvement of left distributary in between RD 8550 m to 9550 m, 11900 m to 13700 m and 17R Sub-minor, 18R Sub-minor, Ramachandrapur Sub-minor, Budeisuni Sub-minor and Tentulia Sub-minor of Baghua Irrigation Project for the year 2026-27",Works,Open Tender,Percentage,Civil Works - Others,No,No,NA ,25-May-2026 10:00 AM,NA ,90.0,No ,No,Online,05-Jun-2026 11:00 AM,"CE-BM,RVN Basin,Berhampur||S.E. Southern Irr. Circle I Berhampur||EE Bhanjanagar Irrigation Divn Bhanjanagar",Buguda,761118.0,1.0,"5,29,782",RAMAKRISNA BEHERA,"484,221",Rejected-AOC,27-Aug-2026,"CE-BM,RVN Basin,Berhampur||S.E. Southern Irr. Circle I Berhampur||EE Bhanjanagar Irrigation Divn Bhanjanagar",True,"{'Flood': 0, 'Embankment': 0, 'embkt': 0, 'Relief': 0, 'Erosion': 0, 'SDRF': 0, 'Inundation': 0, 'Hydrology': 0, 'Silt': 0, 'Siltation': 0, 'Bund': 0, 'Trench': 0, 'Breach': 0, 'Culvert': 0, 'Sluice': 0, 'Dyke': 0, 'Storm water drain': 0, 'Emergency': 0, 'Immediate': 0, 'IM': 0, 'AE': 0, 'A E': 0, 'AAPDA MITRA': 0, 'flood': 0, 'Bridge': 0, 'River': 0, 'Drain': 0, 'Restoration': 0, 'Protection': 0, 'irr': 0, 'irrigation': 2, 'dam': 0, 'Nallah': 0, 'Retrofitting': 0, 'Pond': 0, 'Pokhari': 0, 'D/C': 0, 'Recharge shaft': 0, 'LFB': 0, 'RFB': 0}","{'Floodlight': 0, 'Flood Light': 0, 'GAS': 0, 'FIFA': 0, 'pipe': 0, 'pipes': 0, 'covid': 0, 'supply': 0, 'Beautification': 0, 'Installation': 0}",Pre-Monsoon,,False,False,Repair and Restoration,{'improvement': 2}
2026_ORULB_129755_11,RGDA-MUN-01/2026-2027,"Providing RCC Cover Slab with Repair of Drain with Fixing of Cover Slab in w.no-18,- Part-I","Providing RCC Cover Slab with Repair of Drain with Fixing of Cover Slab in w.no-18,- Part-I",Works,Open Tender,Percentage,Civil Works - Others,No,No,NA ,25-May-2026 06:00 PM,NA ,90.0,No ,No,Online,10-Jun-2026 11:30 AM,Municipal Bodies||Rayagada Municipality,RAYAGADA MUNICIPALITY,765001.0,1.0,"18,74,779",SABITA MISHRA,"1,874,779",Rejected-Finance,03-Aug-2026,Municipal Bodies||Rayagada Municipality,True,"{'Flood': 0, 'Embankment': 0, 'embkt': 0, 'Relief': 0, 'Erosion': 0, 'SDRF': 0, 'Inundation': 0, 'Hydrology': 0, 'Silt': 0, 'Siltation': 0, 'Bund': 0, 'Trench': 0, 'Breach': 0, 'Culvert': 0, 'Sluice': 0, 'Dyke': 0, 'Storm water drain': 0, 'Emergency': 0, 'Immediate': 0, 'IM': 0, 'AE': 0, 'A E': 0, 'AAPDA MITRA': 0, 'flood': 0, 'Bridge': 0, 'River': 0, 'Drain': 2, 'Restoration': 0, 'Protection': 0, 'irr': 0, 'irrigation': 0, 'dam': 0, 'Nallah': 0, 'Retrofitting': 0, 'Pond': 0, 'Pokhari': 0, 'D/C': 0, 'Recharge shaft': 0, 'LFB': 0, 'RFB': 0}","{'Floodlight': 0, 'Flood Light': 0, 'GAS': 0, 'FIFA': 0, 'pipe': 0, 'pipes': 0, 'covid': 0, 'supply': 0, 'Beautification': 0, 'Installation': 0}",Pre-Monsoon,,False,True,Repair and Restoration,"{'repair': 2, 'Drain': 2}"
2026_ORULB_127994_6,RNP NAC -01/2026-27,CONSTRUCTION OF CC DRAIN IN PAIKASAHI IN WN-5 OF RANPUR NAC,CONSTRUCTION OF CC DRAIN IN PAIKASAHI IN WN-5 OF RANPUR NAC,Works,Open Tender,Percentage,Civil Works - Others,No,No,NA ,10-Apr-2026 11:00 AM,NA ,60.0,No ,No,Online,20-Apr-2026 11:30 AM,Municipal Bodies||Ranpur NAC,NAC RANPUR,752026.0,1.0,"9,00,892",SARASI BALA PATTANAIK,"612,606",Rejected-Finance,28-Aug-2026,Municipal Bodies||Ranpur NAC,True,"{'Flood': 0, 'Embankment': 0, 'embkt': 0, 'Relief': 0, 'Erosion': 0, 'SDRF': 0, 'Inundation': 0, 'Hydrology': 0, 'Silt': 0, 'Siltation': 0, 'Bund': 0, 'Trench': 0, 'Breach': 0, 'Culvert': 0, 'Sluice': 0, 'Dyke': 0, 'Storm water drain': 0, 'Emergency': 0, 'Immediate': 0, 'IM': 0, 'AE': 0, 'A E': 0, 'AAPDA MITRA': 0, 'flood': 0, 'Bridge': 0, 'River': 0, 'Drain': 2, 'Restoration': 0, 'Protection': 0, 'irr': 0, 'irrigation': 0, 'dam': 0, 'Nallah': 0, 'Retrofitting': 0, 'Pond': 0, 'Pokhari': 0, 'D/C': 0, 'Recharge shaft': 0, 'LFB': 0, 'RFB': 0}","{'Floodlight': 0, 'Flood Light': 0, 'GAS': 0, 'FIFA': 0, 'pipe': 0, 'pipes': 0, 'covid': 0, 'supply': 0, 'Beautification': 0, 'Installation': 0}",Pre-Monsoon,,False,True,Repair and Restoration,"{'Construction': 2, 'Drain': 2}"
2025_ORULB_111066_3,EONM-03/2024-25,Construction of Paver Block Road with Drain from PWD By pass Road to Pathan Ward No 16,CIVIL WORK,Works,Open Tender,Percentage,Civil Works - Others,No,No,NA ,24-Feb-2025 11:00 AM,NA ,90.0,No ,No,Online,11-Mar-2025 11:00 AM,Municipal Bodies||Nabarangpur Municipality,Nabarangpur,764059.0,1.0,"26,45,182",SIDHESWAR PANIGRAHI,"2,248,669",Rejected-AOC,01-Aug-2026,Municipal Bodies||Nabarangpur Municipality,True,"{'Flood': 0, 'Embankment': 0, 'embkt': 0, 'Relief': 0, 'Erosion': 0, 'SDRF': 0, 'Inundation': 0, 'Hydrology': 0, 'Silt': 0, 'Siltation': 0, 'Bund': 0, 'Trench': 0, 'Breach': 0, 'Culvert': 0, 'Sluice': 0, 'Dyke': 0, 'Storm water drain': 0, 'Emergency': 0, 'Immediate': 0, 'IM': 0, 'AE': 0, 'A E': 0, 'AAPDA MITRA': 0, 'flood': 0, 'Bridge': 0, 'River': 0, 'Drain': 1, 'Restoration': 0, 'Protection': 0, 'irr': 0, 'irrigation': 0, 'dam': 0, 'Nallah': 0, 'Retrofitting': 0, 'Pond': 0, 'Pokhari': 0, 'D/C': 0, 'Recharge shaft': 0, 'LFB': 0, 'RFB': 0}","{'Floodlight': 0, 'Flood Light': 0, 'GAS': 0, 'FIFA': 0, 'pipe': 0, 'pipes': 0, 'covid': 0, 'supply': 0, 'Beautification': 0, 'Installation': 0}",Post-Monsoon,,False,True,Repair and Restoration,"{'Construction': 1, 'Drain': 1}"
2026_ORULB_130319_10,SNGM-05/2026-27,Protection with fencing chain with MS Angle of Goshala at Bijapada in Ward No-13 of Sundargarh Municipality. PART-II,Protection with fencing chain with MS Angle of Goshala at Bijapada in Ward No-13 of Sundargarh Municipality. PART-II,Works,Open Tender,Percentage,Civil Works - Others,No,No,NA ,02-Jun-2026 11:00 AM,NA ,120.0,No ,No,Online,17-Jun-2026 11:00 AM,Municipal Bodies||Sundargarh Municipality,Sundargarh Municipality,770001.0,1.0,"16,74,492",RABINDRA MEHER,"1,672,827.5",Rejected-Finance,24-Aug-2026,Municipal Bodies||Sundargarh Municipality,True,"{'Flood': 0, 'Embankment': 0, 'embkt': 0, 'Relief': 0, 'Erosion': 0, 'SDRF': 0, 'Inundation': 0, 'Hydrology': 0, 'Silt': 0, 'Siltation': 0, 'Bund': 0, 'Trench': 0, 'Breach': 0, 'Culvert': 0, 'Sluice': 0, 'Dyke': 0, 'Storm water drain': 0, 'Emergency': 0, 'Immediate': 0, 'IM': 0, 'AE': 0, 'A E': 0, 'AAPDA MITRA': 0, 'flood': 0, 'Bridge': 0, 'River': 0, 'Drain': 0, 'Restoration': 0, 'Protection': 2, 'irr': 0, 'irrigation': 0, 'dam': 0, 'Nallah': 0, 'Retrofitting': 0, 'Pond': 0, 'Pokhari': 0, 'D/C': 0, 'Recharge shaft': 0, 'LFB': 0, 'RFB': 0}","{'Floodlight': 0, 'Flood Light': 0, 'GAS': 0, 'FIFA': 0, 'pipe': 0, 'pipes': 0, 'covid': 0, 'supply': 0, 'Beautification': 0, 'Installation': 0}",Monsoon,,False,False,Preparedness Measures,{'Protection': 2}
2026_CERWI_137051_1,Tender online- 11/2026-27 of BBSR,"Repair to Bridge over Salia Water Channel at 2nd km. on PWD road to Bengarajpali raod_Road_Railing and guard post,and repair to both approaches0.000 to 0.200","Repair to Bridge over Salia Water Channel at 2nd km. on PWD road to Bengarajpali raod_Road_Railing and guard post,and repair to both approaches0.000 to 0.200",Works,Open Tender,Percentage,Civil Works - Roads,No,No,NA ,24-Jul-2026 06:55 PM,NA ,90.0,No ,No,Online,04-Aug-2026 11:00 AM,CE RW I||RWCIRCLE-BHUBANESWAR||RWDIVISION-BHUBANESWAR,Khordha,751013.0,1.0,"12,70,063",SUSANTA KUMAR PRADHAN,"746,797",Rejected-Finance,19-Aug-2026,CE RW I||RWCIRCLE-BHUBANESWAR||RWDIVISION-BHUBANESWAR,True,"{'Flood': 0, 'Embankment': 0, 'embkt': 0, 'Relief': 0, 'Erosion': 0, 'SDRF': 0, 'Inundation': 0, 'Hydrology': 0, 'Silt': 0, 'Siltation': 0, 'Bund': 0, 'Trench': 0, 'Breach': 0, 'Culvert': 0, 'Sluice': 0, 'Dyke': 0, 'Storm water drain': 0, 'Emergency': 0, 'Immediate': 0, 'IM': 0, 'AE': 0, 'A E': 0, 'AAPDA MITRA': 0, 'flood': 0, 'Bridge': 2, 'River': 0, 'Drain': 0, 'Restoration': 0, 'Protection': 0, 'irr': 0, 'irrigation': 0, 'dam': 0, 'Nallah': 0, 'Retrofitting': 0, 'Pond': 0, 'Pokhari': 0, 'D/C': 0, 'Recharge shaft': 0, 'LFB': 0, 'RFB': 0}","{'Floodlight': 0, 'Flood Light': 0, 'GAS': 0, 'FIFA': 0, 'pipe': 0, 'pipes': 0, 'covid': 0, 'supply': 0, 'Beautification': 0, 'Installation': 0}",Monsoon,,False,True,Repair and Restoration,"{'repair': 4, 'Bridge': 2}"
2026_EICCL_127803_3,CCENC(RandB) /22/ 2025-26,Construction of H.L. Bridge over Local Nallah at 2.200km on Jammal Nallah to Kukerama road in the District of Jharsuguda under State Plan.,BRIDGE WORK,Works,National Competitive Bid,Percentage,Civil Works - Bridges,No,No,NA ,06-Apr-2026 10:00 AM,NA ,90.0,No ,No,Online,30-Apr-2026 11:00 AM,EIC-CIVIL||SERNB-CIRCLE-NORTHERN,Jharsuguda,768201.0,2.0,"9,85,75,508",D. K. Engineering and Construction,"81,620,521",Rejected-Finance,25-Aug-2026,EIC-CIVIL||SERNB-CIRCLE-NORTHERN,True,"{'Flood': 0, 'Embankment': 0, 'embkt': 0, 'Relief': 0, 'Erosion': 0, 'SDRF': 0, 'Inundation': 0, 'Hydrology': 0, 'Silt': 0, 'Siltation': 0, 'Bund': 0, 'Trench': 0, 'Breach': 0, 'Culvert': 0, 'Sluice': 0, 'Dyke': 0, 'Storm water drain': 0, 'Emergency': 0, 'Immediate': 0, 'IM': 0, 'AE': 0, 'A E': 0, 'AAPDA MITRA': 0, 'flood': 0, 'Bridge': 2, 'River': 0, 'Drain': 0, 'Restoration': 0, 'Protection': 0, 'irr': 0, 'irrigation': 0, 'dam': 0, 'Nallah': 2, 'Retrofitting': 0, 'Pond': 0, 'Pokhari': 0, 'D/C': 0, 'Recharge shaft': 0, 'LFB': 0, 'RFB': 0}","{'Floodlight': 0, 'Flood Light': 0, 'GAS': 0, 'FIFA': 0, 'pipe': 0, 'pipes': 0, 'covid': 0, 'supply': 0, 'Beautification': 0, 'Installation': 0}",Pre-Monsoon,,False,True,Repair and Restoration,"{'Construction': 1, 'Bridge': 2}"
2026_CEMIB_129213_25,SEMIDRGD-04/2026-27,Improvement to Kurumjodi Check Dam in Muniguda Block of Rayagada District under the scheme Improvement to Check Dam 2026-27,Improvement to Kurumjodi Check Dam in Muniguda Block of Rayagada District under the scheme Improvement to Check Dam 2026-27,Works,National Competitive Bid,Percentage,Civil Works - Others,No,No,NA ,13-May-2026 10:00 AM,NA ,90.0,No ,No,Online,29-May-2026 11:00 AM,"CE,Minor Irrigation,BBSR||SE,KBK Minor Irr.CircleII,Jeypore||EE M.I. Division Rayagada",Rayagada,765001.0,1.0,"9,29,245",SABITA MISHRA,"929,244.97",Rejected-AOC,11-Aug-2026,"CE,Minor Irrigation,BBSR||SE,KBK Minor Irr.CircleII,Jeypore||EE M.I. Division Rayagada",True,"{'Flood': 0, 'Embankment': 0, 'embkt': 0, 'Relief': 0, 'Erosion': 0, 'SDRF': 0, 'Inundation': 0, 'Hydrology': 0, 'Silt': 0, 'Siltation': 0, 'Bund': 0, 'Trench': 0, 'Breach': 0, 'Culvert': 0, 'Sluice': 0, 'Dyke': 0, 'Storm water drain': 0, 'Emergency': 0, 'Immediate': 0, 'IM': 0, 'AE': 0, 'A E': 0, 'AAPDA MITRA': 0, 'flood': 0, 'Bridge': 0, 'River': 0, 'Drain': 0, 'Restoration': 0, 'Protection': 0, 'irr': 0, 'irrigation': 0, 'dam': 4, 'Nallah': 0, 'Retrofitting': 0, 'Pond': 0, 'Pokhari': 0, 'D/C': 0, 'Recharge shaft': 0, 'LFB': 0, 'RFB': 0}","{'Floodlight': 0, 'Flood Light': 0, 'GAS': 0, 'FIFA': 0, 'pipe': 0, 'pipes': 0, 'covid': 0, 'supply': 0, 'Beautification': 0, 'Installation': 0}",Pre-Monsoon,,False,False,Repair and Restoration,"{'improvement': 4, 'Check Dam': 4}"
2026_RMC_128918_5,MC/RMC/36/2026,"Renovation of road and drain back side of SP Office to Mining colony, Ward No. 28 under RMC, Rourkela",Works,Works,Open Tender,Percentage,Civil Works - Others,No,No,NA ,07-May-2026 06:00 PM,NA ,90.0,No ,No,Online,22-May-2026 09:00 AM,Rourkela Municipal Corporation,Rourkela,769012.0,2.0,"50,55,000",SARITA NAYAK,"5,054,924.97",Rejected-Finance,12-Aug-2026,Rourkela Municipal Corporation,True,"{'Flood': 0, 'Embankment': 0, 'embkt': 0, 'Relief': 0, 'Erosion': 0, 'SDRF': 0, 'Inundation': 0, 'Hydrology': 0, 'Silt': 0, 'Siltation': 0, 'Bund': 0, 'Trench': 0, 'Breach': 0, 'Culvert': 0, 'Sluice': 0, 'Dyke': 0, 'Storm water drain': 0, 'Emergency': 0, 'Immediate': 0, 'IM': 0, 'AE': 0, 'A E': 0, 'AAPDA MITRA': 0, 'flood': 0, 'Bridge': 0, 'River': 0, 'Drain': 1, 'Restoration': 0, 'Protection': 0, 'irr': 0, 'irrigation': 0, 'dam': 0, 'Nallah': 0, 'Retrofitting': 0, 'Pond': 0, 'Pokhari': 0, 'D/C': 0, 'Recharge shaft': 0, 'LFB': 0, 'RFB': 0}","{'Floodlight': 0, 'Flood Light': 0, 'GAS': 0, 'FIFA': 0, 'pipe': 0, 'pipes': 0, 'covid': 0, 'supply': 0, 'Beautification': 0, 'Installation': 0}",Pre-Monsoon,,False,True,Repair and Restoration,"{'renovation': 1, 'Drain': 1}"
2026_CERWI_137053_1,Tender online- 11/2026-27 of BBSR,Repair to HL bridge over river Kusumi on Singarama Kandagadia road,Repair to HL bridge over river Kusumi on Singarama Kandagadia road,Works,Open Tender,Percentage,Civil Works - Roads,No,No,NA ,24-Jul-2026 06:55 PM,NA ,90.0,No ,No,Online,04-Aug-2026 11:00 AM,CE RW I||RWCIRCLE-BHUBANESWAR||RWDIVISION-BHUBANESWAR,Khordha,751013.0,1.0,"10,16,309",PRABHAT KUMAR SAHOO,"599,622",Rejected-Finance,19-Aug-2026,CE RW I||RWCIRCLE-BHUBANESWAR||RWDIVISION-BHUBANESWAR,True,"{'Flood': 0, 'Embankment': 0, 'embkt': 0, 'Relief': 0, 'Erosion': 0, 'SDRF': 0, 'Inundation': 0, 'Hydrology': 0, 'Silt': 0, 'Siltation': 0, 'Bund': 0, 'Trench': 0, 'Breach': 0, 'Culvert': 0, 'Sluice': 0, 'Dyke': 0, 'Storm water drain': 0, 'Emergency': 0, 'Immediate': 0, 'IM': 0, 'AE': 0, 'A E': 0, 'AAPDA MITRA': 0, 'flood': 0, 'Bridge': 2, 'River': 2, 'Drain': 0, 'Restoration': 0, 'Protection': 0, 'irr': 0, 'irrigation': 0, 'dam': 0, 'Nallah': 0, 'Retrofitting': 0, 'Pond': 0, 'Pokhari': 0, 'D/C': 0, 'Recharge shaft': 0, 'LFB': 0, 'RFB': 0}","{'Floodlight': 0, 'Flood Light': 0, 'GAS': 0, 'FIFA': 0, 'pipe': 0, 'pipes': 0, 'covid': 0, 'supply': 0, 'Beautification': 0, 'Installation': 0}",Monsoon,,False,True,Repair and Restoration,"{'repair': 2, 'Bridge': 2}"
2026_ORULB_125103_7,HIN-MUN-05/2025-26,Construction of RCC Drain with Cover Slab at Padmabati Nagar 3rd Lane Extention in Ward No-09 Under Hinjilicut Municipality,Construction of RCC Drain with Cover Slab at Padmabati Nagar 3rd Lane Extention in Ward No-09 Under Hinjilicut Municipality,Works,Open Tender,Percentage,Civil Works - Others,No,No,NA ,30-Jan-2026 10:00 AM,NA ,30.0,No ,No,Online,10-Feb-2026 11:00 AM,Municipal Bodies||Hinjilicut Municipal Council,HINJILICUT MUNICIPALITY,761102.0,1.0,"10,02,684",PANDABA PRADHAN,"802,247.5",Rejected-AOC,17-Aug-2026,Municipal Bodies||Hinjilicut Municipal Council,True,"{'Flood': 0, 'Embankment': 0, 'embkt': 0, 'Relief': 0, 'Erosion': 0, 'SDRF': 0, 'Inundation': 0, 'Hydrology': 0, 'Silt': 0, 'Siltation': 0, 'Bund': 0, 'Trench': 0, 'Breach': 0, 'Culvert': 0, 'Sluice': 0, 'Dyke': 0, 'Storm water drain': 0, 'Emergency': 0, 'Immediate': 0, 'IM': 0, 'AE': 0, 'A E': 0, 'AAPDA MITRA': 0, 'flood': 0, 'Bridge': 0, 'River': 0, 'Drain': 2, 'Restoration': 0, 'Protection': 0, 'irr': 0, 'irrigation': 0, 'dam': 0, 'Nallah': 0, 'Retrofitting': 0, 'Pond': 0, 'Pokhari': 0, 'D/C': 0, 'Recharge shaft': 0, 'LFB': 0, 'RFB': 0}","{'Floodlight': 0, 'Flood Light': 0, 'GAS': 0, 'FIFA': 0, 'pipe': 0, 'pipes': 0, 'covid': 0, 'supply': 0, 'Beautification': 0, 'Installation': 0}",Post-Monsoon,,False,True,Repair and Restoration,"{'Construction': 2, 'Drain': 2}"
2026_ORULB_124306_6,28/SMC_SBP/2025-26,Development and Maintenance of Pothole free Roads and Covered drain in ward No.40,Development and Maintenance of Pothole free Roads and Covered drain in ward No.40,Works,Open Tender,Percentage,Civil Works - Others,No,No,NA ,13-Jan-2026 11:00 AM,NA ,120.0,No ,No,Online,27-Jan-2026 11:00 AM,Municipal Bodies||Sambalpur Municipal Corporation,SAMBALPUR MUNICIPAL CORPORATION,768006.0,1.0,"25,30,873",GOPABANDHU BHOI,"2,530,872",Rejected-Technical,21-Aug-2026,Municipal Bodies||Sambalpur Municipal Corporation,True,"{'Flood': 0, 'Embankment': 0, 'embkt': 0, 'Relief': 0, 'Erosion': 0, 'SDRF': 0, 'Inundation': 0, 'Hydrology': 0, 'Silt': 0, 'Siltation': 0, 'Bund': 0, 'Trench': 0, 'Breach': 0, 'Culvert': 0, 'Sluice': 0, 'Dyke': 0, 'Storm water drain': 0, 'Emergency': 0, 'Immediate': 0, 'IM': 0, 'AE': 0, 'A E': 0, 'AAPDA MITRA': 0, 'flood': 0, 'Bridge': 0, 'River': 0, 'Drain': 2, 'Restoration': 0, 'Protection': 0, 'irr': 0, 'irrigation': 0, 'dam': 0, 'Nallah': 0, 'Retrofitting': 0, 'Pond': 0, 'Pokhari': 0, 'D/C': 0, 'Recharge shaft': 0, 'LFB': 0, 'RFB': 0}","{'Floodlight': 0, 'Flood Light': 0, 'GAS': 0, 'FIFA': 0, 'pipe': 0, 'pipes': 0, 'covid': 0, 'supply': 0, 'Beautification': 0, 'Installation': 0}",Post-Monsoon,,False,True,Repair and Restoration,{'Drain': 2}
2026_ORULB_125792_6,EO/JMC/088/2025-26,Cover Slab At Bapina Pati House to Nanda Babu House and At Sita Sahoo House to Ashok Das house and At Sardar Patel road to Khuntia House and At Sardar Patel Marg Main road PWD Drain and From Champati House towards Cental school Road and From mang,Cover Slab At Bapina Pati House to Nanda Babu House and At Sita Sahoo House to Ashok Das house and At Sardar Patel road to Khuntia House and At Sardar Patel Marg Main road PWD Drain and From Champati House towards Cental school Road and From mang,Works,Open Tender,Percentage,Civil Works - Others,No,No,NA ,25-Feb-2026 10:00 AM,NA ,30.0,No ,No,Online,10-Mar-2026 11:00 AM,Municipal Bodies||Jatni Municipal Council,"EXECUTIVE OFFICER,JATNI MUNICIPALITY",752050.0,1.0,"9,65,207",ABHIJIT SAMANTARAY,"965,207",Accepted-AOC,24-Aug-2026,Municipal Bodies||Jatni Municipal Council,True,"{'Flood': 0, 'Embankment': 0, 'embkt': 0, 'Relief': 0, 'Erosion': 0, 'SDRF': 0, 'Inundation': 0, 'Hydrology': 0, 'Silt': 0, 'Siltation': 0, 'Bund': 0, 'Trench': 0, 'Breach': 0, 'Culvert': 0, 'Sluice': 0, 'Dyke': 0, 'Storm water drain': 0, 'Emergency': 0, 'Immediate': 0, 'IM': 0, 'AE': 0, 'A E': 0, 'AAPDA MITRA': 0, 'flood': 0, 'Bridge': 0, 'River': 0, 'Drain': 2, 'Restoration': 0, 'Protection': 0, 'irr': 0, 'irrigation': 0, 'dam': 0, 'Nallah': 0, 'Retrofitting': 0, 'Pond': 0, 'Pokhari': 0, 'D/C': 0, 'Recharge shaft': 0, 'LFB': 0, 'RFB': 0}","{'Floodlight': 0, 'Flood Light': 0, 'GAS': 0, 'FIFA': 0, 'pipe': 0, 'pipes': 0, 'covid': 0, 'supply': 0, 'Beautification': 0, 'Installation': 0}",Post-Monsoon,,False,True,Repair and Restoration,{'Drain': 2}
2025_CEBBS_121965_8,SERID-RKL-05-2025-26,Construction of Guard wall and bed lining from RD 5m to RD 36m of Padajampali Minor off-taking from Left Main Canal of Kanshbahal Irrigation Project for the year 2025-26,Construction of Guard wall and bed lining from RD 5m to RD 36m of Padajampali Minor off-taking from Left Main Canal of Kanshbahal Irrigation Project for the year 2025-26,Works,Open Tender,Percentage,Civil Works - Canal,No,No,NA ,26-Nov-2025 10:00 AM,NA ,90.0,No ,No,Online,08-Dec-2025 11:00 AM,CE and BM Brahmani Basin Samal||APD cum CCE RIP Samal||Rourkela Irrigation Division Rourkela,Kanshbahal,770034.0,1.0,"5,19,875",BISHNU PRASAD NAYAK,"441,946",Accepted-AOC,10-Aug-2026,CE and BM Brahmani Basin Samal||APD cum CCE RIP Samal||Rourkela Irrigation Division Rourkela,True,"{'Flood': 0, 'Embankment': 0, 'embkt': 0, 'Relief': 0, 'Erosion': 0, 'SDRF': 0, 'Inundation': 0, 'Hydrology': 0, 'Silt': 0, 'Siltation': 0, 'Bund': 0, 'Trench': 0, 'Breach': 0, 'Culvert': 0, 'Sluice': 0, 'Dyke': 0, 'Storm water drain': 0, 'Emergency': 0, 'Immediate': 0, 'IM': 0, 'AE': 0, 'A E': 0, 'AAPDA MITRA': 0, 'flood': 0, 'Bridge': 0, 'River': 0, 'Drain': 0, 'Restoration': 0, 'Protection': 0, 'irr': 0, 'irrigation': 2, 'dam': 0, 'Nallah': 0, 'Retrofitting': 0, 'Pond': 0, 'Pokhari': 0, 'D/C': 0, 'Recharge shaft': 0, 'LFB': 0, 'RFB': 0}","{'Floodlight': 0, 'Flood Light': 0, 'GAS': 0, 'FIFA': 0, 'pipe': 0, 'pipes': 0, 'covid': 0, 'supply': 0, 'Beautification': 0, 'Installation': 0}",Post-Monsoon,,False,False,Repair and Restoration,{'Construction': 2}
2025_CEBBU_118315_1,CE AND BM MB 21-2025-2026(Online),Renovation of Canal System of Hirakud Dam Project of Rampur Canal Section,Renovation of Canal System of Hirakud Dam Project of Rampur Canal Section Barpali Irrigation Division Barpali,Works,Open Tender,Percentage,Civil Works - Canal,No,No,NA ,22-Sep-2025 11:30 AM,NA ,90.0,No ,No,Online,10-Oct-2025 11:30 AM,"CE-BM,UM Basin,Burla||CE-BM, UMB, BURLA",At Rampur Block Dunguripali Dist Subarnapur,767045.0,2.0,"22,26,25,477",MITTAL INFRAPROJECTS,"200,385,191.45",Accepted-AOC,18-Aug-2026,"CE-BM,UM Basin,Burla||CE-BM, UMB, BURLA",True,"{'Flood': 0, 'Embankment': 0, 'embkt': 0, 'Relief': 0, 'Erosion': 0, 'SDRF': 0, 'Inundation': 0, 'Hydrology': 0, 'Silt': 0, 'Siltation': 0, 'Bund': 0, 'Trench': 0, 'Breach': 0, 'Culvert': 0, 'Sluice': 0, 'Dyke': 0, 'Storm water drain': 0, 'Emergency': 0, 'Immediate': 0, 'IM': 0, 'AE': 0, 'A E': 0, 'AAPDA MITRA': 0, 'flood': 0, 'Bridge': 0, 'River': 0, 'Drain': 0, 'Restoration': 0, 'Protection': 0, 'irr': 0, 'irrigation': 1, 'dam': 2, 'Nallah': 0, 'Retrofitting': 0, 'Pond': 0, 'Pokhari': 0, 'D/C': 0, 'Recharge shaft': 0, 'LFB': 0, 'RFB': 0}","{'Floodlight': 0, 'Flood Light': 0, 'GAS': 0, 'FIFA': 0, 'pipe': 0, 'pipes': 0, 'covid': 0, 'supply': 0, 'Beautification': 0, 'Installation': 0}",Monsoon,,False,False,Repair and Restoration,{'renovation': 2}
2026_ORULB_129755_13,RGDA-MUN-01/2026-2027,"Providing RCC Cover Slab with Repair of Drain with Fixing of Cover Slab in w.no-24,Part-I","Providing RCC Cover Slab with Repair of Drain with Fixing of Cover Slab in w.no-24, Part-I",Works,Open Tender,Percentage,Civil Works - Others,No,No,NA ,25-May-2026 06:00 PM,NA ,90.0,No ,No,Online,10-Jun-2026 11:30 AM,Municipal Bodies||Rayagada Municipality,RAYAGADA MUNICIPALITY,765001.0,1.0,"5,08,577",GUNTAMUKALA GOWRI SANKAR RAO,"508,576",Rejected-Finance,03-Aug-2026,Municipal Bodies||Rayagada Municipality,True,"{'Flood': 0, 'Embankment': 0, 'embkt': 0, 'Relief': 0, 'Erosion': 0, 'SDRF': 0, 'Inundation': 0, 'Hydrology': 0, 'Silt': 0, 'Siltation': 0, 'Bund': 0, 'Trench': 0, 'Breach': 0, 'Culvert': 0, 'Sluice': 0, 'Dyke': 0, 'Storm water drain': 0, 'Emergency': 0, 'Immediate': 0, 'IM': 0, 'AE': 0, 'A E': 0, 'AAPDA MITRA': 0, 'flood': 0, 'Bridge': 0, 'River': 0, 'Drain': 2, 'Restoration': 0, 'Protection': 0, 'irr': 0, 'irrigation': 0, 'dam': 0, 'Nallah': 0, 'Retrofitting': 0, 'Pond': 0, 'Pokhari': 0, 'D/C': 0, 'Recharge shaft': 0, 'LFB': 0, 'RFB': 0}","{'Floodlight': 0, 'Flood Light': 0, 'GAS': 0, 'FIFA': 0, 'pipe': 0, 'pipes': 0, 'covid': 0, 'supply': 0, 'Beautification': 0, 'Installation': 0}",Pre-Monsoon,,False,True,Repair and Restoration,"{'repair': 2, 'Drain': 2}"
2026_ORULB_125429_4,MC(CMC)CTC_Div-I_No.21/2025-26,Construction of RCC drain with cover slab from Sutahat Masjid to Champion Biscuit Factory in Ward No. 15.,Construction of RCC drain with cover slab from Sutahat Masjid to Champion Biscuit Factory in Ward No. 15.,Works,Open Tender,Percentage,Civil Works - Others,No,No,NA ,05-Feb-2026 03:00 PM,NA ,90.0,No ,No,Online,19-Feb-2026 11:00 AM,Municipal Bodies||Cuttack Municipal Corporation,CMC,753012.0,1.0,"3,61,000",chandra sekhar behera,"360,926",Accepted-AOC,01-Aug-2026,Municipal Bodies||Cuttack Municipal Corporation,True,"{'Flood': 0, 'Embankment': 0, 'embkt': 0, 'Relief': 0, 'Erosion': 0, 'SDRF': 0, 'Inundation': 0, 'Hydrology': 0, 'Silt': 0, 'Siltation': 0, 'Bund': 0, 'Trench': 0, 'Breach': 0, 'Culvert': 0, 'Sluice': 0, 'Dyke': 0, 'Storm water drain': 0, 'Emergency': 0, 'Immediate': 0, 'IM': 0, 'AE': 0, 'A E': 0, 'AAPDA MITRA': 0, 'flood': 0, 'Bridge': 0, 'River': 0, 'Drain': 2, 'Restoration': 0, 'Protection': 0, 'irr': 0, 'irrigation': 0, 'dam': 0, 'Nallah': 0, 'Retrofitting': 0, 'Pond': 0, 'Pokhari': 0, 'D/C': 0, 'Recharge shaft': 0, 'LFB': 0, 'RFB': 0}","{'Floodlight': 0, 'Flood Light': 0, 'GAS': 0, 'FIFA': 0, 'pipe': 0, 'pipes': 0, 'covid': 0, 'supply': 0, 'Beautification': 0, 'Installation': 0}",Post-Monsoon,,False,True,Repair and Restoration,"{'Construction': 2, 'Drain': 2}"
2026_ORULB_128122_4,03/SMC_SBP/2026-27,Construction of Road and Drain from at Malipda from Nilachal Pattnaik house to Bhaja Gouda house road in Ward No.09.,Construction of Road and Drain from at Malipda from Nilachal Pattnaik house to Bhaja Gouda house road in Ward No.09.,Works,Open Tender,Percentage,Civil Works - Others,No,No,NA ,18-Apr-2026 11:00 AM,NA ,120.0,No ,No,Online,28-Apr-2026 11:00 AM,Municipal Bodies||Sambalpur Municipal Corporation,SAMBALPUR MUNICIPAL CORPORATION,768004.0,1.0,"12,66,007",PUSPESH MISHRA,"1,266,007",Rejected-Technical,06-Aug-2026,Municipal Bodies||Sambalpur Municipal Corporation,True,"{'Flood': 0, 'Embankment': 0, 'embkt': 0, 'Relief': 0, 'Erosion': 0, 'SDRF': 0, 'Inundation': 0, 'Hydrology': 0, 'Silt': 0, 'Siltation': 0, 'Bund': 0, 'Trench': 0, 'Breach': 0, 'Culvert': 0, 'Sluice': 0, 'Dyke': 0, 'Storm water drain': 0, 'Emergency': 0, 'Immediate': 0, 'IM': 0, 'AE': 0, 'A E': 0, 'AAPDA MITRA': 0, 'flood': 0, 'Bridge': 0, 'River': 0, 'Drain': 2, 'Restoration': 0, 'Protection': 0, 'irr': 0, 'irrigation': 0, 'dam': 0, 'Nallah': 0, 'Retrofitting': 0, 'Pond': 0, 'Pokhari': 0, 'D/C': 0, 'Recharge shaft': 0, 'LFB': 0, 'RFB': 0}","{'Floodlight': 0, 'Flood Light': 0, 'GAS': 0, 'FIFA': 0, 'pipe': 0, 'pipes': 0, 'covid': 0, 'supply': 0, 'Beautification': 0, 'Installation': 0}",Pre-Monsoon,,False,True,Repair and Restoration,"{'Construction': 2, 'Drain': 2}"
2026_ORULB_125283_13,PM 06/2025-26,Improvement of Mastic B.T Road and C.C Drain at Badasankha Nua Sahi lane and bylane in Ward No-23,CIVIL,Works,Open Tender,Percentage,Civil Works - Others,No,No,NA ,04-Feb-2026 03:00 PM,NA ,120.0,No ,No,Online,18-Feb-2026 11:00 AM,Municipal Bodies||Puri Municipality,PURI MUNICIPALITY,752001.0,1.0,"16,88,663",ASHOK KUMAR MOHANTY,"1,300,439.29",Rejected-Finance,14-Aug-2026,Municipal Bodies||Puri Municipality,True,"{'Flood': 0, 'Embankment': 0, 'embkt': 0, 'Relief': 0, 'Erosion': 0, 'SDRF': 0, 'Inundation': 0, 'Hydrology': 0, 'Silt': 0, 'Siltation': 0, 'Bund': 0, 'Trench': 0, 'Breach': 0, 'Culvert': 0, 'Sluice': 0, 'Dyke': 0, 'Storm water drain': 0, 'Emergency': 0, 'Immediate': 0, 'IM': 0, 'AE': 0, 'A E': 0, 'AAPDA MITRA': 0, 'flood': 0, 'Bridge': 0, 'River': 0, 'Drain': 1, 'Restoration': 0, 'Protection': 0, 'irr': 0, 'irrigation': 0, 'dam': 0, 'Nallah': 0, 'Retrofitting': 0, 'Pond': 0, 'Pokhari': 0, 'D/C': 0, 'Recharge shaft': 0, 'LFB': 0, 'RFB': 0}","{'Floodlight': 0, 'Flood Light': 0, 'GAS': 0, 'FIFA': 0, 'pipe': 0, 'pipes': 0, 'covid': 0, 'supply': 0, 'Beautification': 0, 'Installation': 0}",Post-Monsoon,,False,True,Repair and Restoration,"{'improvement': 1, 'Drain': 1}"
2025_CCEBH_122565_1,CCE-BID-SPILLWAY-03/2025-26,"Construction of Spillway of Brutang Irrigation Project near village Manjari, Block- Dasapalla, District- Nayagarh, State -Odisha.","Construction of Spillway of Brutang Irrigation Project near village Manjari, Block Dasapalla, District Nayagarh, State Odisha.",Works,National Competitive Bid,Turn-key,Civil Works - Water Works,No,No,NA ,05-Dec-2025 11:00 AM,22-Dec-2025 11:30 AM ,180.0,No ,No,Online,05-Feb-2026 11:00 AM,CCE Brutang and Hadua Irrigation Project Dasapalla,"Village- Manjari,Daspalla",752084.0,2.0,"2,28,32,10,436",M/S D.D BUILDERS LIMITED,"1,940,728,870.61",Rejected-Finance,25-Jul-2026,CCE Brutang and Hadua Irrigation Project Dasapalla,True,"{'Flood': 0, 'Embankment': 0, 'embkt': 0, 'Relief': 0, 'Erosion': 0, 'SDRF': 0, 'Inundation': 0, 'Hydrology': 0, 'Silt': 0, 'Siltation': 0, 'Bund': 0, 'Trench': 0, 'Breach': 0, 'Culvert': 0, 'Sluice': 0, 'Dyke': 0, 'Storm water drain': 0, 'Emergency': 0, 'Immediate': 0, 'IM': 0, 'AE': 0, 'A E': 0, 'AAPDA MITRA': 0, 'flood': 0, 'Bridge': 0, 'River': 0, 'Drain': 0, 'Restoration': 0, 'Protection': 0, 'irr': 0, 'irrigation': 2, 'dam': 0, 'Nallah': 0, 'Retrofitting': 0, 'Pond': 0, 'Pokhari': 0, 'D/C': 0, 'Recharge shaft': 0, 'LFB': 0, 'RFB': 0}","{'Floodlight': 0, 'Flood Light': 0, 'GAS': 0, 'FIFA': 0, 'pipe': 0, 'pipes': 0, 'covid': 0, 'supply': 0, 'Beautification': 0, 'Installation': 0}",Post-Monsoon,,False,False,Repair and Restoration,{'Construction': 2}
2026_ORULB_129425_29,BLGR MPTY/02(01-111)/2026-27,Const. of Drain with Cover Slab from Talpalipara U.P.School to Hanuman Mandir W.No.4,Drain work,Works,Open Tender,Percentage,Civil Works - Others,No,No,NA ,20-May-2026 02:00 PM,NA ,120.0,No ,No,Online,02-Jun-2026 11:00 AM,Municipal Bodies||Balangir Municipality,Balangir,767001.0,1.0,"4,68,617",SURYA PRAKASH MOHANTY,"468,570.19",Rejected-Finance,17-Aug-2026,Municipal Bodies||Balangir Municipality,True,"{'Flood': 0, 'Embankment': 0, 'embkt': 0, 'Relief': 0, 'Erosion': 0, 'SDRF': 0, 'Inundation': 0, 'Hydrology': 0, 'Silt': 0, 'Siltation': 0, 'Bund': 0, 'Trench': 0, 'Breach': 0, 'Culvert': 0, 'Sluice': 0, 'Dyke': 0, 'Storm water drain': 0, 'Emergency': 0, 'Immediate': 0, 'IM': 0, 'AE': 0, 'A E': 0, 'AAPDA MITRA': 0, 'flood': 0, 'Bridge': 0, 'River': 0, 'Drain': 2, 'Restoration': 0, 'Protection': 0, 'irr': 0, 'irrigation': 0, 'dam': 0, 'Nallah': 0, 'Retrofitting': 0, 'Pond': 0, 'Pokhari': 0, 'D/C': 0, 'Recharge shaft': 0, 'LFB': 0, 'RFB': 0}","{'Floodlight': 0, 'Flood Light': 0, 'GAS': 0, 'FIFA': 0, 'pipe': 0, 'pipes': 0, 'covid': 0, 'supply': 0, 'Beautification': 0, 'Installation': 0}",Pre-Monsoon,,False,True,Repair and Restoration,{'Drain': 2}
2024_OCCL_103692_1,Bid identification No. OCCL-CGP/18/2024-25,E-procurement Notice No.06/OCCL/2024-25(on-line),Improvement to road on CE No. 78 (A) on Mahanadi right embankment from RD 69.500 Km to RD 73.500 Km.,Works,Open Tender,Percentage,Civil Works - Others,No,No,NA ,16-Jul-2024 09:00 AM,NA ,90.0,No ,No,Online,14-Aug-2024 12:00 PM,ODISHA CONSTRUCTION CORPORATION LTD,Cuttack district.,753001.0,2.0,"2,29,58,397",ACP CONSTRUCTION,"19,516,933",Rejected-Finance,04-Dec-2024,ODISHA CONSTRUCTION CORPORATION LTD,True,"{'Flood': 0, 'Embankment': 1, 'embkt': 0, 'Relief': 0, 'Erosion': 0, 'SDRF': 0, 'Inundation': 0, 'Hydrology': 0, 'Silt': 0, 'Siltation': 0, 'Bund': 0, 'Trench': 0, 'Breach': 0, 'Culvert': 0, 'Sluice': 0, 'Dyke': 0, 'Storm water drain': 0, 'Emergency': 0, 'Immediate': 0, 'IM': 0, 'AE': 0, 'A E': 0, 'AAPDA MITRA': 0, 'flood': 0, 'Bridge': 0, 'River': 0, 'Drain': 0, 'Restoration': 0, 'Protection': 0, 'irr': 0, 'irrigation': 0, 'dam': 0, 'Nallah': 0, 'Retrofitting': 0, 'Pond': 0, 'Pokhari': 0, 'D/C': 0, 'Recharge shaft': 0, 'LFB': 0, 'RFB': 0}","{'Floodlight': 0, 'Flood Light': 0, 'GAS': 0, 'FIFA': 0, 'pipe': 0, 'pipes': 0, 'covid': 0, 'supply': 0, 'Beautification': 0, 'Installation': 0}",Monsoon,,False,True,Repair and Restoration,{'improvement': 1}
2026_EICCL_129315_1,S.E. (RnB) KPD-I- 02 / 2026-27,Construction of RCC drain from 11/300 km to 11/470 km and from 11/800 km to 11/910 km (LHS) and from 11/910 km to 12/033 km (RHS) on Kendrapara-Indupur road,Construction of RCC drain from 11/300 km to 11/470 km and from 11/800 km to 11/910 km (LHS) and from 11/910 km to 12/033 km (RHS) on Kendrapara-Indupur road,Works,Open Tender,Percentage,Civil Works - Roads,No,No,NA ,15-May-2026 11:00 AM,NA ,90.0,No ,No,Online,28-May-2026 11:00 AM,EIC-CIVIL||SERNB-CIRCLE-CUTTACK||EERNB-DIVN-KENDRAPADA,Kendrapara,754211.0,1.0,"37,58,118",MANORANJAN MALLICK (S.C),"2,656,614",Rejected-Finance,31-Jul-2026,EIC-CIVIL||SERNB-CIRCLE-CUTTACK||EERNB-DIVN-KENDRAPADA,True,"{'Flood': 0, 'Embankment': 0, 'embkt': 0, 'Relief': 0, 'Erosion': 0, 'SDRF': 0, 'Inundation': 0, 'Hydrology': 0, 'Silt': 0, 'Siltation': 0, 'Bund': 0, 'Trench': 0, 'Breach': 0, 'Culvert': 0, 'Sluice': 0, 'Dyke': 0, 'Storm water drain': 0, 'Emergency': 0, 'Immediate': 0, 'IM': 0, 'AE': 0, 'A E': 0, 'AAPDA MITRA': 0, 'flood': 0, 'Bridge': 0, 'River': 0, 'Drain': 2, 'Restoration': 0, 'Protection': 0, 'irr': 0, 'irrigation': 0, 'dam': 0, 'Nallah': 0, 'Retrofitting': 0, 'Pond': 0, 'Pokhari': 0, 'D/C': 0, 'Recharge shaft': 0, 'LFB': 0, 'RFB': 0}","{'Floodlight': 0, 'Flood Light': 0, 'GAS': 0, 'FIFA': 0, 'pipe': 0, 'pipes': 0, 'covid': 0, 'supply': 0, 'Beautification': 0, 'Installation': 0}",Pre-Monsoon,,False,True,Repair and Restoration,"{'Construction': 2, 'Drain': 2}"
2026_CERWI_132907_1,OnlineEERKL 10/2026-27,Repair to Bridge over local nallah on NH-143 to Kanarsuan_Road At 3.300 Km,"Repair to Bridge over local nallah on NH-143 to Kanarsuan_Road_Painting,wearing Coat-Mastic Asphalt-,Retaining wallAt 3.300 Km",Works,Open Tender,Percentage,Civil Works - Roads,No,No,NA ,24-Jun-2026 01:00 PM,NA ,120.0,No ,No,Online,06-Jul-2026 11:00 AM,CE RW I||RW-CIRCLE-SUNDARGARH||RW-Division-Sundargarh II,ROURKELA,769004.0,1.0,"21,18,994",PRITI RANJAN SAMAL,"2,118,994",Rejected-AOC,21-Aug-2026,CE RW I||RW-CIRCLE-SUNDARGARH||RW-Division-Sundargarh II,True,"{'Flood': 0, 'Embankment': 0, 'embkt': 0, 'Relief': 0, 'Erosion': 0, 'SDRF': 0, 'Inundation': 0, 'Hydrology': 0, 'Silt': 0, 'Siltation': 0, 'Bund': 0, 'Trench': 0, 'Breach': 0, 'Culvert': 0, 'Sluice': 0, 'Dyke': 0, 'Storm water drain': 0, 'Emergency': 0, 'Immediate': 0, 'IM': 0, 'AE': 0, 'A E': 0, 'AAPDA MITRA': 0, 'flood': 0, 'Bridge': 2, 'River': 0, 'Drain': 0, 'Restoration': 0, 'Protection': 0, 'irr': 0, 'irrigation': 0, 'dam': 0, 'Nallah': 2, 'Retrofitting': 0, 'Pond': 0, 'Pokhari': 0, 'D/C': 0, 'Recharge shaft': 0, 'LFB': 0, 'RFB': 0}","{'Floodlight': 0, 'Flood Light': 0, 'GAS': 0, 'FIFA': 0, 'pipe': 0, 'pipes': 0, 'covid': 0, 'supply': 0, 'Beautification': 0, 'Installation': 0}",Monsoon,,False,True,Repair and Restoration,"{'repair': 2, 'Bridge': 2}"
2026_ORULB_125429_5,MC(CMC)CTC_Div-I_No.21/2025-26,Construction of RCC drain with cover slab from Sk Firoj res to Sibani Mohanty res in Ward No. 15.,Construction of RCC drain with cover slab from Sk Firoj res to Sibani Mohanty res in Ward No. 15.,Works,Open Tender,Percentage,Civil Works - Others,No,No,NA ,05-Feb-2026 03:00 PM,NA ,90.0,No ,No,Online,19-Feb-2026 11:00 AM,Municipal Bodies||Cuttack Municipal Corporation,CMC,753012.0,1.0,"4,46,100",chandra sekhar behera,"392,604",Accepted-AOC,01-Aug-2026,Municipal Bodies||Cuttack Municipal Corporation,True,"{'Flood': 0, 'Embankment': 0, 'embkt': 0, 'Relief': 0, 'Erosion': 0, 'SDRF': 0, 'Inundation': 0, 'Hydrology': 0, 'Silt': 0, 'Siltation': 0, 'Bund': 0, 'Trench': 0, 'Breach': 0, 'Culvert': 0, 'Sluice': 0, 'Dyke': 0, 'Storm water drain': 0, 'Emergency': 0, 'Immediate': 0, 'IM': 0, 'AE': 0, 'A E': 0, 'AAPDA MITRA': 0, 'flood': 0, 'Bridge': 0, 'River': 0, 'Drain': 2, 'Restoration': 0, 'Protection': 0, 'irr': 0, 'irrigation': 0, 'dam': 0, 'Nallah': 0, 'Retrofitting': 0, 'Pond': 0, 'Pokhari': 0, 'D/C': 0, 'Recharge shaft': 0, 'LFB': 0, 'RFB': 0}","{'Floodlight': 0, 'Flood Light': 0, 'GAS': 0, 'FIFA': 0, 'pipe': 0, 'pipes': 0, 'covid': 0, 'supply': 0, 'Beautification': 0, 'Installation': 0}",Post-Monsoon,,False,True,Repair and Restoration,"{'Construction': 2, 'Drain': 2}"
2026_CEBMT_127847_2,"ADDLCE,WIC-03/2025-26","Construction of E-type Quarter (Block-II) for staff of Upper Lanth Irrigation Division, Belpada.","Construction of E-type Quarter (Block-II) for staff of Upper Lanth Irrigation Division, Belpada.",Works,Open Tender,Percentage,Civil Works - Buildings,No,No,NA ,06-Apr-2026 11:00 AM,NA ,90.0,No ,No,Online,30-Apr-2026 11:00 AM,"CE-BM, Tel Basin,Bhawanipatna||SE Western Irr Circle Bhawanipatna||Upper Lanth Irrigation Division Belpada","Block-Belpada, Dist-Balangir",767026.0,2.0,"1,05,32,018",KALYANI SIPKA,"10,521,486",Rejected-AOC,30-Aug-2026,"CE-BM, Tel Basin,Bhawanipatna||SE Western Irr Circle Bhawanipatna||Upper Lanth Irrigation Division Belpada",True,"{'Flood': 0, 'Embankment': 0, 'embkt': 0, 'Relief': 0, 'Erosion': 0, 'SDRF': 0, 'Inundation': 0, 'Hydrology': 0, 'Silt': 0, 'Siltation': 0, 'Bund': 0, 'Trench': 0, 'Breach': 0, 'Culvert': 0, 'Sluice': 0, 'Dyke': 0, 'Storm water drain': 0, 'Emergency': 0, 'Immediate': 0, 'IM': 0, 'AE': 0, 'A E': 0, 'AAPDA MITRA': 0, 'flood': 0, 'Bridge': 0, 'River': 0, 'Drain': 0, 'Restoration': 0, 'Protection': 0, 'irr': 0, 'irrigation': 2, 'dam': 0, 'Nallah': 0, 'Retrofitting': 0, 'Pond': 0, 'Pokhari': 0, 'D/C': 0, 'Recharge shaft': 0, 'LFB': 0, 'RFB': 0}","{'Floodlight': 0, 'Flood Light': 0, 'GAS': 0, 'FIFA': 0, 'pipe': 0, 'pipes': 0, 'covid': 0, 'supply': 0, 'Beautification': 0, 'Installation': 0}",Pre-Monsoon,,False,False,Repair and Restoration,{'Construction': 2}
2026_CERWI_133059_1,02 of 2026-27,"Repair to Bridge over Puri main Cenal on Ratagarh Godisahi Road_Road_Repair of BT Road with, BUSG, PMC Seal coat,berm filling and repair of packing grouting _0.000 to 0.250","Repair to Bridge over Puri main Cenal on Ratagarh Godisahi Road_Road_Repair of BT Road with, BUSG, PMC Seal coat,berm filling and repair of packing grouting _0.000 to 0.250",Works,Open Tender,Percentage,Miscellaneous Works,No,No,NA ,25-Jun-2026 11:00 AM,NA ,90.0,No ,No,Online,08-Jul-2026 11:30 AM,CE RW I||RWCIRCLE-CUTTACK||RWDIVISION-CUTTACK-II,Cuttack,753004.0,1.0,"5,04,691",Alok Kumar Mohapatra,"504,691",Accepted-AOC,14-Aug-2026,CE RW I||RWCIRCLE-CUTTACK||RWDIVISION-CUTTACK-II,True,"{'Flood': 0, 'Embankment': 0, 'embkt': 0, 'Relief': 0, 'Erosion': 0, 'SDRF': 0, 'Inundation': 0, 'Hydrology': 0, 'Silt': 0, 'Siltation': 0, 'Bund': 0, 'Trench': 0, 'Breach': 0, 'Culvert': 0, 'Sluice': 0, 'Dyke': 0, 'Storm water drain': 0, 'Emergency': 0, 'Immediate': 0, 'IM': 0, 'AE': 0, 'A E': 0, 'AAPDA MITRA': 0, 'flood': 0, 'Bridge': 2, 'River': 0, 'Drain': 0, 'Restoration': 0, 'Protection': 0, 'irr': 0, 'irrigation': 0, 'dam': 0, 'Nallah': 0, 'Retrofitting': 0, 'Pond': 0, 'Pokhari': 0, 'D/C': 0, 'Recharge shaft': 0, 'LFB': 0, 'RFB': 0}","{'Floodlight': 0, 'Flood Light': 0, 'GAS': 0, 'FIFA': 0, 'pipe': 0, 'pipes': 0, 'covid': 0, 'supply': 0, 'Beautification': 0, 'Installation': 0}",Monsoon,,False,True,Repair and Restoration,"{'repair': 6, 'Bridge': 2}"
2026_CERWI_128511_1,CCE-BLS-NCB-64of2025-26,Construction of Bridge over river Kuchuli Nallah on Kothia to Kuchuli via Benimula village in the District of Balasore under SBY for 2025-26.,Construction of Bridge over river Kuchuli Nallah on Kothia to Kuchuli via Benimula village in the District of Balasore under SBY for 2025-26.,Works,National Competitive Bid,Percentage,Civil Works - Bridges,No,No,NA ,28-Apr-2026 11:00 AM,NA ,90.0,No ,No,Online,08-May-2026 11:00 AM,CE RW I||RWCIRCLE-BALASORE,Balasore,756001.0,2.0,"4,65,78,033",SATYABRATA DHAL,"33,685,233",Rejected-AOC,21-Aug-2026,CE RW I||RWCIRCLE-BALASORE,True,"{'Flood': 0, 'Embankment': 0, 'embkt': 0, 'Relief': 0, 'Erosion': 0, 'SDRF': 0, 'Inundation': 0, 'Hydrology': 0, 'Silt': 0, 'Siltation': 0, 'Bund': 0, 'Trench': 0, 'Breach': 0, 'Culvert': 0, 'Sluice': 0, 'Dyke': 0, 'Storm water drain': 0, 'Emergency': 0, 'Immediate': 0, 'IM': 0, 'AE': 0, 'A E': 0, 'AAPDA MITRA': 0, 'flood': 0, 'Bridge': 2, 'River': 2, 'Drain': 0, 'Restoration': 0, 'Protection': 0, 'irr': 0, 'irrigation': 0, 'dam': 0, 'Nallah': 2, 'Retrofitting': 0, 'Pond': 0, 'Pokhari': 0, 'D/C': 0, 'Recharge shaft': 0, 'LFB': 0, 'RFB': 0}","{'Floodlight': 0, 'Flood Light': 0, 'GAS': 0, 'FIFA': 0, 'pipe': 0, 'pipes': 0, 'covid': 0, 'supply': 0, 'Beautification': 0, 'Installation': 0}",Pre-Monsoon,,False,True,Repair and Restoration,"{'Construction': 2, 'Bridge': 2}"
2026_ORULB_129755_12,RGDA-MUN-01/2026-2027,Providing RCC Cover Slab with Repair of Drain with Fixing of Cover Slab in w.no-17- Part-I,Providing RCC Cover Slab with Repair of Drain with Fixing of Cover Slab in w.no-17- Part-I,Works,Open Tender,Percentage,Civil Works - Others,No,No,NA ,25-May-2026 06:00 PM,NA ,90.0,No ,No,Online,10-Jun-2026 11:30 AM,Municipal Bodies||Rayagada Municipality,RAYAGADA MUNICIPALITY,765001.0,1.0,"23,64,489",SHYAM KUMAR DASH,"2,364,489",Rejected-Finance,03-Aug-2026,Municipal Bodies||Rayagada Municipality,True,"{'Flood': 0, 'Embankment': 0, 'embkt': 0, 'Relief': 0, 'Erosion': 0, 'SDRF': 0, 'Inundation': 0, 'Hydrology': 0, 'Silt': 0, 'Siltation': 0, 'Bund': 0, 'Trench': 0, 'Breach': 0, 'Culvert': 0, 'Sluice': 0, 'Dyke': 0, 'Storm water drain': 0, 'Emergency': 0, 'Immediate': 0, 'IM': 0, 'AE': 0, 'A E': 0, 'AAPDA MITRA': 0, 'flood': 0, 'Bridge': 0, 'River': 0, 'Drain': 2, 'Restoration': 0, 'Protection': 0, 'irr': 0, 'irrigation': 0, 'dam': 0, 'Nallah': 0, 'Retrofitting': 0, 'Pond': 0, 'Pokhari': 0, 'D/C': 0, 'Recharge shaft': 0, 'LFB': 0, 'RFB': 0}","{'Floodlight': 0, 'Flood Light': 0, 'GAS': 0, 'FIFA': 0, 'pipe': 0, 'pipes': 0, 'covid': 0, 'supply': 0, 'Beautification': 0, 'Installation': 0}",Pre-Monsoon,,False,True,Repair and Restoration,"{'repair': 2, 'Drain': 2}"
2026_OBCC_130911_1,03/OBCC/HD/2026-27,Shifting of 11 KV Bhikampali Feeder from H.L Bridge at Pujariapli Ghat under ESO Panchgaon under SDO Belpahar for the work Construction of H.L. Bridge Over River Mahanadi at Pujaripalli Ghat connecting to Jarimuli under CRIF on Turnkey Basis,Shifting of 11 KV Bhikampali Feeder from H.L Bridge at Pujariapli Ghat under ESO Panchgaon under SDO Belpahar for the work Construction of H.L. Bridge Over River Mahanadi at Pujaripalli Ghat connecting to Jarimuli under CRIF on Turnkey Basis,Works,Open Tender,Percentage,Electrical Works,No,No,NA ,04-Jun-2026 11:00 AM,NA ,90.0,No ,No,Online,11-Jun-2026 11:30 AM,Orissa Bridge and Construction Corporation Ltd,"Bhikampali, Jharsuguda",768226.0,1.0,"8,39,730",M B Power & Solution,"885,915",Rejected-Technical,31-Jul-2026,Orissa Bridge and Construction Corporation Ltd,True,"{'Flood': 0, 'Embankment': 0, 'embkt': 0, 'Relief': 0, 'Erosion': 0, 'SDRF': 0, 'Inundation': 0, 'Hydrology': 0, 'Silt': 0, 'Siltation': 0, 'Bund': 0, 'Trench': 0, 'Breach': 0, 'Culvert': 0, 'Sluice': 0, 'Dyke': 0, 'Storm water drain': 0, 'Emergency': 0, 'Immediate': 0, 'IM': 0, 'AE': 0, 'A E': 0, 'AAPDA MITRA': 0, 'flood': 0, 'Bridge': 4, 'River': 2, 'Drain': 0, 'Restoration': 0, 'Protection': 0, 'irr': 0, 'irrigation': 0, 'dam': 0, 'Nallah': 0, 'Retrofitting': 0, 'Pond': 0, 'Pokhari': 0, 'D/C': 0, 'Recharge shaft': 0, 'LFB': 0, 'RFB': 0}","{'Floodlight': 0, 'Flood Light': 0, 'GAS': 0, 'FIFA': 0, 'pipe': 0, 'pipes': 0, 'covid': 0, 'supply': 0, 'Beautification': 0, 'Installation': 0}",Monsoon,,False,True,Repair and Restoration,"{'Construction': 2, 'Bridge': 4}"
2026_CERWI_129284_1,RWCCESNG-02 of 2026-27,Construction of H.L. bridge over Local nallah on Bhimjore PWD road to Budhapada PS Road under SBY in the District of Jharsuguda for the year 2025-26.,Construction of H.L. bridge over Local nallah on Bhimjore PWD road to Budhapada PS Road under SBY in the District of Jharsuguda for the year 2025-26.,Works,National Competitive Bid,Percentage,Civil Works - Bridges,No,No,NA ,14-May-2026 11:00 AM,NA ,90.0,No ,No,Online,30-May-2026 11:00 AM,CE RW I||RW-CIRCLE-SUNDARGARH,Jharsuguda,768204.0,2.0,"3,02,92,174",AMAN BADHAN,"30,292,173.604",Accepted-AOC,24-Aug-2026,CE RW I||RW-CIRCLE-SUNDARGARH,True,"{'Flood': 0, 'Embankment': 0, 'embkt': 0, 'Relief': 0, 'Erosion': 0, 'SDRF': 0, 'Inundation': 0, 'Hydrology': 0, 'Silt': 0, 'Siltation': 0, 'Bund': 0, 'Trench': 0, 'Breach': 0, 'Culvert': 0, 'Sluice': 0, 'Dyke': 0, 'Storm water drain': 0, 'Emergency': 0, 'Immediate': 0, 'IM': 0, 'AE': 0, 'A E': 0, 'AAPDA MITRA': 0, 'flood': 0, 'Bridge': 2, 'River': 0, 'Drain': 0, 'Restoration': 0, 'Protection': 0, 'irr': 0, 'irrigation': 0, 'dam': 0, 'Nallah': 2, 'Retrofitting': 0, 'Pond': 0, 'Pokhari': 0, 'D/C': 0, 'Recharge shaft': 0, 'LFB': 0, 'RFB': 0}","{'Floodlight': 0, 'Flood Light': 0, 'GAS': 0, 'FIFA': 0, 'pipe': 0, 'pipes': 0, 'covid': 0, 'supply': 0, 'Beautification': 0, 'Installation': 0}",Pre-Monsoon,,False,True,Repair and Restoration,"{'Construction': 2, 'Bridge': 2}"
2025_CEBBS_121965_9,SERID-RKL-05-2025-26,Construction of Guard wall and bed lining from RD 2015m to RD 2051m of Ranibandh Sub- Minor-II and strengthening of bank rising from RD 2150m to RD 2250m of Left Main Canal of Kansbahal Irrigation Project for the year 2025-26,Construction of Guard wall and bed lining from RD 2015m to RD 2051m of Ranibandh Sub- Minor-II and strengthening of bank rising from RD 2150m to RD 2250m of Left Main Canal of Kansbahal Irrigation Project for the year 2025-26,Works,Open Tender,Percentage,Civil Works - Canal,No,No,NA ,26-Nov-2025 10:00 AM,NA ,90.0,No ,No,Online,08-Dec-2025 11:00 AM,CE and BM Brahmani Basin Samal||APD cum CCE RIP Samal||Rourkela Irrigation Division Rourkela,Kanshbahal,770034.0,1.0,"5,75,238",SUMAN TANTY (S.C.),"489,009",Rejected-AOC,10-Aug-2026,CE and BM Brahmani Basin Samal||APD cum CCE RIP Samal||Rourkela Irrigation Division Rourkela,True,"{'Flood': 0, 'Embankment': 0, 'embkt': 0, 'Relief': 0, 'Erosion': 0, 'SDRF': 0, 'Inundation': 0, 'Hydrology': 0, 'Silt': 0, 'Siltation': 0, 'Bund': 0, 'Trench': 0, 'Breach': 0, 'Culvert': 0, 'Sluice': 0, 'Dyke': 0, 'Storm water drain': 0, 'Emergency': 0, 'Immediate': 0, 'IM': 0, 'AE': 0, 'A E': 0, 'AAPDA MITRA': 0, 'flood': 0, 'Bridge': 0, 'River': 0, 'Drain': 0, 'Restoration': 0, 'Protection': 0, 'irr': 0, 'irrigation': 2, 'dam': 0, 'Nallah': 0, 'Retrofitting': 0, 'Pond': 0, 'Pokhari': 0, 'D/C': 0, 'Recharge shaft': 0, 'LFB': 0, 'RFB': 0}","{'Floodlight': 0, 'Flood Light': 0, 'GAS': 0, 'FIFA': 0, 'pipe': 0, 'pipes': 0, 'covid': 0, 'supply': 0, 'Beautification': 0, 'Installation': 0}",Post-Monsoon,,False,False,Repair and Restoration,"{'strengthening': 2, 'Construction': 2}"
2026_EICCL_128151_4,SE R and B Divn NoI Bam 2/2026-27,"SITC of fire Fighting and Conventional Fire alarm, Emergency Evacuation System and Signage System at RDC Building (G Plush 1), MKCG MC and H, Berhampur.","SITC of fire Fighting and Conventional Fire alarm, Emergency Evacuation System and Signage System at RDC Building (G Plush 1), MKCG MC and H, Berhampur.",Works,Open Tender,Percentage,Electrical Works,No,No,NA ,15-Apr-2026 06:00 PM,NA ,90.0,No ,No,Online,23-Apr-2026 11:30 AM,EIC-CIVIL||SERNB-CIRCLE-BERHAMPUR||EERNB-DIVN-GANJAM I,Berhampur,760005.0,1.0,"5,87,527",VACRON TECHNOLOGY PRIVATE LIMITED,"412,033",Rejected-AOC,28-Aug-2026,EIC-CIVIL||SERNB-CIRCLE-BERHAMPUR||EERNB-DIVN-GANJAM I,True,"{'Flood': 0, 'Embankment': 0, 'embkt': 0, 'Relief': 0, 'Erosion': 0, 'SDRF': 0, 'Inundation': 0, 'Hydrology': 0, 'Silt': 0, 'Siltation': 0, 'Bund': 0, 'Trench': 0, 'Breach': 0, 'Culvert': 0, 'Sluice': 0, 'Dyke': 0, 'Storm water drain': 0, 'Emergency': 2, 'Immediate': 0, 'IM': 0, 'AE': 0, 'A E': 0, 'AAPDA MITRA': 0, 'flood': 0, 'Bridge': 0, 'River': 0, 'Drain': 0, 'Restoration': 0, 'Protection': 0, 'irr': 0, 'irrigation': 0, 'dam': 0, 'Nallah': 0, 'Retrofitting': 0, 'Pond': 0, 'Pokhari': 0, 'D/C': 0, 'Recharge shaft': 0, 'LFB': 0, 'RFB': 0}","{'Floodlight': 0, 'Flood Light': 0, 'GAS': 0, 'FIFA': 0, 'pipe': 0, 'pipes': 0, 'covid': 0, 'supply': 0, 'Beautification': 0, 'Installation': 0}",Pre-Monsoon,,False,False,Immediate Measures,{'emergency': 2}
2024_ORULB_103438_9,EO/JMC/078/2024-25,Casting of Slab over Drain in different places in Ward No. 14,Casting of Slab over Drain in different places in Ward No. 14,Works,Open Tender,Percentage,Civil Works - Others,No,No,NA ,04-Jul-2024 11:00 AM,NA ,30.0,No ,No,Online,18-Jul-2024 11:00 AM,Municipal Bodies||Jatni Municipal Council,"EXECUTIVE OFFICER,JATNI MUNICIPALITY",752050.0,1.0,"4,91,537",BIJAY KUMAR SETHI,"417,855",Rejected-Finance,18-Aug-2026,Municipal Bodies||Jatni Municipal Council,True,"{'Flood': 0, 'Embankment': 0, 'embkt': 0, 'Relief': 0, 'Erosion': 0, 'SDRF': 0, 'Inundation': 0, 'Hydrology': 0, 'Silt': 0, 'Siltation': 0, 'Bund': 0, 'Trench': 0, 'Breach': 0, 'Culvert': 0, 'Sluice': 0, 'Dyke': 0, 'Storm water drain': 0, 'Emergency': 0, 'Immediate': 0, 'IM': 0, 'AE': 0, 'A E': 0, 'AAPDA MITRA': 0, 'flood': 0, 'Bridge': 0, 'River': 0, 'Drain': 2, 'Restoration': 0, 'Protection': 0, 'irr': 0, 'irrigation': 0, 'dam': 0, 'Nallah': 0, 'Retrofitting': 0, 'Pond': 0, 'Pokhari': 0, 'D/C': 0, 'Recharge shaft': 0, 'LFB': 0, 'RFB': 0}","{'Floodlight': 0, 'Flood Light': 0, 'GAS': 0, 'FIFA': 0, 'pipe': 0, 'pipes': 0, 'covid': 0, 'supply': 0, 'Beautification': 0, 'Installation': 0}",Monsoon,,False,True,Repair and Restoration,{'Drain': 2}
2026_ORULB_125103_6,HIN-MUN-05/2025-26,Construction of RCC Drain with Cover Slab from House of Santosh Gouda to The house of Padma Charan Sahu in Ward No-07 Under Hinjilicut Municipality,Construction of RCC Drain with Cover Slab from House of Santosh Gouda to The house of Padma Charan Sahu in Ward No-07 Under Hinjilicut Municipality,Works,Open Tender,Percentage,Civil Works - Others,No,No,NA ,30-Jan-2026 10:00 AM,NA ,30.0,No ,No,Online,10-Feb-2026 11:00 AM,Municipal Bodies||Hinjilicut Municipal Council,HINJILICUT MUNICIPALITY,761102.0,1.0,"10,36,667",NIRMAL NAYAK,"829,437.31",Rejected-AOC,13-Aug-2026,Municipal Bodies||Hinjilicut Municipal Council,True,"{'Flood': 0, 'Embankment': 0, 'embkt': 0, 'Relief': 0, 'Erosion': 0, 'SDRF': 0, 'Inundation': 0, 'Hydrology': 0, 'Silt': 0, 'Siltation': 0, 'Bund': 0, 'Trench': 0, 'Breach': 0, 'Culvert': 0, 'Sluice': 0, 'Dyke': 0, 'Storm water drain': 0, 'Emergency': 0, 'Immediate': 0, 'IM': 0, 'AE': 0, 'A E': 0, 'AAPDA MITRA': 0, 'flood': 0, 'Bridge': 0, 'River': 0, 'Drain': 2, 'Restoration': 0, 'Protection': 0, 'irr': 0, 'irrigation': 0, 'dam': 0, 'Nallah': 0, 'Retrofitting': 0, 'Pond': 0, 'Pokhari': 0, 'D/C': 0, 'Recharge shaft': 0, 'LFB': 0, 'RFB': 0}","{'Floodlight': 0, 'Flood Light': 0, 'GAS': 0, 'FIFA': 0, 'pipe': 0, 'pipes': 0, 'covid': 0, 'supply': 0, 'Beautification': 0, 'Installation': 0}",Post-Monsoon,,False,True,Repair and Restoration,"{'Construction': 2, 'Drain': 2}"
2026_EICCL_128619_1,SE RandB BDK-02-26-27-03,Construction of Drain in front of Motto High School Motto in the district of Bhadrak for the year 2025-2026,Construction of Drain in front of Motto High School Motto in the district of Bhadrak for the year 2025-2026,Works,Open Tender,Percentage,Civil Works - Buildings,No,No,NA ,29-Apr-2026 02:00 PM,NA ,90.0,No ,No,Online,08-May-2026 11:30 AM,EIC-CIVIL||SERNB-CIRCLE-EASTERN||EERNB-DIVN-BHADRAK,Bhadrak,756100.0,1.0,,KRUPASINDHU MAJHI,"640,951.73",Rejected-Technical,11-Aug-2026,EIC-CIVIL||SERNB-CIRCLE-EASTERN||EERNB-DIVN-BHADRAK,True,"{'Flood': 0, 'Embankment': 0, 'embkt': 0, 'Relief': 0, 'Erosion': 0, 'SDRF': 0, 'Inundation': 0, 'Hydrology': 0, 'Silt': 0, 'Siltation': 0, 'Bund': 0, 'Trench': 0, 'Breach': 0, 'Culvert': 0, 'Sluice': 0, 'Dyke': 0, 'Storm water drain': 0, 'Emergency': 0, 'Immediate': 0, 'IM': 0, 'AE': 0, 'A E': 0, 'AAPDA MITRA': 0, 'flood': 0, 'Bridge': 0, 'River': 0, 'Drain': 2, 'Restoration': 0, 'Protection': 0, 'irr': 0, 'irrigation': 0, 'dam': 0, 'Nallah': 0, 'Retrofitting': 0, 'Pond': 0, 'Pokhari': 0, 'D/C': 0, 'Recharge shaft': 0, 'LFB': 0, 'RFB': 0}","{'Floodlight': 0, 'Flood Light': 0, 'GAS': 0, 'FIFA': 0, 'pipe': 0, 'pipes': 0, 'covid': 0, 'supply': 0, 'Beautification': 0, 'Installation': 0}",Pre-Monsoon,,False,True,Repair and Restoration,"{'Construction': 2, 'Drain': 2}"
2025_EICCL_118199_1,CCE-SC-RANDB-BAM-05/2025-26,"Construction of Boxcell culvert (3x8mx7m) over local nallah at 8/150 km on Road from PWD Road to Keshpur via Thanagaon, Jadirahula, Kharianala, Padampur in the Dist of Ganjam under State Plan","Construction of Boxcell culvert (3/87/0 m) over local nallah at 8/150 km on Road from PWD Road to Keshpur via Thanagaon, Jadirahula, Kharianala, Padampur",Works,National Competitive Bid,Percentage,Civil Works - Roads,No,No,NA ,18-Sep-2025 06:00 PM,NA ,90.0,No ,No,Online,04-Oct-2025 11:30 AM,EIC-CIVIL||SERNB-CIRCLE-BERHAMPUR,Keshpur via Thanagam Ganjam,761005.0,2.0,"6,27,24,479",Ganesh Chandra Mohanty,"53,322,080",Rejected-AOC,09-Aug-2026,EIC-CIVIL||SERNB-CIRCLE-BERHAMPUR,True,"{'Flood': 0, 'Embankment': 0, 'embkt': 0, 'Relief': 0, 'Erosion': 0, 'SDRF': 0, 'Inundation': 0, 'Hydrology': 0, 'Silt': 0, 'Siltation': 0, 'Bund': 0, 'Trench': 0, 'Breach': 0, 'Culvert': 2, 'Sluice': 0, 'Dyke': 0, 'Storm water drain': 0, 'Emergency': 0, 'Immediate': 0, 'IM': 0, 'AE': 0, 'A E': 0, 'AAPDA MITRA': 0, 'flood': 0, 'Bridge': 0, 'River': 0, 'Drain': 0, 'Restoration': 0, 'Protection': 0, 'irr': 0, 'irrigation': 0, 'dam': 0, 'Nallah': 2, 'Retrofitting': 0, 'Pond': 0, 'Pokhari': 0, 'D/C': 0, 'Recharge shaft': 0, 'LFB': 0, 'RFB': 0}","{'Floodlight': 0, 'Flood Light': 0, 'GAS': 0, 'FIFA': 0, 'pipe': 0, 'pipes': 0, 'covid': 0, 'supply': 0, 'Beautification': 0, 'Installation': 0}",Monsoon,,False,True,Repair and Restoration,{'Construction': 2}
2026_CELBB_128212_2,NOTICE NO.JID-01 OF 2026-27,2. Providing launching and packing in Kathajodi left embankment near spur No.4,Providing launching and packing in Kathajodi left embankment near spur No.4,Works,Open Tender,Percentage,Civil Works - Others,No,No,NA ,18-Apr-2026 10:00 AM,NA ,90.0,No ,No,Online,05-May-2026 11:00 AM,"CE-BM,LMB Basin,BBSR||SE, Eastern Circle,Cuttack||EE,Jagatsinghpur Irr Division,Jagatsinghpur",Jagatsinghpur,754103.0,1.0,"25,03,335",SAHADEV NAIK,"2,002,918.66",Rejected-Finance,25-Aug-2026,"CE-BM,LMB Basin,BBSR||SE, Eastern Circle,Cuttack||EE,Jagatsinghpur Irr Division,Jagatsinghpur",True,"{'Flood': 0, 'Embankment': 2, 'embkt': 0, 'Relief': 0, 'Erosion': 0, 'SDRF': 0, 'Inundation': 0, 'Hydrology': 0, 'Silt': 0, 'Siltation': 0, 'Bund': 0, 'Trench': 0, 'Breach': 0, 'Culvert': 0, 'Sluice': 0, 'Dyke': 0, 'Storm water drain': 0, 'Emergency': 0, 'Immediate': 0, 'IM': 0, 'AE': 0, 'A E': 0, 'AAPDA MITRA': 0, 'flood': 0, 'Bridge': 0, 'River': 0, 'Drain': 0, 'Restoration': 0, 'Protection': 0, 'irr': 0, 'irrigation': 0, 'dam': 0, 'Nallah': 0, 'Retrofitting': 0, 'Pond': 0, 'Pokhari': 0, 'D/C': 0, 'Recharge shaft': 0, 'LFB': 0, 'RFB': 0}","{'Floodlight': 0, 'Flood Light': 0, 'GAS': 0, 'FIFA': 0, 'pipe': 0, 'pipes': 0, 'covid': 0, 'supply': 0, 'Beautification': 0, 'Installation': 0}",Pre-Monsoon,,False,True,Others,
2021_ORULB_69214_30,EO/JMC/054/2021-22,Construction of Road and Drain from Sabita Ray house towards PWD Road in Ward No. 22,Construction of Road and Drain from Sabita Ray house towards PWD Road in Ward No. 22,Works,Open Tender,Percentage,Civil Works - Others,No,No,NA ,23-Jun-2021 10:00 AM,NA ,30.0,No ,No,Online,07-Jul-2021 11:30 AM,Municipal Bodies||Jatni Municipal Council,"EXECUTIVE OFFICER,JATNI MUNICIPALITY",752050.0,1.0,,SANTOSH KUMAR SAMANTRAY,"1,262,672",Rejected-Finance,20-Aug-2026,Municipal Bodies||Jatni Municipal Council,True,"{'Flood': 0, 'Embankment': 0, 'embkt': 0, 'Relief': 0, 'Erosion': 0, 'SDRF': 0, 'Inundation': 0, 'Hydrology': 0, 'Silt': 0, 'Siltation': 0, 'Bund': 0, 'Trench': 0, 'Breach': 0, 'Culvert': 0, 'Sluice': 0, 'Dyke': 0, 'Storm water drain': 0, 'Emergency': 0, 'Immediate': 0, 'IM': 0, 'AE': 0, 'A E': 0, 'AAPDA MITRA': 0, 'flood': 0, 'Bridge': 0, 'River': 0, 'Drain': 2, 'Restoration': 0, 'Protection': 0, 'irr': 0, 'irrigation': 0, 'dam': 0, 'Nallah': 0, 'Retrofitting': 0, 'Pond': 0, 'Pokhari': 0, 'D/C': 0, 'Recharge shaft': 0, 'LFB': 0, 'RFB': 0}","{'Floodlight': 0, 'Flood Light': 0, 'GAS': 0, 'FIFA': 0, 'pipe': 0, 'pipes': 0, 'covid': 0, 'supply': 0, 'Beautification': 0, 'Installation': 0}",Monsoon,,False,True,Repair and Restoration,"{'Construction': 2, 'Drain': 2}"
2026_CEMIB_129213_26,SEMIDRGD-04/2026-27,Improvement to Anasikada Check Dam in Bissamcuttack Block of Rayagada District under the scheme Improvement to Check Dam 2026-27,Improvement to Anasikada Check Dam in Bissamcuttack Block of Rayagada District under the scheme Improvement to Check Dam 2026-27,Works,National Competitive Bid,Percentage,Civil Works - Others,No,No,NA ,13-May-2026 10:00 AM,NA ,90.0,No ,No,Online,29-May-2026 11:00 AM,"CE,Minor Irrigation,BBSR||SE,KBK Minor Irr.CircleII,Jeypore||EE M.I. Division Rayagada",Rayagada,765001.0,1.0,"7,73,113",CHANDAN KUMAR MANDIKA,"773,112.68",Rejected-AOC,17-Jun-2026,"CE,Minor Irrigation,BBSR||SE,KBK Minor Irr.CircleII,Jeypore||EE M.I. Division Rayagada",True,"{'Flood': 0, 'Embankment': 0, 'embkt': 0, 'Relief': 0, 'Erosion': 0, 'SDRF': 0, 'Inundation': 0, 'Hydrology': 0, 'Silt': 0, 'Siltation': 0, 'Bund': 0, 'Trench': 0, 'Breach': 0, 'Culvert': 0, 'Sluice': 0, 'Dyke': 0, 'Storm water drain': 0, 'Emergency': 0, 'Immediate': 0, 'IM': 0, 'AE': 0, 'A E': 0, 'AAPDA MITRA': 0, 'flood': 0, 'Bridge': 0, 'River': 0, 'Drain': 0, 'Restoration': 0, 'Protection': 0, 'irr': 0, 'irrigation': 0, 'dam': 4, 'Nallah': 0, 'Retrofitting': 0, 'Pond': 0, 'Pokhari': 0, 'D/C': 0, 'Recharge shaft': 0, 'LFB': 0, 'RFB': 0}","{'Floodlight': 0, 'Flood Light': 0, 'GAS': 0, 'FIFA': 0, 'pipe': 0, 'pipes': 0, 'covid': 0, 'supply': 0, 'Beautification': 0, 'Installation': 0}",Pre-Monsoon,,False,False,Repair and Restoration,"{'improvement': 4, 'Check Dam': 4}"
2026_EICCL_127546_6,SE R and B Divn NoI Bam 72/2025-26,Construction of R.C.C Drain for Bharata Vikasa Parishad.,Construction of R.C.C Drain for Bharata Vikasa Parishad.,Works,Open Tender,Percentage,Civil Works - Buildings,No,No,NA ,24-Mar-2026 04:00 PM,NA ,90.0,No ,No,Online,31-Mar-2026 11:30 AM,EIC-CIVIL||SERNB-CIRCLE-BERHAMPUR||EERNB-DIVN-GANJAM I,Berhampur,760005.0,1.0,"7,01,222",NARASINGH PRADHAN,"469,819",Rejected-AOC,01-Aug-2026,EIC-CIVIL||SERNB-CIRCLE-BERHAMPUR||EERNB-DIVN-GANJAM I,True,"{'Flood': 0, 'Embankment': 0, 'embkt': 0, 'Relief': 0, 'Erosion': 0, 'SDRF': 0, 'Inundation': 0, 'Hydrology': 0, 'Silt': 0, 'Siltation': 0, 'Bund': 0, 'Trench': 0, 'Breach': 0, 'Culvert': 0, 'Sluice': 0, 'Dyke': 0, 'Storm water drain': 0, 'Emergency': 0, 'Immediate': 0, 'IM': 0, 'AE': 0, 'A E': 0, 'AAPDA MITRA': 0, 'flood': 0, 'Bridge': 0, 'River': 0, 'Drain': 2, 'Restoration': 0, 'Protection': 0, 'irr': 0, 'irrigation': 0, 'dam': 0, 'Nallah': 0, 'Retrofitting': 0, 'Pond': 0, 'Pokhari': 0, 'D/C': 0, 'Recharge shaft': 0, 'LFB': 0, 'RFB': 0}","{'Floodlight': 0, 'Flood Light': 0, 'GAS': 0, 'FIFA': 0, 'pipe': 0, 'pipes': 0, 'covid': 0, 'supply': 0, 'Beautification': 0, 'Installation': 0}",Pre-Monsoon,,False,True,Repair and Restoration,"{'Construction': 2, 'Drain': 2}"
2026_ORULB_125192_35,GUN-MUN-78/2025-26,"Protection of Govt. land in Plot No.703, Khata No.322 (aja) ,(Parambok), mouza-Gunupur , Tahasil-Gunupur of Rayagada Dist.","Protection of Govt. land in Plot No.703, Khata No.322 (aja) ,(Parambok), mouza-Gunupur , Tahasil-Gunupur of Rayagada Dist.",Works,Open Tender,Percentage,Civil Works - Others,No,No,NA ,01-Feb-2026 11:00 AM,NA ,90.0,No ,No,Online,11-Feb-2026 11:00 AM,Municipal Bodies||Gunupur Municipal Council,Gunupur Municipality area,765022.0,1.0,"2,39,709",BALAJI PANIGRAHI,"282,857",Rejected-Finance,24-Aug-2026,Municipal Bodies||Gunupur Municipal Council,True,"{'Flood': 0, 'Embankment': 0, 'embkt': 0, 'Relief': 0, 'Erosion': 0, 'SDRF': 0, 'Inundation': 0, 'Hydrology': 0, 'Silt': 0, 'Siltation': 0, 'Bund': 0, 'Trench': 0, 'Breach': 0, 'Culvert': 0, 'Sluice': 0, 'Dyke': 0, 'Storm water drain': 0, 'Emergency': 0, 'Immediate': 0, 'IM': 0, 'AE': 0, 'A E': 0, 'AAPDA MITRA': 0, 'flood': 0, 'Bridge': 0, 'River': 0, 'Drain': 0, 'Restoration': 0, 'Protection': 2, 'irr': 0, 'irrigation': 0, 'dam': 0, 'Nallah': 0, 'Retrofitting': 0, 'Pond': 0, 'Pokhari': 0, 'D/C': 0, 'Recharge shaft': 0, 'LFB': 0, 'RFB': 0}","{'Floodlight': 0, 'Flood Light': 0, 'GAS': 0, 'FIFA': 0, 'pipe': 0, 'pipes': 0, 'covid': 0, 'supply': 0, 'Beautification': 0, 'Installation': 0}",Post-Monsoon,,False,False,Preparedness Measures,{'Protection': 2}
2026_CEMIB_129213_17,SEMIDRGD-04/2026-27,Improvement to Bandhuguda Check Dam (RG010085) in Bissamcuttack Block of Rayagada District under the scheme Improvement to Check Dam 2026-27,Improvement to Bandhuguda Check Dam (RG010085) in Bissamcuttack Block of Rayagada District under the scheme Improvement to Check Dam 2026-27,Works,National Competitive Bid,Percentage,Civil Works - Others,No,No,NA ,13-May-2026 10:00 AM,NA ,90.0,No ,No,Online,29-May-2026 11:00 AM,"CE,Minor Irrigation,BBSR||SE,KBK Minor Irr.CircleII,Jeypore||EE M.I. Division Rayagada",Rayagada,765001.0,1.0,"7,38,344",ASHANTA BAGH,"738,344.06",Rejected-AOC,11-Aug-2026,"CE,Minor Irrigation,BBSR||SE,KBK Minor Irr.CircleII,Jeypore||EE M.I. Division Rayagada",True,"{'Flood': 0, 'Embankment': 0, 'embkt': 0, 'Relief': 0, 'Erosion': 0, 'SDRF': 0, 'Inundation': 0, 'Hydrology': 0, 'Silt': 0, 'Siltation': 0, 'Bund': 0, 'Trench': 0, 'Breach': 0, 'Culvert': 0, 'Sluice': 0, 'Dyke': 0, 'Storm water drain': 0, 'Emergency': 0, 'Immediate': 0, 'IM': 0, 'AE': 0, 'A E': 0, 'AAPDA MITRA': 0, 'flood': 0, 'Bridge': 0, 'River': 0, 'Drain': 0, 'Restoration': 0, 'Protection': 0, 'irr': 0, 'irrigation': 0, 'dam': 4, 'Nallah': 0, 'Retrofitting': 0, 'Pond': 0, 'Pokhari': 0, 'D/C': 0, 'Recharge shaft': 0, 'LFB': 0, 'RFB': 0}","{'Floodlight': 0, 'Flood Light': 0, 'GAS': 0, 'FIFA': 0, 'pipe': 0, 'pipes': 0, 'covid': 0, 'supply': 0, 'Beautification': 0, 'Installation': 0}",Pre-Monsoon,,False,False,Repair and Restoration,"{'improvement': 4, 'Check Dam': 4}"
2025_CELBB_120208_4,MND-11 OF 2025-26,Restoration to scoured bank on Sapua left from Naduapada to Kantol from RD 3500 m to 3650 m for the year 2025-26,Restoration to scoured bank on Sapua left from Naduapada to Kantol from RD 3500 m to 3650 m for the year 2025-26,Works,National Competitive Bid,Percentage,Civil Works - Others,No,No,NA ,29-Oct-2025 10:00 AM,NA ,90.0,No ,No,Online,10-Nov-2025 11:30 AM,"CE-BM,LMB Basin,BBSR||SE, Eastern Circle,Cuttack||EE, Mahanadi North Division,Jagatpur",ATHAGARH,754021.0,1.0,"49,34,896",AKHILA KUMAR ROUT,"4,195,155",Rejected-Finance,13-Aug-2026,"CE-BM,LMB Basin,BBSR||SE, Eastern Circle,Cuttack||EE, Mahanadi North Division,Jagatpur",True,"{'Flood': 0, 'Embankment': 0, 'embkt': 0, 'Relief': 0, 'Erosion': 0, 'SDRF': 0, 'Inundation': 0, 'Hydrology': 0, 'Silt': 0, 'Siltation': 0, 'Bund': 0, 'Trench': 0, 'Breach': 0, 'Culvert': 0, 'Sluice': 0, 'Dyke': 0, 'Storm water drain': 0, 'Emergency': 0, 'Immediate': 0, 'IM': 0, 'AE': 0, 'A E': 0, 'AAPDA MITRA': 0, 'flood': 0, 'Bridge': 0, 'River': 0, 'Drain': 0, 'Restoration': 2, 'Protection': 0, 'irr': 0, 'irrigation': 0, 'dam': 0, 'Nallah': 0, 'Retrofitting': 0, 'Pond': 0, 'Pokhari': 0, 'D/C': 0, 'Recharge shaft': 0, 'LFB': 0, 'RFB': 0}","{'Floodlight': 0, 'Flood Light': 0, 'GAS': 0, 'FIFA': 0, 'pipe': 0, 'pipes': 0, 'covid': 0, 'supply': 0, 'Beautification': 0, 'Installation': 0}",Post-Monsoon,,False,False,Repair and Restoration,{'restoration': 2}
2025_CERWI_117764_1,CCE-BLS-NCB-24 of 2025-26,Construction of Bridge over Gohira Nallah at on PWD road to Raipal road in the District of Balasore under SBY for 2025-26.,Construction of Bridge over Gohira Nallah at on PWD road to Raipal road in the District of Balasore under SBY for 2025-26.,Works,National Competitive Bid,Percentage,Civil Works - Bridges,No,No,NA ,08-Sep-2025 09:00 AM,NA ,90.0,No ,No,Online,20-Sep-2025 11:00 AM,CE RW I||RWCIRCLE-BALASORE,Balasore,756001.0,2.0,"3,74,99,000",AJAY KUMAR ROUT,"31,877,744",Rejected-Finance,20-Aug-2026,CE RW I||RWCIRCLE-BALASORE,True,"{'Flood': 0, 'Embankment': 0, 'embkt': 0, 'Relief': 0, 'Erosion': 0, 'SDRF': 0, 'Inundation': 0, 'Hydrology': 0, 'Silt': 0, 'Siltation': 0, 'Bund': 0, 'Trench': 0, 'Breach': 0, 'Culvert': 0, 'Sluice': 0, 'Dyke': 0, 'Storm water drain': 0, 'Emergency': 0, 'Immediate': 0, 'IM': 0, 'AE': 0, 'A E': 0, 'AAPDA MITRA': 0, 'flood': 0, 'Bridge': 2, 'River': 0, 'Drain': 0, 'Restoration': 0, 'Protection': 0, 'irr': 0, 'irrigation': 0, 'dam': 0, 'Nallah': 2, 'Retrofitting': 0, 'Pond': 0, 'Pokhari': 0, 'D/C': 0, 'Recharge shaft': 0, 'LFB': 0, 'RFB': 0}","{'Floodlight': 0, 'Flood Light': 0, 'GAS': 0, 'FIFA': 0, 'pipe': 0, 'pipes': 0, 'covid': 0, 'supply': 0, 'Beautification': 0, 'Installation': 0}",Monsoon,,False,True,Repair and Restoration,"{'Construction': 2, 'Bridge': 2}"
2025_ECCHA_122669_2,"e-Procurement Notice No.ACE, EC-II 09 of 2025-26","ACE, EC-II AUL 24 of 2025-26 Protection to scoured bank of Gobari left near village Taramunda from RD 1080 Mtr to 1313 Mtr and village Maliancha from RD 4560 Mtr to 4760 Mtr of Bijaynagar Kanpur saline gherry.",Scoured Bank protection work,Works,National Competitive Bid,Percentage,Civil Works - Others,No,No,NA ,06-Dec-2025 10:00 AM,NA ,90.0,No ,No,Online,23-Dec-2025 11:30 AM,CE AND BM MBBS CHANDIKOLE||EASTERN CIRCLE II CHANDIKOLE,Kendrapara,754211.0,2.0,"4,57,02,097",ABHAYA KUMAR MOHAPATRA,"38,851,353",Rejected-Finance,13-Aug-2026,CE AND BM MBBS CHANDIKOLE||EASTERN CIRCLE II CHANDIKOLE,True,"{'Flood': 0, 'Embankment': 0, 'embkt': 0, 'Relief': 0, 'Erosion': 0, 'SDRF': 0, 'Inundation': 0, 'Hydrology': 0, 'Silt': 0, 'Siltation': 0, 'Bund': 0, 'Trench': 0, 'Breach': 0, 'Culvert': 0, 'Sluice': 0, 'Dyke': 0, 'Storm water drain': 0, 'Emergency': 0, 'Immediate': 0, 'IM': 0, 'AE': 0, 'A E': 0, 'AAPDA MITRA': 0, 'flood': 0, 'Bridge': 0, 'River': 0, 'Drain': 0, 'Restoration': 0, 'Protection': 2, 'irr': 0, 'irrigation': 0, 'dam': 0, 'Nallah': 0, 'Retrofitting': 0, 'Pond': 0, 'Pokhari': 0, 'D/C': 0, 'Recharge shaft': 0, 'LFB': 0, 'RFB': 0}","{'Floodlight': 0, 'Flood Light': 0, 'GAS': 0, 'FIFA': 0, 'pipe': 0, 'pipes': 0, 'covid': 0, 'supply': 0, 'Beautification': 0, 'Installation': 0}",Post-Monsoon,,False,True,Preparedness Measures,"{'Protection': 2, 'scoured': 2, 'Scoured bank': 2}"
2026_CEMIB_124854_5,Bid ID No. 09 SEMID (KJR/ 2025-2026) Dt. 08.01.2026,Construction of Bhaliadihi Talasahi Check Dam over Sanamachhakandana Nallah near village Bhaliadihi Talasahi in Keonjhar Block of Keonjhar District under MATY for the year 2025-2026,Construction of Bhaliadihi Talasahi Check Dam over Sanamachhakandana Nallah near village Bhaliadihi Talasahi in Keonjhar Block of Keonjhar District under MATY for the year 2025-2026,Works,National Competitive Bid,Percentage,Civil Works - Others,No,No,NA ,20-Jan-2026 12:30 PM,NA ,90.0,No ,No,Online,30-Jan-2026 11:00 AM,"CE,Minor Irrigation,BBSR||SE,Eastern Minor Irr.Circle,Keonjhar||EE M.I. Division Keonjhar",Sadar Block of Keonjhar District,758001.0,2.0,"84,73,000",ATISH KUMAR SAHOO,"6,326,680.34",Rejected-AOC,03-Aug-2026,"CE,Minor Irrigation,BBSR||SE,Eastern Minor Irr.Circle,Keonjhar||EE M.I. Division Keonjhar",True,"{'Flood': 0, 'Embankment': 0, 'embkt': 0, 'Relief': 0, 'Erosion': 0, 'SDRF': 0, 'Inundation': 0, 'Hydrology': 0, 'Silt': 0, 'Siltation': 0, 'Bund': 0, 'Trench': 0, 'Breach': 0, 'Culvert': 0, 'Sluice': 0, 'Dyke': 0, 'Storm water drain': 0, 'Emergency': 0, 'Immediate': 0, 'IM': 0, 'AE': 0, 'A E': 0, 'AAPDA MITRA': 0, 'flood': 0, 'Bridge': 0, 'River': 0, 'Drain': 0, 'Restoration': 0, 'Protection': 0, 'irr': 0, 'irrigation': 0, 'dam': 2, 'Nallah': 2, 'Retrofitting': 0, 'Pond': 0, 'Pokhari': 0, 'D/C': 0, 'Recharge shaft': 0, 'LFB': 0, 'RFB': 0}","{'Floodlight': 0, 'Flood Light': 0, 'GAS': 0, 'FIFA': 0, 'pipe': 0, 'pipes': 0, 'covid': 0, 'supply': 0, 'Beautification': 0, 'Installation': 0}",Post-Monsoon,,False,False,Repair and Restoration,"{'Check Dam': 2, 'Construction': 2}"
2026_CEMIB_124558_3,BID IDENTIFICATION NO_SEMIDN_14_OF2025_26,Improvement to Samukanalla Check Dam in Khandapada Block of Nayagarh district under Improvement to Check Dam grant for the year 2025-26,Improvement to Samukanalla Check Dam in Khandapada Block of Nayagarh district under Improvement to Check Dam grant for the year 2025-26,Works,National Competitive Bid,Percentage,Civil Works - Others,No,No,NA ,14-Jan-2026 10:00 AM,NA ,90.0,No ,No,Online,21-Jan-2026 11:00 AM,"CE,Minor Irrigation,BBSR||SECMIC-BHUBANESWAR||EE MI Divn. Nayagarh",SUPERINTENDING ENGINEER M I DIVISION NAYAGARH,752070.0,1.0,,ANANDA KUMAR PANDA,"352,538.45",Rejected-AOC,14-Aug-2026,"CE,Minor Irrigation,BBSR||SECMIC-BHUBANESWAR||EE MI Divn. Nayagarh",True,"{'Flood': 0, 'Embankment': 0, 'embkt': 0, 'Relief': 0, 'Erosion': 0, 'SDRF': 0, 'Inundation': 0, 'Hydrology': 0, 'Silt': 0, 'Siltation': 0, 'Bund': 0, 'Trench': 0, 'Breach': 0, 'Culvert': 0, 'Sluice': 0, 'Dyke': 0, 'Storm water drain': 0, 'Emergency': 0, 'Immediate': 0, 'IM': 0, 'AE': 0, 'A E': 0, 'AAPDA MITRA': 0, 'flood': 0, 'Bridge': 0, 'River': 0, 'Drain': 0, 'Restoration': 0, 'Protection': 0, 'irr': 0, 'irrigation': 0, 'dam': 4, 'Nallah': 0, 'Retrofitting': 0, 'Pond': 0, 'Pokhari': 0, 'D/C': 0, 'Recharge shaft': 0, 'LFB': 0, 'RFB': 0}","{'Floodlight': 0, 'Flood Light': 0, 'GAS': 0, 'FIFA': 0, 'pipe': 0, 'pipes': 0, 'covid': 0, 'supply': 0, 'Beautification': 0, 'Installation': 0}",Post-Monsoon,,False,False,Repair and Restoration,"{'improvement': 4, 'Check Dam': 4}"
2021_ORULB_68174_7,EO/JMC/052/2021-22,"Construction of Drain and Improvement of Road from Amit Shop to Suresh Naik house and Upadhaya Madam house to Sai Mandir Road, Bhagaban Das house to Sanyasi house in Ward No. 5","Construction of Drain and Improvement of Road from Amit Shop to Suresh Naik house and Upadhaya Madam house to Sai Mandir Road, Bhagaban Das house to Sanyasi house in Ward No. 5",Works,Open Tender,Percentage,Civil Works - Others,No,No,NA ,05-May-2021 10:00 AM,NA ,60.0,No ,No,Online,20-May-2021 11:30 AM,Municipal Bodies||Jatni Municipal Council,"EXECUTIVE OFFICER,JATNI MUNICIPALITY",752050.0,1.0,,SATRUGHNA MAJHI,"1,081,271",Accepted-AOC,18-Aug-2026,Municipal Bodies||Jatni Municipal Council,True,"{'Flood': 0, 'Embankment': 0, 'embkt': 0, 'Relief': 0, 'Erosion': 0, 'SDRF': 0, 'Inundation': 0, 'Hydrology': 0, 'Silt': 0, 'Siltation': 0, 'Bund': 0, 'Trench': 0, 'Breach': 0, 'Culvert': 0, 'Sluice': 0, 'Dyke': 0, 'Storm water drain': 0, 'Emergency': 0, 'Immediate': 0, 'IM': 0, 'AE': 0, 'A E': 0, 'AAPDA MITRA': 0, 'flood': 0, 'Bridge': 0, 'River': 0, 'Drain': 2, 'Restoration': 0, 'Protection': 0, 'irr': 0, 'irrigation': 0, 'dam': 0, 'Nallah': 0, 'Retrofitting': 0, 'Pond': 0, 'Pokhari': 0, 'D/C': 0, 'Recharge shaft': 0, 'LFB': 0, 'RFB': 0}","{'Floodlight': 0, 'Flood Light': 0, 'GAS': 0, 'FIFA': 0, 'pipe': 0, 'pipes': 0, 'covid': 0, 'supply': 0, 'Beautification': 0, 'Installation': 0}",Pre-Monsoon,,False,True,Repair and Restoration,"{'improvement': 2, 'Construction': 2, 'Drain': 2}"
2026_ORULB_126671_7,EO/RGP/07 of 2025-26,Construction of Drain at the back side of Kalyan Mandap in ward no.05,Construction of Drain at the back side of Kalyan Mandap in ward no.05,Works,Open Tender,Percentage,Civil Works - Others,No,No,NA ,27-Feb-2026 11:00 AM,NA ,90.0,No ,No,Online,13-Mar-2026 11:00 AM,Municipal Bodies||Rajgangpur Municipality,Rajgangpur Municipality,770017.0,1.0,"10,00,000",GIRIJA PRASAD SAMAL,"1,000,000",Rejected-AOC,18-Aug-2026,Municipal Bodies||Rajgangpur Municipality,True,"{'Flood': 0, 'Embankment': 0, 'embkt': 0, 'Relief': 0, 'Erosion': 0, 'SDRF': 0, 'Inundation': 0, 'Hydrology': 0, 'Silt': 0, 'Siltation': 0, 'Bund': 0, 'Trench': 0, 'Breach': 0, 'Culvert': 0, 'Sluice': 0, 'Dyke': 0, 'Storm water drain': 0, 'Emergency': 0, 'Immediate': 0, 'IM': 0, 'AE': 0, 'A E': 0, 'AAPDA MITRA': 0, 'flood': 0, 'Bridge': 0, 'River': 0, 'Drain': 2, 'Restoration': 0, 'Protection': 0, 'irr': 0, 'irrigation': 0, 'dam': 0, 'Nallah': 0, 'Retrofitting': 0, 'Pond': 0, 'Pokhari': 0, 'D/C': 0, 'Recharge shaft': 0, 'LFB': 0, 'RFB': 0}","{'Floodlight': 0, 'Flood Light': 0, 'GAS': 0, 'FIFA': 0, 'pipe': 0, 'pipes': 0, 'covid': 0, 'supply': 0, 'Beautification': 0, 'Installation': 0}",Post-Monsoon,,False,True,Repair and Restoration,"{'Construction': 2, 'Drain': 2}"
2026_ORULB_127994_8,RNP NAC -01/2026-27,CONSTRUCTION OF CC ROAD WITH DRAIN FROM PRASANNA SAHU RES TOWARDS TUNA PRADHAN RES AT KHATIA SAHI WN-10,CONSTRUCTION OF CC ROAD WITH DRAIN FROM PRASANNA SAHU RES TOWARDS TUNA PRADHAN RES AT KHATIA SAHI WN-10,Works,Open Tender,Percentage,Civil Works - Others,No,No,NA ,10-Apr-2026 11:00 AM,NA ,30.0,No ,No,Online,20-Apr-2026 11:30 AM,Municipal Bodies||Ranpur NAC,NAC RANPUR,752026.0,1.0,"6,82,204",MANORANJAN DALAI,"539,009",Accepted-AOC,28-Aug-2026,Municipal Bodies||Ranpur NAC,True,"{'Flood': 0, 'Embankment': 0, 'embkt': 0, 'Relief': 0, 'Erosion': 0, 'SDRF': 0, 'Inundation': 0, 'Hydrology': 0, 'Silt': 0, 'Siltation': 0, 'Bund': 0, 'Trench': 0, 'Breach': 0, 'Culvert': 0, 'Sluice': 0, 'Dyke': 0, 'Storm water drain': 0, 'Emergency': 0, 'Immediate': 0, 'IM': 0, 'AE': 0, 'A E': 0, 'AAPDA MITRA': 0, 'flood': 0, 'Bridge': 0, 'River': 0, 'Drain': 2, 'Restoration': 0, 'Protection': 0, 'irr': 0, 'irrigation': 0, 'dam': 0, 'Nallah': 0, 'Retrofitting': 0, 'Pond': 0, 'Pokhari': 0, 'D/C': 0, 'Recharge shaft': 0, 'LFB': 0, 'RFB': 0}","{'Floodlight': 0, 'Flood Light': 0, 'GAS': 0, 'FIFA': 0, 'pipe': 0, 'pipes': 0, 'covid': 0, 'supply': 0, 'Beautification': 0, 'Installation': 0}",Pre-Monsoon,,False,True,Repair and Restoration,"{'Construction': 2, 'Drain': 2}"
2025_CEBBS_121965_4,SERID-RKL-05-2025-26,Construction of bed lining at RD 17200m to RD 17360m of Left Main Canal of Kanshbahal Irrigation Project,Construction of bed lining at RD 17200m to RD 17360m of Left Main Canal of Kanshbahal Irrigation Project,Works,Open Tender,Percentage,Civil Works - Canal,No,No,NA ,26-Nov-2025 10:00 AM,NA ,90.0,No ,No,Online,08-Dec-2025 11:00 AM,CE and BM Brahmani Basin Samal||APD cum CCE RIP Samal||Rourkela Irrigation Division Rourkela,Kanshbahal,770034.0,1.0,"4,41,211",MOLLI KUJUR,"375,073.23",Accepted-AOC,10-Aug-2026,CE and BM Brahmani Basin Samal||APD cum CCE RIP Samal||Rourkela Irrigation Division Rourkela,True,"{'Flood': 0, 'Embankment': 0, 'embkt': 0, 'Relief': 0, 'Erosion': 0, 'SDRF': 0, 'Inundation': 0, 'Hydrology': 0, 'Silt': 0, 'Siltation': 0, 'Bund': 0, 'Trench': 0, 'Breach': 0, 'Culvert': 0, 'Sluice': 0, 'Dyke': 0, 'Storm water drain': 0, 'Emergency': 0, 'Immediate': 0, 'IM': 0, 'AE': 0, 'A E': 0, 'AAPDA MITRA': 0, 'flood': 0, 'Bridge': 0, 'River': 0, 'Drain': 0, 'Restoration': 0, 'Protection': 0, 'irr': 0, 'irrigation': 2, 'dam': 0, 'Nallah': 0, 'Retrofitting': 0, 'Pond': 0, 'Pokhari': 0, 'D/C': 0, 'Recharge shaft': 0, 'LFB': 0, 'RFB': 0}","{'Floodlight': 0, 'Flood Light': 0, 'GAS': 0, 'FIFA': 0, 'pipe': 0, 'pipes': 0, 'covid': 0, 'supply': 0, 'Beautification': 0, 'Installation': 0}",Post-Monsoon,,False,False,Repair and Restoration,{'Construction': 2}
2025_ORULB_122750_15,BPDM-10 OF 2025/2026,Construction of Road and both side Drain from Maa Mangala Temple to Rabi Lenka house in Ward No.12,Construction of Road and both side Drain from Maa Mangala Temple to Rabi Lenka house in Ward No.12,Works,Open Tender,Percentage,Civil Works - Roads,No,No,NA ,09-Dec-2025 01:00 PM,NA ,120.0,No ,No,Online,31-Dec-2025 11:30 AM,Municipal Bodies||Baripada Municipality,Baripada Municipality,757001.0,1.0,"10,16,950",ABHAS DEY,"1,199,881",Accepted-AOC,29-Aug-2026,Municipal Bodies||Baripada Municipality,True,"{'Flood': 0, 'Embankment': 0, 'embkt': 0, 'Relief': 0, 'Erosion': 0, 'SDRF': 0, 'Inundation': 0, 'Hydrology': 0, 'Silt': 0, 'Siltation': 0, 'Bund': 0, 'Trench': 0, 'Breach': 0, 'Culvert': 0, 'Sluice': 0, 'Dyke': 0, 'Storm water drain': 0, 'Emergency': 0, 'Immediate': 0, 'IM': 0, 'AE': 0, 'A E': 0, 'AAPDA MITRA': 0, 'flood': 0, 'Bridge': 0, 'River': 0, 'Drain': 2, 'Restoration': 0, 'Protection': 0, 'irr': 0, 'irrigation': 0, 'dam': 0, 'Nallah': 0, 'Retrofitting': 0, 'Pond': 0, 'Pokhari': 0, 'D/C': 0, 'Recharge shaft': 0, 'LFB': 0, 'RFB': 0}","{'Floodlight': 0, 'Flood Light': 0, 'GAS': 0, 'FIFA': 0, 'pipe': 0, 'pipes': 0, 'covid': 0, 'supply': 0, 'Beautification': 0, 'Installation': 0}",Post-Monsoon,,False,True,Repair and Restoration,"{'Construction': 2, 'Drain': 2}"
2026_CEMIB_129213_2,SEMIDRGD-04/2026-27,Improvement to Lalbi Check Dam in Kolnara Block of Rayagada District under the scheme Improvement to Check Dam 2026-27,Improvement to Lalbi Check Dam in Kolnara Block of Rayagada District under the scheme Improvement to Check Dam 2026-27,Works,National Competitive Bid,Percentage,Civil Works - Others,No,No,NA ,13-May-2026 10:00 AM,NA ,90.0,No ,No,Online,29-May-2026 11:00 AM,"CE,Minor Irrigation,BBSR||SE,KBK Minor Irr.CircleII,Jeypore||EE M.I. Division Rayagada",Rayagada,765001.0,1.0,"9,98,733",ANAM NAIK,"998,732.95",Rejected-AOC,17-Jun-2026,"CE,Minor Irrigation,BBSR||SE,KBK Minor Irr.CircleII,Jeypore||EE M.I. Division Rayagada",True,"{'Flood': 0, 'Embankment': 0, 'embkt': 0, 'Relief': 0, 'Erosion': 0, 'SDRF': 0, 'Inundation': 0, 'Hydrology': 0, 'Silt': 0, 'Siltation': 0, 'Bund': 0, 'Trench': 0, 'Breach': 0, 'Culvert': 0, 'Sluice': 0, 'Dyke': 0, 'Storm water drain': 0, 'Emergency': 0, 'Immediate': 0, 'IM': 0, 'AE': 0, 'A E': 0, 'AAPDA MITRA': 0, 'flood': 0, 'Bridge': 0, 'River': 0, 'Drain': 0, 'Restoration': 0, 'Protection': 0, 'irr': 0, 'irrigation': 0, 'dam': 4, 'Nallah': 0, 'Retrofitting': 0, 'Pond': 0, 'Pokhari': 0, 'D/C': 0, 'Recharge shaft': 0, 'LFB': 0, 'RFB': 0}","{'Floodlight': 0, 'Flood Light': 0, 'GAS': 0, 'FIFA': 0, 'pipe': 0, 'pipes': 0, 'covid': 0, 'supply': 0, 'Beautification': 0, 'Installation': 0}",Pre-Monsoon,,False,False,Repair and Restoration,"{'improvement': 4, 'Check Dam': 4}"
2026_CEDC_129577_2,DDKPD-01 of 2026-27,(Sl No 2) Construction of Farm Land Bridge near village Jirala,Construction of FLB,Works,Open Tender,Percentage,Civil Works - Others,No,No,NA ,21-May-2026 01:00 PM,NA ,90.0,No ,No,Online,01-Jun-2026 10:00 AM,"CE,Drainage,Cuttack||SE,Drainage,Cuttack",Kendrapara,754211.0,1.0,"13,55,728",ASHISH KUMAR SWAIN,"1,355,728",Rejected-Finance,01-Oct-2026,"CE,Drainage,Cuttack||SE,Drainage,Cuttack",True,"{'Flood': 0, 'Embankment': 0, 'embkt': 0, 'Relief': 0, 'Erosion': 0, 'SDRF': 0, 'Inundation': 0, 'Hydrology': 0, 'Silt': 0, 'Siltation': 0, 'Bund': 0, 'Trench': 0, 'Breach': 0, 'Culvert': 0, 'Sluice': 0, 'Dyke': 0, 'Storm water drain': 0, 'Emergency': 0, 'Immediate': 0, 'IM': 0, 'AE': 0, 'A E': 0, 'AAPDA MITRA': 0, 'flood': 0, 'Bridge': 1, 'River': 0, 'Drain': 0, 'Restoration': 0, 'Protection': 0, 'irr': 0, 'irrigation': 0, 'dam': 0, 'Nallah': 0, 'Retrofitting': 0, 'Pond': 0, 'Pokhari': 0, 'D/C': 0, 'Recharge shaft': 0, 'LFB': 0, 'RFB': 0}","{'Floodlight': 0, 'Flood Light': 0, 'GAS': 0, 'FIFA': 0, 'pipe': 0, 'pipes': 0, 'covid': 0, 'supply': 0, 'Beautification': 0, 'Installation': 0}",Pre-Monsoon,,False,True,Repair and Restoration,"{'Construction': 2, 'Bridge': 1}"
2026_CERWI_134330_1,EERWELBBSR- 11/2026-27,"Shifting of 11 KV Line/SS/LT line at- Kalam, Kalampat and Suanar due to widening of Udayapur Banti (RD road culvert) to Kakatpur road Under R.W.E.S Puri.","Shifting of 11 KV Line/SS/LT line at- Kalam, Kalampat and Suanar due to widening of Udayapur Banti (RD road culvert) to Kakatpur road Under R.W.E.S Puri.",Works,Open Tender,Percentage,Electrical Works,No,No,NA ,04-Jul-2026 01:00 PM,NA ,90.0,No ,No,Online,15-Jul-2026 01:00 PM,CE RW I||RW Electrical Circle Bhubaneswar||RW Electrical Division Bhubaneswar,kakatpur,752108.0,1.0,"13,75,243",AMPERE INFRA,"1,237,856",Rejected-Technical,25-Aug-2026,CE RW I||RW Electrical Circle Bhubaneswar||RW Electrical Division Bhubaneswar,True,"{'Flood': 0, 'Embankment': 0, 'embkt': 0, 'Relief': 0, 'Erosion': 0, 'SDRF': 0, 'Inundation': 0, 'Hydrology': 0, 'Silt': 0, 'Siltation': 0, 'Bund': 0, 'Trench': 0, 'Breach': 0, 'Culvert': 2, 'Sluice': 0, 'Dyke': 0, 'Storm water drain': 0, 'Emergency': 0, 'Immediate': 0, 'IM': 0, 'AE': 0, 'A E': 0, 'AAPDA MITRA': 0, 'flood': 0, 'Bridge': 0, 'River': 0, 'Drain': 0, 'Restoration': 0, 'Protection': 0, 'irr': 0, 'irrigation': 0, 'dam': 0, 'Nallah': 0, 'Retrofitting': 0, 'Pond': 0, 'Pokhari': 0, 'D/C': 0, 'Recharge shaft': 0, 'LFB': 0, 'RFB': 0}","{'Floodlight': 0, 'Flood Light': 0, 'GAS': 0, 'FIFA': 0, 'pipe': 0, 'pipes': 0, 'covid': 0, 'supply': 0, 'Beautification': 0, 'Installation': 0}",Monsoon,,False,True,Repair and Restoration,{'widening': 2}
2026_CEBMB_129617_32,e-Procurement Notice No. e-BNID-01/2026-27,"Desilting and improvement of left distributary in between RD 550 m to 1600 m, RD 2700 m to 3700 m, RD 5300 m to 6400 m and 10R Sub-minor and 16R Sub-minor of Baghua Irrigation Project for the year 2026-27.","Desilting and improvement of left distributary in between RD 550 m to 1600 m, RD 2700 m to 3700 m, RD 5300 m to 6400 m and 10R Sub-minor and 16R Sub-minor of Baghua Irrigation Project for the year 2026-27.",Works,Open Tender,Percentage,Civil Works - Others,No,No,NA ,25-May-2026 10:00 AM,NA ,90.0,No ,No,Online,05-Jun-2026 11:00 AM,"CE-BM,RVN Basin,Berhampur||S.E. Southern Irr. Circle I Berhampur||EE Bhanjanagar Irrigation Divn Bhanjanagar",Buguda,761118.0,1.0,"5,30,596",ASISH KUMAR MISHRA,"498,813",Rejected-Finance,28-Aug-2026,"CE-BM,RVN Basin,Berhampur||S.E. Southern Irr. Circle I Berhampur||EE Bhanjanagar Irrigation Divn Bhanjanagar",True,"{'Flood': 0, 'Embankment': 0, 'embkt': 0, 'Relief': 0, 'Erosion': 0, 'SDRF': 0, 'Inundation': 0, 'Hydrology': 0, 'Silt': 0, 'Siltation': 0, 'Bund': 0, 'Trench': 0, 'Breach': 0, 'Culvert': 0, 'Sluice': 0, 'Dyke': 0, 'Storm water drain': 0, 'Emergency': 0, 'Immediate': 0, 'IM': 0, 'AE': 0, 'A E': 0, 'AAPDA MITRA': 0, 'flood': 0, 'Bridge': 0, 'River': 0, 'Drain': 0, 'Restoration': 0, 'Protection': 0, 'irr': 0, 'irrigation': 2, 'dam': 0, 'Nallah': 0, 'Retrofitting': 0, 'Pond': 0, 'Pokhari': 0, 'D/C': 0, 'Recharge shaft': 0, 'LFB': 0, 'RFB': 0}","{'Floodlight': 0, 'Flood Light': 0, 'GAS': 0, 'FIFA': 0, 'pipe': 0, 'pipes': 0, 'covid': 0, 'supply': 0, 'Beautification': 0, 'Installation': 0}",Pre-Monsoon,,False,False,Repair and Restoration,{'improvement': 2}
2026_CEBMB_129617_26,e-Procurement Notice No. e-BNID-01/2026-27,"Desilting in between RD 400 m to 3960 m and RD 9000 m to 10530 m of Kendubadi Minor including jungle clearance of 41L, 45L, 47R, 50R and Pangidi Sub-minor of Baghua Right Distributary of Baghua Irrigation Project for the year 2026-27.","Desilting in between RD 400 m to 3960 m and RD 9000 m to 10530 m of Kendubadi Minor including jungle clearance of 41L, 45L, 47R, 50R and Pangidi Sub-minor of Baghua Right Distributary of Baghua Irrigation Project for the year 2026-27.",Works,Open Tender,Percentage,Civil Works - Others,No,No,NA ,25-May-2026 10:00 AM,NA ,90.0,No ,No,Online,05-Jun-2026 11:00 AM,"CE-BM,RVN Basin,Berhampur||S.E. Southern Irr. Circle I Berhampur||EE Bhanjanagar Irrigation Divn Bhanjanagar",Buguda,761118.0,1.0,"5,12,506",ASISH KUMAR MISHRA,"478,681",Rejected-Finance,24-Aug-2026,"CE-BM,RVN Basin,Berhampur||S.E. Southern Irr. Circle I Berhampur||EE Bhanjanagar Irrigation Divn Bhanjanagar",True,"{'Flood': 0, 'Embankment': 0, 'embkt': 0, 'Relief': 0, 'Erosion': 0, 'SDRF': 0, 'Inundation': 0, 'Hydrology': 0, 'Silt': 0, 'Siltation': 0, 'Bund': 0, 'Trench': 0, 'Breach': 0, 'Culvert': 0, 'Sluice': 0, 'Dyke': 0, 'Storm water drain': 0, 'Emergency': 0, 'Immediate': 0, 'IM': 0, 'AE': 0, 'A E': 0, 'AAPDA MITRA': 0, 'flood': 0, 'Bridge': 0, 'River': 0, 'Drain': 0, 'Restoration': 0, 'Protection': 0, 'irr': 0, 'irrigation': 2, 'dam': 0, 'Nallah': 0, 'Retrofitting': 0, 'Pond': 0, 'Pokhari': 0, 'D/C': 0, 'Recharge shaft': 0, 'LFB': 0, 'RFB': 0}","{'Floodlight': 0, 'Flood Light': 0, 'GAS': 0, 'FIFA': 0, 'pipe': 0, 'pipes': 0, 'covid': 0, 'supply': 0, 'Beautification': 0, 'Installation': 0}",Pre-Monsoon,,False,False,Others,
2026_CEMIB_130363_1,ACENMIC SBP 01/2026-27,Renovation to Hatianalla MIP in Laikera Block of Jharsuguda District under DPIW (Dam Protection and Improvement work) Scheme for the year 2026-27,Renovation to Hatianalla MIP in Laikera Block of Jharsuguda District under DPIW (Dam Protection and Improvement work) Scheme for the year 2026-27,Works,Open Tender,Percentage,Civil Works - Water Works,No,No,NA ,02-Jun-2026 10:00 AM,NA ,90.0,No ,No,Online,12-Jun-2026 11:00 AM,"CE,Minor Irrigation,BBSR||SENMIC-SAMBALPUR",Laikera,768215.0,2.0,"2,14,93,561",ABHILIPSA SAHOO,"21,493,561",Rejected-AOC,21-Jul-2026,"CE,Minor Irrigation,BBSR||SENMIC-SAMBALPUR",True,"{'Flood': 0, 'Embankment': 0, 'embkt': 0, 'Relief': 0, 'Erosion': 0, 'SDRF': 0, 'Inundation': 0, 'Hydrology': 0, 'Silt': 0, 'Siltation': 0, 'Bund': 0, 'Trench': 0, 'Breach': 0, 'Culvert': 0, 'Sluice': 0, 'Dyke': 0, 'Storm water drain': 0, 'Emergency': 0, 'Immediate': 0, 'IM': 0, 'AE': 0, 'A E': 0, 'AAPDA MITRA': 0, 'flood': 0, 'Bridge': 0, 'River': 0, 'Drain': 0, 'Restoration': 0, 'Protection': 2, 'irr': 0, 'irrigation': 0, 'dam': 2, 'Nallah': 0, 'Retrofitting': 0, 'Pond': 0, 'Pokhari': 0, 'D/C': 0, 'Recharge shaft': 0, 'LFB': 0, 'RFB': 0}","{'Floodlight': 0, 'Flood Light': 0, 'GAS': 0, 'FIFA': 0, 'pipe': 0, 'pipes': 0, 'covid': 0, 'supply': 0, 'Beautification': 0, 'Installation': 0}",Monsoon,,False,False,Repair and Restoration,"{'improvement': 2, 'renovation': 2}"
2026_SEHDP_131795_4,e-Procurement Notice No.SE-HID(NSPR)-03/2026-27,"SEHID (NSPR)-03(04) Constrn.of R and R Colony Cross internal road(CC) from pond apporach road to Elephant Barrier structure at end of village Borus withRCC drain at R and R Colony, near village Kanseilo of Hadua Irr.project, Narasinghpur,Dist-Cuttack",Construction of CC road wit Drain,Works,National Competitive Bid,Percentage,Civil Works - Others,No,No,NA ,11-Jun-2026 11:00 AM,NA ,90.0,No ,No,Online,29-Jun-2026 11:00 AM,CCE Brutang and Hadua Irrigation Project Dasapalla||SE Hadua Division Narasinghapur,Narasinghpur,754032.0,2.0,"62,85,091",ABHAYA BHUSAN SAHOO,"6,285,090.62",Rejected-AOC,07-Aug-2026,CCE Brutang and Hadua Irrigation Project Dasapalla||SE Hadua Division Narasinghapur,True,"{'Flood': 0, 'Embankment': 0, 'embkt': 0, 'Relief': 0, 'Erosion': 0, 'SDRF': 0, 'Inundation': 0, 'Hydrology': 0, 'Silt': 0, 'Siltation': 0, 'Bund': 0, 'Trench': 0, 'Breach': 0, 'Culvert': 0, 'Sluice': 0, 'Dyke': 0, 'Storm water drain': 0, 'Emergency': 0, 'Immediate': 0, 'IM': 0, 'AE': 0, 'A E': 0, 'AAPDA MITRA': 0, 'flood': 0, 'Bridge': 0, 'River': 0, 'Drain': 2, 'Restoration': 0, 'Protection': 0, 'irr': 1, 'irrigation': 0, 'dam': 0, 'Nallah': 0, 'Retrofitting': 0, 'Pond': 1, 'Pokhari': 0, 'D/C': 0, 'Recharge shaft': 0, 'LFB': 0, 'RFB': 0}","{'Floodlight': 0, 'Flood Light': 0, 'GAS': 0, 'FIFA': 0, 'pipe': 0, 'pipes': 0, 'covid': 0, 'supply': 0, 'Beautification': 0, 'Installation': 0}",Monsoon,,False,True,Repair and Restoration,"{'Construction': 1, 'Drain': 2}"
2025_CEBBS_118895_8,SERID-RKL-04/2025-26,Construction of outlet and water course of Narsingpur Sub minor with in RD 0.00 to 2000 m and Jamerposh distributary of Rukura Irrigation Project,Construction of outlet and water course of Narsingpur Sub minor with in RD 0.00 to 2000 m and Jamerposh distributary of Rukura Irrigation Project,Works,Open Tender,Percentage,Civil Works - Canal,No,No,NA ,04-Oct-2025 10:00 AM,NA ,90.0,No ,No,Online,15-Oct-2025 11:00 AM,CE and BM Brahmani Basin Samal||APD cum CCE RIP Samal||Rourkela Irrigation Division Rourkela,Bonai,770038.0,1.0,"7,45,322",BISWAPRAKASH SAHU,"633,598.73",Rejected-AOC,07-Aug-2026,CE and BM Brahmani Basin Samal||APD cum CCE RIP Samal||Rourkela Irrigation Division Rourkela,True,"{'Flood': 0, 'Embankment': 0, 'embkt': 0, 'Relief': 0, 'Erosion': 0, 'SDRF': 0, 'Inundation': 0, 'Hydrology': 0, 'Silt': 0, 'Siltation': 0, 'Bund': 0, 'Trench': 0, 'Breach': 0, 'Culvert': 0, 'Sluice': 0, 'Dyke': 0, 'Storm water drain': 0, 'Emergency': 0, 'Immediate': 0, 'IM': 0, 'AE': 0, 'A E': 0, 'AAPDA MITRA': 0, 'flood': 0, 'Bridge': 0, 'River': 0, 'Drain': 0, 'Restoration': 0, 'Protection': 0, 'irr': 0, 'irrigation': 2, 'dam': 0, 'Nallah': 0, 'Retrofitting': 0, 'Pond': 0, 'Pokhari': 0, 'D/C': 0, 'Recharge shaft': 0, 'LFB': 0, 'RFB': 0}","{'Floodlight': 0, 'Flood Light': 0, 'GAS': 0, 'FIFA': 0, 'pipe': 0, 'pipes': 0, 'covid': 0, 'supply': 0, 'Beautification': 0, 'Installation': 0}",Post-Monsoon,,False,False,Repair and Restoration,{'Construction': 2}
2026_CEMIB_131652_1,SEMIDGM1_02/2026-27,Construction of GumaNalla Check Dam,Construction of GumaNalla Check Dam (near SuliaThakurani) near village Buguda in Sanakhemundi block under MATY 3.0 Scheme,Works,Open Tender,Percentage,Civil Works - Others,No,No,NA ,09-Jun-2026 05:20 PM,NA ,90.0,No ,No,Online,24-Jun-2026 11:00 AM,"CE,Minor Irrigation,BBSR||SESMIC-BERHAMPUR||GANJAM I",Sanakhemundi,761013.0,1.0,"49,90,000",ABHIMANYU RAUTA,"4,936,370.69",Rejected-AOC,01-Oct-2026,"CE,Minor Irrigation,BBSR||SESMIC-BERHAMPUR||GANJAM I",True,"{'Flood': 0, 'Embankment': 0, 'embkt': 0, 'Relief': 0, 'Erosion': 0, 'SDRF': 0, 'Inundation': 0, 'Hydrology': 0, 'Silt': 0, 'Siltation': 0, 'Bund': 0, 'Trench': 0, 'Breach': 0, 'Culvert': 0, 'Sluice': 0, 'Dyke': 0, 'Storm water drain': 0, 'Emergency': 0, 'Immediate': 0, 'IM': 0, 'AE': 0, 'A E': 0, 'AAPDA MITRA': 0, 'flood': 0, 'Bridge': 0, 'River': 0, 'Drain': 0, 'Restoration': 0, 'Protection': 0, 'irr': 0, 'irrigation': 0, 'dam': 2, 'Nallah': 0, 'Retrofitting': 0, 'Pond': 0, 'Pokhari': 0, 'D/C': 0, 'Recharge shaft': 0, 'LFB': 0, 'RFB': 0}","{'Floodlight': 0, 'Flood Light': 0, 'GAS': 0, 'FIFA': 0, 'pipe': 0, 'pipes': 0, 'covid': 0, 'supply': 0, 'Beautification': 0, 'Installation': 0}",Monsoon,,False,False,Repair and Restoration,"{'Check Dam': 2, 'Construction': 2}"
2026_ORULB_124639_4,06/2025-26,Construction of Covered drain from BhaktaBhue house to nalakupa in Ward No-3 of Attabira NAC,Construction of Covered drain from BhaktaBhue house to nalakupa in Ward No-3 of Attabira NAC,Works,Open Tender,Percentage,Civil Works - Roads,No,No,NA ,17-Jan-2026 10:00 AM,NA ,45.0,No ,No,Online,31-Jan-2026 11:00 AM,Municipal Bodies||Attabira NAC,ATTABIRA NAC,768027.0,1.0,"4,23,629",Bikkina Narasimha murthy,"423,644.002",Accepted-AOC,09-Aug-2026,Municipal Bodies||Attabira NAC,True,"{'Flood': 0, 'Embankment': 0, 'embkt': 0, 'Relief': 0, 'Erosion': 0, 'SDRF': 0, 'Inundation': 0, 'Hydrology': 0, 'Silt': 0, 'Siltation': 0, 'Bund': 0, 'Trench': 0, 'Breach': 0, 'Culvert': 0, 'Sluice': 0, 'Dyke': 0, 'Storm water drain': 0, 'Emergency': 0, 'Immediate': 0, 'IM': 0, 'AE': 0, 'A E': 0, 'AAPDA MITRA': 0, 'flood': 0, 'Bridge': 0, 'River': 0, 'Drain': 2, 'Restoration': 0, 'Protection': 0, 'irr': 0, 'irrigation': 0, 'dam': 0, 'Nallah': 0, 'Retrofitting': 0, 'Pond': 0, 'Pokhari': 0, 'D/C': 0, 'Recharge shaft': 0, 'LFB': 0, 'RFB': 0}","{'Floodlight': 0, 'Flood Light': 0, 'GAS': 0, 'FIFA': 0, 'pipe': 0, 'pipes': 0, 'covid': 0, 'supply': 0, 'Beautification': 0, 'Installation': 0}",Post-Monsoon,,False,True,Repair and Restoration,"{'Construction': 2, 'Drain': 2}"
2026_ORULB_128169_6,SNP-MUN-36/2025-26,Restoration of Jagannath Temple in Ward No-05,Restoration of Jagannath Temple in Ward No-05,Works,Open Tender,Percentage,Civil Works - Others,No,No,NA ,17-Apr-2026 11:00 AM,NA ,120.0,No ,No,Online,28-Apr-2026 11:00 AM,Municipal Bodies||Sonepur Municipal Council,Sonepur Municipality,767017.0,1.0,"8,47,713",BIKRAM KUMAR AGRAWAL,"847,712",Rejected-Technical,03-Aug-2026,Municipal Bodies||Sonepur Municipal Council,True,"{'Flood': 0, 'Embankment': 0, 'embkt': 0, 'Relief': 0, 'Erosion': 0, 'SDRF': 0, 'Inundation': 0, 'Hydrology': 0, 'Silt': 0, 'Siltation': 0, 'Bund': 0, 'Trench': 0, 'Breach': 0, 'Culvert': 0, 'Sluice': 0, 'Dyke': 0, 'Storm water drain': 0, 'Emergency': 0, 'Immediate': 0, 'IM': 0, 'AE': 0, 'A E': 0, 'AAPDA MITRA': 0, 'flood': 0, 'Bridge': 0, 'River': 0, 'Drain': 0, 'Restoration': 2, 'Protection': 0, 'irr': 0, 'irrigation': 0, 'dam': 0, 'Nallah': 0, 'Retrofitting': 0, 'Pond': 0, 'Pokhari': 0, 'D/C': 0, 'Recharge shaft': 0, 'LFB': 0, 'RFB': 0}","{'Floodlight': 0, 'Flood Light': 0, 'GAS': 0, 'FIFA': 0, 'pipe': 0, 'pipes': 0, 'covid': 0, 'supply': 0, 'Beautification': 0, 'Installation': 0}",Pre-Monsoon,,False,False,Repair and Restoration,{'restoration': 2}
2026_ORULB_129425_31,BLGR MPTY/02(01-111)/2026-27,Const. of Drain with Cover Slab from Ram Mandir to Bhagbat Mandir W.No.4,Drain work,Works,Open Tender,Percentage,Civil Works - Others,No,No,NA ,20-May-2026 02:00 PM,NA ,120.0,No ,No,Online,02-Jun-2026 11:00 AM,Municipal Bodies||Balangir Municipality,Balangir,767001.0,1.0,"6,68,915",SURYA PRAKASH MOHANTY,"668,847.61",Rejected-Finance,17-Aug-2026,Municipal Bodies||Balangir Municipality,True,"{'Flood': 0, 'Embankment': 0, 'embkt': 0, 'Relief': 0, 'Erosion': 0, 'SDRF': 0, 'Inundation': 0, 'Hydrology': 0, 'Silt': 0, 'Siltation': 0, 'Bund': 0, 'Trench': 0, 'Breach': 0, 'Culvert': 0, 'Sluice': 0, 'Dyke': 0, 'Storm water drain': 0, 'Emergency': 0, 'Immediate': 0, 'IM': 0, 'AE': 0, 'A E': 0, 'AAPDA MITRA': 0, 'flood': 0, 'Bridge': 0, 'River': 0, 'Drain': 2, 'Restoration': 0, 'Protection': 0, 'irr': 0, 'irrigation': 0, 'dam': 0, 'Nallah': 0, 'Retrofitting': 0, 'Pond': 0, 'Pokhari': 0, 'D/C': 0, 'Recharge shaft': 0, 'LFB': 0, 'RFB': 0}","{'Floodlight': 0, 'Flood Light': 0, 'GAS': 0, 'FIFA': 0, 'pipe': 0, 'pipes': 0, 'covid': 0, 'supply': 0, 'Beautification': 0, 'Installation': 0}",Pre-Monsoon,,False,True,Repair and Restoration,{'Drain': 2}
2025_ORULB_111921_27,GUN-MUN-69/2024-25,COMPLETION OF INCOMPLETE ROAD AND DRAIN AT IN FRONT OF HANUMAN TEMPLE AT WARD NO.9,ROAD AND DRAIN,Works,Open Tender,Percentage,Civil Works - Others,No,No,NA ,26-Mar-2025 11:00 AM,NA ,90.0,No ,No,Online,09-Apr-2025 11:00 AM,Municipal Bodies||Gunupur Municipal Council,GUNUPUR MUNCIPALITY,765022.0,1.0,"5,00,000",RAKESH KUMAR PATRO,"425,442",Accepted-AOC,25-Aug-2026,Municipal Bodies||Gunupur Municipal Council,True,"{'Flood': 0, 'Embankment': 0, 'embkt': 0, 'Relief': 0, 'Erosion': 0, 'SDRF': 0, 'Inundation': 0, 'Hydrology': 0, 'Silt': 0, 'Siltation': 0, 'Bund': 0, 'Trench': 0, 'Breach': 0, 'Culvert': 0, 'Sluice': 0, 'Dyke': 0, 'Storm water drain': 0, 'Emergency': 0, 'Immediate': 0, 'IM': 0, 'AE': 0, 'A E': 0, 'AAPDA MITRA': 0, 'flood': 0, 'Bridge': 0, 'River': 0, 'Drain': 2, 'Restoration': 0, 'Protection': 0, 'irr': 0, 'irrigation': 0, 'dam': 0, 'Nallah': 0, 'Retrofitting': 0, 'Pond': 0, 'Pokhari': 0, 'D/C': 0, 'Recharge shaft': 0, 'LFB': 0, 'RFB': 0}","{'Floodlight': 0, 'Flood Light': 0, 'GAS': 0, 'FIFA': 0, 'pipe': 0, 'pipes': 0, 'covid': 0, 'supply': 0, 'Beautification': 0, 'Installation': 0}",Pre-Monsoon,,False,True,Repair and Restoration,{'Drain': 2}
2025_CEBBS_118895_9,SERID-RKL-04/2025-26,Improvement to Jamkai Minor from RD 1200 to 1500m and Daraikela Minor canals of Rukura Irrigation Project,Improvement to Jamkai Minor from RD 1200 to 1500m and Daraikela Minor canals of Rukura Irrigation Project,Works,Open Tender,Percentage,Civil Works - Canal,No,No,NA ,04-Oct-2025 10:00 AM,NA ,90.0,No ,No,Online,15-Oct-2025 11:00 AM,CE and BM Brahmani Basin Samal||APD cum CCE RIP Samal||Rourkela Irrigation Division Rourkela,Bonai,770038.0,1.0,"7,51,331",BISWAPRAKASH SAHU,"638,707.29",Accepted-AOC,07-Aug-2026,CE and BM Brahmani Basin Samal||APD cum CCE RIP Samal||Rourkela Irrigation Division Rourkela,True,"{'Flood': 0, 'Embankment': 0, 'embkt': 0, 'Relief': 0, 'Erosion': 0, 'SDRF': 0, 'Inundation': 0, 'Hydrology': 0, 'Silt': 0, 'Siltation': 0, 'Bund': 0, 'Trench': 0, 'Breach': 0, 'Culvert': 0, 'Sluice': 0, 'Dyke': 0, 'Storm water drain': 0, 'Emergency': 0, 'Immediate': 0, 'IM': 0, 'AE': 0, 'A E': 0, 'AAPDA MITRA': 0, 'flood': 0, 'Bridge': 0, 'River': 0, 'Drain': 0, 'Restoration': 0, 'Protection': 0, 'irr': 0, 'irrigation': 2, 'dam': 0, 'Nallah': 0, 'Retrofitting': 0, 'Pond': 0, 'Pokhari': 0, 'D/C': 0, 'Recharge shaft': 0, 'LFB': 0, 'RFB': 0}","{'Floodlight': 0, 'Flood Light': 0, 'GAS': 0, 'FIFA': 0, 'pipe': 0, 'pipes': 0, 'covid': 0, 'supply': 0, 'Beautification': 0, 'Installation': 0}",Post-Monsoon,,False,False,Repair and Restoration,{'improvement': 2}
2026_CERWI_133191_1,02 of 2026-27,PWD road to - Sankhamari_Road_RCC Drain with cover slab_1.920 to 2.020,PWD road to - Sankhamari_Road_RCC Drain with cover slab_1.920 to 2.020,Works,Open Tender,Percentage,Miscellaneous Works,No,No,NA ,25-Jun-2026 02:00 PM,NA ,90.0,No ,No,Online,08-Jul-2026 11:30 AM,CE RW I||RWCIRCLE-CUTTACK||RWDIVISION-CUTTACK-II,Cuttack,753004.0,1.0,"5,88,387",ARTTABANDHU PRADHAN,"588,387",Accepted-AOC,12-Aug-2026,CE RW I||RWCIRCLE-CUTTACK||RWDIVISION-CUTTACK-II,True,"{'Flood': 0, 'Embankment': 0, 'embkt': 0, 'Relief': 0, 'Erosion': 0, 'SDRF': 0, 'Inundation': 0, 'Hydrology': 0, 'Silt': 0, 'Siltation': 0, 'Bund': 0, 'Trench': 0, 'Breach': 0, 'Culvert': 0, 'Sluice': 0, 'Dyke': 0, 'Storm water drain': 0, 'Emergency': 0, 'Immediate': 0, 'IM': 0, 'AE': 0, 'A E': 0, 'AAPDA MITRA': 0, 'flood': 0, 'Bridge': 0, 'River': 0, 'Drain': 2, 'Restoration': 0, 'Protection': 0, 'irr': 0, 'irrigation': 0, 'dam': 0, 'Nallah': 0, 'Retrofitting': 0, 'Pond': 0, 'Pokhari': 0, 'D/C': 0, 'Recharge shaft': 0, 'LFB': 0, 'RFB': 0}","{'Floodlight': 0, 'Flood Light': 0, 'GAS': 0, 'FIFA': 0, 'pipe': 0, 'pipes': 0, 'covid': 0, 'supply': 0, 'Beautification': 0, 'Installation': 0}",Monsoon,,False,True,Repair and Restoration,{'Drain': 2}
2026_CEBMB_129617_27,e-Procurement Notice No. e-BNID-01/2026-27,"Desilting and improvement of left distributary in between RD 1550 m to 2500 m, 3500 m to 4550 m and feeder channel from RD 450 m to 950 m of Baghua Irrigation Project for the year 2026-27.","Desilting and improvement of left distributary in between RD 1550 m to 2500 m, 3500 m to 4550 m and feeder channel from RD 450 m to 950 m of Baghua Irrigation Project for the year 2026-27.",Works,Open Tender,Percentage,Civil Works - Others,No,No,NA ,25-May-2026 10:00 AM,NA ,90.0,No ,No,Online,05-Jun-2026 11:00 AM,"CE-BM,RVN Basin,Berhampur||S.E. Southern Irr. Circle I Berhampur||EE Bhanjanagar Irrigation Divn Bhanjanagar",Buguda,761118.0,1.0,"5,08,487",RAMAKRISNA BEHERA,"463,232",Rejected-Finance,24-Aug-2026,"CE-BM,RVN Basin,Berhampur||S.E. Southern Irr. Circle I Berhampur||EE Bhanjanagar Irrigation Divn Bhanjanagar",True,"{'Flood': 0, 'Embankment': 0, 'embkt': 0, 'Relief': 0, 'Erosion': 0, 'SDRF': 0, 'Inundation': 0, 'Hydrology': 0, 'Silt': 0, 'Siltation': 0, 'Bund': 0, 'Trench': 0, 'Breach': 0, 'Culvert': 0, 'Sluice': 0, 'Dyke': 0, 'Storm water drain': 0, 'Emergency': 0, 'Immediate': 0, 'IM': 0, 'AE': 0, 'A E': 0, 'AAPDA MITRA': 0, 'flood': 0, 'Bridge': 0, 'River': 0, 'Drain': 0, 'Restoration': 0, 'Protection': 0, 'irr': 0, 'irrigation': 2, 'dam': 0, 'Nallah': 0, 'Retrofitting': 0, 'Pond': 0, 'Pokhari': 0, 'D/C': 0, 'Recharge shaft': 0, 'LFB': 0, 'RFB': 0}","{'Floodlight': 0, 'Flood Light': 0, 'GAS': 0, 'FIFA': 0, 'pipe': 0, 'pipes': 0, 'covid': 0, 'supply': 0, 'Beautification': 0, 'Installation': 0}",Pre-Monsoon,,False,False,Repair and Restoration,{'improvement': 2}
2026_SEHDP_131795_5,e-Procurement Notice No.SE-HID(NSPR)-03/2026-27,"SEHID (NSPR)-03(05) Construction of R and R Colony Main approach road (Cement Concrete) from Kanseilo RD road to Office Building with drain at R and R Colony, near village Kanseilo of Hadua Irr.project, Narasinghpur, Dist-Cuttack.",Construction of CC road wit Drain,Works,National Competitive Bid,Percentage,Civil Works - Others,No,No,NA ,11-Jun-2026 11:00 AM,NA ,90.0,No ,No,Online,29-Jun-2026 11:00 AM,CCE Brutang and Hadua Irrigation Project Dasapalla||SE Hadua Division Narasinghapur,Narasinghpur,754032.0,2.0,"63,05,751",ABHAYA BHUSAN SAHOO,"6,305,750.58",Rejected-AOC,07-Aug-2026,CCE Brutang and Hadua Irrigation Project Dasapalla||SE Hadua Division Narasinghapur,True,"{'Flood': 0, 'Embankment': 0, 'embkt': 0, 'Relief': 0, 'Erosion': 0, 'SDRF': 0, 'Inundation': 0, 'Hydrology': 0, 'Silt': 0, 'Siltation': 0, 'Bund': 0, 'Trench': 0, 'Breach': 0, 'Culvert': 0, 'Sluice': 0, 'Dyke': 0, 'Storm water drain': 0, 'Emergency': 0, 'Immediate': 0, 'IM': 0, 'AE': 0, 'A E': 0, 'AAPDA MITRA': 0, 'flood': 0, 'Bridge': 0, 'River': 0, 'Drain': 2, 'Restoration': 0, 'Protection': 0, 'irr': 1, 'irrigation': 0, 'dam': 0, 'Nallah': 0, 'Retrofitting': 0, 'Pond': 0, 'Pokhari': 0, 'D/C': 0, 'Recharge shaft': 0, 'LFB': 0, 'RFB': 0}","{'Floodlight': 0, 'Flood Light': 0, 'GAS': 0, 'FIFA': 0, 'pipe': 0, 'pipes': 0, 'covid': 0, 'supply': 0, 'Beautification': 0, 'Installation': 0}",Monsoon,,False,True,Repair and Restoration,"{'Construction': 2, 'Drain': 2}"
2026_CEBMB_129617_33,e-Procurement Notice No. e-BNID-01/2026-27,Silt clearance of Girisola Canal in between RD 0.10 Km to 9.90 Km for the year 2026-27.,Silt clearance of Girisola Canal in between RD 0.10 Km to 9.90 Km for the year 2026-27.,Works,Open Tender,Percentage,Civil Works - Others,No,No,NA ,25-May-2026 10:00 AM,NA ,90.0,No ,No,Online,05-Jun-2026 11:00 AM,"CE-BM,RVN Basin,Berhampur||S.E. Southern Irr. Circle I Berhampur||EE Bhanjanagar Irrigation Divn Bhanjanagar",Bhanjanagar,761126.0,1.0,"10,07,432",Sujeet Kumar Barik,"705,202",Rejected-AOC,28-Aug-2026,"CE-BM,RVN Basin,Berhampur||S.E. Southern Irr. Circle I Berhampur||EE Bhanjanagar Irrigation Divn Bhanjanagar",True,"{'Flood': 0, 'Embankment': 0, 'embkt': 0, 'Relief': 0, 'Erosion': 0, 'SDRF': 0, 'Inundation': 0, 'Hydrology': 0, 'Silt': 2, 'Siltation': 0, 'Bund': 0, 'Trench': 0, 'Breach': 0, 'Culvert': 0, 'Sluice': 0, 'Dyke': 0, 'Storm water drain': 0, 'Emergency': 0, 'Immediate': 0, 'IM': 0, 'AE': 0, 'A E': 0, 'AAPDA MITRA': 0, 'flood': 0, 'Bridge': 0, 'River': 0, 'Drain': 0, 'Restoration': 0, 'Protection': 0, 'irr': 0, 'irrigation': 0, 'dam': 0, 'Nallah': 0, 'Retrofitting': 0, 'Pond': 0, 'Pokhari': 0, 'D/C': 0, 'Recharge shaft': 0, 'LFB': 0, 'RFB': 0}","{'Floodlight': 0, 'Flood Light': 0, 'GAS': 0, 'FIFA': 0, 'pipe': 0, 'pipes': 0, 'covid': 0, 'supply': 0, 'Beautification': 0, 'Installation': 0}",Pre-Monsoon,,False,True,Others,
2026_CEMIB_129213_3,SEMIDRGD-04/2026-27,Improvement to Narasinghanala Check Dam in Muniguda Block of Rayagada District under the scheme Improvement to Check Dam 2026-27,Improvement to Narasinghanala Check Dam in Muniguda Block of Rayagada District under the scheme Improvement to Check Dam 2026-27,Works,National Competitive Bid,Percentage,Civil Works - Others,No,No,NA ,13-May-2026 10:00 AM,NA ,90.0,No ,No,Online,29-May-2026 11:00 AM,"CE,Minor Irrigation,BBSR||SE,KBK Minor Irr.CircleII,Jeypore||EE M.I. Division Rayagada",Rayagada,765001.0,1.0,"9,93,051",AKASH NAYAK,"993,050.59",Rejected-AOC,17-Jun-2026,"CE,Minor Irrigation,BBSR||SE,KBK Minor Irr.CircleII,Jeypore||EE M.I. Division Rayagada",True,"{'Flood': 0, 'Embankment': 0, 'embkt': 0, 'Relief': 0, 'Erosion': 0, 'SDRF': 0, 'Inundation': 0, 'Hydrology': 0, 'Silt': 0, 'Siltation': 0, 'Bund': 0, 'Trench': 0, 'Breach': 0, 'Culvert': 0, 'Sluice': 0, 'Dyke': 0, 'Storm water drain': 0, 'Emergency': 0, 'Immediate': 0, 'IM': 0, 'AE': 0, 'A E': 0, 'AAPDA MITRA': 0, 'flood': 0, 'Bridge': 0, 'River': 0, 'Drain': 0, 'Restoration': 0, 'Protection': 0, 'irr': 0, 'irrigation': 0, 'dam': 4, 'Nallah': 0, 'Retrofitting': 0, 'Pond': 0, 'Pokhari': 0, 'D/C': 0, 'Recharge shaft': 0, 'LFB': 0, 'RFB': 0}","{'Floodlight': 0, 'Flood Light': 0, 'GAS': 0, 'FIFA': 0, 'pipe': 0, 'pipes': 0, 'covid': 0, 'supply': 0, 'Beautification': 0, 'Installation': 0}",Pre-Monsoon,,False,False,Repair and Restoration,"{'improvement': 4, 'Check Dam': 4}"
2025_WPDTH_121355_1,WATCO(GMPD-III)-01/2025-26 Dtd.14.11.2025,"Annual Maintenance of Facultative Pond, Wet well and Pumping Station at Kochilaput, inside STP Campus, Bhubaneswar","Annual Maintenance of Facultative Pond, Wet well and Pumping Station at Kochilaput, inside STP Campus, Bhubaneswar",Works,National Competitive Bid,Percentage,Civil Works - Water Works,No,No,NA ,18-Nov-2025 11:00 AM,NA ,120.0,No ,No,Online,26-Nov-2025 12:30 PM,WATCO Bhubaneswar||Director (Projects) Watco||WATCO Project Division III,"Kochilaput, inside STP Campus, Bhubaneswar",751019.0,1.0,"39,36,000",EUREKA TRADERS BUREAU,"3,345,816",Rejected-AOC,10-Aug-2026,WATCO Bhubaneswar||Director (Projects) Watco||WATCO Project Division III,True,"{'Flood': 0, 'Embankment': 0, 'embkt': 0, 'Relief': 0, 'Erosion': 0, 'SDRF': 0, 'Inundation': 0, 'Hydrology': 0, 'Silt': 0, 'Siltation': 0, 'Bund': 0, 'Trench': 0, 'Breach': 0, 'Culvert': 0, 'Sluice': 0, 'Dyke': 0, 'Storm water drain': 0, 'Emergency': 0, 'Immediate': 0, 'IM': 0, 'AE': 0, 'A E': 0, 'AAPDA MITRA': 0, 'flood': 0, 'Bridge': 0, 'River': 0, 'Drain': 0, 'Restoration': 0, 'Protection': 0, 'irr': 0, 'irrigation': 0, 'dam': 0, 'Nallah': 0, 'Retrofitting': 0, 'Pond': 2, 'Pokhari': 0, 'D/C': 0, 'Recharge shaft': 0, 'LFB': 0, 'RFB': 0}","{'Floodlight': 0, 'Flood Light': 0, 'GAS': 0, 'FIFA': 0, 'pipe': 0, 'pipes': 0, 'covid': 0, 'supply': 0, 'Beautification': 0, 'Installation': 0}",Post-Monsoon,,False,False,Preparedness Measures,{'Annual maintenance': 2}
2025_CEBBS_121965_5,SERID-RKL-05-2025-26,Construction of Toe wall from RD 6745m to RD 6785m of Left bank of Left Main Canal of Kanshbahal Irrigation Project for the year 2025-26,Construction of Toe wall from RD 6745m to RD 6785m of Left bank of Left Main Canal of Kanshbahal Irrigation Project for the year 2025-26,Works,Open Tender,Percentage,Civil Works - Canal,No,No,NA ,26-Nov-2025 10:00 AM,NA ,90.0,No ,No,Online,08-Dec-2025 11:00 AM,CE and BM Brahmani Basin Samal||APD cum CCE RIP Samal||Rourkela Irrigation Division Rourkela,Kanshbahal,770034.0,1.0,"4,73,774",BISHNU PRASAD NAYAK,"402,755.04",Accepted-AOC,10-Aug-2026,CE and BM Brahmani Basin Samal||APD cum CCE RIP Samal||Rourkela Irrigation Division Rourkela,True,"{'Flood': 0, 'Embankment': 0, 'embkt': 0, 'Relief': 0, 'Erosion': 0, 'SDRF': 0, 'Inundation': 0, 'Hydrology': 0, 'Silt': 0, 'Siltation': 0, 'Bund': 0, 'Trench': 0, 'Breach': 0, 'Culvert': 0, 'Sluice': 0, 'Dyke': 0, 'Storm water drain': 0, 'Emergency': 0, 'Immediate': 0, 'IM': 0, 'AE': 0, 'A E': 0, 'AAPDA MITRA': 0, 'flood': 0, 'Bridge': 0, 'River': 0, 'Drain': 0, 'Restoration': 0, 'Protection': 0, 'irr': 0, 'irrigation': 2, 'dam': 0, 'Nallah': 0, 'Retrofitting': 0, 'Pond': 0, 'Pokhari': 0, 'D/C': 0, 'Recharge shaft': 0, 'LFB': 0, 'RFB': 0}","{'Floodlight': 0, 'Flood Light': 0, 'GAS': 0, 'FIFA': 0, 'pipe': 0, 'pipes': 0, 'covid': 0, 'supply': 0, 'Beautification': 0, 'Installation': 0}",Post-Monsoon,,False,False,Repair and Restoration,{'Construction': 2}
2025_CERWI_121180_1,CCERWCSBD ONLINE 18 2025 26,Construction of bridge over Local Nallah on RD Road to Bariapakhana Solpa (Via-Darengba) PS Road in the district of Koraput under SBY for the year 2024-25,Construction of bridge over Local Nallah on RD Road to Bariapakhana Solpa (Via-Darengba) PS Road in the district of Koraput under SBY for the year 2024-25,Works,National Competitive Bid,Percentage,Civil Works - Bridges,No,No,NA ,12-Nov-2025 06:30 PM,NA ,90.0,No ,No,Online,19-Nov-2025 11:00 AM,CE RW I||RWCIRCLE-SUNABEDA,SUNABEDA,763001.0,2.0,"6,08,06,995",CHANDAN KUMAR BISOI,"51,692,026.53",Rejected-Technical,11-Aug-2026,CE RW I||RWCIRCLE-SUNABEDA,True,"{'Flood': 0, 'Embankment': 0, 'embkt': 0, 'Relief': 0, 'Erosion': 0, 'SDRF': 0, 'Inundation': 0, 'Hydrology': 0, 'Silt': 0, 'Siltation': 0, 'Bund': 0, 'Trench': 0, 'Breach': 0, 'Culvert': 0, 'Sluice': 0, 'Dyke': 0, 'Storm water drain': 0, 'Emergency': 0, 'Immediate': 0, 'IM': 0, 'AE': 0, 'A E': 0, 'AAPDA MITRA': 0, 'flood': 0, 'Bridge': 2, 'River': 0, 'Drain': 0, 'Restoration': 0, 'Protection': 0, 'irr': 0, 'irrigation': 0, 'dam': 0, 'Nallah': 2, 'Retrofitting': 0, 'Pond': 0, 'Pokhari': 0, 'D/C': 0, 'Recharge shaft': 0, 'LFB': 0, 'RFB': 0}","{'Floodlight': 0, 'Flood Light': 0, 'GAS': 0, 'FIFA': 0, 'pipe': 0, 'pipes': 0, 'covid': 0, 'supply': 0, 'Beautification': 0, 'Installation': 0}",Post-Monsoon,,False,True,Repair and Restoration,"{'Construction': 2, 'Bridge': 2}"
2025_CERWI_122931_1,RWCCESNG-20 OF 2025-26,Construction of road from Jinkela to Deogarh Border including bridge under MMSY-CMRL in the Dist of Sundargarh for the year 2025-26.,Construction of road from Jinkela to Deogarh Border including bridge under MMSY-CMRL in the Dist of Sundargarh for the year 2025-26.,Works,National Competitive Bid,Percentage,Civil Works - Others,No,No,NA ,10-Dec-2025 04:30 PM,NA ,90.0,No ,No,Online,24-Dec-2025 11:00 AM,CE RW I||RW-CIRCLE-SUNDARGARH,Bonai,770038.0,2.0,"8,28,20,476",AMIT KUMAR JAISWAL,"70,405,686.3",Rejected-AOC,01-Aug-2026,CE RW I||RW-CIRCLE-SUNDARGARH,True,"{'Flood': 0, 'Embankment': 0, 'embkt': 0, 'Relief': 0, 'Erosion': 0, 'SDRF': 0, 'Inundation': 0, 'Hydrology': 0, 'Silt': 0, 'Siltation': 0, 'Bund': 0, 'Trench': 0, 'Breach': 0, 'Culvert': 0, 'Sluice': 0, 'Dyke': 0, 'Storm water drain': 0, 'Emergency': 0, 'Immediate': 0, 'IM': 0, 'AE': 0, 'A E': 0, 'AAPDA MITRA': 0, 'flood': 0, 'Bridge': 2, 'River': 0, 'Drain': 0, 'Restoration': 0, 'Protection': 0, 'irr': 0, 'irrigation': 0, 'dam': 0, 'Nallah': 0, 'Retrofitting': 0, 'Pond': 0, 'Pokhari': 0, 'D/C': 0, 'Recharge shaft': 0, 'LFB': 0, 'RFB': 0}","{'Floodlight': 0, 'Flood Light': 0, 'GAS': 0, 'FIFA': 0, 'pipe': 0, 'pipes': 0, 'covid': 0, 'supply': 0, 'Beautification': 0, 'Installation': 0}",Post-Monsoon,,False,True,Repair and Restoration,"{'Construction': 2, 'Bridge': 2}"
2026_CELBB_130083_8,SEPRD04/2026-27,Restoration to Kandal Left Embankment from RD 7.500 Km to 7.750 Km and RD 8.30 to 8.850 Km,EMBANKMENT WORK,Works,Open Tender,Percentage,Civil Works - Canal,No,No,NA ,02-Jun-2026 11:00 AM,NA ,90.0,No ,No,Online,17-Jun-2026 10:30 AM,"CE-BM,LMB Basin,BBSR||SE, Central Irr.Circle, BBSR||EE,Prachi Division,Bhubaneswar",Kantapada,754002.0,2.0,"64,86,458",ABHIJEET JENA,"5,189,167",Rejected-Finance,29-Aug-2026,"CE-BM,LMB Basin,BBSR||SE, Central Irr.Circle, BBSR||EE,Prachi Division,Bhubaneswar",True,"{'Flood': 0, 'Embankment': 2, 'embkt': 0, 'Relief': 0, 'Erosion': 0, 'SDRF': 0, 'Inundation': 0, 'Hydrology': 0, 'Silt': 0, 'Siltation': 0, 'Bund': 0, 'Trench': 0, 'Breach': 0, 'Culvert': 0, 'Sluice': 0, 'Dyke': 0, 'Storm water drain': 0, 'Emergency': 0, 'Immediate': 0, 'IM': 0, 'AE': 0, 'A E': 0, 'AAPDA MITRA': 0, 'flood': 0, 'Bridge': 0, 'River': 0, 'Drain': 0, 'Restoration': 1, 'Protection': 0, 'irr': 0, 'irrigation': 0, 'dam': 0, 'Nallah': 0, 'Retrofitting': 0, 'Pond': 0, 'Pokhari': 0, 'D/C': 0, 'Recharge shaft': 0, 'LFB': 0, 'RFB': 0}","{'Floodlight': 0, 'Flood Light': 0, 'GAS': 0, 'FIFA': 0, 'pipe': 0, 'pipes': 0, 'covid': 0, 'supply': 0, 'Beautification': 0, 'Installation': 0}",Monsoon,,False,True,Repair and Restoration,{'restoration': 1}
2021_ORULB_68174_6,EO/JMC/052/2021-22,Improvement of Road and Repair of Drain from Parvati Aama house to Santi house via Hati Babu house in Ward No. 05,Improvement of Road and Repair of Drain from Parvati Aama house to Santi house via Hati Babu house in Ward No. 05,Works,Open Tender,Percentage,Civil Works - Others,No,No,NA ,05-May-2021 10:00 AM,NA ,60.0,No ,No,Online,20-May-2021 11:30 AM,Municipal Bodies||Jatni Municipal Council,"EXECUTIVE OFFICER,JATNI MUNICIPALITY",752050.0,1.0,,GOURANGA BALIARSINGH,"615,448",Rejected-Finance,18-Aug-2026,Municipal Bodies||Jatni Municipal Council,True,"{'Flood': 0, 'Embankment': 0, 'embkt': 0, 'Relief': 0, 'Erosion': 0, 'SDRF': 0, 'Inundation': 0, 'Hydrology': 0, 'Silt': 0, 'Siltation': 0, 'Bund': 0, 'Trench': 0, 'Breach': 0, 'Culvert': 0, 'Sluice': 0, 'Dyke': 0, 'Storm water drain': 0, 'Emergency': 0, 'Immediate': 0, 'IM': 0, 'AE': 0, 'A E': 0, 'AAPDA MITRA': 0, 'flood': 0, 'Bridge': 0, 'River': 0, 'Drain': 2, 'Restoration': 0, 'Protection': 0, 'irr': 0, 'irrigation': 0, 'dam': 0, 'Nallah': 0, 'Retrofitting': 0, 'Pond': 0, 'Pokhari': 0, 'D/C': 0, 'Recharge shaft': 0, 'LFB': 0, 'RFB': 0}","{'Floodlight': 0, 'Flood Light': 0, 'GAS': 0, 'FIFA': 0, 'pipe': 0, 'pipes': 0, 'covid': 0, 'supply': 0, 'Beautification': 0, 'Installation': 0}",Pre-Monsoon,,False,True,Repair and Restoration,"{'improvement': 2, 'repair': 2, 'Drain': 2}"
2026_CELBB_124082_1,ACECIC - 13/ 2025-26,Improvement of service road of Rajua left embankment from Pandiaibili to Badaput village .,Improvement of service road of Rajua left embankment from Pandiaibili to Badaput village .,Works,National Competitive Bid,Percentage,Civil Works - Canal,No,No,NA ,02-Jan-2026 10:00 AM,NA ,90.0,No ,No,Online,28-Jan-2026 11:00 AM,"CE-BM,LMB Basin,BBSR||SE, Central Irr.Circle, BBSR",Kanas,752017.0,2.0,"2,53,32,252",Abinash Mohanty,"21,534,947",Rejected-Finance,15-Apr-2026,"CE-BM,LMB Basin,BBSR||SE, Central Irr.Circle, BBSR",True,"{'Flood': 0, 'Embankment': 2, 'embkt': 0, 'Relief': 0, 'Erosion': 0, 'SDRF': 0, 'Inundation': 0, 'Hydrology': 0, 'Silt': 0, 'Siltation': 0, 'Bund': 0, 'Trench': 0, 'Breach': 0, 'Culvert': 0, 'Sluice': 0, 'Dyke': 0, 'Storm water drain': 0, 'Emergency': 0, 'Immediate': 0, 'IM': 0, 'AE': 0, 'A E': 0, 'AAPDA MITRA': 0, 'flood': 0, 'Bridge': 0, 'River': 0, 'Drain': 0, 'Restoration': 0, 'Protection': 0, 'irr': 0, 'irrigation': 0, 'dam': 0, 'Nallah': 0, 'Retrofitting': 0, 'Pond': 0, 'Pokhari': 0, 'D/C': 0, 'Recharge shaft': 0, 'LFB': 0, 'RFB': 0}","{'Floodlight': 0, 'Flood Light': 0, 'GAS': 0, 'FIFA': 0, 'pipe': 0, 'pipes': 0, 'covid': 0, 'supply': 0, 'Beautification': 0, 'Installation': 0}",Post-Monsoon,,False,True,Repair and Restoration,{'improvement': 2}
2026_CEMIB_124558_2,BID IDENTIFICATION NO_SEMIDN_14_OF2025_26,Improvement to Sundari-II Check Dam in Khandapada Block of Nayagarh district under Improvement to Check Dam grant for the year 2025-26,Improvement to Sundari-II Check Dam in Khandapada Block of Nayagarh district under Improvement to Check Dam grant for the year 2025-26,Works,National Competitive Bid,Percentage,Civil Works - Others,No,No,NA ,14-Jan-2026 10:00 AM,NA ,90.0,No ,No,Online,21-Jan-2026 11:00 AM,"CE,Minor Irrigation,BBSR||SECMIC-BHUBANESWAR||EE MI Divn. Nayagarh",SUPERINTENDING ENGINEER M I DIVISION NAYAGARH,752070.0,1.0,,ANANDA KUMAR PANDA,"356,734.67",Rejected-AOC,14-Aug-2026,"CE,Minor Irrigation,BBSR||SECMIC-BHUBANESWAR||EE MI Divn. Nayagarh",True,"{'Flood': 0, 'Embankment': 0, 'embkt': 0, 'Relief': 0, 'Erosion': 0, 'SDRF': 0, 'Inundation': 0, 'Hydrology': 0, 'Silt': 0, 'Siltation': 0, 'Bund': 0, 'Trench': 0, 'Breach': 0, 'Culvert': 0, 'Sluice': 0, 'Dyke': 0, 'Storm water drain': 0, 'Emergency': 0, 'Immediate': 0, 'IM': 0, 'AE': 0, 'A E': 0, 'AAPDA MITRA': 0, 'flood': 0, 'Bridge': 0, 'River': 0, 'Drain': 0, 'Restoration': 0, 'Protection': 0, 'irr': 0, 'irrigation': 0, 'dam': 4, 'Nallah': 0, 'Retrofitting': 0, 'Pond': 0, 'Pokhari': 0, 'D/C': 0, 'Recharge shaft': 0, 'LFB': 0, 'RFB': 0}","{'Floodlight': 0, 'Flood Light': 0, 'GAS': 0, 'FIFA': 0, 'pipe': 0, 'pipes': 0, 'covid': 0, 'supply': 0, 'Beautification': 0, 'Installation': 0}",Post-Monsoon,,False,False,Repair and Restoration,"{'improvement': 4, 'Check Dam': 4}"
2026_CERWI_134740_1,03/MOHANA/2026-27,Repair to Steel Bridge over Kamalapadar Nallah on Kamalapadar Kendupadar road_Road_ Renewal coat to both side Approach road and painting._At 1.000 Km,Repair to Steel Bridge over Kamalapadar Nallah on Kamalapadar Kendupadar road_Road_ Renewal coat to both side Approach road and painting._At 1.000 Km,Works,National Competitive Bid,Percentage,Civil Works - Roads,No,No,NA ,08-Jul-2026 11:00 AM,NA ,90.0,No ,No,Online,18-Jul-2026 11:00 AM,CE RW I||RWCIRCLE-RAYAGADA||RWDIVISION-MOHANA,Mohana,761015.0,1.0,"12,70,644",E. Bhagirathi Patro,"1,219,946",Accepted-AOC,12-Aug-2026,CE RW I||RWCIRCLE-RAYAGADA||RWDIVISION-MOHANA,True,"{'Flood': 0, 'Embankment': 0, 'embkt': 0, 'Relief': 0, 'Erosion': 0, 'SDRF': 0, 'Inundation': 0, 'Hydrology': 0, 'Silt': 0, 'Siltation': 0, 'Bund': 0, 'Trench': 0, 'Breach': 0, 'Culvert': 0, 'Sluice': 0, 'Dyke': 0, 'Storm water drain': 0, 'Emergency': 0, 'Immediate': 0, 'IM': 0, 'AE': 0, 'A E': 0, 'AAPDA MITRA': 0, 'flood': 0, 'Bridge': 2, 'River': 0, 'Drain': 0, 'Restoration': 0, 'Protection': 0, 'irr': 0, 'irrigation': 0, 'dam': 0, 'Nallah': 2, 'Retrofitting': 0, 'Pond': 0, 'Pokhari': 0, 'D/C': 0, 'Recharge shaft': 0, 'LFB': 0, 'RFB': 0}","{'Floodlight': 0, 'Flood Light': 0, 'GAS': 0, 'FIFA': 0, 'pipe': 0, 'pipes': 0, 'covid': 0, 'supply': 0, 'Beautification': 0, 'Installation': 0}",Monsoon,,False,True,Repair and Restoration,"{'repair': 2, 'Bridge': 2}"
2025_CERWI_119321_1,RWCSBP-15 OF 2025-26,Construction of Bridge over Local Nallah at 0.850 K.M. on Gulujipali to Kasada Road in the District of Sambalpur under SBY for the year 2024-25.,Construction of Bridge over Local Nallah at 0.850 K.M. on Gulujipali to Kasada Road in the District of Sambalpur under SBY for the year 2024-25.,Works,Open Tender,Percentage,Miscellaneous Works,No,No,NA ,13-Oct-2025 11:00 AM,NA ,90.0,No ,No,Online,28-Oct-2025 11:00 AM,CE RW I||RWCIRCLE-SAMBALPUR,Kuchinda,768222.0,2.0,"6,96,37,096",D. K. Engineering and Construction,"59,198,495",Rejected-Finance,06-Aug-2026,CE RW I||RWCIRCLE-SAMBALPUR,True,"{'Flood': 0, 'Embankment': 0, 'embkt': 0, 'Relief': 0, 'Erosion': 0, 'SDRF': 0, 'Inundation': 0, 'Hydrology': 0, 'Silt': 0, 'Siltation': 0, 'Bund': 0, 'Trench': 0, 'Breach': 0, 'Culvert': 0, 'Sluice': 0, 'Dyke': 0, 'Storm water drain': 0, 'Emergency': 0, 'Immediate': 0, 'IM': 0, 'AE': 0, 'A E': 0, 'AAPDA MITRA': 0, 'flood': 0, 'Bridge': 2, 'River': 0, 'Drain': 0, 'Restoration': 0, 'Protection': 0, 'irr': 0, 'irrigation': 0, 'dam': 0, 'Nallah': 2, 'Retrofitting': 0, 'Pond': 0, 'Pokhari': 0, 'D/C': 0, 'Recharge shaft': 0, 'LFB': 0, 'RFB': 0}","{'Floodlight': 0, 'Flood Light': 0, 'GAS': 0, 'FIFA': 0, 'pipe': 0, 'pipes': 0, 'covid': 0, 'supply': 0, 'Beautification': 0, 'Installation': 0}",Post-Monsoon,,False,True,Repair and Restoration,"{'Construction': 2, 'Bridge': 2}"
2026_ORULB_125479_5,31/SMC_SBP/2025-26,"Rejuvenation of Pond at Manikmunda ,Modipada","Rejuvenation of Pond at Manikmunda ,Modipada",Works,National Competitive Bid,Percentage,Civil Works - Others,No,No,NA ,07-Feb-2026 11:00 AM,NA ,120.0,No ,No,Online,02-Mar-2026 11:00 AM,Municipal Bodies||Sambalpur Municipal Corporation,SAMBALPUR MUNICIPAL CORPORATION,768006.0,2.0,"82,41,398",Pratik Kumar Agrawal,"8,241,398",Rejected-Finance,03-Aug-2026,Municipal Bodies||Sambalpur Municipal Corporation,True,"{'Flood': 0, 'Embankment': 0, 'embkt': 0, 'Relief': 0, 'Erosion': 0, 'SDRF': 0, 'Inundation': 0, 'Hydrology': 0, 'Silt': 0, 'Siltation': 0, 'Bund': 0, 'Trench': 0, 'Breach': 0, 'Culvert': 0, 'Sluice': 0, 'Dyke': 0, 'Storm water drain': 0, 'Emergency': 0, 'Immediate': 0, 'IM': 0, 'AE': 0, 'A E': 0, 'AAPDA MITRA': 0, 'flood': 0, 'Bridge': 0, 'River': 0, 'Drain': 0, 'Restoration': 0, 'Protection': 0, 'irr': 0, 'irrigation': 0, 'dam': 0, 'Nallah': 0, 'Retrofitting': 0, 'Pond': 2, 'Pokhari': 0, 'D/C': 0, 'Recharge shaft': 0, 'LFB': 0, 'RFB': 0}","{'Floodlight': 0, 'Flood Light': 0, 'GAS': 0, 'FIFA': 0, 'pipe': 0, 'pipes': 0, 'covid': 0, 'supply': 0, 'Beautification': 0, 'Installation': 0}",Post-Monsoon,,False,False,Others,
2026_CELBB_124907_2,e-Procurement Notice No.- 08 of 2025-26,NID-205- Improvement to Kushabhadra Right Embankment near Village Praharajsahi.,Improvement to Kushabhadra Right Embankment near Village Praharajsahi.,Works,Open Tender,Percentage,Civil Works - Others,No,No,NA ,22-Jan-2026 11:00 AM,NA ,90.0,No ,No,Online,06-Feb-2026 11:00 AM,"CE-BM,LMB Basin,BBSR||SE, Central Irr.Circle, BBSR||EE,Nimapada Irr Division, Nimapada",Nimapara,752106.0,1.0,"42,57,072",ABHIJIT SWAIN,"3,403,529",Rejected-Finance,20-Aug-2026,"CE-BM,LMB Basin,BBSR||SE, Central Irr.Circle, BBSR||EE,Nimapada Irr Division, Nimapada",True,"{'Flood': 0, 'Embankment': 2, 'embkt': 0, 'Relief': 0, 'Erosion': 0, 'SDRF': 0, 'Inundation': 0, 'Hydrology': 0, 'Silt': 0, 'Siltation': 0, 'Bund': 0, 'Trench': 0, 'Breach': 0, 'Culvert': 0, 'Sluice': 0, 'Dyke': 0, 'Storm water drain': 0, 'Emergency': 0, 'Immediate': 0, 'IM': 0, 'AE': 0, 'A E': 0, 'AAPDA MITRA': 0, 'flood': 0, 'Bridge': 0, 'River': 0, 'Drain': 0, 'Restoration': 0, 'Protection': 0, 'irr': 0, 'irrigation': 0, 'dam': 0, 'Nallah': 0, 'Retrofitting': 0, 'Pond': 0, 'Pokhari': 0, 'D/C': 0, 'Recharge shaft': 0, 'LFB': 0, 'RFB': 0}","{'Floodlight': 0, 'Flood Light': 0, 'GAS': 0, 'FIFA': 0, 'pipe': 0, 'pipes': 0, 'covid': 0, 'supply': 0, 'Beautification': 0, 'Installation': 0}",Post-Monsoon,,False,True,Repair and Restoration,{'improvement': 2}
2025_CELBB_120208_5,MND-11 OF 2025-26,Restoration to scoured bank on Mahanadi left near village Mandania for the year 2025-26,Restoration to scoured bank on Mahanadi left near village Mandania for the year 2025-26,Works,National Competitive Bid,Percentage,Civil Works - Others,No,No,NA ,29-Oct-2025 10:00 AM,NA ,90.0,No ,No,Online,10-Nov-2025 11:30 AM,"CE-BM,LMB Basin,BBSR||SE, Eastern Circle,Cuttack||EE, Mahanadi North Division,Jagatpur",ATHAGARH,754021.0,1.0,"19,76,021",BIDYULATA PALEI,"1,679,816",Rejected-Finance,13-Aug-2026,"CE-BM,LMB Basin,BBSR||SE, Eastern Circle,Cuttack||EE, Mahanadi North Division,Jagatpur",True,"{'Flood': 0, 'Embankment': 0, 'embkt': 0, 'Relief': 0, 'Erosion': 0, 'SDRF': 0, 'Inundation': 0, 'Hydrology': 0, 'Silt': 0, 'Siltation': 0, 'Bund': 0, 'Trench': 0, 'Breach': 0, 'Culvert': 0, 'Sluice': 0, 'Dyke': 0, 'Storm water drain': 0, 'Emergency': 0, 'Immediate': 0, 'IM': 0, 'AE': 0, 'A E': 0, 'AAPDA MITRA': 0, 'flood': 0, 'Bridge': 0, 'River': 0, 'Drain': 0, 'Restoration': 2, 'Protection': 0, 'irr': 0, 'irrigation': 0, 'dam': 0, 'Nallah': 0, 'Retrofitting': 0, 'Pond': 0, 'Pokhari': 0, 'D/C': 0, 'Recharge shaft': 0, 'LFB': 0, 'RFB': 0}","{'Floodlight': 0, 'Flood Light': 0, 'GAS': 0, 'FIFA': 0, 'pipe': 0, 'pipes': 0, 'covid': 0, 'supply': 0, 'Beautification': 0, 'Installation': 0}",Post-Monsoon,,False,False,Repair and Restoration,{'restoration': 2}
2026_ORULB_125192_34,GUN-MUN-78/2025-26,"Protection of Govt. land in Plot No.1259, Khata No.330 (Parambok), mouza-Gunupur , Tahasil-Gunupur of Rayagada Dist.","Protection of Govt. land in Plot No.1259, Khata No.330 (Parambok), mouza-Gunupur , Tahasil-Gunupur of Rayagada Dist.",Works,Open Tender,Percentage,Civil Works - Others,No,No,NA ,01-Feb-2026 11:00 AM,NA ,90.0,No ,No,Online,11-Feb-2026 11:00 AM,Municipal Bodies||Gunupur Municipal Council,Gunupur Municipality area,765022.0,1.0,"2,05,000",BALAJI PANIGRAHI,"241,901",Accepted-AOC,24-Aug-2026,Municipal Bodies||Gunupur Municipal Council,True,"{'Flood': 0, 'Embankment': 0, 'embkt': 0, 'Relief': 0, 'Erosion': 0, 'SDRF': 0, 'Inundation': 0, 'Hydrology': 0, 'Silt': 0, 'Siltation': 0, 'Bund': 0, 'Trench': 0, 'Breach': 0, 'Culvert': 0, 'Sluice': 0, 'Dyke': 0, 'Storm water drain': 0, 'Emergency': 0, 'Immediate': 0, 'IM': 0, 'AE': 0, 'A E': 0, 'AAPDA MITRA': 0, 'flood': 0, 'Bridge': 0, 'River': 0, 'Drain': 0, 'Restoration': 0, 'Protection': 2, 'irr': 0, 'irrigation': 0, 'dam': 0, 'Nallah': 0, 'Retrofitting': 0, 'Pond': 0, 'Pokhari': 0, 'D/C': 0, 'Recharge shaft': 0, 'LFB': 0, 'RFB': 0}","{'Floodlight': 0, 'Flood Light': 0, 'GAS': 0, 'FIFA': 0, 'pipe': 0, 'pipes': 0, 'covid': 0, 'supply': 0, 'Beautification': 0, 'Installation': 0}",Post-Monsoon,,False,False,Preparedness Measures,{'Protection': 2}
2026_CEMIB_129213_16,SEMIDRGD-04/2026-27,Improvement to Ghadaghadia Check Dam in Bissamcuttack Block of Rayagada District under the scheme Improvement to Check Dam 2026-27,Improvement to Ghadaghadia Check Dam in Bissamcuttack Block of Rayagada District under the scheme Improvement to Check Dam 2026-27,Works,National Competitive Bid,Percentage,Civil Works - Others,No,No,NA ,13-May-2026 10:00 AM,NA ,90.0,No ,No,Online,29-May-2026 11:00 AM,"CE,Minor Irrigation,BBSR||SE,KBK Minor Irr.CircleII,Jeypore||EE M.I. Division Rayagada",Rayagada,765001.0,1.0,"8,77,253",SABITA MISHRA,"877,252.97",Rejected-AOC,11-Aug-2026,"CE,Minor Irrigation,BBSR||SE,KBK Minor Irr.CircleII,Jeypore||EE M.I. Division Rayagada",True,"{'Flood': 0, 'Embankment': 0, 'embkt': 0, 'Relief': 0, 'Erosion': 0, 'SDRF': 0, 'Inundation': 0, 'Hydrology': 0, 'Silt': 0, 'Siltation': 0, 'Bund': 0, 'Trench': 0, 'Breach': 0, 'Culvert': 0, 'Sluice': 0, 'Dyke': 0, 'Storm water drain': 0, 'Emergency': 0, 'Immediate': 0, 'IM': 0, 'AE': 0, 'A E': 0, 'AAPDA MITRA': 0, 'flood': 0, 'Bridge': 0, 'River': 0, 'Drain': 0, 'Restoration': 0, 'Protection': 0, 'irr': 0, 'irrigation': 0, 'dam': 4, 'Nallah': 0, 'Retrofitting': 0, 'Pond': 0, 'Pokhari': 0, 'D/C': 0, 'Recharge shaft': 0, 'LFB': 0, 'RFB': 0}","{'Floodlight': 0, 'Flood Light': 0, 'GAS': 0, 'FIFA': 0, 'pipe': 0, 'pipes': 0, 'covid': 0, 'supply': 0, 'Beautification': 0, 'Installation': 0}",Pre-Monsoon,,False,False,Repair and Restoration,"{'improvement': 4, 'Check Dam': 4}"
2025_ORULB_117505_47,CHM-02/2025-2026,Construction of Paver Road and Drain from Dheulei temple to Upper Sahi Chhak in Ward No 13 of Choudwar Municipality,Construction of Paver Road and Drain from Dheulei temple to Upper Sahi Chhak in Ward No 13 of Choudwar Municipality,Works,Open Tender,Percentage,Civil Works - Roads,No,No,NA ,06-Sep-2025 11:00 AM,NA ,90.0,No ,No,Online,22-Sep-2025 11:00 AM,Municipal Bodies||Choudwar Municipality,Choudwar Municipality,754071.0,1.0,"11,98,556",PRAMOD SAMAL,"1,018,892",Rejected-Finance,24-Aug-2026,Municipal Bodies||Choudwar Municipality,True,"{'Flood': 0, 'Embankment': 0, 'embkt': 0, 'Relief': 0, 'Erosion': 0, 'SDRF': 0, 'Inundation': 0, 'Hydrology': 0, 'Silt': 0, 'Siltation': 0, 'Bund': 0, 'Trench': 0, 'Breach': 0, 'Culvert': 0, 'Sluice': 0, 'Dyke': 0, 'Storm water drain': 0, 'Emergency': 0, 'Immediate': 0, 'IM': 0, 'AE': 0, 'A E': 0, 'AAPDA MITRA': 0, 'flood': 0, 'Bridge': 0, 'River': 0, 'Drain': 2, 'Restoration': 0, 'Protection': 0, 'irr': 0, 'irrigation': 0, 'dam': 0, 'Nallah': 0, 'Retrofitting': 0, 'Pond': 0, 'Pokhari': 0, 'D/C': 0, 'Recharge shaft': 0, 'LFB': 0, 'RFB': 0}","{'Floodlight': 0, 'Flood Light': 0, 'GAS': 0, 'FIFA': 0, 'pipe': 0, 'pipes': 0, 'covid': 0, 'supply': 0, 'Beautification': 0, 'Installation': 0}",Monsoon,,False,True,Repair and Restoration,"{'Construction': 2, 'Drain': 2}"
2026_CEMIB_129213_14,SEMIDRGD-04/2026-27,Improvement to Bandhuguda Check Dam (RG010145) in Bissamcuttack Block of Rayagada District under the scheme Improvement to Check Dam 2026-27,Improvement to Bandhuguda Check Dam (RG010145) in Bissamcuttack Block of Rayagada District under the scheme Improvement to Check Dam 2026-27,Works,National Competitive Bid,Percentage,Civil Works - Others,No,No,NA ,13-May-2026 10:00 AM,NA ,90.0,No ,No,Online,29-May-2026 11:00 AM,"CE,Minor Irrigation,BBSR||SE,KBK Minor Irr.CircleII,Jeypore||EE M.I. Division Rayagada",Rayagada,765001.0,1.0,"10,33,442",ASHANTA BAGH,"1,033,442.08",Rejected-AOC,11-Aug-2026,"CE,Minor Irrigation,BBSR||SE,KBK Minor Irr.CircleII,Jeypore||EE M.I. Division Rayagada",True,"{'Flood': 0, 'Embankment': 0, 'embkt': 0, 'Relief': 0, 'Erosion': 0, 'SDRF': 0, 'Inundation': 0, 'Hydrology': 0, 'Silt': 0, 'Siltation': 0, 'Bund': 0, 'Trench': 0, 'Breach': 0, 'Culvert': 0, 'Sluice': 0, 'Dyke': 0, 'Storm water drain': 0, 'Emergency': 0, 'Immediate': 0, 'IM': 0, 'AE': 0, 'A E': 0, 'AAPDA MITRA': 0, 'flood': 0, 'Bridge': 0, 'River': 0, 'Drain': 0, 'Restoration': 0, 'Protection': 0, 'irr': 0, 'irrigation': 0, 'dam': 4, 'Nallah': 0, 'Retrofitting': 0, 'Pond': 0, 'Pokhari': 0, 'D/C': 0, 'Recharge shaft': 0, 'LFB': 0, 'RFB': 0}","{'Floodlight': 0, 'Flood Light': 0, 'GAS': 0, 'FIFA': 0, 'pipe': 0, 'pipes': 0, 'covid': 0, 'supply': 0, 'Beautification': 0, 'Installation': 0}",Pre-Monsoon,,False,False,Repair and Restoration,"{'improvement': 4, 'Check Dam': 4}"
2026_RMC_129349_5,MC/RMC/41/2026,"Construction of drain from S. Mahapatra house to P.K Mohanty house at Jagannath colony in Ward No. 05 under RMC, Rourkela",Works,Works,Open Tender,Percentage,Civil Works - Others,No,No,NA ,15-May-2026 03:00 PM,NA ,90.0,No ,No,Online,03-Jun-2026 09:00 AM,Rourkela Municipal Corporation,Rourkela,769012.0,1.0,"20,11,000",ALEKHA CHANDRA MALIK,"2,010,659.63",Rejected-Technical,12-Aug-2026,Rourkela Municipal Corporation,True,"{'Flood': 0, 'Embankment': 0, 'embkt': 0, 'Relief': 0, 'Erosion': 0, 'SDRF': 0, 'Inundation': 0, 'Hydrology': 0, 'Silt': 0, 'Siltation': 0, 'Bund': 0, 'Trench': 0, 'Breach': 0, 'Culvert': 0, 'Sluice': 0, 'Dyke': 0, 'Storm water drain': 0, 'Emergency': 0, 'Immediate': 0, 'IM': 0, 'AE': 0, 'A E': 0, 'AAPDA MITRA': 0, 'flood': 0, 'Bridge': 0, 'River': 0, 'Drain': 1, 'Restoration': 0, 'Protection': 0, 'irr': 0, 'irrigation': 0, 'dam': 0, 'Nallah': 0, 'Retrofitting': 0, 'Pond': 0, 'Pokhari': 0, 'D/C': 0, 'Recharge shaft': 0, 'LFB': 0, 'RFB': 0}","{'Floodlight': 0, 'Flood Light': 0, 'GAS': 0, 'FIFA': 0, 'pipe': 0, 'pipes': 0, 'covid': 0, 'supply': 0, 'Beautification': 0, 'Installation': 0}",Pre-Monsoon,,False,True,Repair and Restoration,"{'Construction': 1, 'Drain': 1}"
2026_ORULB_127958_6,01/2026-27,Construction of CC Road with drain from Ajit Babu house to Bapi Mitra house in Ward No-1 of Attabira NAC,road,Works,Open Tender,Percentage,Civil Works - Roads,No,No,NA ,09-Apr-2026 10:00 AM,NA ,45.0,No ,No,Online,20-Apr-2026 11:00 AM,Municipal Bodies||Attabira NAC,ATTABIRA NAC,768027.0,1.0,"3,39,069",INDRAMANI SAHU,"338,695.454",Rejected-AOC,09-Aug-2026,Municipal Bodies||Attabira NAC,True,"{'Flood': 0, 'Embankment': 0, 'embkt': 0, 'Relief': 0, 'Erosion': 0, 'SDRF': 0, 'Inundation': 0, 'Hydrology': 0, 'Silt': 0, 'Siltation': 0, 'Bund': 0, 'Trench': 0, 'Breach': 0, 'Culvert': 0, 'Sluice': 0, 'Dyke': 0, 'Storm water drain': 0, 'Emergency': 0, 'Immediate': 0, 'IM': 0, 'AE': 0, 'A E': 0, 'AAPDA MITRA': 0, 'flood': 0, 'Bridge': 0, 'River': 0, 'Drain': 1, 'Restoration': 0, 'Protection': 0, 'irr': 0, 'irrigation': 0, 'dam': 0, 'Nallah': 0, 'Retrofitting': 0, 'Pond': 0, 'Pokhari': 0, 'D/C': 0, 'Recharge shaft': 0, 'LFB': 0, 'RFB': 0}","{'Floodlight': 0, 'Flood Light': 0, 'GAS': 0, 'FIFA': 0, 'pipe': 0, 'pipes': 0, 'covid': 0, 'supply': 0, 'Beautification': 0, 'Installation': 0}",Pre-Monsoon,,False,True,Repair and Restoration,"{'Construction': 1, 'Drain': 1}"
2026_ORULB_125103_8,HIN-MUN-05/2025-26,Construction of RCC Drain with Cover Slab from smart Park inside to the main Road near Crematorium in Ward No. 09 Under Hinjilicut Municipality,Construction of RCC Drain with Cover Slab from smart Park inside to the main Road near Crematorium in Ward No. 09 Under Hinjilicut Municipality,Works,Open Tender,Percentage,Civil Works - Others,No,No,NA ,30-Jan-2026 10:00 AM,NA ,30.0,No ,No,Online,10-Feb-2026 10:00 AM,Municipal Bodies||Hinjilicut Municipal Council,HINJILICUT MUNICIPALITY,761102.0,1.0,"4,74,073",AJITANANDA SAHU,"379,306.1",Rejected-AOC,12-Aug-2026,Municipal Bodies||Hinjilicut Municipal Council,True,"{'Flood': 0, 'Embankment': 0, 'embkt': 0, 'Relief': 0, 'Erosion': 0, 'SDRF': 0, 'Inundation': 0, 'Hydrology': 0, 'Silt': 0, 'Siltation': 0, 'Bund': 0, 'Trench': 0, 'Breach': 0, 'Culvert': 0, 'Sluice': 0, 'Dyke': 0, 'Storm water drain': 0, 'Emergency': 0, 'Immediate': 0, 'IM': 0, 'AE': 0, 'A E': 0, 'AAPDA MITRA': 0, 'flood': 0, 'Bridge': 0, 'River': 0, 'Drain': 2, 'Restoration': 0, 'Protection': 0, 'irr': 0, 'irrigation': 0, 'dam': 0, 'Nallah': 0, 'Retrofitting': 0, 'Pond': 0, 'Pokhari': 0, 'D/C': 0, 'Recharge shaft': 0, 'LFB': 0, 'RFB': 0}","{'Floodlight': 0, 'Flood Light': 0, 'GAS': 0, 'FIFA': 0, 'pipe': 0, 'pipes': 0, 'covid': 0, 'supply': 0, 'Beautification': 0, 'Installation': 0}",Post-Monsoon,,False,True,Repair and Restoration,"{'Construction': 2, 'Drain': 2}"
2026_CERWI_134742_1,03/MOHANA/2026-27,Repair to Bridge over Local Nallah on Udayaguda to Mandidi road Span - 3 x 30.63 Mtr c.c_Road_ Renewal coat to both side Approach road and painting._At 0.650 Km,Repair to Bridge over Local Nallah on Udayaguda to Mandidi road Span - 3 x 30.63 Mtr c.c_Road_ Renewal coat to both side Approach road and painting._At 0.650 Km,Works,National Competitive Bid,Percentage,Civil Works - Roads,No,No,NA ,08-Jul-2026 11:00 AM,NA ,90.0,No ,No,Online,18-Jul-2026 11:00 AM,CE RW I||RWCIRCLE-RAYAGADA||RWDIVISION-MOHANA,Mohana,761015.0,1.0,"12,70,950",KHOKAN SINGH,"1,143,983",Rejected-AOC,12-Aug-2026,CE RW I||RWCIRCLE-RAYAGADA||RWDIVISION-MOHANA,True,"{'Flood': 0, 'Embankment': 0, 'embkt': 0, 'Relief': 0, 'Erosion': 0, 'SDRF': 0, 'Inundation': 0, 'Hydrology': 0, 'Silt': 0, 'Siltation': 0, 'Bund': 0, 'Trench': 0, 'Breach': 0, 'Culvert': 0, 'Sluice': 0, 'Dyke': 0, 'Storm water drain': 0, 'Emergency': 0, 'Immediate': 0, 'IM': 0, 'AE': 0, 'A E': 0, 'AAPDA MITRA': 0, 'flood': 0, 'Bridge': 2, 'River': 0, 'Drain': 0, 'Restoration': 0, 'Protection': 0, 'irr': 0, 'irrigation': 0, 'dam': 0, 'Nallah': 2, 'Retrofitting': 0, 'Pond': 0, 'Pokhari': 0, 'D/C': 0, 'Recharge shaft': 0, 'LFB': 0, 'RFB': 0}","{'Floodlight': 0, 'Flood Light': 0, 'GAS': 0, 'FIFA': 0, 'pipe': 0, 'pipes': 0, 'covid': 0, 'supply': 0, 'Beautification': 0, 'Installation': 0}",Monsoon,,False,True,Repair and Restoration,"{'repair': 2, 'Bridge': 2}"
2025_CEBBS_121965_7,SERID-RKL-05-2025-26,Construction of Guard wall and bed lining in between RD 3926m to 4031m of Beldihi Distributary of Pitamahal Irrigation Project,Construction of Guard wall and bed lining in between RD 3926m to 4031m of Beldihi Distributary of Pitamahal Irrigation Project,Works,Open Tender,Percentage,Civil Works - Canal,No,No,NA ,26-Nov-2025 10:00 AM,NA ,90.0,No ,No,Online,08-Dec-2025 11:00 AM,CE and BM Brahmani Basin Samal||APD cum CCE RIP Samal||Rourkela Irrigation Division Rourkela,Pitamahal,770031.0,1.0,"5,16,742",BISHNU PRASAD NAYAK,"439,283",Rejected-AOC,10-Aug-2026,CE and BM Brahmani Basin Samal||APD cum CCE RIP Samal||Rourkela Irrigation Division Rourkela,True,"{'Flood': 0, 'Embankment': 0, 'embkt': 0, 'Relief': 0, 'Erosion': 0, 'SDRF': 0, 'Inundation': 0, 'Hydrology': 0, 'Silt': 0, 'Siltation': 0, 'Bund': 0, 'Trench': 0, 'Breach': 0, 'Culvert': 0, 'Sluice': 0, 'Dyke': 0, 'Storm water drain': 0, 'Emergency': 0, 'Immediate': 0, 'IM': 0, 'AE': 0, 'A E': 0, 'AAPDA MITRA': 0, 'flood': 0, 'Bridge': 0, 'River': 0, 'Drain': 0, 'Restoration': 0, 'Protection': 0, 'irr': 0, 'irrigation': 2, 'dam': 0, 'Nallah': 0, 'Retrofitting': 0, 'Pond': 0, 'Pokhari': 0, 'D/C': 0, 'Recharge shaft': 0, 'LFB': 0, 'RFB': 0}","{'Floodlight': 0, 'Flood Light': 0, 'GAS': 0, 'FIFA': 0, 'pipe': 0, 'pipes': 0, 'covid': 0, 'supply': 0, 'Beautification': 0, 'Installation': 0}",Post-Monsoon,,False,False,Repair and Restoration,{'Construction': 2}
2026_CEMIB_129213_1,SEMIDRGD-04/2026-27,Improvement to Salbi Check Dam in Kolnara Block of Rayagada District under the scheme Improvement to Check Dam 2026-27,Improvement to Salbi Check Dam in Kolnara Block of Rayagada District under the scheme Improvement to Check Dam 2026-27,Works,National Competitive Bid,Percentage,Civil Works - Others,No,No,NA ,13-May-2026 10:00 AM,NA ,90.0,No ,No,Online,29-May-2026 11:00 AM,"CE,Minor Irrigation,BBSR||SE,KBK Minor Irr.CircleII,Jeypore||EE M.I. Division Rayagada",Rayagada,765001.0,1.0,"9,95,692",ANAM NAIK,"995,692.17",Accepted-AOC,24-Jun-2026,"CE,Minor Irrigation,BBSR||SE,KBK Minor Irr.CircleII,Jeypore||EE M.I. Division Rayagada",True,"{'Flood': 0, 'Embankment': 0, 'embkt': 0, 'Relief': 0, 'Erosion': 0, 'SDRF': 0, 'Inundation': 0, 'Hydrology': 0, 'Silt': 0, 'Siltation': 0, 'Bund': 0, 'Trench': 0, 'Breach': 0, 'Culvert': 0, 'Sluice': 0, 'Dyke': 0, 'Storm water drain': 0, 'Emergency': 0, 'Immediate': 0, 'IM': 0, 'AE': 0, 'A E': 0, 'AAPDA MITRA': 0, 'flood': 0, 'Bridge': 0, 'River': 0, 'Drain': 0, 'Restoration': 0, 'Protection': 0, 'irr': 0, 'irrigation': 0, 'dam': 4, 'Nallah': 0, 'Retrofitting': 0, 'Pond': 0, 'Pokhari': 0, 'D/C': 0, 'Recharge shaft': 0, 'LFB': 0, 'RFB': 0}","{'Floodlight': 0, 'Flood Light': 0, 'GAS': 0, 'FIFA': 0, 'pipe': 0, 'pipes': 0, 'covid': 0, 'supply': 0, 'Beautification': 0, 'Installation': 0}",Pre-Monsoon,,False,False,Repair and Restoration,"{'improvement': 4, 'Check Dam': 4}"
2026_SEHDP_131795_7,e-Procurement Notice No.SE-HID(NSPR)-03/2026-27,"SEHID (NSPR)-03(07) Construction of Cement Concrete approach Road to Crematorium, Pond and Cross bond at upstream of Pond with side Drain/Key wall at R and R Colony of Hadua Irrigation Project near village Kanseilo, Dist.-Cuttack.",Construction of CC road wit Drain/Key Wall,Works,National Competitive Bid,Percentage,Civil Works - Others,No,No,NA ,11-Jun-2026 11:00 AM,NA ,90.0,No ,No,Online,29-Jun-2026 11:00 AM,CCE Brutang and Hadua Irrigation Project Dasapalla||SE Hadua Division Narasinghapur,Narasinghpur,754032.0,2.0,"72,64,719",ABHAYA KUMAR SAHOO,"7,264,718.91",Rejected-AOC,07-Aug-2026,CCE Brutang and Hadua Irrigation Project Dasapalla||SE Hadua Division Narasinghapur,True,"{'Flood': 0, 'Embankment': 0, 'embkt': 0, 'Relief': 0, 'Erosion': 0, 'SDRF': 0, 'Inundation': 0, 'Hydrology': 0, 'Silt': 0, 'Siltation': 0, 'Bund': 0, 'Trench': 0, 'Breach': 0, 'Culvert': 0, 'Sluice': 0, 'Dyke': 0, 'Storm water drain': 0, 'Emergency': 0, 'Immediate': 0, 'IM': 0, 'AE': 0, 'A E': 0, 'AAPDA MITRA': 0, 'flood': 0, 'Bridge': 0, 'River': 0, 'Drain': 2, 'Restoration': 0, 'Protection': 0, 'irr': 0, 'irrigation': 1, 'dam': 0, 'Nallah': 0, 'Retrofitting': 0, 'Pond': 2, 'Pokhari': 0, 'D/C': 0, 'Recharge shaft': 0, 'LFB': 0, 'RFB': 0}","{'Floodlight': 0, 'Flood Light': 0, 'GAS': 0, 'FIFA': 0, 'pipe': 0, 'pipes': 0, 'covid': 0, 'supply': 0, 'Beautification': 0, 'Installation': 0}",Monsoon,,False,True,Repair and Restoration,"{'Construction': 2, 'Drain': 2}"
2026_CERWI_124758_1,RWCSBP-28 OF 2025-26,Construction of Bridge over Guhira Nallah at 0.700 km on Goudpali to Kusuli road in the district of Sambalpur under SBY for the year 2024-25,Construction of Bridge over Guhira Nallah at 0.700 km on Goudpali to Kusuli road in the district of Sambalpur under SBY for the year 2024-25,Works,Open Tender,Percentage,Civil Works - Bridges,No,No,NA ,19-Jan-2026 09:00 AM,NA ,90.0,No ,No,Online,28-Jan-2026 11:00 AM,CE RW I||RWCIRCLE-SAMBALPUR,Kuchinda,768222.0,2.0,"6,09,37,568",DHANESWAR SAHU,"47,147,397",Accepted-AOC,06-Aug-2026,CE RW I||RWCIRCLE-SAMBALPUR,True,"{'Flood': 0, 'Embankment': 0, 'embkt': 0, 'Relief': 0, 'Erosion': 0, 'SDRF': 0, 'Inundation': 0, 'Hydrology': 0, 'Silt': 0, 'Siltation': 0, 'Bund': 0, 'Trench': 0, 'Breach': 0, 'Culvert': 0, 'Sluice': 0, 'Dyke': 0, 'Storm water drain': 0, 'Emergency': 0, 'Immediate': 0, 'IM': 0, 'AE': 0, 'A E': 0, 'AAPDA MITRA': 0, 'flood': 0, 'Bridge': 2, 'River': 0, 'Drain': 0, 'Restoration': 0, 'Protection': 0, 'irr': 0, 'irrigation': 0, 'dam': 0, 'Nallah': 2, 'Retrofitting': 0, 'Pond': 0, 'Pokhari': 0, 'D/C': 0, 'Recharge shaft': 0, 'LFB': 0, 'RFB': 0}","{'Floodlight': 0, 'Flood Light': 0, 'GAS': 0, 'FIFA': 0, 'pipe': 0, 'pipes': 0, 'covid': 0, 'supply': 0, 'Beautification': 0, 'Installation': 0}",Post-Monsoon,,False,True,Repair and Restoration,"{'Construction': 2, 'Bridge': 2}"
2023_ORULB_87778_5,EO/JMC/066/2023-24,"Construction of Road and Drain from Sitaram Chhak to Raja Bazar, W.No.-4","Construction of Road and Drain from Sitaram Chhak to Raja Bazar, W.No.-4",Works,Open Tender,Percentage,Civil Works - Others,No,No,NA ,17-Apr-2023 09:00 AM,NA ,30.0,No ,No,Online,29-Apr-2023 09:00 AM,Municipal Bodies||Jatni Municipal Council,"EXECUTIVE OFFICER,JATNI MUNICIPALITY",752050.0,1.0,"18,00,000",JITENDRA KUMAR MARTHA,"1,601,697",Rejected-Finance,12-Aug-2026,Municipal Bodies||Jatni Municipal Council,True,"{'Flood': 0, 'Embankment': 0, 'embkt': 0, 'Relief': 0, 'Erosion': 0, 'SDRF': 0, 'Inundation': 0, 'Hydrology': 0, 'Silt': 0, 'Siltation': 0, 'Bund': 0, 'Trench': 0, 'Breach': 0, 'Culvert': 0, 'Sluice': 0, 'Dyke': 0, 'Storm water drain': 0, 'Emergency': 0, 'Immediate': 0, 'IM': 0, 'AE': 0, 'A E': 0, 'AAPDA MITRA': 0, 'flood': 0, 'Bridge': 0, 'River': 0, 'Drain': 2, 'Restoration': 0, 'Protection': 0, 'irr': 0, 'irrigation': 0, 'dam': 0, 'Nallah': 0, 'Retrofitting': 0, 'Pond': 0, 'Pokhari': 0, 'D/C': 0, 'Recharge shaft': 0, 'LFB': 0, 'RFB': 0}","{'Floodlight': 0, 'Flood Light': 0, 'GAS': 0, 'FIFA': 0, 'pipe': 0, 'pipes': 0, 'covid': 0, 'supply': 0, 'Beautification': 0, 'Installation': 0}",Pre-Monsoon,,False,True,Repair and Restoration,"{'Construction': 2, 'Drain': 2}"
2025_ORULB_122921_36,P.M. 05/2025-26,Construction of Road and Drain (Balance Work) in Karti Sahi Agrawal house to Padmanav Patra house in ward no.15,CIVIL,Works,Open Tender,Percentage,Civil Works - Others,No,No,NA ,16-Dec-2025 03:00 PM,NA ,120.0,No ,No,Online,30-Dec-2025 11:00 AM,Municipal Bodies||Puri Municipality,PURI MUNICIPALITY,752001.0,1.0,"2,54,230",BHASKAR MOHAPATRA,"216,120.99",Accepted-AOC,05-Aug-2026,Municipal Bodies||Puri Municipality,True,"{'Flood': 0, 'Embankment': 0, 'embkt': 0, 'Relief': 0, 'Erosion': 0, 'SDRF': 0, 'Inundation': 0, 'Hydrology': 0, 'Silt': 0, 'Siltation': 0, 'Bund': 0, 'Trench': 0, 'Breach': 0, 'Culvert': 0, 'Sluice': 0, 'Dyke': 0, 'Storm water drain': 0, 'Emergency': 0, 'Immediate': 0, 'IM': 0, 'AE': 0, 'A E': 0, 'AAPDA MITRA': 0, 'flood': 0, 'Bridge': 0, 'River': 0, 'Drain': 1, 'Restoration': 0, 'Protection': 0, 'irr': 0, 'irrigation': 0, 'dam': 0, 'Nallah': 0, 'Retrofitting': 0, 'Pond': 0, 'Pokhari': 0, 'D/C': 0, 'Recharge shaft': 0, 'LFB': 0, 'RFB': 0}","{'Floodlight': 0, 'Flood Light': 0, 'GAS': 0, 'FIFA': 0, 'pipe': 0, 'pipes': 0, 'covid': 0, 'supply': 0, 'Beautification': 0, 'Installation': 0}",Post-Monsoon,,False,True,Repair and Restoration,"{'Construction': 1, 'Drain': 1}"
2026_CEBMB_129617_30,e-Procurement Notice No. e-BNID-01/2026-27,"Disilting in between RD 5200 m to 7500 m, RD 9000 m to 10500 m including jungle clearance of 17L Pankalabadi Sub-minor, 18L Biranchipur Sub-minor, 21L Adipur Sub-minor and 24L Buguda Minor of Baghua Right Branch Canal of Baghua Irrigation Project f","Disilting in between RD 5200 m to 7500 m, RD 9000 m to 10500 m including jungle clearance of 17L Pankalabadi Sub-minor, 18L Biranchipur Sub-minor, 21L Adipur Sub-minor and 24L Buguda Minor of Baghua Right Branch Canal of Baghua Irrigation Project f",Works,Open Tender,Percentage,Civil Works - Others,No,No,NA ,25-May-2026 10:00 AM,NA ,90.0,No ,No,Online,05-Jun-2026 11:00 AM,"CE-BM,RVN Basin,Berhampur||S.E. Southern Irr. Circle I Berhampur||EE Bhanjanagar Irrigation Divn Bhanjanagar",Buguda,761118.0,1.0,"5,53,601",RABINDRA GOUDA,"470,616",Rejected-Finance,27-Aug-2026,"CE-BM,RVN Basin,Berhampur||S.E. Southern Irr. Circle I Berhampur||EE Bhanjanagar Irrigation Divn Bhanjanagar",True,"{'Flood': 0, 'Embankment': 0, 'embkt': 0, 'Relief': 0, 'Erosion': 0, 'SDRF': 0, 'Inundation': 0, 'Hydrology': 0, 'Silt': 0, 'Siltation': 0, 'Bund': 0, 'Trench': 0, 'Breach': 0, 'Culvert': 0, 'Sluice': 0, 'Dyke': 0, 'Storm water drain': 0, 'Emergency': 0, 'Immediate': 0, 'IM': 0, 'AE': 0, 'A E': 0, 'AAPDA MITRA': 0, 'flood': 0, 'Bridge': 0, 'River': 0, 'Drain': 0, 'Restoration': 0, 'Protection': 0, 'irr': 0, 'irrigation': 2, 'dam': 0, 'Nallah': 0, 'Retrofitting': 0, 'Pond': 0, 'Pokhari': 0, 'D/C': 0, 'Recharge shaft': 0, 'LFB': 0, 'RFB': 0}","{'Floodlight': 0, 'Flood Light': 0, 'GAS': 0, 'FIFA': 0, 'pipe': 0, 'pipes': 0, 'covid': 0, 'supply': 0, 'Beautification': 0, 'Installation': 0}",Pre-Monsoon,,False,False,Others,
2026_SEHDP_131795_6,e-Procurement Notice No.SE-HID(NSPR)-03/2026-27,"SEHID (NSPR)-03(06) Construction of Cement Concrete Right side internal cross road from Colony main internal road to colony Pump house with side Drain/Key wall at R and R Colony of Hadua Irr.Project near village Kanseilo, Dist.-Cuttack",Construction of CC road wit Drain/Key wall,Works,National Competitive Bid,Percentage,Civil Works - Others,No,No,NA ,11-Jun-2026 11:00 AM,NA ,90.0,No ,No,Online,29-Jun-2026 11:00 AM,CCE Brutang and Hadua Irrigation Project Dasapalla||SE Hadua Division Narasinghapur,Narasinghpur,754032.0,2.0,"67,74,606",ABHAYA KUMAR SAHOO,"6,774,606.19",Rejected-AOC,07-Aug-2026,CCE Brutang and Hadua Irrigation Project Dasapalla||SE Hadua Division Narasinghapur,True,"{'Flood': 0, 'Embankment': 0, 'embkt': 0, 'Relief': 0, 'Erosion': 0, 'SDRF': 0, 'Inundation': 0, 'Hydrology': 0, 'Silt': 0, 'Siltation': 0, 'Bund': 0, 'Trench': 0, 'Breach': 0, 'Culvert': 0, 'Sluice': 0, 'Dyke': 0, 'Storm water drain': 0, 'Emergency': 0, 'Immediate': 0, 'IM': 0, 'AE': 0, 'A E': 0, 'AAPDA MITRA': 0, 'flood': 0, 'Bridge': 0, 'River': 0, 'Drain': 2, 'Restoration': 0, 'Protection': 0, 'irr': 1, 'irrigation': 0, 'dam': 0, 'Nallah': 0, 'Retrofitting': 0, 'Pond': 0, 'Pokhari': 0, 'D/C': 0, 'Recharge shaft': 0, 'LFB': 0, 'RFB': 0}","{'Floodlight': 0, 'Flood Light': 0, 'GAS': 0, 'FIFA': 0, 'pipe': 0, 'pipes': 0, 'covid': 0, 'supply': 0, 'Beautification': 0, 'Installation': 0}",Monsoon,,False,True,Repair and Restoration,"{'Construction': 2, 'Drain': 2}"
2025_ORULB_116972_5,GUN-MUN-76/2025-26,Completion of drain near Mahima Nagar park in ward no 01,Completion of drain near Mahima Nagar park in ward no-01,Works,Open Tender,Percentage,Civil Works - Others,No,No,NA ,18-Aug-2025 11:00 AM,NA ,90.0,No ,No,Online,04-Sep-2025 11:00 AM,Municipal Bodies||Gunupur Municipal Council,Gunupur Municipality area,765022.0,1.0,"5,19,195",CHINNARI VENKATA KRISHNA RAO,"520,814",Rejected-Finance,24-Aug-2026,Municipal Bodies||Gunupur Municipal Council,True,"{'Flood': 0, 'Embankment': 0, 'embkt': 0, 'Relief': 0, 'Erosion': 0, 'SDRF': 0, 'Inundation': 0, 'Hydrology': 0, 'Silt': 0, 'Siltation': 0, 'Bund': 0, 'Trench': 0, 'Breach': 0, 'Culvert': 0, 'Sluice': 0, 'Dyke': 0, 'Storm water drain': 0, 'Emergency': 0, 'Immediate': 0, 'IM': 0, 'AE': 0, 'A E': 0, 'AAPDA MITRA': 0, 'flood': 0, 'Bridge': 0, 'River': 0, 'Drain': 2, 'Restoration': 0, 'Protection': 0, 'irr': 0, 'irrigation': 0, 'dam': 0, 'Nallah': 0, 'Retrofitting': 0, 'Pond': 0, 'Pokhari': 0, 'D/C': 0, 'Recharge shaft': 0, 'LFB': 0, 'RFB': 0}","{'Floodlight': 0, 'Flood Light': 0, 'GAS': 0, 'FIFA': 0, 'pipe': 0, 'pipes': 0, 'covid': 0, 'supply': 0, 'Beautification': 0, 'Installation': 0}",Monsoon,,False,True,Repair and Restoration,{'Drain': 2}
2025_EICCL_113109_1,CCEEC-01/2025-26,Construction of Drain in Tihidi Bazar area on Bhadrak-Chandbali Road (SH-9) from 17/000 km to 19/500 km in the district of Bhadrak under State Plan.,Drain Work,Works,National Competitive Bid,Percentage,Civil Works - Roads,No,No,NA ,05-May-2025 10:30 AM,NA ,90.0,No ,No,Online,20-May-2025 11:00 AM,EIC-CIVIL||SERNB-CIRCLE-EASTERN,Bhadrk,756100.0,2.0,"4,96,72,630",AADYA URJA SOLUTIONS PRIVATE LIMITED,"42,226,703",Rejected-Technical,04-Aug-2026,EIC-CIVIL||SERNB-CIRCLE-EASTERN,True,"{'Flood': 0, 'Embankment': 0, 'embkt': 0, 'Relief': 0, 'Erosion': 0, 'SDRF': 0, 'Inundation': 0, 'Hydrology': 0, 'Silt': 0, 'Siltation': 0, 'Bund': 0, 'Trench': 0, 'Breach': 0, 'Culvert': 0, 'Sluice': 0, 'Dyke': 0, 'Storm water drain': 0, 'Emergency': 0, 'Immediate': 0, 'IM': 0, 'AE': 0, 'A E': 0, 'AAPDA MITRA': 0, 'flood': 0, 'Bridge': 0, 'River': 0, 'Drain': 2, 'Restoration': 0, 'Protection': 0, 'irr': 0, 'irrigation': 0, 'dam': 0, 'Nallah': 0, 'Retrofitting': 0, 'Pond': 0, 'Pokhari': 0, 'D/C': 0, 'Recharge shaft': 0, 'LFB': 0, 'RFB': 0}","{'Floodlight': 0, 'Flood Light': 0, 'GAS': 0, 'FIFA': 0, 'pipe': 0, 'pipes': 0, 'covid': 0, 'supply': 0, 'Beautification': 0, 'Installation': 0}",Pre-Monsoon,,False,True,Repair and Restoration,"{'Construction': 1, 'Drain': 2}"
2025_CEBBS_121965_6,SERID-RKL-05-2025-26,"Restoration and wall lining at RD 259m, RD 325m, RD 440m to RD 520m in patches of Sarala minor off-taking from Beldihi Distributray of Pitamahal Irrigation Project","Restoration and wall lining at RD 259m, RD 325m, RD 440m to RD 520m in patches of Sarala minor off-taking from Beldihi Distributray of Pitamahal Irrigation Project",Works,Open Tender,Percentage,Civil Works - Canal,No,No,NA ,26-Nov-2025 10:00 AM,NA ,90.0,No ,No,Online,08-Dec-2025 11:00 AM,CE and BM Brahmani Basin Samal||APD cum CCE RIP Samal||Rourkela Irrigation Division Rourkela,Pitamahal,770031.0,1.0,"5,13,703",BISHNU PRASAD NAYAK,"436,699",Rejected-AOC,10-Aug-2026,CE and BM Brahmani Basin Samal||APD cum CCE RIP Samal||Rourkela Irrigation Division Rourkela,True,"{'Flood': 0, 'Embankment': 0, 'embkt': 0, 'Relief': 0, 'Erosion': 0, 'SDRF': 0, 'Inundation': 0, 'Hydrology': 0, 'Silt': 0, 'Siltation': 0, 'Bund': 0, 'Trench': 0, 'Breach': 0, 'Culvert': 0, 'Sluice': 0, 'Dyke': 0, 'Storm water drain': 0, 'Emergency': 0, 'Immediate': 0, 'IM': 0, 'AE': 0, 'A E': 0, 'AAPDA MITRA': 0, 'flood': 0, 'Bridge': 0, 'River': 0, 'Drain': 0, 'Restoration': 2, 'Protection': 0, 'irr': 0, 'irrigation': 2, 'dam': 0, 'Nallah': 0, 'Retrofitting': 0, 'Pond': 0, 'Pokhari': 0, 'D/C': 0, 'Recharge shaft': 0, 'LFB': 0, 'RFB': 0}","{'Floodlight': 0, 'Flood Light': 0, 'GAS': 0, 'FIFA': 0, 'pipe': 0, 'pipes': 0, 'covid': 0, 'supply': 0, 'Beautification': 0, 'Installation': 0}",Post-Monsoon,,False,False,Repair and Restoration,{'restoration': 2}
2026_ORULB_127692_11,MC(CMC)CTC_Div-IIINo39/2025-26,Desilting of Major Surface Drain in different places in Ward No.49.,Desilting of Major Surface Drain in different places in Ward No.49.,Works,Open Tender,Percentage,Civil Works - Others,No,No,NA ,31-Mar-2026 11:00 AM,NA ,60.0,No ,No,Online,10-Apr-2026 10:00 AM,Municipal Bodies||Cuttack Municipal Corporation,CMC,753012.0,1.0,"17,59,322",TAPAN KUMAR PATRA,"1,759,322",Rejected-AOC,26-Aug-2026,Municipal Bodies||Cuttack Municipal Corporation,True,"{'Flood': 0, 'Embankment': 0, 'embkt': 0, 'Relief': 0, 'Erosion': 0, 'SDRF': 0, 'Inundation': 0, 'Hydrology': 0, 'Silt': 0, 'Siltation': 0, 'Bund': 0, 'Trench': 0, 'Breach': 0, 'Culvert': 0, 'Sluice': 0, 'Dyke': 0, 'Storm water drain': 0, 'Emergency': 0, 'Immediate': 0, 'IM': 0, 'AE': 0, 'A E': 0, 'AAPDA MITRA': 0, 'flood': 0, 'Bridge': 0, 'River': 0, 'Drain': 2, 'Restoration': 0, 'Protection': 0, 'irr': 0, 'irrigation': 0, 'dam': 0, 'Nallah': 0, 'Retrofitting': 0, 'Pond': 0, 'Pokhari': 0, 'D/C': 0, 'Recharge shaft': 0, 'LFB': 0, 'RFB': 0}","{'Floodlight': 0, 'Flood Light': 0, 'GAS': 0, 'FIFA': 0, 'pipe': 0, 'pipes': 0, 'covid': 0, 'supply': 0, 'Beautification': 0, 'Installation': 0}",Pre-Monsoon,,False,True,Repair and Restoration,{'Drain': 2}
2026_ORULB_124507_5,MC(CMC)CTC_Div-I_No.20/2025-26,Construction of B.T. road from and drain raising with cover slab from Suriya wine shop near Cement Shop to Kazi Bazar Chhack in Ward No. 14.,Construction of B.T. road from and drain raising with cover slab from Suriya wine shop near Cement Shop to Kazi Bazar Chhack in Ward No. 14.,Works,Open Tender,Percentage,Civil Works - Others,No,No,NA ,16-Jan-2026 03:00 PM,NA ,90.0,No ,No,Online,04-Feb-2026 11:00 AM,Municipal Bodies||Cuttack Municipal Corporation,CMC,753012.0,2.0,"1,15,86,200",Ratnakar Sahoo,"11,586,176",Accepted-AOC,29-Aug-2026,Municipal Bodies||Cuttack Municipal Corporation,True,"{'Flood': 0, 'Embankment': 0, 'embkt': 0, 'Relief': 0, 'Erosion': 0, 'SDRF': 0, 'Inundation': 0, 'Hydrology': 0, 'Silt': 0, 'Siltation': 0, 'Bund': 0, 'Trench': 0, 'Breach': 0, 'Culvert': 0, 'Sluice': 0, 'Dyke': 0, 'Storm water drain': 0, 'Emergency': 0, 'Immediate': 0, 'IM': 0, 'AE': 0, 'A E': 0, 'AAPDA MITRA': 0, 'flood': 0, 'Bridge': 0, 'River': 0, 'Drain': 2, 'Restoration': 0, 'Protection': 0, 'irr': 0, 'irrigation': 0, 'dam': 0, 'Nallah': 0, 'Retrofitting': 0, 'Pond': 0, 'Pokhari': 0, 'D/C': 0, 'Recharge shaft': 0, 'LFB': 0, 'RFB': 0}","{'Floodlight': 0, 'Flood Light': 0, 'GAS': 0, 'FIFA': 0, 'pipe': 0, 'pipes': 0, 'covid': 0, 'supply': 0, 'Beautification': 0, 'Installation': 0}",Post-Monsoon,,False,True,Repair and Restoration,"{'raising': 2, 'Construction': 2, 'Drain': 2}"
2024_ORULB_103438_6,EO/JMC/078/2024-25,Improvement of Road at Bikash Nagar along with Drain from Babaji Sahoo House towards Suhan House in W.N-10,Improvement of Road at Bikash Nagar along with Drain from Babaji Sahoo House towards Suhan House in W.N-10,Works,Open Tender,Percentage,Civil Works - Others,No,No,NA ,04-Jul-2024 11:00 AM,NA ,30.0,No ,No,Online,18-Jul-2024 11:00 AM,Municipal Bodies||Jatni Municipal Council,"EXECUTIVE OFFICER,JATNI MUNICIPALITY",752050.0,1.0,"12,66,927",BIJAY KUMAR SETHI,"1,266,928",Accepted-AOC,25-Aug-2026,Municipal Bodies||Jatni Municipal Council,True,"{'Flood': 0, 'Embankment': 0, 'embkt': 0, 'Relief': 0, 'Erosion': 0, 'SDRF': 0, 'Inundation': 0, 'Hydrology': 0, 'Silt': 0, 'Siltation': 0, 'Bund': 0, 'Trench': 0, 'Breach': 0, 'Culvert': 0, 'Sluice': 0, 'Dyke': 0, 'Storm water drain': 0, 'Emergency': 0, 'Immediate': 0, 'IM': 0, 'AE': 0, 'A E': 0, 'AAPDA MITRA': 0, 'flood': 0, 'Bridge': 0, 'River': 0, 'Drain': 2, 'Restoration': 0, 'Protection': 0, 'irr': 0, 'irrigation': 0, 'dam': 0, 'Nallah': 0, 'Retrofitting': 0, 'Pond': 0, 'Pokhari': 0, 'D/C': 0, 'Recharge shaft': 0, 'LFB': 0, 'RFB': 0}","{'Floodlight': 0, 'Flood Light': 0, 'GAS': 0, 'FIFA': 0, 'pipe': 0, 'pipes': 0, 'covid': 0, 'supply': 0, 'Beautification': 0, 'Installation': 0}",Monsoon,,False,True,Repair and Restoration,"{'improvement': 2, 'Drain': 2}"
2026_ORULB_126612_6,MC(CMC)CTC_Div-IINo.35/2025-26,Construction of RCC drain with cover slab and raising of road at advocate lane in ward no-35.,Construction of RCC drain with cover slab and raising of road at advocate lane in ward no-35.,Works,Open Tender,Percentage,Civil Works - Others,No,No,NA ,25-Mar-2026 11:00 AM,NA ,90.0,No ,No,Online,15-Apr-2026 10:00 AM,Municipal Bodies||Cuttack Municipal Corporation,CMC,753012.0,1.0,"10,29,194","GRAND CONSTRUCTIONS,PROP.-PURNA CHANDRA SAHOO","1,029,194.05",Rejected-AOC,06-Aug-2026,Municipal Bodies||Cuttack Municipal Corporation,True,"{'Flood': 0, 'Embankment': 0, 'embkt': 0, 'Relief': 0, 'Erosion': 0, 'SDRF': 0, 'Inundation': 0, 'Hydrology': 0, 'Silt': 0, 'Siltation': 0, 'Bund': 0, 'Trench': 0, 'Breach': 0, 'Culvert': 0, 'Sluice': 0, 'Dyke': 0, 'Storm water drain': 0, 'Emergency': 0, 'Immediate': 0, 'IM': 0, 'AE': 0, 'A E': 0, 'AAPDA MITRA': 0, 'flood': 0, 'Bridge': 0, 'River': 0, 'Drain': 2, 'Restoration': 0, 'Protection': 0, 'irr': 0, 'irrigation': 0, 'dam': 0, 'Nallah': 0, 'Retrofitting': 0, 'Pond': 0, 'Pokhari': 0, 'D/C': 0, 'Recharge shaft': 0, 'LFB': 0, 'RFB': 0}","{'Floodlight': 0, 'Flood Light': 0, 'GAS': 0, 'FIFA': 0, 'pipe': 0, 'pipes': 0, 'covid': 0, 'supply': 0, 'Beautification': 0, 'Installation': 0}",Pre-Monsoon,,False,True,Repair and Restoration,"{'raising': 2, 'Construction': 2, 'Drain': 2}"
2021_ORULB_68174_5,EO/JMC/052/2021-22,Construction of Drain and improvement of Road from Sulia Patara house to Murali Sahoo house Gora house to Durga Rao house in Ward No. 05,Construction of Drain and improvement of Road from Sulia Patara house to Murali Sahoo house Gora house to Durga Rao house in Ward No. 05,Works,Open Tender,Percentage,Civil Works - Others,No,No,NA ,05-May-2021 10:00 AM,NA ,60.0,No ,No,Online,20-May-2021 11:30 AM,Municipal Bodies||Jatni Municipal Council,"EXECUTIVE OFFICER,JATNI MUNICIPALITY",752050.0,1.0,,NIHAR RANJAN NAYAK,"680,024",Rejected-Finance,18-Aug-2026,Municipal Bodies||Jatni Municipal Council,True,"{'Flood': 0, 'Embankment': 0, 'embkt': 0, 'Relief': 0, 'Erosion': 0, 'SDRF': 0, 'Inundation': 0, 'Hydrology': 0, 'Silt': 0, 'Siltation': 0, 'Bund': 0, 'Trench': 0, 'Breach': 0, 'Culvert': 0, 'Sluice': 0, 'Dyke': 0, 'Storm water drain': 0, 'Emergency': 0, 'Immediate': 0, 'IM': 0, 'AE': 0, 'A E': 0, 'AAPDA MITRA': 0, 'flood': 0, 'Bridge': 0, 'River': 0, 'Drain': 2, 'Restoration': 0, 'Protection': 0, 'irr': 0, 'irrigation': 0, 'dam': 0, 'Nallah': 0, 'Retrofitting': 0, 'Pond': 0, 'Pokhari': 0, 'D/C': 0, 'Recharge shaft': 0, 'LFB': 0, 'RFB': 0}","{'Floodlight': 0, 'Flood Light': 0, 'GAS': 0, 'FIFA': 0, 'pipe': 0, 'pipes': 0, 'covid': 0, 'supply': 0, 'Beautification': 0, 'Installation': 0}",Pre-Monsoon,,False,True,Repair and Restoration,"{'improvement': 2, 'Construction': 2, 'Drain': 2}"
2026_CEMIB_124558_1,BID IDENTIFICATION NO_SEMIDN_14_OF2025_26,Improvement to Siaria-I Check Dam in Khandapada Block of Nayagarh district under Improvement to Check Dam grant for the year 2025-26,Improvement to Siaria-I Check Dam in Khandapada Block of Nayagarh district under Improvement to Check Dam grant for the year 2025-26,Works,National Competitive Bid,Percentage,Civil Works - Others,No,No,NA ,14-Jan-2026 10:00 AM,NA ,90.0,No ,No,Online,21-Jan-2026 11:00 AM,"CE,Minor Irrigation,BBSR||SECMIC-BHUBANESWAR||EE MI Divn. Nayagarh",SUPERINTENDING ENGINEER M I DIVISION NAYAGARH,752070.0,1.0,,ANANDA KUMAR PANDA,"355,294.93",Rejected-AOC,13-Aug-2026,"CE,Minor Irrigation,BBSR||SECMIC-BHUBANESWAR||EE MI Divn. Nayagarh",True,"{'Flood': 0, 'Embankment': 0, 'embkt': 0, 'Relief': 0, 'Erosion': 0, 'SDRF': 0, 'Inundation': 0, 'Hydrology': 0, 'Silt': 0, 'Siltation': 0, 'Bund': 0, 'Trench': 0, 'Breach': 0, 'Culvert': 0, 'Sluice': 0, 'Dyke': 0, 'Storm water drain': 0, 'Emergency': 0, 'Immediate': 0, 'IM': 0, 'AE': 0, 'A E': 0, 'AAPDA MITRA': 0, 'flood': 0, 'Bridge': 0, 'River': 0, 'Drain': 0, 'Restoration': 0, 'Protection': 0, 'irr': 0, 'irrigation': 0, 'dam': 4, 'Nallah': 0, 'Retrofitting': 0, 'Pond': 0, 'Pokhari': 0, 'D/C': 0, 'Recharge shaft': 0, 'LFB': 0, 'RFB': 0}","{'Floodlight': 0, 'Flood Light': 0, 'GAS': 0, 'FIFA': 0, 'pipe': 0, 'pipes': 0, 'covid': 0, 'supply': 0, 'Beautification': 0, 'Installation': 0}",Post-Monsoon,,False,False,Repair and Restoration,"{'improvement': 4, 'Check Dam': 4}"
2026_ORULB_126857_86,06/BGH- MUN/2025-26,Construction of CC Drain at nigamananda vihar gali no-02 and 06 w.no-01,Construction of CC Drain at nigamananda vihar gali no-02 and 06 w.no-01,Works,Open Tender,Percentage,Civil Works - Others,No,No,NA ,06-Mar-2026 04:00 PM,NA ,90.0,No ,No,Online,17-Mar-2026 11:00 AM,Municipal Bodies||Bargarh Municipal Council,Bargarh,768028.0,1.0,"4,50,912",MAMATA AGRAWAL,"324,848.686",Rejected-Finance,04-Aug-2026,Municipal Bodies||Bargarh Municipal Council,True,"{'Flood': 0, 'Embankment': 0, 'embkt': 0, 'Relief': 0, 'Erosion': 0, 'SDRF': 0, 'Inundation': 0, 'Hydrology': 0, 'Silt': 0, 'Siltation': 0, 'Bund': 0, 'Trench': 0, 'Breach': 0, 'Culvert': 0, 'Sluice': 0, 'Dyke': 0, 'Storm water drain': 0, 'Emergency': 0, 'Immediate': 0, 'IM': 0, 'AE': 0, 'A E': 0, 'AAPDA MITRA': 0, 'flood': 0, 'Bridge': 0, 'River': 0, 'Drain': 2, 'Restoration': 0, 'Protection': 0, 'irr': 0, 'irrigation': 0, 'dam': 0, 'Nallah': 0, 'Retrofitting': 0, 'Pond': 0, 'Pokhari': 0, 'D/C': 0, 'Recharge shaft': 0, 'LFB': 0, 'RFB': 0}","{'Floodlight': 0, 'Flood Light': 0, 'GAS': 0, 'FIFA': 0, 'pipe': 0, 'pipes': 0, 'covid': 0, 'supply': 0, 'Beautification': 0, 'Installation': 0}",Pre-Monsoon,,False,True,Repair and Restoration,"{'Construction': 2, 'Drain': 2}"
2025_ORULB_116950_40,RN_03_2025-26,Construction of 01(one) no Culvert and C.C Road from Tambu Colony football field to towards Mani Yadav house in Ward No. 07 under Remuna NAC.,works,Works,Open Tender,Percentage,Civil Works - Roads,No,No,NA ,18-Aug-2025 11:00 AM,NA ,120.0,No ,No,Online,08-Sep-2025 11:00 AM,Municipal Bodies||Remuna NAC,Remuna NAC,756019.0,1.0,"3,28,629",RANU PRIYADARSHANI MOHALIK,"307,268",Rejected-Finance,12-Aug-2026,Municipal Bodies||Remuna NAC,True,"{'Flood': 0, 'Embankment': 0, 'embkt': 0, 'Relief': 0, 'Erosion': 0, 'SDRF': 0, 'Inundation': 0, 'Hydrology': 0, 'Silt': 0, 'Siltation': 0, 'Bund': 0, 'Trench': 0, 'Breach': 0, 'Culvert': 1, 'Sluice': 0, 'Dyke': 0, 'Storm water drain': 0, 'Emergency': 0, 'Immediate': 0, 'IM': 0, 'AE': 0, 'A E': 0, 'AAPDA MITRA': 0, 'flood': 0, 'Bridge': 0, 'River': 0, 'Drain': 0, 'Restoration': 0, 'Protection': 0, 'irr': 0, 'irrigation': 0, 'dam': 0, 'Nallah': 0, 'Retrofitting': 0, 'Pond': 0, 'Pokhari': 0, 'D/C': 0, 'Recharge shaft': 0, 'LFB': 0, 'RFB': 0}","{'Floodlight': 0, 'Flood Light': 0, 'GAS': 0, 'FIFA': 0, 'pipe': 0, 'pipes': 0, 'covid': 0, 'supply': 0, 'Beautification': 0, 'Installation': 0}",Monsoon,,False,True,Repair and Restoration,{'Construction': 1}
2026_ORULB_127958_7,01/2026-27,Construction drain slabs from Subhash Kar House to Choudary Babu house . in ward No -1 of Attabira NAC,road,Works,Open Tender,Percentage,Civil Works - Roads,No,No,NA ,09-Apr-2026 10:00 AM,NA ,45.0,No ,No,Online,20-Apr-2026 11:00 AM,Municipal Bodies||Attabira NAC,ATTABIRA NAC,768027.0,1.0,"2,83,988",INDRAMANI SAHU,"274,513.19",Rejected-AOC,09-Aug-2026,Municipal Bodies||Attabira NAC,True,"{'Flood': 0, 'Embankment': 0, 'embkt': 0, 'Relief': 0, 'Erosion': 0, 'SDRF': 0, 'Inundation': 0, 'Hydrology': 0, 'Silt': 0, 'Siltation': 0, 'Bund': 0, 'Trench': 0, 'Breach': 0, 'Culvert': 0, 'Sluice': 0, 'Dyke': 0, 'Storm water drain': 0, 'Emergency': 0, 'Immediate': 0, 'IM': 0, 'AE': 0, 'A E': 0, 'AAPDA MITRA': 0, 'flood': 0, 'Bridge': 0, 'River': 0, 'Drain': 1, 'Restoration': 0, 'Protection': 0, 'irr': 0, 'irrigation': 0, 'dam': 0, 'Nallah': 0, 'Retrofitting': 0, 'Pond': 0, 'Pokhari': 0, 'D/C': 0, 'Recharge shaft': 0, 'LFB': 0, 'RFB': 0}","{'Floodlight': 0, 'Flood Light': 0, 'GAS': 0, 'FIFA': 0, 'pipe': 0, 'pipes': 0, 'covid': 0, 'supply': 0, 'Beautification': 0, 'Installation': 0}",Pre-Monsoon,,False,True,Repair and Restoration,"{'Construction': 1, 'Drain': 1}"
2026_RMC_129349_4,MC/RMC/41/2026,"Construction of connecting paver road and drain near Qr. No. EM 01 to 10 block, Basanti Colony in Ward No. 17 under RMC, Rourkela",Works,Works,Open Tender,Percentage,Civil Works - Others,No,No,NA ,15-May-2026 03:00 PM,NA ,90.0,No ,No,Online,03-Jun-2026 09:00 AM,Rourkela Municipal Corporation,Rourkela,769012.0,1.0,"24,00,000",ANIL BEHERA (S.C),"2,399,926.71",Rejected-Technical,12-Aug-2026,Rourkela Municipal Corporation,True,"{'Flood': 0, 'Embankment': 0, 'embkt': 0, 'Relief': 0, 'Erosion': 0, 'SDRF': 0, 'Inundation': 0, 'Hydrology': 0, 'Silt': 0, 'Siltation': 0, 'Bund': 0, 'Trench': 0, 'Breach': 0, 'Culvert': 0, 'Sluice': 0, 'Dyke': 0, 'Storm water drain': 0, 'Emergency': 0, 'Immediate': 0, 'IM': 0, 'AE': 0, 'A E': 0, 'AAPDA MITRA': 0, 'flood': 0, 'Bridge': 0, 'River': 0, 'Drain': 1, 'Restoration': 0, 'Protection': 0, 'irr': 0, 'irrigation': 0, 'dam': 0, 'Nallah': 0, 'Retrofitting': 0, 'Pond': 0, 'Pokhari': 0, 'D/C': 0, 'Recharge shaft': 0, 'LFB': 0, 'RFB': 0}","{'Floodlight': 0, 'Flood Light': 0, 'GAS': 0, 'FIFA': 0, 'pipe': 0, 'pipes': 0, 'covid': 0, 'supply': 0, 'Beautification': 0, 'Installation': 0}",Pre-Monsoon,,False,True,Repair and Restoration,"{'Construction': 1, 'Drain': 1}"
2025_CERWI_121903_10,ROAD TENDER ONLINE RWCSBP-19/2025-26,Improvement to Road from Left dyke to Balbaspur under MMSY Imp. to existing RD Road in the District of Sambalpur for the year 2025-26.,Improvement to Road from Left dyke to Balbaspur under MMSY Imp. to existing RD Road in the District of Sambalpur for the year 2025-26.,Works,Open Tender,Percentage,Civil Works - Roads,No,No,NA ,25-Nov-2025 11:30 AM,NA ,90.0,No ,No,Online,10-Dec-2025 11:00 AM,CE RW I||RWCIRCLE-SAMBALPUR,Sambalpur,768001.0,2.0,"2,56,14,745",Dinabandhu Mirdha,"21,775,095",Accepted-AOC,24-Aug-2026,CE RW I||RWCIRCLE-SAMBALPUR,True,"{'Flood': 0, 'Embankment': 0, 'embkt': 0, 'Relief': 0, 'Erosion': 0, 'SDRF': 0, 'Inundation': 0, 'Hydrology': 0, 'Silt': 0, 'Siltation': 0, 'Bund': 0, 'Trench': 0, 'Breach': 0, 'Culvert': 0, 'Sluice': 0, 'Dyke': 2, 'Storm water drain': 0, 'Emergency': 0, 'Immediate': 0, 'IM': 0, 'AE': 0, 'A E': 0, 'AAPDA MITRA': 0, 'flood': 0, 'Bridge': 0, 'River': 0, 'Drain': 0, 'Restoration': 0, 'Protection': 0, 'irr': 0, 'irrigation': 0, 'dam': 0, 'Nallah': 0, 'Retrofitting': 0, 'Pond': 0, 'Pokhari': 0, 'D/C': 0, 'Recharge shaft': 0, 'LFB': 0, 'RFB': 0}","{'Floodlight': 0, 'Flood Light': 0, 'GAS': 0, 'FIFA': 0, 'pipe': 0, 'pipes': 0, 'covid': 0, 'supply': 0, 'Beautification': 0, 'Installation': 0}",Post-Monsoon,,False,True,Repair and Restoration,{'improvement': 2}
2026_CEMIB_129213_15,SEMIDRGD-04/2026-27,Improvement to Dimiriguda-I Check Dam in Muniguda Block of Rayagada District under the scheme Improvement to Check Dam 2026-27,Improvement to Dimiriguda-I Check Dam in Muniguda Block of Rayagada District under the scheme Improvement to Check Dam 2026-27,Works,National Competitive Bid,Percentage,Civil Works - Others,No,No,NA ,13-May-2026 10:00 AM,NA ,90.0,No ,No,Online,29-May-2026 11:00 AM,"CE,Minor Irrigation,BBSR||SE,KBK Minor Irr.CircleII,Jeypore||EE M.I. Division Rayagada",Rayagada,765001.0,1.0,"10,58,397",ISHAC BHATRA,"1,058,397.45",Rejected-AOC,17-Jun-2026,"CE,Minor Irrigation,BBSR||SE,KBK Minor Irr.CircleII,Jeypore||EE M.I. Division Rayagada",True,"{'Flood': 0, 'Embankment': 0, 'embkt': 0, 'Relief': 0, 'Erosion': 0, 'SDRF': 0, 'Inundation': 0, 'Hydrology': 0, 'Silt': 0, 'Siltation': 0, 'Bund': 0, 'Trench': 0, 'Breach': 0, 'Culvert': 0, 'Sluice': 0, 'Dyke': 0, 'Storm water drain': 0, 'Emergency': 0, 'Immediate': 0, 'IM': 0, 'AE': 0, 'A E': 0, 'AAPDA MITRA': 0, 'flood': 0, 'Bridge': 0, 'River': 0, 'Drain': 0, 'Restoration': 0, 'Protection': 0, 'irr': 0, 'irrigation': 0, 'dam': 4, 'Nallah': 0, 'Retrofitting': 0, 'Pond': 0, 'Pokhari': 0, 'D/C': 0, 'Recharge shaft': 0, 'LFB': 0, 'RFB': 0}","{'Floodlight': 0, 'Flood Light': 0, 'GAS': 0, 'FIFA': 0, 'pipe': 0, 'pipes': 0, 'covid': 0, 'supply': 0, 'Beautification': 0, 'Installation': 0}",Pre-Monsoon,,False,False,Repair and Restoration,"{'improvement': 4, 'Check Dam': 4}"
2026_CERWI_126242_1,BPT/Online-18/2025-26,Construction of bridge over Silda Nallah on Amsena PMGSY road towards Patparpali via Kalyanpur,Construction of bridge over Silda Nallah on Amsena PMGSY road towards Patparpali via Kalyanpur,Works,National Competitive Bid,Percentage,Civil Works - Bridges,No,No,NA ,18-Feb-2026 05:00 PM,NA ,90.0,No ,No,Online,09-Mar-2026 11:00 AM,CE RW I||RWCIRCLE-BHAWANIPATNA,Nuapada,766107.0,2.0,"6,71,45,000",ANUP BUILDERS,"63,794,772",Rejected-Finance,06-Aug-2026,CE RW I||RWCIRCLE-BHAWANIPATNA,True,"{'Flood': 0, 'Embankment': 0, 'embkt': 0, 'Relief': 0, 'Erosion': 0, 'SDRF': 0, 'Inundation': 0, 'Hydrology': 0, 'Silt': 0, 'Siltation': 0, 'Bund': 0, 'Trench': 0, 'Breach': 0, 'Culvert': 0, 'Sluice': 0, 'Dyke': 0, 'Storm water drain': 0, 'Emergency': 0, 'Immediate': 0, 'IM': 0, 'AE': 0, 'A E': 0, 'AAPDA MITRA': 0, 'flood': 0, 'Bridge': 2, 'River': 0, 'Drain': 0, 'Restoration': 0, 'Protection': 0, 'irr': 0, 'irrigation': 0, 'dam': 0, 'Nallah': 2, 'Retrofitting': 0, 'Pond': 0, 'Pokhari': 0, 'D/C': 0, 'Recharge shaft': 0, 'LFB': 0, 'RFB': 0}","{'Floodlight': 0, 'Flood Light': 0, 'GAS': 0, 'FIFA': 0, 'pipe': 0, 'pipes': 0, 'covid': 0, 'supply': 0, 'Beautification': 0, 'Installation': 0}",Post-Monsoon,,False,True,Repair and Restoration,"{'Construction': 2, 'Bridge': 2}"
2026_CELBB_124907_1,e-Procurement Notice No.- 08 of 2025-26,NID-204- Improvement to Kushabhadra Right Embankment near Village Patapur.,Improvement to Kushabhadra Right Embankment near Village Patapur.,Works,Open Tender,Percentage,Civil Works - Others,No,No,NA ,22-Jan-2026 11:00 AM,NA ,90.0,No ,No,Online,06-Feb-2026 11:00 AM,"CE-BM,LMB Basin,BBSR||SE, Central Irr.Circle, BBSR||EE,Nimapada Irr Division, Nimapada",Nimapara,752106.0,1.0,"42,56,916",ABHIJIT SWAIN,"3,403,404",Rejected-Finance,20-Aug-2026,"CE-BM,LMB Basin,BBSR||SE, Central Irr.Circle, BBSR||EE,Nimapada Irr Division, Nimapada",True,"{'Flood': 0, 'Embankment': 2, 'embkt': 0, 'Relief': 0, 'Erosion': 0, 'SDRF': 0, 'Inundation': 0, 'Hydrology': 0, 'Silt': 0, 'Siltation': 0, 'Bund': 0, 'Trench': 0, 'Breach': 0, 'Culvert': 0, 'Sluice': 0, 'Dyke': 0, 'Storm water drain': 0, 'Emergency': 0, 'Immediate': 0, 'IM': 0, 'AE': 0, 'A E': 0, 'AAPDA MITRA': 0, 'flood': 0, 'Bridge': 0, 'River': 0, 'Drain': 0, 'Restoration': 0, 'Protection': 0, 'irr': 0, 'irrigation': 0, 'dam': 0, 'Nallah': 0, 'Retrofitting': 0, 'Pond': 0, 'Pokhari': 0, 'D/C': 0, 'Recharge shaft': 0, 'LFB': 0, 'RFB': 0}","{'Floodlight': 0, 'Flood Light': 0, 'GAS': 0, 'FIFA': 0, 'pipe': 0, 'pipes': 0, 'covid': 0, 'supply': 0, 'Beautification': 0, 'Installation': 0}",Post-Monsoon,,False,True,Repair and Restoration,{'improvement': 2}
2025_CELBB_120208_6,MND-11 OF 2025-26,Restoration to scoured bank on Mahanadi left near village Dhanipur for the year 2025-26,Restoration to scoured bank on Mahanadi left near village Dhanipur for the year 2025-26,Works,National Competitive Bid,Percentage,Civil Works - Others,No,No,NA ,29-Oct-2025 10:00 AM,NA ,90.0,No ,No,Online,10-Nov-2025 11:30 AM,"CE-BM,LMB Basin,BBSR||SE, Eastern Circle,Cuttack||EE, Mahanadi North Division,Jagatpur",ATHAGARH,754021.0,1.0,"19,59,010",BIDYULATA PALEI,"1,665,354",Rejected-Finance,13-Aug-2026,"CE-BM,LMB Basin,BBSR||SE, Eastern Circle,Cuttack||EE, Mahanadi North Division,Jagatpur",True,"{'Flood': 0, 'Embankment': 0, 'embkt': 0, 'Relief': 0, 'Erosion': 0, 'SDRF': 0, 'Inundation': 0, 'Hydrology': 0, 'Silt': 0, 'Siltation': 0, 'Bund': 0, 'Trench': 0, 'Breach': 0, 'Culvert': 0, 'Sluice': 0, 'Dyke': 0, 'Storm water drain': 0, 'Emergency': 0, 'Immediate': 0, 'IM': 0, 'AE': 0, 'A E': 0, 'AAPDA MITRA': 0, 'flood': 0, 'Bridge': 0, 'River': 0, 'Drain': 0, 'Restoration': 2, 'Protection': 0, 'irr': 0, 'irrigation': 0, 'dam': 0, 'Nallah': 0, 'Retrofitting': 0, 'Pond': 0, 'Pokhari': 0, 'D/C': 0, 'Recharge shaft': 0, 'LFB': 0, 'RFB': 0}","{'Floodlight': 0, 'Flood Light': 0, 'GAS': 0, 'FIFA': 0, 'pipe': 0, 'pipes': 0, 'covid': 0, 'supply': 0, 'Beautification': 0, 'Installation': 0}",Post-Monsoon,,False,False,Repair and Restoration,{'restoration': 2}
2025_IKBBJ_117352_1,CEBMIKB-01/2025-26,Lining of Right and Left Distributaries along with minors and Sub minors including renovation of structures of Bhaskel Irrigation Project in Nabarangpur District,Canal lining with ancillary works,Works,Open Tender,Percentage,Civil Works - Canal,No,No,NA ,26-Aug-2025 10:00 AM,01-Sep-2025 11:30 AM ,90.0,No ,No,Online,17-Sep-2025 11:30 AM,CE AND BM IK BASIN BARINIPUT JEYPORE,Umerkote,764073.0,2.0,"20,74,67,701",CHANDRA SEKHAR SWAIN,"176,368,292.95",Rejected-Technical,02-Nov-2026,CE AND BM IK BASIN BARINIPUT JEYPORE,True,"{'Flood': 0, 'Embankment': 0, 'embkt': 0, 'Relief': 0, 'Erosion': 0, 'SDRF': 0, 'Inundation': 0, 'Hydrology': 0, 'Silt': 0, 'Siltation': 0, 'Bund': 0, 'Trench': 0, 'Breach': 0, 'Culvert': 0, 'Sluice': 0, 'Dyke': 0, 'Storm water drain': 0, 'Emergency': 0, 'Immediate': 0, 'IM': 0, 'AE': 0, 'A E': 0, 'AAPDA MITRA': 0, 'flood': 0, 'Bridge': 0, 'River': 0, 'Drain': 0, 'Restoration': 0, 'Protection': 0, 'irr': 0, 'irrigation': 1, 'dam': 0, 'Nallah': 0, 'Retrofitting': 0, 'Pond': 0, 'Pokhari': 0, 'D/C': 0, 'Recharge shaft': 0, 'LFB': 0, 'RFB': 0}","{'Floodlight': 0, 'Flood Light': 0, 'GAS': 0, 'FIFA': 0, 'pipe': 0, 'pipes': 0, 'covid': 0, 'supply': 0, 'Beautification': 0, 'Installation': 0}",Monsoon,,False,False,Repair and Restoration,{'renovation': 1}
2025_CELBB_120208_2,MND-11 OF 2025-26,Restoration to Mahanadi Left embankment near Sankhamari for the year 2025-26,Restoration to Mahanadi Left embankment near Sankhamari for the year 2025-26,Works,National Competitive Bid,Percentage,Civil Works - Others,No,No,NA ,29-Oct-2025 10:00 AM,NA ,90.0,No ,No,Online,10-Nov-2025 11:30 AM,"CE-BM,LMB Basin,BBSR||SE, Eastern Circle,Cuttack||EE, Mahanadi North Division,Jagatpur",ATHAGARH,754021.0,1.0,"29,85,034",AMITA MOHANTY,"2,537,577",Rejected-Finance,13-Aug-2026,"CE-BM,LMB Basin,BBSR||SE, Eastern Circle,Cuttack||EE, Mahanadi North Division,Jagatpur",True,"{'Flood': 0, 'Embankment': 2, 'embkt': 0, 'Relief': 0, 'Erosion': 0, 'SDRF': 0, 'Inundation': 0, 'Hydrology': 0, 'Silt': 0, 'Siltation': 0, 'Bund': 0, 'Trench': 0, 'Breach': 0, 'Culvert': 0, 'Sluice': 0, 'Dyke': 0, 'Storm water drain': 0, 'Emergency': 0, 'Immediate': 0, 'IM': 0, 'AE': 0, 'A E': 0, 'AAPDA MITRA': 0, 'flood': 0, 'Bridge': 0, 'River': 0, 'Drain': 0, 'Restoration': 2, 'Protection': 0, 'irr': 0, 'irrigation': 0, 'dam': 0, 'Nallah': 0, 'Retrofitting': 0, 'Pond': 0, 'Pokhari': 0, 'D/C': 0, 'Recharge shaft': 0, 'LFB': 0, 'RFB': 0}","{'Floodlight': 0, 'Flood Light': 0, 'GAS': 0, 'FIFA': 0, 'pipe': 0, 'pipes': 0, 'covid': 0, 'supply': 0, 'Beautification': 0, 'Installation': 0}",Post-Monsoon,,False,True,Repair and Restoration,{'restoration': 2}
2026_CELBB_124907_5,e-Procurement Notice No.- 08 of 2025-26,NID-208- Repair and Renovation of Balanga Irrigation Sub-Division Office.,Repair and Renovation of Balanga Irrigation Sub-Division Office.,Works,Open Tender,Percentage,Civil Works - Buildings,No,No,NA ,22-Jan-2026 11:00 AM,NA ,90.0,No ,No,Online,06-Feb-2026 11:00 AM,"CE-BM,LMB Basin,BBSR||SE, Central Irr.Circle, BBSR||EE,Nimapada Irr Division, Nimapada",Nimapara,752106.0,1.0,"12,70,588",Ashok Kumar Pati,"889,411",Rejected-Finance,20-Aug-2026,"CE-BM,LMB Basin,BBSR||SE, Central Irr.Circle, BBSR||EE,Nimapada Irr Division, Nimapada",True,"{'Flood': 0, 'Embankment': 0, 'embkt': 0, 'Relief': 0, 'Erosion': 0, 'SDRF': 0, 'Inundation': 0, 'Hydrology': 0, 'Silt': 0, 'Siltation': 0, 'Bund': 0, 'Trench': 0, 'Breach': 0, 'Culvert': 0, 'Sluice': 0, 'Dyke': 0, 'Storm water drain': 0, 'Emergency': 0, 'Immediate': 0, 'IM': 0, 'AE': 0, 'A E': 0, 'AAPDA MITRA': 0, 'flood': 0, 'Bridge': 0, 'River': 0, 'Drain': 0, 'Restoration': 0, 'Protection': 0, 'irr': 0, 'irrigation': 2, 'dam': 0, 'Nallah': 0, 'Retrofitting': 0, 'Pond': 0, 'Pokhari': 0, 'D/C': 0, 'Recharge shaft': 0, 'LFB': 0, 'RFB': 0}","{'Floodlight': 0, 'Flood Light': 0, 'GAS': 0, 'FIFA': 0, 'pipe': 0, 'pipes': 0, 'covid': 0, 'supply': 0, 'Beautification': 0, 'Installation': 0}",Post-Monsoon,,False,False,Repair and Restoration,"{'repair': 2, 'renovation': 2}"
2026_CERWI_132053_1,"02/RWD-I,MKG/2026-27",Special Repair to L050-Sariapalli to Banguru ( Boxcell Culvert (1x6x3)) 2 nos in the District of Malkangiri for the year 2026-27,Special Repair to L050-Sariapalli to Banguru ( Boxcell Culvert (1x6x3)) 2 nos in the District of Malkangiri for the year 2026-27,Works,Open Tender,Percentage,Civil Works - Roads,No,No,NA ,12-Jun-2026 06:55 PM,NA ,90.0,No ,No,Online,30-Jun-2026 11:00 AM,CE RW I||RWCIRCLE-SUNABEDA||RWDIVISION-MALKANGIRI,Malkangiri,764048.0,2.0,"57,62,668",Ashim Kumar Ray,"3,544,040.639",Rejected-Finance,14-Aug-2026,CE RW I||RWCIRCLE-SUNABEDA||RWDIVISION-MALKANGIRI,True,"{'Flood': 0, 'Embankment': 0, 'embkt': 0, 'Relief': 0, 'Erosion': 0, 'SDRF': 0, 'Inundation': 0, 'Hydrology': 0, 'Silt': 0, 'Siltation': 0, 'Bund': 0, 'Trench': 0, 'Breach': 0, 'Culvert': 2, 'Sluice': 0, 'Dyke': 0, 'Storm water drain': 0, 'Emergency': 0, 'Immediate': 0, 'IM': 0, 'AE': 0, 'A E': 0, 'AAPDA MITRA': 0, 'flood': 0, 'Bridge': 0, 'River': 0, 'Drain': 0, 'Restoration': 0, 'Protection': 0, 'irr': 0, 'irrigation': 0, 'dam': 0, 'Nallah': 0, 'Retrofitting': 0, 'Pond': 0, 'Pokhari': 0, 'D/C': 0, 'Recharge shaft': 0, 'LFB': 0, 'RFB': 0}","{'Floodlight': 0, 'Flood Light': 0, 'GAS': 0, 'FIFA': 0, 'pipe': 0, 'pipes': 0, 'covid': 0, 'supply': 0, 'Beautification': 0, 'Installation': 0}",Monsoon,,False,True,Repair and Restoration,{'repair': 2}
2026_CEMIB_129213_11,SEMIDRGD-04/2026-27,Improvement to Masaninalla Check Dam in Bissamcuttack Block of Rayagada District under the scheme Improvement to Check Dam 2026-27,Improvement to Masaninalla Check Dam in Bissamcuttack Block of Rayagada District under the scheme Improvement to Check Dam 2026-27,Works,National Competitive Bid,Percentage,Civil Works - Others,No,No,NA ,13-May-2026 10:00 AM,NA ,90.0,No ,No,Online,29-May-2026 11:00 AM,"CE,Minor Irrigation,BBSR||SE,KBK Minor Irr.CircleII,Jeypore||EE M.I. Division Rayagada",Rayagada,765001.0,1.0,"9,07,110",ASHOK NAIR,"907,109.7",Rejected-AOC,11-Aug-2026,"CE,Minor Irrigation,BBSR||SE,KBK Minor Irr.CircleII,Jeypore||EE M.I. Division Rayagada",True,"{'Flood': 0, 'Embankment': 0, 'embkt': 0, 'Relief': 0, 'Erosion': 0, 'SDRF': 0, 'Inundation': 0, 'Hydrology': 0, 'Silt': 0, 'Siltation': 0, 'Bund': 0, 'Trench': 0, 'Breach': 0, 'Culvert': 0, 'Sluice': 0, 'Dyke': 0, 'Storm water drain': 0, 'Emergency': 0, 'Immediate': 0, 'IM': 0, 'AE': 0, 'A E': 0, 'AAPDA MITRA': 0, 'flood': 0, 'Bridge': 0, 'River': 0, 'Drain': 0, 'Restoration': 0, 'Protection': 0, 'irr': 0, 'irrigation': 0, 'dam': 4, 'Nallah': 0, 'Retrofitting': 0, 'Pond': 0, 'Pokhari': 0, 'D/C': 0, 'Recharge shaft': 0, 'LFB': 0, 'RFB': 0}","{'Floodlight': 0, 'Flood Light': 0, 'GAS': 0, 'FIFA': 0, 'pipe': 0, 'pipes': 0, 'covid': 0, 'supply': 0, 'Beautification': 0, 'Installation': 0}",Pre-Monsoon,,False,False,Repair and Restoration,"{'improvement': 4, 'Check Dam': 4}"
2026_ORULB_126857_96,06/BGH- MUN/2025-26,Construction of Road and Drain from prajapitabrhama kumari to akashhati house w.n0-08,Construction of Road and Drain from prajapitabrhama kumari to akashhati house w.n0-08,Works,Open Tender,Percentage,Civil Works - Others,No,No,NA ,06-Mar-2026 04:00 PM,NA ,90.0,No ,No,Online,17-Mar-2026 11:00 AM,Municipal Bodies||Bargarh Municipal Council,Bargarh,768028.0,1.0,"15,00,000",ARUN DAS,"1,017,263.99",Rejected-Finance,21-Aug-2026,Municipal Bodies||Bargarh Municipal Council,True,"{'Flood': 0, 'Embankment': 0, 'embkt': 0, 'Relief': 0, 'Erosion': 0, 'SDRF': 0, 'Inundation': 0, 'Hydrology': 0, 'Silt': 0, 'Siltation': 0, 'Bund': 0, 'Trench': 0, 'Breach': 0, 'Culvert': 0, 'Sluice': 0, 'Dyke': 0, 'Storm water drain': 0, 'Emergency': 0, 'Immediate': 0, 'IM': 0, 'AE': 0, 'A E': 0, 'AAPDA MITRA': 0, 'flood': 0, 'Bridge': 0, 'River': 0, 'Drain': 2, 'Restoration': 0, 'Protection': 0, 'irr': 0, 'irrigation': 0, 'dam': 0, 'Nallah': 0, 'Retrofitting': 0, 'Pond': 0, 'Pokhari': 0, 'D/C': 0, 'Recharge shaft': 0, 'LFB': 0, 'RFB': 0}","{'Floodlight': 0, 'Flood Light': 0, 'GAS': 0, 'FIFA': 0, 'pipe': 0, 'pipes': 0, 'covid': 0, 'supply': 0, 'Beautification': 0, 'Installation': 0}",Pre-Monsoon,,False,True,Repair and Restoration,"{'Construction': 2, 'Drain': 2}"
2024_OCCL_103698_1,Bid identification No. OCCL-HQP/25/2024-25,E-procurement Notice No.06/OCCL/2024-25(on-line),Improvement to service road of Banapur Main Canal between RD 17.00 Km to RD 18.80 Km and Sahaspur Distributary between RD 0.00 Km to 4.00 Km of Salia Irrigation Project.,Works,Open Tender,Percentage,Civil Works - Others,No,No,NA ,16-Jul-2024 09:00 AM,NA ,90.0,No ,No,Online,14-Aug-2024 12:00 PM,ODISHA CONSTRUCTION CORPORATION LTD,"Khurda Irrigation Division, Khordha",752055.0,2.0,"1,15,56,208",ACP CONSTRUCTION,"9,823,933",Accepted-AOC,18-Dec-2024,ODISHA CONSTRUCTION CORPORATION LTD,True,"{'Flood': 0, 'Embankment': 0, 'embkt': 0, 'Relief': 0, 'Erosion': 0, 'SDRF': 0, 'Inundation': 0, 'Hydrology': 0, 'Silt': 0, 'Siltation': 0, 'Bund': 0, 'Trench': 0, 'Breach': 0, 'Culvert': 0, 'Sluice': 0, 'Dyke': 0, 'Storm water drain': 0, 'Emergency': 0, 'Immediate': 0, 'IM': 0, 'AE': 0, 'A E': 0, 'AAPDA MITRA': 0, 'flood': 0, 'Bridge': 0, 'River': 0, 'Drain': 0, 'Restoration': 0, 'Protection': 0, 'irr': 0, 'irrigation': 1, 'dam': 0, 'Nallah': 0, 'Retrofitting': 0, 'Pond': 0, 'Pokhari': 0, 'D/C': 0, 'Recharge shaft': 0, 'LFB': 0, 'RFB': 0}","{'Floodlight': 0, 'Flood Light': 0, 'GAS': 0, 'FIFA': 0, 'pipe': 0, 'pipes': 0, 'covid': 0, 'supply': 0, 'Beautification': 0, 'Installation': 0}",Monsoon,,False,True,Repair and Restoration,{'improvement': 1}
2026_CEMIB_124558_5,BID IDENTIFICATION NO_SEMIDN_14_OF2025_26,Improvement to Nuapalli Check Dam in Khandapada Block of Nayagarh district under Improvement to Check Dam grant for the year 2025-26,Improvement to Nuapalli Check Dam in Khandapada Block of Nayagarh district under Improvement to Check Dam grant for the year 2025-26,Works,National Competitive Bid,Percentage,Civil Works - Others,No,No,NA ,14-Jan-2026 10:00 AM,NA ,90.0,No ,No,Online,21-Jan-2026 11:00 AM,"CE,Minor Irrigation,BBSR||SECMIC-BHUBANESWAR||EE MI Divn. Nayagarh",SUPERINTENDING ENGINEER M I DIVISION NAYAGARH,752070.0,1.0,,BULU DAS (S.C),"470,757.07",Rejected-AOC,14-Aug-2026,"CE,Minor Irrigation,BBSR||SECMIC-BHUBANESWAR||EE MI Divn. Nayagarh",True,"{'Flood': 0, 'Embankment': 0, 'embkt': 0, 'Relief': 0, 'Erosion': 0, 'SDRF': 0, 'Inundation': 0, 'Hydrology': 0, 'Silt': 0, 'Siltation': 0, 'Bund': 0, 'Trench': 0, 'Breach': 0, 'Culvert': 0, 'Sluice': 0, 'Dyke': 0, 'Storm water drain': 0, 'Emergency': 0, 'Immediate': 0, 'IM': 0, 'AE': 0, 'A E': 0, 'AAPDA MITRA': 0, 'flood': 0, 'Bridge': 0, 'River': 0, 'Drain': 0, 'Restoration': 0, 'Protection': 0, 'irr': 0, 'irrigation': 0, 'dam': 4, 'Nallah': 0, 'Retrofitting': 0, 'Pond': 0, 'Pokhari': 0, 'D/C': 0, 'Recharge shaft': 0, 'LFB': 0, 'RFB': 0}","{'Floodlight': 0, 'Flood Light': 0, 'GAS': 0, 'FIFA': 0, 'pipe': 0, 'pipes': 0, 'covid': 0, 'supply': 0, 'Beautification': 0, 'Installation': 0}",Post-Monsoon,,False,False,Repair and Restoration,"{'improvement': 4, 'Check Dam': 4}"
2026_ORULB_127314_9,43/SMC_SBP/2025-26,"Repair and maintenance of pothole with covering of open drain with slab from Ainthapali - GM College road to Barun Residency (Jamkani Gudi temple area) in Pradhanpara, Budharaja, Ward No. 27 under SMC, Sambalpur.","Repair and maintenance of pothole with covering of open drain with slab from Ainthapali - GM College road to Barun Residency (Jamkani Gudi temple area) in Pradhanpara, Budharaja, Ward No. 27 under SMC, Sambalpur.",Works,Open Tender,Percentage,Civil Works - Others,No,No,NA ,17-Mar-2026 04:00 PM,NA ,120.0,No ,No,Online,30-Mar-2026 11:00 AM,Municipal Bodies||Sambalpur Municipal Corporation,SAMBALPUR MUNICIPAL CORPORATION,768006.0,1.0,"34,71,867",AJIT PADHIARY,"3,471,867",Accepted-AOC,01-Aug-2026,Municipal Bodies||Sambalpur Municipal Corporation,True,"{'Flood': 0, 'Embankment': 0, 'embkt': 0, 'Relief': 0, 'Erosion': 0, 'SDRF': 0, 'Inundation': 0, 'Hydrology': 0, 'Silt': 0, 'Siltation': 0, 'Bund': 0, 'Trench': 0, 'Breach': 0, 'Culvert': 0, 'Sluice': 0, 'Dyke': 0, 'Storm water drain': 0, 'Emergency': 0, 'Immediate': 0, 'IM': 0, 'AE': 0, 'A E': 0, 'AAPDA MITRA': 0, 'flood': 0, 'Bridge': 0, 'River': 0, 'Drain': 2, 'Restoration': 0, 'Protection': 0, 'irr': 0, 'irrigation': 0, 'dam': 0, 'Nallah': 0, 'Retrofitting': 0, 'Pond': 0, 'Pokhari': 0, 'D/C': 0, 'Recharge shaft': 0, 'LFB': 0, 'RFB': 0}","{'Floodlight': 0, 'Flood Light': 0, 'GAS': 0, 'FIFA': 0, 'pipe': 0, 'pipes': 0, 'covid': 0, 'supply': 0, 'Beautification': 0, 'Installation': 0}",Pre-Monsoon,,False,True,Repair and Restoration,"{'repair': 2, 'Drain': 2}"
2026_CERWI_133173_1,02 of 2026-27,"Repair to Bridge over river Rana on Bilipada talabasta road_Road_Repair of Abutment, Pier shaft and Deck slab bottom._At 0.600 km","Repair to Bridge over river Rana on Bilipada talabasta road_Road_Repair of Abutment, Pier shaft and Deck slab bottom._At 0.600 km",Works,Open Tender,Percentage,Miscellaneous Works,No,No,NA ,25-Jun-2026 11:00 AM,NA ,90.0,No ,No,Online,08-Jul-2026 11:30 AM,CE RW I||RWCIRCLE-CUTTACK||RWDIVISION-CUTTACK-II,Cuttack,753004.0,1.0,"5,03,853",AKASH KUMAR SAHOO,"503,852",Rejected-AOC,11-Aug-2026,CE RW I||RWCIRCLE-CUTTACK||RWDIVISION-CUTTACK-II,True,"{'Flood': 0, 'Embankment': 0, 'embkt': 0, 'Relief': 0, 'Erosion': 0, 'SDRF': 0, 'Inundation': 0, 'Hydrology': 0, 'Silt': 0, 'Siltation': 0, 'Bund': 0, 'Trench': 0, 'Breach': 0, 'Culvert': 0, 'Sluice': 0, 'Dyke': 0, 'Storm water drain': 0, 'Emergency': 0, 'Immediate': 0, 'IM': 0, 'AE': 0, 'A E': 0, 'AAPDA MITRA': 0, 'flood': 0, 'Bridge': 2, 'River': 2, 'Drain': 0, 'Restoration': 0, 'Protection': 0, 'irr': 0, 'irrigation': 0, 'dam': 0, 'Nallah': 0, 'Retrofitting': 0, 'Pond': 0, 'Pokhari': 0, 'D/C': 0, 'Recharge shaft': 0, 'LFB': 0, 'RFB': 0}","{'Floodlight': 0, 'Flood Light': 0, 'GAS': 0, 'FIFA': 0, 'pipe': 0, 'pipes': 0, 'covid': 0, 'supply': 0, 'Beautification': 0, 'Installation': 0}",Monsoon,,False,True,Repair and Restoration,"{'repair': 4, 'Bridge': 2}"
2026_ORULB_129179_25,BRJNRM -02/2026-27,Construction of Road and Drain at School side to Mahto Ji House IB Pit in W.No.14.,Road and Drain,Works,Open Tender,Percentage,Civil Works - Others,No,No,NA ,14-May-2026 01:00 PM,NA ,90.0,No ,No,Online,28-May-2026 09:00 AM,Municipal Bodies||Brajrajnagar Municipality,Brajrajnagar Municipality,768216.0,2.0,"19,00,000",BIKASH PRASAD,"1,601,695.11",Accepted-AOC,07-Aug-2026,Municipal Bodies||Brajrajnagar Municipality,True,"{'Flood': 0, 'Embankment': 0, 'embkt': 0, 'Relief': 0, 'Erosion': 0, 'SDRF': 0, 'Inundation': 0, 'Hydrology': 0, 'Silt': 0, 'Siltation': 0, 'Bund': 0, 'Trench': 0, 'Breach': 0, 'Culvert': 0, 'Sluice': 0, 'Dyke': 0, 'Storm water drain': 0, 'Emergency': 0, 'Immediate': 0, 'IM': 0, 'AE': 0, 'A E': 0, 'AAPDA MITRA': 0, 'flood': 0, 'Bridge': 0, 'River': 0, 'Drain': 2, 'Restoration': 0, 'Protection': 0, 'irr': 0, 'irrigation': 0, 'dam': 0, 'Nallah': 0, 'Retrofitting': 0, 'Pond': 0, 'Pokhari': 0, 'D/C': 0, 'Recharge shaft': 0, 'LFB': 0, 'RFB': 0}","{'Floodlight': 0, 'Flood Light': 0, 'GAS': 0, 'FIFA': 0, 'pipe': 0, 'pipes': 0, 'covid': 0, 'supply': 0, 'Beautification': 0, 'Installation': 0}",Pre-Monsoon,,False,True,Repair and Restoration,"{'Construction': 1, 'Drain': 2}"
2025_CEBBS_121965_2,SERID-RKL-05-2025-26,Repair of CD at RD 4747m and wall lining at RD 6830m to RD 6838m and bed lining at RD 7100m in patches of Beldihi Distributary of Pitamahal Irrigation Project.,Repair of CD at RD 4747m and wall lining at RD 6830m to RD 6838m and bed lining at RD 7100m in patches of Beldihi Distributary of Pitamahal Irrigation Project.,Works,Open Tender,Percentage,Civil Works - Canal,No,No,NA ,26-Nov-2025 10:00 AM,NA ,90.0,No ,No,Online,08-Dec-2025 11:00 AM,CE and BM Brahmani Basin Samal||APD cum CCE RIP Samal||Rourkela Irrigation Division Rourkela,Pitamahal,769002.0,1.0,"4,33,944",BISHNU PRASAD NAYAK,"368,896.11",Rejected-AOC,10-Aug-2026,CE and BM Brahmani Basin Samal||APD cum CCE RIP Samal||Rourkela Irrigation Division Rourkela,True,"{'Flood': 0, 'Embankment': 0, 'embkt': 0, 'Relief': 0, 'Erosion': 0, 'SDRF': 0, 'Inundation': 0, 'Hydrology': 0, 'Silt': 0, 'Siltation': 0, 'Bund': 0, 'Trench': 0, 'Breach': 0, 'Culvert': 0, 'Sluice': 0, 'Dyke': 0, 'Storm water drain': 0, 'Emergency': 0, 'Immediate': 0, 'IM': 0, 'AE': 0, 'A E': 0, 'AAPDA MITRA': 0, 'flood': 0, 'Bridge': 0, 'River': 0, 'Drain': 0, 'Restoration': 0, 'Protection': 0, 'irr': 0, 'irrigation': 2, 'dam': 0, 'Nallah': 0, 'Retrofitting': 0, 'Pond': 0, 'Pokhari': 0, 'D/C': 0, 'Recharge shaft': 0, 'LFB': 0, 'RFB': 0}","{'Floodlight': 0, 'Flood Light': 0, 'GAS': 0, 'FIFA': 0, 'pipe': 0, 'pipes': 0, 'covid': 0, 'supply': 0, 'Beautification': 0, 'Installation': 0}",Post-Monsoon,,False,False,Repair and Restoration,{'repair': 2}
2026_EICCL_126930_1,SE PKD RandB-DIVN 22 2025 26,"Repair and Renovation of Mahendratanaya Bridge Such as Providing Mastic Asphalt, Stripseal Expansion joint system, BC and others on Paralakhemundi to Narasenapeta road at ch. 1.000 km for the year 2025-26.","Repair and Renovation of Mahendratanaya Bridge Such as Providing Mastic Asphalt, Stripseal Expansion joint system, BC and others on Paralakhemundi to Narasenapeta road at ch. 1.000 km for the year 2025-26.",Works,Open Tender,Percentage,Civil Works - Bridges,No,No,NA ,24-Mar-2026 10:00 AM,NA ,90.0,No ,No,Online,08-Apr-2026 12:00 PM,EIC-CIVIL||SERNB-CIRCLE-RAYAGADA||EERNB DIVN PARALAKHEMUNDI,Gajapati,761200.0,1.0,"32,61,669",BEJJIPURAPU NABIN,"3,261,669",Accepted-AOC,29-Aug-2026,EIC-CIVIL||SERNB-CIRCLE-RAYAGADA||EERNB DIVN PARALAKHEMUNDI,True,"{'Flood': 0, 'Embankment': 0, 'embkt': 0, 'Relief': 0, 'Erosion': 0, 'SDRF': 0, 'Inundation': 0, 'Hydrology': 0, 'Silt': 0, 'Siltation': 0, 'Bund': 0, 'Trench': 0, 'Breach': 0, 'Culvert': 0, 'Sluice': 0, 'Dyke': 0, 'Storm water drain': 0, 'Emergency': 0, 'Immediate': 0, 'IM': 0, 'AE': 0, 'A E': 0, 'AAPDA MITRA': 0, 'flood': 0, 'Bridge': 2, 'River': 0, 'Drain': 0, 'Restoration': 0, 'Protection': 0, 'irr': 0, 'irrigation': 0, 'dam': 0, 'Nallah': 0, 'Retrofitting': 0, 'Pond': 0, 'Pokhari': 0, 'D/C': 0, 'Recharge shaft': 0, 'LFB': 0, 'RFB': 0}","{'Floodlight': 0, 'Flood Light': 0, 'GAS': 0, 'FIFA': 0, 'pipe': 0, 'pipes': 0, 'covid': 0, 'supply': 0, 'Beautification': 0, 'Installation': 0}",Pre-Monsoon,,False,True,Repair and Restoration,"{'repair': 2, 'renovation': 2, 'Bridge': 2}"
2026_SEHDP_131795_2,e-Procurement Notice No.SE-HID(NSPR)-03/2026-27,"SEHID (NSPR)-03(02) Constrn. of Right side R and R colony cross internal road (CC) of Village Borus from Colony Main internal road to Play ground with RCC drain at R and R Colony, near village Kanseilo of Hadua Irr.project, Narasinghpur,Dist-Cuttack",Construction of CC road wit Drain,Works,National Competitive Bid,Percentage,Civil Works - Others,No,No,NA ,11-Jun-2026 11:00 AM,NA ,90.0,No ,No,Online,29-Jun-2026 11:00 AM,CCE Brutang and Hadua Irrigation Project Dasapalla||SE Hadua Division Narasinghapur,Narasinghpur,754032.0,2.0,"56,70,791",ABHAYA BHUSAN SAHOO,"5,670,790.81",Rejected-AOC,07-Aug-2026,CCE Brutang and Hadua Irrigation Project Dasapalla||SE Hadua Division Narasinghapur,True,"{'Flood': 0, 'Embankment': 0, 'embkt': 0, 'Relief': 0, 'Erosion': 0, 'SDRF': 0, 'Inundation': 0, 'Hydrology': 0, 'Silt': 0, 'Siltation': 0, 'Bund': 0, 'Trench': 0, 'Breach': 0, 'Culvert': 0, 'Sluice': 0, 'Dyke': 0, 'Storm water drain': 0, 'Emergency': 0, 'Immediate': 0, 'IM': 0, 'AE': 0, 'A E': 0, 'AAPDA MITRA': 0, 'flood': 0, 'Bridge': 0, 'River': 0, 'Drain': 2, 'Restoration': 0, 'Protection': 0, 'irr': 1, 'irrigation': 0, 'dam': 0, 'Nallah': 0, 'Retrofitting': 0, 'Pond': 0, 'Pokhari': 0, 'D/C': 0, 'Recharge shaft': 0, 'LFB': 0, 'RFB': 0}","{'Floodlight': 0, 'Flood Light': 0, 'GAS': 0, 'FIFA': 0, 'pipe': 0, 'pipes': 0, 'covid': 0, 'supply': 0, 'Beautification': 0, 'Installation': 0}",Monsoon,,False,True,Repair and Restoration,"{'Construction': 1, 'Drain': 2}"
2026_CEDC_129577_4,DDKPD-01 of 2026-27,(Sl No 4) Construction of Box Culvert over Kanpur DC,Construction of Box Culvert,Works,Open Tender,Percentage,Civil Works - Others,No,No,NA ,21-May-2026 01:00 PM,NA ,90.0,No ,No,Online,01-Jun-2026 10:00 AM,"CE,Drainage,Cuttack||SE,Drainage,Cuttack",Kendrapara,754211.0,1.0,"15,75,731",AMAR KUMAR MALLA,"1,575,731",Rejected-Finance,01-Oct-2026,"CE,Drainage,Cuttack||SE,Drainage,Cuttack",True,"{'Flood': 0, 'Embankment': 0, 'embkt': 0, 'Relief': 0, 'Erosion': 0, 'SDRF': 0, 'Inundation': 0, 'Hydrology': 0, 'Silt': 0, 'Siltation': 0, 'Bund': 0, 'Trench': 0, 'Breach': 0, 'Culvert': 2, 'Sluice': 0, 'Dyke': 0, 'Storm water drain': 0, 'Emergency': 0, 'Immediate': 0, 'IM': 0, 'AE': 0, 'A E': 0, 'AAPDA MITRA': 0, 'flood': 0, 'Bridge': 0, 'River': 0, 'Drain': 0, 'Restoration': 0, 'Protection': 0, 'irr': 0, 'irrigation': 0, 'dam': 0, 'Nallah': 0, 'Retrofitting': 0, 'Pond': 0, 'Pokhari': 0, 'D/C': 0, 'Recharge shaft': 0, 'LFB': 0, 'RFB': 0}","{'Floodlight': 0, 'Flood Light': 0, 'GAS': 0, 'FIFA': 0, 'pipe': 0, 'pipes': 0, 'covid': 0, 'supply': 0, 'Beautification': 0, 'Installation': 0}",Pre-Monsoon,,False,True,Repair and Restoration,{'Construction': 2}
2025_ORULB_110517_30,EO/JMC/082/2024-25,Construction of drain from Bipin Mohanty house to Nuagaon Masani in W No- 10,Construction of drain from Bipin Mohanty house to Nuagaon Masani in W No- 10,Works,Open Tender,Percentage,Civil Works - Others,No,No,NA ,17-Feb-2025 11:00 AM,NA ,30.0,No ,No,Online,04-Mar-2025 11:00 AM,Municipal Bodies||Jatni Municipal Council,"EXECUTIVE OFFICER,JATNI MUNICIPALITY",752050.0,1.0,"5,93,216",PRAMOD KUMAR BALIARSINGH,"504,239",Rejected-Finance,25-Aug-2026,Municipal Bodies||Jatni Municipal Council,True,"{'Flood': 0, 'Embankment': 0, 'embkt': 0, 'Relief': 0, 'Erosion': 0, 'SDRF': 0, 'Inundation': 0, 'Hydrology': 0, 'Silt': 0, 'Siltation': 0, 'Bund': 0, 'Trench': 0, 'Breach': 0, 'Culvert': 0, 'Sluice': 0, 'Dyke': 0, 'Storm water drain': 0, 'Emergency': 0, 'Immediate': 0, 'IM': 0, 'AE': 0, 'A E': 0, 'AAPDA MITRA': 0, 'flood': 0, 'Bridge': 0, 'River': 0, 'Drain': 2, 'Restoration': 0, 'Protection': 0, 'irr': 0, 'irrigation': 0, 'dam': 0, 'Nallah': 0, 'Retrofitting': 0, 'Pond': 0, 'Pokhari': 0, 'D/C': 0, 'Recharge shaft': 0, 'LFB': 0, 'RFB': 0}","{'Floodlight': 0, 'Flood Light': 0, 'GAS': 0, 'FIFA': 0, 'pipe': 0, 'pipes': 0, 'covid': 0, 'supply': 0, 'Beautification': 0, 'Installation': 0}",Post-Monsoon,,False,True,Repair and Restoration,"{'Construction': 2, 'Drain': 2}"
2026_ORULB_128744_4,SNGM-04/2026-27,Construction of Paver block road with drain from SDPO office to DSP quarters in ward no. 15,Construction of Paver block road with drain from SDPO office to DSP quarters in ward no. 15,Works,Open Tender,Percentage,Civil Works - Others,No,No,NA ,06-May-2026 11:00 AM,NA ,120.0,No ,No,Online,21-May-2026 11:00 AM,Municipal Bodies||Sundargarh Municipality,Sundargarh Municipality,770001.0,1.0,"5,80,309",BHAGABATI SOHELA,"579,728.69",Rejected-Finance,25-Aug-2026,Municipal Bodies||Sundargarh Municipality,True,"{'Flood': 0, 'Embankment': 0, 'embkt': 0, 'Relief': 0, 'Erosion': 0, 'SDRF': 0, 'Inundation': 0, 'Hydrology': 0, 'Silt': 0, 'Siltation': 0, 'Bund': 0, 'Trench': 0, 'Breach': 0, 'Culvert': 0, 'Sluice': 0, 'Dyke': 0, 'Storm water drain': 0, 'Emergency': 0, 'Immediate': 0, 'IM': 0, 'AE': 0, 'A E': 0, 'AAPDA MITRA': 0, 'flood': 0, 'Bridge': 0, 'River': 0, 'Drain': 2, 'Restoration': 0, 'Protection': 0, 'irr': 0, 'irrigation': 0, 'dam': 0, 'Nallah': 0, 'Retrofitting': 0, 'Pond': 0, 'Pokhari': 0, 'D/C': 0, 'Recharge shaft': 0, 'LFB': 0, 'RFB': 0}","{'Floodlight': 0, 'Flood Light': 0, 'GAS': 0, 'FIFA': 0, 'pipe': 0, 'pipes': 0, 'covid': 0, 'supply': 0, 'Beautification': 0, 'Installation': 0}",Pre-Monsoon,,False,True,Repair and Restoration,"{'Construction': 2, 'Drain': 2}"
2026_CEMIB_129213_4,SEMIDRGD-04/2026-27,Improvement to Sarabali-III Check Dam in Muniguda Block of Rayagada District under the scheme Improvement to Check Dam 2026-27,Improvement to Sarabali-III Check Dam in Muniguda Block of Rayagada District under the scheme Improvement to Check Dam 2026-27,Works,National Competitive Bid,Percentage,Civil Works - Others,No,No,NA ,13-May-2026 10:00 AM,NA ,90.0,No ,No,Online,29-May-2026 11:00 AM,"CE,Minor Irrigation,BBSR||SE,KBK Minor Irr.CircleII,Jeypore||EE M.I. Division Rayagada",Rayagada,765001.0,1.0,"9,95,953",AKASH NAYAK,"995,952.84",Rejected-AOC,17-Jun-2026,"CE,Minor Irrigation,BBSR||SE,KBK Minor Irr.CircleII,Jeypore||EE M.I. Division Rayagada",True,"{'Flood': 0, 'Embankment': 0, 'embkt': 0, 'Relief': 0, 'Erosion': 0, 'SDRF': 0, 'Inundation': 0, 'Hydrology': 0, 'Silt': 0, 'Siltation': 0, 'Bund': 0, 'Trench': 0, 'Breach': 0, 'Culvert': 0, 'Sluice': 0, 'Dyke': 0, 'Storm water drain': 0, 'Emergency': 0, 'Immediate': 0, 'IM': 0, 'AE': 0, 'A E': 0, 'AAPDA MITRA': 0, 'flood': 0, 'Bridge': 0, 'River': 0, 'Drain': 0, 'Restoration': 0, 'Protection': 0, 'irr': 0, 'irrigation': 0, 'dam': 4, 'Nallah': 0, 'Retrofitting': 0, 'Pond': 0, 'Pokhari': 0, 'D/C': 0, 'Recharge shaft': 0, 'LFB': 0, 'RFB': 0}","{'Floodlight': 0, 'Flood Light': 0, 'GAS': 0, 'FIFA': 0, 'pipe': 0, 'pipes': 0, 'covid': 0, 'supply': 0, 'Beautification': 0, 'Installation': 0}",Pre-Monsoon,,False,False,Repair and Restoration,"{'improvement': 4, 'Check Dam': 4}"
2025_EICCL_114465_1,eTCN-09 of 2025-26,Shifting of 11 KV and LT line near RCC drain on peripheral road in C.S Pur to Sailashree Vihar from 0.745 KM to 1.555 KM Labour stand for Sai Mandir Junction.,Shifting of 11 KV and LT line near RCC drain on peripheral road in C.S Pur to Sailashree Vihar from 0.745 KM to 1.555 KM Labour stand for Sai Mandir Junction.,Works,Open Tender,Percentage,Electrical Works,No,No,NA ,16-Jun-2025 11:30 AM,NA ,90.0,No ,No,Online,30-Jun-2025 11:30 AM,EIC-CIVIL||SERNB-CIRCLE-CENTRAL||EERNB-DIVN-III-BBSR,Bhubaneswar,751001.0,1.0,"46,57,343",AADYA URJA SOLUTIONS PRIVATE LIMITED,"3,959,208",Rejected-Finance,10-Nov-2025,EIC-CIVIL||SERNB-CIRCLE-CENTRAL||EERNB-DIVN-III-BBSR,True,"{'Flood': 0, 'Embankment': 0, 'embkt': 0, 'Relief': 0, 'Erosion': 0, 'SDRF': 0, 'Inundation': 0, 'Hydrology': 0, 'Silt': 0, 'Siltation': 0, 'Bund': 0, 'Trench': 0, 'Breach': 0, 'Culvert': 0, 'Sluice': 0, 'Dyke': 0, 'Storm water drain': 0, 'Emergency': 0, 'Immediate': 0, 'IM': 0, 'AE': 0, 'A E': 0, 'AAPDA MITRA': 0, 'flood': 0, 'Bridge': 0, 'River': 0, 'Drain': 2, 'Restoration': 0, 'Protection': 0, 'irr': 0, 'irrigation': 0, 'dam': 0, 'Nallah': 0, 'Retrofitting': 0, 'Pond': 0, 'Pokhari': 0, 'D/C': 0, 'Recharge shaft': 0, 'LFB': 0, 'RFB': 0}","{'Floodlight': 0, 'Flood Light': 0, 'GAS': 0, 'FIFA': 0, 'pipe': 0, 'pipes': 0, 'covid': 0, 'supply': 0, 'Beautification': 0, 'Installation': 0}",Monsoon,,False,True,Repair and Restoration,{'Drain': 2}
2026_ORULB_125283_31,PM 06/2025-26,Construction of R.C.C Drain with Cover Slab at Madhusudan Nagar Lane and bylane in W No 31,CIVIL,Works,Open Tender,Percentage,Civil Works - Others,No,No,NA ,04-Feb-2026 03:00 PM,NA ,120.0,No ,No,Online,18-Feb-2026 11:00 AM,Municipal Bodies||Puri Municipality,PURI MUNICIPALITY,752001.0,1.0,"25,42,626",CHINKU MALLICK,"1,807,806.89",Rejected-Finance,04-Aug-2026,Municipal Bodies||Puri Municipality,True,"{'Flood': 0, 'Embankment': 0, 'embkt': 0, 'Relief': 0, 'Erosion': 0, 'SDRF': 0, 'Inundation': 0, 'Hydrology': 0, 'Silt': 0, 'Siltation': 0, 'Bund': 0, 'Trench': 0, 'Breach': 0, 'Culvert': 0, 'Sluice': 0, 'Dyke': 0, 'Storm water drain': 0, 'Emergency': 0, 'Immediate': 0, 'IM': 0, 'AE': 0, 'A E': 0, 'AAPDA MITRA': 0, 'flood': 0, 'Bridge': 0, 'River': 0, 'Drain': 1, 'Restoration': 0, 'Protection': 0, 'irr': 0, 'irrigation': 0, 'dam': 0, 'Nallah': 0, 'Retrofitting': 0, 'Pond': 0, 'Pokhari': 0, 'D/C': 0, 'Recharge shaft': 0, 'LFB': 0, 'RFB': 0}","{'Floodlight': 0, 'Flood Light': 0, 'GAS': 0, 'FIFA': 0, 'pipe': 0, 'pipes': 0, 'covid': 0, 'supply': 0, 'Beautification': 0, 'Installation': 0}",Post-Monsoon,,False,True,Repair and Restoration,"{'Construction': 1, 'Drain': 1}"
2026_ORULB_126616_6,MC(CMC)CTC_Div-IIiNo39/2025-26,Repair and restoration of Toilet at Chauliaganj Mangala Sahi in Ward No.42.,Repair and restoration of Toilet at Chauliaganj Mangala Sahi in Ward No.42.,Works,Open Tender,Percentage,Civil Works - Others,No,No,NA ,30-Mar-2026 11:00 AM,NA ,105.0,No ,No,Online,17-Apr-2026 10:00 AM,Municipal Bodies||Cuttack Municipal Corporation,CMC,753012.0,1.0,"2,39,855",SAMARJEET SWAIN,"239,854.55",Rejected-AOC,04-Aug-2026,Municipal Bodies||Cuttack Municipal Corporation,True,"{'Flood': 0, 'Embankment': 0, 'embkt': 0, 'Relief': 0, 'Erosion': 0, 'SDRF': 0, 'Inundation': 0, 'Hydrology': 0, 'Silt': 0, 'Siltation': 0, 'Bund': 0, 'Trench': 0, 'Breach': 0, 'Culvert': 0, 'Sluice': 0, 'Dyke': 0, 'Storm water drain': 0, 'Emergency': 0, 'Immediate': 0, 'IM': 0, 'AE': 0, 'A E': 0, 'AAPDA MITRA': 0, 'flood': 0, 'Bridge': 0, 'River': 0, 'Drain': 0, 'Restoration': 2, 'Protection': 0, 'irr': 0, 'irrigation': 0, 'dam': 0, 'Nallah': 0, 'Retrofitting': 0, 'Pond': 0, 'Pokhari': 0, 'D/C': 0, 'Recharge shaft': 0, 'LFB': 0, 'RFB': 0}","{'Floodlight': 0, 'Flood Light': 0, 'GAS': 0, 'FIFA': 0, 'pipe': 0, 'pipes': 0, 'covid': 0, 'supply': 0, 'Beautification': 0, 'Installation': 0}",Pre-Monsoon,,False,False,Repair and Restoration,"{'repair': 2, 'restoration': 2}"
2026_CERWI_130963_1,Bridge Tender ONLINE-RWCSBP-06/2026-27,Construction of Bridge over Satijore Nallah at 0.700 Km. on Talpadartikra to Dulampur road in the district of Bargarh .,Construction of Bridge over Satijore Nallah at 0.700 Km. on Talpadartikra to Dulampur road in the district of Bargarh .,Works,Open Tender,Percentage,Civil Works - Bridges,No,No,NA ,04-Jun-2026 11:00 AM,NA ,90.0,No ,No,Online,17-Jun-2026 11:00 AM,CE RW I||RWCIRCLE-SAMBALPUR,Bargarh,768028.0,2.0,"4,11,12,488",BIBHUTI BHUSAN PANDA,"41,071,375",Rejected-Finance,11-Aug-2026,CE RW I||RWCIRCLE-SAMBALPUR,True,"{'Flood': 0, 'Embankment': 0, 'embkt': 0, 'Relief': 0, 'Erosion': 0, 'SDRF': 0, 'Inundation': 0, 'Hydrology': 0, 'Silt': 0, 'Siltation': 0, 'Bund': 0, 'Trench': 0, 'Breach': 0, 'Culvert': 0, 'Sluice': 0, 'Dyke': 0, 'Storm water drain': 0, 'Emergency': 0, 'Immediate': 0, 'IM': 0, 'AE': 0, 'A E': 0, 'AAPDA MITRA': 0, 'flood': 0, 'Bridge': 3, 'River': 0, 'Drain': 0, 'Restoration': 0, 'Protection': 0, 'irr': 0, 'irrigation': 0, 'dam': 0, 'Nallah': 2, 'Retrofitting': 0, 'Pond': 0, 'Pokhari': 0, 'D/C': 0, 'Recharge shaft': 0, 'LFB': 0, 'RFB': 0}","{'Floodlight': 0, 'Flood Light': 0, 'GAS': 0, 'FIFA': 0, 'pipe': 0, 'pipes': 0, 'covid': 0, 'supply': 0, 'Beautification': 0, 'Installation': 0}",Monsoon,,False,True,Repair and Restoration,"{'Construction': 2, 'Bridge': 3}"
2026_ORULB_125283_24,PM 06/2025-26,RCC Cover Slab Casting for the Drain inside Puri Municipality Area,CIVIL,Works,Open Tender,Percentage,Civil Works - Others,No,No,NA ,04-Feb-2026 03:00 PM,NA ,120.0,No ,No,Online,18-Feb-2026 11:00 AM,Municipal Bodies||Puri Municipality,PURI MUNICIPALITY,752001.0,1.0,"46,19,905",SRIDHAR SAHOO,"3,164,634.6",Rejected-Finance,04-Aug-2026,Municipal Bodies||Puri Municipality,True,"{'Flood': 0, 'Embankment': 0, 'embkt': 0, 'Relief': 0, 'Erosion': 0, 'SDRF': 0, 'Inundation': 0, 'Hydrology': 0, 'Silt': 0, 'Siltation': 0, 'Bund': 0, 'Trench': 0, 'Breach': 0, 'Culvert': 0, 'Sluice': 0, 'Dyke': 0, 'Storm water drain': 0, 'Emergency': 0, 'Immediate': 0, 'IM': 0, 'AE': 0, 'A E': 0, 'AAPDA MITRA': 0, 'flood': 0, 'Bridge': 0, 'River': 0, 'Drain': 1, 'Restoration': 0, 'Protection': 0, 'irr': 0, 'irrigation': 0, 'dam': 0, 'Nallah': 0, 'Retrofitting': 0, 'Pond': 0, 'Pokhari': 0, 'D/C': 0, 'Recharge shaft': 0, 'LFB': 0, 'RFB': 0}","{'Floodlight': 0, 'Flood Light': 0, 'GAS': 0, 'FIFA': 0, 'pipe': 0, 'pipes': 0, 'covid': 0, 'supply': 0, 'Beautification': 0, 'Installation': 0}",Post-Monsoon,,False,True,Repair and Restoration,{'Drain': 1}
2026_ORULB_134078_8,TCRM - 8 / 2026-27,Construction of C.C culvert near Mini Park in W.No.3,Construction of C.C culvert near Mini Park in W.No.3,Works,Open Tender,Percentage,Civil Works - Others,No,No,NA ,02-Jul-2026 04:00 PM,NA ,120.0,No ,No,Online,17-Jul-2026 11:00 AM,Municipal Bodies||Talcher Municipal Council,Talacher Municipal Office,759107.0,1.0,"19,81,200",BINAYA KUMAR DAS,"1,641,027",Accepted-AOC,16-Aug-2026,Municipal Bodies||Talcher Municipal Council,True,"{'Flood': 0, 'Embankment': 0, 'embkt': 0, 'Relief': 0, 'Erosion': 0, 'SDRF': 0, 'Inundation': 0, 'Hydrology': 0, 'Silt': 0, 'Siltation': 0, 'Bund': 0, 'Trench': 0, 'Breach': 0, 'Culvert': 2, 'Sluice': 0, 'Dyke': 0, 'Storm water drain': 0, 'Emergency': 0, 'Immediate': 0, 'IM': 0, 'AE': 0, 'A E': 0, 'AAPDA MITRA': 0, 'flood': 0, 'Bridge': 0, 'River': 0, 'Drain': 0, 'Restoration': 0, 'Protection': 0, 'irr': 0, 'irrigation': 0, 'dam': 0, 'Nallah': 0, 'Retrofitting': 0, 'Pond': 0, 'Pokhari': 0, 'D/C': 0, 'Recharge shaft': 0, 'LFB': 0, 'RFB': 0}","{'Floodlight': 0, 'Flood Light': 0, 'GAS': 0, 'FIFA': 0, 'pipe': 0, 'pipes': 0, 'covid': 0, 'supply': 0, 'Beautification': 0, 'Installation': 0}",Monsoon,,False,True,Repair and Restoration,{'Construction': 2}
2025_CERWI_118158_2,Tender Online RCK-15/25,Construction of Bridge over Nuanai Nallah at 3rd km on Irrigation Road to Routrapur road in the Dist. of Jajpur under SBY for the year 2024-25.,Construction of Bridge work.,Works,National Competitive Bid,Percentage,Civil Works - Bridges,No,No,NA ,18-Sep-2025 03:00 PM,NA ,90.0,No ,No,Online,08-Oct-2025 11:00 AM,CE RW I||RWCIRCLE-KENDRAPARA,Jajpur,755001.0,2.0,"4,65,02,739",ABINASH BOSE,"39,531,978",Rejected-Finance,01-Mar-2026,CE RW I||RWCIRCLE-KENDRAPARA,True,"{'Flood': 0, 'Embankment': 0, 'embkt': 0, 'Relief': 0, 'Erosion': 0, 'SDRF': 0, 'Inundation': 0, 'Hydrology': 0, 'Silt': 0, 'Siltation': 0, 'Bund': 0, 'Trench': 0, 'Breach': 0, 'Culvert': 0, 'Sluice': 0, 'Dyke': 0, 'Storm water drain': 0, 'Emergency': 0, 'Immediate': 0, 'IM': 0, 'AE': 0, 'A E': 0, 'AAPDA MITRA': 0, 'flood': 0, 'Bridge': 2, 'River': 0, 'Drain': 0, 'Restoration': 0, 'Protection': 0, 'irr': 0, 'irrigation': 1, 'dam': 0, 'Nallah': 1, 'Retrofitting': 0, 'Pond': 0, 'Pokhari': 0, 'D/C': 0, 'Recharge shaft': 0, 'LFB': 0, 'RFB': 0}","{'Floodlight': 0, 'Flood Light': 0, 'GAS': 0, 'FIFA': 0, 'pipe': 0, 'pipes': 0, 'covid': 0, 'supply': 0, 'Beautification': 0, 'Installation': 0}",Monsoon,,False,True,Repair and Restoration,"{'Construction': 2, 'Bridge': 2}"
2026_SEHDP_131795_3,e-Procurement Notice No.SE-HID(NSPR)-03/2026-27,"SEHID (NSPR)-03(03) Construction of R and R Main internal road (Cement Concrete) with drain from Office Building to Elephant Barrier Gate at R and R Colony, near village Kanseilo of Hadua Irr. project,Narasinghpur, Dist-Cuttack.",Construction of CC road wit Drain,Works,National Competitive Bid,Percentage,Civil Works - Others,No,No,NA ,11-Jun-2026 11:00 AM,NA ,90.0,No ,No,Online,29-Jun-2026 11:00 AM,CCE Brutang and Hadua Irrigation Project Dasapalla||SE Hadua Division Narasinghapur,Narasinghpur,754032.0,2.0,"60,31,889",ABHAYA BHUSAN SAHOO,"6,031,889.29",Rejected-AOC,07-Aug-2026,CCE Brutang and Hadua Irrigation Project Dasapalla||SE Hadua Division Narasinghapur,True,"{'Flood': 0, 'Embankment': 0, 'embkt': 0, 'Relief': 0, 'Erosion': 0, 'SDRF': 0, 'Inundation': 0, 'Hydrology': 0, 'Silt': 0, 'Siltation': 0, 'Bund': 0, 'Trench': 0, 'Breach': 0, 'Culvert': 0, 'Sluice': 0, 'Dyke': 0, 'Storm water drain': 0, 'Emergency': 0, 'Immediate': 0, 'IM': 0, 'AE': 0, 'A E': 0, 'AAPDA MITRA': 0, 'flood': 0, 'Bridge': 0, 'River': 0, 'Drain': 2, 'Restoration': 0, 'Protection': 0, 'irr': 1, 'irrigation': 0, 'dam': 0, 'Nallah': 0, 'Retrofitting': 0, 'Pond': 0, 'Pokhari': 0, 'D/C': 0, 'Recharge shaft': 0, 'LFB': 0, 'RFB': 0}","{'Floodlight': 0, 'Flood Light': 0, 'GAS': 0, 'FIFA': 0, 'pipe': 0, 'pipes': 0, 'covid': 0, 'supply': 0, 'Beautification': 0, 'Installation': 0}",Monsoon,,False,True,Repair and Restoration,"{'Construction': 2, 'Drain': 2}"
2026_ORULB_130773_1,BPM/06/2026-27,Construction of Culvert and C.C plate at different places of Bhawanipatna Municipality,Construction of Culvert and C.C plate at different places of Bhawanipatna Municipality,Works,Open Tender,Percentage,Civil Works - Others,No,No,NA ,04-Jun-2026 10:00 AM,NA ,90.0,No ,No,Online,17-Jun-2026 10:00 AM,Municipal Bodies||Bhawanipatna Municipality,BHAWANIPATNA MUNICIPALITY,766001.0,1.0,"8,81,356",DEBARAJ MAJHI,"737,445.02",Rejected-AOC,22-Aug-2026,Municipal Bodies||Bhawanipatna Municipality,True,"{'Flood': 0, 'Embankment': 0, 'embkt': 0, 'Relief': 0, 'Erosion': 0, 'SDRF': 0, 'Inundation': 0, 'Hydrology': 0, 'Silt': 0, 'Siltation': 0, 'Bund': 0, 'Trench': 0, 'Breach': 0, 'Culvert': 2, 'Sluice': 0, 'Dyke': 0, 'Storm water drain': 0, 'Emergency': 0, 'Immediate': 0, 'IM': 0, 'AE': 0, 'A E': 0, 'AAPDA MITRA': 0, 'flood': 0, 'Bridge': 0, 'River': 0, 'Drain': 0, 'Restoration': 0, 'Protection': 0, 'irr': 0, 'irrigation': 0, 'dam': 0, 'Nallah': 0, 'Retrofitting': 0, 'Pond': 0, 'Pokhari': 0, 'D/C': 0, 'Recharge shaft': 0, 'LFB': 0, 'RFB': 0}","{'Floodlight': 0, 'Flood Light': 0, 'GAS': 0, 'FIFA': 0, 'pipe': 0, 'pipes': 0, 'covid': 0, 'supply': 0, 'Beautification': 0, 'Installation': 0}",Monsoon,,False,True,Repair and Restoration,{'Construction': 2}
2025_ORULB_110517_19,EO/JMC/082/2024-25,"Construction of road, drain and laying slab over the drain from Das House to Umashankar Mishra House in W No- 07","Construction of road, drain and laying slab over the drain from Das House to Umashankar Mishra House in W No- 07",Works,Open Tender,Percentage,Civil Works - Others,No,No,NA ,17-Feb-2025 11:00 AM,NA ,30.0,No ,No,Online,04-Mar-2025 11:00 AM,Municipal Bodies||Jatni Municipal Council,"EXECUTIVE OFFICER,JATNI MUNICIPALITY",752050.0,1.0,"7,62,708",AMAN ABISHEK JENA,"648,364",Accepted-AOC,01-Aug-2026,Municipal Bodies||Jatni Municipal Council,True,"{'Flood': 0, 'Embankment': 0, 'embkt': 0, 'Relief': 0, 'Erosion': 0, 'SDRF': 0, 'Inundation': 0, 'Hydrology': 0, 'Silt': 0, 'Siltation': 0, 'Bund': 0, 'Trench': 0, 'Breach': 0, 'Culvert': 0, 'Sluice': 0, 'Dyke': 0, 'Storm water drain': 0, 'Emergency': 0, 'Immediate': 0, 'IM': 0, 'AE': 0, 'A E': 0, 'AAPDA MITRA': 0, 'flood': 0, 'Bridge': 0, 'River': 0, 'Drain': 4, 'Restoration': 0, 'Protection': 0, 'irr': 0, 'irrigation': 0, 'dam': 0, 'Nallah': 0, 'Retrofitting': 0, 'Pond': 0, 'Pokhari': 0, 'D/C': 0, 'Recharge shaft': 0, 'LFB': 0, 'RFB': 0}","{'Floodlight': 0, 'Flood Light': 0, 'GAS': 0, 'FIFA': 0, 'pipe': 0, 'pipes': 0, 'covid': 0, 'supply': 0, 'Beautification': 0, 'Installation': 0}",Post-Monsoon,,False,True,Repair and Restoration,"{'Construction': 2, 'Drain': 4}"
2024_ORULB_101203_13,EO/JMC/076/2023-24,Construction of Road and Drain towards Mundia Sahi Chhak from Sarkar Babu House W.N-6,Construction of Road and Drain towards Mundia Sahi Chhak from Sarkar Babu House W.N-6,Works,Open Tender,Percentage,Civil Works - Others,No,No,NA ,20-Feb-2024 12:00 PM,NA ,30.0,No ,No,Online,02-Mar-2024 11:00 AM,Municipal Bodies||Jatni Municipal Council,"EXECUTIVE OFFICER,JATNI MUNICIPALITY",752050.0,1.0,"14,03,548",SAYED FARUK ALI,"1,298,282",Accepted-AOC,13-Aug-2026,Municipal Bodies||Jatni Municipal Council,True,"{'Flood': 0, 'Embankment': 0, 'embkt': 0, 'Relief': 0, 'Erosion': 0, 'SDRF': 0, 'Inundation': 0, 'Hydrology': 0, 'Silt': 0, 'Siltation': 0, 'Bund': 0, 'Trench': 0, 'Breach': 0, 'Culvert': 0, 'Sluice': 0, 'Dyke': 0, 'Storm water drain': 0, 'Emergency': 0, 'Immediate': 0, 'IM': 0, 'AE': 0, 'A E': 0, 'AAPDA MITRA': 0, 'flood': 0, 'Bridge': 0, 'River': 0, 'Drain': 2, 'Restoration': 0, 'Protection': 0, 'irr': 0, 'irrigation': 0, 'dam': 0, 'Nallah': 0, 'Retrofitting': 0, 'Pond': 0, 'Pokhari': 0, 'D/C': 0, 'Recharge shaft': 0, 'LFB': 0, 'RFB': 0}","{'Floodlight': 0, 'Flood Light': 0, 'GAS': 0, 'FIFA': 0, 'pipe': 0, 'pipes': 0, 'covid': 0, 'supply': 0, 'Beautification': 0, 'Installation': 0}",Post-Monsoon,,False,True,Repair and Restoration,"{'Construction': 2, 'Drain': 2}"
2026_CERWI_127492_1,Tender Online RCK-04/26,Construction of Road PMGSY road Dharampur Tarini Temple to Mahara Bridge via Dharampur Mallik Sahi under Kanya GP in the Dist. of Jajpur for the year 2025-26.,Construction of road works,Works,National Competitive Bid,Percentage,Civil Works - Roads,No,No,NA ,21-Mar-2026 10:00 AM,NA ,90.0,No ,No,Online,06-Apr-2026 11:00 AM,CE RW I||RWCIRCLE-KENDRAPARA,Jajpur,755001.0,2.0,"3,44,77,013",BABU BIRAJA PRASAD,"23,720,184",Accepted-AOC,15-Jul-2026,CE RW I||RWCIRCLE-KENDRAPARA,True,"{'Flood': 0, 'Embankment': 0, 'embkt': 0, 'Relief': 0, 'Erosion': 0, 'SDRF': 0, 'Inundation': 0, 'Hydrology': 0, 'Silt': 0, 'Siltation': 0, 'Bund': 0, 'Trench': 0, 'Breach': 0, 'Culvert': 0, 'Sluice': 0, 'Dyke': 0, 'Storm water drain': 0, 'Emergency': 0, 'Immediate': 0, 'IM': 0, 'AE': 0, 'A E': 0, 'AAPDA MITRA': 0, 'flood': 0, 'Bridge': 1, 'River': 0, 'Drain': 0, 'Restoration': 0, 'Protection': 0, 'irr': 0, 'irrigation': 0, 'dam': 0, 'Nallah': 0, 'Retrofitting': 0, 'Pond': 0, 'Pokhari': 0, 'D/C': 0, 'Recharge shaft': 0, 'LFB': 0, 'RFB': 0}","{'Floodlight': 0, 'Flood Light': 0, 'GAS': 0, 'FIFA': 0, 'pipe': 0, 'pipes': 0, 'covid': 0, 'supply': 0, 'Beautification': 0, 'Installation': 0}",Pre-Monsoon,,False,True,Repair and Restoration,"{'Construction': 2, 'Bridge': 1}"
2026_CEMIB_124558_4,BID IDENTIFICATION NO_SEMIDN_14_OF2025_26,Improvement to Jadunathpur Check Dam in Khandapada Block of Nayagarh district under Improvement to Check Dam grant for the year 2025-26,Improvement to Jadunathpur Check Dam in Khandapada Block of Nayagarh district under Improvement to Check Dam grant for the year 2025-26,Works,National Competitive Bid,Percentage,Civil Works - Others,No,No,NA ,14-Jan-2026 10:00 AM,NA ,90.0,No ,No,Online,21-Jan-2026 11:00 AM,"CE,Minor Irrigation,BBSR||SECMIC-BHUBANESWAR||EE MI Divn. Nayagarh",SUPERINTENDING ENGINEER M I DIVISION NAYAGARH,752070.0,1.0,,Bidyadhar Barad,"352,835.23",Rejected-AOC,14-Aug-2026,"CE,Minor Irrigation,BBSR||SECMIC-BHUBANESWAR||EE MI Divn. Nayagarh",True,"{'Flood': 0, 'Embankment': 0, 'embkt': 0, 'Relief': 0, 'Erosion': 0, 'SDRF': 0, 'Inundation': 0, 'Hydrology': 0, 'Silt': 0, 'Siltation': 0, 'Bund': 0, 'Trench': 0, 'Breach': 0, 'Culvert': 0, 'Sluice': 0, 'Dyke': 0, 'Storm water drain': 0, 'Emergency': 0, 'Immediate': 0, 'IM': 0, 'AE': 0, 'A E': 0, 'AAPDA MITRA': 0, 'flood': 0, 'Bridge': 0, 'River': 0, 'Drain': 0, 'Restoration': 0, 'Protection': 0, 'irr': 0, 'irrigation': 0, 'dam': 4, 'Nallah': 0, 'Retrofitting': 0, 'Pond': 0, 'Pokhari': 0, 'D/C': 0, 'Recharge shaft': 0, 'LFB': 0, 'RFB': 0}","{'Floodlight': 0, 'Flood Light': 0, 'GAS': 0, 'FIFA': 0, 'pipe': 0, 'pipes': 0, 'covid': 0, 'supply': 0, 'Beautification': 0, 'Installation': 0}",Post-Monsoon,,False,False,Repair and Restoration,"{'improvement': 4, 'Check Dam': 4}"
2025_ORULB_114410_7,EO/JMC/084/2025-26,Improvement of Road and Drain from Subhendu Sahu house to Radhamohan Temple and Gouri Singh house in Ward No.15,Improvement of Road and Drain from Subhendu Sahu house to Radhamohan Temple and Gouri Singh house in Ward No.15,Works,Open Tender,Percentage,Civil Works - Others,No,No,NA ,19-Jun-2025 12:00 PM,NA ,30.0,No ,No,Online,30-Jun-2025 11:00 AM,Municipal Bodies||Jatni Municipal Council,"EXECUTIVE OFFICER,JATNI MUNICIPALITY",752050.0,1.0,"12,71,185",ABINASH SETHI,"1,080,634",Rejected-Finance,13-Aug-2026,Municipal Bodies||Jatni Municipal Council,True,"{'Flood': 0, 'Embankment': 0, 'embkt': 0, 'Relief': 0, 'Erosion': 0, 'SDRF': 0, 'Inundation': 0, 'Hydrology': 0, 'Silt': 0, 'Siltation': 0, 'Bund': 0, 'Trench': 0, 'Breach': 0, 'Culvert': 0, 'Sluice': 0, 'Dyke': 0, 'Storm water drain': 0, 'Emergency': 0, 'Immediate': 0, 'IM': 0, 'AE': 0, 'A E': 0, 'AAPDA MITRA': 0, 'flood': 0, 'Bridge': 0, 'River': 0, 'Drain': 2, 'Restoration': 0, 'Protection': 0, 'irr': 0, 'irrigation': 0, 'dam': 0, 'Nallah': 0, 'Retrofitting': 0, 'Pond': 0, 'Pokhari': 0, 'D/C': 0, 'Recharge shaft': 0, 'LFB': 0, 'RFB': 0}","{'Floodlight': 0, 'Flood Light': 0, 'GAS': 0, 'FIFA': 0, 'pipe': 0, 'pipes': 0, 'covid': 0, 'supply': 0, 'Beautification': 0, 'Installation': 0}",Monsoon,,False,True,Repair and Restoration,"{'improvement': 2, 'Drain': 2}"
2025_ORULB_116950_45,RN_03_2025-26,Construction of R.C.C Drain and C.C road in front of Ganesh club to Sridhar Barik house and 01(one) culvert near Gangadhar Panda house in Ward No. 13 under Remuna NAC.,works,Works,Open Tender,Percentage,Civil Works - Roads,No,No,NA ,18-Aug-2025 11:00 AM,NA ,120.0,No ,No,Online,08-Sep-2025 11:00 AM,Municipal Bodies||Remuna NAC,Remuna NAC,756019.0,1.0,"3,55,830",Ambika Rout,"302,491",Accepted-AOC,15-Aug-2026,Municipal Bodies||Remuna NAC,True,"{'Flood': 0, 'Embankment': 0, 'embkt': 0, 'Relief': 0, 'Erosion': 0, 'SDRF': 0, 'Inundation': 0, 'Hydrology': 0, 'Silt': 0, 'Siltation': 0, 'Bund': 0, 'Trench': 0, 'Breach': 0, 'Culvert': 1, 'Sluice': 0, 'Dyke': 0, 'Storm water drain': 0, 'Emergency': 0, 'Immediate': 0, 'IM': 0, 'AE': 0, 'A E': 0, 'AAPDA MITRA': 0, 'flood': 0, 'Bridge': 0, 'River': 0, 'Drain': 1, 'Restoration': 0, 'Protection': 0, 'irr': 0, 'irrigation': 0, 'dam': 0, 'Nallah': 0, 'Retrofitting': 0, 'Pond': 0, 'Pokhari': 0, 'D/C': 0, 'Recharge shaft': 0, 'LFB': 0, 'RFB': 0}","{'Floodlight': 0, 'Flood Light': 0, 'GAS': 0, 'FIFA': 0, 'pipe': 0, 'pipes': 0, 'covid': 0, 'supply': 0, 'Beautification': 0, 'Installation': 0}",Monsoon,,False,True,Repair and Restoration,"{'Construction': 1, 'Drain': 1}"
2026_ORULB_126857_83,06/BGH- MUN/2025-26,Construction of CC Drain at Nigamananda Vihar Gali no-03 w.no-01,Construction of CC Drain at Nigamananda Vihar Gali no-03 w.no-01,Works,Open Tender,Percentage,Civil Works - Others,No,No,NA ,06-Mar-2026 04:00 PM,NA ,90.0,No ,No,Online,17-Mar-2026 11:00 AM,Municipal Bodies||Bargarh Municipal Council,Bargarh,768028.0,1.0,"4,48,088",MAMATA AGRAWAL,"324,848.686",Rejected-Finance,04-Aug-2026,Municipal Bodies||Bargarh Municipal Council,True,"{'Flood': 0, 'Embankment': 0, 'embkt': 0, 'Relief': 0, 'Erosion': 0, 'SDRF': 0, 'Inundation': 0, 'Hydrology': 0, 'Silt': 0, 'Siltation': 0, 'Bund': 0, 'Trench': 0, 'Breach': 0, 'Culvert': 0, 'Sluice': 0, 'Dyke': 0, 'Storm water drain': 0, 'Emergency': 0, 'Immediate': 0, 'IM': 0, 'AE': 0, 'A E': 0, 'AAPDA MITRA': 0, 'flood': 0, 'Bridge': 0, 'River': 0, 'Drain': 2, 'Restoration': 0, 'Protection': 0, 'irr': 0, 'irrigation': 0, 'dam': 0, 'Nallah': 0, 'Retrofitting': 0, 'Pond': 0, 'Pokhari': 0, 'D/C': 0, 'Recharge shaft': 0, 'LFB': 0, 'RFB': 0}","{'Floodlight': 0, 'Flood Light': 0, 'GAS': 0, 'FIFA': 0, 'pipe': 0, 'pipes': 0, 'covid': 0, 'supply': 0, 'Beautification': 0, 'Installation': 0}",Pre-Monsoon,,False,True,Repair and Restoration,"{'Construction': 2, 'Drain': 2}"
2026_ORULB_125283_8,PM 06/2025-26,Construction of Road and Drain at Tulasi Nagar in ward No-05,CIVIL,Works,Open Tender,Percentage,Civil Works - Others,No,No,NA ,04-Feb-2026 03:00 PM,NA ,120.0,No ,No,Online,18-Feb-2026 11:00 AM,Municipal Bodies||Puri Municipality,PURI MUNICIPALITY,752001.0,1.0,"12,71,150",KHYANAPRAVA SETHI,"910,143.68",Rejected-Finance,17-Aug-2026,Municipal Bodies||Puri Municipality,True,"{'Flood': 0, 'Embankment': 0, 'embkt': 0, 'Relief': 0, 'Erosion': 0, 'SDRF': 0, 'Inundation': 0, 'Hydrology': 0, 'Silt': 0, 'Siltation': 0, 'Bund': 0, 'Trench': 0, 'Breach': 0, 'Culvert': 0, 'Sluice': 0, 'Dyke': 0, 'Storm water drain': 0, 'Emergency': 0, 'Immediate': 0, 'IM': 0, 'AE': 0, 'A E': 0, 'AAPDA MITRA': 0, 'flood': 0, 'Bridge': 0, 'River': 0, 'Drain': 1, 'Restoration': 0, 'Protection': 0, 'irr': 0, 'irrigation': 0, 'dam': 0, 'Nallah': 0, 'Retrofitting': 0, 'Pond': 0, 'Pokhari': 0, 'D/C': 0, 'Recharge shaft': 0, 'LFB': 0, 'RFB': 0}","{'Floodlight': 0, 'Flood Light': 0, 'GAS': 0, 'FIFA': 0, 'pipe': 0, 'pipes': 0, 'covid': 0, 'supply': 0, 'Beautification': 0, 'Installation': 0}",Post-Monsoon,,False,True,Repair and Restoration,"{'Construction': 1, 'Drain': 1}"
2026_CEMIB_129213_10,SEMIDRGD-04/2026-27,Improvement to Ballabasa Check Dam in Bissamcuttack Block of Rayagada District under the scheme Improvement to Check Dam 2026-27,Improvement to Ballabasa Check Dam in Bissamcuttack Block of Rayagada District under the scheme Improvement to Check Dam 2026-27,Works,National Competitive Bid,Percentage,Civil Works - Others,No,No,NA ,13-May-2026 10:00 AM,NA ,90.0,No ,No,Online,29-May-2026 11:00 AM,"CE,Minor Irrigation,BBSR||SE,KBK Minor Irr.CircleII,Jeypore||EE M.I. Division Rayagada",Rayagada,765001.0,1.0,"9,01,055",DAMBURUDHAR HIAL,"901,054.88",Rejected-AOC,11-Aug-2026,"CE,Minor Irrigation,BBSR||SE,KBK Minor Irr.CircleII,Jeypore||EE M.I. Division Rayagada",True,"{'Flood': 0, 'Embankment': 0, 'embkt': 0, 'Relief': 0, 'Erosion': 0, 'SDRF': 0, 'Inundation': 0, 'Hydrology': 0, 'Silt': 0, 'Siltation': 0, 'Bund': 0, 'Trench': 0, 'Breach': 0, 'Culvert': 0, 'Sluice': 0, 'Dyke': 0, 'Storm water drain': 0, 'Emergency': 0, 'Immediate': 0, 'IM': 0, 'AE': 0, 'A E': 0, 'AAPDA MITRA': 0, 'flood': 0, 'Bridge': 0, 'River': 0, 'Drain': 0, 'Restoration': 0, 'Protection': 0, 'irr': 0, 'irrigation': 0, 'dam': 4, 'Nallah': 0, 'Retrofitting': 0, 'Pond': 0, 'Pokhari': 0, 'D/C': 0, 'Recharge shaft': 0, 'LFB': 0, 'RFB': 0}","{'Floodlight': 0, 'Flood Light': 0, 'GAS': 0, 'FIFA': 0, 'pipe': 0, 'pipes': 0, 'covid': 0, 'supply': 0, 'Beautification': 0, 'Installation': 0}",Pre-Monsoon,,False,False,Repair and Restoration,"{'improvement': 4, 'Check Dam': 4}"
2025_CEMWR_112451_1,CEM/MDC- 01/2025-26,Repair Renovation of Guneimuhan sluice gate on Baragudipada Khatikolada Saline Embankment for the year 2024 25,Repair Renovation of Guneimuhan sluice gate on Baragudipada Khatikolada Saline Embankment for the year 2024 25,Works,Open Tender,Percentage,Mechanical Works,No,No,NA ,16-Apr-2025 10:00 AM,NA ,90.0,No ,No,Online,30-Apr-2025 12:00 PM,Chief Engineer Mech - WR Bhubaneswar,Balikuda Block,754108.0,2.0,"47,51,250",ABHISEKH ENTERPRISERS,"4,039,040",Rejected-AOC,19-Aug-2025,Chief Engineer Mech - WR Bhubaneswar,True,"{'Flood': 0, 'Embankment': 2, 'embkt': 0, 'Relief': 0, 'Erosion': 0, 'SDRF': 0, 'Inundation': 0, 'Hydrology': 0, 'Silt': 0, 'Siltation': 0, 'Bund': 0, 'Trench': 0, 'Breach': 0, 'Culvert': 0, 'Sluice': 2, 'Dyke': 0, 'Storm water drain': 0, 'Emergency': 0, 'Immediate': 0, 'IM': 0, 'AE': 0, 'A E': 0, 'AAPDA MITRA': 0, 'flood': 0, 'Bridge': 0, 'River': 0, 'Drain': 0, 'Restoration': 0, 'Protection': 0, 'irr': 0, 'irrigation': 0, 'dam': 0, 'Nallah': 0, 'Retrofitting': 0, 'Pond': 0, 'Pokhari': 0, 'D/C': 0, 'Recharge shaft': 0, 'LFB': 0, 'RFB': 0}","{'Floodlight': 0, 'Flood Light': 0, 'GAS': 0, 'FIFA': 0, 'pipe': 0, 'pipes': 0, 'covid': 0, 'supply': 0, 'Beautification': 0, 'Installation': 0}",Pre-Monsoon,,False,True,Repair and Restoration,"{'repair': 2, 'renovation': 2}"
2025_CELBB_120208_3,MND-11 OF 2025-26,Protection to scoured bank on Mahanadi Left near Baradiha from RD 90 m to 240 m for the year 2025-26,Protection to scoured bank on Mahanadi Left near Baradiha from RD 90 m to 240 m for the year 2025-26,Works,National Competitive Bid,Percentage,Civil Works - Others,No,No,NA ,29-Oct-2025 10:00 AM,NA ,90.0,No ,No,Online,10-Nov-2025 11:30 AM,"CE-BM,LMB Basin,BBSR||SE, Eastern Circle,Cuttack||EE, Mahanadi North Division,Jagatpur",ATHAGARH,754021.0,1.0,"39,92,791",ALOKRANJAN BHOI,"3,394,272",Rejected-Finance,13-Aug-2026,"CE-BM,LMB Basin,BBSR||SE, Eastern Circle,Cuttack||EE, Mahanadi North Division,Jagatpur",True,"{'Flood': 0, 'Embankment': 0, 'embkt': 0, 'Relief': 0, 'Erosion': 0, 'SDRF': 0, 'Inundation': 0, 'Hydrology': 0, 'Silt': 0, 'Siltation': 0, 'Bund': 0, 'Trench': 0, 'Breach': 0, 'Culvert': 0, 'Sluice': 0, 'Dyke': 0, 'Storm water drain': 0, 'Emergency': 0, 'Immediate': 0, 'IM': 0, 'AE': 0, 'A E': 0, 'AAPDA MITRA': 0, 'flood': 0, 'Bridge': 0, 'River': 0, 'Drain': 0, 'Restoration': 0, 'Protection': 2, 'irr': 0, 'irrigation': 0, 'dam': 0, 'Nallah': 0, 'Retrofitting': 0, 'Pond': 0, 'Pokhari': 0, 'D/C': 0, 'Recharge shaft': 0, 'LFB': 0, 'RFB': 0}","{'Floodlight': 0, 'Flood Light': 0, 'GAS': 0, 'FIFA': 0, 'pipe': 0, 'pipes': 0, 'covid': 0, 'supply': 0, 'Beautification': 0, 'Installation': 0}",Post-Monsoon,,False,False,Preparedness Measures,"{'Protection': 2, 'scoured': 2, 'Scoured bank': 2}"
2026_CEMIB_129213_12,SEMIDRGD-04/2026-27,Improvement to Hurlu Check Dam in Bissamcuttack Block of Rayagada District under the scheme Improvement to Check Dam 2026-27,Improvement to Hurlu Check Dam in Bissamcuttack Block of Rayagada District under the scheme Improvement to Check Dam 2026-27,Works,National Competitive Bid,Percentage,Civil Works - Others,No,No,NA ,13-May-2026 10:00 AM,NA ,90.0,No ,No,Online,29-May-2026 11:00 AM,"CE,Minor Irrigation,BBSR||SE,KBK Minor Irr.CircleII,Jeypore||EE M.I. Division Rayagada",Rayagada,765001.0,1.0,"13,44,360",BIBHISEN PALAKA,"1,344,360.27",Rejected-AOC,11-Aug-2026,"CE,Minor Irrigation,BBSR||SE,KBK Minor Irr.CircleII,Jeypore||EE M.I. Division Rayagada",True,"{'Flood': 0, 'Embankment': 0, 'embkt': 0, 'Relief': 0, 'Erosion': 0, 'SDRF': 0, 'Inundation': 0, 'Hydrology': 0, 'Silt': 0, 'Siltation': 0, 'Bund': 0, 'Trench': 0, 'Breach': 0, 'Culvert': 0, 'Sluice': 0, 'Dyke': 0, 'Storm water drain': 0, 'Emergency': 0, 'Immediate': 0, 'IM': 0, 'AE': 0, 'A E': 0, 'AAPDA MITRA': 0, 'flood': 0, 'Bridge': 0, 'River': 0, 'Drain': 0, 'Restoration': 0, 'Protection': 0, 'irr': 0, 'irrigation': 0, 'dam': 4, 'Nallah': 0, 'Retrofitting': 0, 'Pond': 0, 'Pokhari': 0, 'D/C': 0, 'Recharge shaft': 0, 'LFB': 0, 'RFB': 0}","{'Floodlight': 0, 'Flood Light': 0, 'GAS': 0, 'FIFA': 0, 'pipe': 0, 'pipes': 0, 'covid': 0, 'supply': 0, 'Beautification': 0, 'Installation': 0}",Pre-Monsoon,,False,False,Repair and Restoration,"{'improvement': 4, 'Check Dam': 4}"
2025_CELBB_120208_1,MND-11 OF 2025-26,Restoration to scoured bank on Mahanadi left near Barunipadia for the year 2025-26,Restoration to scoured bank on Mahanadi left near Barunipadia for the year 2025-26,Works,National Competitive Bid,Percentage,Civil Works - Others,No,No,NA ,29-Oct-2025 10:00 AM,NA ,90.0,No ,No,Online,10-Nov-2025 11:30 AM,"CE-BM,LMB Basin,BBSR||SE, Eastern Circle,Cuttack||EE, Mahanadi North Division,Jagatpur",ATHAGARH,754021.0,1.0,"49,63,260",AMITA MOHANTY,"4,219,267",Rejected-Finance,13-Aug-2026,"CE-BM,LMB Basin,BBSR||SE, Eastern Circle,Cuttack||EE, Mahanadi North Division,Jagatpur",True,"{'Flood': 0, 'Embankment': 0, 'embkt': 0, 'Relief': 0, 'Erosion': 0, 'SDRF': 0, 'Inundation': 0, 'Hydrology': 0, 'Silt': 0, 'Siltation': 0, 'Bund': 0, 'Trench': 0, 'Breach': 0, 'Culvert': 0, 'Sluice': 0, 'Dyke': 0, 'Storm water drain': 0, 'Emergency': 0, 'Immediate': 0, 'IM': 0, 'AE': 0, 'A E': 0, 'AAPDA MITRA': 0, 'flood': 0, 'Bridge': 0, 'River': 0, 'Drain': 0, 'Restoration': 2, 'Protection': 0, 'irr': 0, 'irrigation': 0, 'dam': 0, 'Nallah': 0, 'Retrofitting': 0, 'Pond': 0, 'Pokhari': 0, 'D/C': 0, 'Recharge shaft': 0, 'LFB': 0, 'RFB': 0}","{'Floodlight': 0, 'Flood Light': 0, 'GAS': 0, 'FIFA': 0, 'pipe': 0, 'pipes': 0, 'covid': 0, 'supply': 0, 'Beautification': 0, 'Installation': 0}",Post-Monsoon,,False,False,Repair and Restoration,{'restoration': 2}
2026_CELBB_124907_6,e-Procurement Notice No.- 08 of 2025-26,NID-209- Restoration to Bhargavi Left Bank from RD 27.70Km. to RD 27.90Km.,Restoration to Bhargavi Left Bank from RD 27.70Km. to RD 27.90Km.,Works,Open Tender,Percentage,Civil Works - Others,No,No,NA ,22-Jan-2026 11:00 AM,NA ,90.0,No ,No,Online,06-Feb-2026 11:00 AM,"CE-BM,LMB Basin,BBSR||SE, Central Irr.Circle, BBSR||EE,Nimapada Irr Division, Nimapada",Nimapara,752106.0,1.0,"42,26,361",ABHISEK SABUT,"3,378,976",Rejected-Finance,20-Aug-2026,"CE-BM,LMB Basin,BBSR||SE, Central Irr.Circle, BBSR||EE,Nimapada Irr Division, Nimapada",True,"{'Flood': 0, 'Embankment': 0, 'embkt': 0, 'Relief': 0, 'Erosion': 0, 'SDRF': 0, 'Inundation': 0, 'Hydrology': 0, 'Silt': 0, 'Siltation': 0, 'Bund': 0, 'Trench': 0, 'Breach': 0, 'Culvert': 0, 'Sluice': 0, 'Dyke': 0, 'Storm water drain': 0, 'Emergency': 0, 'Immediate': 0, 'IM': 0, 'AE': 0, 'A E': 0, 'AAPDA MITRA': 0, 'flood': 0, 'Bridge': 0, 'River': 0, 'Drain': 0, 'Restoration': 2, 'Protection': 0, 'irr': 0, 'irrigation': 0, 'dam': 0, 'Nallah': 0, 'Retrofitting': 0, 'Pond': 0, 'Pokhari': 0, 'D/C': 0, 'Recharge shaft': 0, 'LFB': 0, 'RFB': 0}","{'Floodlight': 0, 'Flood Light': 0, 'GAS': 0, 'FIFA': 0, 'pipe': 0, 'pipes': 0, 'covid': 0, 'supply': 0, 'Beautification': 0, 'Installation': 0}",Post-Monsoon,,False,False,Repair and Restoration,{'restoration': 2}
2025_ORULB_117505_43,CHM-02/2025-2026,Construction of RCC Drain with cover slab from Pabitra Nath res to Rajendranath res in ward no 12 of choudwar municipality,Construction of RCC Drain with cover slab from Pabitra Nath res to Rajendranath res in ward no 12 of choudwar municipality,Works,Open Tender,Percentage,Civil Works - Roads,No,No,NA ,06-Sep-2025 11:00 AM,NA ,60.0,No ,No,Online,22-Sep-2025 11:00 AM,Municipal Bodies||Choudwar Municipality,Choudwar Municipality,754071.0,1.0,"6,46,911",ANIL KUMAR BHOI,"646,911",Rejected-Finance,24-Aug-2026,Municipal Bodies||Choudwar Municipality,True,"{'Flood': 0, 'Embankment': 0, 'embkt': 0, 'Relief': 0, 'Erosion': 0, 'SDRF': 0, 'Inundation': 0, 'Hydrology': 0, 'Silt': 0, 'Siltation': 0, 'Bund': 0, 'Trench': 0, 'Breach': 0, 'Culvert': 0, 'Sluice': 0, 'Dyke': 0, 'Storm water drain': 0, 'Emergency': 0, 'Immediate': 0, 'IM': 0, 'AE': 0, 'A E': 0, 'AAPDA MITRA': 0, 'flood': 0, 'Bridge': 0, 'River': 0, 'Drain': 2, 'Restoration': 0, 'Protection': 0, 'irr': 0, 'irrigation': 0, 'dam': 0, 'Nallah': 0, 'Retrofitting': 0, 'Pond': 0, 'Pokhari': 0, 'D/C': 0, 'Recharge shaft': 0, 'LFB': 0, 'RFB': 0}","{'Floodlight': 0, 'Flood Light': 0, 'GAS': 0, 'FIFA': 0, 'pipe': 0, 'pipes': 0, 'covid': 0, 'supply': 0, 'Beautification': 0, 'Installation': 0}",Monsoon,,False,True,Repair and Restoration,"{'Construction': 2, 'Drain': 2}"
2025_ORULB_116950_47,RN_03_2025-26,Construction of R.C.C drain with Road from Sijupada Culvert to Kanhei Lenka house in Ward No. 13 under Remuna NAC.,works,Works,Open Tender,Percentage,Civil Works - Roads,No,No,NA ,18-Aug-2025 11:00 AM,NA ,120.0,No ,No,Online,08-Sep-2025 11:00 AM,Municipal Bodies||Remuna NAC,Remuna NAC,756019.0,1.0,"13,38,594",DILLIPKUMAR BEHERA,"1,137,939",Accepted-AOC,13-Aug-2026,Municipal Bodies||Remuna NAC,True,"{'Flood': 0, 'Embankment': 0, 'embkt': 0, 'Relief': 0, 'Erosion': 0, 'SDRF': 0, 'Inundation': 0, 'Hydrology': 0, 'Silt': 0, 'Siltation': 0, 'Bund': 0, 'Trench': 0, 'Breach': 0, 'Culvert': 1, 'Sluice': 0, 'Dyke': 0, 'Storm water drain': 0, 'Emergency': 0, 'Immediate': 0, 'IM': 0, 'AE': 0, 'A E': 0, 'AAPDA MITRA': 0, 'flood': 0, 'Bridge': 0, 'River': 0, 'Drain': 1, 'Restoration': 0, 'Protection': 0, 'irr': 0, 'irrigation': 0, 'dam': 0, 'Nallah': 0, 'Retrofitting': 0, 'Pond': 0, 'Pokhari': 0, 'D/C': 0, 'Recharge shaft': 0, 'LFB': 0, 'RFB': 0}","{'Floodlight': 0, 'Flood Light': 0, 'GAS': 0, 'FIFA': 0, 'pipe': 0, 'pipes': 0, 'covid': 0, 'supply': 0, 'Beautification': 0, 'Installation': 0}",Monsoon,,False,True,Repair and Restoration,"{'Construction': 1, 'Drain': 1}"
2026_RMC_129349_3,MC/RMC/41/2026,"Construction of gali drain opposite to Masjit gali at Panposh, Ward No. 05 under RMC, Rourkela",Works,Works,Open Tender,Percentage,Civil Works - Others,No,No,NA ,15-May-2026 03:00 PM,NA ,90.0,No ,No,Online,03-Jun-2026 09:00 AM,Rourkela Municipal Corporation,Rourkela,769012.0,1.0,"24,96,000",ALEKHA CHANDRA MALIK,"2,495,808.68",Rejected-Technical,12-Aug-2026,Rourkela Municipal Corporation,True,"{'Flood': 0, 'Embankment': 0, 'embkt': 0, 'Relief': 0, 'Erosion': 0, 'SDRF': 0, 'Inundation': 0, 'Hydrology': 0, 'Silt': 0, 'Siltation': 0, 'Bund': 0, 'Trench': 0, 'Breach': 0, 'Culvert': 0, 'Sluice': 0, 'Dyke': 0, 'Storm water drain': 0, 'Emergency': 0, 'Immediate': 0, 'IM': 0, 'AE': 0, 'A E': 0, 'AAPDA MITRA': 0, 'flood': 0, 'Bridge': 0, 'River': 0, 'Drain': 1, 'Restoration': 0, 'Protection': 0, 'irr': 0, 'irrigation': 0, 'dam': 0, 'Nallah': 0, 'Retrofitting': 0, 'Pond': 0, 'Pokhari': 0, 'D/C': 0, 'Recharge shaft': 0, 'LFB': 0, 'RFB': 0}","{'Floodlight': 0, 'Flood Light': 0, 'GAS': 0, 'FIFA': 0, 'pipe': 0, 'pipes': 0, 'covid': 0, 'supply': 0, 'Beautification': 0, 'Installation': 0}",Pre-Monsoon,,False,True,Repair and Restoration,"{'Construction': 1, 'Drain': 1}"
2026_CEMIB_124558_6,BID IDENTIFICATION NO_SEMIDN_14_OF2025_26,Improvement to Ratnapur Check Dam in Khandapada Block of Nayagarh district under Improvement to Check Dam grant for the year 2025-26,Improvement to Ratnapur Check Dam in Khandapada Block of Nayagarh district under Improvement to Check Dam grant for the year 2025-26,Works,National Competitive Bid,Percentage,Civil Works - Others,No,No,NA ,14-Jan-2026 10:00 AM,NA ,90.0,No ,No,Online,21-Jan-2026 11:00 AM,"CE,Minor Irrigation,BBSR||SECMIC-BHUBANESWAR||EE MI Divn. Nayagarh",SUPERINTENDING ENGINEER M I DIVISION NAYAGARH,752070.0,1.0,,BULU DAS (S.C),"353,864.56",Accepted-AOC,14-Aug-2026,"CE,Minor Irrigation,BBSR||SECMIC-BHUBANESWAR||EE MI Divn. Nayagarh",True,"{'Flood': 0, 'Embankment': 0, 'embkt': 0, 'Relief': 0, 'Erosion': 0, 'SDRF': 0, 'Inundation': 0, 'Hydrology': 0, 'Silt': 0, 'Siltation': 0, 'Bund': 0, 'Trench': 0, 'Breach': 0, 'Culvert': 0, 'Sluice': 0, 'Dyke': 0, 'Storm water drain': 0, 'Emergency': 0, 'Immediate': 0, 'IM': 0, 'AE': 0, 'A E': 0, 'AAPDA MITRA': 0, 'flood': 0, 'Bridge': 0, 'River': 0, 'Drain': 0, 'Restoration': 0, 'Protection': 0, 'irr': 0, 'irrigation': 0, 'dam': 4, 'Nallah': 0, 'Retrofitting': 0, 'Pond': 0, 'Pokhari': 0, 'D/C': 0, 'Recharge shaft': 0, 'LFB': 0, 'RFB': 0}","{'Floodlight': 0, 'Flood Light': 0, 'GAS': 0, 'FIFA': 0, 'pipe': 0, 'pipes': 0, 'covid': 0, 'supply': 0, 'Beautification': 0, 'Installation': 0}",Post-Monsoon,,False,False,Repair and Restoration,"{'improvement': 4, 'Check Dam': 4}"
2026_CERWI_129465_1,EE/RWELECT/SBP/07/2026-27,Shifting of Electrical Infrastructure AR side of Bridge over River Khadang at 1/500 KM on Deuli Pitabahal PMGSY Road to Demuhan Road Via Deuli Pitabahal Siva Mandir Ghat PS Road Under RWES Boudh Non Res Building,Shifting of Electrical Infrastructure AR side of Bridge over River Khadang at 1/500 KM on Deuli Pitabahal PMGSY Road to Demuhan Road Via Deuli Pitabahal Siva Mandir Ghat PS Road Under RWES Boudh Non Res Building,Works,Open Tender,Percentage,Electrical Works,No,No,NA ,22-May-2026 11:30 AM,NA ,90.0,No ,No,Online,05-Jun-2026 11:30 AM,CE RW I||RW Electrical Circle Bhubaneswar||RW Electrical Division Sambalpur,Boudh,768001.0,1.0,"5,59,256",Ananta Charan Routray,"531,293",Rejected-Finance,29-Aug-2026,CE RW I||RW Electrical Circle Bhubaneswar||RW Electrical Division Sambalpur,True,"{'Flood': 0, 'Embankment': 0, 'embkt': 0, 'Relief': 0, 'Erosion': 0, 'SDRF': 0, 'Inundation': 0, 'Hydrology': 0, 'Silt': 0, 'Siltation': 0, 'Bund': 0, 'Trench': 0, 'Breach': 0, 'Culvert': 0, 'Sluice': 0, 'Dyke': 0, 'Storm water drain': 0, 'Emergency': 0, 'Immediate': 0, 'IM': 0, 'AE': 0, 'A E': 0, 'AAPDA MITRA': 0, 'flood': 0, 'Bridge': 2, 'River': 2, 'Drain': 0, 'Restoration': 0, 'Protection': 0, 'irr': 0, 'irrigation': 0, 'dam': 0, 'Nallah': 0, 'Retrofitting': 0, 'Pond': 0, 'Pokhari': 0, 'D/C': 0, 'Recharge shaft': 0, 'LFB': 0, 'RFB': 0}","{'Floodlight': 0, 'Flood Light': 0, 'GAS': 0, 'FIFA': 0, 'pipe': 0, 'pipes': 0, 'covid': 0, 'supply': 0, 'Beautification': 0, 'Installation': 0}",Pre-Monsoon,,False,True,Repair and Restoration,{'Bridge': 2}
2025_ORULB_114241_4,MC(CMC)CTC_Div-IIINo12/2025-26,Construction of road and raising of drain with cover slabs at Kaibalya Vihar lane-7 in Ward No.43.,Construction of road and raising of drain with cover slabs at Kaibalya Vihar lane-7 in Ward No.43.,Works,Open Tender,Percentage,Civil Works - Others,No,No,NA ,10-Jul-2025 05:00 PM,NA ,45.0,No ,No,Online,23-Jul-2025 10:00 AM,Municipal Bodies||Cuttack Municipal Corporation,CMC,753012.0,1.0,"5,17,315",PRASANTA KUMAR BEHERA,"1,228,053",Rejected-AOC,04-Aug-2026,Municipal Bodies||Cuttack Municipal Corporation,True,"{'Flood': 0, 'Embankment': 0, 'embkt': 0, 'Relief': 0, 'Erosion': 0, 'SDRF': 0, 'Inundation': 0, 'Hydrology': 0, 'Silt': 0, 'Siltation': 0, 'Bund': 0, 'Trench': 0, 'Breach': 0, 'Culvert': 0, 'Sluice': 0, 'Dyke': 0, 'Storm water drain': 0, 'Emergency': 0, 'Immediate': 0, 'IM': 0, 'AE': 0, 'A E': 0, 'AAPDA MITRA': 0, 'flood': 0, 'Bridge': 0, 'River': 0, 'Drain': 2, 'Restoration': 0, 'Protection': 0, 'irr': 0, 'irrigation': 0, 'dam': 0, 'Nallah': 0, 'Retrofitting': 0, 'Pond': 0, 'Pokhari': 0, 'D/C': 0, 'Recharge shaft': 0, 'LFB': 0, 'RFB': 0}","{'Floodlight': 0, 'Flood Light': 0, 'GAS': 0, 'FIFA': 0, 'pipe': 0, 'pipes': 0, 'covid': 0, 'supply': 0, 'Beautification': 0, 'Installation': 0}",Monsoon,,False,True,Repair and Restoration,"{'raising': 2, 'Construction': 2, 'Drain': 2}"
2025_CEBBS_121965_1,SERID-RKL-05-2025-26,Construction of bed and slope lining of Kumarkela Minor-I form RD 3240m to RD 3326m off-taking from Left Main Canal of Kanshbahal Irrigation Project for the year 2025-26,Construction of bed and slope lining of Kumarkela Minor-I form RD 3240m to RD 3326m off-taking from Left Main Canal of Kanshbahal Irrigation Project for the year 2025-26,Works,Open Tender,Percentage,Civil Works - Canal,No,No,NA ,26-Nov-2025 10:00 AM,NA ,90.0,No ,No,Online,08-Dec-2025 11:00 AM,CE and BM Brahmani Basin Samal||APD cum CCE RIP Samal||Rourkela Irrigation Division Rourkela,Kanshbahal,770034.0,1.0,"4,28,462",MANIRAJ SETHI,"364,235",Rejected-Technical,23-Jul-2026,CE and BM Brahmani Basin Samal||APD cum CCE RIP Samal||Rourkela Irrigation Division Rourkela,True,"{'Flood': 0, 'Embankment': 0, 'embkt': 0, 'Relief': 0, 'Erosion': 0, 'SDRF': 0, 'Inundation': 0, 'Hydrology': 0, 'Silt': 0, 'Siltation': 0, 'Bund': 0, 'Trench': 0, 'Breach': 0, 'Culvert': 0, 'Sluice': 0, 'Dyke': 0, 'Storm water drain': 0, 'Emergency': 0, 'Immediate': 0, 'IM': 0, 'AE': 0, 'A E': 0, 'AAPDA MITRA': 0, 'flood': 0, 'Bridge': 0, 'River': 0, 'Drain': 0, 'Restoration': 0, 'Protection': 0, 'irr': 0, 'irrigation': 2, 'dam': 0, 'Nallah': 0, 'Retrofitting': 0, 'Pond': 0, 'Pokhari': 0, 'D/C': 0, 'Recharge shaft': 0, 'LFB': 0, 'RFB': 0}","{'Floodlight': 0, 'Flood Light': 0, 'GAS': 0, 'FIFA': 0, 'pipe': 0, 'pipes': 0, 'covid': 0, 'supply': 0, 'Beautification': 0, 'Installation': 0}",Post-Monsoon,,False,False,Repair and Restoration,{'Construction': 2}
2025_CERWI_117937_1,Tender Online RWC-16-25,Construction of Bridge over Chhatara Nallah at 4.45 km on Madheipada to Birasinghpur PS road in the dist of Cuttack under SBY for the year 2024-25,Bridge works,Works,National Competitive Bid,Percentage,Civil Works - Bridges,No,No,NA ,12-Sep-2025 05:00 PM,NA ,90.0,No ,No,Online,26-Sep-2025 11:30 AM,CE RW I||RWCIRCLE-CUTTACK,Cuttack,753004.0,2.0,"2,50,44,291",BIBHUTI BHUSAN NAYAK,"21,290,152",Rejected-Finance,06-Aug-2026,CE RW I||RWCIRCLE-CUTTACK,True,"{'Flood': 0, 'Embankment': 0, 'embkt': 0, 'Relief': 0, 'Erosion': 0, 'SDRF': 0, 'Inundation': 0, 'Hydrology': 0, 'Silt': 0, 'Siltation': 0, 'Bund': 0, 'Trench': 0, 'Breach': 0, 'Culvert': 0, 'Sluice': 0, 'Dyke': 0, 'Storm water drain': 0, 'Emergency': 0, 'Immediate': 0, 'IM': 0, 'AE': 0, 'A E': 0, 'AAPDA MITRA': 0, 'flood': 0, 'Bridge': 2, 'River': 0, 'Drain': 0, 'Restoration': 0, 'Protection': 0, 'irr': 0, 'irrigation': 0, 'dam': 0, 'Nallah': 1, 'Retrofitting': 0, 'Pond': 0, 'Pokhari': 0, 'D/C': 0, 'Recharge shaft': 0, 'LFB': 0, 'RFB': 0}","{'Floodlight': 0, 'Flood Light': 0, 'GAS': 0, 'FIFA': 0, 'pipe': 0, 'pipes': 0, 'covid': 0, 'supply': 0, 'Beautification': 0, 'Installation': 0}",Monsoon,,False,True,Repair and Restoration,"{'Construction': 1, 'Bridge': 2}"
2026_CERWI_134744_1,03/MOHANA/2026-27,Repair to Bridge over Local Nallah on Saralapadar to Rubudisingi road Span - 3 x 30.63 Mtr c.c_Road_ Renewal coat to both side Approach road and painting._At 0.800 Km,Repair to Bridge over Local Nallah on Saralapadar to Rubudisingi road Span - 3 x 30.63 Mtr c.c_Road_ Renewal coat to both side Approach road and painting._At 0.800 Km,Works,National Competitive Bid,Percentage,Civil Works - Roads,No,No,NA ,08-Jul-2026 11:00 AM,NA ,90.0,No ,No,Online,18-Jul-2026 11:00 AM,CE RW I||RWCIRCLE-RAYAGADA||RWDIVISION-MOHANA,Mohana,761015.0,1.0,"8,46,940",KHOKAN SINGH,"758,011",Rejected-AOC,12-Aug-2026,CE RW I||RWCIRCLE-RAYAGADA||RWDIVISION-MOHANA,True,"{'Flood': 0, 'Embankment': 0, 'embkt': 0, 'Relief': 0, 'Erosion': 0, 'SDRF': 0, 'Inundation': 0, 'Hydrology': 0, 'Silt': 0, 'Siltation': 0, 'Bund': 0, 'Trench': 0, 'Breach': 0, 'Culvert': 0, 'Sluice': 0, 'Dyke': 0, 'Storm water drain': 0, 'Emergency': 0, 'Immediate': 0, 'IM': 0, 'AE': 0, 'A E': 0, 'AAPDA MITRA': 0, 'flood': 0, 'Bridge': 2, 'River': 0, 'Drain': 0, 'Restoration': 0, 'Protection': 0, 'irr': 0, 'irrigation': 0, 'dam': 0, 'Nallah': 2, 'Retrofitting': 0, 'Pond': 0, 'Pokhari': 0, 'D/C': 0, 'Recharge shaft': 0, 'LFB': 0, 'RFB': 0}","{'Floodlight': 0, 'Flood Light': 0, 'GAS': 0, 'FIFA': 0, 'pipe': 0, 'pipes': 0, 'covid': 0, 'supply': 0, 'Beautification': 0, 'Installation': 0}",Monsoon,,False,True,Repair and Restoration,"{'repair': 2, 'Bridge': 2}"
2026_SEHDP_131795_1,e-Procurement Notice No.SE-HID(NSPR)-03/2026-27,"SEHID (NSPR)-03(01) Constrn. of CC Internal Colony cross Road of both village Mahulamada,Borus from left side Elephant Trench to Colony main internal Road with RCC Drain at R and R Colony of Hadua Irr. Project,near village Kanseilo, Dist.-Cuttack",Construction of CC road wit Drain,Works,National Competitive Bid,Percentage,Civil Works - Others,No,No,NA ,11-Jun-2026 11:00 AM,NA ,90.0,No ,No,Online,29-Jun-2026 11:00 AM,CCE Brutang and Hadua Irrigation Project Dasapalla||SE Hadua Division Narasinghapur,Narasinghpur,754032.0,2.0,"56,47,905",ABHAYA BHUSAN SAHOO,"5,647,905.37",Rejected-AOC,07-Aug-2026,CCE Brutang and Hadua Irrigation Project Dasapalla||SE Hadua Division Narasinghapur,True,"{'Flood': 0, 'Embankment': 0, 'embkt': 0, 'Relief': 0, 'Erosion': 0, 'SDRF': 0, 'Inundation': 0, 'Hydrology': 0, 'Silt': 0, 'Siltation': 0, 'Bund': 0, 'Trench': 1, 'Breach': 0, 'Culvert': 0, 'Sluice': 0, 'Dyke': 0, 'Storm water drain': 0, 'Emergency': 0, 'Immediate': 0, 'IM': 0, 'AE': 0, 'A E': 0, 'AAPDA MITRA': 0, 'flood': 0, 'Bridge': 0, 'River': 0, 'Drain': 2, 'Restoration': 0, 'Protection': 0, 'irr': 1, 'irrigation': 0, 'dam': 0, 'Nallah': 0, 'Retrofitting': 0, 'Pond': 0, 'Pokhari': 0, 'D/C': 0, 'Recharge shaft': 0, 'LFB': 0, 'RFB': 0}","{'Floodlight': 0, 'Flood Light': 0, 'GAS': 0, 'FIFA': 0, 'pipe': 0, 'pipes': 0, 'covid': 0, 'supply': 0, 'Beautification': 0, 'Installation': 0}",Monsoon,,False,True,Repair and Restoration,"{'Construction': 1, 'Drain': 2}"
2026_CEMIB_129213_7,SEMIDRGD-04/2026-27,Improvement to Goleimunda-I Check Dam in Muniguda Block of Rayagada District under the scheme Improvement to Check Dam 2026-27,Improvement to Goleimunda-I Check Dam in Muniguda Block of Rayagada District under the scheme Improvement to Check Dam 2026-27,Works,National Competitive Bid,Percentage,Civil Works - Others,No,No,NA ,13-May-2026 10:00 AM,NA ,90.0,No ,No,Online,29-May-2026 11:00 AM,"CE,Minor Irrigation,BBSR||SE,KBK Minor Irr.CircleII,Jeypore||EE M.I. Division Rayagada",Rayagada,765001.0,1.0,"9,99,326",AKASH NAYAK,"999,326.42",Rejected-AOC,11-Aug-2026,"CE,Minor Irrigation,BBSR||SE,KBK Minor Irr.CircleII,Jeypore||EE M.I. Division Rayagada",True,"{'Flood': 0, 'Embankment': 0, 'embkt': 0, 'Relief': 0, 'Erosion': 0, 'SDRF': 0, 'Inundation': 0, 'Hydrology': 0, 'Silt': 0, 'Siltation': 0, 'Bund': 0, 'Trench': 0, 'Breach': 0, 'Culvert': 0, 'Sluice': 0, 'Dyke': 0, 'Storm water drain': 0, 'Emergency': 0, 'Immediate': 0, 'IM': 0, 'AE': 0, 'A E': 0, 'AAPDA MITRA': 0, 'flood': 0, 'Bridge': 0, 'River': 0, 'Drain': 0, 'Restoration': 0, 'Protection': 0, 'irr': 0, 'irrigation': 0, 'dam': 4, 'Nallah': 0, 'Retrofitting': 0, 'Pond': 0, 'Pokhari': 0, 'D/C': 0, 'Recharge shaft': 0, 'LFB': 0, 'RFB': 0}","{'Floodlight': 0, 'Flood Light': 0, 'GAS': 0, 'FIFA': 0, 'pipe': 0, 'pipes': 0, 'covid': 0, 'supply': 0, 'Beautification': 0, 'Installation': 0}",Pre-Monsoon,,False,False,Repair and Restoration,"{'improvement': 4, 'Check Dam': 4}"
2025_CELBB_119090_5,ACECIC - 11/ 2025-26,Improvement of service road of Daya right embankment from Gopinathpur to Badagotha village .,Improvement of service road of Daya right embankment from Gopinathpur to Badagotha village .,Works,National Competitive Bid,Percentage,Civil Works - Canal,No,No,NA ,10-Oct-2025 10:00 AM,NA ,90.0,No ,No,Online,27-Oct-2025 11:00 AM,"CE-BM,LMB Basin,BBSR||SE, Central Irr.Circle, BBSR",Kanas,752017.0,2.0,"2,36,99,717",ADITYA PRASAD SAMANTARAY,"20,147,129",Rejected-Finance,17-Jan-2026,"CE-BM,LMB Basin,BBSR||SE, Central Irr.Circle, BBSR",True,"{'Flood': 0, 'Embankment': 2, 'embkt': 0, 'Relief': 0, 'Erosion': 0, 'SDRF': 0, 'Inundation': 0, 'Hydrology': 0, 'Silt': 0, 'Siltation': 0, 'Bund': 0, 'Trench': 0, 'Breach': 0, 'Culvert': 0, 'Sluice': 0, 'Dyke': 0, 'Storm water drain': 0, 'Emergency': 0, 'Immediate': 0, 'IM': 0, 'AE': 0, 'A E': 0, 'AAPDA MITRA': 0, 'flood': 0, 'Bridge': 0, 'River': 0, 'Drain': 0, 'Restoration': 0, 'Protection': 0, 'irr': 0, 'irrigation': 0, 'dam': 0, 'Nallah': 0, 'Retrofitting': 0, 'Pond': 0, 'Pokhari': 0, 'D/C': 0, 'Recharge shaft': 0, 'LFB': 0, 'RFB': 0}","{'Floodlight': 0, 'Flood Light': 0, 'GAS': 0, 'FIFA': 0, 'pipe': 0, 'pipes': 0, 'covid': 0, 'supply': 0, 'Beautification': 0, 'Installation': 0}",Post-Monsoon,,False,True,Repair and Restoration,{'improvement': 2}
2026_ORULB_128206_13,BPM/02/2026-27,Construction of Paver road with culvert from Manikesweri furniture to Ratha Engineer house at Mandar Bagichapada in Ward No. 19,Construction of Paver road with culvert from Manikesweri furniture to Ratha Engineer house at Mandar Bagichapada in Ward No. 19,Works,Open Tender,Percentage,Civil Works - Others,No,No,NA ,18-Apr-2026 11:00 AM,NA ,90.0,No ,No,Online,28-Apr-2026 05:30 PM,Municipal Bodies||Bhawanipatna Municipality,BHAWANIPATNA MUNICIPALITY,766001.0,1.0,"7,77,966",BIKASH KUMAR SAHANI,"544,656.31",Accepted-AOC,29-Aug-2026,Municipal Bodies||Bhawanipatna Municipality,True,"{'Flood': 0, 'Embankment': 0, 'embkt': 0, 'Relief': 0, 'Erosion': 0, 'SDRF': 0, 'Inundation': 0, 'Hydrology': 0, 'Silt': 0, 'Siltation': 0, 'Bund': 0, 'Trench': 0, 'Breach': 0, 'Culvert': 2, 'Sluice': 0, 'Dyke': 0, 'Storm water drain': 0, 'Emergency': 0, 'Immediate': 0, 'IM': 0, 'AE': 0, 'A E': 0, 'AAPDA MITRA': 0, 'flood': 0, 'Bridge': 0, 'River': 0, 'Drain': 0, 'Restoration': 0, 'Protection': 0, 'irr': 0, 'irrigation': 0, 'dam': 0, 'Nallah': 0, 'Retrofitting': 0, 'Pond': 0, 'Pokhari': 0, 'D/C': 0, 'Recharge shaft': 0, 'LFB': 0, 'RFB': 0}","{'Floodlight': 0, 'Flood Light': 0, 'GAS': 0, 'FIFA': 0, 'pipe': 0, 'pipes': 0, 'covid': 0, 'supply': 0, 'Beautification': 0, 'Installation': 0}",Pre-Monsoon,,False,True,Repair and Restoration,{'Construction': 2}
2026_CEBMT_128885_1,"EE,TID,SNP-03/2026-27",Construction of cement concrete trough lining of Jagannathpali Sub-minor of Ong Irrigation Extension Project,Construction of cement concrete trough lining of Jagannathpali Sub-minor of Ong Irrigation Extension Project,Works,Open Tender,Percentage,Civil Works - Others,No,No,NA ,07-May-2026 10:00 AM,NA ,90.0,No ,No,Online,22-May-2026 11:00 AM,"CE-BM, Tel Basin,Bhawanipatna||SE Balangir Irr Circle Balangir||EE Tel Irr Divn. Sonepur",Sonepur,767017.0,2.0,"63,02,120",ABAKASH KUDEI,"6,295,817.42",Rejected-Finance,01-Aug-2026,"CE-BM, Tel Basin,Bhawanipatna||SE Balangir Irr Circle Balangir||EE Tel Irr Divn. Sonepur",True,"{'Flood': 0, 'Embankment': 0, 'embkt': 0, 'Relief': 0, 'Erosion': 0, 'SDRF': 0, 'Inundation': 0, 'Hydrology': 0, 'Silt': 0, 'Siltation': 0, 'Bund': 0, 'Trench': 0, 'Breach': 0, 'Culvert': 0, 'Sluice': 0, 'Dyke': 0, 'Storm water drain': 0, 'Emergency': 0, 'Immediate': 0, 'IM': 0, 'AE': 0, 'A E': 0, 'AAPDA MITRA': 0, 'flood': 0, 'Bridge': 0, 'River': 0, 'Drain': 0, 'Restoration': 0, 'Protection': 0, 'irr': 0, 'irrigation': 2, 'dam': 0, 'Nallah': 0, 'Retrofitting': 0, 'Pond': 0, 'Pokhari': 0, 'D/C': 0, 'Recharge shaft': 0, 'LFB': 0, 'RFB': 0}","{'Floodlight': 0, 'Flood Light': 0, 'GAS': 0, 'FIFA': 0, 'pipe': 0, 'pipes': 0, 'covid': 0, 'supply': 0, 'Beautification': 0, 'Installation': 0}",Pre-Monsoon,,False,False,Repair and Restoration,"{'extension': 2, 'Construction': 2}"
2026_ORULB_125283_27,PM 06/2025-26,Improvement of Road and Drain from Sitalapinda chhak to Mahi Prakash in ward No-04,CIVIL,Works,Open Tender,Percentage,Civil Works - Others,No,No,NA ,04-Feb-2026 03:00 PM,NA ,120.0,No ,No,Online,18-Feb-2026 11:00 AM,Municipal Bodies||Puri Municipality,PURI MUNICIPALITY,752001.0,1.0,"6,52,904",LAXMIKANTA BEHERA,"499,471.88",Accepted-AOC,17-Aug-2026,Municipal Bodies||Puri Municipality,True,"{'Flood': 0, 'Embankment': 0, 'embkt': 0, 'Relief': 0, 'Erosion': 0, 'SDRF': 0, 'Inundation': 0, 'Hydrology': 0, 'Silt': 0, 'Siltation': 0, 'Bund': 0, 'Trench': 0, 'Breach': 0, 'Culvert': 0, 'Sluice': 0, 'Dyke': 0, 'Storm water drain': 0, 'Emergency': 0, 'Immediate': 0, 'IM': 0, 'AE': 0, 'A E': 0, 'AAPDA MITRA': 0, 'flood': 0, 'Bridge': 0, 'River': 0, 'Drain': 1, 'Restoration': 0, 'Protection': 0, 'irr': 0, 'irrigation': 0, 'dam': 0, 'Nallah': 0, 'Retrofitting': 0, 'Pond': 0, 'Pokhari': 0, 'D/C': 0, 'Recharge shaft': 0, 'LFB': 0, 'RFB': 0}","{'Floodlight': 0, 'Flood Light': 0, 'GAS': 0, 'FIFA': 0, 'pipe': 0, 'pipes': 0, 'covid': 0, 'supply': 0, 'Beautification': 0, 'Installation': 0}",Post-Monsoon,,False,True,Repair and Restoration,"{'improvement': 1, 'Drain': 1}"
2026_ORULB_126616_4,MC(CMC)CTC_Div-IIiNo39/2025-26,Repair and restoration of Toilet at Chauliaganj Nua Nimasahi near OSFC in Ward No.42.,Repair and restoration of Toilet at Chauliaganj Nua Nimasahi near OSFC in Ward No.42.,Works,Open Tender,Percentage,Civil Works - Others,No,No,NA ,30-Mar-2026 11:00 AM,NA ,105.0,No ,No,Online,17-Apr-2026 10:00 AM,Municipal Bodies||Cuttack Municipal Corporation,CMC,753012.0,1.0,"12,24,517",BICHITRA NANDA BEHERA,"1,224,516.81",Rejected-AOC,04-Aug-2026,Municipal Bodies||Cuttack Municipal Corporation,True,"{'Flood': 0, 'Embankment': 0, 'embkt': 0, 'Relief': 0, 'Erosion': 0, 'SDRF': 0, 'Inundation': 0, 'Hydrology': 0, 'Silt': 0, 'Siltation': 0, 'Bund': 0, 'Trench': 0, 'Breach': 0, 'Culvert': 0, 'Sluice': 0, 'Dyke': 0, 'Storm water drain': 0, 'Emergency': 0, 'Immediate': 0, 'IM': 0, 'AE': 0, 'A E': 0, 'AAPDA MITRA': 0, 'flood': 0, 'Bridge': 0, 'River': 0, 'Drain': 0, 'Restoration': 2, 'Protection': 0, 'irr': 0, 'irrigation': 0, 'dam': 0, 'Nallah': 0, 'Retrofitting': 0, 'Pond': 0, 'Pokhari': 0, 'D/C': 0, 'Recharge shaft': 0, 'LFB': 0, 'RFB': 0}","{'Floodlight': 0, 'Flood Light': 0, 'GAS': 0, 'FIFA': 0, 'pipe': 0, 'pipes': 0, 'covid': 0, 'supply': 0, 'Beautification': 0, 'Installation': 0}",Pre-Monsoon,,False,False,Repair and Restoration,"{'repair': 2, 'restoration': 2}"
2026_ORULB_124639_1,06/2025-26,Constrcution of drain from BholenathPadhan house to Tulsi Kumar house.in Ward No-6 of Attabira NAC,Constrcution of drain from BholenathPadhan house to Tulsi Kumar house.in Ward No-6 of Attabira NAC,Works,Open Tender,Percentage,Civil Works - Roads,No,No,NA ,17-Jan-2026 10:00 AM,NA ,45.0,No ,No,Online,31-Jan-2026 11:00 AM,Municipal Bodies||Attabira NAC,ATTABIRA NAC,768027.0,1.0,"3,39,315",Bikkina Narasimha murthy,"339,314.211",Rejected-AOC,09-Aug-2026,Municipal Bodies||Attabira NAC,True,"{'Flood': 0, 'Embankment': 0, 'embkt': 0, 'Relief': 0, 'Erosion': 0, 'SDRF': 0, 'Inundation': 0, 'Hydrology': 0, 'Silt': 0, 'Siltation': 0, 'Bund': 0, 'Trench': 0, 'Breach': 0, 'Culvert': 0, 'Sluice': 0, 'Dyke': 0, 'Storm water drain': 0, 'Emergency': 0, 'Immediate': 0, 'IM': 0, 'AE': 0, 'A E': 0, 'AAPDA MITRA': 0, 'flood': 0, 'Bridge': 0, 'River': 0, 'Drain': 2, 'Restoration': 0, 'Protection': 0, 'irr': 0, 'irrigation': 0, 'dam': 0, 'Nallah': 0, 'Retrofitting': 0, 'Pond': 0, 'Pokhari': 0, 'D/C': 0, 'Recharge shaft': 0, 'LFB': 0, 'RFB': 0}","{'Floodlight': 0, 'Flood Light': 0, 'GAS': 0, 'FIFA': 0, 'pipe': 0, 'pipes': 0, 'covid': 0, 'supply': 0, 'Beautification': 0, 'Installation': 0}",Post-Monsoon,,False,True,Repair and Restoration,{'Drain': 2}
2026_ORULB_129135_13,NLGN _1/2026-27,Improvement of CC road and RCC Drain with cover slab from Mayanani house to Binayak Prusty house in W.No. 07 under Nilgiri NAC.,Improvement of CC road and RCC Drain with cover slab from Mayanani house to Binayak Prusty house in W.No. 07 under Nilgiri NAC.,Works,Open Tender,Percentage,Civil Works - Roads,No,No,NA ,11-May-2026 03:00 PM,NA ,120.0,No ,No,Online,25-May-2026 11:00 AM,Municipal Bodies||Nilgiri NAC,Nilgiri NAC,756040.0,1.0,"1,93,135",Pritam Kumar Mallik,"193,136",Rejected-AOC,03-Aug-2026,Municipal Bodies||Nilgiri NAC,True,"{'Flood': 0, 'Embankment': 0, 'embkt': 0, 'Relief': 0, 'Erosion': 0, 'SDRF': 0, 'Inundation': 0, 'Hydrology': 0, 'Silt': 0, 'Siltation': 0, 'Bund': 0, 'Trench': 0, 'Breach': 0, 'Culvert': 0, 'Sluice': 0, 'Dyke': 0, 'Storm water drain': 0, 'Emergency': 0, 'Immediate': 0, 'IM': 0, 'AE': 0, 'A E': 0, 'AAPDA MITRA': 0, 'flood': 0, 'Bridge': 0, 'River': 0, 'Drain': 2, 'Restoration': 0, 'Protection': 0, 'irr': 0, 'irrigation': 0, 'dam': 0, 'Nallah': 0, 'Retrofitting': 0, 'Pond': 0, 'Pokhari': 0, 'D/C': 0, 'Recharge shaft': 0, 'LFB': 0, 'RFB': 0}","{'Floodlight': 0, 'Flood Light': 0, 'GAS': 0, 'FIFA': 0, 'pipe': 0, 'pipes': 0, 'covid': 0, 'supply': 0, 'Beautification': 0, 'Installation': 0}",Pre-Monsoon,,False,True,Repair and Restoration,"{'improvement': 2, 'Drain': 2}"
2026_CEMIB_129213_6,SEMIDRGD-04/2026-27,Improvement to Cherangapai-I Check Dam in Muniguda Block of Rayagada District under the scheme Improvement to Check Dam 2026-27,Improvement to Cherangapai-I Check Dam in Muniguda Block of Rayagada District under the scheme Improvement to Check Dam 2026-27,Works,National Competitive Bid,Percentage,Civil Works - Others,No,No,NA ,13-May-2026 10:00 AM,NA ,90.0,No ,No,Online,29-May-2026 11:00 AM,"CE,Minor Irrigation,BBSR||SE,KBK Minor Irr.CircleII,Jeypore||EE M.I. Division Rayagada",Rayagada,765001.0,1.0,"9,74,582",AKASH NAYAK,"974,582.13",Rejected-AOC,17-Jun-2026,"CE,Minor Irrigation,BBSR||SE,KBK Minor Irr.CircleII,Jeypore||EE M.I. Division Rayagada",True,"{'Flood': 0, 'Embankment': 0, 'embkt': 0, 'Relief': 0, 'Erosion': 0, 'SDRF': 0, 'Inundation': 0, 'Hydrology': 0, 'Silt': 0, 'Siltation': 0, 'Bund': 0, 'Trench': 0, 'Breach': 0, 'Culvert': 0, 'Sluice': 0, 'Dyke': 0, 'Storm water drain': 0, 'Emergency': 0, 'Immediate': 0, 'IM': 0, 'AE': 0, 'A E': 0, 'AAPDA MITRA': 0, 'flood': 0, 'Bridge': 0, 'River': 0, 'Drain': 0, 'Restoration': 0, 'Protection': 0, 'irr': 0, 'irrigation': 0, 'dam': 4, 'Nallah': 0, 'Retrofitting': 0, 'Pond': 0, 'Pokhari': 0, 'D/C': 0, 'Recharge shaft': 0, 'LFB': 0, 'RFB': 0}","{'Floodlight': 0, 'Flood Light': 0, 'GAS': 0, 'FIFA': 0, 'pipe': 0, 'pipes': 0, 'covid': 0, 'supply': 0, 'Beautification': 0, 'Installation': 0}",Pre-Monsoon,,False,False,Repair and Restoration,"{'improvement': 4, 'Check Dam': 4}"
2026_ORULB_127307_1,BMC-EE-Tender Cell-79/2025-26 dt. 13.03.2026,Construction of Road and Drain at Khandagiri Bari in Ward No. 23,Construction of Road and Drain at Khandagiri Bari in Ward No. 23,Works,Open Tender,Percentage,Civil Works - Others,No,No,NA ,17-Mar-2026 11:00 AM,24-Mar-2026 04:00 PM ,120.0,No ,No,Online,06-Apr-2026 03:30 PM,Municipal Bodies||Bhubaneswar Municipal Corporation,BMC AREA,751022.0,2.0,"65,25,197",AJAYA KUMAR BISWAL,"5,544,577",Rejected-Finance,14-Aug-2026,Municipal Bodies||Bhubaneswar Municipal Corporation,True,"{'Flood': 0, 'Embankment': 0, 'embkt': 0, 'Relief': 0, 'Erosion': 0, 'SDRF': 0, 'Inundation': 0, 'Hydrology': 0, 'Silt': 0, 'Siltation': 0, 'Bund': 0, 'Trench': 0, 'Breach': 0, 'Culvert': 0, 'Sluice': 0, 'Dyke': 0, 'Storm water drain': 0, 'Emergency': 0, 'Immediate': 0, 'IM': 0, 'AE': 0, 'A E': 0, 'AAPDA MITRA': 0, 'flood': 0, 'Bridge': 0, 'River': 0, 'Drain': 2, 'Restoration': 0, 'Protection': 0, 'irr': 0, 'irrigation': 0, 'dam': 0, 'Nallah': 0, 'Retrofitting': 0, 'Pond': 0, 'Pokhari': 0, 'D/C': 0, 'Recharge shaft': 0, 'LFB': 0, 'RFB': 0}","{'Floodlight': 0, 'Flood Light': 0, 'GAS': 0, 'FIFA': 0, 'pipe': 0, 'pipes': 0, 'covid': 0, 'supply': 0, 'Beautification': 0, 'Installation': 0}",Pre-Monsoon,,False,True,Repair and Restoration,"{'Construction': 2, 'Drain': 2}"
2024_ORULB_101203_10,EO/JMC/076/2023-24,Construction of Road and Drain from B. Babu House towards Raju Sir HouseW.N-5,Construction of Road and Drain from B. Babu House towards Raju Sir HouseW.N-5,Works,Open Tender,Percentage,Civil Works - Others,No,No,NA ,20-Feb-2024 10:00 AM,NA ,30.0,No ,No,Online,02-Mar-2024 11:00 AM,Municipal Bodies||Jatni Municipal Council,"EXECUTIVE OFFICER,JATNI MUNICIPALITY",752050.0,1.0,"4,16,377",PRAMOD KUMAR RANSINGH,"424,704",Rejected-Finance,07-Aug-2026,Municipal Bodies||Jatni Municipal Council,True,"{'Flood': 0, 'Embankment': 0, 'embkt': 0, 'Relief': 0, 'Erosion': 0, 'SDRF': 0, 'Inundation': 0, 'Hydrology': 0, 'Silt': 0, 'Siltation': 0, 'Bund': 0, 'Trench': 0, 'Breach': 0, 'Culvert': 0, 'Sluice': 0, 'Dyke': 0, 'Storm water drain': 0, 'Emergency': 0, 'Immediate': 0, 'IM': 0, 'AE': 0, 'A E': 0, 'AAPDA MITRA': 0, 'flood': 0, 'Bridge': 0, 'River': 0, 'Drain': 2, 'Restoration': 0, 'Protection': 0, 'irr': 0, 'irrigation': 0, 'dam': 0, 'Nallah': 0, 'Retrofitting': 0, 'Pond': 0, 'Pokhari': 0, 'D/C': 0, 'Recharge shaft': 0, 'LFB': 0, 'RFB': 0}","{'Floodlight': 0, 'Flood Light': 0, 'GAS': 0, 'FIFA': 0, 'pipe': 0, 'pipes': 0, 'covid': 0, 'supply': 0, 'Beautification': 0, 'Installation': 0}",Post-Monsoon,,False,True,Repair and Restoration,"{'Construction': 2, 'Drain': 2}"
2026_ORULB_126857_101,06/BGH- MUN/2025-26,"Construction of CC Road, Drain Near transformer bali tikra ward No-2","Construction of CC Road, Drain Near transformer bali tikra ward No-2",Works,Open Tender,Percentage,Civil Works - Others,No,No,NA ,06-Mar-2026 04:00 PM,NA ,90.0,No ,No,Online,17-Mar-2026 11:00 AM,Municipal Bodies||Bargarh Municipal Council,Bargarh,768028.0,1.0,"10,00,000",MAMATA AGRAWAL,"677,550.498",Rejected-Finance,21-Aug-2026,Municipal Bodies||Bargarh Municipal Council,True,"{'Flood': 0, 'Embankment': 0, 'embkt': 0, 'Relief': 0, 'Erosion': 0, 'SDRF': 0, 'Inundation': 0, 'Hydrology': 0, 'Silt': 0, 'Siltation': 0, 'Bund': 0, 'Trench': 0, 'Breach': 0, 'Culvert': 0, 'Sluice': 0, 'Dyke': 0, 'Storm water drain': 0, 'Emergency': 0, 'Immediate': 0, 'IM': 0, 'AE': 0, 'A E': 0, 'AAPDA MITRA': 0, 'flood': 0, 'Bridge': 0, 'River': 0, 'Drain': 2, 'Restoration': 0, 'Protection': 0, 'irr': 0, 'irrigation': 0, 'dam': 0, 'Nallah': 0, 'Retrofitting': 0, 'Pond': 0, 'Pokhari': 0, 'D/C': 0, 'Recharge shaft': 0, 'LFB': 0, 'RFB': 0}","{'Floodlight': 0, 'Flood Light': 0, 'GAS': 0, 'FIFA': 0, 'pipe': 0, 'pipes': 0, 'covid': 0, 'supply': 0, 'Beautification': 0, 'Installation': 0}",Pre-Monsoon,,False,True,Repair and Restoration,"{'Construction': 2, 'Drain': 2}"
2026_CERWI_130327_1,Bridge Tender Online RWCSBP-06/2026-27,Construction of bridge over river Ong on Temerimal to Ganjadabar (RD) road,Construction of bridge over river Ong on Temerimal to Ganjadabar (RD) road,Works,Open Tender,Percentage,Civil Works - Bridges,No,No,NA ,01-Jun-2026 11:00 AM,NA ,90.0,No ,No,Online,17-Jun-2026 11:00 AM,CE RW I||RWCIRCLE-SAMBALPUR,Padampur,768036.0,2.0,"4,58,21,082",ASHUTOSH SAHU,"47,974,673",Rejected-Finance,13-Aug-2026,CE RW I||RWCIRCLE-SAMBALPUR,True,"{'Flood': 0, 'Embankment': 0, 'embkt': 0, 'Relief': 0, 'Erosion': 0, 'SDRF': 0, 'Inundation': 0, 'Hydrology': 0, 'Silt': 0, 'Siltation': 0, 'Bund': 0, 'Trench': 0, 'Breach': 0, 'Culvert': 0, 'Sluice': 0, 'Dyke': 0, 'Storm water drain': 0, 'Emergency': 0, 'Immediate': 0, 'IM': 0, 'AE': 0, 'A E': 0, 'AAPDA MITRA': 0, 'flood': 0, 'Bridge': 3, 'River': 2, 'Drain': 0, 'Restoration': 0, 'Protection': 0, 'irr': 0, 'irrigation': 0, 'dam': 0, 'Nallah': 0, 'Retrofitting': 0, 'Pond': 0, 'Pokhari': 0, 'D/C': 0, 'Recharge shaft': 0, 'LFB': 0, 'RFB': 0}","{'Floodlight': 0, 'Flood Light': 0, 'GAS': 0, 'FIFA': 0, 'pipe': 0, 'pipes': 0, 'covid': 0, 'supply': 0, 'Beautification': 0, 'Installation': 0}",Monsoon,,False,True,Repair and Restoration,"{'Construction': 2, 'Bridge': 3}"
2025_ORULB_116950_46,RN_03_2025-26,Construction of Paver road from Gunanidhi Senapati house to Mahendra Behera house and one culvert near Mahendra Behera house in Ward No. 09 under Remuna NAC.,works,Works,Open Tender,Percentage,Civil Works - Roads,No,No,NA ,18-Aug-2025 11:00 AM,NA ,120.0,No ,No,Online,08-Sep-2025 11:00 AM,Municipal Bodies||Remuna NAC,Remuna NAC,756019.0,1.0,"5,18,316",ANANTA KUMAR BARIK,"440,620",Accepted-AOC,15-Aug-2026,Municipal Bodies||Remuna NAC,True,"{'Flood': 0, 'Embankment': 0, 'embkt': 0, 'Relief': 0, 'Erosion': 0, 'SDRF': 0, 'Inundation': 0, 'Hydrology': 0, 'Silt': 0, 'Siltation': 0, 'Bund': 0, 'Trench': 0, 'Breach': 0, 'Culvert': 1, 'Sluice': 0, 'Dyke': 0, 'Storm water drain': 0, 'Emergency': 0, 'Immediate': 0, 'IM': 0, 'AE': 0, 'A E': 0, 'AAPDA MITRA': 0, 'flood': 0, 'Bridge': 0, 'River': 0, 'Drain': 0, 'Restoration': 0, 'Protection': 0, 'irr': 0, 'irrigation': 0, 'dam': 0, 'Nallah': 0, 'Retrofitting': 0, 'Pond': 0, 'Pokhari': 0, 'D/C': 0, 'Recharge shaft': 0, 'LFB': 0, 'RFB': 0}","{'Floodlight': 0, 'Flood Light': 0, 'GAS': 0, 'FIFA': 0, 'pipe': 0, 'pipes': 0, 'covid': 0, 'supply': 0, 'Beautification': 0, 'Installation': 0}",Monsoon,,False,True,Repair and Restoration,{'Construction': 1}
2026_CERWI_126284_1,NCB No.57 of 2025-26,Construction of Bridge over Nauria Khala on Kusugarh to Begunia PD Road in the District of Balasore for the year 2024-25.,Construction of Bridge over Nauria Khala on Kusugarh to Begunia PD Road in the District of Balasore for the year 2024-25.,Works,National Competitive Bid,Percentage,Civil Works - Bridges,No,No,NA ,19-Feb-2026 05:00 PM,NA ,90.0,No ,No,Online,07-Mar-2026 11:00 AM,CE RW I||RWCIRCLE-BALASORE,Balasore,756001.0,2.0,"6,55,27,492",Amresh Behera,"53,326,273",Rejected-Finance,12-Aug-2026,CE RW I||RWCIRCLE-BALASORE,True,"{'Flood': 0, 'Embankment': 0, 'embkt': 0, 'Relief': 0, 'Erosion': 0, 'SDRF': 0, 'Inundation': 0, 'Hydrology': 0, 'Silt': 0, 'Siltation': 0, 'Bund': 0, 'Trench': 0, 'Breach': 0, 'Culvert': 0, 'Sluice': 0, 'Dyke': 0, 'Storm water drain': 0, 'Emergency': 0, 'Immediate': 0, 'IM': 0, 'AE': 0, 'A E': 0, 'AAPDA MITRA': 0, 'flood': 0, 'Bridge': 2, 'River': 0, 'Drain': 0, 'Restoration': 0, 'Protection': 0, 'irr': 0, 'irrigation': 0, 'dam': 0, 'Nallah': 0, 'Retrofitting': 0, 'Pond': 0, 'Pokhari': 0, 'D/C': 0, 'Recharge shaft': 0, 'LFB': 0, 'RFB': 0}","{'Floodlight': 0, 'Flood Light': 0, 'GAS': 0, 'FIFA': 0, 'pipe': 0, 'pipes': 0, 'covid': 0, 'supply': 0, 'Beautification': 0, 'Installation': 0}",Post-Monsoon,,False,True,Repair and Restoration,"{'Construction': 2, 'Bridge': 2}"
2026_CEMIB_129213_13,SEMIDRGD-04/2026-27,Improvement to Gadamaru Check Dam in Bissamcuttack Block of Rayagada District under the scheme Improvement to Check Dam 2026-27,Improvement to Gadamaru Check Dam in Bissamcuttack Block of Rayagada District under the scheme Improvement to Check Dam 2026-27,Works,National Competitive Bid,Percentage,Civil Works - Others,No,No,NA ,13-May-2026 10:00 AM,NA ,90.0,No ,No,Online,29-May-2026 11:00 AM,"CE,Minor Irrigation,BBSR||SE,KBK Minor Irr.CircleII,Jeypore||EE M.I. Division Rayagada",Rayagada,765001.0,1.0,"9,17,265",LAL BIHARI LENKA,"917,265.19",Rejected-AOC,17-Jun-2026,"CE,Minor Irrigation,BBSR||SE,KBK Minor Irr.CircleII,Jeypore||EE M.I. Division Rayagada",True,"{'Flood': 0, 'Embankment': 0, 'embkt': 0, 'Relief': 0, 'Erosion': 0, 'SDRF': 0, 'Inundation': 0, 'Hydrology': 0, 'Silt': 0, 'Siltation': 0, 'Bund': 0, 'Trench': 0, 'Breach': 0, 'Culvert': 0, 'Sluice': 0, 'Dyke': 0, 'Storm water drain': 0, 'Emergency': 0, 'Immediate': 0, 'IM': 0, 'AE': 0, 'A E': 0, 'AAPDA MITRA': 0, 'flood': 0, 'Bridge': 0, 'River': 0, 'Drain': 0, 'Restoration': 0, 'Protection': 0, 'irr': 0, 'irrigation': 0, 'dam': 4, 'Nallah': 0, 'Retrofitting': 0, 'Pond': 0, 'Pokhari': 0, 'D/C': 0, 'Recharge shaft': 0, 'LFB': 0, 'RFB': 0}","{'Floodlight': 0, 'Flood Light': 0, 'GAS': 0, 'FIFA': 0, 'pipe': 0, 'pipes': 0, 'covid': 0, 'supply': 0, 'Beautification': 0, 'Installation': 0}",Pre-Monsoon,,False,False,Repair and Restoration,"{'improvement': 4, 'Check Dam': 4}"
2026_CERWI_132208_1,06/EE/RW/AND/2026-27,Annual Maintenance of Hatadihi to Pandado Road_Road_Overlaying on damaged existing CC and CC Drain_1.200 to 1.300 and 1.200 to 1.500 for the year 2026-27,Annual Maintenance of Hatadihi to Pandado Road_Road_Overlaying on damaged existing CC and CC Drain_1.200 to 1.300 and 1.200 to 1.500 for the year 2026-27,Works,Open Tender,Percentage,Civil Works - Roads,No,No,NA ,16-Jun-2026 06:30 PM,NA ,90.0,No ,No,Online,23-Jun-2026 11:30 AM,CE RW I||RWCIRCLE-KEONJHAR||RWDIVISION-ANANDAPUR,"Salapada, Anandapur",758020.0,1.0,"10,16,884",AJAY KUMAR JENA,"1,006,715",Rejected-AOC,10-Aug-2026,CE RW I||RWCIRCLE-KEONJHAR||RWDIVISION-ANANDAPUR,True,"{'Flood': 0, 'Embankment': 0, 'embkt': 0, 'Relief': 0, 'Erosion': 0, 'SDRF': 0, 'Inundation': 0, 'Hydrology': 0, 'Silt': 0, 'Siltation': 0, 'Bund': 0, 'Trench': 0, 'Breach': 0, 'Culvert': 0, 'Sluice': 0, 'Dyke': 0, 'Storm water drain': 0, 'Emergency': 0, 'Immediate': 0, 'IM': 0, 'AE': 0, 'A E': 0, 'AAPDA MITRA': 0, 'flood': 0, 'Bridge': 0, 'River': 0, 'Drain': 2, 'Restoration': 0, 'Protection': 0, 'irr': 0, 'irrigation': 0, 'dam': 0, 'Nallah': 0, 'Retrofitting': 0, 'Pond': 0, 'Pokhari': 0, 'D/C': 0, 'Recharge shaft': 0, 'LFB': 0, 'RFB': 0}","{'Floodlight': 0, 'Flood Light': 0, 'GAS': 0, 'FIFA': 0, 'pipe': 0, 'pipes': 0, 'covid': 0, 'supply': 0, 'Beautification': 0, 'Installation': 0}",Monsoon,,False,True,Repair and Restoration,{'Drain': 2}
2025_CELBB_116656_18,e PROCUREMENT TENDER CALL NOTICE NO. PID02OF202526,"PID 108, Stone packing and launching to Bhargavi right embankment from RD 0.00 km to 0.550 km",Stone packing and launching to Bhargavi right embankment from RD 0.00 km to 0.550 km,Works,Open Tender,Percentage,Civil Works - Others,No,No,NA ,11-Aug-2025 10:30 AM,NA ,90.0,No ,No,Online,26-Aug-2025 11:00 AM,"CE-BM,LMB Basin,BBSR||SE, Central Irr.Circle, BBSR||EE,Puri Irr Division,Puri",PURI,752003.0,1.0,"38,53,413",ABINASH PRASAD BEHERA,"3,275,786",Rejected-Finance,18-Nov-2025,"CE-BM,LMB Basin,BBSR||SE, Central Irr.Circle, BBSR||EE,Puri Irr Division,Puri",True,"{'Flood': 0, 'Embankment': 2, 'embkt': 0, 'Relief': 0, 'Erosion': 0, 'SDRF': 0, 'Inundation': 0, 'Hydrology': 0, 'Silt': 0, 'Siltation': 0, 'Bund': 0, 'Trench': 0, 'Breach': 0, 'Culvert': 0, 'Sluice': 0, 'Dyke': 0, 'Storm water drain': 0, 'Emergency': 0, 'Immediate': 0, 'IM': 0, 'AE': 0, 'A E': 0, 'AAPDA MITRA': 0, 'flood': 0, 'Bridge': 0, 'River': 0, 'Drain': 0, 'Restoration': 0, 'Protection': 0, 'irr': 0, 'irrigation': 0, 'dam': 0, 'Nallah': 0, 'Retrofitting': 0, 'Pond': 0, 'Pokhari': 0, 'D/C': 0, 'Recharge shaft': 0, 'LFB': 0, 'RFB': 0}","{'Floodlight': 0, 'Flood Light': 0, 'GAS': 0, 'FIFA': 0, 'pipe': 0, 'pipes': 0, 'covid': 0, 'supply': 0, 'Beautification': 0, 'Installation': 0}",Monsoon,,False,True,Others,
2026_CERWI_133072_1,02 of 2026-27,"Repair to Bridge Over hadua Nallah on Champeswar Olaba PMGSY Road_Road_Protection wall , Stone pitching, Colour washing_","Repair to Bridge Over hadua Nallah on Champeswar Olaba PMGSY Road_Road_Protection wall , Stone pitching, Colour washing_",Works,Open Tender,Percentage,Miscellaneous Works,No,No,NA ,25-Jun-2026 11:00 AM,NA ,90.0,No ,No,Online,08-Jul-2026 11:30 AM,CE RW I||RWCIRCLE-CUTTACK||RWDIVISION-CUTTACK-II,Cuttack,753004.0,1.0,"21,01,039",ABHAYA BHUSAN SAHOO,"2,101,039",Rejected-AOC,12-Aug-2026,CE RW I||RWCIRCLE-CUTTACK||RWDIVISION-CUTTACK-II,True,"{'Flood': 0, 'Embankment': 0, 'embkt': 0, 'Relief': 0, 'Erosion': 0, 'SDRF': 0, 'Inundation': 0, 'Hydrology': 0, 'Silt': 0, 'Siltation': 0, 'Bund': 0, 'Trench': 0, 'Breach': 0, 'Culvert': 0, 'Sluice': 0, 'Dyke': 0, 'Storm water drain': 0, 'Emergency': 0, 'Immediate': 0, 'IM': 0, 'AE': 0, 'A E': 0, 'AAPDA MITRA': 0, 'flood': 0, 'Bridge': 2, 'River': 0, 'Drain': 0, 'Restoration': 0, 'Protection': 2, 'irr': 0, 'irrigation': 0, 'dam': 0, 'Nallah': 2, 'Retrofitting': 0, 'Pond': 0, 'Pokhari': 0, 'D/C': 0, 'Recharge shaft': 0, 'LFB': 0, 'RFB': 0}","{'Floodlight': 0, 'Flood Light': 0, 'GAS': 0, 'FIFA': 0, 'pipe': 0, 'pipes': 0, 'covid': 0, 'supply': 0, 'Beautification': 0, 'Installation': 0}",Monsoon,,False,True,Repair and Restoration,"{'repair': 2, 'Bridge': 2}"
2026_CEMIB_124558_13,BID IDENTIFICATION NO_SEMIDN_14_OF2025_26,Improvement to Baigunia Check Dam in Bhapur Block of Nayagarh district under Improvement to Check Dam grant for the year 2025-26,Improvement to Baigunia Check Dam in Bhapur Block of Nayagarh district under Improvement to Check Dam grant for the year 2025-26,Works,National Competitive Bid,Percentage,Civil Works - Others,No,No,NA ,14-Jan-2026 10:00 AM,NA ,90.0,No ,No,Online,21-Jan-2026 11:00 AM,"CE,Minor Irrigation,BBSR||SECMIC-BHUBANESWAR||EE MI Divn. Nayagarh",SUPERINTENDING ENGINEER M I DIVISION NAYAGARH,752070.0,1.0,,Bidyadhar Barad,"398,469.02",Rejected-AOC,14-Aug-2026,"CE,Minor Irrigation,BBSR||SECMIC-BHUBANESWAR||EE MI Divn. Nayagarh",True,"{'Flood': 0, 'Embankment': 0, 'embkt': 0, 'Relief': 0, 'Erosion': 0, 'SDRF': 0, 'Inundation': 0, 'Hydrology': 0, 'Silt': 0, 'Siltation': 0, 'Bund': 0, 'Trench': 0, 'Breach': 0, 'Culvert': 0, 'Sluice': 0, 'Dyke': 0, 'Storm water drain': 0, 'Emergency': 0, 'Immediate': 0, 'IM': 0, 'AE': 0, 'A E': 0, 'AAPDA MITRA': 0, 'flood': 0, 'Bridge': 0, 'River': 0, 'Drain': 0, 'Restoration': 0, 'Protection': 0, 'irr': 0, 'irrigation': 0, 'dam': 4, 'Nallah': 0, 'Retrofitting': 0, 'Pond': 0, 'Pokhari': 0, 'D/C': 0, 'Recharge shaft': 0, 'LFB': 0, 'RFB': 0}","{'Floodlight': 0, 'Flood Light': 0, 'GAS': 0, 'FIFA': 0, 'pipe': 0, 'pipes': 0, 'covid': 0, 'supply': 0, 'Beautification': 0, 'Installation': 0}",Post-Monsoon,,False,False,Repair and Restoration,"{'improvement': 4, 'Check Dam': 4}"
2025_CEBBS_121965_12,SERID-RKL-05-2025-26,Construction of bed and slope lining and bank raising of Ranibandha Sub-minor-I from RD 1110m to RD 1220m of Left Main Canal of Kanshbahal Irrigation Project for the year 2025-26,Construction of bed and slope lining and bank raising of Ranibandha Sub-minor-I from RD 1110m to RD 1220m of Left Main Canal of Kanshbahal Irrigation Project for the year 2025-26,Works,Open Tender,Percentage,Civil Works - Canal,No,No,NA ,26-Nov-2025 10:00 AM,NA ,90.0,No ,No,Online,08-Dec-2025 11:00 AM,CE and BM Brahmani Basin Samal||APD cum CCE RIP Samal||Rourkela Irrigation Division Rourkela,Kanshbahal,770034.0,1.0,"6,03,727",MOLLI KUJUR,"513,228",Accepted-AOC,10-Aug-2026,CE and BM Brahmani Basin Samal||APD cum CCE RIP Samal||Rourkela Irrigation Division Rourkela,True,"{'Flood': 0, 'Embankment': 0, 'embkt': 0, 'Relief': 0, 'Erosion': 0, 'SDRF': 0, 'Inundation': 0, 'Hydrology': 0, 'Silt': 0, 'Siltation': 0, 'Bund': 0, 'Trench': 0, 'Breach': 0, 'Culvert': 0, 'Sluice': 0, 'Dyke': 0, 'Storm water drain': 0, 'Emergency': 0, 'Immediate': 0, 'IM': 0, 'AE': 0, 'A E': 0, 'AAPDA MITRA': 0, 'flood': 0, 'Bridge': 0, 'River': 0, 'Drain': 0, 'Restoration': 0, 'Protection': 0, 'irr': 0, 'irrigation': 2, 'dam': 0, 'Nallah': 0, 'Retrofitting': 0, 'Pond': 0, 'Pokhari': 0, 'D/C': 0, 'Recharge shaft': 0, 'LFB': 0, 'RFB': 0}","{'Floodlight': 0, 'Flood Light': 0, 'GAS': 0, 'FIFA': 0, 'pipe': 0, 'pipes': 0, 'covid': 0, 'supply': 0, 'Beautification': 0, 'Installation': 0}",Post-Monsoon,,False,False,Repair and Restoration,"{'raising': 2, 'Construction': 2}"
2026_ORULB_128333_6,MC(CMC)CTC_Div-I_No.1/2026-27,Construction of C.C. road from River side Thana Gada to Bali Ghata Gada at Kathajodi Slum in Ward No. 4.,Construction of C.C. road from River side Thana Gada to Bali Ghata Gada at Kathajodi Slum in Ward No. 4.,Works,Open Tender,Percentage,Civil Works - Others,No,No,NA ,23-Apr-2026 01:00 PM,NA ,90.0,No ,No,Online,07-May-2026 11:00 AM,Municipal Bodies||Cuttack Municipal Corporation,CMC,753012.0,1.0,"46,77,900",ABHISHEK KARTIK RAY,"4,677,873",Rejected-AOC,24-Aug-2026,Municipal Bodies||Cuttack Municipal Corporation,True,"{'Flood': 0, 'Embankment': 0, 'embkt': 0, 'Relief': 0, 'Erosion': 0, 'SDRF': 0, 'Inundation': 0, 'Hydrology': 0, 'Silt': 0, 'Siltation': 0, 'Bund': 0, 'Trench': 0, 'Breach': 0, 'Culvert': 0, 'Sluice': 0, 'Dyke': 0, 'Storm water drain': 0, 'Emergency': 0, 'Immediate': 0, 'IM': 0, 'AE': 0, 'A E': 0, 'AAPDA MITRA': 0, 'flood': 0, 'Bridge': 0, 'River': 2, 'Drain': 0, 'Restoration': 0, 'Protection': 0, 'irr': 0, 'irrigation': 0, 'dam': 0, 'Nallah': 0, 'Retrofitting': 0, 'Pond': 0, 'Pokhari': 0, 'D/C': 0, 'Recharge shaft': 0, 'LFB': 0, 'RFB': 0}","{'Floodlight': 0, 'Flood Light': 0, 'GAS': 0, 'FIFA': 0, 'pipe': 0, 'pipes': 0, 'covid': 0, 'supply': 0, 'Beautification': 0, 'Installation': 0}",Pre-Monsoon,,False,True,Repair and Restoration,{'Construction': 2}
2026_ORULB_127071_9,KSNG-NAC-06/2025-26,CONSTRUCTION OF APPROACH ROAD WITH BOX CULVERT NEAR BHARAT BANSAL HOUSE IN WARD NO 04,CONSTRUCTION OF APPROACH ROAD WITH BOX CULVERT NEAR BHARAT BANSAL HOUSE IN WARD NO 04,Works,Open Tender,Percentage,Civil Works - Roads,No,No,NA ,10-Mar-2026 10:00 AM,NA ,90.0,No ,No,Online,23-Mar-2026 11:00 AM,Municipal Bodies||Kesinga NAC,KESINGA NAC,766012.0,1.0,"16,97,479",BIKRAM SAGAR,"1,602,420.18",Rejected-Technical,05-Aug-2026,Municipal Bodies||Kesinga NAC,True,"{'Flood': 0, 'Embankment': 0, 'embkt': 0, 'Relief': 0, 'Erosion': 0, 'SDRF': 0, 'Inundation': 0, 'Hydrology': 0, 'Silt': 0, 'Siltation': 0, 'Bund': 0, 'Trench': 0, 'Breach': 0, 'Culvert': 2, 'Sluice': 0, 'Dyke': 0, 'Storm water drain': 0, 'Emergency': 0, 'Immediate': 0, 'IM': 0, 'AE': 0, 'A E': 0, 'AAPDA MITRA': 0, 'flood': 0, 'Bridge': 0, 'River': 0, 'Drain': 0, 'Restoration': 0, 'Protection': 0, 'irr': 0, 'irrigation': 0, 'dam': 0, 'Nallah': 0, 'Retrofitting': 0, 'Pond': 0, 'Pokhari': 0, 'D/C': 0, 'Recharge shaft': 0, 'LFB': 0, 'RFB': 0}","{'Floodlight': 0, 'Flood Light': 0, 'GAS': 0, 'FIFA': 0, 'pipe': 0, 'pipes': 0, 'covid': 0, 'supply': 0, 'Beautification': 0, 'Installation': 0}",Pre-Monsoon,,False,True,Repair and Restoration,{'Construction': 2}
2026_CERWI_128726_1,Tender Online RCK-06 of 2026,Construction of bridge over Safei Nallah at 1.440Km on Tikanpur to Dalanta Road in the District of Kendrapara for the year 2025-2026 under Setu Bandha Yojana,Construction of bridge over Safei Nallah at 1.440Km on Tikanpur to Dalanta Road in the District of Kendrapara for the year 2025-2026 under Setu Bandha Yojana,Works,National Competitive Bid,Percentage,Civil Works - Bridges,No,No,NA ,02-May-2026 05:30 PM,NA ,90.0,No ,No,Online,12-May-2026 11:00 AM,CE RW I||RWCIRCLE-KENDRAPARA,Kendrapara,754211.0,2.0,"4,17,07,816",AMIT KUMAR BISWAL,"39,622,424",Rejected-Finance,11-Aug-2026,CE RW I||RWCIRCLE-KENDRAPARA,True,"{'Flood': 0, 'Embankment': 0, 'embkt': 0, 'Relief': 0, 'Erosion': 0, 'SDRF': 0, 'Inundation': 0, 'Hydrology': 0, 'Silt': 0, 'Siltation': 0, 'Bund': 0, 'Trench': 0, 'Breach': 0, 'Culvert': 0, 'Sluice': 0, 'Dyke': 0, 'Storm water drain': 0, 'Emergency': 0, 'Immediate': 0, 'IM': 0, 'AE': 0, 'A E': 0, 'AAPDA MITRA': 0, 'flood': 0, 'Bridge': 2, 'River': 0, 'Drain': 0, 'Restoration': 0, 'Protection': 0, 'irr': 0, 'irrigation': 0, 'dam': 0, 'Nallah': 2, 'Retrofitting': 0, 'Pond': 0, 'Pokhari': 0, 'D/C': 0, 'Recharge shaft': 0, 'LFB': 0, 'RFB': 0}","{'Floodlight': 0, 'Flood Light': 0, 'GAS': 0, 'FIFA': 0, 'pipe': 0, 'pipes': 0, 'covid': 0, 'supply': 0, 'Beautification': 0, 'Installation': 0}",Pre-Monsoon,,False,True,Repair and Restoration,"{'Construction': 2, 'Bridge': 2}"
2026_ORULB_125887_33,SOROM_07_2025-26,Construction of Protection Wall Near Club House to Balichatri Pola in Ward No.-11,Construction Work,Works,Open Tender,Percentage,Civil Works - Others,No,No,NA ,18-Feb-2026 10:00 AM,NA ,120.0,No ,No,Online,26-Feb-2026 10:00 AM,Municipal Bodies||Soro Municipality,"Soro Municipality, Soro",756045.0,1.0,"4,23,729",ANANTA BEHERA,"423,728.6",Accepted-AOC,04-Aug-2026,Municipal Bodies||Soro Municipality,True,"{'Flood': 0, 'Embankment': 0, 'embkt': 0, 'Relief': 0, 'Erosion': 0, 'SDRF': 0, 'Inundation': 0, 'Hydrology': 0, 'Silt': 0, 'Siltation': 0, 'Bund': 0, 'Trench': 0, 'Breach': 0, 'Culvert': 0, 'Sluice': 0, 'Dyke': 0, 'Storm water drain': 0, 'Emergency': 0, 'Immediate': 0, 'IM': 0, 'AE': 0, 'A E': 0, 'AAPDA MITRA': 0, 'flood': 0, 'Bridge': 0, 'River': 0, 'Drain': 0, 'Restoration': 0, 'Protection': 1, 'irr': 0, 'irrigation': 0, 'dam': 0, 'Nallah': 0, 'Retrofitting': 0, 'Pond': 0, 'Pokhari': 0, 'D/C': 0, 'Recharge shaft': 0, 'LFB': 0, 'RFB': 0}","{'Floodlight': 0, 'Flood Light': 0, 'GAS': 0, 'FIFA': 0, 'pipe': 0, 'pipes': 0, 'covid': 0, 'supply': 0, 'Beautification': 0, 'Installation': 0}",Post-Monsoon,,False,False,Repair and Restoration,{'Construction': 2}
2025_CELBB_119432_8,MND-09 OF 2025-26,Costruction of Spur at RD 8.450 Km on Nuna Karandia right embankment near village Koilirangi for the year 2025-26,Costruction of Spur at RD 8.450 Km on Nuna Karandia right embankment near village Koilirangi for the year 2025-26,Works,National Competitive Bid,Percentage,Civil Works - Others,No,No,NA ,14-Oct-2025 10:00 AM,NA ,90.0,No ,No,Online,29-Oct-2025 11:30 AM,"CE-BM,LMB Basin,BBSR||SE, Eastern Circle,Cuttack||EE, Mahanadi North Division,Jagatpur",PUNDALO,754102.0,2.0,"82,82,149",ADITYA DAS,"7,040,655",Rejected-Finance,06-Aug-2026,"CE-BM,LMB Basin,BBSR||SE, Eastern Circle,Cuttack||EE, Mahanadi North Division,Jagatpur",True,"{'Flood': 0, 'Embankment': 2, 'embkt': 0, 'Relief': 0, 'Erosion': 0, 'SDRF': 0, 'Inundation': 0, 'Hydrology': 0, 'Silt': 0, 'Siltation': 0, 'Bund': 0, 'Trench': 0, 'Breach': 0, 'Culvert': 0, 'Sluice': 0, 'Dyke': 0, 'Storm water drain': 0, 'Emergency': 0, 'Immediate': 0, 'IM': 0, 'AE': 0, 'A E': 0, 'AAPDA MITRA': 0, 'flood': 0, 'Bridge': 0, 'River': 0, 'Drain': 0, 'Restoration': 0, 'Protection': 0, 'irr': 0, 'irrigation': 0, 'dam': 0, 'Nallah': 0, 'Retrofitting': 0, 'Pond': 0, 'Pokhari': 0, 'D/C': 0, 'Recharge shaft': 0, 'LFB': 0, 'RFB': 0}","{'Floodlight': 0, 'Flood Light': 0, 'GAS': 0, 'FIFA': 0, 'pipe': 0, 'pipes': 0, 'covid': 0, 'supply': 0, 'Beautification': 0, 'Installation': 0}",Post-Monsoon,,False,True,Others,
2026_ORULB_124639_12,06/2025-26,Construction drain slabs from Rabi Banka house to Pawan Banka house and fixing new cut piece slabs. in ward No -6 of Attabira NAC under UWE,Construction drain slabs from Rabi Banka house to Pawan Banka house and fixing new cut piece slabs. in ward No -6 of Attabira NAC under UWE,Works,Open Tender,Percentage,Civil Works - Roads,No,No,NA ,17-Jan-2026 10:00 AM,NA ,45.0,No ,No,Online,31-Jan-2026 11:00 AM,Municipal Bodies||Attabira NAC,ATTABIRA NAC,768027.0,1.0,"3,38,958",Kshiresh Chandra Urma,"338,242.327",Accepted-AOC,13-Aug-2026,Municipal Bodies||Attabira NAC,True,"{'Flood': 0, 'Embankment': 0, 'embkt': 0, 'Relief': 0, 'Erosion': 0, 'SDRF': 0, 'Inundation': 0, 'Hydrology': 0, 'Silt': 0, 'Siltation': 0, 'Bund': 0, 'Trench': 0, 'Breach': 0, 'Culvert': 0, 'Sluice': 0, 'Dyke': 0, 'Storm water drain': 0, 'Emergency': 0, 'Immediate': 0, 'IM': 0, 'AE': 0, 'A E': 0, 'AAPDA MITRA': 0, 'flood': 0, 'Bridge': 0, 'River': 0, 'Drain': 2, 'Restoration': 0, 'Protection': 0, 'irr': 0, 'irrigation': 0, 'dam': 0, 'Nallah': 0, 'Retrofitting': 0, 'Pond': 0, 'Pokhari': 0, 'D/C': 0, 'Recharge shaft': 0, 'LFB': 0, 'RFB': 0}","{'Floodlight': 0, 'Flood Light': 0, 'GAS': 0, 'FIFA': 0, 'pipe': 0, 'pipes': 0, 'covid': 0, 'supply': 0, 'Beautification': 0, 'Installation': 0}",Post-Monsoon,,False,True,Repair and Restoration,"{'Construction': 2, 'Drain': 2}"
2026_ORULB_127071_13,KSNG-NAC-06/2025-26,"CONSTRUCTION OF CULVERT AND REPAIR OF ROAD,DRAIN AND PROVIDING COVER SLAB FROM CHINU JAIN HOUSE TOWARDS INDIAN BANK IN WARD NO 04","CONSTRUCTION OF CULVERT AND REPAIR OF ROAD,DRAIN AND PROVIDING COVER SLAB FROM CHINU JAIN HOUSE TOWARDS INDIAN BANK IN WARD NO 04",Works,Open Tender,Percentage,Civil Works - Roads,No,No,NA ,10-Mar-2026 10:00 AM,NA ,90.0,No ,No,Online,23-Mar-2026 11:00 AM,Municipal Bodies||Kesinga NAC,KESINGA NAC,766012.0,1.0,"2,12,185",CHITRU SUNA,"202,636.68",Rejected-Technical,05-Aug-2026,Municipal Bodies||Kesinga NAC,True,"{'Flood': 0, 'Embankment': 0, 'embkt': 0, 'Relief': 0, 'Erosion': 0, 'SDRF': 0, 'Inundation': 0, 'Hydrology': 0, 'Silt': 0, 'Siltation': 0, 'Bund': 0, 'Trench': 0, 'Breach': 0, 'Culvert': 2, 'Sluice': 0, 'Dyke': 0, 'Storm water drain': 0, 'Emergency': 0, 'Immediate': 0, 'IM': 0, 'AE': 0, 'A E': 0, 'AAPDA MITRA': 0, 'flood': 0, 'Bridge': 0, 'River': 0, 'Drain': 2, 'Restoration': 0, 'Protection': 0, 'irr': 0, 'irrigation': 0, 'dam': 0, 'Nallah': 0, 'Retrofitting': 0, 'Pond': 0, 'Pokhari': 0, 'D/C': 0, 'Recharge shaft': 0, 'LFB': 0, 'RFB': 0}","{'Floodlight': 0, 'Flood Light': 0, 'GAS': 0, 'FIFA': 0, 'pipe': 0, 'pipes': 0, 'covid': 0, 'supply': 0, 'Beautification': 0, 'Installation': 0}",Pre-Monsoon,,False,True,Repair and Restoration,"{'repair': 2, 'Construction': 2, 'Drain': 2}"
2025_ORULB_119908_20,GUN-MUN-77/2025-26,Repair and restoration of pothole and laying of cover slab in ward no-19 phase-1,Repair and restoration of pothole and laying of cover slab in ward no-19 phase-1,Works,Open Tender,Percentage,Civil Works - Others,No,No,NA ,23-Oct-2025 11:00 AM,NA ,90.0,No ,No,Online,07-Nov-2025 11:00 AM,Municipal Bodies||Gunupur Municipal Council,Gunupur Municipality,765022.0,1.0,"16,94,625",Abani Ranjan Panigrahi,"1,699,904",Rejected-Finance,24-Aug-2026,Municipal Bodies||Gunupur Municipal Council,True,"{'Flood': 0, 'Embankment': 0, 'embkt': 0, 'Relief': 0, 'Erosion': 0, 'SDRF': 0, 'Inundation': 0, 'Hydrology': 0, 'Silt': 0, 'Siltation': 0, 'Bund': 0, 'Trench': 0, 'Breach': 0, 'Culvert': 0, 'Sluice': 0, 'Dyke': 0, 'Storm water drain': 0, 'Emergency': 0, 'Immediate': 0, 'IM': 0, 'AE': 0, 'A E': 0, 'AAPDA MITRA': 0, 'flood': 0, 'Bridge': 0, 'River': 0, 'Drain': 0, 'Restoration': 2, 'Protection': 0, 'irr': 0, 'irrigation': 0, 'dam': 0, 'Nallah': 0, 'Retrofitting': 0, 'Pond': 0, 'Pokhari': 0, 'D/C': 0, 'Recharge shaft': 0, 'LFB': 0, 'RFB': 0}","{'Floodlight': 0, 'Flood Light': 0, 'GAS': 0, 'FIFA': 0, 'pipe': 0, 'pipes': 0, 'covid': 0, 'supply': 0, 'Beautification': 0, 'Installation': 0}",Post-Monsoon,,False,False,Repair and Restoration,"{'repair': 2, 'restoration': 2}"
2026_CERWI_132911_1,OnlineEERKL 10/2026-27,"Repair to Bridge over local nallah on RD road to Babatungri_Road_Wearing Coat-Mastic Asphalt-,Retaining wallAt 0.800Km","Repair to Bridge over local nallah on RD road to Babatungri_Road_Wearing Coat-Mastic Asphalt-,Retaining wallAt 0.800Km",Works,Open Tender,Percentage,Civil Works - Roads,No,No,NA ,24-Jun-2026 01:00 PM,NA ,120.0,No ,No,Online,06-Jul-2026 11:00 AM,CE RW I||RW-CIRCLE-SUNDARGARH||RW-Division-Sundargarh II,ROURKELA,769004.0,1.0,"12,19,997",ABDUL QAIYUM ANSARI,"1,219,997",Rejected-AOC,21-Aug-2026,CE RW I||RW-CIRCLE-SUNDARGARH||RW-Division-Sundargarh II,True,"{'Flood': 0, 'Embankment': 0, 'embkt': 0, 'Relief': 0, 'Erosion': 0, 'SDRF': 0, 'Inundation': 0, 'Hydrology': 0, 'Silt': 0, 'Siltation': 0, 'Bund': 0, 'Trench': 0, 'Breach': 0, 'Culvert': 0, 'Sluice': 0, 'Dyke': 0, 'Storm water drain': 0, 'Emergency': 0, 'Immediate': 0, 'IM': 0, 'AE': 0, 'A E': 0, 'AAPDA MITRA': 0, 'flood': 0, 'Bridge': 2, 'River': 0, 'Drain': 0, 'Restoration': 0, 'Protection': 0, 'irr': 0, 'irrigation': 0, 'dam': 0, 'Nallah': 2, 'Retrofitting': 0, 'Pond': 0, 'Pokhari': 0, 'D/C': 0, 'Recharge shaft': 0, 'LFB': 0, 'RFB': 0}","{'Floodlight': 0, 'Flood Light': 0, 'GAS': 0, 'FIFA': 0, 'pipe': 0, 'pipes': 0, 'covid': 0, 'supply': 0, 'Beautification': 0, 'Installation': 0}",Monsoon,,False,True,Repair and Restoration,"{'repair': 2, 'Bridge': 2}"
2025_CELBB_119432_16,MND-09 OF 2025-26,Protection to scoured Bank on Chitrotpala right embankment from RD 14.200 Km to RD 14.400 Km near village Jaladia for the year 2025-26,Protection to scoured Bank on Chitrotpala right embankment from RD 14.200 Km to RD 14.400 Km near village Jaladia for the year 2025-26,Works,National Competitive Bid,Percentage,Civil Works - Others,No,No,NA ,14-Oct-2025 10:00 AM,NA ,90.0,No ,No,Online,29-Oct-2025 11:30 AM,"CE-BM,LMB Basin,BBSR||SE, Eastern Circle,Cuttack||EE, Mahanadi North Division,Jagatpur",PUNDALO,754102.0,2.0,"66,96,066",ABHILASH MOHANTY,"5,692,326",Rejected-Finance,06-Aug-2026,"CE-BM,LMB Basin,BBSR||SE, Eastern Circle,Cuttack||EE, Mahanadi North Division,Jagatpur",True,"{'Flood': 0, 'Embankment': 2, 'embkt': 0, 'Relief': 0, 'Erosion': 0, 'SDRF': 0, 'Inundation': 0, 'Hydrology': 0, 'Silt': 0, 'Siltation': 0, 'Bund': 0, 'Trench': 0, 'Breach': 0, 'Culvert': 0, 'Sluice': 0, 'Dyke': 0, 'Storm water drain': 0, 'Emergency': 0, 'Immediate': 0, 'IM': 0, 'AE': 0, 'A E': 0, 'AAPDA MITRA': 0, 'flood': 0, 'Bridge': 0, 'River': 0, 'Drain': 0, 'Restoration': 0, 'Protection': 2, 'irr': 0, 'irrigation': 0, 'dam': 0, 'Nallah': 0, 'Retrofitting': 0, 'Pond': 0, 'Pokhari': 0, 'D/C': 0, 'Recharge shaft': 0, 'LFB': 0, 'RFB': 0}","{'Floodlight': 0, 'Flood Light': 0, 'GAS': 0, 'FIFA': 0, 'pipe': 0, 'pipes': 0, 'covid': 0, 'supply': 0, 'Beautification': 0, 'Installation': 0}",Post-Monsoon,,False,True,Preparedness Measures,"{'Protection': 2, 'scoured': 2, 'Scoured bank': 2}"
2026_UPIDB_127464_1,SEUKID-05/2025-26 (SL01),"Extension of Office building of U.K. Irrigation Division, Borigumma","Extension of Office building of U.K. Irrigation Division, Borigumma",Works,Open Tender,Percentage,Civil Works - Buildings,No,No,NA ,20-Mar-2026 11:00 AM,NA ,90.0,No ,No,Online,31-Mar-2026 11:00 AM,CE AND BM IK BASIN BARINIPUT JEYPORE||Upper Kolab Project Bariniput||Upper Kolab Irrigation Division Borigumma,BORIGUMMA,764056.0,1.0,"10,33,148",ANAND KUMAR HOTA,"1,033,148",Rejected-AOC,20-May-2026,CE AND BM IK BASIN BARINIPUT JEYPORE||Upper Kolab Project Bariniput||Upper Kolab Irrigation Division Borigumma,True,"{'Flood': 0, 'Embankment': 0, 'embkt': 0, 'Relief': 0, 'Erosion': 0, 'SDRF': 0, 'Inundation': 0, 'Hydrology': 0, 'Silt': 0, 'Siltation': 0, 'Bund': 0, 'Trench': 0, 'Breach': 0, 'Culvert': 0, 'Sluice': 0, 'Dyke': 0, 'Storm water drain': 0, 'Emergency': 0, 'Immediate': 0, 'IM': 0, 'AE': 0, 'A E': 0, 'AAPDA MITRA': 0, 'flood': 0, 'Bridge': 0, 'River': 0, 'Drain': 0, 'Restoration': 0, 'Protection': 0, 'irr': 0, 'irrigation': 2, 'dam': 0, 'Nallah': 0, 'Retrofitting': 0, 'Pond': 0, 'Pokhari': 0, 'D/C': 0, 'Recharge shaft': 0, 'LFB': 0, 'RFB': 0}","{'Floodlight': 0, 'Flood Light': 0, 'GAS': 0, 'FIFA': 0, 'pipe': 0, 'pipes': 0, 'covid': 0, 'supply': 0, 'Beautification': 0, 'Installation': 0}",Pre-Monsoon,,False,False,Repair and Restoration,{'extension': 2}
2023_ORULB_89764_13,EO/JMC/067/2023-24,"Repair of Drain from Kailash Communication towards Bhuyani Temple, W.No.-13","Repair of Drain from Kailash Communication towards Bhuyani Temple, W.No.-13",Works,Open Tender,Percentage,Civil Works - Others,No,No,NA ,17-Jun-2023 05:00 PM,NA ,30.0,No ,No,Online,01-Jul-2023 11:00 AM,Municipal Bodies||Jatni Municipal Council,"EXECUTIVE OFFICER,JATNI MUNICIPALITY",752050.0,1.0,"8,00,000",PRAMOD KUMAR BALIARSINGH,"674,293",Accepted-AOC,11-Aug-2026,Municipal Bodies||Jatni Municipal Council,True,"{'Flood': 0, 'Embankment': 0, 'embkt': 0, 'Relief': 0, 'Erosion': 0, 'SDRF': 0, 'Inundation': 0, 'Hydrology': 0, 'Silt': 0, 'Siltation': 0, 'Bund': 0, 'Trench': 0, 'Breach': 0, 'Culvert': 0, 'Sluice': 0, 'Dyke': 0, 'Storm water drain': 0, 'Emergency': 0, 'Immediate': 0, 'IM': 0, 'AE': 0, 'A E': 0, 'AAPDA MITRA': 0, 'flood': 0, 'Bridge': 0, 'River': 0, 'Drain': 2, 'Restoration': 0, 'Protection': 0, 'irr': 0, 'irrigation': 0, 'dam': 0, 'Nallah': 0, 'Retrofitting': 0, 'Pond': 0, 'Pokhari': 0, 'D/C': 0, 'Recharge shaft': 0, 'LFB': 0, 'RFB': 0}","{'Floodlight': 0, 'Flood Light': 0, 'GAS': 0, 'FIFA': 0, 'pipe': 0, 'pipes': 0, 'covid': 0, 'supply': 0, 'Beautification': 0, 'Installation': 0}",Monsoon,,False,True,Repair and Restoration,"{'repair': 2, 'Drain': 2}"
2026_EICCL_127581_3,SE (R and B) Angul-77/ 2025-26,Construction of RCC drain on Angul Town road (Kamala farm to Lingrajodi chowk) from 0.0km to 0.791km on both LHS and RHS for the year 2025-26,Construction of RCC drain on Angul Town road (Kamala farm to Lingrajodi chowk) from 0.0km to 0.791km on both LHS and RHS for the year 2025-26,Works,Open Tender,Percentage,Civil Works - Roads,No,No,NA ,25-Mar-2026 10:00 AM,NA ,90.0,No ,No,Online,09-Apr-2026 11:00 AM,EIC-CIVIL||SERNB-CIRCLE-DHENKANAL||EERNB Angul Division,ANGUL,759122.0,2.0,"83,93,967",ANSHUMAN DASH,"8,393,967",Rejected-AOC,14-Aug-2026,EIC-CIVIL||SERNB-CIRCLE-DHENKANAL||EERNB Angul Division,True,"{'Flood': 0, 'Embankment': 0, 'embkt': 0, 'Relief': 0, 'Erosion': 0, 'SDRF': 0, 'Inundation': 0, 'Hydrology': 0, 'Silt': 0, 'Siltation': 0, 'Bund': 0, 'Trench': 0, 'Breach': 0, 'Culvert': 0, 'Sluice': 0, 'Dyke': 0, 'Storm water drain': 0, 'Emergency': 0, 'Immediate': 0, 'IM': 0, 'AE': 0, 'A E': 0, 'AAPDA MITRA': 0, 'flood': 0, 'Bridge': 0, 'River': 0, 'Drain': 2, 'Restoration': 0, 'Protection': 0, 'irr': 0, 'irrigation': 0, 'dam': 0, 'Nallah': 0, 'Retrofitting': 0, 'Pond': 0, 'Pokhari': 0, 'D/C': 0, 'Recharge shaft': 0, 'LFB': 0, 'RFB': 0}","{'Floodlight': 0, 'Flood Light': 0, 'GAS': 0, 'FIFA': 0, 'pipe': 0, 'pipes': 0, 'covid': 0, 'supply': 0, 'Beautification': 0, 'Installation': 0}",Pre-Monsoon,,False,True,Repair and Restoration,"{'Construction': 2, 'Drain': 2}"
2026_ORULB_128029_5,SNGM-01/2026-27,Construction of Mother Drain from Pandey house to Rajesh Toppo house at Sriram Nagar in ward No-18,Construction of Mother Drain from Pandey house to Rajesh Toppo house at Sriram Nagar in ward No-18,Works,Open Tender,Percentage,Civil Works - Others,No,No,NA ,13-Apr-2026 11:00 AM,NA ,120.0,No ,No,Online,28-Apr-2026 11:00 AM,Municipal Bodies||Sundargarh Municipality,Sundargarh Municipality,770001.0,1.0,"16,95,572",BHAGABATI SOHELA,"1,693,876.43",Rejected-Finance,19-Aug-2026,Municipal Bodies||Sundargarh Municipality,True,"{'Flood': 0, 'Embankment': 0, 'embkt': 0, 'Relief': 0, 'Erosion': 0, 'SDRF': 0, 'Inundation': 0, 'Hydrology': 0, 'Silt': 0, 'Siltation': 0, 'Bund': 0, 'Trench': 0, 'Breach': 0, 'Culvert': 0, 'Sluice': 0, 'Dyke': 0, 'Storm water drain': 0, 'Emergency': 0, 'Immediate': 0, 'IM': 0, 'AE': 0, 'A E': 0, 'AAPDA MITRA': 0, 'flood': 0, 'Bridge': 0, 'River': 0, 'Drain': 2, 'Restoration': 0, 'Protection': 0, 'irr': 0, 'irrigation': 0, 'dam': 0, 'Nallah': 0, 'Retrofitting': 0, 'Pond': 0, 'Pokhari': 0, 'D/C': 0, 'Recharge shaft': 0, 'LFB': 0, 'RFB': 0}","{'Floodlight': 0, 'Flood Light': 0, 'GAS': 0, 'FIFA': 0, 'pipe': 0, 'pipes': 0, 'covid': 0, 'supply': 0, 'Beautification': 0, 'Installation': 0}",Pre-Monsoon,,False,True,Repair and Restoration,"{'Construction': 2, 'Drain': 2}"
2026_ORULB_128333_18,MC(CMC)CTC_Div-I_No.1/2026-27,Construction of road and drain at Janaki Maharaja Gali in Ward No. 21.,Construction of road and drain at Janaki Maharaja Gali in Ward No. 21.,Works,Open Tender,Percentage,Civil Works - Others,No,No,NA ,23-Apr-2026 01:00 PM,NA ,90.0,No ,No,Online,07-May-2026 11:00 AM,Municipal Bodies||Cuttack Municipal Corporation,CMC,753012.0,1.0,"5,28,000",TAPAN KUMAR BEHERA,"528,021",Rejected-AOC,04-Aug-2026,Municipal Bodies||Cuttack Municipal Corporation,True,"{'Flood': 0, 'Embankment': 0, 'embkt': 0, 'Relief': 0, 'Erosion': 0, 'SDRF': 0, 'Inundation': 0, 'Hydrology': 0, 'Silt': 0, 'Siltation': 0, 'Bund': 0, 'Trench': 0, 'Breach': 0, 'Culvert': 0, 'Sluice': 0, 'Dyke': 0, 'Storm water drain': 0, 'Emergency': 0, 'Immediate': 0, 'IM': 0, 'AE': 0, 'A E': 0, 'AAPDA MITRA': 0, 'flood': 0, 'Bridge': 0, 'River': 0, 'Drain': 2, 'Restoration': 0, 'Protection': 0, 'irr': 0, 'irrigation': 0, 'dam': 0, 'Nallah': 0, 'Retrofitting': 0, 'Pond': 0, 'Pokhari': 0, 'D/C': 0, 'Recharge shaft': 0, 'LFB': 0, 'RFB': 0}","{'Floodlight': 0, 'Flood Light': 0, 'GAS': 0, 'FIFA': 0, 'pipe': 0, 'pipes': 0, 'covid': 0, 'supply': 0, 'Beautification': 0, 'Installation': 0}",Pre-Monsoon,,False,True,Repair and Restoration,"{'Construction': 2, 'Drain': 2}"
2023_ORULB_89764_12,EO/JMC/067/2023-24,"Casting of slab over Drain from Mahul Gudia Junction to Kusum Chhotray house, W.No.-12","Casting of slab over Drain from Mahul Gudia Junction to Kusum Chhotray house, W.No.-12",Works,Open Tender,Percentage,Civil Works - Others,No,No,NA ,17-Jun-2023 05:00 PM,NA ,30.0,No ,No,Online,01-Jul-2023 11:00 AM,Municipal Bodies||Jatni Municipal Council,"EXECUTIVE OFFICER,JATNI MUNICIPALITY",752050.0,1.0,"5,00,000",BIJAY KUMAR SETHI,"359,652",Rejected-Finance,13-Aug-2026,Municipal Bodies||Jatni Municipal Council,True,"{'Flood': 0, 'Embankment': 0, 'embkt': 0, 'Relief': 0, 'Erosion': 0, 'SDRF': 0, 'Inundation': 0, 'Hydrology': 0, 'Silt': 0, 'Siltation': 0, 'Bund': 0, 'Trench': 0, 'Breach': 0, 'Culvert': 0, 'Sluice': 0, 'Dyke': 0, 'Storm water drain': 0, 'Emergency': 0, 'Immediate': 0, 'IM': 0, 'AE': 0, 'A E': 0, 'AAPDA MITRA': 0, 'flood': 0, 'Bridge': 0, 'River': 0, 'Drain': 2, 'Restoration': 0, 'Protection': 0, 'irr': 0, 'irrigation': 0, 'dam': 0, 'Nallah': 0, 'Retrofitting': 0, 'Pond': 0, 'Pokhari': 0, 'D/C': 0, 'Recharge shaft': 0, 'LFB': 0, 'RFB': 0}","{'Floodlight': 0, 'Flood Light': 0, 'GAS': 0, 'FIFA': 0, 'pipe': 0, 'pipes': 0, 'covid': 0, 'supply': 0, 'Beautification': 0, 'Installation': 0}",Monsoon,,False,True,Repair and Restoration,{'Drain': 2}
2026_CEMIB_128117_4,SEMIDRGD-02/2026-27,Construction of Hetanalla Check Dam (RG100085) in Ramanaguda Block of Rayagada District under MATY 3.0 for the Year 2026-27,Construction of Hetanalla Check Dam (RG100085) in Ramanaguda Block of Rayagada District under MATY 3.0 for the Year 2026-27,Works,National Competitive Bid,Percentage,Civil Works - Others,No,No,NA ,15-Apr-2026 10:00 AM,NA ,90.0,No ,No,Online,30-Apr-2026 11:00 AM,"CE,Minor Irrigation,BBSR||SE,KBK Minor Irr.CircleII,Jeypore||EE M.I. Division Rayagada",Rayagada,765001.0,2.0,"67,96,832",ABHISHEK SAHU,"6,796,831.97",Rejected-AOC,11-Aug-2026,"CE,Minor Irrigation,BBSR||SE,KBK Minor Irr.CircleII,Jeypore||EE M.I. Division Rayagada",True,"{'Flood': 0, 'Embankment': 0, 'embkt': 0, 'Relief': 0, 'Erosion': 0, 'SDRF': 0, 'Inundation': 0, 'Hydrology': 0, 'Silt': 0, 'Siltation': 0, 'Bund': 0, 'Trench': 0, 'Breach': 0, 'Culvert': 0, 'Sluice': 0, 'Dyke': 0, 'Storm water drain': 0, 'Emergency': 0, 'Immediate': 0, 'IM': 0, 'AE': 0, 'A E': 0, 'AAPDA MITRA': 0, 'flood': 0, 'Bridge': 0, 'River': 0, 'Drain': 0, 'Restoration': 0, 'Protection': 0, 'irr': 0, 'irrigation': 0, 'dam': 2, 'Nallah': 0, 'Retrofitting': 0, 'Pond': 0, 'Pokhari': 0, 'D/C': 0, 'Recharge shaft': 0, 'LFB': 0, 'RFB': 0}","{'Floodlight': 0, 'Flood Light': 0, 'GAS': 0, 'FIFA': 0, 'pipe': 0, 'pipes': 0, 'covid': 0, 'supply': 0, 'Beautification': 0, 'Installation': 0}",Pre-Monsoon,,False,False,Repair and Restoration,"{'Check Dam': 2, 'Construction': 2}"
2026_JIRR_124173_19,JKID-04 OF 2025-26,18-Construction of RCC Protection wall at Upstream of flood control sluice at village Panturi on Kuanria Nallah,Construction of RCC Protection wall at Upstream of flood control sluice at village Panturi on Kuanria Nallah,Works,National Competitive Bid,Percentage,Civil Works - Others,No,No,NA ,05-Jan-2026 11:00 AM,NA ,90.0,No ,No,Online,16-Jan-2026 11:00 AM,CE AND BM MBBS CHANDIKOLE||EASTERN CIRCLE II CHANDIKOLE||Jaraka Irr Div Jaraka,Jaraka,755050.0,1.0,"26,48,419",ANUJA JENA,"2,589,624",Rejected-Technical,16-Jun-2026,CE AND BM MBBS CHANDIKOLE||EASTERN CIRCLE II CHANDIKOLE||Jaraka Irr Div Jaraka,True,"{'Flood': 2, 'Embankment': 0, 'embkt': 0, 'Relief': 0, 'Erosion': 0, 'SDRF': 0, 'Inundation': 0, 'Hydrology': 0, 'Silt': 0, 'Siltation': 0, 'Bund': 0, 'Trench': 0, 'Breach': 0, 'Culvert': 0, 'Sluice': 2, 'Dyke': 0, 'Storm water drain': 0, 'Emergency': 0, 'Immediate': 0, 'IM': 0, 'AE': 0, 'A E': 0, 'AAPDA MITRA': 0, 'flood': 2, 'Bridge': 0, 'River': 0, 'Drain': 0, 'Restoration': 0, 'Protection': 2, 'irr': 0, 'irrigation': 0, 'dam': 0, 'Nallah': 2, 'Retrofitting': 0, 'Pond': 0, 'Pokhari': 0, 'D/C': 0, 'Recharge shaft': 0, 'LFB': 0, 'RFB': 0}","{'Floodlight': 0, 'Flood Light': 0, 'GAS': 0, 'FIFA': 0, 'pipe': 0, 'pipes': 0, 'covid': 0, 'supply': 0, 'Beautification': 0, 'Installation': 0}",Post-Monsoon,,False,True,Repair and Restoration,{'Construction': 2}
2026_ORULB_128734_33,SNP-MUN-37/2026-27,Restoration of road and drain from chamarpada chhak to weekly market mangalbar bazaar in w.no-15,Restoration of road and drain from chamarpada chhak to weekly market mangalbar bazaar in w.no-15,Works,Open Tender,Percentage,Civil Works - Others,No,No,NA ,05-May-2026 11:00 AM,NA ,60.0,No ,No,Online,16-May-2026 11:00 AM,Municipal Bodies||Sonepur Municipal Council,Sonepur Municipality,767017.0,1.0,"4,88,120",PRAMILA PUJAHARI,"488,120",Rejected-Technical,01-Aug-2026,Municipal Bodies||Sonepur Municipal Council,True,"{'Flood': 0, 'Embankment': 0, 'embkt': 0, 'Relief': 0, 'Erosion': 0, 'SDRF': 0, 'Inundation': 0, 'Hydrology': 0, 'Silt': 0, 'Siltation': 0, 'Bund': 0, 'Trench': 0, 'Breach': 0, 'Culvert': 0, 'Sluice': 0, 'Dyke': 0, 'Storm water drain': 0, 'Emergency': 0, 'Immediate': 0, 'IM': 0, 'AE': 0, 'A E': 0, 'AAPDA MITRA': 0, 'flood': 0, 'Bridge': 0, 'River': 0, 'Drain': 2, 'Restoration': 2, 'Protection': 0, 'irr': 0, 'irrigation': 0, 'dam': 0, 'Nallah': 0, 'Retrofitting': 0, 'Pond': 0, 'Pokhari': 0, 'D/C': 0, 'Recharge shaft': 0, 'LFB': 0, 'RFB': 0}","{'Floodlight': 0, 'Flood Light': 0, 'GAS': 0, 'FIFA': 0, 'pipe': 0, 'pipes': 0, 'covid': 0, 'supply': 0, 'Beautification': 0, 'Installation': 0}",Pre-Monsoon,,False,True,Repair and Restoration,"{'restoration': 2, 'Drain': 2}"
2026_CEMIB_124559_1,BID IDENTIFICATION NO_SEMIDN_15_OF2025_26,Construction of Baghamari Check Dam in Ranpur Block of Nayagarh district under MATY grant for the year 2025-26,Construction of Baghamari Check Dam in Ranpur Block of Nayagarh district under MATY grant for the year 2025-26,Works,National Competitive Bid,Percentage,Civil Works - Others,No,No,NA ,14-Jan-2026 10:00 AM,NA ,90.0,No ,No,Online,21-Jan-2026 11:00 AM,"CE,Minor Irrigation,BBSR||SECMIC-BHUBANESWAR||EE MI Divn. Nayagarh",SUPERINTENDING ENGINEER M I DIVISION NAYAGARH,752070.0,2.0,,AMIT KUMAR SAHOO,"6,137,381.72",Rejected-AOC,14-Aug-2026,"CE,Minor Irrigation,BBSR||SECMIC-BHUBANESWAR||EE MI Divn. Nayagarh",True,"{'Flood': 0, 'Embankment': 0, 'embkt': 0, 'Relief': 0, 'Erosion': 0, 'SDRF': 0, 'Inundation': 0, 'Hydrology': 0, 'Silt': 0, 'Siltation': 0, 'Bund': 0, 'Trench': 0, 'Breach': 0, 'Culvert': 0, 'Sluice': 0, 'Dyke': 0, 'Storm water drain': 0, 'Emergency': 0, 'Immediate': 0, 'IM': 0, 'AE': 0, 'A E': 0, 'AAPDA MITRA': 0, 'flood': 0, 'Bridge': 0, 'River': 0, 'Drain': 0, 'Restoration': 0, 'Protection': 0, 'irr': 0, 'irrigation': 0, 'dam': 2, 'Nallah': 0, 'Retrofitting': 0, 'Pond': 0, 'Pokhari': 0, 'D/C': 0, 'Recharge shaft': 0, 'LFB': 0, 'RFB': 0}","{'Floodlight': 0, 'Flood Light': 0, 'GAS': 0, 'FIFA': 0, 'pipe': 0, 'pipes': 0, 'covid': 0, 'supply': 0, 'Beautification': 0, 'Installation': 0}",Post-Monsoon,,False,False,Repair and Restoration,"{'Check Dam': 2, 'Construction': 2}"
2026_ORULB_127071_12,KSNG-NAC-06/2025-26,REPAIR OF ROAD AND DRAIN NEAR SANKAR JAIN HOUSE IN WARD NO 03,REPAIR OF ROAD AND DRAIN NEAR SANKAR JAIN HOUSE IN WARD NO 03,Works,Open Tender,Percentage,Civil Works - Roads,No,No,NA ,10-Mar-2026 10:00 AM,NA ,90.0,No ,No,Online,23-Mar-2026 11:00 AM,Municipal Bodies||Kesinga NAC,KESINGA NAC,766012.0,1.0,"2,12,185",DEBARAJ MAJHI,"209,002.23",Rejected-Technical,05-Aug-2026,Municipal Bodies||Kesinga NAC,True,"{'Flood': 0, 'Embankment': 0, 'embkt': 0, 'Relief': 0, 'Erosion': 0, 'SDRF': 0, 'Inundation': 0, 'Hydrology': 0, 'Silt': 0, 'Siltation': 0, 'Bund': 0, 'Trench': 0, 'Breach': 0, 'Culvert': 0, 'Sluice': 0, 'Dyke': 0, 'Storm water drain': 0, 'Emergency': 0, 'Immediate': 0, 'IM': 0, 'AE': 0, 'A E': 0, 'AAPDA MITRA': 0, 'flood': 0, 'Bridge': 0, 'River': 0, 'Drain': 2, 'Restoration': 0, 'Protection': 0, 'irr': 0, 'irrigation': 0, 'dam': 0, 'Nallah': 0, 'Retrofitting': 0, 'Pond': 0, 'Pokhari': 0, 'D/C': 0, 'Recharge shaft': 0, 'LFB': 0, 'RFB': 0}","{'Floodlight': 0, 'Flood Light': 0, 'GAS': 0, 'FIFA': 0, 'pipe': 0, 'pipes': 0, 'covid': 0, 'supply': 0, 'Beautification': 0, 'Installation': 0}",Pre-Monsoon,,False,True,Repair and Restoration,"{'repair': 2, 'Drain': 2}"
2025_CELBB_119432_9,MND-09 OF 2025-26,Construction of spur at RD 3.050 Km on Nuna Karandia right embankment near Baliapada High School for the year 2025-26,Construction of spur at RD 3.050 Km on Nuna Karandia right embankment near Baliapada High School for the year 2025-26,Works,National Competitive Bid,Percentage,Civil Works - Others,No,No,NA ,14-Oct-2025 10:00 AM,NA ,90.0,No ,No,Online,29-Oct-2025 11:30 AM,"CE-BM,LMB Basin,BBSR||SE, Eastern Circle,Cuttack||EE, Mahanadi North Division,Jagatpur",PUNDALO,754102.0,2.0,"81,29,173",ADITYA DAS,"6,910,610",Rejected-Finance,06-Aug-2026,"CE-BM,LMB Basin,BBSR||SE, Eastern Circle,Cuttack||EE, Mahanadi North Division,Jagatpur",True,"{'Flood': 0, 'Embankment': 2, 'embkt': 0, 'Relief': 0, 'Erosion': 0, 'SDRF': 0, 'Inundation': 0, 'Hydrology': 0, 'Silt': 0, 'Siltation': 0, 'Bund': 0, 'Trench': 0, 'Breach': 0, 'Culvert': 0, 'Sluice': 0, 'Dyke': 0, 'Storm water drain': 0, 'Emergency': 0, 'Immediate': 0, 'IM': 0, 'AE': 0, 'A E': 0, 'AAPDA MITRA': 0, 'flood': 0, 'Bridge': 0, 'River': 0, 'Drain': 0, 'Restoration': 0, 'Protection': 0, 'irr': 0, 'irrigation': 0, 'dam': 0, 'Nallah': 0, 'Retrofitting': 0, 'Pond': 0, 'Pokhari': 0, 'D/C': 0, 'Recharge shaft': 0, 'LFB': 0, 'RFB': 0}","{'Floodlight': 0, 'Flood Light': 0, 'GAS': 0, 'FIFA': 0, 'pipe': 0, 'pipes': 0, 'covid': 0, 'supply': 0, 'Beautification': 0, 'Installation': 0}",Post-Monsoon,,False,True,Repair and Restoration,{'Construction': 2}
2026_CEMIB_124558_12,BID IDENTIFICATION NO_SEMIDN_14_OF2025_26,Improvement to Kainfulia Check Dam in Bhapur Block of Nayagarh district under Improvement to Check Dam grant for the year 2025-26.,Improvement to Kainfulia Check Dam in Bhapur Block of Nayagarh district under Improvement to Check Dam grant for the year 2025-26.,Works,National Competitive Bid,Percentage,Civil Works - Others,No,No,NA ,14-Jan-2026 10:00 AM,NA ,90.0,No ,No,Online,21-Jan-2026 11:00 AM,"CE,Minor Irrigation,BBSR||SECMIC-BHUBANESWAR||EE MI Divn. Nayagarh",SUPERINTENDING ENGINEER M I DIVISION NAYAGARH,752070.0,1.0,,SAROJ KUMAR DALAI,"454,476.51",Rejected-AOC,14-Aug-2026,"CE,Minor Irrigation,BBSR||SECMIC-BHUBANESWAR||EE MI Divn. Nayagarh",True,"{'Flood': 0, 'Embankment': 0, 'embkt': 0, 'Relief': 0, 'Erosion': 0, 'SDRF': 0, 'Inundation': 0, 'Hydrology': 0, 'Silt': 0, 'Siltation': 0, 'Bund': 0, 'Trench': 0, 'Breach': 0, 'Culvert': 0, 'Sluice': 0, 'Dyke': 0, 'Storm water drain': 0, 'Emergency': 0, 'Immediate': 0, 'IM': 0, 'AE': 0, 'A E': 0, 'AAPDA MITRA': 0, 'flood': 0, 'Bridge': 0, 'River': 0, 'Drain': 0, 'Restoration': 0, 'Protection': 0, 'irr': 0, 'irrigation': 0, 'dam': 4, 'Nallah': 0, 'Retrofitting': 0, 'Pond': 0, 'Pokhari': 0, 'D/C': 0, 'Recharge shaft': 0, 'LFB': 0, 'RFB': 0}","{'Floodlight': 0, 'Flood Light': 0, 'GAS': 0, 'FIFA': 0, 'pipe': 0, 'pipes': 0, 'covid': 0, 'supply': 0, 'Beautification': 0, 'Installation': 0}",Post-Monsoon,,False,False,Repair and Restoration,"{'improvement': 4, 'Check Dam': 4}"
2025_CEBBS_121965_13,SERID-RKL-05-2025-26,"Repair of VRB at RD 1588m of Vedvyas Distributary and VRB at RD 820m, Fall at RD 645m of Brahmanitarang minor with bank raising and strengthening off-taking from Vedvyas Distributary of Pitamahal Irrigation Project","Repair of VRB at RD 1588m of Vedvyas Distributary and VRB at RD 820m, Fall at RD 645m of Brahmanitarang minor with bank raising and strengthening off-taking from Vedvyas Distributary of Pitamahal Irrigation Project",Works,Open Tender,Percentage,Civil Works - Canal,No,No,NA ,26-Nov-2025 10:00 AM,NA ,90.0,No ,No,Online,08-Dec-2025 11:00 AM,CE and BM Brahmani Basin Samal||APD cum CCE RIP Samal||Rourkela Irrigation Division Rourkela,Pitamahal,770031.0,1.0,"6,26,028",AJAY KUMAR SAMAL,"532,186",Accepted-AOC,11-Aug-2026,CE and BM Brahmani Basin Samal||APD cum CCE RIP Samal||Rourkela Irrigation Division Rourkela,True,"{'Flood': 0, 'Embankment': 0, 'embkt': 0, 'Relief': 0, 'Erosion': 0, 'SDRF': 0, 'Inundation': 0, 'Hydrology': 0, 'Silt': 0, 'Siltation': 0, 'Bund': 0, 'Trench': 0, 'Breach': 0, 'Culvert': 0, 'Sluice': 0, 'Dyke': 0, 'Storm water drain': 0, 'Emergency': 0, 'Immediate': 0, 'IM': 0, 'AE': 0, 'A E': 0, 'AAPDA MITRA': 0, 'flood': 0, 'Bridge': 0, 'River': 0, 'Drain': 0, 'Restoration': 0, 'Protection': 0, 'irr': 0, 'irrigation': 2, 'dam': 0, 'Nallah': 0, 'Retrofitting': 0, 'Pond': 0, 'Pokhari': 0, 'D/C': 0, 'Recharge shaft': 0, 'LFB': 0, 'RFB': 0}","{'Floodlight': 0, 'Flood Light': 0, 'GAS': 0, 'FIFA': 0, 'pipe': 0, 'pipes': 0, 'covid': 0, 'supply': 0, 'Beautification': 0, 'Installation': 0}",Post-Monsoon,,False,False,Repair and Restoration,"{'repair': 2, 'raising': 2, 'strengthening': 2}"
2026_RMC_131981_1,MC/RMC/43/2026,"Construction of road and drain from LCR 213 to LCR 63 near Adarsh Park at Chhend in Ward No. 15 under RMC, Rourkela",Works,Works,Open Tender,Percentage,Civil Works - Others,No,No,NA ,12-Jun-2026 06:00 PM,NA ,90.0,No ,No,Online,23-Jun-2026 11:00 AM,Rourkela Municipal Corporation,Rourkela,769012.0,1.0,"27,22,000",AMULYA KUMAR SETHI,"2,721,796.16",Rejected-Technical,14-Aug-2026,Rourkela Municipal Corporation,True,"{'Flood': 0, 'Embankment': 0, 'embkt': 0, 'Relief': 0, 'Erosion': 0, 'SDRF': 0, 'Inundation': 0, 'Hydrology': 0, 'Silt': 0, 'Siltation': 0, 'Bund': 0, 'Trench': 0, 'Breach': 0, 'Culvert': 0, 'Sluice': 0, 'Dyke': 0, 'Storm water drain': 0, 'Emergency': 0, 'Immediate': 0, 'IM': 0, 'AE': 0, 'A E': 0, 'AAPDA MITRA': 0, 'flood': 0, 'Bridge': 0, 'River': 0, 'Drain': 1, 'Restoration': 0, 'Protection': 0, 'irr': 0, 'irrigation': 0, 'dam': 0, 'Nallah': 0, 'Retrofitting': 0, 'Pond': 0, 'Pokhari': 0, 'D/C': 0, 'Recharge shaft': 0, 'LFB': 0, 'RFB': 0}","{'Floodlight': 0, 'Flood Light': 0, 'GAS': 0, 'FIFA': 0, 'pipe': 0, 'pipes': 0, 'covid': 0, 'supply': 0, 'Beautification': 0, 'Installation': 0}",Monsoon,,False,True,Repair and Restoration,"{'Construction': 1, 'Drain': 1}"
2026_ORULB_129955_3,TCRM-04/2026-27,Renovation of CC drain from Maharana Sahi towards Kumbhar Sahi in W.No.6,Renovation of CC drain from Maharana Sahi towards Kumbhar Sahi in W.No.6,Works,Open Tender,Percentage,Civil Works - Others,No,No,NA ,29-May-2026 04:00 PM,NA ,120.0,No ,No,Online,09-Jun-2026 11:00 AM,Municipal Bodies||Talcher Municipal Council,Talcher Municipality Office,759107.0,1.0,"19,06,000",ASWINI SINGH,"1,905,809",Accepted-AOC,07-Aug-2026,Municipal Bodies||Talcher Municipal Council,True,"{'Flood': 0, 'Embankment': 0, 'embkt': 0, 'Relief': 0, 'Erosion': 0, 'SDRF': 0, 'Inundation': 0, 'Hydrology': 0, 'Silt': 0, 'Siltation': 0, 'Bund': 0, 'Trench': 0, 'Breach': 0, 'Culvert': 0, 'Sluice': 0, 'Dyke': 0, 'Storm water drain': 0, 'Emergency': 0, 'Immediate': 0, 'IM': 0, 'AE': 0, 'A E': 0, 'AAPDA MITRA': 0, 'flood': 0, 'Bridge': 0, 'River': 0, 'Drain': 2, 'Restoration': 0, 'Protection': 0, 'irr': 0, 'irrigation': 0, 'dam': 0, 'Nallah': 0, 'Retrofitting': 0, 'Pond': 0, 'Pokhari': 0, 'D/C': 0, 'Recharge shaft': 0, 'LFB': 0, 'RFB': 0}","{'Floodlight': 0, 'Flood Light': 0, 'GAS': 0, 'FIFA': 0, 'pipe': 0, 'pipes': 0, 'covid': 0, 'supply': 0, 'Beautification': 0, 'Installation': 0}",Pre-Monsoon,,False,True,Repair and Restoration,"{'renovation': 2, 'Drain': 2}"
2026_RMC_131981_3,MC/RMC/43/2026,"Constructino of paver road and drain from OR RAU INN 03R 001 to OD RAU INN 02R 008 at Loer Indira Nagar, Gopabandhupalli, Ward No. 23 under RMC, Rourkela",Works,Works,Open Tender,Percentage,Civil Works - Others,No,No,NA ,12-Jun-2026 06:00 PM,NA ,90.0,No ,No,Online,23-Jun-2026 11:00 AM,Rourkela Municipal Corporation,Rourkela,769012.0,1.0,"22,52,000",ANITA SETHI,"2,252,475.92",Rejected-Technical,14-Aug-2026,Rourkela Municipal Corporation,True,"{'Flood': 0, 'Embankment': 0, 'embkt': 0, 'Relief': 0, 'Erosion': 0, 'SDRF': 0, 'Inundation': 0, 'Hydrology': 0, 'Silt': 0, 'Siltation': 0, 'Bund': 0, 'Trench': 0, 'Breach': 0, 'Culvert': 0, 'Sluice': 0, 'Dyke': 0, 'Storm water drain': 0, 'Emergency': 0, 'Immediate': 0, 'IM': 0, 'AE': 0, 'A E': 0, 'AAPDA MITRA': 0, 'flood': 0, 'Bridge': 0, 'River': 0, 'Drain': 1, 'Restoration': 0, 'Protection': 0, 'irr': 0, 'irrigation': 0, 'dam': 0, 'Nallah': 0, 'Retrofitting': 0, 'Pond': 0, 'Pokhari': 0, 'D/C': 0, 'Recharge shaft': 0, 'LFB': 0, 'RFB': 0}","{'Floodlight': 0, 'Flood Light': 0, 'GAS': 0, 'FIFA': 0, 'pipe': 0, 'pipes': 0, 'covid': 0, 'supply': 0, 'Beautification': 0, 'Installation': 0}",Monsoon,,False,True,Repair and Restoration,{'Drain': 1}
2026_CELBB_124907_10,e-Procurement Notice No.- 08 of 2025-26,NID-213- Construction of drainage sluice on Nagar Saline embankment Near village Balidiha.,Construction of drainage sluice on Nagar Saline embankment Near village Balidiha.,Works,Open Tender,Percentage,Civil Works - Others,No,No,NA ,22-Jan-2026 11:00 AM,NA ,90.0,No ,No,Online,06-Feb-2026 11:00 AM,"CE-BM,LMB Basin,BBSR||SE, Central Irr.Circle, BBSR||EE,Nimapada Irr Division, Nimapada",Nimapara,752106.0,1.0,"23,57,285",AJAY KUMAR BEHERA,"2,204,297",Rejected-Finance,20-Aug-2026,"CE-BM,LMB Basin,BBSR||SE, Central Irr.Circle, BBSR||EE,Nimapada Irr Division, Nimapada",True,"{'Flood': 0, 'Embankment': 2, 'embkt': 0, 'Relief': 0, 'Erosion': 0, 'SDRF': 0, 'Inundation': 0, 'Hydrology': 0, 'Silt': 0, 'Siltation': 0, 'Bund': 0, 'Trench': 0, 'Breach': 0, 'Culvert': 0, 'Sluice': 2, 'Dyke': 0, 'Storm water drain': 0, 'Emergency': 0, 'Immediate': 0, 'IM': 0, 'AE': 0, 'A E': 0, 'AAPDA MITRA': 0, 'flood': 0, 'Bridge': 0, 'River': 0, 'Drain': 0, 'Restoration': 0, 'Protection': 0, 'irr': 0, 'irrigation': 0, 'dam': 0, 'Nallah': 0, 'Retrofitting': 0, 'Pond': 0, 'Pokhari': 0, 'D/C': 0, 'Recharge shaft': 0, 'LFB': 0, 'RFB': 0}","{'Floodlight': 0, 'Flood Light': 0, 'GAS': 0, 'FIFA': 0, 'pipe': 0, 'pipes': 0, 'covid': 0, 'supply': 0, 'Beautification': 0, 'Installation': 0}",Post-Monsoon,,False,True,Repair and Restoration,{'Construction': 2}
2024_OCCL_103782_1,Bid identification No. OCCL-HQP/47/2024-25,E-procurement Notice No.08/OCCL/2024-25(on-line),Improvement to road on Bhargavi left embankment from RD 58.20 Km to 62.700 Km.,Works,Open Tender,Percentage,Civil Works - Others,No,No,NA ,20-Jul-2024 03:30 PM,NA ,90.0,No ,No,Online,05-Aug-2024 12:00 PM,ODISHA CONSTRUCTION CORPORATION LTD,PURI IRRIGATION DIVISION,752001.0,2.0,"2,24,85,785",AB INFRAPROJECTS PVT LTD,"19,115,166",Rejected-Finance,02-Dec-2024,ODISHA CONSTRUCTION CORPORATION LTD,True,"{'Flood': 0, 'Embankment': 1, 'embkt': 0, 'Relief': 0, 'Erosion': 0, 'SDRF': 0, 'Inundation': 0, 'Hydrology': 0, 'Silt': 0, 'Siltation': 0, 'Bund': 0, 'Trench': 0, 'Breach': 0, 'Culvert': 0, 'Sluice': 0, 'Dyke': 0, 'Storm water drain': 0, 'Emergency': 0, 'Immediate': 0, 'IM': 0, 'AE': 0, 'A E': 0, 'AAPDA MITRA': 0, 'flood': 0, 'Bridge': 0, 'River': 0, 'Drain': 0, 'Restoration': 0, 'Protection': 0, 'irr': 0, 'irrigation': 0, 'dam': 0, 'Nallah': 0, 'Retrofitting': 0, 'Pond': 0, 'Pokhari': 0, 'D/C': 0, 'Recharge shaft': 0, 'LFB': 0, 'RFB': 0}","{'Floodlight': 0, 'Flood Light': 0, 'GAS': 0, 'FIFA': 0, 'pipe': 0, 'pipes': 0, 'covid': 0, 'supply': 0, 'Beautification': 0, 'Installation': 0}",Monsoon,,False,True,Repair and Restoration,{'improvement': 1}
2026_CEMIB_124558_10,BID IDENTIFICATION NO_SEMIDN_14_OF2025_26,Improvement to Mugernalla Check Dam in Bhapur Block of Nayagarh district under Improvement to Check Dam grant for the year 2025-26.,Improvement to Mugernalla Check Dam in Bhapur Block of Nayagarh district under Improvement to Check Dam grant for the year 2025-26.,Works,National Competitive Bid,Percentage,Civil Works - Others,No,No,NA ,14-Jan-2026 10:00 AM,NA ,90.0,No ,No,Online,21-Jan-2026 11:00 AM,"CE,Minor Irrigation,BBSR||SECMIC-BHUBANESWAR||EE MI Divn. Nayagarh",SUPERINTENDING ENGINEER M I DIVISION NAYAGARH,752070.0,1.0,,JITENDRA BEHERA,"470,164.01",Rejected-AOC,14-Aug-2026,"CE,Minor Irrigation,BBSR||SECMIC-BHUBANESWAR||EE MI Divn. Nayagarh",True,"{'Flood': 0, 'Embankment': 0, 'embkt': 0, 'Relief': 0, 'Erosion': 0, 'SDRF': 0, 'Inundation': 0, 'Hydrology': 0, 'Silt': 0, 'Siltation': 0, 'Bund': 0, 'Trench': 0, 'Breach': 0, 'Culvert': 0, 'Sluice': 0, 'Dyke': 0, 'Storm water drain': 0, 'Emergency': 0, 'Immediate': 0, 'IM': 0, 'AE': 0, 'A E': 0, 'AAPDA MITRA': 0, 'flood': 0, 'Bridge': 0, 'River': 0, 'Drain': 0, 'Restoration': 0, 'Protection': 0, 'irr': 0, 'irrigation': 0, 'dam': 4, 'Nallah': 0, 'Retrofitting': 0, 'Pond': 0, 'Pokhari': 0, 'D/C': 0, 'Recharge shaft': 0, 'LFB': 0, 'RFB': 0}","{'Floodlight': 0, 'Flood Light': 0, 'GAS': 0, 'FIFA': 0, 'pipe': 0, 'pipes': 0, 'covid': 0, 'supply': 0, 'Beautification': 0, 'Installation': 0}",Post-Monsoon,,False,False,Repair and Restoration,"{'improvement': 4, 'Check Dam': 4}"
2026_ORULB_125792_18,EO/JMC/088/2025-26,Cover Slab Near Majena main Road Drain and Near RPF Barrack and Near Krishna Gali and Near Bandha Gadia Sahi in ward no-21,Cover Slab Near Majena main Road Drain and Near RPF Barrack and Near Krishna Gali and Near Bandha Gadia Sahi in ward no-21,Works,Open Tender,Percentage,Civil Works - Others,No,No,NA ,25-Feb-2026 05:00 PM,NA ,30.0,No ,No,Online,10-Mar-2026 11:00 AM,Municipal Bodies||Jatni Municipal Council,"EXECUTIVE OFFICER,JATNI MUNICIPALITY",752050.0,1.0,"3,80,768",NILAKANTHA BEHERA,"380,768",Accepted-AOC,03-Aug-2026,Municipal Bodies||Jatni Municipal Council,True,"{'Flood': 0, 'Embankment': 0, 'embkt': 0, 'Relief': 0, 'Erosion': 0, 'SDRF': 0, 'Inundation': 0, 'Hydrology': 0, 'Silt': 0, 'Siltation': 0, 'Bund': 0, 'Trench': 0, 'Breach': 0, 'Culvert': 0, 'Sluice': 0, 'Dyke': 0, 'Storm water drain': 0, 'Emergency': 0, 'Immediate': 0, 'IM': 0, 'AE': 0, 'A E': 0, 'AAPDA MITRA': 0, 'flood': 0, 'Bridge': 0, 'River': 0, 'Drain': 2, 'Restoration': 0, 'Protection': 0, 'irr': 0, 'irrigation': 0, 'dam': 0, 'Nallah': 0, 'Retrofitting': 0, 'Pond': 0, 'Pokhari': 0, 'D/C': 0, 'Recharge shaft': 0, 'LFB': 0, 'RFB': 0}","{'Floodlight': 0, 'Flood Light': 0, 'GAS': 0, 'FIFA': 0, 'pipe': 0, 'pipes': 0, 'covid': 0, 'supply': 0, 'Beautification': 0, 'Installation': 0}",Post-Monsoon,,False,True,Repair and Restoration,{'Drain': 2}
2026_ORULB_128169_19,SNP-MUN-36/2025-26,"Covering of open drain on road side in ULB area in Ward no-14,15","Covering of open drain on road side in ULB area in Ward no-14,15",Works,Open Tender,Percentage,Civil Works - Others,No,No,NA ,17-Apr-2026 11:00 AM,NA ,45.0,No ,No,Online,28-Apr-2026 11:00 AM,Municipal Bodies||Sonepur Municipal Council,Sonepur Municipality,767017.0,1.0,"8,47,476",Artatrana Sanyasi,"847,475",Rejected-Technical,03-Aug-2026,Municipal Bodies||Sonepur Municipal Council,True,"{'Flood': 0, 'Embankment': 0, 'embkt': 0, 'Relief': 0, 'Erosion': 0, 'SDRF': 0, 'Inundation': 0, 'Hydrology': 0, 'Silt': 0, 'Siltation': 0, 'Bund': 0, 'Trench': 0, 'Breach': 0, 'Culvert': 0, 'Sluice': 0, 'Dyke': 0, 'Storm water drain': 0, 'Emergency': 0, 'Immediate': 0, 'IM': 0, 'AE': 0, 'A E': 0, 'AAPDA MITRA': 0, 'flood': 0, 'Bridge': 0, 'River': 0, 'Drain': 2, 'Restoration': 0, 'Protection': 0, 'irr': 0, 'irrigation': 0, 'dam': 0, 'Nallah': 0, 'Retrofitting': 0, 'Pond': 0, 'Pokhari': 0, 'D/C': 0, 'Recharge shaft': 0, 'LFB': 0, 'RFB': 0}","{'Floodlight': 0, 'Flood Light': 0, 'GAS': 0, 'FIFA': 0, 'pipe': 0, 'pipes': 0, 'covid': 0, 'supply': 0, 'Beautification': 0, 'Installation': 0}",Pre-Monsoon,,False,True,Repair and Restoration,{'Drain': 2}
2026_ORULB_129206_9,MC(CMC)CTC_Div-I_No.3/2026-27,Renovation of Chandan Pokhari Park in Ward No. 21.,Renovation of Chandan Pokhari Park in Ward No. 21.,Works,Open Tender,Percentage,Civil Works - Others,No,No,NA ,18-May-2026 01:20 PM,NA ,90.0,No ,No,Online,29-May-2026 11:00 AM,Municipal Bodies||Cuttack Municipal Corporation,CMC,753001.0,1.0,"9,23,900",Asima Nanda Mohanty,"923,816",Rejected-AOC,14-Aug-2026,Municipal Bodies||Cuttack Municipal Corporation,True,"{'Flood': 0, 'Embankment': 0, 'embkt': 0, 'Relief': 0, 'Erosion': 0, 'SDRF': 0, 'Inundation': 0, 'Hydrology': 0, 'Silt': 0, 'Siltation': 0, 'Bund': 0, 'Trench': 0, 'Breach': 0, 'Culvert': 0, 'Sluice': 0, 'Dyke': 0, 'Storm water drain': 0, 'Emergency': 0, 'Immediate': 0, 'IM': 0, 'AE': 0, 'A E': 0, 'AAPDA MITRA': 0, 'flood': 0, 'Bridge': 0, 'River': 0, 'Drain': 0, 'Restoration': 0, 'Protection': 0, 'irr': 0, 'irrigation': 0, 'dam': 0, 'Nallah': 0, 'Retrofitting': 0, 'Pond': 0, 'Pokhari': 2, 'D/C': 0, 'Recharge shaft': 0, 'LFB': 0, 'RFB': 0}","{'Floodlight': 0, 'Flood Light': 0, 'GAS': 0, 'FIFA': 0, 'pipe': 0, 'pipes': 0, 'covid': 0, 'supply': 0, 'Beautification': 0, 'Installation': 0}",Pre-Monsoon,,False,False,Repair and Restoration,{'renovation': 2}
2026_ORULB_128734_19,SNP-MUN-37/2026-27,Restoration of Drain and Road From Bhagabati Temple to AWC center in ward no-12,Restoration of Drain and Road From Bhagabati Temple to AWC center in ward no-12,Works,Open Tender,Percentage,Civil Works - Others,No,No,NA ,05-May-2026 11:00 AM,NA ,60.0,No ,No,Online,16-May-2026 11:00 AM,Municipal Bodies||Sonepur Municipal Council,Sonepur Municipality,767017.0,1.0,"9,49,436",BIKRAM KUMAR AGRAWAL,"949,435",Rejected-Technical,01-Aug-2026,Municipal Bodies||Sonepur Municipal Council,True,"{'Flood': 0, 'Embankment': 0, 'embkt': 0, 'Relief': 0, 'Erosion': 0, 'SDRF': 0, 'Inundation': 0, 'Hydrology': 0, 'Silt': 0, 'Siltation': 0, 'Bund': 0, 'Trench': 0, 'Breach': 0, 'Culvert': 0, 'Sluice': 0, 'Dyke': 0, 'Storm water drain': 0, 'Emergency': 0, 'Immediate': 0, 'IM': 0, 'AE': 0, 'A E': 0, 'AAPDA MITRA': 0, 'flood': 0, 'Bridge': 0, 'River': 0, 'Drain': 2, 'Restoration': 2, 'Protection': 0, 'irr': 0, 'irrigation': 0, 'dam': 0, 'Nallah': 0, 'Retrofitting': 0, 'Pond': 0, 'Pokhari': 0, 'D/C': 0, 'Recharge shaft': 0, 'LFB': 0, 'RFB': 0}","{'Floodlight': 0, 'Flood Light': 0, 'GAS': 0, 'FIFA': 0, 'pipe': 0, 'pipes': 0, 'covid': 0, 'supply': 0, 'Beautification': 0, 'Installation': 0}",Pre-Monsoon,,False,True,Repair and Restoration,"{'restoration': 2, 'Drain': 2}"
2025_ORULB_123451_11,25/SMC_SBP/2025-26,Construction of road and drain of backside road of Municipality Girls high school.,Construction of road and drain of backside road of Municipality Girls high school.,Works,Open Tender,Percentage,Civil Works - Others,No,No,NA ,23-Dec-2025 11:00 AM,NA ,120.0,No ,No,Online,02-Jan-2026 11:00 AM,Municipal Bodies||Sambalpur Municipal Corporation,SAMBALPUR MUNICIPAL CORPORATION,768006.0,1.0,"16,94,066",DIPU KUMAR BARMA,"1,694,066",Rejected-Technical,04-Aug-2026,Municipal Bodies||Sambalpur Municipal Corporation,True,"{'Flood': 0, 'Embankment': 0, 'embkt': 0, 'Relief': 0, 'Erosion': 0, 'SDRF': 0, 'Inundation': 0, 'Hydrology': 0, 'Silt': 0, 'Siltation': 0, 'Bund': 0, 'Trench': 0, 'Breach': 0, 'Culvert': 0, 'Sluice': 0, 'Dyke': 0, 'Storm water drain': 0, 'Emergency': 0, 'Immediate': 0, 'IM': 0, 'AE': 0, 'A E': 0, 'AAPDA MITRA': 0, 'flood': 0, 'Bridge': 0, 'River': 0, 'Drain': 2, 'Restoration': 0, 'Protection': 0, 'irr': 0, 'irrigation': 0, 'dam': 0, 'Nallah': 0, 'Retrofitting': 0, 'Pond': 0, 'Pokhari': 0, 'D/C': 0, 'Recharge shaft': 0, 'LFB': 0, 'RFB': 0}","{'Floodlight': 0, 'Flood Light': 0, 'GAS': 0, 'FIFA': 0, 'pipe': 0, 'pipes': 0, 'covid': 0, 'supply': 0, 'Beautification': 0, 'Installation': 0}",Post-Monsoon,,False,True,Repair and Restoration,"{'Construction': 2, 'Drain': 2}"
2025_CELBB_119432_15,MND-09 OF 2025-26,Protection to scoured bank on Chitrotpala Left from RD 48.400 Km to RD 48.500 Km near village Anko for the year 2025-26 (Working RD from 48.400 Km to 48.520 Km ),Protection to scoured bank on Chitrotpala Left from RD 48.400 Km to RD 48.500 Km near village Anko for the year 2025-26 (Working RD from 48.400 Km to 48.520 Km ),Works,National Competitive Bid,Percentage,Civil Works - Others,No,No,NA ,14-Oct-2025 10:00 AM,NA ,90.0,No ,No,Online,29-Oct-2025 11:30 AM,"CE-BM,LMB Basin,BBSR||SE, Eastern Circle,Cuttack||EE, Mahanadi North Division,Jagatpur",PUNDALO,754102.0,2.0,"77,28,066",ABHIJEET JENA,"6,569,629",Rejected-Finance,06-Aug-2026,"CE-BM,LMB Basin,BBSR||SE, Eastern Circle,Cuttack||EE, Mahanadi North Division,Jagatpur",True,"{'Flood': 0, 'Embankment': 0, 'embkt': 0, 'Relief': 0, 'Erosion': 0, 'SDRF': 0, 'Inundation': 0, 'Hydrology': 0, 'Silt': 0, 'Siltation': 0, 'Bund': 0, 'Trench': 0, 'Breach': 0, 'Culvert': 0, 'Sluice': 0, 'Dyke': 0, 'Storm water drain': 0, 'Emergency': 0, 'Immediate': 0, 'IM': 0, 'AE': 0, 'A E': 0, 'AAPDA MITRA': 0, 'flood': 0, 'Bridge': 0, 'River': 0, 'Drain': 0, 'Restoration': 0, 'Protection': 2, 'irr': 0, 'irrigation': 0, 'dam': 0, 'Nallah': 0, 'Retrofitting': 0, 'Pond': 0, 'Pokhari': 0, 'D/C': 0, 'Recharge shaft': 0, 'LFB': 0, 'RFB': 0}","{'Floodlight': 0, 'Flood Light': 0, 'GAS': 0, 'FIFA': 0, 'pipe': 0, 'pipes': 0, 'covid': 0, 'supply': 0, 'Beautification': 0, 'Installation': 0}",Post-Monsoon,,False,False,Preparedness Measures,"{'Protection': 2, 'scoured': 2, 'Scoured bank': 2}"
2026_CEBBS_125354_4,SERID-RKL-09/2025-26,"Renovation of Office building of Rourkela Irrigation Division, Rourkela","Renovation of Office building of Rourkela Irrigation Division, Rourkela",Works,Open Tender,Percentage,Civil Works - Others,No,No,NA ,02-Feb-2026 10:00 AM,NA ,90.0,No ,No,Online,12-Feb-2026 11:00 AM,CE and BM Brahmani Basin Samal||APD cum CCE RIP Samal||Rourkela Irrigation Division Rourkela,Rourkela,769004.0,1.0,"4,09,128",NIRANJAN SWAIN,"347,719",Rejected-AOC,14-Aug-2026,CE and BM Brahmani Basin Samal||APD cum CCE RIP Samal||Rourkela Irrigation Division Rourkela,True,"{'Flood': 0, 'Embankment': 0, 'embkt': 0, 'Relief': 0, 'Erosion': 0, 'SDRF': 0, 'Inundation': 0, 'Hydrology': 0, 'Silt': 0, 'Siltation': 0, 'Bund': 0, 'Trench': 0, 'Breach': 0, 'Culvert': 0, 'Sluice': 0, 'Dyke': 0, 'Storm water drain': 0, 'Emergency': 0, 'Immediate': 0, 'IM': 0, 'AE': 0, 'A E': 0, 'AAPDA MITRA': 0, 'flood': 0, 'Bridge': 0, 'River': 0, 'Drain': 0, 'Restoration': 0, 'Protection': 0, 'irr': 0, 'irrigation': 2, 'dam': 0, 'Nallah': 0, 'Retrofitting': 0, 'Pond': 0, 'Pokhari': 0, 'D/C': 0, 'Recharge shaft': 0, 'LFB': 0, 'RFB': 0}","{'Floodlight': 0, 'Flood Light': 0, 'GAS': 0, 'FIFA': 0, 'pipe': 0, 'pipes': 0, 'covid': 0, 'supply': 0, 'Beautification': 0, 'Installation': 0}",Post-Monsoon,,False,False,Repair and Restoration,{'renovation': 2}
2026_CERWI_133094_1,02 of 2026-27,"Repair to Bridge over Panchagaon Khandahata road_Road_Renovation of bridge with protection work ,railing and parapet, Stone pitching, Colour washing, _","Repair to Bridge over Panchagaon Khandahata road_Road_Renovation of bridge with protection work ,railing and parapet, Stone pitching, Colour washing, _",Works,Open Tender,Percentage,Miscellaneous Works,No,No,NA ,25-Jun-2026 11:00 AM,NA ,90.0,No ,No,Online,08-Jul-2026 11:30 AM,CE RW I||RWCIRCLE-CUTTACK||RWDIVISION-CUTTACK-II,Cuttack,753004.0,1.0,"18,48,398",AJIT ROUT,"1,848,398",Rejected-AOC,11-Aug-2026,CE RW I||RWCIRCLE-CUTTACK||RWDIVISION-CUTTACK-II,True,"{'Flood': 0, 'Embankment': 0, 'embkt': 0, 'Relief': 0, 'Erosion': 0, 'SDRF': 0, 'Inundation': 0, 'Hydrology': 0, 'Silt': 0, 'Siltation': 0, 'Bund': 0, 'Trench': 0, 'Breach': 0, 'Culvert': 0, 'Sluice': 0, 'Dyke': 0, 'Storm water drain': 0, 'Emergency': 0, 'Immediate': 0, 'IM': 0, 'AE': 0, 'A E': 0, 'AAPDA MITRA': 0, 'flood': 0, 'Bridge': 4, 'River': 0, 'Drain': 0, 'Restoration': 0, 'Protection': 2, 'irr': 0, 'irrigation': 0, 'dam': 0, 'Nallah': 0, 'Retrofitting': 0, 'Pond': 0, 'Pokhari': 0, 'D/C': 0, 'Recharge shaft': 0, 'LFB': 0, 'RFB': 0}","{'Floodlight': 0, 'Flood Light': 0, 'GAS': 0, 'FIFA': 0, 'pipe': 0, 'pipes': 0, 'covid': 0, 'supply': 0, 'Beautification': 0, 'Installation': 0}",Monsoon,,False,True,Repair and Restoration,"{'repair': 2, 'renovation': 2, 'Bridge': 4}"
2025_ORULB_122921_40,P.M. 05/2025-26,Repair/ Renovation of Drain with casting RCC slab from K. Samsung house to Kapila Prusty house in W No 31,CIVIL,Works,Open Tender,Percentage,Civil Works - Others,No,No,NA ,16-Dec-2025 03:00 PM,NA ,120.0,No ,No,Online,30-Dec-2025 11:00 AM,Municipal Bodies||Puri Municipality,PURI MUNICIPALITY,752001.0,1.0,"5,93,395",BUDHANATH BEJA,"504,445.44",Rejected-Finance,05-Aug-2026,Municipal Bodies||Puri Municipality,True,"{'Flood': 0, 'Embankment': 0, 'embkt': 0, 'Relief': 0, 'Erosion': 0, 'SDRF': 0, 'Inundation': 0, 'Hydrology': 0, 'Silt': 0, 'Siltation': 0, 'Bund': 0, 'Trench': 0, 'Breach': 0, 'Culvert': 0, 'Sluice': 0, 'Dyke': 0, 'Storm water drain': 0, 'Emergency': 0, 'Immediate': 0, 'IM': 0, 'AE': 0, 'A E': 0, 'AAPDA MITRA': 0, 'flood': 0, 'Bridge': 0, 'River': 0, 'Drain': 1, 'Restoration': 0, 'Protection': 0, 'irr': 0, 'irrigation': 0, 'dam': 0, 'Nallah': 0, 'Retrofitting': 0, 'Pond': 0, 'Pokhari': 0, 'D/C': 0, 'Recharge shaft': 0, 'LFB': 0, 'RFB': 0}","{'Floodlight': 0, 'Flood Light': 0, 'GAS': 0, 'FIFA': 0, 'pipe': 0, 'pipes': 0, 'covid': 0, 'supply': 0, 'Beautification': 0, 'Installation': 0}",Post-Monsoon,,False,True,Repair and Restoration,"{'repair': 1, 'renovation': 1, 'Drain': 1}"
2026_ORULB_129425_44,BLGR MPTY/02(01-111)/2026-27,"Const. of Road from Ring Road to Subal Bag res Via- S,K.Mishra, Res Surya Nagar W.No.5",Road and Drain work,Works,Open Tender,Percentage,Civil Works - Roads,No,No,NA ,19-May-2026 11:00 AM,NA ,120.0,No ,No,Online,02-Jun-2026 11:00 AM,Municipal Bodies||Balangir Municipality,Balangir,767001.0,1.0,"15,22,661",MADHABA KUMAR SETHI,"1,401,000.3",Accepted-AOC,18-Aug-2026,Municipal Bodies||Balangir Municipality,True,"{'Flood': 0, 'Embankment': 0, 'embkt': 0, 'Relief': 0, 'Erosion': 0, 'SDRF': 0, 'Inundation': 0, 'Hydrology': 0, 'Silt': 0, 'Siltation': 0, 'Bund': 0, 'Trench': 0, 'Breach': 0, 'Culvert': 0, 'Sluice': 0, 'Dyke': 0, 'Storm water drain': 0, 'Emergency': 0, 'Immediate': 0, 'IM': 0, 'AE': 0, 'A E': 0, 'AAPDA MITRA': 0, 'flood': 0, 'Bridge': 0, 'River': 0, 'Drain': 1, 'Restoration': 0, 'Protection': 0, 'irr': 0, 'irrigation': 0, 'dam': 0, 'Nallah': 0, 'Retrofitting': 0, 'Pond': 0, 'Pokhari': 0, 'D/C': 0, 'Recharge shaft': 0, 'LFB': 0, 'RFB': 0}","{'Floodlight': 0, 'Flood Light': 0, 'GAS': 0, 'FIFA': 0, 'pipe': 0, 'pipes': 0, 'covid': 0, 'supply': 0, 'Beautification': 0, 'Installation': 0}",Pre-Monsoon,,False,True,Repair and Restoration,{'Drain': 1}
2026_ORULB_128029_6,SNGM-01/2026-27,Construction of Mother Drain from Manoj Patel house to Pragati Mandap at Sriram Nagar in ward No-18,Construction of Mother Drain from Manoj Patel house to Pragati Mandap at Sriram Nagar in ward No-18,Works,Open Tender,Percentage,Civil Works - Others,No,No,NA ,13-Apr-2026 11:00 AM,NA ,120.0,No ,No,Online,28-Apr-2026 11:00 AM,Municipal Bodies||Sundargarh Municipality,Sundargarh Municipality,770001.0,1.0,"16,95,572",BHAGABATI SOHELA,"1,693,876.43",Rejected-Finance,19-Aug-2026,Municipal Bodies||Sundargarh Municipality,True,"{'Flood': 0, 'Embankment': 0, 'embkt': 0, 'Relief': 0, 'Erosion': 0, 'SDRF': 0, 'Inundation': 0, 'Hydrology': 0, 'Silt': 0, 'Siltation': 0, 'Bund': 0, 'Trench': 0, 'Breach': 0, 'Culvert': 0, 'Sluice': 0, 'Dyke': 0, 'Storm water drain': 0, 'Emergency': 0, 'Immediate': 0, 'IM': 0, 'AE': 0, 'A E': 0, 'AAPDA MITRA': 0, 'flood': 0, 'Bridge': 0, 'River': 0, 'Drain': 2, 'Restoration': 0, 'Protection': 0, 'irr': 0, 'irrigation': 0, 'dam': 0, 'Nallah': 0, 'Retrofitting': 0, 'Pond': 0, 'Pokhari': 0, 'D/C': 0, 'Recharge shaft': 0, 'LFB': 0, 'RFB': 0}","{'Floodlight': 0, 'Flood Light': 0, 'GAS': 0, 'FIFA': 0, 'pipe': 0, 'pipes': 0, 'covid': 0, 'supply': 0, 'Beautification': 0, 'Installation': 0}",Pre-Monsoon,,False,True,Repair and Restoration,"{'Construction': 2, 'Drain': 2}"
2026_CERWI_134741_1,03/MOHANA/2026-27,Repair to Bridge over Baligada Nallah at 1st Km on Nidhigudi RD road to Mohana Block boarder PS road_Road_ Renewal coat to both side Approach road and painting._At 0.950 Km,Repair to Bridge over Baligada Nallah at 1st Km on Nidhigudi RD road to Mohana Block boarder PS road_Road_ Renewal coat to both side Approach road and painting._At 0.950 Km,Works,National Competitive Bid,Percentage,Civil Works - Roads,No,No,NA ,08-Jul-2026 11:00 AM,NA ,90.0,No ,No,Online,18-Jul-2026 11:00 AM,CE RW I||RWCIRCLE-RAYAGADA||RWDIVISION-MOHANA,Mohana,761015.0,1.0,"6,77,758",KHOKAN SINGH,"576,162",Rejected-AOC,18-Aug-2026,CE RW I||RWCIRCLE-RAYAGADA||RWDIVISION-MOHANA,True,"{'Flood': 0, 'Embankment': 0, 'embkt': 0, 'Relief': 0, 'Erosion': 0, 'SDRF': 0, 'Inundation': 0, 'Hydrology': 0, 'Silt': 0, 'Siltation': 0, 'Bund': 0, 'Trench': 0, 'Breach': 0, 'Culvert': 0, 'Sluice': 0, 'Dyke': 0, 'Storm water drain': 0, 'Emergency': 0, 'Immediate': 0, 'IM': 0, 'AE': 0, 'A E': 0, 'AAPDA MITRA': 0, 'flood': 0, 'Bridge': 2, 'River': 0, 'Drain': 0, 'Restoration': 0, 'Protection': 0, 'irr': 0, 'irrigation': 0, 'dam': 0, 'Nallah': 2, 'Retrofitting': 0, 'Pond': 0, 'Pokhari': 0, 'D/C': 0, 'Recharge shaft': 0, 'LFB': 0, 'RFB': 0}","{'Floodlight': 0, 'Flood Light': 0, 'GAS': 0, 'FIFA': 0, 'pipe': 0, 'pipes': 0, 'covid': 0, 'supply': 0, 'Beautification': 0, 'Installation': 0}",Monsoon,,False,True,Repair and Restoration,"{'repair': 2, 'Bridge': 2}"
2026_SEHDP_131790_1,e-Procurement Notice No.SE-HID(NSPR)-02/2026-27,"SEHID (NSPR)-02(01) Constn of CC Approach Road to Hadua Nallah and Open Mandap with laying of Paver Block on periphery of Anganwadi, Crematorium and Multi-Utility Building at R and R Colony of Hadua Irr Project, near village Kanseilo, Dist-Cuttack.","Constn of CC Road, Open Mandap with laying of Paver Block",Works,Open Tender,Percentage,Civil Works - Others,No,No,NA ,11-Jun-2026 11:00 AM,NA ,90.0,No ,No,Online,23-Jun-2026 11:00 AM,CCE Brutang and Hadua Irrigation Project Dasapalla||SE Hadua Division Narasinghapur,Narasinghpur,754032.0,1.0,"31,49,194",ABHAYA BHUSAN SAHOO,"3,149,194.11",Rejected-AOC,18-Aug-2026,CCE Brutang and Hadua Irrigation Project Dasapalla||SE Hadua Division Narasinghapur,True,"{'Flood': 0, 'Embankment': 0, 'embkt': 0, 'Relief': 0, 'Erosion': 0, 'SDRF': 0, 'Inundation': 0, 'Hydrology': 0, 'Silt': 0, 'Siltation': 0, 'Bund': 0, 'Trench': 0, 'Breach': 0, 'Culvert': 0, 'Sluice': 0, 'Dyke': 0, 'Storm water drain': 0, 'Emergency': 0, 'Immediate': 0, 'IM': 0, 'AE': 0, 'A E': 0, 'AAPDA MITRA': 0, 'flood': 0, 'Bridge': 0, 'River': 0, 'Drain': 0, 'Restoration': 0, 'Protection': 0, 'irr': 1, 'irrigation': 0, 'dam': 0, 'Nallah': 1, 'Retrofitting': 0, 'Pond': 0, 'Pokhari': 0, 'D/C': 0, 'Recharge shaft': 0, 'LFB': 0, 'RFB': 0}","{'Floodlight': 0, 'Flood Light': 0, 'GAS': 0, 'FIFA': 0, 'pipe': 0, 'pipes': 0, 'covid': 0, 'supply': 0, 'Beautification': 0, 'Installation': 0}",Monsoon,,False,True,Others,
2025_ORULB_122921_41,P.M. 05/2025-26,Raising of Drain with Casting of RCC Slab from Kanhu Ch House to Kailash Sahoo house in W No 31,CIVIL,Works,Open Tender,Percentage,Civil Works - Others,No,No,NA ,16-Dec-2025 03:00 PM,NA ,120.0,No ,No,Online,30-Dec-2025 11:00 AM,Municipal Bodies||Puri Municipality,PURI MUNICIPALITY,752001.0,1.0,"4,32,326",GADADHAR PRADHAN,"367,520.01",Accepted-AOC,05-Aug-2026,Municipal Bodies||Puri Municipality,True,"{'Flood': 0, 'Embankment': 0, 'embkt': 0, 'Relief': 0, 'Erosion': 0, 'SDRF': 0, 'Inundation': 0, 'Hydrology': 0, 'Silt': 0, 'Siltation': 0, 'Bund': 0, 'Trench': 0, 'Breach': 0, 'Culvert': 0, 'Sluice': 0, 'Dyke': 0, 'Storm water drain': 0, 'Emergency': 0, 'Immediate': 0, 'IM': 0, 'AE': 0, 'A E': 0, 'AAPDA MITRA': 0, 'flood': 0, 'Bridge': 0, 'River': 0, 'Drain': 1, 'Restoration': 0, 'Protection': 0, 'irr': 0, 'irrigation': 0, 'dam': 0, 'Nallah': 0, 'Retrofitting': 0, 'Pond': 0, 'Pokhari': 0, 'D/C': 0, 'Recharge shaft': 0, 'LFB': 0, 'RFB': 0}","{'Floodlight': 0, 'Flood Light': 0, 'GAS': 0, 'FIFA': 0, 'pipe': 0, 'pipes': 0, 'covid': 0, 'supply': 0, 'Beautification': 0, 'Installation': 0}",Post-Monsoon,,False,True,Repair and Restoration,"{'raising': 1, 'Drain': 1}"
2026_EICCL_127074_5,SE R and B Divn. No.I BAM 63/2025-26,S/R to JMFC court to post office Road such as providing cover plates over drain,S/R to JMFC court to post office Road such as providing cover plates over drain,Works,Open Tender,Percentage,Civil Works - Roads,No,No,NA ,09-Mar-2026 06:00 PM,NA ,90.0,No ,No,Online,17-Mar-2026 11:30 AM,EIC-CIVIL||SERNB-CIRCLE-BERHAMPUR||EERNB-DIVN-GANJAM I,Berhampur,760005.0,1.0,"2,90,437",BAPINI SETHY,"193,634",Rejected-AOC,29-Aug-2026,EIC-CIVIL||SERNB-CIRCLE-BERHAMPUR||EERNB-DIVN-GANJAM I,True,"{'Flood': 0, 'Embankment': 0, 'embkt': 0, 'Relief': 0, 'Erosion': 0, 'SDRF': 0, 'Inundation': 0, 'Hydrology': 0, 'Silt': 0, 'Siltation': 0, 'Bund': 0, 'Trench': 0, 'Breach': 0, 'Culvert': 0, 'Sluice': 0, 'Dyke': 0, 'Storm water drain': 0, 'Emergency': 0, 'Immediate': 0, 'IM': 0, 'AE': 0, 'A E': 0, 'AAPDA MITRA': 0, 'flood': 0, 'Bridge': 0, 'River': 0, 'Drain': 2, 'Restoration': 0, 'Protection': 0, 'irr': 0, 'irrigation': 0, 'dam': 0, 'Nallah': 0, 'Retrofitting': 0, 'Pond': 0, 'Pokhari': 0, 'D/C': 0, 'Recharge shaft': 0, 'LFB': 0, 'RFB': 0}","{'Floodlight': 0, 'Flood Light': 0, 'GAS': 0, 'FIFA': 0, 'pipe': 0, 'pipes': 0, 'covid': 0, 'supply': 0, 'Beautification': 0, 'Installation': 0}",Pre-Monsoon,,False,True,Repair and Restoration,{'Drain': 2}
2026_CELBB_127770_9,MND-14 OF 2025-26 (Sl No-10-18),Restoration to Disty. No-3 and Disty. No-3 1/2 canal with its system of K.canal for the year 2026-27,Restoration to Disty. No-3 and Disty. No-3 1/2 canal with its system of K.canal for the year 2026-27,Works,National Competitive Bid,Percentage,Civil Works - Others,No,No,NA ,08-Apr-2026 10:00 AM,NA ,90.0,No ,No,Online,18-Apr-2026 11:30 AM,"CE-BM,LMB Basin,BBSR||SE, Eastern Circle,Cuttack||EE, Mahanadi North Division,Jagatpur",KENDUPATANA,754021.0,1.0,"13,37,075",BIJAYA KAR,"1,337,075",Rejected-Finance,06-Aug-2026,"CE-BM,LMB Basin,BBSR||SE, Eastern Circle,Cuttack||EE, Mahanadi North Division,Jagatpur",True,"{'Flood': 0, 'Embankment': 0, 'embkt': 0, 'Relief': 0, 'Erosion': 0, 'SDRF': 0, 'Inundation': 0, 'Hydrology': 0, 'Silt': 0, 'Siltation': 0, 'Bund': 0, 'Trench': 0, 'Breach': 0, 'Culvert': 0, 'Sluice': 0, 'Dyke': 0, 'Storm water drain': 0, 'Emergency': 0, 'Immediate': 0, 'IM': 0, 'AE': 0, 'A E': 0, 'AAPDA MITRA': 0, 'flood': 0, 'Bridge': 0, 'River': 0, 'Drain': 0, 'Restoration': 2, 'Protection': 0, 'irr': 0, 'irrigation': 0, 'dam': 0, 'Nallah': 0, 'Retrofitting': 0, 'Pond': 0, 'Pokhari': 0, 'D/C': 0, 'Recharge shaft': 0, 'LFB': 0, 'RFB': 0}","{'Floodlight': 0, 'Flood Light': 0, 'GAS': 0, 'FIFA': 0, 'pipe': 0, 'pipes': 0, 'covid': 0, 'supply': 0, 'Beautification': 0, 'Installation': 0}",Pre-Monsoon,,False,False,Repair and Restoration,{'restoration': 2}
2026_CEBBS_125354_5,SERID-RKL-09/2025-26,Construction of bed lining from RD 5440m to RD 5840m of Vedvyas Dsitributary of Pitamahal Irrigation Project,Construction of bed lining from RD 5440m to RD 5840m of Vedvyas Dsitributary of Pitamahal Irrigation Project,Works,Open Tender,Percentage,Civil Works - Canal,No,No,NA ,02-Feb-2026 10:00 AM,NA ,90.0,No ,No,Online,12-Feb-2026 11:00 AM,CE and BM Brahmani Basin Samal||APD cum CCE RIP Samal||Rourkela Irrigation Division Rourkela,Pitamahal,770031.0,1.0,"4,23,688",RAKESH BARLA,"360,177",Accepted-AOC,14-Aug-2026,CE and BM Brahmani Basin Samal||APD cum CCE RIP Samal||Rourkela Irrigation Division Rourkela,True,"{'Flood': 0, 'Embankment': 0, 'embkt': 0, 'Relief': 0, 'Erosion': 0, 'SDRF': 0, 'Inundation': 0, 'Hydrology': 0, 'Silt': 0, 'Siltation': 0, 'Bund': 0, 'Trench': 0, 'Breach': 0, 'Culvert': 0, 'Sluice': 0, 'Dyke': 0, 'Storm water drain': 0, 'Emergency': 0, 'Immediate': 0, 'IM': 0, 'AE': 0, 'A E': 0, 'AAPDA MITRA': 0, 'flood': 0, 'Bridge': 0, 'River': 0, 'Drain': 0, 'Restoration': 0, 'Protection': 0, 'irr': 0, 'irrigation': 2, 'dam': 0, 'Nallah': 0, 'Retrofitting': 0, 'Pond': 0, 'Pokhari': 0, 'D/C': 0, 'Recharge shaft': 0, 'LFB': 0, 'RFB': 0}","{'Floodlight': 0, 'Flood Light': 0, 'GAS': 0, 'FIFA': 0, 'pipe': 0, 'pipes': 0, 'covid': 0, 'supply': 0, 'Beautification': 0, 'Installation': 0}",Post-Monsoon,,False,False,Repair and Restoration,{'Construction': 2}
2026_ORULB_126671_17,EO/RGP/07 of 2025-26,Construction of Drain with cover Slab from Minz house towards Jacob Tete hosue at Ward no. 14,Construction of Drain with cover Slab from Minz house towards Jacob Tete hosue at Ward no. 14,Works,Open Tender,Percentage,Civil Works - Others,No,No,NA ,27-Feb-2026 11:00 AM,NA ,90.0,No ,No,Online,13-Mar-2026 11:00 AM,Municipal Bodies||Rajgangpur Municipality,Rajgangpur Municipality,770017.0,1.0,"5,00,000",KIRAN KUMAR BADAIK,"500,000",Rejected-AOC,25-Aug-2026,Municipal Bodies||Rajgangpur Municipality,True,"{'Flood': 0, 'Embankment': 0, 'embkt': 0, 'Relief': 0, 'Erosion': 0, 'SDRF': 0, 'Inundation': 0, 'Hydrology': 0, 'Silt': 0, 'Siltation': 0, 'Bund': 0, 'Trench': 0, 'Breach': 0, 'Culvert': 0, 'Sluice': 0, 'Dyke': 0, 'Storm water drain': 0, 'Emergency': 0, 'Immediate': 0, 'IM': 0, 'AE': 0, 'A E': 0, 'AAPDA MITRA': 0, 'flood': 0, 'Bridge': 0, 'River': 0, 'Drain': 2, 'Restoration': 0, 'Protection': 0, 'irr': 0, 'irrigation': 0, 'dam': 0, 'Nallah': 0, 'Retrofitting': 0, 'Pond': 0, 'Pokhari': 0, 'D/C': 0, 'Recharge shaft': 0, 'LFB': 0, 'RFB': 0}","{'Floodlight': 0, 'Flood Light': 0, 'GAS': 0, 'FIFA': 0, 'pipe': 0, 'pipes': 0, 'covid': 0, 'supply': 0, 'Beautification': 0, 'Installation': 0}",Post-Monsoon,,False,True,Repair and Restoration,"{'Construction': 2, 'Drain': 2}"
2025_CELBB_119432_14,MND-09 OF 2025-26,Construction of spur at RD 35.400 Km on Nuna-Karandia right embankment near Kasoti Narayanpur for the year 2025-26,Construction of spur at RD 35.400 Km on Nuna-Karandia right embankment near Kasoti Narayanpur for the year 2025-26,Works,National Competitive Bid,Percentage,Civil Works - Others,No,No,NA ,14-Oct-2025 10:00 AM,NA ,90.0,No ,No,Online,29-Oct-2025 11:30 AM,"CE-BM,LMB Basin,BBSR||SE, Eastern Circle,Cuttack||EE, Mahanadi North Division,Jagatpur",PUNDALO,754102.0,2.0,"82,01,123",PRADIPTA KUMAR SETHY,"6,971,775",Rejected-Finance,06-Aug-2026,"CE-BM,LMB Basin,BBSR||SE, Eastern Circle,Cuttack||EE, Mahanadi North Division,Jagatpur",True,"{'Flood': 0, 'Embankment': 2, 'embkt': 0, 'Relief': 0, 'Erosion': 0, 'SDRF': 0, 'Inundation': 0, 'Hydrology': 0, 'Silt': 0, 'Siltation': 0, 'Bund': 0, 'Trench': 0, 'Breach': 0, 'Culvert': 0, 'Sluice': 0, 'Dyke': 0, 'Storm water drain': 0, 'Emergency': 0, 'Immediate': 0, 'IM': 0, 'AE': 0, 'A E': 0, 'AAPDA MITRA': 0, 'flood': 0, 'Bridge': 0, 'River': 0, 'Drain': 0, 'Restoration': 0, 'Protection': 0, 'irr': 0, 'irrigation': 0, 'dam': 0, 'Nallah': 0, 'Retrofitting': 0, 'Pond': 0, 'Pokhari': 0, 'D/C': 0, 'Recharge shaft': 0, 'LFB': 0, 'RFB': 0}","{'Floodlight': 0, 'Flood Light': 0, 'GAS': 0, 'FIFA': 0, 'pipe': 0, 'pipes': 0, 'covid': 0, 'supply': 0, 'Beautification': 0, 'Installation': 0}",Post-Monsoon,,False,True,Repair and Restoration,{'Construction': 2}
2026_ORULB_128734_30,SNP-MUN-37/2026-27,Construction of Drain From Community Center to Main Drain Thanapatipada in ward No-14,Construction of Drain From Community Center to Main Drain Thanapatipada in ward No-14,Works,Open Tender,Percentage,Civil Works - Others,No,No,NA ,05-May-2026 11:00 AM,NA ,60.0,No ,No,Online,16-May-2026 11:00 AM,Municipal Bodies||Sonepur Municipal Council,Sonepur Municipality,767017.0,1.0,"2,03,028",Reshmarani Sahu,"203,028",Rejected-Technical,01-Aug-2026,Municipal Bodies||Sonepur Municipal Council,True,"{'Flood': 0, 'Embankment': 0, 'embkt': 0, 'Relief': 0, 'Erosion': 0, 'SDRF': 0, 'Inundation': 0, 'Hydrology': 0, 'Silt': 0, 'Siltation': 0, 'Bund': 0, 'Trench': 0, 'Breach': 0, 'Culvert': 0, 'Sluice': 0, 'Dyke': 0, 'Storm water drain': 0, 'Emergency': 0, 'Immediate': 0, 'IM': 0, 'AE': 0, 'A E': 0, 'AAPDA MITRA': 0, 'flood': 0, 'Bridge': 0, 'River': 0, 'Drain': 4, 'Restoration': 0, 'Protection': 0, 'irr': 0, 'irrigation': 0, 'dam': 0, 'Nallah': 0, 'Retrofitting': 0, 'Pond': 0, 'Pokhari': 0, 'D/C': 0, 'Recharge shaft': 0, 'LFB': 0, 'RFB': 0}","{'Floodlight': 0, 'Flood Light': 0, 'GAS': 0, 'FIFA': 0, 'pipe': 0, 'pipes': 0, 'covid': 0, 'supply': 0, 'Beautification': 0, 'Installation': 0}",Pre-Monsoon,,False,True,Repair and Restoration,"{'Construction': 2, 'Drain': 4}"
2025_CELBB_120208_11,MND-11 OF 2025-26,Improvement and restoration of Disty no-8 of K. Canal in between RD 17.500 Km to 23.000 Km for the year 2025-26,Improvement and restoration of Disty no-8 of K. Canal in between RD 17.500 Km to 23.000 Km for the year 2025-26,Works,National Competitive Bid,Percentage,Civil Works - Others,No,No,NA ,29-Oct-2025 10:00 AM,NA ,90.0,No ,No,Online,10-Nov-2025 11:30 AM,"CE-BM,LMB Basin,BBSR||SE, Eastern Circle,Cuttack||EE, Mahanadi North Division,Jagatpur",KENDUPATANA,754021.0,1.0,"21,21,649",ABINASH SATPATHY,,Rejected-Finance,,"CE-BM,LMB Basin,BBSR||SE, Eastern Circle,Cuttack||EE, Mahanadi North Division,Jagatpur",True,"{'Flood': 0, 'Embankment': 0, 'embkt': 0, 'Relief': 0, 'Erosion': 0, 'SDRF': 0, 'Inundation': 0, 'Hydrology': 0, 'Silt': 0, 'Siltation': 0, 'Bund': 0, 'Trench': 0, 'Breach': 0, 'Culvert': 0, 'Sluice': 0, 'Dyke': 0, 'Storm water drain': 0, 'Emergency': 0, 'Immediate': 0, 'IM': 0, 'AE': 0, 'A E': 0, 'AAPDA MITRA': 0, 'flood': 0, 'Bridge': 0, 'River': 0, 'Drain': 0, 'Restoration': 2, 'Protection': 0, 'irr': 0, 'irrigation': 0, 'dam': 0, 'Nallah': 0, 'Retrofitting': 0, 'Pond': 0, 'Pokhari': 0, 'D/C': 0, 'Recharge shaft': 0, 'LFB': 0, 'RFB': 0}","{'Floodlight': 0, 'Flood Light': 0, 'GAS': 0, 'FIFA': 0, 'pipe': 0, 'pipes': 0, 'covid': 0, 'supply': 0, 'Beautification': 0, 'Installation': 0}",Post-Monsoon,,False,False,Repair and Restoration,"{'improvement': 2, 'restoration': 2}"
2026_ORULB_125449_8,30/SMC_SBP/2025-26,"Construction of Pavered Road and Drain with cover slab from Nishikanta house to Tusharkanta Sahu at Satya Sahi Vihar, Dhanupali, in Ward No. 37","Construction of Pavered Road and Drain with cover slab from Nishikanta house to Tusharkanta Sahu at Satya Sahi Vihar, Dhanupali, in Ward No. 37",Works,Open Tender,Percentage,Civil Works - Others,No,No,NA ,06-Feb-2026 11:00 AM,NA ,120.0,No ,No,Online,17-Feb-2026 11:00 AM,Municipal Bodies||Sambalpur Municipal Corporation,SAMBALPUR MUNICIPAL CORPORATION,768006.0,1.0,"20,75,834",BIMAL MAHAPATRA,"2,075,834",Accepted-AOC,04-Aug-2026,Municipal Bodies||Sambalpur Municipal Corporation,True,"{'Flood': 0, 'Embankment': 0, 'embkt': 0, 'Relief': 0, 'Erosion': 0, 'SDRF': 0, 'Inundation': 0, 'Hydrology': 0, 'Silt': 0, 'Siltation': 0, 'Bund': 0, 'Trench': 0, 'Breach': 0, 'Culvert': 0, 'Sluice': 0, 'Dyke': 0, 'Storm water drain': 0, 'Emergency': 0, 'Immediate': 0, 'IM': 0, 'AE': 0, 'A E': 0, 'AAPDA MITRA': 0, 'flood': 0, 'Bridge': 0, 'River': 0, 'Drain': 2, 'Restoration': 0, 'Protection': 0, 'irr': 0, 'irrigation': 0, 'dam': 0, 'Nallah': 0, 'Retrofitting': 0, 'Pond': 0, 'Pokhari': 0, 'D/C': 0, 'Recharge shaft': 0, 'LFB': 0, 'RFB': 0}","{'Floodlight': 0, 'Flood Light': 0, 'GAS': 0, 'FIFA': 0, 'pipe': 0, 'pipes': 0, 'covid': 0, 'supply': 0, 'Beautification': 0, 'Installation': 0}",Post-Monsoon,,False,True,Repair and Restoration,"{'Construction': 2, 'Drain': 2}"
2026_ORULB_129208_7,MC(CMC)CTC_Div-I_No.4/2026-27,Construction of RCC drain with cover slab from YMCA to Hanuman Mandir at Khalasi lane Buxi Bazar in Ward No. 15.,Construction of RCC drain with cover slab from YMCA to Hanuman Mandir at Khalasi lane Buxi Bazar in Ward No. 15.,Works,Open Tender,Percentage,Civil Works - Others,No,No,NA ,30-May-2026 03:00 PM,NA ,90.0,No ,No,Online,12-Jun-2026 11:00 AM,Municipal Bodies||Cuttack Municipal Corporation,CMC,753012.0,1.0,"3,10,200",Abadhut Mallick,"310,126",Accepted-AOC,17-Aug-2026,Municipal Bodies||Cuttack Municipal Corporation,True,"{'Flood': 0, 'Embankment': 0, 'embkt': 0, 'Relief': 0, 'Erosion': 0, 'SDRF': 0, 'Inundation': 0, 'Hydrology': 0, 'Silt': 0, 'Siltation': 0, 'Bund': 0, 'Trench': 0, 'Breach': 0, 'Culvert': 0, 'Sluice': 0, 'Dyke': 0, 'Storm water drain': 0, 'Emergency': 0, 'Immediate': 0, 'IM': 0, 'AE': 0, 'A E': 0, 'AAPDA MITRA': 0, 'flood': 0, 'Bridge': 0, 'River': 0, 'Drain': 2, 'Restoration': 0, 'Protection': 0, 'irr': 0, 'irrigation': 0, 'dam': 0, 'Nallah': 0, 'Retrofitting': 0, 'Pond': 0, 'Pokhari': 0, 'D/C': 0, 'Recharge shaft': 0, 'LFB': 0, 'RFB': 0}","{'Floodlight': 0, 'Flood Light': 0, 'GAS': 0, 'FIFA': 0, 'pipe': 0, 'pipes': 0, 'covid': 0, 'supply': 0, 'Beautification': 0, 'Installation': 0}",Pre-Monsoon,,False,True,Repair and Restoration,"{'Construction': 2, 'Drain': 2}"
2025_CEBBS_121965_10,SERID-RKL-05-2025-26,Construction of Guard wall and bed lining from RD 252m to RD 297m of Left Main Canal of Kanshbahal Irrigation Project for the year 2025-26,Construction of Guard wall and bed lining from RD 252m to RD 297m of Left Main Canal of Kanshbahal Irrigation Project for the year 2025-26,Works,Open Tender,Percentage,Civil Works - Canal,No,No,NA ,26-Nov-2025 10:00 AM,NA ,90.0,No ,No,Online,08-Dec-2025 11:00 AM,CE and BM Brahmani Basin Samal||APD cum CCE RIP Samal||Rourkela Irrigation Division Rourkela,k,770034.0,1.0,"5,92,755",BISHNU PRASAD NAYAK,"503,901",Accepted-AOC,10-Aug-2026,CE and BM Brahmani Basin Samal||APD cum CCE RIP Samal||Rourkela Irrigation Division Rourkela,True,"{'Flood': 0, 'Embankment': 0, 'embkt': 0, 'Relief': 0, 'Erosion': 0, 'SDRF': 0, 'Inundation': 0, 'Hydrology': 0, 'Silt': 0, 'Siltation': 0, 'Bund': 0, 'Trench': 0, 'Breach': 0, 'Culvert': 0, 'Sluice': 0, 'Dyke': 0, 'Storm water drain': 0, 'Emergency': 0, 'Immediate': 0, 'IM': 0, 'AE': 0, 'A E': 0, 'AAPDA MITRA': 0, 'flood': 0, 'Bridge': 0, 'River': 0, 'Drain': 0, 'Restoration': 0, 'Protection': 0, 'irr': 0, 'irrigation': 2, 'dam': 0, 'Nallah': 0, 'Retrofitting': 0, 'Pond': 0, 'Pokhari': 0, 'D/C': 0, 'Recharge shaft': 0, 'LFB': 0, 'RFB': 0}","{'Floodlight': 0, 'Flood Light': 0, 'GAS': 0, 'FIFA': 0, 'pipe': 0, 'pipes': 0, 'covid': 0, 'supply': 0, 'Beautification': 0, 'Installation': 0}",Post-Monsoon,,False,False,Repair and Restoration,{'Construction': 2}
2024_ORULB_101142_5,EO/JMC/075/2023-24,Construction of C.C Road and Drain inside Mausimaa Basti in Ward No.14,Construction of C.C Road and Drain inside Mausimaa Basti in Ward No.14,Works,Open Tender,Percentage,Civil Works - Others,No,No,NA ,17-Feb-2024 05:00 PM,NA ,30.0,No ,No,Online,27-Feb-2024 11:00 AM,Municipal Bodies||Jatni Municipal Council,"EXECUTIVE OFFICER,JATNI MUNICIPALITY",752050.0,1.0,"17,84,775",PRADIP KUMAR BARAL,"1,517,237",Accepted-AOC,17-Aug-2026,Municipal Bodies||Jatni Municipal Council,True,"{'Flood': 0, 'Embankment': 0, 'embkt': 0, 'Relief': 0, 'Erosion': 0, 'SDRF': 0, 'Inundation': 0, 'Hydrology': 0, 'Silt': 0, 'Siltation': 0, 'Bund': 0, 'Trench': 0, 'Breach': 0, 'Culvert': 0, 'Sluice': 0, 'Dyke': 0, 'Storm water drain': 0, 'Emergency': 0, 'Immediate': 0, 'IM': 0, 'AE': 0, 'A E': 0, 'AAPDA MITRA': 0, 'flood': 0, 'Bridge': 0, 'River': 0, 'Drain': 2, 'Restoration': 0, 'Protection': 0, 'irr': 0, 'irrigation': 0, 'dam': 0, 'Nallah': 0, 'Retrofitting': 0, 'Pond': 0, 'Pokhari': 0, 'D/C': 0, 'Recharge shaft': 0, 'LFB': 0, 'RFB': 0}","{'Floodlight': 0, 'Flood Light': 0, 'GAS': 0, 'FIFA': 0, 'pipe': 0, 'pipes': 0, 'covid': 0, 'supply': 0, 'Beautification': 0, 'Installation': 0}",Post-Monsoon,,False,True,Repair and Restoration,"{'Construction': 2, 'Drain': 2}"
2026_RMC_131981_2,MC/RMC/43/2026,"Constructino of paver road and drain from OD RAU RIB 83P 001 to od rau rib 84P 002 and od rau rib 83P 009 to od rau rib 78 029 at Rimjhim Basti, Railway colony, Ward No. 22",Works,Works,Open Tender,Percentage,Civil Works - Others,No,No,NA ,12-Jun-2026 06:00 PM,NA ,90.0,No ,No,Online,23-Jun-2026 11:00 AM,Rourkela Municipal Corporation,Rourkela,769012.0,1.0,"25,00,000",ANITA SETHI,"2,499,702.25",Rejected-Technical,14-Aug-2026,Rourkela Municipal Corporation,True,"{'Flood': 0, 'Embankment': 0, 'embkt': 0, 'Relief': 0, 'Erosion': 0, 'SDRF': 0, 'Inundation': 0, 'Hydrology': 0, 'Silt': 0, 'Siltation': 0, 'Bund': 0, 'Trench': 0, 'Breach': 0, 'Culvert': 0, 'Sluice': 0, 'Dyke': 0, 'Storm water drain': 0, 'Emergency': 0, 'Immediate': 0, 'IM': 0, 'AE': 0, 'A E': 0, 'AAPDA MITRA': 0, 'flood': 0, 'Bridge': 0, 'River': 0, 'Drain': 1, 'Restoration': 0, 'Protection': 0, 'irr': 0, 'irrigation': 0, 'dam': 0, 'Nallah': 0, 'Retrofitting': 0, 'Pond': 0, 'Pokhari': 0, 'D/C': 0, 'Recharge shaft': 0, 'LFB': 0, 'RFB': 0}","{'Floodlight': 0, 'Flood Light': 0, 'GAS': 0, 'FIFA': 0, 'pipe': 0, 'pipes': 0, 'covid': 0, 'supply': 0, 'Beautification': 0, 'Installation': 0}",Monsoon,,False,True,Repair and Restoration,{'Drain': 1}
2026_CELBB_129420_30,MND-01 OF 2026-27,"M/R to Mahanadi left embankment from RD 00 Km to 25.950 Km, Panimandua Gherry and Sahukheta Gherry for the year 2026-27","M/R to Mahanadi left embankment from RD 00 Km to 25.950 Km, Panimandua Gherry and Sahukheta Gherry for the year 2026-27",Works,National Competitive Bid,Percentage,Civil Works - Others,No,No,NA ,19-May-2026 10:00 AM,NA ,90.0,No ,No,Online,29-May-2026 11:30 AM,"CE-BM,LMB Basin,BBSR||SE, Eastern Circle,Cuttack||EE, Mahanadi North Division,Jagatpur",PUNDALO,754021.0,1.0,"8,19,894",SWARNAMAYEE SWAIN,"746,186",Rejected-Finance,07-Aug-2026,"CE-BM,LMB Basin,BBSR||SE, Eastern Circle,Cuttack||EE, Mahanadi North Division,Jagatpur",True,"{'Flood': 0, 'Embankment': 2, 'embkt': 0, 'Relief': 0, 'Erosion': 0, 'SDRF': 0, 'Inundation': 0, 'Hydrology': 0, 'Silt': 0, 'Siltation': 0, 'Bund': 0, 'Trench': 0, 'Breach': 0, 'Culvert': 0, 'Sluice': 0, 'Dyke': 0, 'Storm water drain': 0, 'Emergency': 0, 'Immediate': 0, 'IM': 0, 'AE': 0, 'A E': 0, 'AAPDA MITRA': 0, 'flood': 0, 'Bridge': 0, 'River': 0, 'Drain': 0, 'Restoration': 0, 'Protection': 0, 'irr': 0, 'irrigation': 0, 'dam': 0, 'Nallah': 0, 'Retrofitting': 0, 'Pond': 0, 'Pokhari': 0, 'D/C': 0, 'Recharge shaft': 0, 'LFB': 0, 'RFB': 0}","{'Floodlight': 0, 'Flood Light': 0, 'GAS': 0, 'FIFA': 0, 'pipe': 0, 'pipes': 0, 'covid': 0, 'supply': 0, 'Beautification': 0, 'Installation': 0}",Pre-Monsoon,,False,True,Others,
2026_ORULB_125103_17,HIN-MUN-05/2025-26,Construction of RCC Drain with Cover Slab at Shashibhusan Marga in Ward No-19 Under Hinjilicut Municipality,Construction of RCC Drain with Cover Slab at Shashibhusan Marga in Ward No-19 Under Hinjilicut Municipality,Works,Open Tender,Percentage,Civil Works - Others,No,No,NA ,30-Jan-2026 10:00 AM,NA ,30.0,No ,No,Online,10-Feb-2026 11:00 AM,Municipal Bodies||Hinjilicut Municipal Council,HINJILICUT MUNICIPALITY,761102.0,1.0,"10,90,787",SUNIL KUMAR MAHANKUDA,"872,738.6",Rejected-AOC,13-Aug-2026,Municipal Bodies||Hinjilicut Municipal Council,True,"{'Flood': 0, 'Embankment': 0, 'embkt': 0, 'Relief': 0, 'Erosion': 0, 'SDRF': 0, 'Inundation': 0, 'Hydrology': 0, 'Silt': 0, 'Siltation': 0, 'Bund': 0, 'Trench': 0, 'Breach': 0, 'Culvert': 0, 'Sluice': 0, 'Dyke': 0, 'Storm water drain': 0, 'Emergency': 0, 'Immediate': 0, 'IM': 0, 'AE': 0, 'A E': 0, 'AAPDA MITRA': 0, 'flood': 0, 'Bridge': 0, 'River': 0, 'Drain': 2, 'Restoration': 0, 'Protection': 0, 'irr': 0, 'irrigation': 0, 'dam': 0, 'Nallah': 0, 'Retrofitting': 0, 'Pond': 0, 'Pokhari': 0, 'D/C': 0, 'Recharge shaft': 0, 'LFB': 0, 'RFB': 0}","{'Floodlight': 0, 'Flood Light': 0, 'GAS': 0, 'FIFA': 0, 'pipe': 0, 'pipes': 0, 'covid': 0, 'supply': 0, 'Beautification': 0, 'Installation': 0}",Post-Monsoon,,False,True,Repair and Restoration,"{'Construction': 2, 'Drain': 2}"
2026_ORULB_133707_1,TCRM-7/2026-27,Const. of CC drain from Mangala Mandir towards Dukha Sethi house in W.No.12,Const. of CC drain from Mangala Mandir towards Dukha Sethi house in W.No.12,Works,Open Tender,Percentage,Civil Works - Others,No,No,NA ,30-Jun-2026 04:00 PM,NA ,120.0,No ,No,Online,13-Jul-2026 11:00 AM,Municipal Bodies||Talcher Municipal Council,Talacher Municipality Office,759107.0,1.0,"11,49,000",ASWINI SINGH,"1,068,570",Rejected-AOC,17-Aug-2026,Municipal Bodies||Talcher Municipal Council,True,"{'Flood': 0, 'Embankment': 0, 'embkt': 0, 'Relief': 0, 'Erosion': 0, 'SDRF': 0, 'Inundation': 0, 'Hydrology': 0, 'Silt': 0, 'Siltation': 0, 'Bund': 0, 'Trench': 0, 'Breach': 0, 'Culvert': 0, 'Sluice': 0, 'Dyke': 0, 'Storm water drain': 0, 'Emergency': 0, 'Immediate': 0, 'IM': 0, 'AE': 0, 'A E': 0, 'AAPDA MITRA': 0, 'flood': 0, 'Bridge': 0, 'River': 0, 'Drain': 2, 'Restoration': 0, 'Protection': 0, 'irr': 0, 'irrigation': 0, 'dam': 0, 'Nallah': 0, 'Retrofitting': 0, 'Pond': 0, 'Pokhari': 0, 'D/C': 0, 'Recharge shaft': 0, 'LFB': 0, 'RFB': 0}","{'Floodlight': 0, 'Flood Light': 0, 'GAS': 0, 'FIFA': 0, 'pipe': 0, 'pipes': 0, 'covid': 0, 'supply': 0, 'Beautification': 0, 'Installation': 0}",Monsoon,,False,True,Repair and Restoration,{'Drain': 2}
2025_CERWI_122874_22,Tender Online RCK-20/25,Construction of Road from Saline Embankment to Tarini Chhak road under MMSY-TRIP in the Dist. of Kendrapara for the year 2025-26.,Construction of road works,Works,National Competitive Bid,Percentage,Civil Works - Roads,No,No,NA ,30-Dec-2025 03:30 PM,NA ,90.0,No ,No,Online,13-Jan-2026 11:00 AM,CE RW I||RWCIRCLE-KENDRAPARA,Kendrapara,754211.0,2.0,"3,91,44,680",AMBIKA PRASAD SINGH,"39,144,680",Rejected-Finance,11-Aug-2026,CE RW I||RWCIRCLE-KENDRAPARA,True,"{'Flood': 0, 'Embankment': 1, 'embkt': 0, 'Relief': 0, 'Erosion': 0, 'SDRF': 0, 'Inundation': 0, 'Hydrology': 0, 'Silt': 0, 'Siltation': 0, 'Bund': 0, 'Trench': 0, 'Breach': 0, 'Culvert': 0, 'Sluice': 0, 'Dyke': 0, 'Storm water drain': 0, 'Emergency': 0, 'Immediate': 0, 'IM': 0, 'AE': 0, 'A E': 0, 'AAPDA MITRA': 0, 'flood': 0, 'Bridge': 0, 'River': 0, 'Drain': 0, 'Restoration': 0, 'Protection': 0, 'irr': 0, 'irrigation': 0, 'dam': 0, 'Nallah': 0, 'Retrofitting': 0, 'Pond': 0, 'Pokhari': 0, 'D/C': 0, 'Recharge shaft': 0, 'LFB': 0, 'RFB': 0}","{'Floodlight': 0, 'Flood Light': 0, 'GAS': 0, 'FIFA': 0, 'pipe': 0, 'pipes': 0, 'covid': 0, 'supply': 0, 'Beautification': 0, 'Installation': 0}",Post-Monsoon,,False,True,Repair and Restoration,{'Construction': 2}
2026_CELBB_129420_34,MND-01 OF 2026-27,M/R to Mahanadi left from Madhupur to Kabula Nallah for the year 2026-27,M/R to Mahanadi left from Madhupur to Kabula Nallah for the year 2026-27,Works,National Competitive Bid,Percentage,Civil Works - Others,No,No,NA ,19-May-2026 10:00 AM,NA ,90.0,No ,No,Online,29-May-2026 11:30 AM,"CE-BM,LMB Basin,BBSR||SE, Eastern Circle,Cuttack||EE, Mahanadi North Division,Jagatpur",ATHAGARH,754021.0,1.0,"8,38,871",Diptiranjan Nayak,"838,871",Accepted-AOC,12-Aug-2026,"CE-BM,LMB Basin,BBSR||SE, Eastern Circle,Cuttack||EE, Mahanadi North Division,Jagatpur",True,"{'Flood': 0, 'Embankment': 0, 'embkt': 0, 'Relief': 0, 'Erosion': 0, 'SDRF': 0, 'Inundation': 0, 'Hydrology': 0, 'Silt': 0, 'Siltation': 0, 'Bund': 0, 'Trench': 0, 'Breach': 0, 'Culvert': 0, 'Sluice': 0, 'Dyke': 0, 'Storm water drain': 0, 'Emergency': 0, 'Immediate': 0, 'IM': 0, 'AE': 0, 'A E': 0, 'AAPDA MITRA': 0, 'flood': 0, 'Bridge': 0, 'River': 0, 'Drain': 0, 'Restoration': 0, 'Protection': 0, 'irr': 0, 'irrigation': 0, 'dam': 0, 'Nallah': 2, 'Retrofitting': 0, 'Pond': 0, 'Pokhari': 0, 'D/C': 0, 'Recharge shaft': 0, 'LFB': 0, 'RFB': 0}","{'Floodlight': 0, 'Flood Light': 0, 'GAS': 0, 'FIFA': 0, 'pipe': 0, 'pipes': 0, 'covid': 0, 'supply': 0, 'Beautification': 0, 'Installation': 0}",Pre-Monsoon,,False,False,Others,
2026_ORULB_125103_13,HIN-MUN-05/2025-26,Construction of RCC Drain with Cover Slab from Sara Bandha to Syamalai Nagar 5th Lane of Ward No-16 Under Hinjilicut Municipality,Construction of RCC Drain with Cover Slab from Sara Bandha to Syamalai Nagar 5th Lane of Ward No-16 Under Hinjilicut Municipality,Works,Open Tender,Percentage,Civil Works - Others,No,No,NA ,30-Jan-2026 10:00 AM,NA ,30.0,No ,No,Online,10-Feb-2026 11:00 AM,Municipal Bodies||Hinjilicut Municipal Council,HINJILICUT MUNICIPALITY,761102.0,1.0,"16,36,181",AJITANANDA SAHU,"1,309,108.17",Rejected-AOC,18-Aug-2026,Municipal Bodies||Hinjilicut Municipal Council,True,"{'Flood': 0, 'Embankment': 0, 'embkt': 0, 'Relief': 0, 'Erosion': 0, 'SDRF': 0, 'Inundation': 0, 'Hydrology': 0, 'Silt': 0, 'Siltation': 0, 'Bund': 0, 'Trench': 0, 'Breach': 0, 'Culvert': 0, 'Sluice': 0, 'Dyke': 0, 'Storm water drain': 0, 'Emergency': 0, 'Immediate': 0, 'IM': 0, 'AE': 0, 'A E': 0, 'AAPDA MITRA': 0, 'flood': 0, 'Bridge': 0, 'River': 0, 'Drain': 2, 'Restoration': 0, 'Protection': 0, 'irr': 0, 'irrigation': 0, 'dam': 0, 'Nallah': 0, 'Retrofitting': 0, 'Pond': 0, 'Pokhari': 0, 'D/C': 0, 'Recharge shaft': 0, 'LFB': 0, 'RFB': 0}","{'Floodlight': 0, 'Flood Light': 0, 'GAS': 0, 'FIFA': 0, 'pipe': 0, 'pipes': 0, 'covid': 0, 'supply': 0, 'Beautification': 0, 'Installation': 0}",Post-Monsoon,,False,True,Repair and Restoration,"{'Construction': 2, 'Drain': 2}"
2026_ORULB_127958_10,01/2026-27,Construction drain slabs from Shriram Nagar to Baimam Tikra Tangarpada in ward No -8 of Attabira NAC,boundary wall,Works,Open Tender,Percentage,Civil Works - Roads,No,No,NA ,09-Apr-2026 10:00 AM,NA ,60.0,No ,No,Online,20-Apr-2026 11:00 AM,Municipal Bodies||Attabira NAC,ATTABIRA NAC,768027.0,1.0,"7,62,684",Balaram Pradhan,"708,431.974",Rejected-AOC,09-Aug-2026,Municipal Bodies||Attabira NAC,True,"{'Flood': 0, 'Embankment': 0, 'embkt': 0, 'Relief': 0, 'Erosion': 0, 'SDRF': 0, 'Inundation': 0, 'Hydrology': 0, 'Silt': 0, 'Siltation': 0, 'Bund': 0, 'Trench': 0, 'Breach': 0, 'Culvert': 0, 'Sluice': 0, 'Dyke': 0, 'Storm water drain': 0, 'Emergency': 0, 'Immediate': 0, 'IM': 0, 'AE': 0, 'A E': 0, 'AAPDA MITRA': 0, 'flood': 0, 'Bridge': 0, 'River': 0, 'Drain': 1, 'Restoration': 0, 'Protection': 0, 'irr': 0, 'irrigation': 0, 'dam': 0, 'Nallah': 0, 'Retrofitting': 0, 'Pond': 0, 'Pokhari': 0, 'D/C': 0, 'Recharge shaft': 0, 'LFB': 0, 'RFB': 0}","{'Floodlight': 0, 'Flood Light': 0, 'GAS': 0, 'FIFA': 0, 'pipe': 0, 'pipes': 0, 'covid': 0, 'supply': 0, 'Beautification': 0, 'Installation': 0}",Pre-Monsoon,,False,True,Repair and Restoration,"{'Construction': 1, 'Drain': 1}"
2025_ORULB_116950_27,RN_03_2025-26,Construction of balanced C.C Road from R.D bypass road to towards R.I office with R.C.C Drain and 01(one) culvert in Ward No. 08 under Remuna NAC.,works,Works,Open Tender,Percentage,Civil Works - Roads,No,No,NA ,18-Aug-2025 11:00 AM,NA ,120.0,No ,No,Online,08-Sep-2025 11:00 AM,Municipal Bodies||Remuna NAC,Remuna NAC,756019.0,1.0,"6,78,910",ANANTA KUMAR SAHU,"577,141",Rejected-Finance,13-Aug-2026,Municipal Bodies||Remuna NAC,True,"{'Flood': 0, 'Embankment': 0, 'embkt': 0, 'Relief': 0, 'Erosion': 0, 'SDRF': 0, 'Inundation': 0, 'Hydrology': 0, 'Silt': 0, 'Siltation': 0, 'Bund': 0, 'Trench': 0, 'Breach': 0, 'Culvert': 1, 'Sluice': 0, 'Dyke': 0, 'Storm water drain': 0, 'Emergency': 0, 'Immediate': 0, 'IM': 0, 'AE': 0, 'A E': 0, 'AAPDA MITRA': 0, 'flood': 0, 'Bridge': 0, 'River': 0, 'Drain': 1, 'Restoration': 0, 'Protection': 0, 'irr': 0, 'irrigation': 0, 'dam': 0, 'Nallah': 0, 'Retrofitting': 0, 'Pond': 0, 'Pokhari': 0, 'D/C': 0, 'Recharge shaft': 0, 'LFB': 0, 'RFB': 0}","{'Floodlight': 0, 'Flood Light': 0, 'GAS': 0, 'FIFA': 0, 'pipe': 0, 'pipes': 0, 'covid': 0, 'supply': 0, 'Beautification': 0, 'Installation': 0}",Monsoon,,False,True,Repair and Restoration,"{'Construction': 1, 'Drain': 1}"
2025_CEBBS_121965_14,SERID-RKL-05-2025-26,Construction of Guard wall and bed lining from RD 840m to RD 896m of Ranibandh Sub-Minor-II and Bank raising from RD 750m to RD 830m of Left Main Canal of Kanshbahal Irrigation Project for the year 2025-26,Construction of Guard wall and bed lining from RD 840m to RD 896m of Ranibandh Sub-Minor-II and Bank raising from RD 750m to RD 830m of Left Main Canal of Kanshbahal Irrigation Project for the year 2025-26,Works,Open Tender,Percentage,Civil Works - Canal,No,No,NA ,26-Nov-2025 10:00 AM,NA ,90.0,No ,No,Online,08-Dec-2025 11:00 AM,CE and BM Brahmani Basin Samal||APD cum CCE RIP Samal||Rourkela Irrigation Division Rourkela,Kanshbahal,770031.0,1.0,"6,83,221",MOLLI KUJUR,"580,806",Accepted-AOC,11-Aug-2026,CE and BM Brahmani Basin Samal||APD cum CCE RIP Samal||Rourkela Irrigation Division Rourkela,True,"{'Flood': 0, 'Embankment': 0, 'embkt': 0, 'Relief': 0, 'Erosion': 0, 'SDRF': 0, 'Inundation': 0, 'Hydrology': 0, 'Silt': 0, 'Siltation': 0, 'Bund': 0, 'Trench': 0, 'Breach': 0, 'Culvert': 0, 'Sluice': 0, 'Dyke': 0, 'Storm water drain': 0, 'Emergency': 0, 'Immediate': 0, 'IM': 0, 'AE': 0, 'A E': 0, 'AAPDA MITRA': 0, 'flood': 0, 'Bridge': 0, 'River': 0, 'Drain': 0, 'Restoration': 0, 'Protection': 0, 'irr': 0, 'irrigation': 2, 'dam': 0, 'Nallah': 0, 'Retrofitting': 0, 'Pond': 0, 'Pokhari': 0, 'D/C': 0, 'Recharge shaft': 0, 'LFB': 0, 'RFB': 0}","{'Floodlight': 0, 'Flood Light': 0, 'GAS': 0, 'FIFA': 0, 'pipe': 0, 'pipes': 0, 'covid': 0, 'supply': 0, 'Beautification': 0, 'Installation': 0}",Post-Monsoon,,False,False,Repair and Restoration,"{'raising': 2, 'Construction': 2}"
2026_CEMIB_124558_29,BID IDENTIFICATION NO_SEMIDN_14_OF2025_26,Improvement to Kurumundali Check Dam in Nayagarh Block of Nayagarh district under Improvement to Check Dam grant for the year 2025-26.,Improvement to Kurumundali Check Dam in Nayagarh Block of Nayagarh district under Improvement to Check Dam grant for the year 2025-26.,Works,National Competitive Bid,Percentage,Civil Works - Others,No,No,NA ,14-Jan-2026 10:00 AM,NA ,90.0,No ,No,Online,21-Jan-2026 11:00 AM,"CE,Minor Irrigation,BBSR||SECMIC-BHUBANESWAR||EE MI Divn. Nayagarh",SUPERINTENDING ENGINEER M I DIVISION NAYAGARH,752070.0,1.0,,AJAYA KUMAR SAHOO,"469,611.9",Accepted-AOC,14-Aug-2026,"CE,Minor Irrigation,BBSR||SECMIC-BHUBANESWAR||EE MI Divn. Nayagarh",True,"{'Flood': 0, 'Embankment': 0, 'embkt': 0, 'Relief': 0, 'Erosion': 0, 'SDRF': 0, 'Inundation': 0, 'Hydrology': 0, 'Silt': 0, 'Siltation': 0, 'Bund': 0, 'Trench': 0, 'Breach': 0, 'Culvert': 0, 'Sluice': 0, 'Dyke': 0, 'Storm water drain': 0, 'Emergency': 0, 'Immediate': 0, 'IM': 0, 'AE': 0, 'A E': 0, 'AAPDA MITRA': 0, 'flood': 0, 'Bridge': 0, 'River': 0, 'Drain': 0, 'Restoration': 0, 'Protection': 0, 'irr': 0, 'irrigation': 0, 'dam': 4, 'Nallah': 0, 'Retrofitting': 0, 'Pond': 0, 'Pokhari': 0, 'D/C': 0, 'Recharge shaft': 0, 'LFB': 0, 'RFB': 0}","{'Floodlight': 0, 'Flood Light': 0, 'GAS': 0, 'FIFA': 0, 'pipe': 0, 'pipes': 0, 'covid': 0, 'supply': 0, 'Beautification': 0, 'Installation': 0}",Post-Monsoon,,False,False,Repair and Restoration,"{'improvement': 4, 'Check Dam': 4}"
2026_ORULB_129208_3,MC(CMC)CTC_Div-I_No.4/2026-27,Construction of C.C. road and drain at Giri Lane in Ward No. 10.,Construction of C.C. road and drain at Giri Lane in Ward No. 10.,Works,Open Tender,Percentage,Civil Works - Others,No,No,NA ,30-May-2026 03:00 PM,NA ,90.0,No ,No,Online,12-Jun-2026 11:00 AM,Municipal Bodies||Cuttack Municipal Corporation,CMC,753012.0,1.0,"6,61,900",Abadhut Mallick,"661,870",Rejected-AOC,29-Aug-2026,Municipal Bodies||Cuttack Municipal Corporation,True,"{'Flood': 0, 'Embankment': 0, 'embkt': 0, 'Relief': 0, 'Erosion': 0, 'SDRF': 0, 'Inundation': 0, 'Hydrology': 0, 'Silt': 0, 'Siltation': 0, 'Bund': 0, 'Trench': 0, 'Breach': 0, 'Culvert': 0, 'Sluice': 0, 'Dyke': 0, 'Storm water drain': 0, 'Emergency': 0, 'Immediate': 0, 'IM': 0, 'AE': 0, 'A E': 0, 'AAPDA MITRA': 0, 'flood': 0, 'Bridge': 0, 'River': 0, 'Drain': 2, 'Restoration': 0, 'Protection': 0, 'irr': 0, 'irrigation': 0, 'dam': 0, 'Nallah': 0, 'Retrofitting': 0, 'Pond': 0, 'Pokhari': 0, 'D/C': 0, 'Recharge shaft': 0, 'LFB': 0, 'RFB': 0}","{'Floodlight': 0, 'Flood Light': 0, 'GAS': 0, 'FIFA': 0, 'pipe': 0, 'pipes': 0, 'covid': 0, 'supply': 0, 'Beautification': 0, 'Installation': 0}",Pre-Monsoon,,False,True,Repair and Restoration,"{'Construction': 2, 'Drain': 2}"
2022_EICCL_84590_3,eTCN 10,Construction of Check Dam under Minor Bridge at 4.750km over river Dahuka on Itamati Khedapada Road ODR for 2022-23 in the District of Nayagarh,Construction of Check Dam under Minor Bridge at 4.750km over river Dahuka on Itamati Khedapada Road ODR for 2022-23 in the District of Nayagarh,Works,Open Tender,Percentage,Civil Works - Others,No,No,NA ,23-Dec-2022 10:00 AM,NA ,90.0,No ,No,Online,04-Jan-2023 11:00 AM,EIC-CIVIL||SERNB-CIRCLE-KHURDA||EE Nayagarh Rnb Division,Nayagarh,752069.0,1.0,"39,29,379",AMIT KUMAR SAHOO,"3,929,379",Rejected-Finance,07-Aug-2026,EIC-CIVIL||SERNB-CIRCLE-KHURDA||EE Nayagarh Rnb Division,True,"{'Flood': 0, 'Embankment': 0, 'embkt': 0, 'Relief': 0, 'Erosion': 0, 'SDRF': 0, 'Inundation': 0, 'Hydrology': 0, 'Silt': 0, 'Siltation': 0, 'Bund': 0, 'Trench': 0, 'Breach': 0, 'Culvert': 0, 'Sluice': 0, 'Dyke': 0, 'Storm water drain': 0, 'Emergency': 0, 'Immediate': 0, 'IM': 0, 'AE': 0, 'A E': 0, 'AAPDA MITRA': 0, 'flood': 0, 'Bridge': 2, 'River': 2, 'Drain': 0, 'Restoration': 0, 'Protection': 0, 'irr': 0, 'irrigation': 0, 'dam': 2, 'Nallah': 0, 'Retrofitting': 0, 'Pond': 0, 'Pokhari': 0, 'D/C': 0, 'Recharge shaft': 0, 'LFB': 0, 'RFB': 0}","{'Floodlight': 0, 'Flood Light': 0, 'GAS': 0, 'FIFA': 0, 'pipe': 0, 'pipes': 0, 'covid': 0, 'supply': 0, 'Beautification': 0, 'Installation': 0}",Post-Monsoon,,False,True,Repair and Restoration,"{'Check Dam': 2, 'Construction': 2, 'Bridge': 2}"
2026_CERWI_132917_1,02 of 2026-27,"Repair to Bridge over Junia Nallah on Benagadia to GP office kalipoi Bania Mundiatala Chandichhaka Road_Road_Railing Plastering Coloring,Stone Pitching,etc_2.700 to 2.735","Repair to Bridge over Junia Nallah on Benagadia to GP office kalipoi Bania Mundiatala Chandichhaka Road_Road_Railing Plastering Coloring,Stone Pitching,etc_2.700 to 2.735",Works,Open Tender,Percentage,Miscellaneous Works,No,No,NA ,25-Jun-2026 11:00 AM,NA ,90.0,No ,No,Online,08-Jul-2026 11:30 AM,CE RW I||RWCIRCLE-CUTTACK||RWDIVISION-CUTTACK-II,Cuttack,753004.0,1.0,"5,88,218",AKASH KUMAR SAHOO,"588,218",Accepted-AOC,10-Aug-2026,CE RW I||RWCIRCLE-CUTTACK||RWDIVISION-CUTTACK-II,True,"{'Flood': 0, 'Embankment': 0, 'embkt': 0, 'Relief': 0, 'Erosion': 0, 'SDRF': 0, 'Inundation': 0, 'Hydrology': 0, 'Silt': 0, 'Siltation': 0, 'Bund': 0, 'Trench': 0, 'Breach': 0, 'Culvert': 0, 'Sluice': 0, 'Dyke': 0, 'Storm water drain': 0, 'Emergency': 0, 'Immediate': 0, 'IM': 0, 'AE': 0, 'A E': 0, 'AAPDA MITRA': 0, 'flood': 0, 'Bridge': 2, 'River': 0, 'Drain': 0, 'Restoration': 0, 'Protection': 0, 'irr': 0, 'irrigation': 0, 'dam': 0, 'Nallah': 2, 'Retrofitting': 0, 'Pond': 0, 'Pokhari': 0, 'D/C': 0, 'Recharge shaft': 0, 'LFB': 0, 'RFB': 0}","{'Floodlight': 0, 'Flood Light': 0, 'GAS': 0, 'FIFA': 0, 'pipe': 0, 'pipes': 0, 'covid': 0, 'supply': 0, 'Beautification': 0, 'Installation': 0}",Monsoon,,False,True,Repair and Restoration,"{'repair': 2, 'Bridge': 2}"
2026_ORULB_128276_5,03/BGH- MUN/2026-27,Construction of road and drain from gaju tripathy to gour patra w.no-03,Construction of road and drain from gaju tripathy to gour patra w.no-03,Works,Open Tender,Percentage,Civil Works - Others,No,No,NA ,21-Apr-2026 01:00 PM,NA ,90.0,No ,No,Online,29-Apr-2026 11:00 AM,Municipal Bodies||Bargarh Municipal Council,Bargarh,768028.0,1.0,"8,00,000",MAMATA AGRAWAL,"678,632.758",Accepted-AOC,20-Aug-2026,Municipal Bodies||Bargarh Municipal Council,True,"{'Flood': 0, 'Embankment': 0, 'embkt': 0, 'Relief': 0, 'Erosion': 0, 'SDRF': 0, 'Inundation': 0, 'Hydrology': 0, 'Silt': 0, 'Siltation': 0, 'Bund': 0, 'Trench': 0, 'Breach': 0, 'Culvert': 0, 'Sluice': 0, 'Dyke': 0, 'Storm water drain': 0, 'Emergency': 0, 'Immediate': 0, 'IM': 0, 'AE': 0, 'A E': 0, 'AAPDA MITRA': 0, 'flood': 0, 'Bridge': 0, 'River': 0, 'Drain': 2, 'Restoration': 0, 'Protection': 0, 'irr': 0, 'irrigation': 0, 'dam': 0, 'Nallah': 0, 'Retrofitting': 0, 'Pond': 0, 'Pokhari': 0, 'D/C': 0, 'Recharge shaft': 0, 'LFB': 0, 'RFB': 0}","{'Floodlight': 0, 'Flood Light': 0, 'GAS': 0, 'FIFA': 0, 'pipe': 0, 'pipes': 0, 'covid': 0, 'supply': 0, 'Beautification': 0, 'Installation': 0}",Pre-Monsoon,,False,True,Repair and Restoration,"{'Construction': 2, 'Drain': 2}"
2026_ORULB_127071_15,KSNG-NAC-06/2025-26,CONSTRUCTION OF ROAD (PAVER ROAD)AND DRAIN NEAR SIMANCHALA SUNANI HOUSE IN WARD NO 06,CONSTRUCTION OF ROAD (PAVER ROAD)AND DRAIN NEAR SIMANCHALA SUNANI HOUSE IN WARD NO 06,Works,Open Tender,Percentage,Civil Works - Roads,No,No,NA ,10-Mar-2026 10:00 AM,NA ,90.0,No ,No,Online,23-Mar-2026 11:00 AM,Municipal Bodies||Kesinga NAC,KESINGA NAC,766012.0,1.0,"2,54,622",BIKRAM KESHARI BARIK,"248,256.45",Rejected-Technical,05-Aug-2026,Municipal Bodies||Kesinga NAC,True,"{'Flood': 0, 'Embankment': 0, 'embkt': 0, 'Relief': 0, 'Erosion': 0, 'SDRF': 0, 'Inundation': 0, 'Hydrology': 0, 'Silt': 0, 'Siltation': 0, 'Bund': 0, 'Trench': 0, 'Breach': 0, 'Culvert': 0, 'Sluice': 0, 'Dyke': 0, 'Storm water drain': 0, 'Emergency': 0, 'Immediate': 0, 'IM': 0, 'AE': 0, 'A E': 0, 'AAPDA MITRA': 0, 'flood': 0, 'Bridge': 0, 'River': 0, 'Drain': 2, 'Restoration': 0, 'Protection': 0, 'irr': 0, 'irrigation': 0, 'dam': 0, 'Nallah': 0, 'Retrofitting': 0, 'Pond': 0, 'Pokhari': 0, 'D/C': 0, 'Recharge shaft': 0, 'LFB': 0, 'RFB': 0}","{'Floodlight': 0, 'Flood Light': 0, 'GAS': 0, 'FIFA': 0, 'pipe': 0, 'pipes': 0, 'covid': 0, 'supply': 0, 'Beautification': 0, 'Installation': 0}",Pre-Monsoon,,False,True,Repair and Restoration,"{'Construction': 2, 'Drain': 2}"
2025_CELBB_120208_29,MND-11 OF 2025-26,Restoration to Disty. No 3 from RD 00 Km to RD 4.00 Km of Pattamundai Canal for the year 2025-26,Restoration to Disty. No 3 from RD 00 Km to RD 4.00 Km of Pattamundai Canal for the year 2025-26,Works,National Competitive Bid,Percentage,Civil Works - Others,No,No,NA ,29-Oct-2025 10:00 AM,NA ,90.0,No ,No,Online,10-Nov-2025 11:30 AM,"CE-BM,LMB Basin,BBSR||SE, Eastern Circle,Cuttack||EE, Mahanadi North Division,Jagatpur",NURTANG,754021.0,1.0,"31,32,924",AMITA MOHANTY,"2,663,299",Rejected-Finance,13-Aug-2026,"CE-BM,LMB Basin,BBSR||SE, Eastern Circle,Cuttack||EE, Mahanadi North Division,Jagatpur",True,"{'Flood': 0, 'Embankment': 0, 'embkt': 0, 'Relief': 0, 'Erosion': 0, 'SDRF': 0, 'Inundation': 0, 'Hydrology': 0, 'Silt': 0, 'Siltation': 0, 'Bund': 0, 'Trench': 0, 'Breach': 0, 'Culvert': 0, 'Sluice': 0, 'Dyke': 0, 'Storm water drain': 0, 'Emergency': 0, 'Immediate': 0, 'IM': 0, 'AE': 0, 'A E': 0, 'AAPDA MITRA': 0, 'flood': 0, 'Bridge': 0, 'River': 0, 'Drain': 0, 'Restoration': 2, 'Protection': 0, 'irr': 0, 'irrigation': 0, 'dam': 0, 'Nallah': 0, 'Retrofitting': 0, 'Pond': 0, 'Pokhari': 0, 'D/C': 0, 'Recharge shaft': 0, 'LFB': 0, 'RFB': 0}","{'Floodlight': 0, 'Flood Light': 0, 'GAS': 0, 'FIFA': 0, 'pipe': 0, 'pipes': 0, 'covid': 0, 'supply': 0, 'Beautification': 0, 'Installation': 0}",Post-Monsoon,,False,False,Repair and Restoration,{'restoration': 2}
2025_CERWI_119324_1,RWCSBP-14 OF 2025-26,Construction of Bridge over local nallah at Saplanji Nallah on Paruabhadi to Sanjatiapali Road in the District of Sambalpur under SBY for the year 2024-25.,Construction of Bridge over local nallah at Saplanji Nallah on Paruabhadi to Sanjatiapali Road in the District of Sambalpur under SBY for the year 2024-25.,Works,Open Tender,Percentage,Miscellaneous Works,No,No,NA ,13-Oct-2025 11:00 AM,NA ,90.0,No ,No,Online,28-Oct-2025 11:00 AM,CE RW I||RWCIRCLE-SAMBALPUR,Kuchinda,768222.0,2.0,"4,70,22,288",ABAKASH MISHRA,"39,973,647",Rejected-Finance,06-Aug-2026,CE RW I||RWCIRCLE-SAMBALPUR,True,"{'Flood': 0, 'Embankment': 0, 'embkt': 0, 'Relief': 0, 'Erosion': 0, 'SDRF': 0, 'Inundation': 0, 'Hydrology': 0, 'Silt': 0, 'Siltation': 0, 'Bund': 0, 'Trench': 0, 'Breach': 0, 'Culvert': 0, 'Sluice': 0, 'Dyke': 0, 'Storm water drain': 0, 'Emergency': 0, 'Immediate': 0, 'IM': 0, 'AE': 0, 'A E': 0, 'AAPDA MITRA': 0, 'flood': 0, 'Bridge': 2, 'River': 0, 'Drain': 0, 'Restoration': 0, 'Protection': 0, 'irr': 0, 'irrigation': 0, 'dam': 0, 'Nallah': 4, 'Retrofitting': 0, 'Pond': 0, 'Pokhari': 0, 'D/C': 0, 'Recharge shaft': 0, 'LFB': 0, 'RFB': 0}","{'Floodlight': 0, 'Flood Light': 0, 'GAS': 0, 'FIFA': 0, 'pipe': 0, 'pipes': 0, 'covid': 0, 'supply': 0, 'Beautification': 0, 'Installation': 0}",Post-Monsoon,,False,True,Repair and Restoration,"{'Construction': 2, 'Bridge': 2}"
2025_CELBB_120208_15,MND-11 OF 2025-26,Restoration to Drainage Syphone at RD 5.400 Km of Disty.no-4C near village Balabhadrapur for the year 2025-26,Restoration to Drainage Syphone at RD 5.400 Km of Disty.no-4C near village Balabhadrapur for the year 2025-26,Works,National Competitive Bid,Percentage,Civil Works - Others,No,No,NA ,29-Oct-2025 10:00 AM,NA ,90.0,No ,No,Online,10-Nov-2025 11:30 AM,"CE-BM,LMB Basin,BBSR||SE, Eastern Circle,Cuttack||EE, Mahanadi North Division,Jagatpur",KENDUPATANA,754021.0,1.0,"25,38,825",BHAGYADHAR SETHY,"2,158,255",Rejected-Finance,13-Aug-2026,"CE-BM,LMB Basin,BBSR||SE, Eastern Circle,Cuttack||EE, Mahanadi North Division,Jagatpur",True,"{'Flood': 0, 'Embankment': 0, 'embkt': 0, 'Relief': 0, 'Erosion': 0, 'SDRF': 0, 'Inundation': 0, 'Hydrology': 0, 'Silt': 0, 'Siltation': 0, 'Bund': 0, 'Trench': 0, 'Breach': 0, 'Culvert': 0, 'Sluice': 0, 'Dyke': 0, 'Storm water drain': 0, 'Emergency': 0, 'Immediate': 0, 'IM': 0, 'AE': 0, 'A E': 0, 'AAPDA MITRA': 0, 'flood': 0, 'Bridge': 0, 'River': 0, 'Drain': 0, 'Restoration': 2, 'Protection': 0, 'irr': 0, 'irrigation': 0, 'dam': 0, 'Nallah': 0, 'Retrofitting': 0, 'Pond': 0, 'Pokhari': 0, 'D/C': 0, 'Recharge shaft': 0, 'LFB': 0, 'RFB': 0}","{'Floodlight': 0, 'Flood Light': 0, 'GAS': 0, 'FIFA': 0, 'pipe': 0, 'pipes': 0, 'covid': 0, 'supply': 0, 'Beautification': 0, 'Installation': 0}",Post-Monsoon,,False,False,Repair and Restoration,{'restoration': 2}
2026_ORULB_128734_34,SNP-MUN-37/2026-27,Restoration of Drain from Chita Tarasia drain to AWC Center in w.no-3,Restoration of Drain from Chita Tarasia drain to AWC Center in w.no-3,Works,Open Tender,Percentage,Civil Works - Others,No,No,NA ,05-May-2026 11:00 AM,NA ,60.0,No ,No,Online,16-May-2026 11:00 AM,Municipal Bodies||Sonepur Municipal Council,Sonepur Municipality,767017.0,1.0,"2,62,831",BIBHUTI BHUSAN DASH,"262,831",Accepted-AOC,01-Aug-2026,Municipal Bodies||Sonepur Municipal Council,True,"{'Flood': 0, 'Embankment': 0, 'embkt': 0, 'Relief': 0, 'Erosion': 0, 'SDRF': 0, 'Inundation': 0, 'Hydrology': 0, 'Silt': 0, 'Siltation': 0, 'Bund': 0, 'Trench': 0, 'Breach': 0, 'Culvert': 0, 'Sluice': 0, 'Dyke': 0, 'Storm water drain': 0, 'Emergency': 0, 'Immediate': 0, 'IM': 0, 'AE': 0, 'A E': 0, 'AAPDA MITRA': 0, 'flood': 0, 'Bridge': 0, 'River': 0, 'Drain': 4, 'Restoration': 2, 'Protection': 0, 'irr': 0, 'irrigation': 0, 'dam': 0, 'Nallah': 0, 'Retrofitting': 0, 'Pond': 0, 'Pokhari': 0, 'D/C': 0, 'Recharge shaft': 0, 'LFB': 0, 'RFB': 0}","{'Floodlight': 0, 'Flood Light': 0, 'GAS': 0, 'FIFA': 0, 'pipe': 0, 'pipes': 0, 'covid': 0, 'supply': 0, 'Beautification': 0, 'Installation': 0}",Pre-Monsoon,,False,True,Repair and Restoration,"{'restoration': 2, 'Drain': 4}"
2026_ORULB_128798_2,MC(CMC)CTC_Div-IINo6/2026-27,Wall Painting from Babamani Hotel front to Trinath Temple over bridge in Ward No.38,Wall Painting from Babamani Hotel front to Trinath Temple over bridge in Ward No.38,Works,Open Tender,Percentage,Civil Works - Others,No,No,NA ,08-May-2026 11:00 AM,NA ,60.0,No ,No,Online,25-May-2026 10:00 AM,Municipal Bodies||Cuttack Municipal Corporation,CMC,753012.0,1.0,"8,26,229",ARJUN KUMAR NAYAK,"702,295.06",Accepted-AOC,10-Aug-2026,Municipal Bodies||Cuttack Municipal Corporation,True,"{'Flood': 0, 'Embankment': 0, 'embkt': 0, 'Relief': 0, 'Erosion': 0, 'SDRF': 0, 'Inundation': 0, 'Hydrology': 0, 'Silt': 0, 'Siltation': 0, 'Bund': 0, 'Trench': 0, 'Breach': 0, 'Culvert': 0, 'Sluice': 0, 'Dyke': 0, 'Storm water drain': 0, 'Emergency': 0, 'Immediate': 0, 'IM': 0, 'AE': 0, 'A E': 0, 'AAPDA MITRA': 0, 'flood': 0, 'Bridge': 2, 'River': 0, 'Drain': 0, 'Restoration': 0, 'Protection': 0, 'irr': 0, 'irrigation': 0, 'dam': 0, 'Nallah': 0, 'Retrofitting': 0, 'Pond': 0, 'Pokhari': 0, 'D/C': 0, 'Recharge shaft': 0, 'LFB': 0, 'RFB': 0}","{'Floodlight': 0, 'Flood Light': 0, 'GAS': 0, 'FIFA': 0, 'pipe': 0, 'pipes': 0, 'covid': 0, 'supply': 0, 'Beautification': 0, 'Installation': 0}",Pre-Monsoon,,False,True,Repair and Restoration,{'Bridge': 2}
2025_CERWI_119319_1,RWCSBP-14 OF 2025-26,Construction of Bridge over Local Nallah on Titerposh to Pindhapathar Road in the District of Sambalpur under SBY for the year 2024-25.,Construction of Bridge over Local Nallah on Titerposh to Pindhapathar Road in the District of Sambalpur under SBY for the year 2024-25.,Works,Open Tender,Percentage,Miscellaneous Works,No,No,NA ,13-Oct-2025 11:00 AM,NA ,90.0,No ,No,Online,28-Oct-2025 11:00 AM,CE RW I||RWCIRCLE-SAMBALPUR,Kuchinda,768222.0,2.0,"5,03,87,140",JISHU KRISHNA PATRA,"42,834,108",Rejected-Finance,10-Aug-2026,CE RW I||RWCIRCLE-SAMBALPUR,True,"{'Flood': 0, 'Embankment': 0, 'embkt': 0, 'Relief': 0, 'Erosion': 0, 'SDRF': 0, 'Inundation': 0, 'Hydrology': 0, 'Silt': 0, 'Siltation': 0, 'Bund': 0, 'Trench': 0, 'Breach': 0, 'Culvert': 0, 'Sluice': 0, 'Dyke': 0, 'Storm water drain': 0, 'Emergency': 0, 'Immediate': 0, 'IM': 0, 'AE': 0, 'A E': 0, 'AAPDA MITRA': 0, 'flood': 0, 'Bridge': 2, 'River': 0, 'Drain': 0, 'Restoration': 0, 'Protection': 0, 'irr': 0, 'irrigation': 0, 'dam': 0, 'Nallah': 2, 'Retrofitting': 0, 'Pond': 0, 'Pokhari': 0, 'D/C': 0, 'Recharge shaft': 0, 'LFB': 0, 'RFB': 0}","{'Floodlight': 0, 'Flood Light': 0, 'GAS': 0, 'FIFA': 0, 'pipe': 0, 'pipes': 0, 'covid': 0, 'supply': 0, 'Beautification': 0, 'Installation': 0}",Post-Monsoon,,False,True,Repair and Restoration,"{'Construction': 2, 'Bridge': 2}"
2025_CEMLP_114817_1,3ML/2025-26,"EXECUTION OF 3 NOS. LIS WITH INTAKE POINTS ON TEL RIVER , UNDER RIVER (PATHARLA ISS INCLUDING ITS DIST. NETWORK UPTO 1 HA CHAK HAVING PLANNED CCA 4330HA IN CLUSTER-XXXVI INCLUDING POWER SYSTEM CONNECTIVITY AND O AND M FOR 15 YEARS ON EPC TURNKEY MODE",MEGALIFT PROJECTS,Works,Open Tender,Turn-key,Civil Works - Lift Irrigation Schemes,No,No,NA ,25-Jun-2025 10:00 AM,04-Jul-2025 11:00 AM ,180.0,No ,No,Both(Online/Offline),06-Aug-2025 11:00 AM,CE Megalift Projects Bhubaneswar,BOLANGIR,767033.0,2.0,"1,46,15,32,000",Backbone Construction Pvt Ltd,"1,315,524,954",Rejected-AOC,25-Aug-2026,CE Megalift Projects Bhubaneswar,True,"{'Flood': 0, 'Embankment': 0, 'embkt': 0, 'Relief': 0, 'Erosion': 0, 'SDRF': 0, 'Inundation': 0, 'Hydrology': 0, 'Silt': 0, 'Siltation': 0, 'Bund': 0, 'Trench': 0, 'Breach': 0, 'Culvert': 0, 'Sluice': 0, 'Dyke': 0, 'Storm water drain': 0, 'Emergency': 0, 'Immediate': 0, 'IM': 0, 'AE': 0, 'A E': 0, 'AAPDA MITRA': 0, 'flood': 0, 'Bridge': 0, 'River': 2, 'Drain': 0, 'Restoration': 0, 'Protection': 0, 'irr': 0, 'irrigation': 0, 'dam': 0, 'Nallah': 0, 'Retrofitting': 0, 'Pond': 0, 'Pokhari': 0, 'D/C': 0, 'Recharge shaft': 0, 'LFB': 0, 'RFB': 0}","{'Floodlight': 0, 'Flood Light': 0, 'GAS': 0, 'FIFA': 0, 'pipe': 0, 'pipes': 0, 'covid': 0, 'supply': 0, 'Beautification': 0, 'Installation': 0}",Monsoon,,False,False,Others,
2026_ORULB_126671_13,EO/RGP/07 of 2025-26,"Construction of Drain with Cover Slab with Culvert from Madhu Suniani House towards Agriculture farm, Kundupada in Ward no.07","Construction of Drain with Cover Slab with Culvert from Madhu Suniani House towards Agriculture farm, Kundupada in Ward no.07",Works,Open Tender,Percentage,Civil Works - Others,No,No,NA ,27-Feb-2026 11:00 AM,NA ,90.0,No ,No,Online,13-Mar-2026 11:00 AM,Municipal Bodies||Rajgangpur Municipality,Rajgangpur Municipality,770017.0,1.0,"4,00,000",AMIT KUMAR RAY,"400,000",Accepted-AOC,18-Aug-2026,Municipal Bodies||Rajgangpur Municipality,True,"{'Flood': 0, 'Embankment': 0, 'embkt': 0, 'Relief': 0, 'Erosion': 0, 'SDRF': 0, 'Inundation': 0, 'Hydrology': 0, 'Silt': 0, 'Siltation': 0, 'Bund': 0, 'Trench': 0, 'Breach': 0, 'Culvert': 2, 'Sluice': 0, 'Dyke': 0, 'Storm water drain': 0, 'Emergency': 0, 'Immediate': 0, 'IM': 0, 'AE': 0, 'A E': 0, 'AAPDA MITRA': 0, 'flood': 0, 'Bridge': 0, 'River': 0, 'Drain': 2, 'Restoration': 0, 'Protection': 0, 'irr': 0, 'irrigation': 0, 'dam': 0, 'Nallah': 0, 'Retrofitting': 0, 'Pond': 0, 'Pokhari': 0, 'D/C': 0, 'Recharge shaft': 0, 'LFB': 0, 'RFB': 0}","{'Floodlight': 0, 'Flood Light': 0, 'GAS': 0, 'FIFA': 0, 'pipe': 0, 'pipes': 0, 'covid': 0, 'supply': 0, 'Beautification': 0, 'Installation': 0}",Post-Monsoon,,False,True,Repair and Restoration,"{'Construction': 2, 'Drain': 2}"
2025_CELBB_119432_10,MND-09 OF 2025-26,Construction of spur at RD 5.650 Km on Nuna right embankment near village Ayitipur for the year 2025-26,Construction of spur at RD 5.650 Km on Nuna right embankment near village Ayitipur for the year 2025-26,Works,National Competitive Bid,Percentage,Civil Works - Others,No,No,NA ,14-Oct-2025 10:00 AM,NA ,90.0,No ,No,Online,29-Oct-2025 11:30 AM,"CE-BM,LMB Basin,BBSR||SE, Eastern Circle,Cuttack||EE, Mahanadi North Division,Jagatpur",PUNDALO,754102.0,2.0,"84,73,471",ADITYA DAS,"7,203,298",Rejected-Finance,06-Aug-2026,"CE-BM,LMB Basin,BBSR||SE, Eastern Circle,Cuttack||EE, Mahanadi North Division,Jagatpur",True,"{'Flood': 0, 'Embankment': 2, 'embkt': 0, 'Relief': 0, 'Erosion': 0, 'SDRF': 0, 'Inundation': 0, 'Hydrology': 0, 'Silt': 0, 'Siltation': 0, 'Bund': 0, 'Trench': 0, 'Breach': 0, 'Culvert': 0, 'Sluice': 0, 'Dyke': 0, 'Storm water drain': 0, 'Emergency': 0, 'Immediate': 0, 'IM': 0, 'AE': 0, 'A E': 0, 'AAPDA MITRA': 0, 'flood': 0, 'Bridge': 0, 'River': 0, 'Drain': 0, 'Restoration': 0, 'Protection': 0, 'irr': 0, 'irrigation': 0, 'dam': 0, 'Nallah': 0, 'Retrofitting': 0, 'Pond': 0, 'Pokhari': 0, 'D/C': 0, 'Recharge shaft': 0, 'LFB': 0, 'RFB': 0}","{'Floodlight': 0, 'Flood Light': 0, 'GAS': 0, 'FIFA': 0, 'pipe': 0, 'pipes': 0, 'covid': 0, 'supply': 0, 'Beautification': 0, 'Installation': 0}",Post-Monsoon,,False,True,Repair and Restoration,{'Construction': 2}
2025_ORULB_120809_107,BLGR MPTY/09(01-114)/2025-26,"Const.of Road and Culvert Adjacent to Boundary wall of SV Nirtal, Nikhil Nagar,W.No.21",Road and Culvert Work,Works,Open Tender,Percentage,Civil Works - Roads,No,No,NA ,07-Nov-2025 11:55 AM,NA ,180.0,No ,No,Online,24-Nov-2025 11:00 AM,Municipal Bodies||Balangir Municipality,Balangir,767001.0,1.0,"7,58,520",RASHMI RANI MUND,"644,817.92",Accepted-AOC,15-Jul-2026,Municipal Bodies||Balangir Municipality,True,"{'Flood': 0, 'Embankment': 0, 'embkt': 0, 'Relief': 0, 'Erosion': 0, 'SDRF': 0, 'Inundation': 0, 'Hydrology': 0, 'Silt': 0, 'Siltation': 0, 'Bund': 0, 'Trench': 0, 'Breach': 0, 'Culvert': 2, 'Sluice': 0, 'Dyke': 0, 'Storm water drain': 0, 'Emergency': 0, 'Immediate': 0, 'IM': 0, 'AE': 0, 'A E': 0, 'AAPDA MITRA': 0, 'flood': 0, 'Bridge': 0, 'River': 0, 'Drain': 0, 'Restoration': 0, 'Protection': 0, 'irr': 0, 'irrigation': 0, 'dam': 0, 'Nallah': 0, 'Retrofitting': 0, 'Pond': 0, 'Pokhari': 0, 'D/C': 0, 'Recharge shaft': 0, 'LFB': 0, 'RFB': 0}","{'Floodlight': 0, 'Flood Light': 0, 'GAS': 0, 'FIFA': 0, 'pipe': 0, 'pipes': 0, 'covid': 0, 'supply': 0, 'Beautification': 0, 'Installation': 0}",Post-Monsoon,,False,True,Others,
2026_OMC_128671_3,NIT No.14/OMC/CIVIL/2026,"Environmental protection work such as Crate Boulder Retaining wall, Garland drain, Settling pit for Guali Iron Ore Mines of Barbil Region in the district of Keonjhar.","Environmental protection work such as Crate Boulder Retaining wall, Garland drain, Settling pit for Guali Iron Ore Mines of Barbil Region in the district of Keonjhar.",Works,Open Tender,Percentage,Civil Works - Others,No,No,NA ,30-Apr-2026 05:00 PM,NA ,180.0,No ,No,Online,15-May-2026 11:00 AM,Orissa Mining Corporation,GUALI MINES,758035.0,2.0,"2,64,96,000",ANSUMAN BHUYAN,"17,089,423.78",Rejected-Technical,06-Aug-2026,Orissa Mining Corporation,True,"{'Flood': 0, 'Embankment': 0, 'embkt': 0, 'Relief': 0, 'Erosion': 0, 'SDRF': 0, 'Inundation': 0, 'Hydrology': 0, 'Silt': 0, 'Siltation': 0, 'Bund': 0, 'Trench': 0, 'Breach': 0, 'Culvert': 0, 'Sluice': 0, 'Dyke': 0, 'Storm water drain': 0, 'Emergency': 0, 'Immediate': 0, 'IM': 0, 'AE': 0, 'A E': 0, 'AAPDA MITRA': 0, 'flood': 0, 'Bridge': 0, 'River': 0, 'Drain': 2, 'Restoration': 0, 'Protection': 2, 'irr': 0, 'irrigation': 0, 'dam': 0, 'Nallah': 0, 'Retrofitting': 0, 'Pond': 0, 'Pokhari': 0, 'D/C': 0, 'Recharge shaft': 0, 'LFB': 0, 'RFB': 0}","{'Floodlight': 0, 'Flood Light': 0, 'GAS': 0, 'FIFA': 0, 'pipe': 0, 'pipes': 0, 'covid': 0, 'supply': 0, 'Beautification': 0, 'Installation': 0}",Pre-Monsoon,,False,True,Repair and Restoration,{'Drain': 2}
2026_ORULB_131617_3,MC(CMC)CTC_Div-IINo13/2026-27,Construction of RCC drain with cover slab from Tofani res to Babuli Swain res in Ward No. 30,Construction of RCC drain with cover slab from Tofani res to Babuli Swain res in Ward No. 30,Works,Open Tender,Percentage,Civil Works - Others,No,No,NA ,25-Jun-2026 01:10 PM,NA ,90.0,No ,No,Online,03-Jul-2026 11:00 AM,Municipal Bodies||Cuttack Municipal Corporation,CMC,753012.0,1.0,"6,73,000",BHAGABAT PRASAD DAS,"672,948",Rejected-AOC,21-Aug-2026,Municipal Bodies||Cuttack Municipal Corporation,True,"{'Flood': 0, 'Embankment': 0, 'embkt': 0, 'Relief': 0, 'Erosion': 0, 'SDRF': 0, 'Inundation': 0, 'Hydrology': 0, 'Silt': 0, 'Siltation': 0, 'Bund': 0, 'Trench': 0, 'Breach': 0, 'Culvert': 0, 'Sluice': 0, 'Dyke': 0, 'Storm water drain': 0, 'Emergency': 0, 'Immediate': 0, 'IM': 0, 'AE': 0, 'A E': 0, 'AAPDA MITRA': 0, 'flood': 0, 'Bridge': 0, 'River': 0, 'Drain': 2, 'Restoration': 0, 'Protection': 0, 'irr': 0, 'irrigation': 0, 'dam': 0, 'Nallah': 0, 'Retrofitting': 0, 'Pond': 0, 'Pokhari': 0, 'D/C': 0, 'Recharge shaft': 0, 'LFB': 0, 'RFB': 0}","{'Floodlight': 0, 'Flood Light': 0, 'GAS': 0, 'FIFA': 0, 'pipe': 0, 'pipes': 0, 'covid': 0, 'supply': 0, 'Beautification': 0, 'Installation': 0}",Monsoon,,False,True,Repair and Restoration,"{'Construction': 2, 'Drain': 2}"
2026_ORULB_129425_41,BLGR MPTY/02(01-111)/2026-27,"Const. of Paver Block on Existing Kuchha Road from Subash Bagh to Prabhat Dash Res, W.No.4",Road and Drain work,Works,Open Tender,Percentage,Civil Works - Roads,No,No,NA ,19-May-2026 11:00 AM,NA ,120.0,No ,No,Online,02-Jun-2026 11:00 AM,Municipal Bodies||Balangir Municipality,Balangir,767001.0,1.0,"3,40,819",SAMPAD KUMAR SAHU,"340,784.82",Rejected-Finance,17-Aug-2026,Municipal Bodies||Balangir Municipality,True,"{'Flood': 0, 'Embankment': 0, 'embkt': 0, 'Relief': 0, 'Erosion': 0, 'SDRF': 0, 'Inundation': 0, 'Hydrology': 0, 'Silt': 0, 'Siltation': 0, 'Bund': 0, 'Trench': 0, 'Breach': 0, 'Culvert': 0, 'Sluice': 0, 'Dyke': 0, 'Storm water drain': 0, 'Emergency': 0, 'Immediate': 0, 'IM': 0, 'AE': 0, 'A E': 0, 'AAPDA MITRA': 0, 'flood': 0, 'Bridge': 0, 'River': 0, 'Drain': 1, 'Restoration': 0, 'Protection': 0, 'irr': 0, 'irrigation': 0, 'dam': 0, 'Nallah': 0, 'Retrofitting': 0, 'Pond': 0, 'Pokhari': 0, 'D/C': 0, 'Recharge shaft': 0, 'LFB': 0, 'RFB': 0}","{'Floodlight': 0, 'Flood Light': 0, 'GAS': 0, 'FIFA': 0, 'pipe': 0, 'pipes': 0, 'covid': 0, 'supply': 0, 'Beautification': 0, 'Installation': 0}",Pre-Monsoon,,False,True,Repair and Restoration,{'Drain': 1}
2026_EICCL_125182_1,eTCN-70 of 2025-26,Restoration OF Peripherial Road of Sailashree Vihar Sai Temple to Mangala Temple via Jagannath Temple deposited by WATCO for the year 2025-26,Restoration OF Peripherial Road of Sailashree Vihar Sai Temple to Mangala Temple via Jagannath Temple deposited by WATCO for the year 2025-26,Works,Open Tender,Percentage,Civil Works - Roads,No,No,NA ,29-Jan-2026 06:05 PM,NA ,90.0,No ,No,Online,07-Feb-2026 05:30 PM,EIC-CIVIL||SERNB-CIRCLE-CENTRAL||EERNB-DIVN-III-BBSR,Bhubaneswar,751001.0,2.0,"60,62,000",BISWAJIT JENA,"4,091,789.41",Rejected-Finance,20-Aug-2026,EIC-CIVIL||SERNB-CIRCLE-CENTRAL||EERNB-DIVN-III-BBSR,True,"{'Flood': 0, 'Embankment': 0, 'embkt': 0, 'Relief': 0, 'Erosion': 0, 'SDRF': 0, 'Inundation': 0, 'Hydrology': 0, 'Silt': 0, 'Siltation': 0, 'Bund': 0, 'Trench': 0, 'Breach': 0, 'Culvert': 0, 'Sluice': 0, 'Dyke': 0, 'Storm water drain': 0, 'Emergency': 0, 'Immediate': 0, 'IM': 0, 'AE': 0, 'A E': 0, 'AAPDA MITRA': 0, 'flood': 0, 'Bridge': 0, 'River': 0, 'Drain': 0, 'Restoration': 2, 'Protection': 0, 'irr': 0, 'irrigation': 0, 'dam': 0, 'Nallah': 0, 'Retrofitting': 0, 'Pond': 0, 'Pokhari': 0, 'D/C': 0, 'Recharge shaft': 0, 'LFB': 0, 'RFB': 0}","{'Floodlight': 0, 'Flood Light': 0, 'GAS': 0, 'FIFA': 0, 'pipe': 0, 'pipes': 0, 'covid': 0, 'supply': 0, 'Beautification': 0, 'Installation': 0}",Post-Monsoon,,False,True,Repair and Restoration,{'restoration': 2}
2026_CEMIB_128458_4,SEMIDRGD-03/2026-27,Construction of Kerada Check Dam (RG110080) in Rayagada Block of Rayagada District under MATY 3.0 for the Year 2026-27,Construction of Kerada Check Dam (RG110080) in Rayagada Block of Rayagada District under MATY 3.0 for the Year 2026-27,Works,National Competitive Bid,Percentage,Civil Works - Others,No,No,NA ,29-Apr-2026 10:00 AM,NA ,90.0,No ,No,Online,14-May-2026 11:00 AM,"CE,Minor Irrigation,BBSR||SE,KBK Minor Irr.CircleII,Jeypore||EE M.I. Division Rayagada",Rayagada,765001.0,2.0,"97,02,099",Akhyaya Kumar Sahu,"9,702,099.23",Rejected-AOC,17-Jun-2026,"CE,Minor Irrigation,BBSR||SE,KBK Minor Irr.CircleII,Jeypore||EE M.I. Division Rayagada",True,"{'Flood': 0, 'Embankment': 0, 'embkt': 0, 'Relief': 0, 'Erosion': 0, 'SDRF': 0, 'Inundation': 0, 'Hydrology': 0, 'Silt': 0, 'Siltation': 0, 'Bund': 0, 'Trench': 0, 'Breach': 0, 'Culvert': 0, 'Sluice': 0, 'Dyke': 0, 'Storm water drain': 0, 'Emergency': 0, 'Immediate': 0, 'IM': 0, 'AE': 0, 'A E': 0, 'AAPDA MITRA': 0, 'flood': 0, 'Bridge': 0, 'River': 0, 'Drain': 0, 'Restoration': 0, 'Protection': 0, 'irr': 0, 'irrigation': 0, 'dam': 2, 'Nallah': 0, 'Retrofitting': 0, 'Pond': 0, 'Pokhari': 0, 'D/C': 0, 'Recharge shaft': 0, 'LFB': 0, 'RFB': 0}","{'Floodlight': 0, 'Flood Light': 0, 'GAS': 0, 'FIFA': 0, 'pipe': 0, 'pipes': 0, 'covid': 0, 'supply': 0, 'Beautification': 0, 'Installation': 0}",Pre-Monsoon,,False,False,Repair and Restoration,"{'Check Dam': 2, 'Construction': 2}"
2026_ORULB_126671_12,EO/RGP/07 of 2025-26,Construction of Drain from Kulipada Dasrath House towards Railway Bridge at Ward No.07,Construction of Drain from Kulipada Dasrath House towards Railway Bridge at Ward No.07,Works,Open Tender,Percentage,Civil Works - Others,No,No,NA ,27-Feb-2026 11:00 AM,NA ,90.0,No ,No,Online,13-Mar-2026 11:00 AM,Municipal Bodies||Rajgangpur Municipality,Rajgangpur Municipality,770017.0,1.0,"8,00,000",SHANKAR MAJHI,"800,000",Rejected-AOC,25-Aug-2026,Municipal Bodies||Rajgangpur Municipality,True,"{'Flood': 0, 'Embankment': 0, 'embkt': 0, 'Relief': 0, 'Erosion': 0, 'SDRF': 0, 'Inundation': 0, 'Hydrology': 0, 'Silt': 0, 'Siltation': 0, 'Bund': 0, 'Trench': 0, 'Breach': 0, 'Culvert': 0, 'Sluice': 0, 'Dyke': 0, 'Storm water drain': 0, 'Emergency': 0, 'Immediate': 0, 'IM': 0, 'AE': 0, 'A E': 0, 'AAPDA MITRA': 0, 'flood': 0, 'Bridge': 2, 'River': 0, 'Drain': 2, 'Restoration': 0, 'Protection': 0, 'irr': 0, 'irrigation': 0, 'dam': 0, 'Nallah': 0, 'Retrofitting': 0, 'Pond': 0, 'Pokhari': 0, 'D/C': 0, 'Recharge shaft': 0, 'LFB': 0, 'RFB': 0}","{'Floodlight': 0, 'Flood Light': 0, 'GAS': 0, 'FIFA': 0, 'pipe': 0, 'pipes': 0, 'covid': 0, 'supply': 0, 'Beautification': 0, 'Installation': 0}",Post-Monsoon,,False,True,Repair and Restoration,"{'Construction': 2, 'Bridge': 2, 'Drain': 2}"
2026_CERWI_125013_1,RWCCESNG-29 of 2025-26,Construction of bridge over Kharlighat Nallah at 0.300Km on Gouramal Junadihi to Rajpur Turipoda (RD),Construction of bridge over Kharlighat Nallah at 0.300Km on Gouramal Junadihi to Rajpur Turipoda (RD),Works,National Competitive Bid,Percentage,Civil Works - Bridges,No,No,NA ,23-Jan-2026 09:00 AM,NA ,90.0,No ,No,Online,11-Feb-2026 11:00 AM,CE RW I||RW-CIRCLE-SUNDARGARH,Jharsuguda,768204.0,2.0,"3,97,12,751",ABHIJEET PATI,"30,503,364.015",Accepted-AOC,08-Aug-2026,CE RW I||RW-CIRCLE-SUNDARGARH,True,"{'Flood': 0, 'Embankment': 0, 'embkt': 0, 'Relief': 0, 'Erosion': 0, 'SDRF': 0, 'Inundation': 0, 'Hydrology': 0, 'Silt': 0, 'Siltation': 0, 'Bund': 0, 'Trench': 0, 'Breach': 0, 'Culvert': 0, 'Sluice': 0, 'Dyke': 0, 'Storm water drain': 0, 'Emergency': 0, 'Immediate': 0, 'IM': 0, 'AE': 0, 'A E': 0, 'AAPDA MITRA': 0, 'flood': 0, 'Bridge': 2, 'River': 0, 'Drain': 0, 'Restoration': 0, 'Protection': 0, 'irr': 0, 'irrigation': 0, 'dam': 0, 'Nallah': 2, 'Retrofitting': 0, 'Pond': 0, 'Pokhari': 0, 'D/C': 0, 'Recharge shaft': 0, 'LFB': 0, 'RFB': 0}","{'Floodlight': 0, 'Flood Light': 0, 'GAS': 0, 'FIFA': 0, 'pipe': 0, 'pipes': 0, 'covid': 0, 'supply': 0, 'Beautification': 0, 'Installation': 0}",Post-Monsoon,,False,True,Repair and Restoration,"{'Construction': 2, 'Bridge': 2}"
2026_ORULB_124590_9,BBLM-6/2025-26,"Construction of drain from East Barbil Primary School to Nallah, Bangali sahi, Ward No.4, Barbil","Construction of drain from East Barbil Primary School to Nallah, Bangali sahi, Ward No.4, Barbil",Works,Open Tender,Percentage,Civil Works - Others,No,No,NA ,20-Jan-2026 10:00 AM,NA ,90.0,No ,No,Online,04-Feb-2026 11:00 AM,Municipal Bodies||Barbil Municipality,Barbil,758035.0,2.0,"18,79,000",SANJAY DAS,"1,970,897",Accepted-AOC,24-Aug-2026,Municipal Bodies||Barbil Municipality,True,"{'Flood': 0, 'Embankment': 0, 'embkt': 0, 'Relief': 0, 'Erosion': 0, 'SDRF': 0, 'Inundation': 0, 'Hydrology': 0, 'Silt': 0, 'Siltation': 0, 'Bund': 0, 'Trench': 0, 'Breach': 0, 'Culvert': 0, 'Sluice': 0, 'Dyke': 0, 'Storm water drain': 0, 'Emergency': 0, 'Immediate': 0, 'IM': 0, 'AE': 0, 'A E': 0, 'AAPDA MITRA': 0, 'flood': 0, 'Bridge': 0, 'River': 0, 'Drain': 2, 'Restoration': 0, 'Protection': 0, 'irr': 0, 'irrigation': 0, 'dam': 0, 'Nallah': 2, 'Retrofitting': 0, 'Pond': 0, 'Pokhari': 0, 'D/C': 0, 'Recharge shaft': 0, 'LFB': 0, 'RFB': 0}","{'Floodlight': 0, 'Flood Light': 0, 'GAS': 0, 'FIFA': 0, 'pipe': 0, 'pipes': 0, 'covid': 0, 'supply': 0, 'Beautification': 0, 'Installation': 0}",Post-Monsoon,,False,True,Repair and Restoration,"{'Construction': 2, 'Drain': 2}"
2026_CERWI_132705_1,OnlineEERKL 10/2026-27,MDR26 to Bhadratola_Road_ Boxcell culvert -3x5x2-m with Protection wall and approachAt 0.450 km,MDR26 to Bhadratola_Road_ Boxcell culvert -3x5x2-m with Protection wall and approachAt 0.450 km,Works,Open Tender,Percentage,Civil Works - Roads,No,No,NA ,23-Jun-2026 01:00 PM,NA ,120.0,No ,No,Online,06-Jul-2026 10:00 AM,CE RW I||RW-CIRCLE-SUNDARGARH||RW-Division-Sundargarh II,ROURKELA,769004.0,1.0,"33,05,069",ABDUL QAIYUM ANSARI,"3,005,069",Rejected-AOC,21-Aug-2026,CE RW I||RW-CIRCLE-SUNDARGARH||RW-Division-Sundargarh II,True,"{'Flood': 0, 'Embankment': 0, 'embkt': 0, 'Relief': 0, 'Erosion': 0, 'SDRF': 0, 'Inundation': 0, 'Hydrology': 0, 'Silt': 0, 'Siltation': 0, 'Bund': 0, 'Trench': 0, 'Breach': 0, 'Culvert': 2, 'Sluice': 0, 'Dyke': 0, 'Storm water drain': 0, 'Emergency': 0, 'Immediate': 0, 'IM': 0, 'AE': 0, 'A E': 0, 'AAPDA MITRA': 0, 'flood': 0, 'Bridge': 0, 'River': 0, 'Drain': 0, 'Restoration': 0, 'Protection': 2, 'irr': 0, 'irrigation': 0, 'dam': 0, 'Nallah': 0, 'Retrofitting': 0, 'Pond': 0, 'Pokhari': 0, 'D/C': 0, 'Recharge shaft': 0, 'LFB': 0, 'RFB': 0}","{'Floodlight': 0, 'Flood Light': 0, 'GAS': 0, 'FIFA': 0, 'pipe': 0, 'pipes': 0, 'covid': 0, 'supply': 0, 'Beautification': 0, 'Installation': 0}",Monsoon,,False,True,Preparedness Measures,{'Protection': 2}
2026_ORULB_128276_4,03/BGH- MUN/2026-27,Contruction of CC Road and drain from swain house to nalia w.no-09,Contruction of CC Road and drain from swain house to nalia w.no-09,Works,Open Tender,Percentage,Civil Works - Others,No,No,NA ,21-Apr-2026 01:00 PM,NA ,90.0,No ,No,Online,29-Apr-2026 11:00 AM,Municipal Bodies||Bargarh Municipal Council,Bargarh,768028.0,1.0,"11,00,624",MAMATA AGRAWAL,"931,684.483",Accepted-AOC,21-Aug-2026,Municipal Bodies||Bargarh Municipal Council,True,"{'Flood': 0, 'Embankment': 0, 'embkt': 0, 'Relief': 0, 'Erosion': 0, 'SDRF': 0, 'Inundation': 0, 'Hydrology': 0, 'Silt': 0, 'Siltation': 0, 'Bund': 0, 'Trench': 0, 'Breach': 0, 'Culvert': 0, 'Sluice': 0, 'Dyke': 0, 'Storm water drain': 0, 'Emergency': 0, 'Immediate': 0, 'IM': 0, 'AE': 0, 'A E': 0, 'AAPDA MITRA': 0, 'flood': 0, 'Bridge': 0, 'River': 0, 'Drain': 2, 'Restoration': 0, 'Protection': 0, 'irr': 0, 'irrigation': 0, 'dam': 0, 'Nallah': 0, 'Retrofitting': 0, 'Pond': 0, 'Pokhari': 0, 'D/C': 0, 'Recharge shaft': 0, 'LFB': 0, 'RFB': 0}","{'Floodlight': 0, 'Flood Light': 0, 'GAS': 0, 'FIFA': 0, 'pipe': 0, 'pipes': 0, 'covid': 0, 'supply': 0, 'Beautification': 0, 'Installation': 0}",Pre-Monsoon,,False,True,Repair and Restoration,{'Drain': 2}
2026_ORULB_124711_14,NAC-Daspalla/03/2025-26,Paver Road near Bereni Pokhari in Ward No.11 of NAC Daspalla.,Paver Road near Bereni Pokhari in Ward No.11 of NAC Daspalla.,Works,Open Tender,Percentage,Civil Works - Buildings,No,No,NA ,27-Jan-2026 11:00 AM,NA ,180.0,No ,No,Online,07-Feb-2026 11:00 AM,Municipal Bodies||Daspalla NAC,DASPALLA,752084.0,1.0,"4,23,728",MAKABULU KHAN,"299,334",Accepted-AOC,01-Aug-2026,Municipal Bodies||Daspalla NAC,True,"{'Flood': 0, 'Embankment': 0, 'embkt': 0, 'Relief': 0, 'Erosion': 0, 'SDRF': 0, 'Inundation': 0, 'Hydrology': 0, 'Silt': 0, 'Siltation': 0, 'Bund': 0, 'Trench': 0, 'Breach': 0, 'Culvert': 0, 'Sluice': 0, 'Dyke': 0, 'Storm water drain': 0, 'Emergency': 0, 'Immediate': 0, 'IM': 0, 'AE': 0, 'A E': 0, 'AAPDA MITRA': 0, 'flood': 0, 'Bridge': 0, 'River': 0, 'Drain': 0, 'Restoration': 0, 'Protection': 0, 'irr': 0, 'irrigation': 0, 'dam': 0, 'Nallah': 0, 'Retrofitting': 0, 'Pond': 0, 'Pokhari': 2, 'D/C': 0, 'Recharge shaft': 0, 'LFB': 0, 'RFB': 0}","{'Floodlight': 0, 'Flood Light': 0, 'GAS': 0, 'FIFA': 0, 'pipe': 0, 'pipes': 0, 'covid': 0, 'supply': 0, 'Beautification': 0, 'Installation': 0}",Post-Monsoon,,False,True,Others,
2026_EICCL_128983_1,S.E. (R and B) - 01/2026-27/NGP,S/R Such as Construction of Side Drain and Widening of Road Crossing Drain at Intersection of N-R-K Road and Gandhinagar Via Vigilance Office to PWD IB Road at Ch. 0/00 Km to 0/060 Km at Nabarangpur for the year 2026-27,CIVIL WORK,Works,Open Tender,Percentage,Civil Works - Roads,No,No,NA ,08-May-2026 09:00 AM,NA ,90.0,No ,No,Online,19-May-2026 11:00 AM,EIC-CIVIL||SERNB-CIRCLE-JEYPORE||EERNB Division Nabarangpur,Nabarangapur,764059.0,1.0,"6,87,207",AMLAN JYOTI MADALA,"687,206.717",Rejected-Finance,07-Aug-2026,EIC-CIVIL||SERNB-CIRCLE-JEYPORE||EERNB Division Nabarangpur,True,"{'Flood': 0, 'Embankment': 0, 'embkt': 0, 'Relief': 0, 'Erosion': 0, 'SDRF': 0, 'Inundation': 0, 'Hydrology': 0, 'Silt': 0, 'Siltation': 0, 'Bund': 0, 'Trench': 0, 'Breach': 0, 'Culvert': 0, 'Sluice': 0, 'Dyke': 0, 'Storm water drain': 0, 'Emergency': 0, 'Immediate': 0, 'IM': 0, 'AE': 0, 'A E': 0, 'AAPDA MITRA': 0, 'flood': 0, 'Bridge': 0, 'River': 0, 'Drain': 2, 'Restoration': 0, 'Protection': 0, 'irr': 0, 'irrigation': 0, 'dam': 0, 'Nallah': 0, 'Retrofitting': 0, 'Pond': 0, 'Pokhari': 0, 'D/C': 0, 'Recharge shaft': 0, 'LFB': 0, 'RFB': 0}","{'Floodlight': 0, 'Flood Light': 0, 'GAS': 0, 'FIFA': 0, 'pipe': 0, 'pipes': 0, 'covid': 0, 'supply': 0, 'Beautification': 0, 'Installation': 0}",Pre-Monsoon,,False,True,Repair and Restoration,"{'widening': 1, 'Construction': 1, 'Drain': 2}"
2026_CEMIB_124558_28,BID IDENTIFICATION NO_SEMIDN_14_OF2025_26,ImprovImprovement to Khalipatana Check Dam in Ranpur Block of Nayagarh district under Improvement to Check Dam grant for the year 2025-26,Improvement to Khalipatana Check Dam in Ranpur Block of Nayagarh district under Improvement to Check Dam grant for the year 2025-26,Works,National Competitive Bid,Percentage,Civil Works - Others,No,No,NA ,14-Jan-2026 10:00 AM,NA ,90.0,No ,No,Online,21-Jan-2026 11:00 AM,"CE,Minor Irrigation,BBSR||SECMIC-BHUBANESWAR||EE MI Divn. Nayagarh",SUPERINTENDING ENGINEER M I DIVISION NAYAGARH,752070.0,1.0,,LAXMINARAYAN MAHAPATRA,"464,341.22",Rejected-AOC,14-Aug-2026,"CE,Minor Irrigation,BBSR||SECMIC-BHUBANESWAR||EE MI Divn. Nayagarh",True,"{'Flood': 0, 'Embankment': 0, 'embkt': 0, 'Relief': 0, 'Erosion': 0, 'SDRF': 0, 'Inundation': 0, 'Hydrology': 0, 'Silt': 0, 'Siltation': 0, 'Bund': 0, 'Trench': 0, 'Breach': 0, 'Culvert': 0, 'Sluice': 0, 'Dyke': 0, 'Storm water drain': 0, 'Emergency': 0, 'Immediate': 0, 'IM': 0, 'AE': 0, 'A E': 0, 'AAPDA MITRA': 0, 'flood': 0, 'Bridge': 0, 'River': 0, 'Drain': 0, 'Restoration': 0, 'Protection': 0, 'irr': 0, 'irrigation': 0, 'dam': 4, 'Nallah': 0, 'Retrofitting': 0, 'Pond': 0, 'Pokhari': 0, 'D/C': 0, 'Recharge shaft': 0, 'LFB': 0, 'RFB': 0}","{'Floodlight': 0, 'Flood Light': 0, 'GAS': 0, 'FIFA': 0, 'pipe': 0, 'pipes': 0, 'covid': 0, 'supply': 0, 'Beautification': 0, 'Installation': 0}",Post-Monsoon,,False,False,Repair and Restoration,"{'improvement': 3, 'Check Dam': 4}"
2025_CEBBS_121965_15,SERID-RKL-05-2025-26,Construction of Guard wall and bed lining from RD 415m to RD 468m of Alanda Minor and bank raising from RD 1080m to RD 1200m of Left Main Canal of Kanshbahal Irrigation Project for the year 2025-26.,Construction of Guard wall and bed lining from RD 415m to RD 468m of Alanda Minor and bank raising from RD 1080m to RD 1200m of Left Main Canal of Kanshbahal Irrigation Project for the year 2025-26.,Works,Open Tender,Percentage,Civil Works - Canal,No,No,NA ,26-Nov-2025 10:00 AM,NA ,90.0,No ,No,Online,08-Dec-2025 11:00 AM,CE and BM Brahmani Basin Samal||APD cum CCE RIP Samal||Rourkela Irrigation Division Rourkela,Kanshbahal,770034.0,1.0,"6,87,856",MOLLI KUJUR,"584,747",Accepted-AOC,11-Aug-2026,CE and BM Brahmani Basin Samal||APD cum CCE RIP Samal||Rourkela Irrigation Division Rourkela,True,"{'Flood': 0, 'Embankment': 0, 'embkt': 0, 'Relief': 0, 'Erosion': 0, 'SDRF': 0, 'Inundation': 0, 'Hydrology': 0, 'Silt': 0, 'Siltation': 0, 'Bund': 0, 'Trench': 0, 'Breach': 0, 'Culvert': 0, 'Sluice': 0, 'Dyke': 0, 'Storm water drain': 0, 'Emergency': 0, 'Immediate': 0, 'IM': 0, 'AE': 0, 'A E': 0, 'AAPDA MITRA': 0, 'flood': 0, 'Bridge': 0, 'River': 0, 'Drain': 0, 'Restoration': 0, 'Protection': 0, 'irr': 0, 'irrigation': 2, 'dam': 0, 'Nallah': 0, 'Retrofitting': 0, 'Pond': 0, 'Pokhari': 0, 'D/C': 0, 'Recharge shaft': 0, 'LFB': 0, 'RFB': 0}","{'Floodlight': 0, 'Flood Light': 0, 'GAS': 0, 'FIFA': 0, 'pipe': 0, 'pipes': 0, 'covid': 0, 'supply': 0, 'Beautification': 0, 'Installation': 0}",Post-Monsoon,,False,False,Repair and Restoration,"{'raising': 2, 'Construction': 2}"
2025_CELBB_111269_40,MSD_TCN_10 /2024-25,(47) Restoration to disty No-14B from RD 7.00 km to RD 8.900km,Restoration to disty No-14B from RD 7.00 km to RD 8.900km,Works,Open Tender,Percentage,Civil Works - Others,No,No,NA ,03-Mar-2025 06:55 PM,NA ,90.0,No ,No,Online,19-Mar-2025 12:00 PM,"CE-BM,LMB Basin,BBSR||SE, Eastern Circle,Cuttack",Paradeep,754141.0,1.0,"10,05,742",NAMITA DAS,"854,981",Rejected-Finance,28-May-2025,"CE-BM,LMB Basin,BBSR||SE, Eastern Circle,Cuttack",True,"{'Flood': 0, 'Embankment': 0, 'embkt': 0, 'Relief': 0, 'Erosion': 0, 'SDRF': 0, 'Inundation': 0, 'Hydrology': 0, 'Silt': 0, 'Siltation': 0, 'Bund': 0, 'Trench': 0, 'Breach': 0, 'Culvert': 0, 'Sluice': 0, 'Dyke': 0, 'Storm water drain': 0, 'Emergency': 0, 'Immediate': 0, 'IM': 0, 'AE': 0, 'A E': 0, 'AAPDA MITRA': 0, 'flood': 0, 'Bridge': 0, 'River': 0, 'Drain': 0, 'Restoration': 2, 'Protection': 0, 'irr': 0, 'irrigation': 0, 'dam': 0, 'Nallah': 0, 'Retrofitting': 0, 'Pond': 0, 'Pokhari': 0, 'D/C': 0, 'Recharge shaft': 0, 'LFB': 0, 'RFB': 0}","{'Floodlight': 0, 'Flood Light': 0, 'GAS': 0, 'FIFA': 0, 'pipe': 0, 'pipes': 0, 'covid': 0, 'supply': 0, 'Beautification': 0, 'Installation': 0}",Pre-Monsoon,,False,False,Repair and Restoration,{'restoration': 2}
2026_ORULB_125103_12,HIN-MUN-05/2025-26,Construction of RCC Drain with Cover Slab at the Road Opposite Side of Saraswati Shishu Mandira near the House of Siba Behera to Canal 07 in Ward No. 15,Construction of RCC Drain with Cover Slab at the Road Opposite Side of Saraswati Shishu Mandira near the House of Siba Behera to Canal 07 in Ward No. 15.,Works,Open Tender,Percentage,Civil Works - Others,No,No,NA ,30-Jan-2026 10:00 AM,NA ,30.0,No ,No,Online,10-Feb-2026 11:00 AM,Municipal Bodies||Hinjilicut Municipal Council,HINJILICUT MUNICIPALITY,761102.0,1.0,"9,96,812",Panchanan Das,"797,549.32",Rejected-AOC,18-Aug-2026,Municipal Bodies||Hinjilicut Municipal Council,True,"{'Flood': 0, 'Embankment': 0, 'embkt': 0, 'Relief': 0, 'Erosion': 0, 'SDRF': 0, 'Inundation': 0, 'Hydrology': 0, 'Silt': 0, 'Siltation': 0, 'Bund': 0, 'Trench': 0, 'Breach': 0, 'Culvert': 0, 'Sluice': 0, 'Dyke': 0, 'Storm water drain': 0, 'Emergency': 0, 'Immediate': 0, 'IM': 0, 'AE': 0, 'A E': 0, 'AAPDA MITRA': 0, 'flood': 0, 'Bridge': 0, 'River': 0, 'Drain': 2, 'Restoration': 0, 'Protection': 0, 'irr': 0, 'irrigation': 0, 'dam': 0, 'Nallah': 0, 'Retrofitting': 0, 'Pond': 0, 'Pokhari': 0, 'D/C': 0, 'Recharge shaft': 0, 'LFB': 0, 'RFB': 0}","{'Floodlight': 0, 'Flood Light': 0, 'GAS': 0, 'FIFA': 0, 'pipe': 0, 'pipes': 0, 'covid': 0, 'supply': 0, 'Beautification': 0, 'Installation': 0}",Post-Monsoon,,False,True,Repair and Restoration,"{'Construction': 2, 'Drain': 2}"
2026_CELBB_129420_35,MND-01 OF 2026-27,M/R to Mahanadi left embankment from Telenia to Bangirisingha and Kanjiapal embankment for the year 2026-27,M/R to Mahanadi left embankment from Telenia to Bangirisingha and Kanjiapal embankment for the year 2026-27,Works,National Competitive Bid,Percentage,Civil Works - Others,No,No,NA ,19-May-2026 10:00 AM,NA ,90.0,No ,No,Online,29-May-2026 11:30 AM,"CE-BM,LMB Basin,BBSR||SE, Eastern Circle,Cuttack||EE, Mahanadi North Division,Jagatpur",ATHAGARH,754021.0,1.0,"12,53,502",BARSHARANI ROUT,"1,253,502",Rejected-Finance,07-Aug-2026,"CE-BM,LMB Basin,BBSR||SE, Eastern Circle,Cuttack||EE, Mahanadi North Division,Jagatpur",True,"{'Flood': 0, 'Embankment': 4, 'embkt': 0, 'Relief': 0, 'Erosion': 0, 'SDRF': 0, 'Inundation': 0, 'Hydrology': 0, 'Silt': 0, 'Siltation': 0, 'Bund': 0, 'Trench': 0, 'Breach': 0, 'Culvert': 0, 'Sluice': 0, 'Dyke': 0, 'Storm water drain': 0, 'Emergency': 0, 'Immediate': 0, 'IM': 0, 'AE': 0, 'A E': 0, 'AAPDA MITRA': 0, 'flood': 0, 'Bridge': 0, 'River': 0, 'Drain': 0, 'Restoration': 0, 'Protection': 0, 'irr': 0, 'irrigation': 0, 'dam': 0, 'Nallah': 0, 'Retrofitting': 0, 'Pond': 0, 'Pokhari': 0, 'D/C': 0, 'Recharge shaft': 0, 'LFB': 0, 'RFB': 0}","{'Floodlight': 0, 'Flood Light': 0, 'GAS': 0, 'FIFA': 0, 'pipe': 0, 'pipes': 0, 'covid': 0, 'supply': 0, 'Beautification': 0, 'Installation': 0}",Pre-Monsoon,,False,True,Others,
2026_ORULB_129955_5,TCRM-04/2026-27,Const. of CC drain with Culvert at Jagannath Vihar in W.No.20,Const. of CC drain with Culvert at Jagannath Vihar in W.No.20,Works,Open Tender,Percentage,Civil Works - Others,No,No,NA ,29-May-2026 04:00 PM,NA ,120.0,No ,No,Online,09-Jun-2026 11:00 AM,Municipal Bodies||Talcher Municipal Council,Talcher Municipality Office,759107.0,1.0,"12,01,000",SANJEEB NAYAK,"1,200,880",Rejected-AOC,17-Aug-2026,Municipal Bodies||Talcher Municipal Council,True,"{'Flood': 0, 'Embankment': 0, 'embkt': 0, 'Relief': 0, 'Erosion': 0, 'SDRF': 0, 'Inundation': 0, 'Hydrology': 0, 'Silt': 0, 'Siltation': 0, 'Bund': 0, 'Trench': 0, 'Breach': 0, 'Culvert': 2, 'Sluice': 0, 'Dyke': 0, 'Storm water drain': 0, 'Emergency': 0, 'Immediate': 0, 'IM': 0, 'AE': 0, 'A E': 0, 'AAPDA MITRA': 0, 'flood': 0, 'Bridge': 0, 'River': 0, 'Drain': 2, 'Restoration': 0, 'Protection': 0, 'irr': 0, 'irrigation': 0, 'dam': 0, 'Nallah': 0, 'Retrofitting': 0, 'Pond': 0, 'Pokhari': 0, 'D/C': 0, 'Recharge shaft': 0, 'LFB': 0, 'RFB': 0}","{'Floodlight': 0, 'Flood Light': 0, 'GAS': 0, 'FIFA': 0, 'pipe': 0, 'pipes': 0, 'covid': 0, 'supply': 0, 'Beautification': 0, 'Installation': 0}",Pre-Monsoon,,False,True,Repair and Restoration,{'Drain': 2}
2026_ORULB_129955_7,TCRM-04/2026-27,Const. of CC road AND CC drain from Naba Mishra Colony Manoj Moharana house to Baghuabol road in W.No.13,Const. of CC road and CC drain from Naba Mishra Colony Manoj Moharana house to Baghuabol road in W.No.13,Works,Open Tender,Percentage,Civil Works - Others,No,No,NA ,29-May-2026 04:00 PM,NA ,120.0,No ,No,Online,09-Jun-2026 11:00 AM,Municipal Bodies||Talcher Municipal Council,Talcher Municipality Office,759107.0,1.0,"30,00,000",ASWINI SINGH,"2,519,400",Rejected-AOC,07-Aug-2026,Municipal Bodies||Talcher Municipal Council,True,"{'Flood': 0, 'Embankment': 0, 'embkt': 0, 'Relief': 0, 'Erosion': 0, 'SDRF': 0, 'Inundation': 0, 'Hydrology': 0, 'Silt': 0, 'Siltation': 0, 'Bund': 0, 'Trench': 0, 'Breach': 0, 'Culvert': 0, 'Sluice': 0, 'Dyke': 0, 'Storm water drain': 0, 'Emergency': 0, 'Immediate': 0, 'IM': 0, 'AE': 0, 'A E': 0, 'AAPDA MITRA': 0, 'flood': 0, 'Bridge': 0, 'River': 0, 'Drain': 2, 'Restoration': 0, 'Protection': 0, 'irr': 0, 'irrigation': 0, 'dam': 0, 'Nallah': 0, 'Retrofitting': 0, 'Pond': 0, 'Pokhari': 0, 'D/C': 0, 'Recharge shaft': 0, 'LFB': 0, 'RFB': 0}","{'Floodlight': 0, 'Flood Light': 0, 'GAS': 0, 'FIFA': 0, 'pipe': 0, 'pipes': 0, 'covid': 0, 'supply': 0, 'Beautification': 0, 'Installation': 0}",Pre-Monsoon,,False,True,Repair and Restoration,{'Drain': 2}
2026_ORULB_133707_2,TCRM-7/2026-27,Const. of CC drain in front of Harekrushna house towards Ramesh Pani house in W.No.12,Const. of CC drain in front of Harekrushna house towards Ramesh Pani house in W.No.12,Works,Open Tender,Percentage,Civil Works - Others,No,No,NA ,30-Jun-2026 04:00 PM,NA ,120.0,No ,No,Online,13-Jul-2026 11:00 AM,Municipal Bodies||Talcher Municipal Council,Talacher Municipal Office,759107.0,1.0,"18,00,000",ASWINI SINGH,"1,710,180",Rejected-AOC,07-Aug-2026,Municipal Bodies||Talcher Municipal Council,True,"{'Flood': 0, 'Embankment': 0, 'embkt': 0, 'Relief': 0, 'Erosion': 0, 'SDRF': 0, 'Inundation': 0, 'Hydrology': 0, 'Silt': 0, 'Siltation': 0, 'Bund': 0, 'Trench': 0, 'Breach': 0, 'Culvert': 0, 'Sluice': 0, 'Dyke': 0, 'Storm water drain': 0, 'Emergency': 0, 'Immediate': 0, 'IM': 0, 'AE': 0, 'A E': 0, 'AAPDA MITRA': 0, 'flood': 0, 'Bridge': 0, 'River': 0, 'Drain': 2, 'Restoration': 0, 'Protection': 0, 'irr': 0, 'irrigation': 0, 'dam': 0, 'Nallah': 0, 'Retrofitting': 0, 'Pond': 0, 'Pokhari': 0, 'D/C': 0, 'Recharge shaft': 0, 'LFB': 0, 'RFB': 0}","{'Floodlight': 0, 'Flood Light': 0, 'GAS': 0, 'FIFA': 0, 'pipe': 0, 'pipes': 0, 'covid': 0, 'supply': 0, 'Beautification': 0, 'Installation': 0}",Monsoon,,False,True,Repair and Restoration,{'Drain': 2}
2026_ORULB_125103_10,HIN-MUN-05/2025-26,Construction of RCC Drain with Cover Slab at Nehuru Marga 7th Lane in Ward No. 11 Under Hinjilicut Municipality,Construction of RCC Drain with Cover Slab at Nehuru Marga 7th Lane in Ward No. 11 Under Hinjilicut Municipality,Works,Open Tender,Percentage,Civil Works - Others,No,No,NA ,30-Jan-2026 10:00 AM,NA ,30.0,No ,No,Online,10-Feb-2026 11:00 AM,Municipal Bodies||Hinjilicut Municipal Council,HINJILICUT MUNICIPALITY,761102.0,1.0,"10,37,086",AJITANANDA SAHU,"829,772.59",Rejected-AOC,13-Aug-2026,Municipal Bodies||Hinjilicut Municipal Council,True,"{'Flood': 0, 'Embankment': 0, 'embkt': 0, 'Relief': 0, 'Erosion': 0, 'SDRF': 0, 'Inundation': 0, 'Hydrology': 0, 'Silt': 0, 'Siltation': 0, 'Bund': 0, 'Trench': 0, 'Breach': 0, 'Culvert': 0, 'Sluice': 0, 'Dyke': 0, 'Storm water drain': 0, 'Emergency': 0, 'Immediate': 0, 'IM': 0, 'AE': 0, 'A E': 0, 'AAPDA MITRA': 0, 'flood': 0, 'Bridge': 0, 'River': 0, 'Drain': 2, 'Restoration': 0, 'Protection': 0, 'irr': 0, 'irrigation': 0, 'dam': 0, 'Nallah': 0, 'Retrofitting': 0, 'Pond': 0, 'Pokhari': 0, 'D/C': 0, 'Recharge shaft': 0, 'LFB': 0, 'RFB': 0}","{'Floodlight': 0, 'Flood Light': 0, 'GAS': 0, 'FIFA': 0, 'pipe': 0, 'pipes': 0, 'covid': 0, 'supply': 0, 'Beautification': 0, 'Installation': 0}",Post-Monsoon,,False,True,Repair and Restoration,"{'Construction': 2, 'Drain': 2}"
2025_CEBBS_121965_17,SERID-RKL-05-2025-26,Construction of Guard wall and bed lining from RD 2590m to RD 2640m of Alanda Minor and Bank raising from RD 3070m to RD 3160m off-taking from Left Main Canal of Kanshbahal Irrigation Project for the year 2025-26,Construction of Guard wall and bed lining from RD 2590m to RD 2640m of Alanda Minor and Bank raising from RD 3070m to RD 3160m off-taking from Left Main Canal of Kanshbahal Irrigation Project for the year 2025-26,Works,Open Tender,Percentage,Civil Works - Canal,No,No,NA ,26-Nov-2025 10:00 AM,NA ,90.0,No ,No,Online,08-Dec-2025 11:00 AM,CE and BM Brahmani Basin Samal||APD cum CCE RIP Samal||Rourkela Irrigation Division Rourkela,Kanshbahal,770034.0,1.0,"7,45,611",MOLLI KUJUR,"633,844",Accepted-AOC,11-Aug-2026,CE and BM Brahmani Basin Samal||APD cum CCE RIP Samal||Rourkela Irrigation Division Rourkela,True,"{'Flood': 0, 'Embankment': 0, 'embkt': 0, 'Relief': 0, 'Erosion': 0, 'SDRF': 0, 'Inundation': 0, 'Hydrology': 0, 'Silt': 0, 'Siltation': 0, 'Bund': 0, 'Trench': 0, 'Breach': 0, 'Culvert': 0, 'Sluice': 0, 'Dyke': 0, 'Storm water drain': 0, 'Emergency': 0, 'Immediate': 0, 'IM': 0, 'AE': 0, 'A E': 0, 'AAPDA MITRA': 0, 'flood': 0, 'Bridge': 0, 'River': 0, 'Drain': 0, 'Restoration': 0, 'Protection': 0, 'irr': 0, 'irrigation': 2, 'dam': 0, 'Nallah': 0, 'Retrofitting': 0, 'Pond': 0, 'Pokhari': 0, 'D/C': 0, 'Recharge shaft': 0, 'LFB': 0, 'RFB': 0}","{'Floodlight': 0, 'Flood Light': 0, 'GAS': 0, 'FIFA': 0, 'pipe': 0, 'pipes': 0, 'covid': 0, 'supply': 0, 'Beautification': 0, 'Installation': 0}",Post-Monsoon,,False,False,Repair and Restoration,"{'raising': 2, 'Construction': 2}"
2026_CEMIB_124558_16,BID IDENTIFICATION NO_SEMIDN_14_OF2025_26,Improvement to Padampur Check Dam in Daspalla Block of Nayagarh district under Improvement to Check Dam grant for the year 2025-26,Improvement to Padampur Check Dam in Daspalla Block of Nayagarh district under Improvement to Check Dam grant for the year 2025-26,Works,National Competitive Bid,Percentage,Civil Works - Others,No,No,NA ,14-Jan-2026 10:00 AM,NA ,90.0,No ,No,Online,21-Jan-2026 11:00 AM,"CE,Minor Irrigation,BBSR||SECMIC-BHUBANESWAR||EE MI Divn. Nayagarh",SUPERINTENDING ENGINEER M I DIVISION NAYAGARH,752070.0,1.0,,ABADHAN KANHAR,"437,325.74",Accepted-AOC,14-Aug-2026,"CE,Minor Irrigation,BBSR||SECMIC-BHUBANESWAR||EE MI Divn. Nayagarh",True,"{'Flood': 0, 'Embankment': 0, 'embkt': 0, 'Relief': 0, 'Erosion': 0, 'SDRF': 0, 'Inundation': 0, 'Hydrology': 0, 'Silt': 0, 'Siltation': 0, 'Bund': 0, 'Trench': 0, 'Breach': 0, 'Culvert': 0, 'Sluice': 0, 'Dyke': 0, 'Storm water drain': 0, 'Emergency': 0, 'Immediate': 0, 'IM': 0, 'AE': 0, 'A E': 0, 'AAPDA MITRA': 0, 'flood': 0, 'Bridge': 0, 'River': 0, 'Drain': 0, 'Restoration': 0, 'Protection': 0, 'irr': 0, 'irrigation': 0, 'dam': 4, 'Nallah': 0, 'Retrofitting': 0, 'Pond': 0, 'Pokhari': 0, 'D/C': 0, 'Recharge shaft': 0, 'LFB': 0, 'RFB': 0}","{'Floodlight': 0, 'Flood Light': 0, 'GAS': 0, 'FIFA': 0, 'pipe': 0, 'pipes': 0, 'covid': 0, 'supply': 0, 'Beautification': 0, 'Installation': 0}",Post-Monsoon,,False,False,Repair and Restoration,"{'improvement': 4, 'Check Dam': 4}"
2025_ORULB_116950_30,RN_03_2025-26,Construction of C.C Road from Kunilata Bisoi house (Near Tubewell Chhaka) to towards Anganwadi center (02) and adjoining road to Gopinath Bisoi and One (01) culvert near Anganwadi center (02) Madhipur Ward No. 09 under Remuna NAC.,works,Works,Open Tender,Percentage,Civil Works - Roads,No,No,NA ,18-Aug-2025 11:00 AM,NA ,120.0,No ,No,Online,08-Sep-2025 11:00 AM,Municipal Bodies||Remuna NAC,Remuna NAC,756019.0,1.0,"13,32,185",ANANTA KUMAR BARIK,"1,132,490",Accepted-AOC,01-Jul-2026,Municipal Bodies||Remuna NAC,True,"{'Flood': 0, 'Embankment': 0, 'embkt': 0, 'Relief': 0, 'Erosion': 0, 'SDRF': 0, 'Inundation': 0, 'Hydrology': 0, 'Silt': 0, 'Siltation': 0, 'Bund': 0, 'Trench': 0, 'Breach': 0, 'Culvert': 1, 'Sluice': 0, 'Dyke': 0, 'Storm water drain': 0, 'Emergency': 0, 'Immediate': 0, 'IM': 0, 'AE': 0, 'A E': 0, 'AAPDA MITRA': 0, 'flood': 0, 'Bridge': 0, 'River': 0, 'Drain': 0, 'Restoration': 0, 'Protection': 0, 'irr': 0, 'irrigation': 0, 'dam': 0, 'Nallah': 0, 'Retrofitting': 0, 'Pond': 0, 'Pokhari': 0, 'D/C': 0, 'Recharge shaft': 0, 'LFB': 0, 'RFB': 0}","{'Floodlight': 0, 'Flood Light': 0, 'GAS': 0, 'FIFA': 0, 'pipe': 0, 'pipes': 0, 'covid': 0, 'supply': 0, 'Beautification': 0, 'Installation': 0}",Monsoon,,False,True,Repair and Restoration,{'Construction': 1}
2023_ORULB_87778_18,EO/JMC/066/2023-24,"Construction of Road and Drain from Sai Temple to Sikhar Debta House, W.No.-11","Construction of Road and Drain from Sai Temple to Sikhar Debta House, W.No.-11",Works,Open Tender,Percentage,Civil Works - Others,No,No,NA ,17-Apr-2023 09:00 AM,NA ,30.0,No ,No,Online,29-Apr-2023 09:00 AM,Municipal Bodies||Jatni Municipal Council,"EXECUTIVE OFFICER,JATNI MUNICIPALITY",752050.0,1.0,"18,00,000",BIJAY KUMAR SETHI,"1,525,305",Accepted-AOC,18-Aug-2026,Municipal Bodies||Jatni Municipal Council,True,"{'Flood': 0, 'Embankment': 0, 'embkt': 0, 'Relief': 0, 'Erosion': 0, 'SDRF': 0, 'Inundation': 0, 'Hydrology': 0, 'Silt': 0, 'Siltation': 0, 'Bund': 0, 'Trench': 0, 'Breach': 0, 'Culvert': 0, 'Sluice': 0, 'Dyke': 0, 'Storm water drain': 0, 'Emergency': 0, 'Immediate': 0, 'IM': 0, 'AE': 0, 'A E': 0, 'AAPDA MITRA': 0, 'flood': 0, 'Bridge': 0, 'River': 0, 'Drain': 2, 'Restoration': 0, 'Protection': 0, 'irr': 0, 'irrigation': 0, 'dam': 0, 'Nallah': 0, 'Retrofitting': 0, 'Pond': 0, 'Pokhari': 0, 'D/C': 0, 'Recharge shaft': 0, 'LFB': 0, 'RFB': 0}","{'Floodlight': 0, 'Flood Light': 0, 'GAS': 0, 'FIFA': 0, 'pipe': 0, 'pipes': 0, 'covid': 0, 'supply': 0, 'Beautification': 0, 'Installation': 0}",Pre-Monsoon,,False,True,Repair and Restoration,"{'Construction': 2, 'Drain': 2}"
2025_CELBB_116656_4,e PROCUREMENT TENDER CALL NOTICE NO. PID02OF202526,"PID-94, Restoration to Nandipur East Chilika Saline embankment from RD 8.802 km to 9.402 km",Restoration to Nandipur East Chilika Saline embankment from RD 8.802 km to 9.402 km,Works,Open Tender,Percentage,Civil Works - Others,No,No,NA ,11-Aug-2025 10:30 AM,NA ,90.0,No ,No,Online,26-Aug-2025 11:00 AM,"CE-BM,LMB Basin,BBSR||SE, Central Irr.Circle, BBSR||EE,Puri Irr Division,Puri",PURI,752003.0,1.0,"2,82,55,377",AMULYA KUMAR BALIARSINGH,"2,401,853",Rejected-Finance,19-Nov-2025,"CE-BM,LMB Basin,BBSR||SE, Central Irr.Circle, BBSR||EE,Puri Irr Division,Puri",True,"{'Flood': 0, 'Embankment': 2, 'embkt': 0, 'Relief': 0, 'Erosion': 0, 'SDRF': 0, 'Inundation': 0, 'Hydrology': 0, 'Silt': 0, 'Siltation': 0, 'Bund': 0, 'Trench': 0, 'Breach': 0, 'Culvert': 0, 'Sluice': 0, 'Dyke': 0, 'Storm water drain': 0, 'Emergency': 0, 'Immediate': 0, 'IM': 0, 'AE': 0, 'A E': 0, 'AAPDA MITRA': 0, 'flood': 0, 'Bridge': 0, 'River': 0, 'Drain': 0, 'Restoration': 2, 'Protection': 0, 'irr': 0, 'irrigation': 0, 'dam': 0, 'Nallah': 0, 'Retrofitting': 0, 'Pond': 0, 'Pokhari': 0, 'D/C': 0, 'Recharge shaft': 0, 'LFB': 0, 'RFB': 0}","{'Floodlight': 0, 'Flood Light': 0, 'GAS': 0, 'FIFA': 0, 'pipe': 0, 'pipes': 0, 'covid': 0, 'supply': 0, 'Beautification': 0, 'Installation': 0}",Monsoon,,False,True,Repair and Restoration,{'restoration': 2}
2025_ORULB_119908_19,GUN-MUN-77/2025-26,"Repair and restoration of pothole and laying of cover slab in ward no- 18, Phase-1","Repair and restoration of pothole and laying of cover slab in ward no- 18, Phase-1",Works,Open Tender,Percentage,Civil Works - Others,No,No,NA ,23-Oct-2025 11:00 AM,NA ,90.0,No ,No,Online,07-Nov-2025 11:00 AM,Municipal Bodies||Gunupur Municipal Council,Gunupur Municipality,765022.0,1.0,"16,94,842",Abani Ranjan Panigrahi,"1,700,124",Rejected-Finance,24-Aug-2026,Municipal Bodies||Gunupur Municipal Council,True,"{'Flood': 0, 'Embankment': 0, 'embkt': 0, 'Relief': 0, 'Erosion': 0, 'SDRF': 0, 'Inundation': 0, 'Hydrology': 0, 'Silt': 0, 'Siltation': 0, 'Bund': 0, 'Trench': 0, 'Breach': 0, 'Culvert': 0, 'Sluice': 0, 'Dyke': 0, 'Storm water drain': 0, 'Emergency': 0, 'Immediate': 0, 'IM': 0, 'AE': 0, 'A E': 0, 'AAPDA MITRA': 0, 'flood': 0, 'Bridge': 0, 'River': 0, 'Drain': 0, 'Restoration': 2, 'Protection': 0, 'irr': 0, 'irrigation': 0, 'dam': 0, 'Nallah': 0, 'Retrofitting': 0, 'Pond': 0, 'Pokhari': 0, 'D/C': 0, 'Recharge shaft': 0, 'LFB': 0, 'RFB': 0}","{'Floodlight': 0, 'Flood Light': 0, 'GAS': 0, 'FIFA': 0, 'pipe': 0, 'pipes': 0, 'covid': 0, 'supply': 0, 'Beautification': 0, 'Installation': 0}",Post-Monsoon,,False,False,Repair and Restoration,"{'repair': 2, 'restoration': 2}"
2026_CEBBS_125354_2,SERID-RKL-09/2025-26,Improvement of Vedvyas Distributary in between RD 920m to RD 1300m and RD 7700m to RD 8440m of Pitamahal Irrigation Project,Improvement of Vedvyas Distributary in between RD 920m to RD 1300m and RD 7700m to RD 8440m of Pitamahal Irrigation Project,Works,Open Tender,Percentage,Civil Works - Canal,No,No,NA ,02-Feb-2026 10:00 AM,NA ,90.0,No ,No,Online,12-Feb-2026 11:00 AM,CE and BM Brahmani Basin Samal||APD cum CCE RIP Samal||Rourkela Irrigation Division Rourkela,Pitamahal,770031.0,1.0,"1,78,515",BIKRANT SAHOO,"151,738",Rejected-AOC,14-Aug-2026,CE and BM Brahmani Basin Samal||APD cum CCE RIP Samal||Rourkela Irrigation Division Rourkela,True,"{'Flood': 0, 'Embankment': 0, 'embkt': 0, 'Relief': 0, 'Erosion': 0, 'SDRF': 0, 'Inundation': 0, 'Hydrology': 0, 'Silt': 0, 'Siltation': 0, 'Bund': 0, 'Trench': 0, 'Breach': 0, 'Culvert': 0, 'Sluice': 0, 'Dyke': 0, 'Storm water drain': 0, 'Emergency': 0, 'Immediate': 0, 'IM': 0, 'AE': 0, 'A E': 0, 'AAPDA MITRA': 0, 'flood': 0, 'Bridge': 0, 'River': 0, 'Drain': 0, 'Restoration': 0, 'Protection': 0, 'irr': 0, 'irrigation': 2, 'dam': 0, 'Nallah': 0, 'Retrofitting': 0, 'Pond': 0, 'Pokhari': 0, 'D/C': 0, 'Recharge shaft': 0, 'LFB': 0, 'RFB': 0}","{'Floodlight': 0, 'Flood Light': 0, 'GAS': 0, 'FIFA': 0, 'pipe': 0, 'pipes': 0, 'covid': 0, 'supply': 0, 'Beautification': 0, 'Installation': 0}",Post-Monsoon,,False,False,Repair and Restoration,{'improvement': 2}
2026_CERWI_129093_1,NCB-03/ RWCKJR/2026-27,Construction of bridge over Sudanga Nallah at 0.20 Km. on Sudanga to Lodasahi road. (4x10.77 mtr. c/c with Open Foundation) under SBY in the District of Keonjhar.,Construction of bridge over Sudanga Nallah at 0.20 Km. on Sudanga to Lodasahi road. (4x10.77 mtr. c/c with Open Foundation) under SBY in the District of Keonjhar.,Works,National Competitive Bid,Percentage,Civil Works - Bridges,No,No,NA ,09-May-2026 05:00 PM,NA ,90.0,No ,No,Online,22-May-2026 11:00 AM,CE RW I||RWCIRCLE-KEONJHAR,Keonjhar,758001.0,2.0,"3,93,45,783",HIMANSU SEKHAR PRADHAN,"38,779,203.468",Accepted-AOC,03-Aug-2026,CE RW I||RWCIRCLE-KEONJHAR,True,"{'Flood': 0, 'Embankment': 0, 'embkt': 0, 'Relief': 0, 'Erosion': 0, 'SDRF': 0, 'Inundation': 0, 'Hydrology': 0, 'Silt': 0, 'Siltation': 0, 'Bund': 0, 'Trench': 0, 'Breach': 0, 'Culvert': 0, 'Sluice': 0, 'Dyke': 0, 'Storm water drain': 0, 'Emergency': 0, 'Immediate': 0, 'IM': 0, 'AE': 0, 'A E': 0, 'AAPDA MITRA': 0, 'flood': 0, 'Bridge': 2, 'River': 0, 'Drain': 0, 'Restoration': 0, 'Protection': 0, 'irr': 0, 'irrigation': 0, 'dam': 0, 'Nallah': 2, 'Retrofitting': 0, 'Pond': 0, 'Pokhari': 0, 'D/C': 0, 'Recharge shaft': 0, 'LFB': 0, 'RFB': 0}","{'Floodlight': 0, 'Flood Light': 0, 'GAS': 0, 'FIFA': 0, 'pipe': 0, 'pipes': 0, 'covid': 0, 'supply': 0, 'Beautification': 0, 'Installation': 0}",Pre-Monsoon,,False,True,Repair and Restoration,"{'Construction': 2, 'Bridge': 2}"
2026_ORULB_126671_10,EO/RGP/07 of 2025-26,Construction Drain with Cover Slab from Rakesh Singh House towards Sib Lal Sinha House in Ward No.06,Construction Drain with Cover Slab from Rakesh Singh House towards Sib Lal Sinha House in Ward No.06,Works,Open Tender,Percentage,Civil Works - Others,No,No,NA ,27-Feb-2026 11:00 AM,NA ,90.0,No ,No,Online,13-Mar-2026 11:00 AM,Municipal Bodies||Rajgangpur Municipality,Rajgangpur Municipality,770017.0,1.0,"4,00,000",AMIYA RANJAN DAS,"400,000",Rejected-AOC,17-Aug-2026,Municipal Bodies||Rajgangpur Municipality,True,"{'Flood': 0, 'Embankment': 0, 'embkt': 0, 'Relief': 0, 'Erosion': 0, 'SDRF': 0, 'Inundation': 0, 'Hydrology': 0, 'Silt': 0, 'Siltation': 0, 'Bund': 0, 'Trench': 0, 'Breach': 0, 'Culvert': 0, 'Sluice': 0, 'Dyke': 0, 'Storm water drain': 0, 'Emergency': 0, 'Immediate': 0, 'IM': 0, 'AE': 0, 'A E': 0, 'AAPDA MITRA': 0, 'flood': 0, 'Bridge': 0, 'River': 0, 'Drain': 2, 'Restoration': 0, 'Protection': 0, 'irr': 0, 'irrigation': 0, 'dam': 0, 'Nallah': 0, 'Retrofitting': 0, 'Pond': 0, 'Pokhari': 0, 'D/C': 0, 'Recharge shaft': 0, 'LFB': 0, 'RFB': 0}","{'Floodlight': 0, 'Flood Light': 0, 'GAS': 0, 'FIFA': 0, 'pipe': 0, 'pipes': 0, 'covid': 0, 'supply': 0, 'Beautification': 0, 'Installation': 0}",Post-Monsoon,,False,True,Repair and Restoration,"{'Construction': 2, 'Drain': 2}"
2025_CDAID_121497_3,e-Procurement Notice No.13/2025-26,AKP-C-19/25-26 Construction of protection wall on Distributary No-3Main near village Kulagadhia of HLC Range-III.,Construction of protection wall,Works,Open Tender,Percentage,Civil Works - Canal,No,No,NA ,20-Nov-2025 10:00 AM,NA ,90.0,No ,No,Online,05-Dec-2025 11:30 AM,CE AND BM MBBS CHANDIKOLE||EASTERN CIRCLE II CHANDIKOLE||Akhuapada Irrigation Division,Dhamnagar,756117.0,1.0,"46,49,328",ABINASH BEURIA,"3,952,393.56",Rejected-Technical,01-Aug-2026,CE AND BM MBBS CHANDIKOLE||EASTERN CIRCLE II CHANDIKOLE||Akhuapada Irrigation Division,True,"{'Flood': 0, 'Embankment': 0, 'embkt': 0, 'Relief': 0, 'Erosion': 0, 'SDRF': 0, 'Inundation': 0, 'Hydrology': 0, 'Silt': 0, 'Siltation': 0, 'Bund': 0, 'Trench': 0, 'Breach': 0, 'Culvert': 0, 'Sluice': 0, 'Dyke': 0, 'Storm water drain': 0, 'Emergency': 0, 'Immediate': 0, 'IM': 0, 'AE': 0, 'A E': 0, 'AAPDA MITRA': 0, 'flood': 0, 'Bridge': 0, 'River': 0, 'Drain': 0, 'Restoration': 0, 'Protection': 2, 'irr': 0, 'irrigation': 0, 'dam': 0, 'Nallah': 0, 'Retrofitting': 0, 'Pond': 0, 'Pokhari': 0, 'D/C': 0, 'Recharge shaft': 0, 'LFB': 0, 'RFB': 0}","{'Floodlight': 0, 'Flood Light': 0, 'GAS': 0, 'FIFA': 0, 'pipe': 0, 'pipes': 0, 'covid': 0, 'supply': 0, 'Beautification': 0, 'Installation': 0}",Post-Monsoon,,False,False,Repair and Restoration,{'Construction': 2}
2025_CELBB_119432_13,MND-09 OF 2025-26,Protection to scoured bank on Chitrotpala left embankment D/s of Baghuni Sluice from RD 150 m to 300 m near Narayanpur Gherry for the year 2025-26 (Working RD from 150 m to 320 m ),Protection to scoured bank on Chitrotpala left embankment D/s of Baghuni Sluice from RD 150 m to 300 m near Narayanpur Gherry for the year 2025-26 (Working RD from 150 m to 320 m ),Works,National Competitive Bid,Percentage,Civil Works - Others,No,No,NA ,14-Oct-2025 10:00 AM,NA ,90.0,No ,No,Online,29-Oct-2025 11:30 AM,"CE-BM,LMB Basin,BBSR||SE, Eastern Circle,Cuttack||EE, Mahanadi North Division,Jagatpur",PUNDALO,754102.0,2.0,"81,14,359",ABHILASH MOHANTY,"6,898,017",Rejected-Finance,06-Aug-2026,"CE-BM,LMB Basin,BBSR||SE, Eastern Circle,Cuttack||EE, Mahanadi North Division,Jagatpur",True,"{'Flood': 0, 'Embankment': 2, 'embkt': 0, 'Relief': 0, 'Erosion': 0, 'SDRF': 0, 'Inundation': 0, 'Hydrology': 0, 'Silt': 0, 'Siltation': 0, 'Bund': 0, 'Trench': 0, 'Breach': 0, 'Culvert': 0, 'Sluice': 2, 'Dyke': 0, 'Storm water drain': 0, 'Emergency': 0, 'Immediate': 0, 'IM': 0, 'AE': 0, 'A E': 0, 'AAPDA MITRA': 0, 'flood': 0, 'Bridge': 0, 'River': 0, 'Drain': 0, 'Restoration': 0, 'Protection': 2, 'irr': 0, 'irrigation': 0, 'dam': 0, 'Nallah': 0, 'Retrofitting': 0, 'Pond': 0, 'Pokhari': 0, 'D/C': 0, 'Recharge shaft': 0, 'LFB': 0, 'RFB': 0}","{'Floodlight': 0, 'Flood Light': 0, 'GAS': 0, 'FIFA': 0, 'pipe': 0, 'pipes': 0, 'covid': 0, 'supply': 0, 'Beautification': 0, 'Installation': 0}",Post-Monsoon,,False,True,Preparedness Measures,"{'Protection': 2, 'scoured': 2, 'Scoured bank': 2}"
2021_ORULB_68763_2,EO/JMC/053/2021-22,Improvement of different cross Road with Drain inside Ward No. 22,Improvement of different cross Road with Drain inside Ward No. 22,Works,Open Tender,Percentage,Civil Works - Roads,No,No,NA ,31-May-2021 10:00 AM,NA ,60.0,No ,No,Online,09-Jun-2021 11:30 AM,Municipal Bodies||Jatni Municipal Council,"EXECUTIVE OFFICER,JATNI MUNICIPALITY,JATNI",752050.0,1.0,,PRAMOD KUMAR BALIARSINGH,"1,896,214",Rejected-Finance,20-Aug-2026,Municipal Bodies||Jatni Municipal Council,True,"{'Flood': 0, 'Embankment': 0, 'embkt': 0, 'Relief': 0, 'Erosion': 0, 'SDRF': 0, 'Inundation': 0, 'Hydrology': 0, 'Silt': 0, 'Siltation': 0, 'Bund': 0, 'Trench': 0, 'Breach': 0, 'Culvert': 0, 'Sluice': 0, 'Dyke': 0, 'Storm water drain': 0, 'Emergency': 0, 'Immediate': 0, 'IM': 0, 'AE': 0, 'A E': 0, 'AAPDA MITRA': 0, 'flood': 0, 'Bridge': 0, 'River': 0, 'Drain': 2, 'Restoration': 0, 'Protection': 0, 'irr': 0, 'irrigation': 0, 'dam': 0, 'Nallah': 0, 'Retrofitting': 0, 'Pond': 0, 'Pokhari': 0, 'D/C': 0, 'Recharge shaft': 0, 'LFB': 0, 'RFB': 0}","{'Floodlight': 0, 'Flood Light': 0, 'GAS': 0, 'FIFA': 0, 'pipe': 0, 'pipes': 0, 'covid': 0, 'supply': 0, 'Beautification': 0, 'Installation': 0}",Pre-Monsoon,,False,True,Repair and Restoration,"{'improvement': 2, 'Drain': 2}"
2026_ORULB_128333_21,MC(CMC)CTC_Div-I_No.1/2026-27,Restoration of drain inside of Sahid Bhawan to CMC Central Garage up to Electric substation in Ward No. 21.,Restoration of drain inside of Sahid Bhawan to CMC Central Garage up to Electric substation in Ward No. 21.,Works,Open Tender,Percentage,Civil Works - Others,No,No,NA ,23-Apr-2026 01:00 PM,NA ,90.0,No ,No,Online,07-May-2026 11:00 AM,Municipal Bodies||Cuttack Municipal Corporation,CMC,753012.0,1.0,"12,54,000",SRIMANT SETHY,"1,253,984",Rejected-AOC,04-Aug-2026,Municipal Bodies||Cuttack Municipal Corporation,True,"{'Flood': 0, 'Embankment': 0, 'embkt': 0, 'Relief': 0, 'Erosion': 0, 'SDRF': 0, 'Inundation': 0, 'Hydrology': 0, 'Silt': 0, 'Siltation': 0, 'Bund': 0, 'Trench': 0, 'Breach': 0, 'Culvert': 0, 'Sluice': 0, 'Dyke': 0, 'Storm water drain': 0, 'Emergency': 0, 'Immediate': 0, 'IM': 0, 'AE': 0, 'A E': 0, 'AAPDA MITRA': 0, 'flood': 0, 'Bridge': 0, 'River': 0, 'Drain': 2, 'Restoration': 2, 'Protection': 0, 'irr': 0, 'irrigation': 0, 'dam': 0, 'Nallah': 0, 'Retrofitting': 0, 'Pond': 0, 'Pokhari': 0, 'D/C': 0, 'Recharge shaft': 0, 'LFB': 0, 'RFB': 0}","{'Floodlight': 0, 'Flood Light': 0, 'GAS': 0, 'FIFA': 0, 'pipe': 0, 'pipes': 0, 'covid': 0, 'supply': 0, 'Beautification': 0, 'Installation': 0}",Pre-Monsoon,,False,True,Repair and Restoration,"{'restoration': 2, 'Drain': 2}"
2026_CERWI_133196_1,02 of 2026-27,"Repair to S.B. over Benga and Sapua on Achalakota Village to Old Cuttack and Sambalapur Road_Road_Renovation of 2 no of bridge with protection work, ,railing and parapet, Stone pitching, Colour washing, _0.280 and 0.450","Repair to S.B. over Benga and Sapua on Achalakota Village to Old Cuttack and Sambalapur Road_Road_Renovation of 2 no of bridge with protection work, ,railing and parapet, Stone pitching, Colour washing, _0.280 and 0.450",Works,Open Tender,Percentage,Miscellaneous Works,No,No,NA ,25-Jun-2026 02:00 PM,NA ,90.0,No ,No,Online,08-Jul-2026 11:30 AM,CE RW I||RWCIRCLE-CUTTACK||RWDIVISION-CUTTACK-II,Cuttack,753004.0,1.0,"12,60,413",BINODANANDA MOHAPATRA,"1,260,413",Rejected-AOC,10-Aug-2026,CE RW I||RWCIRCLE-CUTTACK||RWDIVISION-CUTTACK-II,True,"{'Flood': 0, 'Embankment': 0, 'embkt': 0, 'Relief': 0, 'Erosion': 0, 'SDRF': 0, 'Inundation': 0, 'Hydrology': 0, 'Silt': 0, 'Siltation': 0, 'Bund': 0, 'Trench': 0, 'Breach': 0, 'Culvert': 0, 'Sluice': 0, 'Dyke': 0, 'Storm water drain': 0, 'Emergency': 0, 'Immediate': 0, 'IM': 0, 'AE': 0, 'A E': 0, 'AAPDA MITRA': 0, 'flood': 0, 'Bridge': 2, 'River': 0, 'Drain': 0, 'Restoration': 0, 'Protection': 2, 'irr': 0, 'irrigation': 0, 'dam': 0, 'Nallah': 0, 'Retrofitting': 0, 'Pond': 0, 'Pokhari': 0, 'D/C': 0, 'Recharge shaft': 0, 'LFB': 0, 'RFB': 0}","{'Floodlight': 0, 'Flood Light': 0, 'GAS': 0, 'FIFA': 0, 'pipe': 0, 'pipes': 0, 'covid': 0, 'supply': 0, 'Beautification': 0, 'Installation': 0}",Monsoon,,False,True,Repair and Restoration,"{'repair': 2, 'renovation': 2, 'Bridge': 2}"
2023_ORULB_89764_17,EO/JMC/067/2023-24,"Construction of Road and Drain from Gandha Gadia to PWD Road, W.No.-21","Construction of Road and Drain from Gandha Gadia to PWD Road, W.No.-21",Works,Open Tender,Percentage,Civil Works - Others,No,No,NA ,19-Jun-2023 01:00 PM,NA ,30.0,No ,No,Online,01-Jul-2023 11:00 AM,Municipal Bodies||Jatni Municipal Council,"EXECUTIVE OFFICER,JATNI MUNICIPALITY",752050.0,1.0,"12,00,000",BIJAY KUMAR SETHI,"1,053,581",Rejected-Finance,11-Aug-2026,Municipal Bodies||Jatni Municipal Council,True,"{'Flood': 0, 'Embankment': 0, 'embkt': 0, 'Relief': 0, 'Erosion': 0, 'SDRF': 0, 'Inundation': 0, 'Hydrology': 0, 'Silt': 0, 'Siltation': 0, 'Bund': 0, 'Trench': 0, 'Breach': 0, 'Culvert': 0, 'Sluice': 0, 'Dyke': 0, 'Storm water drain': 0, 'Emergency': 0, 'Immediate': 0, 'IM': 0, 'AE': 0, 'A E': 0, 'AAPDA MITRA': 0, 'flood': 0, 'Bridge': 0, 'River': 0, 'Drain': 2, 'Restoration': 0, 'Protection': 0, 'irr': 0, 'irrigation': 0, 'dam': 0, 'Nallah': 0, 'Retrofitting': 0, 'Pond': 0, 'Pokhari': 0, 'D/C': 0, 'Recharge shaft': 0, 'LFB': 0, 'RFB': 0}","{'Floodlight': 0, 'Flood Light': 0, 'GAS': 0, 'FIFA': 0, 'pipe': 0, 'pipes': 0, 'covid': 0, 'supply': 0, 'Beautification': 0, 'Installation': 0}",Monsoon,,False,True,Repair and Restoration,"{'Construction': 2, 'Drain': 2}"
2025_CELBB_119432_12,MND-09 OF 2025-26,Construction of Spur on Nuna-Karandia Right embankment near RD 35.600 Km for the year 2025-26,Construction of Spur on Nuna-Karandia Right embankment near RD 35.600 Km for the year 2025-26,Works,National Competitive Bid,Percentage,Civil Works - Others,No,No,NA ,14-Oct-2025 10:00 AM,NA ,90.0,No ,No,Online,29-Oct-2025 11:30 AM,"CE-BM,LMB Basin,BBSR||SE, Eastern Circle,Cuttack||EE, Mahanadi North Division,Jagatpur",PUNDALO,754102.0,2.0,"83,97,151",SAROJA KUMAR PRADHAN,"7,138,418",Rejected-Finance,06-Aug-2026,"CE-BM,LMB Basin,BBSR||SE, Eastern Circle,Cuttack||EE, Mahanadi North Division,Jagatpur",True,"{'Flood': 0, 'Embankment': 2, 'embkt': 0, 'Relief': 0, 'Erosion': 0, 'SDRF': 0, 'Inundation': 0, 'Hydrology': 0, 'Silt': 0, 'Siltation': 0, 'Bund': 0, 'Trench': 0, 'Breach': 0, 'Culvert': 0, 'Sluice': 0, 'Dyke': 0, 'Storm water drain': 0, 'Emergency': 0, 'Immediate': 0, 'IM': 0, 'AE': 0, 'A E': 0, 'AAPDA MITRA': 0, 'flood': 0, 'Bridge': 0, 'River': 0, 'Drain': 0, 'Restoration': 0, 'Protection': 0, 'irr': 0, 'irrigation': 0, 'dam': 0, 'Nallah': 0, 'Retrofitting': 0, 'Pond': 0, 'Pokhari': 0, 'D/C': 0, 'Recharge shaft': 0, 'LFB': 0, 'RFB': 0}","{'Floodlight': 0, 'Flood Light': 0, 'GAS': 0, 'FIFA': 0, 'pipe': 0, 'pipes': 0, 'covid': 0, 'supply': 0, 'Beautification': 0, 'Installation': 0}",Post-Monsoon,,False,True,Repair and Restoration,{'Construction': 2}
2025_ORULB_110517_45,EO/JMC/082/2024-25,Construction of drain with cover slab at Gandhi Nagar in w.no.-09,Construction of drain with cover slab at Gandhi Nagar in w.no.-09,Works,Open Tender,Percentage,Civil Works - Others,No,No,NA ,17-Feb-2025 11:00 AM,NA ,30.0,No ,No,Online,04-Mar-2025 11:00 AM,Municipal Bodies||Jatni Municipal Council,"EXECUTIVE OFFICER,JATNI MUNICIPALITY",752050.0,1.0,"16,94,899",PRADHAN CONSTRUCTION,"1,440,876",Rejected-Finance,28-Aug-2026,Municipal Bodies||Jatni Municipal Council,True,"{'Flood': 0, 'Embankment': 0, 'embkt': 0, 'Relief': 0, 'Erosion': 0, 'SDRF': 0, 'Inundation': 0, 'Hydrology': 0, 'Silt': 0, 'Siltation': 0, 'Bund': 0, 'Trench': 0, 'Breach': 0, 'Culvert': 0, 'Sluice': 0, 'Dyke': 0, 'Storm water drain': 0, 'Emergency': 0, 'Immediate': 0, 'IM': 0, 'AE': 0, 'A E': 0, 'AAPDA MITRA': 0, 'flood': 0, 'Bridge': 0, 'River': 0, 'Drain': 2, 'Restoration': 0, 'Protection': 0, 'irr': 0, 'irrigation': 0, 'dam': 0, 'Nallah': 0, 'Retrofitting': 0, 'Pond': 0, 'Pokhari': 0, 'D/C': 0, 'Recharge shaft': 0, 'LFB': 0, 'RFB': 0}","{'Floodlight': 0, 'Flood Light': 0, 'GAS': 0, 'FIFA': 0, 'pipe': 0, 'pipes': 0, 'covid': 0, 'supply': 0, 'Beautification': 0, 'Installation': 0}",Post-Monsoon,,False,True,Repair and Restoration,"{'Construction': 2, 'Drain': 2}"
2026_JIRR_124173_20,JKID-04 OF 2025-26,19-Construction of 3 Nos of Bathing Ghat on Kelua Right embankment from Sana Bhabilo to Sanraipada,Construction of 3 Nos of Bathing Ghat on Kelua Right embankment from Sana Bhabilo to Sanraipada,Works,National Competitive Bid,Percentage,Civil Works - Others,No,No,NA ,05-Jan-2026 11:00 AM,NA ,90.0,No ,No,Online,16-Jan-2026 11:00 AM,CE AND BM MBBS CHANDIKOLE||EASTERN CIRCLE II CHANDIKOLE||Jaraka Irr Div Jaraka,Jaraka,755050.0,1.0,"26,25,642",ANUJA JENA,"2,100,776",Rejected-Technical,16-Jun-2026,CE AND BM MBBS CHANDIKOLE||EASTERN CIRCLE II CHANDIKOLE||Jaraka Irr Div Jaraka,True,"{'Flood': 0, 'Embankment': 2, 'embkt': 0, 'Relief': 0, 'Erosion': 0, 'SDRF': 0, 'Inundation': 0, 'Hydrology': 0, 'Silt': 0, 'Siltation': 0, 'Bund': 0, 'Trench': 0, 'Breach': 0, 'Culvert': 0, 'Sluice': 0, 'Dyke': 0, 'Storm water drain': 0, 'Emergency': 0, 'Immediate': 0, 'IM': 0, 'AE': 0, 'A E': 0, 'AAPDA MITRA': 0, 'flood': 0, 'Bridge': 0, 'River': 0, 'Drain': 0, 'Restoration': 0, 'Protection': 0, 'irr': 0, 'irrigation': 0, 'dam': 0, 'Nallah': 0, 'Retrofitting': 0, 'Pond': 0, 'Pokhari': 0, 'D/C': 0, 'Recharge shaft': 0, 'LFB': 0, 'RFB': 0}","{'Floodlight': 0, 'Flood Light': 0, 'GAS': 0, 'FIFA': 0, 'pipe': 0, 'pipes': 0, 'covid': 0, 'supply': 0, 'Beautification': 0, 'Installation': 0}",Post-Monsoon,,False,True,Repair and Restoration,{'Construction': 2}
2026_ORULB_124467_4,BMC-EE-Tender Cell-61/2025-26 Dt. 09.01.2026,"Development of peripheral road and drain at Udayagiri Vihar and K-9 A, K9B area of Patrapada in Ward No. 65","Development of peripheral road and drain at Udayagiri Vihar and K-9 A, K9B area of Patrapada in Ward No. 65",Works,Open Tender,Percentage,Civil Works - Roads,No,No,NA ,13-Jan-2026 10:30 AM,19-Jan-2026 04:00 PM ,120.0,No ,No,Online,29-Jan-2026 11:00 AM,Municipal Bodies||Bhubaneswar Municipal Corporation,BMC AREA,751022.0,2.0,"10,16,94,700",BIDYADHAR SWAIN,"107,627,772",Rejected-Finance,03-Aug-2026,Municipal Bodies||Bhubaneswar Municipal Corporation,True,"{'Flood': 0, 'Embankment': 0, 'embkt': 0, 'Relief': 0, 'Erosion': 0, 'SDRF': 0, 'Inundation': 0, 'Hydrology': 0, 'Silt': 0, 'Siltation': 0, 'Bund': 0, 'Trench': 0, 'Breach': 0, 'Culvert': 0, 'Sluice': 0, 'Dyke': 0, 'Storm water drain': 0, 'Emergency': 0, 'Immediate': 0, 'IM': 0, 'AE': 0, 'A E': 0, 'AAPDA MITRA': 0, 'flood': 0, 'Bridge': 0, 'River': 0, 'Drain': 2, 'Restoration': 0, 'Protection': 0, 'irr': 0, 'irrigation': 0, 'dam': 0, 'Nallah': 0, 'Retrofitting': 0, 'Pond': 0, 'Pokhari': 0, 'D/C': 0, 'Recharge shaft': 0, 'LFB': 0, 'RFB': 0}","{'Floodlight': 0, 'Flood Light': 0, 'GAS': 0, 'FIFA': 0, 'pipe': 0, 'pipes': 0, 'covid': 0, 'supply': 0, 'Beautification': 0, 'Installation': 0}",Post-Monsoon,,False,True,Repair and Restoration,{'Drain': 2}
2026_ORULB_128734_36,SNP-MUN-37/2026-27,Restoration of Road and Drain From Chandra Academy to IDFC Bank in ward no-03,Restoration of Road and Drain From Chandra Academy to IDFC Bank in ward no-03,Works,Open Tender,Percentage,Civil Works - Others,No,No,NA ,05-May-2026 11:00 AM,NA ,60.0,No ,No,Online,16-May-2026 11:00 AM,Municipal Bodies||Sonepur Municipal Council,Sonepur Municipality,767017.0,1.0,"7,96,684",Tanaya Kumari Bohidar,"796,684",Rejected-Technical,01-Aug-2026,Municipal Bodies||Sonepur Municipal Council,True,"{'Flood': 0, 'Embankment': 0, 'embkt': 0, 'Relief': 0, 'Erosion': 0, 'SDRF': 0, 'Inundation': 0, 'Hydrology': 0, 'Silt': 0, 'Siltation': 0, 'Bund': 0, 'Trench': 0, 'Breach': 0, 'Culvert': 0, 'Sluice': 0, 'Dyke': 0, 'Storm water drain': 0, 'Emergency': 0, 'Immediate': 0, 'IM': 0, 'AE': 0, 'A E': 0, 'AAPDA MITRA': 0, 'flood': 0, 'Bridge': 0, 'River': 0, 'Drain': 2, 'Restoration': 2, 'Protection': 0, 'irr': 0, 'irrigation': 0, 'dam': 0, 'Nallah': 0, 'Retrofitting': 0, 'Pond': 0, 'Pokhari': 0, 'D/C': 0, 'Recharge shaft': 0, 'LFB': 0, 'RFB': 0}","{'Floodlight': 0, 'Flood Light': 0, 'GAS': 0, 'FIFA': 0, 'pipe': 0, 'pipes': 0, 'covid': 0, 'supply': 0, 'Beautification': 0, 'Installation': 0}",Pre-Monsoon,,False,True,Repair and Restoration,"{'restoration': 2, 'Drain': 2}"
2026_ORULB_128484_5,BMC-EE-Tender Cell-09/2026-27 dt. 24.04.2026,Construction of Road and Drain from Plot No. 2117 to Plot No. 2273/3513 via Pratima Bhawan and Plot No. 2177 in Ward No. 45,Construction of Road and Drain from Plot No. 2117 to Plot No. 2273/3513 via Pratima Bhawan and Plot No. 2177 in Ward No. 45,Works,Open Tender,Percentage,Civil Works - Others,No,No,NA ,28-Apr-2026 11:30 AM,04-May-2026 04:00 PM ,120.0,No ,No,Online,08-May-2026 03:30 PM,Municipal Bodies||Bhubaneswar Municipal Corporation,"BMC,AREA",751022.0,1.0,"38,03,278",JIBAN MITRA SINGH,"4,487,868",Accepted-AOC,03-Aug-2026,Municipal Bodies||Bhubaneswar Municipal Corporation,True,"{'Flood': 0, 'Embankment': 0, 'embkt': 0, 'Relief': 0, 'Erosion': 0, 'SDRF': 0, 'Inundation': 0, 'Hydrology': 0, 'Silt': 0, 'Siltation': 0, 'Bund': 0, 'Trench': 0, 'Breach': 0, 'Culvert': 0, 'Sluice': 0, 'Dyke': 0, 'Storm water drain': 0, 'Emergency': 0, 'Immediate': 0, 'IM': 0, 'AE': 0, 'A E': 0, 'AAPDA MITRA': 0, 'flood': 0, 'Bridge': 0, 'River': 0, 'Drain': 2, 'Restoration': 0, 'Protection': 0, 'irr': 0, 'irrigation': 0, 'dam': 0, 'Nallah': 0, 'Retrofitting': 0, 'Pond': 0, 'Pokhari': 0, 'D/C': 0, 'Recharge shaft': 0, 'LFB': 0, 'RFB': 0}","{'Floodlight': 0, 'Flood Light': 0, 'GAS': 0, 'FIFA': 0, 'pipe': 0, 'pipes': 0, 'covid': 0, 'supply': 0, 'Beautification': 0, 'Installation': 0}",Pre-Monsoon,,False,True,Repair and Restoration,"{'Construction': 2, 'Drain': 2}"
2025_ORULB_119908_18,GUN-MUN-77/2025-26,"Repair and restoration of pothole and laying of cover slab in ward no-12,13,14,15,16 ,17","Repair and restoration of pothole and laying of cover slab in ward no-12,13,14,15,16 ,17",Works,Open Tender,Percentage,Civil Works - Others,No,No,NA ,23-Oct-2025 11:00 AM,NA ,90.0,No ,No,Online,07-Nov-2025 11:00 AM,Municipal Bodies||Gunupur Municipal Council,Gunupur Municipality,765022.0,1.0,"13,55,731",GUNTAMUKALA GOWRI SANKAR RAO,"1,359,957",Rejected-Finance,24-Aug-2026,Municipal Bodies||Gunupur Municipal Council,True,"{'Flood': 0, 'Embankment': 0, 'embkt': 0, 'Relief': 0, 'Erosion': 0, 'SDRF': 0, 'Inundation': 0, 'Hydrology': 0, 'Silt': 0, 'Siltation': 0, 'Bund': 0, 'Trench': 0, 'Breach': 0, 'Culvert': 0, 'Sluice': 0, 'Dyke': 0, 'Storm water drain': 0, 'Emergency': 0, 'Immediate': 0, 'IM': 0, 'AE': 0, 'A E': 0, 'AAPDA MITRA': 0, 'flood': 0, 'Bridge': 0, 'River': 0, 'Drain': 0, 'Restoration': 2, 'Protection': 0, 'irr': 0, 'irrigation': 0, 'dam': 0, 'Nallah': 0, 'Retrofitting': 0, 'Pond': 0, 'Pokhari': 0, 'D/C': 0, 'Recharge shaft': 0, 'LFB': 0, 'RFB': 0}","{'Floodlight': 0, 'Flood Light': 0, 'GAS': 0, 'FIFA': 0, 'pipe': 0, 'pipes': 0, 'covid': 0, 'supply': 0, 'Beautification': 0, 'Installation': 0}",Post-Monsoon,,False,False,Repair and Restoration,"{'repair': 2, 'restoration': 2}"
2026_ORULB_125887_37,SOROM_07_2025-26,Construction of Drain from Fazil House to Patta Pola in Ward No.-13,Construction Work,Works,Open Tender,Percentage,Civil Works - Others,No,No,NA ,18-Feb-2026 10:00 AM,NA ,120.0,No ,No,Online,26-Feb-2026 10:00 AM,Municipal Bodies||Soro Municipality,"Soro Municipality, Soro",756045.0,1.0,"5,33,898",MANOJ KUMAR MANDAL,"524,287.36",Accepted-AOC,04-Aug-2026,Municipal Bodies||Soro Municipality,True,"{'Flood': 0, 'Embankment': 0, 'embkt': 0, 'Relief': 0, 'Erosion': 0, 'SDRF': 0, 'Inundation': 0, 'Hydrology': 0, 'Silt': 0, 'Siltation': 0, 'Bund': 0, 'Trench': 0, 'Breach': 0, 'Culvert': 0, 'Sluice': 0, 'Dyke': 0, 'Storm water drain': 0, 'Emergency': 0, 'Immediate': 0, 'IM': 0, 'AE': 0, 'A E': 0, 'AAPDA MITRA': 0, 'flood': 0, 'Bridge': 0, 'River': 0, 'Drain': 1, 'Restoration': 0, 'Protection': 0, 'irr': 0, 'irrigation': 0, 'dam': 0, 'Nallah': 0, 'Retrofitting': 0, 'Pond': 0, 'Pokhari': 0, 'D/C': 0, 'Recharge shaft': 0, 'LFB': 0, 'RFB': 0}","{'Floodlight': 0, 'Flood Light': 0, 'GAS': 0, 'FIFA': 0, 'pipe': 0, 'pipes': 0, 'covid': 0, 'supply': 0, 'Beautification': 0, 'Installation': 0}",Post-Monsoon,,False,True,Repair and Restoration,"{'Construction': 2, 'Drain': 1}"
2026_RMC_131981_4,MC/RMC/43/2026,"Construction of drain and paver road from JM 68 to JM 73 at Chhend in Ward No. 15 under RMC, Rourkela",Works,Works,Open Tender,Percentage,Civil Works - Others,No,No,NA ,12-Jun-2026 06:00 PM,NA ,90.0,No ,No,Online,23-Jun-2026 11:00 AM,Rourkela Municipal Corporation,Rourkela,769012.0,1.0,"17,57,000",AMULYA KUMAR SETHI,"1,757,173.1",Rejected-Technical,14-Aug-2026,Rourkela Municipal Corporation,True,"{'Flood': 0, 'Embankment': 0, 'embkt': 0, 'Relief': 0, 'Erosion': 0, 'SDRF': 0, 'Inundation': 0, 'Hydrology': 0, 'Silt': 0, 'Siltation': 0, 'Bund': 0, 'Trench': 0, 'Breach': 0, 'Culvert': 0, 'Sluice': 0, 'Dyke': 0, 'Storm water drain': 0, 'Emergency': 0, 'Immediate': 0, 'IM': 0, 'AE': 0, 'A E': 0, 'AAPDA MITRA': 0, 'flood': 0, 'Bridge': 0, 'River': 0, 'Drain': 1, 'Restoration': 0, 'Protection': 0, 'irr': 0, 'irrigation': 0, 'dam': 0, 'Nallah': 0, 'Retrofitting': 0, 'Pond': 0, 'Pokhari': 0, 'D/C': 0, 'Recharge shaft': 0, 'LFB': 0, 'RFB': 0}","{'Floodlight': 0, 'Flood Light': 0, 'GAS': 0, 'FIFA': 0, 'pipe': 0, 'pipes': 0, 'covid': 0, 'supply': 0, 'Beautification': 0, 'Installation': 0}",Monsoon,,False,True,Repair and Restoration,"{'Construction': 1, 'Drain': 1}"
2023_ORULB_87778_19,EO/JMC/066/2023-24,"Construction of Drain from Bhagabati Swa Mill to Samantaray Babu House and Biswanath Temple to Brndaban Sahoo House, W.No.-11","Construction of Drain from Bhagabati Swa Mill to Samantaray Babu House and Biswanath Temple to Brndaban Sahoo House, W.No.-11",Works,Open Tender,Percentage,Civil Works - Others,No,No,NA ,17-Apr-2023 09:00 AM,NA ,30.0,No ,No,Online,29-Apr-2023 09:00 AM,Municipal Bodies||Jatni Municipal Council,"EXECUTIVE OFFICER,JATNI MUNICIPALITY",752050.0,1.0,"15,00,000",BIJAY KUMAR SETHI,"1,269,905",Accepted-AOC,12-Aug-2026,Municipal Bodies||Jatni Municipal Council,True,"{'Flood': 0, 'Embankment': 0, 'embkt': 0, 'Relief': 0, 'Erosion': 0, 'SDRF': 0, 'Inundation': 0, 'Hydrology': 0, 'Silt': 0, 'Siltation': 0, 'Bund': 0, 'Trench': 0, 'Breach': 0, 'Culvert': 0, 'Sluice': 0, 'Dyke': 0, 'Storm water drain': 0, 'Emergency': 0, 'Immediate': 0, 'IM': 0, 'AE': 0, 'A E': 0, 'AAPDA MITRA': 0, 'flood': 0, 'Bridge': 0, 'River': 0, 'Drain': 2, 'Restoration': 0, 'Protection': 0, 'irr': 0, 'irrigation': 0, 'dam': 0, 'Nallah': 0, 'Retrofitting': 0, 'Pond': 0, 'Pokhari': 0, 'D/C': 0, 'Recharge shaft': 0, 'LFB': 0, 'RFB': 0}","{'Floodlight': 0, 'Flood Light': 0, 'GAS': 0, 'FIFA': 0, 'pipe': 0, 'pipes': 0, 'covid': 0, 'supply': 0, 'Beautification': 0, 'Installation': 0}",Pre-Monsoon,,False,True,Repair and Restoration,"{'Construction': 2, 'Drain': 2}"
2025_ORULB_116950_19,RN_03_2025-26,Construction of C.C Road from Rakesh Ghosh house to towards Begumpur field via Saraswati Club with 02(two) nos of culvert in Ward No. 06 under Remuna NAC,works,Works,Open Tender,Percentage,Civil Works - Roads,No,No,NA ,18-Aug-2025 11:00 AM,NA ,120.0,No ,No,Online,08-Sep-2025 11:00 AM,Municipal Bodies||Remuna NAC,Remuna NAC,756019.0,1.0,"5,33,950",DILLIPKUMAR BEHERA,"453,911",Accepted-AOC,01-Aug-2026,Municipal Bodies||Remuna NAC,True,"{'Flood': 0, 'Embankment': 0, 'embkt': 0, 'Relief': 0, 'Erosion': 0, 'SDRF': 0, 'Inundation': 0, 'Hydrology': 0, 'Silt': 0, 'Siltation': 0, 'Bund': 0, 'Trench': 0, 'Breach': 0, 'Culvert': 1, 'Sluice': 0, 'Dyke': 0, 'Storm water drain': 0, 'Emergency': 0, 'Immediate': 0, 'IM': 0, 'AE': 0, 'A E': 0, 'AAPDA MITRA': 0, 'flood': 0, 'Bridge': 0, 'River': 0, 'Drain': 0, 'Restoration': 0, 'Protection': 0, 'irr': 0, 'irrigation': 0, 'dam': 0, 'Nallah': 0, 'Retrofitting': 0, 'Pond': 0, 'Pokhari': 0, 'D/C': 0, 'Recharge shaft': 0, 'LFB': 0, 'RFB': 0}","{'Floodlight': 0, 'Flood Light': 0, 'GAS': 0, 'FIFA': 0, 'pipe': 0, 'pipes': 0, 'covid': 0, 'supply': 0, 'Beautification': 0, 'Installation': 0}",Monsoon,,False,True,Repair and Restoration,{'Construction': 1}
2025_ORULB_116950_31,RN_03_2025-26,Construction of R.C.C drain from Jadi Nayak house to Mangala Mandir in Ward No. 13 under Remuna NAC.,works,Works,Open Tender,Percentage,Civil Works - Roads,No,No,NA ,18-Aug-2025 11:00 AM,NA ,120.0,No ,No,Online,08-Sep-2025 11:00 AM,Municipal Bodies||Remuna NAC,Remuna NAC,756019.0,1.0,"4,17,084",JAI HANUMAN SUPPLY,"354,563",Rejected-Finance,13-Aug-2026,Municipal Bodies||Remuna NAC,True,"{'Flood': 0, 'Embankment': 0, 'embkt': 0, 'Relief': 0, 'Erosion': 0, 'SDRF': 0, 'Inundation': 0, 'Hydrology': 0, 'Silt': 0, 'Siltation': 0, 'Bund': 0, 'Trench': 0, 'Breach': 0, 'Culvert': 0, 'Sluice': 0, 'Dyke': 0, 'Storm water drain': 0, 'Emergency': 0, 'Immediate': 0, 'IM': 0, 'AE': 0, 'A E': 0, 'AAPDA MITRA': 0, 'flood': 0, 'Bridge': 0, 'River': 0, 'Drain': 1, 'Restoration': 0, 'Protection': 0, 'irr': 0, 'irrigation': 0, 'dam': 0, 'Nallah': 0, 'Retrofitting': 0, 'Pond': 0, 'Pokhari': 0, 'D/C': 0, 'Recharge shaft': 0, 'LFB': 0, 'RFB': 0}","{'Floodlight': 0, 'Flood Light': 0, 'GAS': 0, 'FIFA': 0, 'pipe': 0, 'pipes': 0, 'covid': 0, 'supply': 0, 'Beautification': 0, 'Installation': 0}",Monsoon,,False,True,Repair and Restoration,"{'Construction': 1, 'Drain': 1}"
2025_CEBBS_121965_16,SERID-RKL-05-2025-26,Construction of bed and slope lining and bank raising of Ranibandha Sub-Minor-I from RD 1320m to RD 1442m off-taking from Ranibandha Minor-I of Kanshbahal Irrigation Project for the year 2025-26,Construction of bed and slope lining and bank raising of Ranibandha Sub-Minor-I from RD 1320m to RD 1442m off-taking from Ranibandha Minor-I of Kanshbahal Irrigation Project for the year 2025-26,Works,Open Tender,Percentage,Civil Works - Canal,No,No,NA ,26-Nov-2025 10:00 AM,NA ,90.0,No ,No,Online,08-Dec-2025 11:00 AM,CE and BM Brahmani Basin Samal||APD cum CCE RIP Samal||Rourkela Irrigation Division Rourkela,Kanshbahal,770034.0,1.0,"7,10,442",REKHA DAS,"603,947",Rejected-AOC,11-Aug-2026,CE and BM Brahmani Basin Samal||APD cum CCE RIP Samal||Rourkela Irrigation Division Rourkela,True,"{'Flood': 0, 'Embankment': 0, 'embkt': 0, 'Relief': 0, 'Erosion': 0, 'SDRF': 0, 'Inundation': 0, 'Hydrology': 0, 'Silt': 0, 'Siltation': 0, 'Bund': 0, 'Trench': 0, 'Breach': 0, 'Culvert': 0, 'Sluice': 0, 'Dyke': 0, 'Storm water drain': 0, 'Emergency': 0, 'Immediate': 0, 'IM': 0, 'AE': 0, 'A E': 0, 'AAPDA MITRA': 0, 'flood': 0, 'Bridge': 0, 'River': 0, 'Drain': 0, 'Restoration': 0, 'Protection': 0, 'irr': 0, 'irrigation': 2, 'dam': 0, 'Nallah': 0, 'Retrofitting': 0, 'Pond': 0, 'Pokhari': 0, 'D/C': 0, 'Recharge shaft': 0, 'LFB': 0, 'RFB': 0}","{'Floodlight': 0, 'Flood Light': 0, 'GAS': 0, 'FIFA': 0, 'pipe': 0, 'pipes': 0, 'covid': 0, 'supply': 0, 'Beautification': 0, 'Installation': 0}",Post-Monsoon,,False,False,Repair and Restoration,"{'raising': 2, 'Construction': 2}"
2026_CEMIB_124558_17,BID IDENTIFICATION NO_SEMIDN_14_OF2025_26,Improvement to Sulia Check Dam in Gania Block of Nayagarh district under Improvement to Check Dam grant for the year 2025-26,Improvement to Sulia Check Dam in Gania Block of Nayagarh district under Improvement to Check Dam grant for the year 2025-26,Works,National Competitive Bid,Percentage,Civil Works - Others,No,No,NA ,14-Jan-2026 10:00 AM,NA ,90.0,No ,No,Online,21-Jan-2026 11:00 AM,"CE,Minor Irrigation,BBSR||SECMIC-BHUBANESWAR||EE MI Divn. Nayagarh",SUPERINTENDING ENGINEER M I DIVISION NAYAGARH,752070.0,1.0,,BULU DAS (S.C),"440,611.16",Accepted-AOC,14-Aug-2026,"CE,Minor Irrigation,BBSR||SECMIC-BHUBANESWAR||EE MI Divn. Nayagarh",True,"{'Flood': 0, 'Embankment': 0, 'embkt': 0, 'Relief': 0, 'Erosion': 0, 'SDRF': 0, 'Inundation': 0, 'Hydrology': 0, 'Silt': 0, 'Siltation': 0, 'Bund': 0, 'Trench': 0, 'Breach': 0, 'Culvert': 0, 'Sluice': 0, 'Dyke': 0, 'Storm water drain': 0, 'Emergency': 0, 'Immediate': 0, 'IM': 0, 'AE': 0, 'A E': 0, 'AAPDA MITRA': 0, 'flood': 0, 'Bridge': 0, 'River': 0, 'Drain': 0, 'Restoration': 0, 'Protection': 0, 'irr': 0, 'irrigation': 0, 'dam': 4, 'Nallah': 0, 'Retrofitting': 0, 'Pond': 0, 'Pokhari': 0, 'D/C': 0, 'Recharge shaft': 0, 'LFB': 0, 'RFB': 0}","{'Floodlight': 0, 'Flood Light': 0, 'GAS': 0, 'FIFA': 0, 'pipe': 0, 'pipes': 0, 'covid': 0, 'supply': 0, 'Beautification': 0, 'Installation': 0}",Post-Monsoon,,False,False,Repair and Restoration,"{'improvement': 4, 'Check Dam': 4}"
2026_ORULB_127958_12,01/2026-27,Construction of Drain from Bali Bhagawan House to Hanuman Mandira at Railway Station Pada in Ward No-4 of Attabira,boundary wall,Works,Open Tender,Percentage,Civil Works - Roads,No,No,NA ,09-Apr-2026 10:00 AM,NA ,45.0,No ,No,Online,20-Apr-2026 11:00 AM,Municipal Bodies||Attabira NAC,ATTABIRA NAC,768027.0,1.0,"6,77,815",SUnil Kumar KAr,"569,387.941",Rejected-AOC,09-Aug-2026,Municipal Bodies||Attabira NAC,True,"{'Flood': 0, 'Embankment': 0, 'embkt': 0, 'Relief': 0, 'Erosion': 0, 'SDRF': 0, 'Inundation': 0, 'Hydrology': 0, 'Silt': 0, 'Siltation': 0, 'Bund': 0, 'Trench': 0, 'Breach': 0, 'Culvert': 0, 'Sluice': 0, 'Dyke': 0, 'Storm water drain': 0, 'Emergency': 0, 'Immediate': 0, 'IM': 0, 'AE': 0, 'A E': 0, 'AAPDA MITRA': 0, 'flood': 0, 'Bridge': 0, 'River': 0, 'Drain': 1, 'Restoration': 0, 'Protection': 0, 'irr': 0, 'irrigation': 0, 'dam': 0, 'Nallah': 0, 'Retrofitting': 0, 'Pond': 0, 'Pokhari': 0, 'D/C': 0, 'Recharge shaft': 0, 'LFB': 0, 'RFB': 0}","{'Floodlight': 0, 'Flood Light': 0, 'GAS': 0, 'FIFA': 0, 'pipe': 0, 'pipes': 0, 'covid': 0, 'supply': 0, 'Beautification': 0, 'Installation': 0}",Pre-Monsoon,,False,True,Repair and Restoration,"{'Construction': 1, 'Drain': 1}"
