Tender ID,tender_externalreference,tender_title,Work Description,Tender Category,Tender Type,Form of contract,Product Category,Is Multi Currency Allowed For BOQ,Allow Two Stage Bidding,Independent External Monitor/Remarks,Published Date,Pre Bid Meeting Date,Bid Validity(Days),Should Allow NDA Tender,Allow Preferential Bidder,Payment Mode,Bid Opening Date,Organisation Chain,location,Pincode,No of Bids Received,Tender Value in ₹,Bidder Name,Awarded Value,Status,Contract Date :,Department,is_flood_tender,positive_keywords_dict,negative_keywords_dict,Season,Scheme,Erosion,Roads_Bridges_Embkt,Response Type,Flood Response - Subhead
2026_ORULB_127140_12,BM_14_2025_26,CONSTRUCTION OF MAHANAL PROTECTION WALL NEAR SARASWATI SHISU MANDIR LANE IN WARD NO. 27,CONSTRUCTION OF MAHANAL PROTECTION WALL NEAR SARASWATI SHISU MANDIR LANE IN WARD NO. 27,Works,Open Tender,Percentage,Civil Works - Others,No,No,NA ,11-Mar-2026 11:00 AM,NA ,90.0,No ,No,Online,23-Mar-2026 11:00 AM,Municipal Bodies||Balasore Municipality,Balasore Municipality,756003.0,1.0,"43,83,051",ASHIS SAHU,"3,539,313.94",Accepted-AOC,17-Jul-2026,Municipal Bodies||Balasore Municipality,True,"{'Flood': 0, 'Embankment': 0, 'embkt': 0, 'Relief': 0, 'Erosion': 0, 'SDRF': 0, 'Inundation': 0, 'Hydrology': 0, 'Silt': 0, 'Siltation': 0, 'Bund': 0, 'Trench': 0, 'Breach': 0, 'Culvert': 0, 'Sluice': 0, 'Dyke': 0, 'Storm water drain': 0, 'Emergency': 0, 'Immediate': 0, 'IM': 0, 'AE': 0, 'A E': 0, 'AAPDA MITRA': 0, 'flood': 0, 'Bridge': 0, 'River': 0, 'Drain': 0, 'Restoration': 0, 'Protection': 2, 'irr': 0, 'irrigation': 0, 'dam': 0, 'Nallah': 0, 'Retrofitting': 0, 'Pond': 0, 'Pokhari': 0, 'D/C': 0, 'Recharge shaft': 0, 'LFB': 0, 'RFB': 0}","{'Floodlight': 0, 'Flood Light': 0, 'GAS': 0, 'FIFA': 0, 'pipe': 0, 'pipes': 0, 'covid': 0, 'supply': 0, 'Beautification': 0, 'Installation': 0}",Pre-Monsoon,,False,False,Repair and Restoration,{'Construction': 2}
2026_CEMIB_128063_4,MIDGJP-02/2026-27,Improvement to Sana Nalla Check Dam near village Harishchandrapur in Gosani Block of Gajapati District under Imp. to Check Dam for the year-2026-27.,Improvement to Sana Nalla Check Dam near village Harishchandrapur in Gosani Block of Gajapati District under Imp. to Check Dam for the year-2026-27.,Works,Open Tender,Percentage,Civil Works - Others,No,No,NA ,10-Apr-2026 06:55 PM,NA ,90.0,No ,No,Online,21-Apr-2026 11:00 AM,"CE,Minor Irrigation,BBSR||SESMIC-BERHAMPUR||GAJAPATI",Gajapati,761200.0,1.0,"4,20,000",Purnachandra Biswal,"419,868.59",Rejected-AOC,11-Jul-2026,"CE,Minor Irrigation,BBSR||SESMIC-BERHAMPUR||GAJAPATI",True,"{'Flood': 0, 'Embankment': 0, 'embkt': 0, 'Relief': 0, 'Erosion': 0, 'SDRF': 0, 'Inundation': 0, 'Hydrology': 0, 'Silt': 0, 'Siltation': 0, 'Bund': 0, 'Trench': 0, 'Breach': 0, 'Culvert': 0, 'Sluice': 0, 'Dyke': 0, 'Storm water drain': 0, 'Emergency': 0, 'Immediate': 0, 'IM': 0, 'AE': 0, 'A E': 0, 'AAPDA MITRA': 0, 'flood': 0, 'Bridge': 0, 'River': 0, 'Drain': 0, 'Restoration': 0, 'Protection': 0, 'irr': 0, 'irrigation': 0, 'dam': 4, 'Nallah': 0, 'Retrofitting': 0, 'Pond': 0, 'Pokhari': 0, 'D/C': 0, 'Recharge shaft': 0, 'LFB': 0, 'RFB': 0}","{'Floodlight': 0, 'Flood Light': 0, 'GAS': 0, 'FIFA': 0, 'pipe': 0, 'pipes': 0, 'covid': 0, 'supply': 0, 'Beautification': 0, 'Installation': 0}",Pre-Monsoon,,False,False,Repair and Restoration,"{'improvement': 2, 'Check Dam': 4}"
2026_BDABU_128182_1,"252/EM/BDA/2026-27, Dated-10/04/2026","Construction of 11KV Line and LT Line towards shifting of existing lines coming on the drain and Footpath along with Illumination of the road from Damana-DAV to Road at Niladri Vihar near Sani Temple, Bhubaneswar","Construction of 11KV Line and LT Line towards shifting of existing lines coming on the drain and Footpath along with Illumination of the road from Damana-DAV to Road at Niladri Vihar near Sani Temple, Bhubaneswar",Works,Open Tender,Percentage,Electrical Works,No,No,NA ,16-Apr-2026 06:00 PM,NA ,90.0,No ,No,Online,30-Apr-2026 11:30 AM,Bhubaneswar Development Authority||Bhubaneswar Development Authority||EE BDA Division IV,Bhubaneswar,751001.0,2.0,"1,00,55,697",MODERN WINDING AND ELECTRICALS,"10,054,691",Rejected-Technical,31-Jul-2026,Bhubaneswar Development Authority||Bhubaneswar Development Authority||EE BDA Division IV,True,"{'Flood': 0, 'Embankment': 0, 'embkt': 0, 'Relief': 0, 'Erosion': 0, 'SDRF': 0, 'Inundation': 0, 'Hydrology': 0, 'Silt': 0, 'Siltation': 0, 'Bund': 0, 'Trench': 0, 'Breach': 0, 'Culvert': 0, 'Sluice': 0, 'Dyke': 0, 'Storm water drain': 0, 'Emergency': 0, 'Immediate': 0, 'IM': 0, 'AE': 0, 'A E': 0, 'AAPDA MITRA': 0, 'flood': 0, 'Bridge': 0, 'River': 0, 'Drain': 2, 'Restoration': 0, 'Protection': 0, 'irr': 0, 'irrigation': 0, 'dam': 0, 'Nallah': 0, 'Retrofitting': 0, 'Pond': 0, 'Pokhari': 0, 'D/C': 0, 'Recharge shaft': 0, 'LFB': 0, 'RFB': 0}","{'Floodlight': 0, 'Flood Light': 0, 'GAS': 0, 'FIFA': 0, 'pipe': 0, 'pipes': 0, 'covid': 0, 'supply': 0, 'Beautification': 0, 'Installation': 0}",Pre-Monsoon,,False,True,Repair and Restoration,"{'Construction': 2, 'Drain': 2}"
2026_ORULB_126953_4,EOBRP/07/2025-26,Covering of drain from Oram seth to sai mandir in ward no 1,Covering of drain from Oram seth to sai mandir in ward no 1,Works,Open Tender,Percentage,Civil Works - Others,No,No,NA ,07-Mar-2026 11:00 AM,NA ,90.0,No ,No,Online,16-Mar-2026 03:00 PM,Municipal Bodies||Barpali NAC,Barpali,768029.0,1.0,"6,72,438",SHIBARATRI SETH (SC),"500,962.79",Rejected-AOC,17-Jul-2026,Municipal Bodies||Barpali NAC,True,"{'Flood': 0, 'Embankment': 0, 'embkt': 0, 'Relief': 0, 'Erosion': 0, 'SDRF': 0, 'Inundation': 0, 'Hydrology': 0, 'Silt': 0, 'Siltation': 0, 'Bund': 0, 'Trench': 0, 'Breach': 0, 'Culvert': 0, 'Sluice': 0, 'Dyke': 0, 'Storm water drain': 0, 'Emergency': 0, 'Immediate': 0, 'IM': 0, 'AE': 0, 'A E': 0, 'AAPDA MITRA': 0, 'flood': 0, 'Bridge': 0, 'River': 0, 'Drain': 2, 'Restoration': 0, 'Protection': 0, 'irr': 0, 'irrigation': 0, 'dam': 0, 'Nallah': 0, 'Retrofitting': 0, 'Pond': 0, 'Pokhari': 0, 'D/C': 0, 'Recharge shaft': 0, 'LFB': 0, 'RFB': 0}","{'Floodlight': 0, 'Flood Light': 0, 'GAS': 0, 'FIFA': 0, 'pipe': 0, 'pipes': 0, 'covid': 0, 'supply': 0, 'Beautification': 0, 'Installation': 0}",Pre-Monsoon,,False,True,Repair and Restoration,{'Drain': 2}
2026_CEBMB_128949_12,SE-HID-ADV-02/2026-27,Desilting to Kadaguda distributary from RD 00 to 16770 m of Harbhangi Irrigation Project,DESILTING OF CANAL,Works,National Competitive Bid,Percentage,Civil Works - Others,No,No,NA ,11-May-2026 11:00 AM,NA ,90.0,No ,No,Online,25-May-2026 11:00 AM,"CE-BM,RVN Basin,Berhampur||SE Southern Irr Circle II Paralakhemundi||EE Harabhangi Irr Divn Adava",ADAVA,761217.0,1.0,"17,69,842",Ajit Kumar Gouda,"1,145,973",Rejected-Finance,24-Jun-2026,"CE-BM,RVN Basin,Berhampur||SE Southern Irr Circle II Paralakhemundi||EE Harabhangi Irr Divn Adava",True,"{'Flood': 0, 'Embankment': 0, 'embkt': 0, 'Relief': 0, 'Erosion': 0, 'SDRF': 0, 'Inundation': 0, 'Hydrology': 0, 'Silt': 0, 'Siltation': 0, 'Bund': 0, 'Trench': 0, 'Breach': 0, 'Culvert': 0, 'Sluice': 0, 'Dyke': 0, 'Storm water drain': 0, 'Emergency': 0, 'Immediate': 0, 'IM': 0, 'AE': 0, 'A E': 0, 'AAPDA MITRA': 0, 'flood': 0, 'Bridge': 0, 'River': 0, 'Drain': 0, 'Restoration': 0, 'Protection': 0, 'irr': 0, 'irrigation': 1, 'dam': 0, 'Nallah': 0, 'Retrofitting': 0, 'Pond': 0, 'Pokhari': 0, 'D/C': 0, 'Recharge shaft': 0, 'LFB': 0, 'RFB': 0}","{'Floodlight': 0, 'Flood Light': 0, 'GAS': 0, 'FIFA': 0, 'pipe': 0, 'pipes': 0, 'covid': 0, 'supply': 0, 'Beautification': 0, 'Installation': 0}",Pre-Monsoon,,False,False,Others,
2025_EICCL_120884_4,CCENC (R AND B) /13/ 2025-26,Improvement of PWD road Baradunguri Chowk to Bhoimunda via Tabdabahal Pandripali Lal Bridge from 0-000 Km to 5-800 km in the district of Sambalpur under State Plan for the year 2025-26.,ROAD WORK,Works,National Competitive Bid,Percentage,Civil Works - Roads,No,No,NA ,07-Nov-2025 05:00 PM,NA ,90.0,No ,No,Online,25-Nov-2025 11:00 AM,EIC-CIVIL||SERNB-CIRCLE-NORTHERN,SAMBALPUR,768001.0,2.0,"7,17,66,329",SAYED ABDUL SIRAJ,"61,008,556",Rejected-Finance,09-Jul-2026,EIC-CIVIL||SERNB-CIRCLE-NORTHERN,True,"{'Flood': 0, 'Embankment': 0, 'embkt': 0, 'Relief': 0, 'Erosion': 0, 'SDRF': 0, 'Inundation': 0, 'Hydrology': 0, 'Silt': 0, 'Siltation': 0, 'Bund': 0, 'Trench': 0, 'Breach': 0, 'Culvert': 0, 'Sluice': 0, 'Dyke': 0, 'Storm water drain': 0, 'Emergency': 0, 'Immediate': 0, 'IM': 0, 'AE': 0, 'A E': 0, 'AAPDA MITRA': 0, 'flood': 0, 'Bridge': 1, 'River': 0, 'Drain': 0, 'Restoration': 0, 'Protection': 0, 'irr': 0, 'irrigation': 0, 'dam': 0, 'Nallah': 0, 'Retrofitting': 0, 'Pond': 0, 'Pokhari': 0, 'D/C': 0, 'Recharge shaft': 0, 'LFB': 0, 'RFB': 0}","{'Floodlight': 0, 'Flood Light': 0, 'GAS': 0, 'FIFA': 0, 'pipe': 0, 'pipes': 0, 'covid': 0, 'supply': 0, 'Beautification': 0, 'Installation': 0}",Post-Monsoon,,False,True,Repair and Restoration,"{'improvement': 1, 'Bridge': 1}"
2026_CEBMB_128759_9,e-CHID-01/2026-27,Construction of toe drains of Service road of Right Main Canal within RD 23.50Km to 24.50Km of Ghodahada Irrigation Poroject.,Improvement of Canal system,Works,Open Tender,Percentage,Civil Works - Canal,No,No,NA ,06-May-2026 10:00 AM,NA ,90.0,No ,No,Online,22-May-2026 11:30 AM,"CE-BM,RVN Basin,Berhampur||S.E. Southern Irr. Circle I Berhampur||EE Chikiti Irrigation Divn Berhampur",Berhampur,760004.0,1.0,"8,72,000",RAJESH KUMAR SAHU,"872,366",Accepted-AOC,24-Jul-2026,"CE-BM,RVN Basin,Berhampur||S.E. Southern Irr. Circle I Berhampur||EE Chikiti Irrigation Divn Berhampur",True,"{'Flood': 0, 'Embankment': 0, 'embkt': 0, 'Relief': 0, 'Erosion': 0, 'SDRF': 0, 'Inundation': 0, 'Hydrology': 0, 'Silt': 0, 'Siltation': 0, 'Bund': 0, 'Trench': 0, 'Breach': 0, 'Culvert': 0, 'Sluice': 0, 'Dyke': 0, 'Storm water drain': 0, 'Emergency': 0, 'Immediate': 0, 'IM': 0, 'AE': 0, 'A E': 0, 'AAPDA MITRA': 0, 'flood': 0, 'Bridge': 0, 'River': 0, 'Drain': 0, 'Restoration': 0, 'Protection': 0, 'irr': 0, 'irrigation': 1, 'dam': 0, 'Nallah': 0, 'Retrofitting': 0, 'Pond': 0, 'Pokhari': 0, 'D/C': 0, 'Recharge shaft': 0, 'LFB': 0, 'RFB': 0}","{'Floodlight': 0, 'Flood Light': 0, 'GAS': 0, 'FIFA': 0, 'pipe': 0, 'pipes': 0, 'covid': 0, 'supply': 0, 'Beautification': 0, 'Installation': 0}",Pre-Monsoon,,False,True,Repair and Restoration,"{'improvement': 1, 'Construction': 1}"
2026_ORULB_127140_8,BM_14_2025_26,CONSTRUCTION OF DRAIN WITH COVER SLAB AND CULVERT FROM MIHIR BARIK HOUSE TO OLANDAZ CANAL IN WARD NO 24,CONSTRUCTION OF DRAIN WITH COVER SLAB AND CULVERT FROM MIHIR BARIK HOUSE TO OLANDAZ CANAL IN WARD NO 24,Works,Open Tender,Percentage,Civil Works - Others,No,No,NA ,11-Mar-2026 11:00 AM,NA ,90.0,No ,No,Online,23-Mar-2026 11:00 AM,Municipal Bodies||Balasore Municipality,Balasore Municipality,756003.0,1.0,"33,89,831",BISWAJIT KHATUA,"2,712,204.1",Accepted-AOC,17-Jul-2026,Municipal Bodies||Balasore Municipality,True,"{'Flood': 0, 'Embankment': 0, 'embkt': 0, 'Relief': 0, 'Erosion': 0, 'SDRF': 0, 'Inundation': 0, 'Hydrology': 0, 'Silt': 0, 'Siltation': 0, 'Bund': 0, 'Trench': 0, 'Breach': 0, 'Culvert': 2, 'Sluice': 0, 'Dyke': 0, 'Storm water drain': 0, 'Emergency': 0, 'Immediate': 0, 'IM': 0, 'AE': 0, 'A E': 0, 'AAPDA MITRA': 0, 'flood': 0, 'Bridge': 0, 'River': 0, 'Drain': 2, 'Restoration': 0, 'Protection': 0, 'irr': 0, 'irrigation': 0, 'dam': 0, 'Nallah': 0, 'Retrofitting': 0, 'Pond': 0, 'Pokhari': 0, 'D/C': 0, 'Recharge shaft': 0, 'LFB': 0, 'RFB': 0}","{'Floodlight': 0, 'Flood Light': 0, 'GAS': 0, 'FIFA': 0, 'pipe': 0, 'pipes': 0, 'covid': 0, 'supply': 0, 'Beautification': 0, 'Installation': 0}",Pre-Monsoon,,False,True,Repair and Restoration,"{'Construction': 2, 'Drain': 2}"
2026_ORULB_128734_13,SNP-MUN-37/2026-27,Resatoration of Drain and Road from Mithun Munda House to Ganesh Munda House,Resatoration of Drain and Road from Mithun Munda House to Ganesh Munda House,Works,Open Tender,Percentage,Civil Works - Others,No,No,NA ,05-May-2026 11:00 AM,NA ,60.0,No ,No,Online,16-May-2026 11:00 AM,Municipal Bodies||Sonepur Municipal Council,Sonepur Municipality,767017.0,1.0,"14,04,549",BIKRAM KUMAR AGRAWAL,"1,404,549",Rejected-Technical,26-Jul-2026,Municipal Bodies||Sonepur Municipal Council,True,"{'Flood': 0, 'Embankment': 0, 'embkt': 0, 'Relief': 0, 'Erosion': 0, 'SDRF': 0, 'Inundation': 0, 'Hydrology': 0, 'Silt': 0, 'Siltation': 0, 'Bund': 0, 'Trench': 0, 'Breach': 0, 'Culvert': 0, 'Sluice': 0, 'Dyke': 0, 'Storm water drain': 0, 'Emergency': 0, 'Immediate': 0, 'IM': 0, 'AE': 0, 'A E': 0, 'AAPDA MITRA': 0, 'flood': 0, 'Bridge': 0, 'River': 0, 'Drain': 2, 'Restoration': 0, 'Protection': 0, 'irr': 0, 'irrigation': 0, 'dam': 0, 'Nallah': 0, 'Retrofitting': 0, 'Pond': 0, 'Pokhari': 0, 'D/C': 0, 'Recharge shaft': 0, 'LFB': 0, 'RFB': 0}","{'Floodlight': 0, 'Flood Light': 0, 'GAS': 0, 'FIFA': 0, 'pipe': 0, 'pipes': 0, 'covid': 0, 'supply': 0, 'Beautification': 0, 'Installation': 0}",Pre-Monsoon,,False,True,Repair and Restoration,{'Drain': 2}
2026_CEBMB_128759_22,e-CHID-01/2026-27,Improvement to Canal lining in between RD 2448m to RD 2500m of Left Main Canal of Bahuda Irrigation Project.,Improvement of Canal system,Works,Open Tender,Percentage,Civil Works - Canal,No,No,NA ,06-May-2026 10:00 AM,NA ,90.0,No ,No,Online,22-May-2026 11:30 AM,"CE-BM,RVN Basin,Berhampur||S.E. Southern Irr. Circle I Berhampur||EE Chikiti Irrigation Divn Berhampur",Berhampur,760004.0,1.0,"8,46,000",Barika Sethi,"759,902",Rejected-AOC,24-Jul-2026,"CE-BM,RVN Basin,Berhampur||S.E. Southern Irr. Circle I Berhampur||EE Chikiti Irrigation Divn Berhampur",True,"{'Flood': 0, 'Embankment': 0, 'embkt': 0, 'Relief': 0, 'Erosion': 0, 'SDRF': 0, 'Inundation': 0, 'Hydrology': 0, 'Silt': 0, 'Siltation': 0, 'Bund': 0, 'Trench': 0, 'Breach': 0, 'Culvert': 0, 'Sluice': 0, 'Dyke': 0, 'Storm water drain': 0, 'Emergency': 0, 'Immediate': 0, 'IM': 0, 'AE': 0, 'A E': 0, 'AAPDA MITRA': 0, 'flood': 0, 'Bridge': 0, 'River': 0, 'Drain': 0, 'Restoration': 0, 'Protection': 0, 'irr': 0, 'irrigation': 1, 'dam': 0, 'Nallah': 0, 'Retrofitting': 0, 'Pond': 0, 'Pokhari': 0, 'D/C': 0, 'Recharge shaft': 0, 'LFB': 0, 'RFB': 0}","{'Floodlight': 0, 'Flood Light': 0, 'GAS': 0, 'FIFA': 0, 'pipe': 0, 'pipes': 0, 'covid': 0, 'supply': 0, 'Beautification': 0, 'Installation': 0}",Pre-Monsoon,,False,False,Repair and Restoration,{'improvement': 2}
2026_CEBMB_128730_1,HID-04/2026-27,Repair and Maintenance of protection Wall of approach Channel near village Gundiripadar of HIP,FLOOD PROTECTION WORK,Works,National Competitive Bid,Percentage,Civil Works - Others,No,No,NA ,04-May-2026 11:00 AM,NA ,90.0,No ,No,Online,25-May-2026 11:00 AM,"CE-BM,RVN Basin,Berhampur||SE Southern Irr Circle II Paralakhemundi||EE Harabhangi Irr Divn Adava",ADAVA,761217.0,1.0,"12,58,437",MANOJ KUMAR PANIGRAHY,"999,199",Rejected-Finance,22-Jul-2026,"CE-BM,RVN Basin,Berhampur||SE Southern Irr Circle II Paralakhemundi||EE Harabhangi Irr Divn Adava",True,"{'Flood': 1, 'Embankment': 0, 'embkt': 0, 'Relief': 0, 'Erosion': 0, 'SDRF': 0, 'Inundation': 0, 'Hydrology': 0, 'Silt': 0, 'Siltation': 0, 'Bund': 0, 'Trench': 0, 'Breach': 0, 'Culvert': 0, 'Sluice': 0, 'Dyke': 0, 'Storm water drain': 0, 'Emergency': 0, 'Immediate': 0, 'IM': 0, 'AE': 0, 'A E': 0, 'AAPDA MITRA': 0, 'flood': 1, 'Bridge': 0, 'River': 0, 'Drain': 0, 'Restoration': 0, 'Protection': 2, 'irr': 0, 'irrigation': 0, 'dam': 0, 'Nallah': 0, 'Retrofitting': 0, 'Pond': 0, 'Pokhari': 0, 'D/C': 0, 'Recharge shaft': 0, 'LFB': 0, 'RFB': 0}","{'Floodlight': 0, 'Flood Light': 0, 'GAS': 0, 'FIFA': 0, 'pipe': 0, 'pipes': 0, 'covid': 0, 'supply': 0, 'Beautification': 0, 'Installation': 0}",Pre-Monsoon,,False,False,Repair and Restoration,{'repair': 1}
2026_ORULB_129180_1,12/SMC_SBP/2026-27,"Construction of Paver road and drain from Jagannath Mandir to Jogeswar Baba Mandir, Modipada Ward No 22","Construction of Paver road and drain from Jagannath Mandir to Jogeswar Baba Mandir, Modipada Ward No 22",Works,Open Tender,Percentage,Civil Works - Others,No,No,NA ,14-May-2026 11:00 AM,NA ,90.0,No ,No,Online,26-May-2026 11:00 AM,Municipal Bodies||Sambalpur Municipal Corporation,SAMBALPUR MUNICIPAL CORPORATION,768006.0,1.0,"16,91,402","M/s. SURVEILLANCE SYSTEM, PROPRIETOR- ESHA JHAJHARIA","1,692,400.39",Rejected-Technical,08-Jul-2026,Municipal Bodies||Sambalpur Municipal Corporation,True,"{'Flood': 0, 'Embankment': 0, 'embkt': 0, 'Relief': 0, 'Erosion': 0, 'SDRF': 0, 'Inundation': 0, 'Hydrology': 0, 'Silt': 0, 'Siltation': 0, 'Bund': 0, 'Trench': 0, 'Breach': 0, 'Culvert': 0, 'Sluice': 0, 'Dyke': 0, 'Storm water drain': 0, 'Emergency': 0, 'Immediate': 0, 'IM': 0, 'AE': 0, 'A E': 0, 'AAPDA MITRA': 0, 'flood': 0, 'Bridge': 0, 'River': 0, 'Drain': 2, 'Restoration': 0, 'Protection': 0, 'irr': 0, 'irrigation': 0, 'dam': 0, 'Nallah': 0, 'Retrofitting': 0, 'Pond': 0, 'Pokhari': 0, 'D/C': 0, 'Recharge shaft': 0, 'LFB': 0, 'RFB': 0}","{'Floodlight': 0, 'Flood Light': 0, 'GAS': 0, 'FIFA': 0, 'pipe': 0, 'pipes': 0, 'covid': 0, 'supply': 0, 'Beautification': 0, 'Installation': 0}",Pre-Monsoon,,False,True,Repair and Restoration,"{'Construction': 2, 'Drain': 2}"
2026_CEBMB_129576_6,SE-HID-ADV-03/2026-27,"M/R to Padmapur Minor, Sidhapur Minor, Sandhikendu Minor, Surekhadeipur S/M, Tentulikhunti S/M,SarabadiI Minor, Patrapur S/M, Khariguda S/M and Chakunda S/M Under Harabhangi Irrigation Project",DESILTING OF CANAL WORK,Works,National Competitive Bid,Percentage,Civil Works - Others,No,No,NA ,25-May-2026 11:00 AM,NA ,90.0,No ,No,Online,06-Jun-2026 11:00 AM,"CE-BM,RVN Basin,Berhampur||SE Southern Irr Circle II Paralakhemundi||EE Harabhangi Irr Divn Adava",BADAGADA,761109.0,1.0,"9,19,076",Gouri Sankar Pradhan,"624,972",Rejected-Finance,25-Jun-2026,"CE-BM,RVN Basin,Berhampur||SE Southern Irr Circle II Paralakhemundi||EE Harabhangi Irr Divn Adava",True,"{'Flood': 0, 'Embankment': 0, 'embkt': 0, 'Relief': 0, 'Erosion': 0, 'SDRF': 0, 'Inundation': 0, 'Hydrology': 0, 'Silt': 0, 'Siltation': 0, 'Bund': 0, 'Trench': 0, 'Breach': 0, 'Culvert': 0, 'Sluice': 0, 'Dyke': 0, 'Storm water drain': 0, 'Emergency': 0, 'Immediate': 0, 'IM': 0, 'AE': 0, 'A E': 0, 'AAPDA MITRA': 0, 'flood': 0, 'Bridge': 0, 'River': 0, 'Drain': 0, 'Restoration': 0, 'Protection': 0, 'irr': 0, 'irrigation': 1, 'dam': 0, 'Nallah': 0, 'Retrofitting': 0, 'Pond': 0, 'Pokhari': 0, 'D/C': 0, 'Recharge shaft': 0, 'LFB': 0, 'RFB': 0}","{'Floodlight': 0, 'Flood Light': 0, 'GAS': 0, 'FIFA': 0, 'pipe': 0, 'pipes': 0, 'covid': 0, 'supply': 0, 'Beautification': 0, 'Installation': 0}",Pre-Monsoon,,False,False,Others,
2026_CEBBS_129635_11,SE-AID-3/2026-27,Improvement to Nuapada Minor Construction of Guard wall in between RD 1560m to 2450m of Derjang Irrigation Project,Improvement to Nuapada Minor Construction of Guard wall in between RD 1560m to 2450m of Derjang Irrigation Project,Works,Open Tender,Percentage,Civil Works - Canal,No,No,NA ,25-May-2026 11:00 AM,NA ,90.0,No ,No,Online,04-Jun-2026 09:00 AM,CE and BM Brahmani Basin Samal||SE Angul Irrigation Circle Angul||EE Angul Irrigation Division Angul,Angul,759143.0,1.0,,BAPUJI KUMAR SAHOO,"847,520",Rejected-Finance,15-Nov-2026,CE and BM Brahmani Basin Samal||SE Angul Irrigation Circle Angul||EE Angul Irrigation Division Angul,True,"{'Flood': 0, 'Embankment': 0, 'embkt': 0, 'Relief': 0, 'Erosion': 0, 'SDRF': 0, 'Inundation': 0, 'Hydrology': 0, 'Silt': 0, 'Siltation': 0, 'Bund': 0, 'Trench': 0, 'Breach': 0, 'Culvert': 0, 'Sluice': 0, 'Dyke': 0, 'Storm water drain': 0, 'Emergency': 0, 'Immediate': 0, 'IM': 0, 'AE': 0, 'A E': 0, 'AAPDA MITRA': 0, 'flood': 0, 'Bridge': 0, 'River': 0, 'Drain': 0, 'Restoration': 0, 'Protection': 0, 'irr': 0, 'irrigation': 2, 'dam': 0, 'Nallah': 0, 'Retrofitting': 0, 'Pond': 0, 'Pokhari': 0, 'D/C': 0, 'Recharge shaft': 0, 'LFB': 0, 'RFB': 0}","{'Floodlight': 0, 'Flood Light': 0, 'GAS': 0, 'FIFA': 0, 'pipe': 0, 'pipes': 0, 'covid': 0, 'supply': 0, 'Beautification': 0, 'Installation': 0}",Pre-Monsoon,,False,False,Repair and Restoration,"{'improvement': 2, 'Construction': 2}"
2026_ORULB_126276_2,EO/AGLM-12/2025-26,Construction of road from Raghu tea stall to Gandhi Marg PWD road and culvert at Hotel Imagine in ward No.,Construction of road from Raghu tea stall to Gandhi Marg PWD road and culvert at Hotel Imagine in ward No.,Works,Open Tender,Percentage,Civil Works - Others,No,No,NA ,21-Feb-2026 10:00 AM,NA ,90.0,No ,No,Online,05-Mar-2026 11:00 AM,Municipal Bodies||Angul Municipality,Angul,759122.0,1.0,"6,66,996",BRAJA MOHAN NAIK (SC),"666,930",Rejected-AOC,07-Jul-2026,Municipal Bodies||Angul Municipality,True,"{'Flood': 0, 'Embankment': 0, 'embkt': 0, 'Relief': 0, 'Erosion': 0, 'SDRF': 0, 'Inundation': 0, 'Hydrology': 0, 'Silt': 0, 'Siltation': 0, 'Bund': 0, 'Trench': 0, 'Breach': 0, 'Culvert': 2, 'Sluice': 0, 'Dyke': 0, 'Storm water drain': 0, 'Emergency': 0, 'Immediate': 0, 'IM': 0, 'AE': 0, 'A E': 0, 'AAPDA MITRA': 0, 'flood': 0, 'Bridge': 0, 'River': 0, 'Drain': 0, 'Restoration': 0, 'Protection': 0, 'irr': 0, 'irrigation': 0, 'dam': 0, 'Nallah': 0, 'Retrofitting': 0, 'Pond': 0, 'Pokhari': 0, 'D/C': 0, 'Recharge shaft': 0, 'LFB': 0, 'RFB': 0}","{'Floodlight': 0, 'Flood Light': 0, 'GAS': 0, 'FIFA': 0, 'pipe': 0, 'pipes': 0, 'covid': 0, 'supply': 0, 'Beautification': 0, 'Installation': 0}",Post-Monsoon,,False,True,Repair and Restoration,{'Construction': 2}
2026_CEBBS_129635_10,SE-AID-3/2026-27,Construction of CC Guard Wall Left bank in between RD 390m to 490m of Nuapada Distributary of Derjang Irrigation Project Working RD 390m to 498m,Construction of CC Guard Wall Left bank in between RD 390m to 490m of Nuapada Distributary of Derjang Irrigation Project Working RD 390m to 498m,Works,Open Tender,Percentage,Civil Works - Canal,No,No,NA ,25-May-2026 11:00 AM,NA ,90.0,No ,No,Online,04-Jun-2026 09:00 AM,CE and BM Brahmani Basin Samal||SE Angul Irrigation Circle Angul||EE Angul Irrigation Division Angul,Angul,759143.0,1.0,,UMESH CHANDRA SAHU,"506,467",Rejected-Finance,15-Nov-2026,CE and BM Brahmani Basin Samal||SE Angul Irrigation Circle Angul||EE Angul Irrigation Division Angul,True,"{'Flood': 0, 'Embankment': 0, 'embkt': 0, 'Relief': 0, 'Erosion': 0, 'SDRF': 0, 'Inundation': 0, 'Hydrology': 0, 'Silt': 0, 'Siltation': 0, 'Bund': 0, 'Trench': 0, 'Breach': 0, 'Culvert': 0, 'Sluice': 0, 'Dyke': 0, 'Storm water drain': 0, 'Emergency': 0, 'Immediate': 0, 'IM': 0, 'AE': 0, 'A E': 0, 'AAPDA MITRA': 0, 'flood': 0, 'Bridge': 0, 'River': 0, 'Drain': 0, 'Restoration': 0, 'Protection': 0, 'irr': 0, 'irrigation': 2, 'dam': 0, 'Nallah': 0, 'Retrofitting': 0, 'Pond': 0, 'Pokhari': 0, 'D/C': 0, 'Recharge shaft': 0, 'LFB': 0, 'RFB': 0}","{'Floodlight': 0, 'Flood Light': 0, 'GAS': 0, 'FIFA': 0, 'pipe': 0, 'pipes': 0, 'covid': 0, 'supply': 0, 'Beautification': 0, 'Installation': 0}",Pre-Monsoon,,False,False,Repair and Restoration,{'Construction': 2}
2026_CEBBS_129136_18,SE-AID-2/2026-27,Protection to right scoured bank of river Bauli US of bridge near village Inkarbandha of Angul Block.,Protection to right scoured bank of river Bauli US of bridge near village Inkarbandha of Angul Block.,Works,Open Tender,Percentage,Civil Works - Others,No,No,NA ,13-May-2026 11:00 AM,NA ,90.0,No ,No,Online,25-May-2026 09:00 AM,CE and BM Brahmani Basin Samal||SE Angul Irrigation Circle Angul||EE Angul Irrigation Division Angul,Angul,759143.0,1.0,,SANJAYA KUMAR JENA,"1,694,137",Rejected-Finance,24-Jun-2026,CE and BM Brahmani Basin Samal||SE Angul Irrigation Circle Angul||EE Angul Irrigation Division Angul,True,"{'Flood': 0, 'Embankment': 0, 'embkt': 0, 'Relief': 0, 'Erosion': 0, 'SDRF': 0, 'Inundation': 0, 'Hydrology': 0, 'Silt': 0, 'Siltation': 0, 'Bund': 0, 'Trench': 0, 'Breach': 0, 'Culvert': 0, 'Sluice': 0, 'Dyke': 0, 'Storm water drain': 0, 'Emergency': 0, 'Immediate': 0, 'IM': 0, 'AE': 0, 'A E': 0, 'AAPDA MITRA': 0, 'flood': 0, 'Bridge': 2, 'River': 2, 'Drain': 0, 'Restoration': 0, 'Protection': 2, 'irr': 0, 'irrigation': 0, 'dam': 0, 'Nallah': 0, 'Retrofitting': 0, 'Pond': 0, 'Pokhari': 0, 'D/C': 0, 'Recharge shaft': 0, 'LFB': 0, 'RFB': 0}","{'Floodlight': 0, 'Flood Light': 0, 'GAS': 0, 'FIFA': 0, 'pipe': 0, 'pipes': 0, 'covid': 0, 'supply': 0, 'Beautification': 0, 'Installation': 0}",Pre-Monsoon,,False,True,Repair and Restoration,{'Bridge': 2}
2026_CENH_128111_1,01/SENHKSNG of 2026-27,"Construction of New RCC drain near Paramanandapur , Bhawanipatna Town , along NH-26 From Km 176/440 to 176/750 (LHS) for the year 2025-26","Construction of New RCC drain near Paramanandapur , Bhawanipatna Town , along NH-26 From Km 176/440 to 176/750 (LHS) for the year 2025-26",Works,Open Tender,Percentage,Civil Works - Roads,No,No,NA ,15-Apr-2026 11:00 AM,NA ,90.0,No ,No,Online,08-May-2026 11:30 AM,CE-NH||NHCIRCLE-SAMBALPUR||EENH-DIVN-KESINGA,KESINGA/KALAHANDI,766012.0,1.0,"35,42,553",SAROJ KANTA NAIK,"2,437,276.51",Rejected-AOC,29-Jul-2026,CE-NH||NHCIRCLE-SAMBALPUR||EENH-DIVN-KESINGA,True,"{'Flood': 0, 'Embankment': 0, 'embkt': 0, 'Relief': 0, 'Erosion': 0, 'SDRF': 0, 'Inundation': 0, 'Hydrology': 0, 'Silt': 0, 'Siltation': 0, 'Bund': 0, 'Trench': 0, 'Breach': 0, 'Culvert': 0, 'Sluice': 0, 'Dyke': 0, 'Storm water drain': 0, 'Emergency': 0, 'Immediate': 0, 'IM': 0, 'AE': 0, 'A E': 0, 'AAPDA MITRA': 0, 'flood': 0, 'Bridge': 0, 'River': 0, 'Drain': 2, 'Restoration': 0, 'Protection': 0, 'irr': 0, 'irrigation': 0, 'dam': 0, 'Nallah': 0, 'Retrofitting': 0, 'Pond': 0, 'Pokhari': 0, 'D/C': 0, 'Recharge shaft': 0, 'LFB': 0, 'RFB': 0}","{'Floodlight': 0, 'Flood Light': 0, 'GAS': 0, 'FIFA': 0, 'pipe': 0, 'pipes': 0, 'covid': 0, 'supply': 0, 'Beautification': 0, 'Installation': 0}",Pre-Monsoon,,False,True,Repair and Restoration,"{'Construction': 2, 'Drain': 2}"
2025_ORULB_120762_2,PM_03/2025-26,Construction of RCC drain With Cover Slab from Dharani Patra house to Hari Sahoo house in Ward No-1,Construction of RCC drain With Cover Slab from Dharani Patra house to Hari Sahoo house in Ward No-1,Works,Open Tender,Percentage,Civil Works - Others,No,No,NA ,04-Nov-2025 05:00 PM,NA ,90.0,No ,No,Online,15-Nov-2025 11:00 AM,Municipal Bodies||Pattamundai Municipality,Executive Officer Pattamundai Municipality,754215.0,1.0,"14,58,310",PRANATI BEHERA,"1,462,857",Rejected-AOC,22-Jul-2026,Municipal Bodies||Pattamundai Municipality,True,"{'Flood': 0, 'Embankment': 0, 'embkt': 0, 'Relief': 0, 'Erosion': 0, 'SDRF': 0, 'Inundation': 0, 'Hydrology': 0, 'Silt': 0, 'Siltation': 0, 'Bund': 0, 'Trench': 0, 'Breach': 0, 'Culvert': 0, 'Sluice': 0, 'Dyke': 0, 'Storm water drain': 0, 'Emergency': 0, 'Immediate': 0, 'IM': 0, 'AE': 0, 'A E': 0, 'AAPDA MITRA': 0, 'flood': 0, 'Bridge': 0, 'River': 0, 'Drain': 2, 'Restoration': 0, 'Protection': 0, 'irr': 0, 'irrigation': 0, 'dam': 0, 'Nallah': 0, 'Retrofitting': 0, 'Pond': 0, 'Pokhari': 0, 'D/C': 0, 'Recharge shaft': 0, 'LFB': 0, 'RFB': 0}","{'Floodlight': 0, 'Flood Light': 0, 'GAS': 0, 'FIFA': 0, 'pipe': 0, 'pipes': 0, 'covid': 0, 'supply': 0, 'Beautification': 0, 'Installation': 0}",Post-Monsoon,,False,True,Repair and Restoration,"{'Construction': 2, 'Drain': 2}"
2026_ORULB_125759_14,BLGR MPTY/10(01-60)/2025-26,"Const. of Drain with Cover Slab from Mishra babu res to Ajit patel res,CS Nagar,W.No.2",Drain with Cove rSlab Work,Works,Open Tender,Percentage,Civil Works - Others,No,No,NA ,10-Feb-2026 11:00 AM,NA ,180.0,No ,No,Online,05-Mar-2026 11:00 AM,Municipal Bodies||Balangir Municipality,Balangir,767001.0,1.0,"12,69,668",Deepak Kumar Nag,"1,203,010.63",Accepted-AOC,27-Jul-2026,Municipal Bodies||Balangir Municipality,True,"{'Flood': 0, 'Embankment': 0, 'embkt': 0, 'Relief': 0, 'Erosion': 0, 'SDRF': 0, 'Inundation': 0, 'Hydrology': 0, 'Silt': 0, 'Siltation': 0, 'Bund': 0, 'Trench': 0, 'Breach': 0, 'Culvert': 0, 'Sluice': 0, 'Dyke': 0, 'Storm water drain': 0, 'Emergency': 0, 'Immediate': 0, 'IM': 0, 'AE': 0, 'A E': 0, 'AAPDA MITRA': 0, 'flood': 0, 'Bridge': 0, 'River': 0, 'Drain': 2, 'Restoration': 0, 'Protection': 0, 'irr': 0, 'irrigation': 0, 'dam': 0, 'Nallah': 0, 'Retrofitting': 0, 'Pond': 0, 'Pokhari': 0, 'D/C': 0, 'Recharge shaft': 0, 'LFB': 0, 'RFB': 0}","{'Floodlight': 0, 'Flood Light': 0, 'GAS': 0, 'FIFA': 0, 'pipe': 0, 'pipes': 0, 'covid': 0, 'supply': 0, 'Beautification': 0, 'Installation': 0}",Post-Monsoon,,False,True,Repair and Restoration,{'Drain': 2}
2026_ORULB_129864_2,13/SMC_SBP/2026-27,"Construction of Paver road and drain from Manabi Ray house to Harihar Mishra house, Mahanadi Vihar, Ward No 20 under SMC Sambalpur","Construction of Paver road and drain from Manabi Ray house to Harihar Mishra house, Mahanadi Vihar, Ward No 20 under SMC Sambalpur",Works,Open Tender,Percentage,Civil Works - Others,No,No,NA ,30-May-2026 11:00 AM,NA ,90.0,No ,No,Online,09-Jun-2026 11:00 AM,Municipal Bodies||Sambalpur Municipal Corporation,SAMBALPUR MUNICIPAL CORPORATION,768004.0,1.0,"12,69,494",RAMESH CHANDRA MAHAKUD,"1,269,480",Rejected-Technical,24-Jul-2026,Municipal Bodies||Sambalpur Municipal Corporation,True,"{'Flood': 0, 'Embankment': 0, 'embkt': 0, 'Relief': 0, 'Erosion': 0, 'SDRF': 0, 'Inundation': 0, 'Hydrology': 0, 'Silt': 0, 'Siltation': 0, 'Bund': 0, 'Trench': 0, 'Breach': 0, 'Culvert': 0, 'Sluice': 0, 'Dyke': 0, 'Storm water drain': 0, 'Emergency': 0, 'Immediate': 0, 'IM': 0, 'AE': 0, 'A E': 0, 'AAPDA MITRA': 0, 'flood': 0, 'Bridge': 0, 'River': 0, 'Drain': 2, 'Restoration': 0, 'Protection': 0, 'irr': 0, 'irrigation': 0, 'dam': 0, 'Nallah': 0, 'Retrofitting': 0, 'Pond': 0, 'Pokhari': 0, 'D/C': 0, 'Recharge shaft': 0, 'LFB': 0, 'RFB': 0}","{'Floodlight': 0, 'Flood Light': 0, 'GAS': 0, 'FIFA': 0, 'pipe': 0, 'pipes': 0, 'covid': 0, 'supply': 0, 'Beautification': 0, 'Installation': 0}",Pre-Monsoon,,False,True,Repair and Restoration,"{'Construction': 2, 'Drain': 2}"
2026_CERWI_126097_1,RWCCESNG-32 of 2025-26,Construction of road from Ghogar TB bridge to Kinkibandh via Bijagarh,Construction of road from Ghogar TB bridge to Kinkibandh via Bijagarh,Works,National Competitive Bid,Percentage,Civil Works - Roads,No,No,NA ,16-Feb-2026 11:00 AM,NA ,90.0,No ,No,Online,05-Mar-2026 11:00 AM,CE RW I||RW-CIRCLE-SUNDARGARH,Sundergarh,770020.0,2.0,"3,49,80,978",MESSERS S K CONSTRUCTION,"34,945,997.377",Rejected-Finance,03-Jul-2026,CE RW I||RW-CIRCLE-SUNDARGARH,True,"{'Flood': 0, 'Embankment': 0, 'embkt': 0, 'Relief': 0, 'Erosion': 0, 'SDRF': 0, 'Inundation': 0, 'Hydrology': 0, 'Silt': 0, 'Siltation': 0, 'Bund': 0, 'Trench': 0, 'Breach': 0, 'Culvert': 0, 'Sluice': 0, 'Dyke': 0, 'Storm water drain': 0, 'Emergency': 0, 'Immediate': 0, 'IM': 0, 'AE': 0, 'A E': 0, 'AAPDA MITRA': 0, 'flood': 0, 'Bridge': 2, 'River': 0, 'Drain': 0, 'Restoration': 0, 'Protection': 0, 'irr': 0, 'irrigation': 0, 'dam': 0, 'Nallah': 0, 'Retrofitting': 0, 'Pond': 0, 'Pokhari': 0, 'D/C': 0, 'Recharge shaft': 0, 'LFB': 0, 'RFB': 0}","{'Floodlight': 0, 'Flood Light': 0, 'GAS': 0, 'FIFA': 0, 'pipe': 0, 'pipes': 0, 'covid': 0, 'supply': 0, 'Beautification': 0, 'Installation': 0}",Post-Monsoon,,False,True,Repair and Restoration,"{'Construction': 2, 'Bridge': 2}"
2026_CEMIB_124778_11,"SE,MID,SBP/16/2025-26",Construction of Khandital Check Dam over local nalla in Naktideul Block of Sambalpur District under MATY 2025-26.,Construction of Khandital Check Dam over local nalla in Naktideul Block of Sambalpur District under MATY 2025-26.,Works,Open Tender,Percentage,Civil Works - Water Works,No,No,NA ,19-Jan-2026 11:00 AM,NA ,90.0,No ,No,Online,02-Feb-2026 10:00 AM,"CE,Minor Irrigation,BBSR||SENMIC-SAMBALPUR||SAMBALPUR",Sambalpur,768001.0,1.0,"34,44,483",HAREKRUSHNA PRADHAN,"3,441,037.86",Rejected-AOC,20-Feb-2026,"CE,Minor Irrigation,BBSR||SENMIC-SAMBALPUR||SAMBALPUR",True,"{'Flood': 0, 'Embankment': 0, 'embkt': 0, 'Relief': 0, 'Erosion': 0, 'SDRF': 0, 'Inundation': 0, 'Hydrology': 0, 'Silt': 0, 'Siltation': 0, 'Bund': 0, 'Trench': 0, 'Breach': 0, 'Culvert': 0, 'Sluice': 0, 'Dyke': 0, 'Storm water drain': 0, 'Emergency': 0, 'Immediate': 0, 'IM': 0, 'AE': 0, 'A E': 0, 'AAPDA MITRA': 0, 'flood': 0, 'Bridge': 0, 'River': 0, 'Drain': 0, 'Restoration': 0, 'Protection': 0, 'irr': 0, 'irrigation': 0, 'dam': 2, 'Nallah': 0, 'Retrofitting': 0, 'Pond': 0, 'Pokhari': 0, 'D/C': 0, 'Recharge shaft': 0, 'LFB': 0, 'RFB': 0}","{'Floodlight': 0, 'Flood Light': 0, 'GAS': 0, 'FIFA': 0, 'pipe': 0, 'pipes': 0, 'covid': 0, 'supply': 0, 'Beautification': 0, 'Installation': 0}",Post-Monsoon,,False,False,Repair and Restoration,"{'Check Dam': 2, 'Construction': 2}"
2026_CEMIB_124862_5,Bid ID No. 09 SEMID (KJR/ 2025-2026) Dt. 08.01.2026,Construction of Rajabandha Check Dam over Badamgarh Nallah near village Murusuan in Banspal Block of Keonjhar District under MATY for the year 2025-2026,Construction of Rajabandha Check Dam over Badamgarh Nallah near village Murusuan in Banspal Block of Keonjhar District under MATY for the year 2025-2026,Works,National Competitive Bid,Percentage,Civil Works - Others,No,No,NA ,20-Jan-2026 03:00 PM,NA ,90.0,No ,No,Online,30-Jan-2026 11:00 AM,"CE,Minor Irrigation,BBSR||SE,Eastern Minor Irr.Circle,Keonjhar||EE M.I. Division Keonjhar",Banspal Block of Keonjhar District,758001.0,2.0,"52,70,000",Rajendra Dhar,"4,099,709.39",Rejected-AOC,28-Jul-2026,"CE,Minor Irrigation,BBSR||SE,Eastern Minor Irr.Circle,Keonjhar||EE M.I. Division Keonjhar",True,"{'Flood': 0, 'Embankment': 0, 'embkt': 0, 'Relief': 0, 'Erosion': 0, 'SDRF': 0, 'Inundation': 0, 'Hydrology': 0, 'Silt': 0, 'Siltation': 0, 'Bund': 0, 'Trench': 0, 'Breach': 0, 'Culvert': 0, 'Sluice': 0, 'Dyke': 0, 'Storm water drain': 0, 'Emergency': 0, 'Immediate': 0, 'IM': 0, 'AE': 0, 'A E': 0, 'AAPDA MITRA': 0, 'flood': 0, 'Bridge': 0, 'River': 0, 'Drain': 0, 'Restoration': 0, 'Protection': 0, 'irr': 0, 'irrigation': 0, 'dam': 2, 'Nallah': 2, 'Retrofitting': 0, 'Pond': 0, 'Pokhari': 0, 'D/C': 0, 'Recharge shaft': 0, 'LFB': 0, 'RFB': 0}","{'Floodlight': 0, 'Flood Light': 0, 'GAS': 0, 'FIFA': 0, 'pipe': 0, 'pipes': 0, 'covid': 0, 'supply': 0, 'Beautification': 0, 'Installation': 0}",Post-Monsoon,,False,False,Repair and Restoration,"{'Check Dam': 2, 'Construction': 2}"
2026_ORULB_128734_12,SNP-MUN-37/2026-27,Construction of Drain at Jhupudipada Club to Ganesh Chhatria House W.No-1,Construction of Drain at Jhupudipada Club to Ganesh Chhatria House W.No-1,Works,Open Tender,Percentage,Civil Works - Others,No,No,NA ,05-May-2026 11:00 AM,NA ,45.0,No ,No,Online,16-May-2026 11:00 AM,Municipal Bodies||Sonepur Municipal Council,Sonepur Municipality,767017.0,1.0,"1,84,120",BIKRAM KUMAR AGRAWAL,"184,120",Accepted-AOC,20-Jul-2026,Municipal Bodies||Sonepur Municipal Council,True,"{'Flood': 0, 'Embankment': 0, 'embkt': 0, 'Relief': 0, 'Erosion': 0, 'SDRF': 0, 'Inundation': 0, 'Hydrology': 0, 'Silt': 0, 'Siltation': 0, 'Bund': 0, 'Trench': 0, 'Breach': 0, 'Culvert': 0, 'Sluice': 0, 'Dyke': 0, 'Storm water drain': 0, 'Emergency': 0, 'Immediate': 0, 'IM': 0, 'AE': 0, 'A E': 0, 'AAPDA MITRA': 0, 'flood': 0, 'Bridge': 0, 'River': 0, 'Drain': 2, 'Restoration': 0, 'Protection': 0, 'irr': 0, 'irrigation': 0, 'dam': 0, 'Nallah': 0, 'Retrofitting': 0, 'Pond': 0, 'Pokhari': 0, 'D/C': 0, 'Recharge shaft': 0, 'LFB': 0, 'RFB': 0}","{'Floodlight': 0, 'Flood Light': 0, 'GAS': 0, 'FIFA': 0, 'pipe': 0, 'pipes': 0, 'covid': 0, 'supply': 0, 'Beautification': 0, 'Installation': 0}",Pre-Monsoon,,False,True,Repair and Restoration,"{'Construction': 2, 'Drain': 2}"
2025_CERWI_121642_1,Tender Online RWC-24-25,Construction of road from Pratapnagari to Sankhataras on left Embankment of KBC in the District of Cuttack for the year 2025-26.,Construction of road from Pratapnagari to Sankhataras on left Embankment of KBC in the District of Cuttack for the year 2025-26.,Works,National Competitive Bid,Percentage,Civil Works - Roads,No,No,NA ,20-Nov-2025 06:00 PM,NA ,90.0,No ,No,Online,05-Dec-2025 11:30 AM,CE RW I||RWCIRCLE-CUTTACK,Cuttack,753004.0,2.0,"9,91,27,574",OM MAA CONSTRUCTION,"89,224,574",Accepted-AOC,18-Jul-2026,CE RW I||RWCIRCLE-CUTTACK,True,"{'Flood': 0, 'Embankment': 2, 'embkt': 0, 'Relief': 0, 'Erosion': 0, 'SDRF': 0, 'Inundation': 0, 'Hydrology': 0, 'Silt': 0, 'Siltation': 0, 'Bund': 0, 'Trench': 0, 'Breach': 0, 'Culvert': 0, 'Sluice': 0, 'Dyke': 0, 'Storm water drain': 0, 'Emergency': 0, 'Immediate': 0, 'IM': 0, 'AE': 0, 'A E': 0, 'AAPDA MITRA': 0, 'flood': 0, 'Bridge': 0, 'River': 0, 'Drain': 0, 'Restoration': 0, 'Protection': 0, 'irr': 0, 'irrigation': 0, 'dam': 0, 'Nallah': 0, 'Retrofitting': 0, 'Pond': 0, 'Pokhari': 0, 'D/C': 0, 'Recharge shaft': 0, 'LFB': 0, 'RFB': 0}","{'Floodlight': 0, 'Flood Light': 0, 'GAS': 0, 'FIFA': 0, 'pipe': 0, 'pipes': 0, 'covid': 0, 'supply': 0, 'Beautification': 0, 'Installation': 0}",Post-Monsoon,,False,True,Repair and Restoration,{'Construction': 2}
2026_CEBMB_128949_13,SE-HID-ADV-02/2026-27,Desilting to Karadakana distributary from RD 00 m to 9950 m of Harbhangi Irrigation Project.,DESILTING OF CANAL,Works,National Competitive Bid,Percentage,Civil Works - Others,No,No,NA ,11-May-2026 11:00 AM,NA ,90.0,No ,No,Online,25-May-2026 11:00 AM,"CE-BM,RVN Basin,Berhampur||SE Southern Irr Circle II Paralakhemundi||EE Harabhangi Irr Divn Adava",ADAVA,761217.0,1.0,"7,96,401",BIJAYA KUMAR BEHERA,"515,670",Rejected-Finance,24-Jun-2026,"CE-BM,RVN Basin,Berhampur||SE Southern Irr Circle II Paralakhemundi||EE Harabhangi Irr Divn Adava",True,"{'Flood': 0, 'Embankment': 0, 'embkt': 0, 'Relief': 0, 'Erosion': 0, 'SDRF': 0, 'Inundation': 0, 'Hydrology': 0, 'Silt': 0, 'Siltation': 0, 'Bund': 0, 'Trench': 0, 'Breach': 0, 'Culvert': 0, 'Sluice': 0, 'Dyke': 0, 'Storm water drain': 0, 'Emergency': 0, 'Immediate': 0, 'IM': 0, 'AE': 0, 'A E': 0, 'AAPDA MITRA': 0, 'flood': 0, 'Bridge': 0, 'River': 0, 'Drain': 0, 'Restoration': 0, 'Protection': 0, 'irr': 0, 'irrigation': 1, 'dam': 0, 'Nallah': 0, 'Retrofitting': 0, 'Pond': 0, 'Pokhari': 0, 'D/C': 0, 'Recharge shaft': 0, 'LFB': 0, 'RFB': 0}","{'Floodlight': 0, 'Flood Light': 0, 'GAS': 0, 'FIFA': 0, 'pipe': 0, 'pipes': 0, 'covid': 0, 'supply': 0, 'Beautification': 0, 'Installation': 0}",Pre-Monsoon,,False,False,Others,
2026_ORULB_126953_5,EOBRP/07/2025-26,Covering of drain from kheda meher to gokul Gahir in ward no 1,Covering of drain from kheda meher to gokul Gahir in ward no 1,Works,Open Tender,Percentage,Civil Works - Others,No,No,NA ,07-Mar-2026 11:00 AM,NA ,90.0,No ,No,Online,16-Mar-2026 03:00 PM,Municipal Bodies||Barpali NAC,Barpali,768029.0,1.0,"8,06,847",JITEN SUNA,"643,844.43",Accepted-AOC,17-Jul-2026,Municipal Bodies||Barpali NAC,True,"{'Flood': 0, 'Embankment': 0, 'embkt': 0, 'Relief': 0, 'Erosion': 0, 'SDRF': 0, 'Inundation': 0, 'Hydrology': 0, 'Silt': 0, 'Siltation': 0, 'Bund': 0, 'Trench': 0, 'Breach': 0, 'Culvert': 0, 'Sluice': 0, 'Dyke': 0, 'Storm water drain': 0, 'Emergency': 0, 'Immediate': 0, 'IM': 0, 'AE': 0, 'A E': 0, 'AAPDA MITRA': 0, 'flood': 0, 'Bridge': 0, 'River': 0, 'Drain': 2, 'Restoration': 0, 'Protection': 0, 'irr': 0, 'irrigation': 0, 'dam': 0, 'Nallah': 0, 'Retrofitting': 0, 'Pond': 0, 'Pokhari': 0, 'D/C': 0, 'Recharge shaft': 0, 'LFB': 0, 'RFB': 0}","{'Floodlight': 0, 'Flood Light': 0, 'GAS': 0, 'FIFA': 0, 'pipe': 0, 'pipes': 0, 'covid': 0, 'supply': 0, 'Beautification': 0, 'Installation': 0}",Pre-Monsoon,,False,True,Repair and Restoration,{'Drain': 2}
2025_CERWI_124035_9,Tender Online RCK-21/25,Construction of Karilopatana PMGSY Road to Basapur Bridge Approach Road under MMSY-CMRL in the Dist. of Kendrapara for the year 2025-26.,Construction of road work,Works,National Competitive Bid,Percentage,Civil Works - Roads,No,No,NA ,02-Jan-2026 04:55 PM,NA ,90.0,No ,No,Online,31-Jan-2026 11:00 AM,CE RW I||RWCIRCLE-KENDRAPARA,Kendrapara,754211.0,2.0,"2,01,85,717",DIPTIREKHA BEHERA,"20,185,717",Rejected-Finance,07-Jul-2026,CE RW I||RWCIRCLE-KENDRAPARA,True,"{'Flood': 0, 'Embankment': 0, 'embkt': 0, 'Relief': 0, 'Erosion': 0, 'SDRF': 0, 'Inundation': 0, 'Hydrology': 0, 'Silt': 0, 'Siltation': 0, 'Bund': 0, 'Trench': 0, 'Breach': 0, 'Culvert': 0, 'Sluice': 0, 'Dyke': 0, 'Storm water drain': 0, 'Emergency': 0, 'Immediate': 0, 'IM': 0, 'AE': 0, 'A E': 0, 'AAPDA MITRA': 0, 'flood': 0, 'Bridge': 1, 'River': 0, 'Drain': 0, 'Restoration': 0, 'Protection': 0, 'irr': 0, 'irrigation': 0, 'dam': 0, 'Nallah': 0, 'Retrofitting': 0, 'Pond': 0, 'Pokhari': 0, 'D/C': 0, 'Recharge shaft': 0, 'LFB': 0, 'RFB': 0}","{'Floodlight': 0, 'Flood Light': 0, 'GAS': 0, 'FIFA': 0, 'pipe': 0, 'pipes': 0, 'covid': 0, 'supply': 0, 'Beautification': 0, 'Installation': 0}",Post-Monsoon,,False,True,Repair and Restoration,"{'Construction': 2, 'Bridge': 1}"
2026_ORULB_127372_25,ODULB_KGM_22/2025-2026,Special repair of Road and Drain from Sathigharsahi to NH-20 in Ward No-02,Special repair of Road and Drain from Sathigharsahi to NH-20 in Ward No-02,Works,Open Tender,Percentage,Civil Works - Others,No,No,NA ,19-Mar-2026 03:00 PM,NA ,120.0,No ,No,Online,31-Mar-2026 11:00 AM,Municipal Bodies||Keonjhargarh Municipal Council,KEONJHAR,758001.0,1.0,"8,00,000",DEBA PRASAD KHAMARI,"583,168.06",Accepted-AOC,22-Jul-2026,Municipal Bodies||Keonjhargarh Municipal Council,True,"{'Flood': 0, 'Embankment': 0, 'embkt': 0, 'Relief': 0, 'Erosion': 0, 'SDRF': 0, 'Inundation': 0, 'Hydrology': 0, 'Silt': 0, 'Siltation': 0, 'Bund': 0, 'Trench': 0, 'Breach': 0, 'Culvert': 0, 'Sluice': 0, 'Dyke': 0, 'Storm water drain': 0, 'Emergency': 0, 'Immediate': 0, 'IM': 0, 'AE': 0, 'A E': 0, 'AAPDA MITRA': 0, 'flood': 0, 'Bridge': 0, 'River': 0, 'Drain': 2, 'Restoration': 0, 'Protection': 0, 'irr': 0, 'irrigation': 0, 'dam': 0, 'Nallah': 0, 'Retrofitting': 0, 'Pond': 0, 'Pokhari': 0, 'D/C': 0, 'Recharge shaft': 0, 'LFB': 0, 'RFB': 0}","{'Floodlight': 0, 'Flood Light': 0, 'GAS': 0, 'FIFA': 0, 'pipe': 0, 'pipes': 0, 'covid': 0, 'supply': 0, 'Beautification': 0, 'Installation': 0}",Pre-Monsoon,,False,True,Repair and Restoration,"{'repair': 2, 'Drain': 2}"
2025_ORULB_120037_14,PM_02/2025-26,Construction of Road from Cuttack Chandabali Road to Sudarsan Mallik and Laxman Sahoo House Road and Development of Culvert near Danda In Ward No- 05,Construction of Road from Cuttack Chandabali Road to Sudarsan Mallik and Laxman Sahoo House Road and Development of Culvert near Danda In Ward No- 05,Works,Open Limited,Percentage,Civil Works - Others,No,No,NA ,25-Oct-2025 06:00 PM,NA ,90.0,No ,No,Online,15-Nov-2025 11:00 AM,Municipal Bodies||Pattamundai Municipality,Pattamundai,754215.0,1.0,"12,88,792",SUSHREE SUSMITA MALIK,"1,292,810",Rejected-AOC,25-Jul-2026,Municipal Bodies||Pattamundai Municipality,True,"{'Flood': 0, 'Embankment': 0, 'embkt': 0, 'Relief': 0, 'Erosion': 0, 'SDRF': 0, 'Inundation': 0, 'Hydrology': 0, 'Silt': 0, 'Siltation': 0, 'Bund': 0, 'Trench': 0, 'Breach': 0, 'Culvert': 2, 'Sluice': 0, 'Dyke': 0, 'Storm water drain': 0, 'Emergency': 0, 'Immediate': 0, 'IM': 0, 'AE': 0, 'A E': 0, 'AAPDA MITRA': 0, 'flood': 0, 'Bridge': 0, 'River': 0, 'Drain': 0, 'Restoration': 0, 'Protection': 0, 'irr': 0, 'irrigation': 0, 'dam': 0, 'Nallah': 0, 'Retrofitting': 0, 'Pond': 0, 'Pokhari': 0, 'D/C': 0, 'Recharge shaft': 0, 'LFB': 0, 'RFB': 0}","{'Floodlight': 0, 'Flood Light': 0, 'GAS': 0, 'FIFA': 0, 'pipe': 0, 'pipes': 0, 'covid': 0, 'supply': 0, 'Beautification': 0, 'Installation': 0}",Post-Monsoon,,False,True,Repair and Restoration,{'Construction': 2}
2026_CEMIB_134508_5,SEMIDBLS-03/2026-27,Improvement to Baulabandh Check Dam in Remuna Block of Balasore District under Improvement to Check Dam Scheme for the FY 2026-27,Improvement to Baulabandh Check Dam in Remuna Block of Balasore District under Improvement to Check Dam Scheme for the FY 2026-27,Works,Open Tender,Percentage,Civil Works - Others,No,No,NA ,08-Jul-2026 10:00 AM,NA ,90.0,No ,No,Online,20-Jul-2026 11:00 AM,"CE,Minor Irrigation,BBSR||Baripada Minor Irrigation Circle Baripada||MI Division Balasore",Remuna Block,756019.0,1.0,"7,91,000",KHITISH KUMAR NAYAK,"791,000",Accepted-AOC,31-Jul-2026,"CE,Minor Irrigation,BBSR||Baripada Minor Irrigation Circle Baripada||MI Division Balasore",True,"{'Flood': 0, 'Embankment': 0, 'embkt': 0, 'Relief': 0, 'Erosion': 0, 'SDRF': 0, 'Inundation': 0, 'Hydrology': 0, 'Silt': 0, 'Siltation': 0, 'Bund': 0, 'Trench': 0, 'Breach': 0, 'Culvert': 0, 'Sluice': 0, 'Dyke': 0, 'Storm water drain': 0, 'Emergency': 0, 'Immediate': 0, 'IM': 0, 'AE': 0, 'A E': 0, 'AAPDA MITRA': 0, 'flood': 0, 'Bridge': 0, 'River': 0, 'Drain': 0, 'Restoration': 0, 'Protection': 0, 'irr': 0, 'irrigation': 0, 'dam': 4, 'Nallah': 0, 'Retrofitting': 0, 'Pond': 0, 'Pokhari': 0, 'D/C': 0, 'Recharge shaft': 0, 'LFB': 0, 'RFB': 0}","{'Floodlight': 0, 'Flood Light': 0, 'GAS': 0, 'FIFA': 0, 'pipe': 0, 'pipes': 0, 'covid': 0, 'supply': 0, 'Beautification': 0, 'Installation': 0}",Monsoon,,False,False,Repair and Restoration,"{'improvement': 4, 'Check Dam': 4}"
2026_CEBMB_128949_9,SE-HID-ADV-02/2026-27,Desilting to common main canal from RD 00 to 2515 m of Harbhangi Irrigation Project.,DESILTING OF CANAL,Works,National Competitive Bid,Percentage,Civil Works - Others,No,No,NA ,11-May-2026 11:00 AM,NA ,90.0,No ,No,Online,25-May-2026 11:00 AM,"CE-BM,RVN Basin,Berhampur||SE Southern Irr Circle II Paralakhemundi||EE Harabhangi Irr Divn Adava",ADAVA,761217.0,1.0,"7,07,790",BIJAYA KUMAR BEHERA,"529,073",Rejected-Finance,24-Jun-2026,"CE-BM,RVN Basin,Berhampur||SE Southern Irr Circle II Paralakhemundi||EE Harabhangi Irr Divn Adava",True,"{'Flood': 0, 'Embankment': 0, 'embkt': 0, 'Relief': 0, 'Erosion': 0, 'SDRF': 0, 'Inundation': 0, 'Hydrology': 0, 'Silt': 0, 'Siltation': 0, 'Bund': 0, 'Trench': 0, 'Breach': 0, 'Culvert': 0, 'Sluice': 0, 'Dyke': 0, 'Storm water drain': 0, 'Emergency': 0, 'Immediate': 0, 'IM': 0, 'AE': 0, 'A E': 0, 'AAPDA MITRA': 0, 'flood': 0, 'Bridge': 0, 'River': 0, 'Drain': 0, 'Restoration': 0, 'Protection': 0, 'irr': 0, 'irrigation': 1, 'dam': 0, 'Nallah': 0, 'Retrofitting': 0, 'Pond': 0, 'Pokhari': 0, 'D/C': 0, 'Recharge shaft': 0, 'LFB': 0, 'RFB': 0}","{'Floodlight': 0, 'Flood Light': 0, 'GAS': 0, 'FIFA': 0, 'pipe': 0, 'pipes': 0, 'covid': 0, 'supply': 0, 'Beautification': 0, 'Installation': 0}",Pre-Monsoon,,False,False,Others,
2026_ORULB_127140_11,BM_14_2025_26,CONSTRUCTION OF DRAIN WITH COVER SLAB AND CULVERT FROM BISWAGURU PRESS TO ANANDA BAZAR VIA LOKANATH TEMPLE MARKET COMPLEX IN WARD NO 22 AND 23,CONSTRUCTION OF DRAIN WITH COVER SLAB AND CULVERT FROM BISWAGURU PRESS TO ANANDA BAZAR VIA LOKANATH TEMPLE MARKET COMPLEX IN WARD NO 22 AND 23,Works,Open Tender,Percentage,Civil Works - Others,No,No,NA ,11-Mar-2026 11:00 AM,NA ,90.0,No ,No,Online,23-Mar-2026 11:00 AM,Municipal Bodies||Balasore Municipality,Balasore Municipality,756003.0,1.0,"42,37,288",ASHIS SAHU,"3,389,830.35",Rejected-Technical,17-Jul-2026,Municipal Bodies||Balasore Municipality,True,"{'Flood': 0, 'Embankment': 0, 'embkt': 0, 'Relief': 0, 'Erosion': 0, 'SDRF': 0, 'Inundation': 0, 'Hydrology': 0, 'Silt': 0, 'Siltation': 0, 'Bund': 0, 'Trench': 0, 'Breach': 0, 'Culvert': 2, 'Sluice': 0, 'Dyke': 0, 'Storm water drain': 0, 'Emergency': 0, 'Immediate': 0, 'IM': 0, 'AE': 0, 'A E': 0, 'AAPDA MITRA': 0, 'flood': 0, 'Bridge': 0, 'River': 0, 'Drain': 2, 'Restoration': 0, 'Protection': 0, 'irr': 0, 'irrigation': 0, 'dam': 0, 'Nallah': 0, 'Retrofitting': 0, 'Pond': 0, 'Pokhari': 0, 'D/C': 0, 'Recharge shaft': 0, 'LFB': 0, 'RFB': 0}","{'Floodlight': 0, 'Flood Light': 0, 'GAS': 0, 'FIFA': 0, 'pipe': 0, 'pipes': 0, 'covid': 0, 'supply': 0, 'Beautification': 0, 'Installation': 0}",Pre-Monsoon,,False,True,Repair and Restoration,"{'Construction': 2, 'Drain': 2}"
2026_ORULB_127816_2,MC(CMC)CTC_Div-IIiNo4/2026-27,Desilting of MSWC drain from Ananta Nageswar temple to Matrubhawan gate to Link road Petrol Pump front culvert in Ward No.37.,Desilting of MSWC drain from Ananta Nageswar temple to Matrubhawan gate to Link road Petrol Pump front culvert in Ward No.37.,Works,Open Tender,Percentage,Civil Works - Others,No,No,NA ,02-May-2026 11:00 AM,NA ,90.0,No ,No,Online,14-May-2026 10:00 AM,Municipal Bodies||Cuttack Municipal Corporation,CMC,753012.0,1.0,"49,28,935",RASHMI RANJAN ROUT,"4,928,935",Rejected-AOC,25-Jul-2026,Municipal Bodies||Cuttack Municipal Corporation,True,"{'Flood': 0, 'Embankment': 0, 'embkt': 0, 'Relief': 0, 'Erosion': 0, 'SDRF': 0, 'Inundation': 0, 'Hydrology': 0, 'Silt': 0, 'Siltation': 0, 'Bund': 0, 'Trench': 0, 'Breach': 0, 'Culvert': 2, 'Sluice': 0, 'Dyke': 0, 'Storm water drain': 0, 'Emergency': 0, 'Immediate': 0, 'IM': 0, 'AE': 0, 'A E': 0, 'AAPDA MITRA': 0, 'flood': 0, 'Bridge': 0, 'River': 0, 'Drain': 2, 'Restoration': 0, 'Protection': 0, 'irr': 0, 'irrigation': 0, 'dam': 0, 'Nallah': 0, 'Retrofitting': 0, 'Pond': 0, 'Pokhari': 0, 'D/C': 0, 'Recharge shaft': 0, 'LFB': 0, 'RFB': 0}","{'Floodlight': 0, 'Flood Light': 0, 'GAS': 0, 'FIFA': 0, 'pipe': 0, 'pipes': 0, 'covid': 0, 'supply': 0, 'Beautification': 0, 'Installation': 0}",Pre-Monsoon,,False,True,Repair and Restoration,{'Drain': 2}
2025_ORULB_123980_3,KMPLTY/07/2025-26,Renovation and Restoration of Jayeerajguru Park in W.No. 12,Renovation and Restoration of Jayeerajguru Park in W.No. 12,Works,Open Tender,Percentage,Civil Works - Others,No,No,NA ,01-Jan-2026 11:00 AM,NA ,30.0,No ,No,Online,13-Jan-2026 11:00 AM,Municipal Bodies||Khordha Municipality,Khordha Municipality,752055.0,1.0,"13,25,497",SANDIP KUMAR BARMAN,"1,325,497",Rejected-Finance,13-Jul-2026,Municipal Bodies||Khordha Municipality,True,"{'Flood': 0, 'Embankment': 0, 'embkt': 0, 'Relief': 0, 'Erosion': 0, 'SDRF': 0, 'Inundation': 0, 'Hydrology': 0, 'Silt': 0, 'Siltation': 0, 'Bund': 0, 'Trench': 0, 'Breach': 0, 'Culvert': 0, 'Sluice': 0, 'Dyke': 0, 'Storm water drain': 0, 'Emergency': 0, 'Immediate': 0, 'IM': 0, 'AE': 0, 'A E': 0, 'AAPDA MITRA': 0, 'flood': 0, 'Bridge': 0, 'River': 0, 'Drain': 0, 'Restoration': 2, 'Protection': 0, 'irr': 0, 'irrigation': 0, 'dam': 0, 'Nallah': 0, 'Retrofitting': 0, 'Pond': 0, 'Pokhari': 0, 'D/C': 0, 'Recharge shaft': 0, 'LFB': 0, 'RFB': 0}","{'Floodlight': 0, 'Flood Light': 0, 'GAS': 0, 'FIFA': 0, 'pipe': 0, 'pipes': 0, 'covid': 0, 'supply': 0, 'Beautification': 0, 'Installation': 0}",Post-Monsoon,,False,False,Repair and Restoration,"{'restoration': 2, 'renovation': 2}"
2026_ORULB_126953_7,EOBRP/07/2025-26,Covering of drain from Ashok meher house to aju meher house in ward no 1,Covering of drain from Ashok meher house to aju meher house in ward no 1,Works,Open Tender,Percentage,Civil Works - Others,No,No,NA ,07-Mar-2026 11:00 AM,NA ,90.0,No ,No,Online,16-Mar-2026 03:00 PM,Municipal Bodies||Barpali NAC,Barpali,768029.0,1.0,"1,34,700",JITEN SUNA,"107,119.33",Accepted-AOC,17-Jul-2026,Municipal Bodies||Barpali NAC,True,"{'Flood': 0, 'Embankment': 0, 'embkt': 0, 'Relief': 0, 'Erosion': 0, 'SDRF': 0, 'Inundation': 0, 'Hydrology': 0, 'Silt': 0, 'Siltation': 0, 'Bund': 0, 'Trench': 0, 'Breach': 0, 'Culvert': 0, 'Sluice': 0, 'Dyke': 0, 'Storm water drain': 0, 'Emergency': 0, 'Immediate': 0, 'IM': 0, 'AE': 0, 'A E': 0, 'AAPDA MITRA': 0, 'flood': 0, 'Bridge': 0, 'River': 0, 'Drain': 2, 'Restoration': 0, 'Protection': 0, 'irr': 0, 'irrigation': 0, 'dam': 0, 'Nallah': 0, 'Retrofitting': 0, 'Pond': 0, 'Pokhari': 0, 'D/C': 0, 'Recharge shaft': 0, 'LFB': 0, 'RFB': 0}","{'Floodlight': 0, 'Flood Light': 0, 'GAS': 0, 'FIFA': 0, 'pipe': 0, 'pipes': 0, 'covid': 0, 'supply': 0, 'Beautification': 0, 'Installation': 0}",Pre-Monsoon,,False,True,Repair and Restoration,{'Drain': 2}
2026_CEBMB_128949_11,SE-HID-ADV-02/2026-27,M/R to Baharapur Distributary in between RD 00 m to 6540 m under Harbhangi Irrigation Project.,DESILTING OF CANAL,Works,National Competitive Bid,Percentage,Civil Works - Others,No,No,NA ,11-May-2026 11:00 AM,NA ,90.0,No ,No,Online,25-May-2026 11:00 AM,"CE-BM,RVN Basin,Berhampur||SE Southern Irr Circle II Paralakhemundi||EE Harabhangi Irr Divn Adava",ADAVA,761217.0,1.0,"7,07,749",Ajit Kumar Gouda,"529,042",Rejected-Finance,24-Jun-2026,"CE-BM,RVN Basin,Berhampur||SE Southern Irr Circle II Paralakhemundi||EE Harabhangi Irr Divn Adava",True,"{'Flood': 0, 'Embankment': 0, 'embkt': 0, 'Relief': 0, 'Erosion': 0, 'SDRF': 0, 'Inundation': 0, 'Hydrology': 0, 'Silt': 0, 'Siltation': 0, 'Bund': 0, 'Trench': 0, 'Breach': 0, 'Culvert': 0, 'Sluice': 0, 'Dyke': 0, 'Storm water drain': 0, 'Emergency': 0, 'Immediate': 0, 'IM': 0, 'AE': 0, 'A E': 0, 'AAPDA MITRA': 0, 'flood': 0, 'Bridge': 0, 'River': 0, 'Drain': 0, 'Restoration': 0, 'Protection': 0, 'irr': 0, 'irrigation': 1, 'dam': 0, 'Nallah': 0, 'Retrofitting': 0, 'Pond': 0, 'Pokhari': 0, 'D/C': 0, 'Recharge shaft': 0, 'LFB': 0, 'RFB': 0}","{'Floodlight': 0, 'Flood Light': 0, 'GAS': 0, 'FIFA': 0, 'pipe': 0, 'pipes': 0, 'covid': 0, 'supply': 0, 'Beautification': 0, 'Installation': 0}",Pre-Monsoon,,False,False,Others,
2025_CERWI_122879_1,NCB 401,Construction of HL Bridge over Khadkhai river at 2nd km on Manada to Mahiskudar road in the District of Mayurbhanj under Setu Bandhan Yojana for the year 2024-25,Construction of HL Bridge over Khadkhai river at 2nd km on Manada to Mahiskudar road in the District of Mayurbhanj under Setu Bandhan Yojana for the year 2024-25,Works,National Competitive Bid,Percentage,Civil Works - Bridges,No,No,NA ,09-Dec-2025 06:55 PM,NA ,90.0,No ,No,Online,22-Dec-2025 11:00 AM,CE RW I||RWCIRCLE-BARIPADA,Mayurbhanj,757105.0,2.0,"9,71,17,000",M/S BIG BUILD INFRASTRUCTURE & CO,"82,558,971",Rejected-AOC,06-Jul-2026,CE RW I||RWCIRCLE-BARIPADA,True,"{'Flood': 0, 'Embankment': 0, 'embkt': 0, 'Relief': 0, 'Erosion': 0, 'SDRF': 0, 'Inundation': 0, 'Hydrology': 0, 'Silt': 0, 'Siltation': 0, 'Bund': 0, 'Trench': 0, 'Breach': 0, 'Culvert': 0, 'Sluice': 0, 'Dyke': 0, 'Storm water drain': 0, 'Emergency': 0, 'Immediate': 0, 'IM': 0, 'AE': 0, 'A E': 0, 'AAPDA MITRA': 0, 'flood': 0, 'Bridge': 2, 'River': 2, 'Drain': 0, 'Restoration': 0, 'Protection': 0, 'irr': 0, 'irrigation': 0, 'dam': 0, 'Nallah': 0, 'Retrofitting': 0, 'Pond': 0, 'Pokhari': 0, 'D/C': 0, 'Recharge shaft': 0, 'LFB': 0, 'RFB': 0}","{'Floodlight': 0, 'Flood Light': 0, 'GAS': 0, 'FIFA': 0, 'pipe': 0, 'pipes': 0, 'covid': 0, 'supply': 0, 'Beautification': 0, 'Installation': 0}",Post-Monsoon,,False,True,Repair and Restoration,"{'Construction': 2, 'Bridge': 2}"
2026_ORULB_128734_10,SNP-MUN-37/2026-27,Construction of Drain at Pintu samal House Main Road infront of DHH in W.No-1,Construction of Drain at Pintu samal House Main Road infront of DHH in W.No-1,Works,Open Tender,Percentage,Civil Works - Others,No,No,NA ,05-May-2026 11:00 AM,NA ,60.0,No ,No,Online,16-May-2026 11:00 AM,Municipal Bodies||Sonepur Municipal Council,Sonepur Municipality,767017.0,1.0,"2,07,713",BIKRAM KUMAR AGRAWAL,"107,917",Rejected-Technical,20-Jul-2026,Municipal Bodies||Sonepur Municipal Council,True,"{'Flood': 0, 'Embankment': 0, 'embkt': 0, 'Relief': 0, 'Erosion': 0, 'SDRF': 0, 'Inundation': 0, 'Hydrology': 0, 'Silt': 0, 'Siltation': 0, 'Bund': 0, 'Trench': 0, 'Breach': 0, 'Culvert': 0, 'Sluice': 0, 'Dyke': 0, 'Storm water drain': 0, 'Emergency': 0, 'Immediate': 0, 'IM': 0, 'AE': 0, 'A E': 0, 'AAPDA MITRA': 0, 'flood': 0, 'Bridge': 0, 'River': 0, 'Drain': 2, 'Restoration': 0, 'Protection': 0, 'irr': 0, 'irrigation': 0, 'dam': 0, 'Nallah': 0, 'Retrofitting': 0, 'Pond': 0, 'Pokhari': 0, 'D/C': 0, 'Recharge shaft': 0, 'LFB': 0, 'RFB': 0}","{'Floodlight': 0, 'Flood Light': 0, 'GAS': 0, 'FIFA': 0, 'pipe': 0, 'pipes': 0, 'covid': 0, 'supply': 0, 'Beautification': 0, 'Installation': 0}",Pre-Monsoon,,False,True,Repair and Restoration,"{'Construction': 2, 'Drain': 2}"
2026_SCDBH_127609_41,e-Procurement Notice-SAL-BDK-4-P1 OF 2025-26,(41) Improvement to Salandi Right on ds of Belda V.R.Bridge,Embankment protection,Works,Open Tender,Percentage,Civil Works - Others,No,No,NA ,26-Mar-2026 11:00 AM,NA ,90.0,No ,No,Online,10-Apr-2026 11:00 AM,CE BM Baitarani Basin Kenojhar||Addl CE Salapada Irrigation Circle Salapada||SE Salandi Canal Division Bhadrak,Bhadrak,756100.0,1.0,"13,17,918",Ajit Kumar Lenka,"1,120,632",Rejected-Technical,20-Jul-2026,CE BM Baitarani Basin Kenojhar||Addl CE Salapada Irrigation Circle Salapada||SE Salandi Canal Division Bhadrak,True,"{'Flood': 0, 'Embankment': 1, 'embkt': 0, 'Relief': 0, 'Erosion': 0, 'SDRF': 0, 'Inundation': 0, 'Hydrology': 0, 'Silt': 0, 'Siltation': 0, 'Bund': 0, 'Trench': 0, 'Breach': 0, 'Culvert': 0, 'Sluice': 0, 'Dyke': 0, 'Storm water drain': 0, 'Emergency': 0, 'Immediate': 0, 'IM': 0, 'AE': 0, 'A E': 0, 'AAPDA MITRA': 0, 'flood': 0, 'Bridge': 1, 'River': 0, 'Drain': 0, 'Restoration': 0, 'Protection': 1, 'irr': 0, 'irrigation': 0, 'dam': 0, 'Nallah': 0, 'Retrofitting': 0, 'Pond': 0, 'Pokhari': 0, 'D/C': 0, 'Recharge shaft': 0, 'LFB': 0, 'RFB': 0}","{'Floodlight': 0, 'Flood Light': 0, 'GAS': 0, 'FIFA': 0, 'pipe': 0, 'pipes': 0, 'covid': 0, 'supply': 0, 'Beautification': 0, 'Installation': 0}",Pre-Monsoon,,False,True,Repair and Restoration,"{'improvement': 1, 'Bridge': 1}"
2026_CEBMB_128759_21,e-CHID-01/2026-27,Improvement to Canal lining in between RD 2882m to RD 2990m of Left Main Canal of Bahuda Irrigation Project.,Improvement of Canal system,Works,Open Tender,Percentage,Civil Works - Canal,No,No,NA ,06-May-2026 10:00 AM,NA ,90.0,No ,No,Online,22-May-2026 11:30 AM,"CE-BM,RVN Basin,Berhampur||S.E. Southern Irr. Circle I Berhampur||EE Chikiti Irrigation Divn Berhampur",Berhampur,760004.0,1.0,"8,47,000",Barika Sethi,"760,840",Rejected-AOC,24-Jul-2026,"CE-BM,RVN Basin,Berhampur||S.E. Southern Irr. Circle I Berhampur||EE Chikiti Irrigation Divn Berhampur",True,"{'Flood': 0, 'Embankment': 0, 'embkt': 0, 'Relief': 0, 'Erosion': 0, 'SDRF': 0, 'Inundation': 0, 'Hydrology': 0, 'Silt': 0, 'Siltation': 0, 'Bund': 0, 'Trench': 0, 'Breach': 0, 'Culvert': 0, 'Sluice': 0, 'Dyke': 0, 'Storm water drain': 0, 'Emergency': 0, 'Immediate': 0, 'IM': 0, 'AE': 0, 'A E': 0, 'AAPDA MITRA': 0, 'flood': 0, 'Bridge': 0, 'River': 0, 'Drain': 0, 'Restoration': 0, 'Protection': 0, 'irr': 0, 'irrigation': 1, 'dam': 0, 'Nallah': 0, 'Retrofitting': 0, 'Pond': 0, 'Pokhari': 0, 'D/C': 0, 'Recharge shaft': 0, 'LFB': 0, 'RFB': 0}","{'Floodlight': 0, 'Flood Light': 0, 'GAS': 0, 'FIFA': 0, 'pipe': 0, 'pipes': 0, 'covid': 0, 'supply': 0, 'Beautification': 0, 'Installation': 0}",Pre-Monsoon,,False,False,Repair and Restoration,{'improvement': 2}
2026_ORULB_129180_2,12/SMC_SBP/2026-27,"Construction of Road and Drain of AN Guha Lane Main Road, Ward No 26 under SMC Sambalpur","Construction of Road and Drain of AN Guha Lane Main Road, Ward No 26 under SMC Sambalpur Ward No 22",Works,Open Tender,Percentage,Civil Works - Others,No,No,NA ,14-May-2026 11:00 AM,NA ,90.0,No ,No,Online,26-May-2026 11:00 AM,Municipal Bodies||Sambalpur Municipal Corporation,SAMBALPUR MUNICIPAL CORPORATION,768006.0,1.0,"33,88,203","M/s. SURVEILLANCE SYSTEM, PROPRIETOR- ESHA JHAJHARIA","3,388,203.3",Rejected-Technical,08-Jul-2026,Municipal Bodies||Sambalpur Municipal Corporation,True,"{'Flood': 0, 'Embankment': 0, 'embkt': 0, 'Relief': 0, 'Erosion': 0, 'SDRF': 0, 'Inundation': 0, 'Hydrology': 0, 'Silt': 0, 'Siltation': 0, 'Bund': 0, 'Trench': 0, 'Breach': 0, 'Culvert': 0, 'Sluice': 0, 'Dyke': 0, 'Storm water drain': 0, 'Emergency': 0, 'Immediate': 0, 'IM': 0, 'AE': 0, 'A E': 0, 'AAPDA MITRA': 0, 'flood': 0, 'Bridge': 0, 'River': 0, 'Drain': 2, 'Restoration': 0, 'Protection': 0, 'irr': 0, 'irrigation': 0, 'dam': 0, 'Nallah': 0, 'Retrofitting': 0, 'Pond': 0, 'Pokhari': 0, 'D/C': 0, 'Recharge shaft': 0, 'LFB': 0, 'RFB': 0}","{'Floodlight': 0, 'Flood Light': 0, 'GAS': 0, 'FIFA': 0, 'pipe': 0, 'pipes': 0, 'covid': 0, 'supply': 0, 'Beautification': 0, 'Installation': 0}",Pre-Monsoon,,False,True,Repair and Restoration,"{'Construction': 2, 'Drain': 2}"
2026_CEBMB_129576_5,SE-HID-ADV-03/2026-27,"M/R to Batasasan S/M, Gangapur S/M I and II, Sidhapur S/M, Kalakhadi Sub-Minor,Goparalundi S/M I and II and Lembakhumpa S/M Under Harabhangi Irrigation Project.",DESILTING OF CANAL WORK,Works,National Competitive Bid,Percentage,Civil Works - Others,No,No,NA ,25-May-2026 11:00 AM,NA ,90.0,No ,No,Online,06-Jun-2026 11:00 AM,"CE-BM,RVN Basin,Berhampur||SE Southern Irr Circle II Paralakhemundi||EE Harabhangi Irr Divn Adava",BADAGADA,761109.0,1.0,"5,97,273",B RAKESH PATRA,"459,900",Rejected-Finance,30-Jun-2026,"CE-BM,RVN Basin,Berhampur||SE Southern Irr Circle II Paralakhemundi||EE Harabhangi Irr Divn Adava",True,"{'Flood': 0, 'Embankment': 0, 'embkt': 0, 'Relief': 0, 'Erosion': 0, 'SDRF': 0, 'Inundation': 0, 'Hydrology': 0, 'Silt': 0, 'Siltation': 0, 'Bund': 0, 'Trench': 0, 'Breach': 0, 'Culvert': 0, 'Sluice': 0, 'Dyke': 0, 'Storm water drain': 0, 'Emergency': 0, 'Immediate': 0, 'IM': 0, 'AE': 0, 'A E': 0, 'AAPDA MITRA': 0, 'flood': 0, 'Bridge': 0, 'River': 0, 'Drain': 0, 'Restoration': 0, 'Protection': 0, 'irr': 0, 'irrigation': 1, 'dam': 0, 'Nallah': 0, 'Retrofitting': 0, 'Pond': 0, 'Pokhari': 0, 'D/C': 0, 'Recharge shaft': 0, 'LFB': 0, 'RFB': 0}","{'Floodlight': 0, 'Flood Light': 0, 'GAS': 0, 'FIFA': 0, 'pipe': 0, 'pipes': 0, 'covid': 0, 'supply': 0, 'Beautification': 0, 'Installation': 0}",Pre-Monsoon,,False,False,Others,
2026_CEBMB_129576_4,SE-HID-ADV-03/2026-27,"M/R to Lokamari Sub- Minor, Lokamari Sub-Minor-II, Saranauti Sub-Minor,Chaulikhai Sub-Minor,Takarada Sub-Minor, Rajapur Sub-Minor and Kusamagadia S/M, Raibandha Minor Under HarabhangiI Irrigation Project.",DESILTING OF CANAL WORK,Works,National Competitive Bid,Percentage,Civil Works - Others,No,No,NA ,25-May-2026 11:00 AM,NA ,90.0,No ,No,Online,06-Jun-2026 11:00 AM,"CE-BM,RVN Basin,Berhampur||SE Southern Irr Circle II Paralakhemundi||EE Harabhangi Irr Divn Adava",BADAGADA,761109.0,1.0,"7,19,408",Gouri Sankar Pradhan,"502,866",Rejected-Finance,25-Jun-2026,"CE-BM,RVN Basin,Berhampur||SE Southern Irr Circle II Paralakhemundi||EE Harabhangi Irr Divn Adava",True,"{'Flood': 0, 'Embankment': 0, 'embkt': 0, 'Relief': 0, 'Erosion': 0, 'SDRF': 0, 'Inundation': 0, 'Hydrology': 0, 'Silt': 0, 'Siltation': 0, 'Bund': 0, 'Trench': 0, 'Breach': 0, 'Culvert': 0, 'Sluice': 0, 'Dyke': 0, 'Storm water drain': 0, 'Emergency': 0, 'Immediate': 0, 'IM': 0, 'AE': 0, 'A E': 0, 'AAPDA MITRA': 0, 'flood': 0, 'Bridge': 0, 'River': 0, 'Drain': 0, 'Restoration': 0, 'Protection': 0, 'irr': 0, 'irrigation': 1, 'dam': 0, 'Nallah': 0, 'Retrofitting': 0, 'Pond': 0, 'Pokhari': 0, 'D/C': 0, 'Recharge shaft': 0, 'LFB': 0, 'RFB': 0}","{'Floodlight': 0, 'Flood Light': 0, 'GAS': 0, 'FIFA': 0, 'pipe': 0, 'pipes': 0, 'covid': 0, 'supply': 0, 'Beautification': 0, 'Installation': 0}",Pre-Monsoon,,False,False,Others,
2026_ORULB_126276_1,EO/AGLM-12/2025-26,Repairing of drain and road from Prafulla Sahu house to Nanu Sahu house in ward No.17,Repairing of drain and road from Prafulla Sahu house to Nanu Sahu house in ward No.17,Works,Open Tender,Percentage,Civil Works - Others,No,No,NA ,21-Feb-2026 10:00 AM,NA ,90.0,No ,No,Online,05-Mar-2026 11:00 AM,Municipal Bodies||Angul Municipality,Angul,759122.0,1.0,"5,27,820",SAROJ KUMAR NAIK,"527,767",Rejected-AOC,07-Jul-2026,Municipal Bodies||Angul Municipality,True,"{'Flood': 0, 'Embankment': 0, 'embkt': 0, 'Relief': 0, 'Erosion': 0, 'SDRF': 0, 'Inundation': 0, 'Hydrology': 0, 'Silt': 0, 'Siltation': 0, 'Bund': 0, 'Trench': 0, 'Breach': 0, 'Culvert': 0, 'Sluice': 0, 'Dyke': 0, 'Storm water drain': 0, 'Emergency': 0, 'Immediate': 0, 'IM': 0, 'AE': 0, 'A E': 0, 'AAPDA MITRA': 0, 'flood': 0, 'Bridge': 0, 'River': 0, 'Drain': 2, 'Restoration': 0, 'Protection': 0, 'irr': 0, 'irrigation': 0, 'dam': 0, 'Nallah': 0, 'Retrofitting': 0, 'Pond': 0, 'Pokhari': 0, 'D/C': 0, 'Recharge shaft': 0, 'LFB': 0, 'RFB': 0}","{'Floodlight': 0, 'Flood Light': 0, 'GAS': 0, 'FIFA': 0, 'pipe': 0, 'pipes': 0, 'covid': 0, 'supply': 0, 'Beautification': 0, 'Installation': 0}",Post-Monsoon,,False,True,Repair and Restoration,"{'repairing': 2, 'Drain': 2}"
2026_ORULB_129180_3,12/SMC_SBP/2026-27,"Construction of Paver road and drain from Sakhipada Shiv Mandir to Seva Nursing Home near Shakhipada Pond, W No -26 under SMC Sambalpur","Construction of Paver road and drain from Sakhipada Shiv Mandir to Seva Nursing Home near Shakhipada Pond, W No -26 under SMC Sambalpur",Works,Open Tender,Percentage,Civil Works - Others,No,No,NA ,14-May-2026 11:00 AM,NA ,90.0,No ,No,Online,26-May-2026 11:00 AM,Municipal Bodies||Sambalpur Municipal Corporation,SAMBALPUR MUNICIPAL CORPORATION,768006.0,1.0,"8,46,071",Kishore Kumar Bag,"846,070.58",Rejected-Technical,08-Jul-2026,Municipal Bodies||Sambalpur Municipal Corporation,True,"{'Flood': 0, 'Embankment': 0, 'embkt': 0, 'Relief': 0, 'Erosion': 0, 'SDRF': 0, 'Inundation': 0, 'Hydrology': 0, 'Silt': 0, 'Siltation': 0, 'Bund': 0, 'Trench': 0, 'Breach': 0, 'Culvert': 0, 'Sluice': 0, 'Dyke': 0, 'Storm water drain': 0, 'Emergency': 0, 'Immediate': 0, 'IM': 0, 'AE': 0, 'A E': 0, 'AAPDA MITRA': 0, 'flood': 0, 'Bridge': 0, 'River': 0, 'Drain': 2, 'Restoration': 0, 'Protection': 0, 'irr': 0, 'irrigation': 0, 'dam': 0, 'Nallah': 0, 'Retrofitting': 0, 'Pond': 2, 'Pokhari': 0, 'D/C': 0, 'Recharge shaft': 0, 'LFB': 0, 'RFB': 0}","{'Floodlight': 0, 'Flood Light': 0, 'GAS': 0, 'FIFA': 0, 'pipe': 0, 'pipes': 0, 'covid': 0, 'supply': 0, 'Beautification': 0, 'Installation': 0}",Pre-Monsoon,,False,True,Repair and Restoration,"{'Construction': 2, 'Drain': 2}"
2025_ORULB_120762_1,PM_03/2025-26,Construction of RCC drain With Cover Slab from Purasttam Sahoo house to Mihir Biswal house in Ward No-1,Construction of RCC drain With Cover Slab from Purasttam Sahoo house to Mihir Biswal house in Ward No-1,Works,Open Tender,Percentage,Civil Works - Others,No,No,NA ,04-Nov-2025 05:00 PM,NA ,90.0,No ,No,Online,15-Nov-2025 11:00 AM,Municipal Bodies||Pattamundai Municipality,Executive Officer Pattamundai Municipality,754215.0,1.0,"14,79,953",ABHAYA KUMAR DAS,"1,484,567",Accepted-AOC,22-Jul-2026,Municipal Bodies||Pattamundai Municipality,True,"{'Flood': 0, 'Embankment': 0, 'embkt': 0, 'Relief': 0, 'Erosion': 0, 'SDRF': 0, 'Inundation': 0, 'Hydrology': 0, 'Silt': 0, 'Siltation': 0, 'Bund': 0, 'Trench': 0, 'Breach': 0, 'Culvert': 0, 'Sluice': 0, 'Dyke': 0, 'Storm water drain': 0, 'Emergency': 0, 'Immediate': 0, 'IM': 0, 'AE': 0, 'A E': 0, 'AAPDA MITRA': 0, 'flood': 0, 'Bridge': 0, 'River': 0, 'Drain': 2, 'Restoration': 0, 'Protection': 0, 'irr': 0, 'irrigation': 0, 'dam': 0, 'Nallah': 0, 'Retrofitting': 0, 'Pond': 0, 'Pokhari': 0, 'D/C': 0, 'Recharge shaft': 0, 'LFB': 0, 'RFB': 0}","{'Floodlight': 0, 'Flood Light': 0, 'GAS': 0, 'FIFA': 0, 'pipe': 0, 'pipes': 0, 'covid': 0, 'supply': 0, 'Beautification': 0, 'Installation': 0}",Post-Monsoon,,False,True,Repair and Restoration,"{'Construction': 2, 'Drain': 2}"
2026_EICCL_126384_1,CCERANDBPLB 21OF2025 26,Construction of HL Bridge over Local Nallah at Ch 15/680 km on Balliguda to Budaguda via Rutungia road in the District of Kandhamal for the year 2025_26,Construction of HL Bridge over Local Nallah at Ch 15/680 km on Balliguda to Budaguda via Rutungia road in the District of Kandhamal for the year 2025_26,Works,Open Tender,Percentage,Civil Works - Bridges,No,No,NA ,21-Feb-2026 10:00 AM,NA ,90.0,No ,No,Online,09-Mar-2026 11:00 AM,EIC-CIVIL||SERNB-CIRCLE-PHULBANI,Balliguda,762103.0,2.0,"5,21,99,031",SANDEEP ALOK BHOI,"43,539,212",Rejected-Finance,09-Jul-2026,EIC-CIVIL||SERNB-CIRCLE-PHULBANI,True,"{'Flood': 0, 'Embankment': 0, 'embkt': 0, 'Relief': 0, 'Erosion': 0, 'SDRF': 0, 'Inundation': 0, 'Hydrology': 0, 'Silt': 0, 'Siltation': 0, 'Bund': 0, 'Trench': 0, 'Breach': 0, 'Culvert': 0, 'Sluice': 0, 'Dyke': 0, 'Storm water drain': 0, 'Emergency': 0, 'Immediate': 0, 'IM': 0, 'AE': 0, 'A E': 0, 'AAPDA MITRA': 0, 'flood': 0, 'Bridge': 2, 'River': 0, 'Drain': 0, 'Restoration': 0, 'Protection': 0, 'irr': 0, 'irrigation': 0, 'dam': 0, 'Nallah': 2, 'Retrofitting': 0, 'Pond': 0, 'Pokhari': 0, 'D/C': 0, 'Recharge shaft': 0, 'LFB': 0, 'RFB': 0}","{'Floodlight': 0, 'Flood Light': 0, 'GAS': 0, 'FIFA': 0, 'pipe': 0, 'pipes': 0, 'covid': 0, 'supply': 0, 'Beautification': 0, 'Installation': 0}",Post-Monsoon,,False,True,Repair and Restoration,"{'Construction': 2, 'Bridge': 2}"
2026_CEMIB_124862_6,Bid ID No. 09 SEMID (KJR/ 2025-2026) Dt. 08.01.2026,Construction of Luhakala Check Dam over Rakumo Nallah near village Luhakala in Banspal Block of Keonjhar District under MATY for the year 2025-2026,Construction of Luhakala Check Dam over Rakumo Nallah near village Luhakala in Banspal Block of Keonjhar District under MATY for the year 2025-2026,Works,National Competitive Bid,Percentage,Civil Works - Others,No,No,NA ,20-Jan-2026 03:00 PM,NA ,90.0,No ,No,Online,30-Jan-2026 11:00 AM,"CE,Minor Irrigation,BBSR||SE,Eastern Minor Irr.Circle,Keonjhar||EE M.I. Division Keonjhar",Banspal Block of Keonjhar District,758001.0,2.0,"79,74,000",ATISH KUMAR SAHOO,"5,953,859.32",Accepted-AOC,28-Jul-2026,"CE,Minor Irrigation,BBSR||SE,Eastern Minor Irr.Circle,Keonjhar||EE M.I. Division Keonjhar",True,"{'Flood': 0, 'Embankment': 0, 'embkt': 0, 'Relief': 0, 'Erosion': 0, 'SDRF': 0, 'Inundation': 0, 'Hydrology': 0, 'Silt': 0, 'Siltation': 0, 'Bund': 0, 'Trench': 0, 'Breach': 0, 'Culvert': 0, 'Sluice': 0, 'Dyke': 0, 'Storm water drain': 0, 'Emergency': 0, 'Immediate': 0, 'IM': 0, 'AE': 0, 'A E': 0, 'AAPDA MITRA': 0, 'flood': 0, 'Bridge': 0, 'River': 0, 'Drain': 0, 'Restoration': 0, 'Protection': 0, 'irr': 0, 'irrigation': 0, 'dam': 2, 'Nallah': 2, 'Retrofitting': 0, 'Pond': 0, 'Pokhari': 0, 'D/C': 0, 'Recharge shaft': 0, 'LFB': 0, 'RFB': 0}","{'Floodlight': 0, 'Flood Light': 0, 'GAS': 0, 'FIFA': 0, 'pipe': 0, 'pipes': 0, 'covid': 0, 'supply': 0, 'Beautification': 0, 'Installation': 0}",Post-Monsoon,,False,False,Repair and Restoration,"{'Check Dam': 2, 'Construction': 2}"
2025_ORULB_122821_6,BMC-EE-Tender Cell-53/2025-26 Dt. 08.12.2025,"Development of road and drain from Sarat Bhaina House to Narahari Senapati House, Baramunda in Ward No. 50","Development of road and drain from Sarat Bhaina House to Narahari Senapati House, Baramunda in Ward No. 50",Works,Open Tender,Percentage,Civil Works - Others,No,No,NA ,10-Dec-2025 11:00 AM,16-Dec-2025 04:30 PM ,120.0,No ,No,Online,23-Dec-2025 11:00 AM,Municipal Bodies||Bhubaneswar Municipal Corporation,BMC AREA,751022.0,1.0,"10,16,178",SANTOSH KUMAR BISWAL,"1,019,346",Rejected-Finance,08-Jul-2026,Municipal Bodies||Bhubaneswar Municipal Corporation,True,"{'Flood': 0, 'Embankment': 0, 'embkt': 0, 'Relief': 0, 'Erosion': 0, 'SDRF': 0, 'Inundation': 0, 'Hydrology': 0, 'Silt': 0, 'Siltation': 0, 'Bund': 0, 'Trench': 0, 'Breach': 0, 'Culvert': 0, 'Sluice': 0, 'Dyke': 0, 'Storm water drain': 0, 'Emergency': 0, 'Immediate': 0, 'IM': 0, 'AE': 0, 'A E': 0, 'AAPDA MITRA': 0, 'flood': 0, 'Bridge': 0, 'River': 0, 'Drain': 2, 'Restoration': 0, 'Protection': 0, 'irr': 0, 'irrigation': 0, 'dam': 0, 'Nallah': 0, 'Retrofitting': 0, 'Pond': 0, 'Pokhari': 0, 'D/C': 0, 'Recharge shaft': 0, 'LFB': 0, 'RFB': 0}","{'Floodlight': 0, 'Flood Light': 0, 'GAS': 0, 'FIFA': 0, 'pipe': 0, 'pipes': 0, 'covid': 0, 'supply': 0, 'Beautification': 0, 'Installation': 0}",Post-Monsoon,,False,True,Repair and Restoration,{'Drain': 2}
2026_ORULB_128734_11,SNP-MUN-37/2026-27,Construction of Drain Thibur dang House to Rama Kahanr House in W.No-1,Construction of Drain Thibur dang House to Rama Kahanr House in W.No-1,Works,Open Tender,Percentage,Civil Works - Others,No,No,NA ,05-May-2026 11:00 AM,NA ,60.0,No ,No,Online,16-May-2026 11:00 AM,Municipal Bodies||Sonepur Municipal Council,Sonepur Municipality,767017.0,1.0,"2,77,033",JYOTSNARANI PADHAN,"277,033.46",Rejected-Technical,20-Jul-2026,Municipal Bodies||Sonepur Municipal Council,True,"{'Flood': 0, 'Embankment': 0, 'embkt': 0, 'Relief': 0, 'Erosion': 0, 'SDRF': 0, 'Inundation': 0, 'Hydrology': 0, 'Silt': 0, 'Siltation': 0, 'Bund': 0, 'Trench': 0, 'Breach': 0, 'Culvert': 0, 'Sluice': 0, 'Dyke': 0, 'Storm water drain': 0, 'Emergency': 0, 'Immediate': 0, 'IM': 0, 'AE': 0, 'A E': 0, 'AAPDA MITRA': 0, 'flood': 0, 'Bridge': 0, 'River': 0, 'Drain': 2, 'Restoration': 0, 'Protection': 0, 'irr': 0, 'irrigation': 0, 'dam': 0, 'Nallah': 0, 'Retrofitting': 0, 'Pond': 0, 'Pokhari': 0, 'D/C': 0, 'Recharge shaft': 0, 'LFB': 0, 'RFB': 0}","{'Floodlight': 0, 'Flood Light': 0, 'GAS': 0, 'FIFA': 0, 'pipe': 0, 'pipes': 0, 'covid': 0, 'supply': 0, 'Beautification': 0, 'Installation': 0}",Pre-Monsoon,,False,True,Repair and Restoration,"{'Construction': 2, 'Drain': 2}"
2026_CEBMB_128949_10,SE-HID-ADV-02/2026-27,Desilting to right distributary from RD 00 to 11580 m of Harbhangi Irrigation Project.,DESILTING OF CANAL,Works,National Competitive Bid,Percentage,Civil Works - Others,No,No,NA ,11-May-2026 11:00 AM,NA ,90.0,No ,No,Online,25-May-2026 11:00 AM,"CE-BM,RVN Basin,Berhampur||SE Southern Irr Circle II Paralakhemundi||EE Harabhangi Irr Divn Adava",ADAVA,761217.0,1.0,"6,19,444",BAINATH NAIK,"495,617",Accepted-AOC,01-Jul-2026,"CE-BM,RVN Basin,Berhampur||SE Southern Irr Circle II Paralakhemundi||EE Harabhangi Irr Divn Adava",True,"{'Flood': 0, 'Embankment': 0, 'embkt': 0, 'Relief': 0, 'Erosion': 0, 'SDRF': 0, 'Inundation': 0, 'Hydrology': 0, 'Silt': 0, 'Siltation': 0, 'Bund': 0, 'Trench': 0, 'Breach': 0, 'Culvert': 0, 'Sluice': 0, 'Dyke': 0, 'Storm water drain': 0, 'Emergency': 0, 'Immediate': 0, 'IM': 0, 'AE': 0, 'A E': 0, 'AAPDA MITRA': 0, 'flood': 0, 'Bridge': 0, 'River': 0, 'Drain': 0, 'Restoration': 0, 'Protection': 0, 'irr': 0, 'irrigation': 1, 'dam': 0, 'Nallah': 0, 'Retrofitting': 0, 'Pond': 0, 'Pokhari': 0, 'D/C': 0, 'Recharge shaft': 0, 'LFB': 0, 'RFB': 0}","{'Floodlight': 0, 'Flood Light': 0, 'GAS': 0, 'FIFA': 0, 'pipe': 0, 'pipes': 0, 'covid': 0, 'supply': 0, 'Beautification': 0, 'Installation': 0}",Pre-Monsoon,,False,False,Others,
2026_ORULB_125939_3,MC(CMC)CTC_Div-I_No.23/2025-26,Construction of C.C. drain and culvert from Subala Shop to Chandu res in Ward No. 13.,Construction of C.C. drain and culvert from Subala Shop to Chandu res in Ward No. 13.,Works,Open Tender,Percentage,Civil Works - Others,No,No,NA ,16-Feb-2026 03:00 PM,NA ,90.0,No ,No,Online,27-Feb-2026 11:00 AM,Municipal Bodies||Cuttack Municipal Corporation,CMC,753012.0,1.0,"10,07,000",chandra sekhar behera,"956,570",Rejected-AOC,14-Jul-2026,Municipal Bodies||Cuttack Municipal Corporation,True,"{'Flood': 0, 'Embankment': 0, 'embkt': 0, 'Relief': 0, 'Erosion': 0, 'SDRF': 0, 'Inundation': 0, 'Hydrology': 0, 'Silt': 0, 'Siltation': 0, 'Bund': 0, 'Trench': 0, 'Breach': 0, 'Culvert': 2, 'Sluice': 0, 'Dyke': 0, 'Storm water drain': 0, 'Emergency': 0, 'Immediate': 0, 'IM': 0, 'AE': 0, 'A E': 0, 'AAPDA MITRA': 0, 'flood': 0, 'Bridge': 0, 'River': 0, 'Drain': 2, 'Restoration': 0, 'Protection': 0, 'irr': 0, 'irrigation': 0, 'dam': 0, 'Nallah': 0, 'Retrofitting': 0, 'Pond': 0, 'Pokhari': 0, 'D/C': 0, 'Recharge shaft': 0, 'LFB': 0, 'RFB': 0}","{'Floodlight': 0, 'Flood Light': 0, 'GAS': 0, 'FIFA': 0, 'pipe': 0, 'pipes': 0, 'covid': 0, 'supply': 0, 'Beautification': 0, 'Installation': 0}",Post-Monsoon,,False,True,Repair and Restoration,"{'Construction': 2, 'Drain': 2}"
2026_CEDC_128419_1,ACEDCBLS/DDBDK-02-02/2026-27,"Improvement to DC from Motel Chhak to Dholi Nallah and its Link Drains, Construction of 6 nos Farm Land Bridges and protection walls near Chandigaon Check Dam over Dholi Nallah in Salandi-Mantei DOAB No-XII",IMPROVEMENT WORKS TO DRAINAGE CHANNEL,Works,National Competitive Bid,Percentage,Civil Works - Others,No,No,NA ,24-Apr-2026 10:00 AM,NA ,90.0,No ,No,Online,11-May-2026 11:30 AM,"CE,Drainage,Cuttack||SE,Drainage,Balasore",Bhadrak,756100.0,2.0,"2,04,65,025",ASHOK KUMAR ROUT,"17,395,271.16",Rejected-Finance,09-Jul-2026,"CE,Drainage,Cuttack||SE,Drainage,Balasore",True,"{'Flood': 0, 'Embankment': 0, 'embkt': 0, 'Relief': 0, 'Erosion': 0, 'SDRF': 0, 'Inundation': 0, 'Hydrology': 0, 'Silt': 0, 'Siltation': 0, 'Bund': 0, 'Trench': 0, 'Breach': 0, 'Culvert': 0, 'Sluice': 0, 'Dyke': 0, 'Storm water drain': 0, 'Emergency': 0, 'Immediate': 0, 'IM': 0, 'AE': 0, 'A E': 0, 'AAPDA MITRA': 0, 'flood': 0, 'Bridge': 0, 'River': 0, 'Drain': 0, 'Restoration': 0, 'Protection': 1, 'irr': 0, 'irrigation': 0, 'dam': 1, 'Nallah': 2, 'Retrofitting': 0, 'Pond': 0, 'Pokhari': 0, 'D/C': 0, 'Recharge shaft': 0, 'LFB': 0, 'RFB': 0}","{'Floodlight': 0, 'Flood Light': 0, 'GAS': 0, 'FIFA': 0, 'pipe': 0, 'pipes': 0, 'covid': 0, 'supply': 0, 'Beautification': 0, 'Installation': 0}",Pre-Monsoon,,False,True,Repair and Restoration,"{'improvement': 2, 'Check Dam': 1, 'Construction': 1}"
2026_ORULB_126953_6,EOBRP/07/2025-26,Covering of drain from Lilabati complex to hetu meher in ward no 1,Covering of drain from Lilabati complex to hetu meher in ward no 1,Works,Open Tender,Percentage,Civil Works - Others,No,No,NA ,07-Mar-2026 11:00 AM,NA ,90.0,No ,No,Online,16-Mar-2026 03:00 PM,Municipal Bodies||Barpali NAC,Barpali,768029.0,1.0,"14,79,220",JITEN SUNA,"1,175,907.47",Rejected-AOC,17-Jul-2026,Municipal Bodies||Barpali NAC,True,"{'Flood': 0, 'Embankment': 0, 'embkt': 0, 'Relief': 0, 'Erosion': 0, 'SDRF': 0, 'Inundation': 0, 'Hydrology': 0, 'Silt': 0, 'Siltation': 0, 'Bund': 0, 'Trench': 0, 'Breach': 0, 'Culvert': 0, 'Sluice': 0, 'Dyke': 0, 'Storm water drain': 0, 'Emergency': 0, 'Immediate': 0, 'IM': 0, 'AE': 0, 'A E': 0, 'AAPDA MITRA': 0, 'flood': 0, 'Bridge': 0, 'River': 0, 'Drain': 2, 'Restoration': 0, 'Protection': 0, 'irr': 0, 'irrigation': 0, 'dam': 0, 'Nallah': 0, 'Retrofitting': 0, 'Pond': 0, 'Pokhari': 0, 'D/C': 0, 'Recharge shaft': 0, 'LFB': 0, 'RFB': 0}","{'Floodlight': 0, 'Flood Light': 0, 'GAS': 0, 'FIFA': 0, 'pipe': 0, 'pipes': 0, 'covid': 0, 'supply': 0, 'Beautification': 0, 'Installation': 0}",Pre-Monsoon,,False,True,Repair and Restoration,{'Drain': 2}
2026_ORULB_128169_11,SNP-MUN-36/2025-26,Restoration of Omkareswar Temple ward no-06,Restoration of Omkareswar Temple ward no-06,Works,Open Tender,Percentage,Civil Works - Others,No,No,NA ,17-Apr-2026 11:00 AM,NA ,60.0,No ,No,Online,28-Apr-2026 11:00 AM,Municipal Bodies||Sonepur Municipal Council,Sonepur Municipality,767017.0,1.0,"4,24,233",GOPAL CHANDRA MEHER,"424,233",Rejected-Technical,27-Jul-2026,Municipal Bodies||Sonepur Municipal Council,True,"{'Flood': 0, 'Embankment': 0, 'embkt': 0, 'Relief': 0, 'Erosion': 0, 'SDRF': 0, 'Inundation': 0, 'Hydrology': 0, 'Silt': 0, 'Siltation': 0, 'Bund': 0, 'Trench': 0, 'Breach': 0, 'Culvert': 0, 'Sluice': 0, 'Dyke': 0, 'Storm water drain': 0, 'Emergency': 0, 'Immediate': 0, 'IM': 0, 'AE': 0, 'A E': 0, 'AAPDA MITRA': 0, 'flood': 0, 'Bridge': 0, 'River': 0, 'Drain': 0, 'Restoration': 2, 'Protection': 0, 'irr': 0, 'irrigation': 0, 'dam': 0, 'Nallah': 0, 'Retrofitting': 0, 'Pond': 0, 'Pokhari': 0, 'D/C': 0, 'Recharge shaft': 0, 'LFB': 0, 'RFB': 0}","{'Floodlight': 0, 'Flood Light': 0, 'GAS': 0, 'FIFA': 0, 'pipe': 0, 'pipes': 0, 'covid': 0, 'supply': 0, 'Beautification': 0, 'Installation': 0}",Pre-Monsoon,,False,False,Repair and Restoration,{'restoration': 2}
2025_ORULB_121303_8,MC(CMC)CTC_Div-IIINo.27/25-25,Re-construction of RCC Drain with Cover slab and CC Road from Abandhuta Sahoo house to Bibhudatta Senapati house and by lane at Matha Sahi in Ward No.42,Re-construction of RCC Drain with Cover slab and CC Road from Abandhuta Sahoo house to Bibhudatta Senapati house and by lane at Matha Sahi in Ward No.42,Works,Open Tender,Percentage,Civil Works - Others,No,No,NA ,18-Dec-2025 11:00 AM,NA ,120.0,No ,No,Online,31-Dec-2025 10:00 AM,Municipal Bodies||Cuttack Municipal Corporation,CMC,753012.0,1.0,"12,60,493",BICHITRA NANDA BEHERA,"1,071,534",Accepted-AOC,08-Jul-2026,Municipal Bodies||Cuttack Municipal Corporation,True,"{'Flood': 0, 'Embankment': 0, 'embkt': 0, 'Relief': 0, 'Erosion': 0, 'SDRF': 0, 'Inundation': 0, 'Hydrology': 0, 'Silt': 0, 'Siltation': 0, 'Bund': 0, 'Trench': 0, 'Breach': 0, 'Culvert': 0, 'Sluice': 0, 'Dyke': 0, 'Storm water drain': 0, 'Emergency': 0, 'Immediate': 0, 'IM': 0, 'AE': 0, 'A E': 0, 'AAPDA MITRA': 0, 'flood': 0, 'Bridge': 0, 'River': 0, 'Drain': 2, 'Restoration': 0, 'Protection': 0, 'irr': 0, 'irrigation': 0, 'dam': 0, 'Nallah': 0, 'Retrofitting': 0, 'Pond': 0, 'Pokhari': 0, 'D/C': 0, 'Recharge shaft': 0, 'LFB': 0, 'RFB': 0}","{'Floodlight': 0, 'Flood Light': 0, 'GAS': 0, 'FIFA': 0, 'pipe': 0, 'pipes': 0, 'covid': 0, 'supply': 0, 'Beautification': 0, 'Installation': 0}",Post-Monsoon,,False,True,Repair and Restoration,"{'Construction': 2, 'Drain': 2}"
2026_CEBMB_128949_8,SE-HID-ADV-02/2026-27,Desilting to right distributary from RD 11580 m to 21470 m of Harbhangi Irrigation Project.,DESILTING OF CANAL,Works,National Competitive Bid,Percentage,Civil Works - Others,No,No,NA ,11-May-2026 11:00 AM,NA ,90.0,No ,No,Online,25-May-2026 11:00 AM,"CE-BM,RVN Basin,Berhampur||SE Southern Irr Circle II Paralakhemundi||EE Harabhangi Irr Divn Adava",ADAVA,761217.0,1.0,"8,84,744",BAINATH NAIK,"707,884",Accepted-AOC,01-Jul-2026,"CE-BM,RVN Basin,Berhampur||SE Southern Irr Circle II Paralakhemundi||EE Harabhangi Irr Divn Adava",True,"{'Flood': 0, 'Embankment': 0, 'embkt': 0, 'Relief': 0, 'Erosion': 0, 'SDRF': 0, 'Inundation': 0, 'Hydrology': 0, 'Silt': 0, 'Siltation': 0, 'Bund': 0, 'Trench': 0, 'Breach': 0, 'Culvert': 0, 'Sluice': 0, 'Dyke': 0, 'Storm water drain': 0, 'Emergency': 0, 'Immediate': 0, 'IM': 0, 'AE': 0, 'A E': 0, 'AAPDA MITRA': 0, 'flood': 0, 'Bridge': 0, 'River': 0, 'Drain': 0, 'Restoration': 0, 'Protection': 0, 'irr': 0, 'irrigation': 1, 'dam': 0, 'Nallah': 0, 'Retrofitting': 0, 'Pond': 0, 'Pokhari': 0, 'D/C': 0, 'Recharge shaft': 0, 'LFB': 0, 'RFB': 0}","{'Floodlight': 0, 'Flood Light': 0, 'GAS': 0, 'FIFA': 0, 'pipe': 0, 'pipes': 0, 'covid': 0, 'supply': 0, 'Beautification': 0, 'Installation': 0}",Pre-Monsoon,,False,False,Others,
2026_ORULB_127140_10,BM_14_2025_26,CONSTRUCTION OF DRAIN WITH COVER SLAB AND CULVERT AT GUDIPADA IN WARD NO 21,CONSTRUCTION OF DRAIN WITH COVER SLAB AND CULVERT AT GUDIPADA IN WARD NO 21,Works,Open Tender,Percentage,Civil Works - Others,No,No,NA ,11-Mar-2026 11:00 AM,NA ,90.0,No ,No,Online,23-Mar-2026 11:00 AM,Municipal Bodies||Balasore Municipality,Balasore Municipality,756003.0,1.0,"42,37,288",DINESH KUMAR BEHERA,"3,389,830.11",Accepted-AOC,17-Jul-2026,Municipal Bodies||Balasore Municipality,True,"{'Flood': 0, 'Embankment': 0, 'embkt': 0, 'Relief': 0, 'Erosion': 0, 'SDRF': 0, 'Inundation': 0, 'Hydrology': 0, 'Silt': 0, 'Siltation': 0, 'Bund': 0, 'Trench': 0, 'Breach': 0, 'Culvert': 2, 'Sluice': 0, 'Dyke': 0, 'Storm water drain': 0, 'Emergency': 0, 'Immediate': 0, 'IM': 0, 'AE': 0, 'A E': 0, 'AAPDA MITRA': 0, 'flood': 0, 'Bridge': 0, 'River': 0, 'Drain': 2, 'Restoration': 0, 'Protection': 0, 'irr': 0, 'irrigation': 0, 'dam': 0, 'Nallah': 0, 'Retrofitting': 0, 'Pond': 0, 'Pokhari': 0, 'D/C': 0, 'Recharge shaft': 0, 'LFB': 0, 'RFB': 0}","{'Floodlight': 0, 'Flood Light': 0, 'GAS': 0, 'FIFA': 0, 'pipe': 0, 'pipes': 0, 'covid': 0, 'supply': 0, 'Beautification': 0, 'Installation': 0}",Pre-Monsoon,,False,True,Repair and Restoration,"{'Construction': 2, 'Drain': 2}"
2026_CEMIB_128063_2,MIDGJP-02/2026-27,Improvement to Gupta Mahendra Nalla Check Dam near village Andharijhola in Gosani Block of Gajapati District under Imp. to Check Dam for the year-2026-27.,Improvement to Gupta Mahendra Nalla Check Dam near village Andharijhola in Gosani Block of Gajapati District under Imp. to Check Dam for the year-2026-27.,Works,Open Tender,Percentage,Civil Works - Others,No,No,NA ,10-Apr-2026 06:55 PM,NA ,90.0,No ,No,Online,21-Apr-2026 11:00 AM,"CE,Minor Irrigation,BBSR||SESMIC-BERHAMPUR||GAJAPATI",Gajapati,761200.0,1.0,"8,30,000",PODANI VIJAYA KUMAR,"829,757.39",Rejected-AOC,10-Jul-2026,"CE,Minor Irrigation,BBSR||SESMIC-BERHAMPUR||GAJAPATI",True,"{'Flood': 0, 'Embankment': 0, 'embkt': 0, 'Relief': 0, 'Erosion': 0, 'SDRF': 0, 'Inundation': 0, 'Hydrology': 0, 'Silt': 0, 'Siltation': 0, 'Bund': 0, 'Trench': 0, 'Breach': 0, 'Culvert': 0, 'Sluice': 0, 'Dyke': 0, 'Storm water drain': 0, 'Emergency': 0, 'Immediate': 0, 'IM': 0, 'AE': 0, 'A E': 0, 'AAPDA MITRA': 0, 'flood': 0, 'Bridge': 0, 'River': 0, 'Drain': 0, 'Restoration': 0, 'Protection': 0, 'irr': 0, 'irrigation': 0, 'dam': 4, 'Nallah': 0, 'Retrofitting': 0, 'Pond': 0, 'Pokhari': 0, 'D/C': 0, 'Recharge shaft': 0, 'LFB': 0, 'RFB': 0}","{'Floodlight': 0, 'Flood Light': 0, 'GAS': 0, 'FIFA': 0, 'pipe': 0, 'pipes': 0, 'covid': 0, 'supply': 0, 'Beautification': 0, 'Installation': 0}",Pre-Monsoon,,False,False,Repair and Restoration,"{'improvement': 2, 'Check Dam': 4}"
2026_CEMIB_128417_7,"SE,MID,SBP/02/2026-27",Construction of Tudukanalla-I Check Dam over local nalla in Bamra Block of Sambalpur District under MATY 2026-27.,Construction of Tudukanalla-I Check Dam over local nalla in Bamra Block of Sambalpur District under MATY 2026-27.,Works,Open Tender,Percentage,Civil Works - Others,No,No,NA ,24-Apr-2026 11:00 AM,NA ,90.0,No ,No,Online,05-May-2026 10:00 AM,"CE,Minor Irrigation,BBSR||SENMIC-SAMBALPUR||SAMBALPUR",Sambalpur,768001.0,1.0,"48,11,565",YASH MOHAPATRA,"4,811,564.95",Rejected-AOC,04-Jun-2026,"CE,Minor Irrigation,BBSR||SENMIC-SAMBALPUR||SAMBALPUR",True,"{'Flood': 0, 'Embankment': 0, 'embkt': 0, 'Relief': 0, 'Erosion': 0, 'SDRF': 0, 'Inundation': 0, 'Hydrology': 0, 'Silt': 0, 'Siltation': 0, 'Bund': 0, 'Trench': 0, 'Breach': 0, 'Culvert': 0, 'Sluice': 0, 'Dyke': 0, 'Storm water drain': 0, 'Emergency': 0, 'Immediate': 0, 'IM': 0, 'AE': 0, 'A E': 0, 'AAPDA MITRA': 0, 'flood': 0, 'Bridge': 0, 'River': 0, 'Drain': 0, 'Restoration': 0, 'Protection': 0, 'irr': 0, 'irrigation': 0, 'dam': 2, 'Nallah': 0, 'Retrofitting': 0, 'Pond': 0, 'Pokhari': 0, 'D/C': 0, 'Recharge shaft': 0, 'LFB': 0, 'RFB': 0}","{'Floodlight': 0, 'Flood Light': 0, 'GAS': 0, 'FIFA': 0, 'pipe': 0, 'pipes': 0, 'covid': 0, 'supply': 0, 'Beautification': 0, 'Installation': 0}",Pre-Monsoon,,False,False,Repair and Restoration,"{'Check Dam': 2, 'Construction': 2}"
2026_ORULB_126636_33,BMC-EE-Tender Cell-73/2025-26 Dt. 25.02.2026,Renovation with peripheral development of Sukhmeswar Pond in Ward No. 59,Renovation with peripheral development of Sukhmeswar Pond in Ward No. 59,Works,Open Tender,Percentage,Civil Works - Others,No,No,NA ,28-Feb-2026 10:30 AM,05-Mar-2026 04:00 PM ,120.0,No ,No,Online,12-Mar-2026 11:00 AM,Municipal Bodies||Bhubaneswar Municipal Corporation,BMC AREA,751022.0,1.0,"42,37,154",BIBEKANANDA MISHRA,"3,996,373",Rejected-Finance,10-Jul-2026,Municipal Bodies||Bhubaneswar Municipal Corporation,True,"{'Flood': 0, 'Embankment': 0, 'embkt': 0, 'Relief': 0, 'Erosion': 0, 'SDRF': 0, 'Inundation': 0, 'Hydrology': 0, 'Silt': 0, 'Siltation': 0, 'Bund': 0, 'Trench': 0, 'Breach': 0, 'Culvert': 0, 'Sluice': 0, 'Dyke': 0, 'Storm water drain': 0, 'Emergency': 0, 'Immediate': 0, 'IM': 0, 'AE': 0, 'A E': 0, 'AAPDA MITRA': 0, 'flood': 0, 'Bridge': 0, 'River': 0, 'Drain': 0, 'Restoration': 0, 'Protection': 0, 'irr': 0, 'irrigation': 0, 'dam': 0, 'Nallah': 0, 'Retrofitting': 0, 'Pond': 2, 'Pokhari': 0, 'D/C': 0, 'Recharge shaft': 0, 'LFB': 0, 'RFB': 0}","{'Floodlight': 0, 'Flood Light': 0, 'GAS': 0, 'FIFA': 0, 'pipe': 0, 'pipes': 0, 'covid': 0, 'supply': 0, 'Beautification': 0, 'Installation': 0}",Post-Monsoon,,False,False,Repair and Restoration,{'renovation': 2}
2026_EICCL_127550_4,SE R and B Divn NoI Bam 70/2025-26,"SITC of Fire fighting, Addressable Fire Detection and Manual Fire alarm system, Emergency Evacuation System, Fire Extinguisher and Signage System at Academic and ophtha (G Plush 1) Building, MKCG Berhampur.","SITC of Fire fighting, Addressable Fire Detection and Manual Fire alarm system, Emergency Evacuation System, Fire Extinguisher and Signage System at Academic and ophtha (G Plush 1) Building, MKCG Berhampur.",Works,Open Tender,Percentage,Electrical Works,No,No,NA ,24-Mar-2026 04:00 PM,NA ,90.0,No ,No,Online,31-Mar-2026 11:30 AM,EIC-CIVIL||SERNB-CIRCLE-BERHAMPUR||EERNB-DIVN-GANJAM I,Berhampur,760005.0,1.0,"24,62,357",HAREKRUSHNA INDUSTRIES PROP. SURENDRA KUMAR JENA,"1,888,628",Accepted-AOC,22-Jul-2026,EIC-CIVIL||SERNB-CIRCLE-BERHAMPUR||EERNB-DIVN-GANJAM I,True,"{'Flood': 0, 'Embankment': 0, 'embkt': 0, 'Relief': 0, 'Erosion': 0, 'SDRF': 0, 'Inundation': 0, 'Hydrology': 0, 'Silt': 0, 'Siltation': 0, 'Bund': 0, 'Trench': 0, 'Breach': 0, 'Culvert': 0, 'Sluice': 0, 'Dyke': 0, 'Storm water drain': 0, 'Emergency': 2, 'Immediate': 0, 'IM': 0, 'AE': 0, 'A E': 0, 'AAPDA MITRA': 0, 'flood': 0, 'Bridge': 0, 'River': 0, 'Drain': 0, 'Restoration': 0, 'Protection': 0, 'irr': 0, 'irrigation': 0, 'dam': 0, 'Nallah': 0, 'Retrofitting': 0, 'Pond': 0, 'Pokhari': 0, 'D/C': 0, 'Recharge shaft': 0, 'LFB': 0, 'RFB': 0}","{'Floodlight': 0, 'Flood Light': 0, 'GAS': 0, 'FIFA': 0, 'pipe': 0, 'pipes': 0, 'covid': 0, 'supply': 0, 'Beautification': 0, 'Installation': 0}",Pre-Monsoon,,False,False,Immediate Measures,{'emergency': 2}
2025_CERWI_122436_1,Bridge Online-AGL-24/2025-26,Construction of Bridge over Sapua Nallah at 0.800 Km on Ghodadian to Kathakhumpa Road in the District of Dhenkanal under SBY for the year 2024-25,Construction of Bridge over Sapua Nallah at 0.800 Km on Ghodadian to Kathakhumpa Road in the District of Dhenkanal under SBY for the year 2024-25,Works,National Competitive Bid,Percentage,Civil Works - Bridges,No,No,NA ,02-Dec-2025 01:00 PM,NA ,90.0,No ,No,Online,16-Dec-2025 10:00 AM,CE RW I||RWCIRCLE-ANGUL,Dhenkanal,759013.0,2.0,"5,45,75,000",Bhagaban Nath,"46,393,839",Rejected-AOC,03-Jul-2026,CE RW I||RWCIRCLE-ANGUL,True,"{'Flood': 0, 'Embankment': 0, 'embkt': 0, 'Relief': 0, 'Erosion': 0, 'SDRF': 0, 'Inundation': 0, 'Hydrology': 0, 'Silt': 0, 'Siltation': 0, 'Bund': 0, 'Trench': 0, 'Breach': 0, 'Culvert': 0, 'Sluice': 0, 'Dyke': 0, 'Storm water drain': 0, 'Emergency': 0, 'Immediate': 0, 'IM': 0, 'AE': 0, 'A E': 0, 'AAPDA MITRA': 0, 'flood': 0, 'Bridge': 3, 'River': 0, 'Drain': 0, 'Restoration': 0, 'Protection': 0, 'irr': 0, 'irrigation': 0, 'dam': 0, 'Nallah': 2, 'Retrofitting': 0, 'Pond': 0, 'Pokhari': 0, 'D/C': 0, 'Recharge shaft': 0, 'LFB': 0, 'RFB': 0}","{'Floodlight': 0, 'Flood Light': 0, 'GAS': 0, 'FIFA': 0, 'pipe': 0, 'pipes': 0, 'covid': 0, 'supply': 0, 'Beautification': 0, 'Installation': 0}",Post-Monsoon,,False,True,Repair and Restoration,"{'Construction': 2, 'Bridge': 3}"
2026_ORULB_128734_15,SNP-MUN-37/2026-27,Construction of Drain from AWC center to pimple Tree in ward no-12,Construction of Drain from AWC center to pimple Tree in ward no-12,Works,Open Tender,Percentage,Civil Works - Others,No,No,NA ,05-May-2026 11:00 AM,NA ,60.0,No ,No,Online,16-May-2026 11:00 AM,Municipal Bodies||Sonepur Municipal Council,Sonepur Municipality,767017.0,1.0,"4,30,027",BIKRAM KUMAR AGRAWAL,"430,026",Accepted-AOC,24-Jul-2026,Municipal Bodies||Sonepur Municipal Council,True,"{'Flood': 0, 'Embankment': 0, 'embkt': 0, 'Relief': 0, 'Erosion': 0, 'SDRF': 0, 'Inundation': 0, 'Hydrology': 0, 'Silt': 0, 'Siltation': 0, 'Bund': 0, 'Trench': 0, 'Breach': 0, 'Culvert': 0, 'Sluice': 0, 'Dyke': 0, 'Storm water drain': 0, 'Emergency': 0, 'Immediate': 0, 'IM': 0, 'AE': 0, 'A E': 0, 'AAPDA MITRA': 0, 'flood': 0, 'Bridge': 0, 'River': 0, 'Drain': 2, 'Restoration': 0, 'Protection': 0, 'irr': 0, 'irrigation': 0, 'dam': 0, 'Nallah': 0, 'Retrofitting': 0, 'Pond': 0, 'Pokhari': 0, 'D/C': 0, 'Recharge shaft': 0, 'LFB': 0, 'RFB': 0}","{'Floodlight': 0, 'Flood Light': 0, 'GAS': 0, 'FIFA': 0, 'pipe': 0, 'pipes': 0, 'covid': 0, 'supply': 0, 'Beautification': 0, 'Installation': 0}",Pre-Monsoon,,False,True,Repair and Restoration,"{'Construction': 2, 'Drain': 2}"
2026_ORULB_128734_29,SNP-MUN-37/2026-27,Restoration of Drain Dadhibaman Kalyan Mandap front to Himanshu Satpathy in ward no-03,Restoration of Drain Dadhibaman Kalyan Mandap front to Himanshu Satpathy in ward no-03,Works,Open Tender,Percentage,Civil Works - Others,No,No,NA ,05-May-2026 11:00 AM,NA ,60.0,No ,No,Online,16-May-2026 11:00 AM,Municipal Bodies||Sonepur Municipal Council,Sonepur Municipality,767017.0,1.0,"2,72,219",BIBHUTI BHUSAN DASH,"272,219",Rejected-Technical,26-Jul-2026,Municipal Bodies||Sonepur Municipal Council,True,"{'Flood': 0, 'Embankment': 0, 'embkt': 0, 'Relief': 0, 'Erosion': 0, 'SDRF': 0, 'Inundation': 0, 'Hydrology': 0, 'Silt': 0, 'Siltation': 0, 'Bund': 0, 'Trench': 0, 'Breach': 0, 'Culvert': 0, 'Sluice': 0, 'Dyke': 0, 'Storm water drain': 0, 'Emergency': 0, 'Immediate': 0, 'IM': 0, 'AE': 0, 'A E': 0, 'AAPDA MITRA': 0, 'flood': 0, 'Bridge': 0, 'River': 0, 'Drain': 2, 'Restoration': 2, 'Protection': 0, 'irr': 0, 'irrigation': 0, 'dam': 0, 'Nallah': 0, 'Retrofitting': 0, 'Pond': 0, 'Pokhari': 0, 'D/C': 0, 'Recharge shaft': 0, 'LFB': 0, 'RFB': 0}","{'Floodlight': 0, 'Flood Light': 0, 'GAS': 0, 'FIFA': 0, 'pipe': 0, 'pipes': 0, 'covid': 0, 'supply': 0, 'Beautification': 0, 'Installation': 0}",Pre-Monsoon,,False,True,Repair and Restoration,"{'restoration': 2, 'Drain': 2}"
2025_EICCL_122056_1,SE CBT (R and B)-19/2025-26,Shifting of existing lines and sub-station (from Gopinathpur Singhanath road Chhak to Gopinathpur Bridge) due to widening and strengthening of Gopamathura Bangurusingha road from 0.00 km to 5.00 km for the year 2025-26,Shifting of existing lines and sub-station (from Gopinathpur Singhanath road Chhak to Gopinathpur Bridge) due to widening and strengthening of Gopamathura Bangurusingha road from 0.00 km to 5.00 km for the year 2025-26,Works,National Competitive Bid,Percentage,Electrical Works,No,No,NA ,27-Nov-2025 10:00 AM,NA ,90.0,No ,No,Online,08-Dec-2025 11:00 AM,EIC-CIVIL||SERNB-CIRCLE-DHENKANAL||EERNB DIVN CHARBATIA,Narasinghpur,754032.0,1.0,"37,90,459",BABA ELECTRICAL CONSTRUCTION,"3,222,269",Accepted-AOC,27-Jul-2026,EIC-CIVIL||SERNB-CIRCLE-DHENKANAL||EERNB DIVN CHARBATIA,True,"{'Flood': 0, 'Embankment': 0, 'embkt': 0, 'Relief': 0, 'Erosion': 0, 'SDRF': 0, 'Inundation': 0, 'Hydrology': 0, 'Silt': 0, 'Siltation': 0, 'Bund': 0, 'Trench': 0, 'Breach': 0, 'Culvert': 0, 'Sluice': 0, 'Dyke': 0, 'Storm water drain': 0, 'Emergency': 0, 'Immediate': 0, 'IM': 0, 'AE': 0, 'A E': 0, 'AAPDA MITRA': 0, 'flood': 0, 'Bridge': 2, 'River': 0, 'Drain': 0, 'Restoration': 0, 'Protection': 0, 'irr': 0, 'irrigation': 0, 'dam': 0, 'Nallah': 0, 'Retrofitting': 0, 'Pond': 0, 'Pokhari': 0, 'D/C': 0, 'Recharge shaft': 0, 'LFB': 0, 'RFB': 0}","{'Floodlight': 0, 'Flood Light': 0, 'GAS': 0, 'FIFA': 0, 'pipe': 0, 'pipes': 0, 'covid': 0, 'supply': 0, 'Beautification': 0, 'Installation': 0}",Post-Monsoon,,False,True,Repair and Restoration,"{'strengthening': 2, 'widening': 2, 'Bridge': 2}"
2026_ORULB_126678_16,37/SMC_SBP/2025-26,Construction of Road and Drain from Laxmipuja Chowk to Ajay Vig Residence in WNo.04,Construction of Road and Drain from Laxmipuja Chowk to Ajay Vig Residence in WNo.04,Works,Open Tender,Percentage,Civil Works - Others,No,No,NA ,06-Mar-2026 11:00 AM,NA ,120.0,No ,No,Online,17-Mar-2026 11:00 AM,Municipal Bodies||Sambalpur Municipal Corporation,Sambalpur Municipal Corporation,768006.0,1.0,"16,93,400",BINOD KUMAR SAHU,"1,693,376.17",Rejected-Technical,10-Jul-2026,Municipal Bodies||Sambalpur Municipal Corporation,True,"{'Flood': 0, 'Embankment': 0, 'embkt': 0, 'Relief': 0, 'Erosion': 0, 'SDRF': 0, 'Inundation': 0, 'Hydrology': 0, 'Silt': 0, 'Siltation': 0, 'Bund': 0, 'Trench': 0, 'Breach': 0, 'Culvert': 0, 'Sluice': 0, 'Dyke': 0, 'Storm water drain': 0, 'Emergency': 0, 'Immediate': 0, 'IM': 0, 'AE': 0, 'A E': 0, 'AAPDA MITRA': 0, 'flood': 0, 'Bridge': 0, 'River': 0, 'Drain': 2, 'Restoration': 0, 'Protection': 0, 'irr': 0, 'irrigation': 0, 'dam': 0, 'Nallah': 0, 'Retrofitting': 0, 'Pond': 0, 'Pokhari': 0, 'D/C': 0, 'Recharge shaft': 0, 'LFB': 0, 'RFB': 0}","{'Floodlight': 0, 'Flood Light': 0, 'GAS': 0, 'FIFA': 0, 'pipe': 0, 'pipes': 0, 'covid': 0, 'supply': 0, 'Beautification': 0, 'Installation': 0}",Pre-Monsoon,,False,True,Repair and Restoration,"{'Construction': 2, 'Drain': 2}"
2026_CEBMB_128759_24,e-CHID-01/2026-27,Improvement to Right Main Canal between RD 00mt to tail of Poichandia Irrigation Project.,Improvement of Canal system,Works,Open Tender,Percentage,Civil Works - Canal,No,No,NA ,06-May-2026 10:00 AM,NA ,90.0,No ,No,Online,22-May-2026 11:30 AM,"CE-BM,RVN Basin,Berhampur||S.E. Southern Irr. Circle I Berhampur||EE Chikiti Irrigation Divn Berhampur",Berhampur,760004.0,1.0,"8,89,000",Barika Sethi,"755,852",Rejected-AOC,24-Jul-2026,"CE-BM,RVN Basin,Berhampur||S.E. Southern Irr. Circle I Berhampur||EE Chikiti Irrigation Divn Berhampur",True,"{'Flood': 0, 'Embankment': 0, 'embkt': 0, 'Relief': 0, 'Erosion': 0, 'SDRF': 0, 'Inundation': 0, 'Hydrology': 0, 'Silt': 0, 'Siltation': 0, 'Bund': 0, 'Trench': 0, 'Breach': 0, 'Culvert': 0, 'Sluice': 0, 'Dyke': 0, 'Storm water drain': 0, 'Emergency': 0, 'Immediate': 0, 'IM': 0, 'AE': 0, 'A E': 0, 'AAPDA MITRA': 0, 'flood': 0, 'Bridge': 0, 'River': 0, 'Drain': 0, 'Restoration': 0, 'Protection': 0, 'irr': 0, 'irrigation': 1, 'dam': 0, 'Nallah': 0, 'Retrofitting': 0, 'Pond': 0, 'Pokhari': 0, 'D/C': 0, 'Recharge shaft': 0, 'LFB': 0, 'RFB': 0}","{'Floodlight': 0, 'Flood Light': 0, 'GAS': 0, 'FIFA': 0, 'pipe': 0, 'pipes': 0, 'covid': 0, 'supply': 0, 'Beautification': 0, 'Installation': 0}",Pre-Monsoon,,False,False,Repair and Restoration,{'improvement': 2}
2026_CEBMB_128759_18,e-CHID-01/2026-27,Improvement to Right Main Canal between RD 15960mt to 16150mt of Bahuda Irrigation Project,Improvement of Canal system,Works,Open Tender,Percentage,Civil Works - Canal,No,No,NA ,06-May-2026 10:00 AM,NA ,90.0,No ,No,Online,22-May-2026 11:30 AM,"CE-BM,RVN Basin,Berhampur||S.E. Southern Irr. Circle I Berhampur||EE Chikiti Irrigation Divn Berhampur",Berhampur,760004.0,1.0,"12,85,000",ARJAYA KUMAR SETHI,"1,092,742",Rejected-AOC,24-Jul-2026,"CE-BM,RVN Basin,Berhampur||S.E. Southern Irr. Circle I Berhampur||EE Chikiti Irrigation Divn Berhampur",True,"{'Flood': 0, 'Embankment': 0, 'embkt': 0, 'Relief': 0, 'Erosion': 0, 'SDRF': 0, 'Inundation': 0, 'Hydrology': 0, 'Silt': 0, 'Siltation': 0, 'Bund': 0, 'Trench': 0, 'Breach': 0, 'Culvert': 0, 'Sluice': 0, 'Dyke': 0, 'Storm water drain': 0, 'Emergency': 0, 'Immediate': 0, 'IM': 0, 'AE': 0, 'A E': 0, 'AAPDA MITRA': 0, 'flood': 0, 'Bridge': 0, 'River': 0, 'Drain': 0, 'Restoration': 0, 'Protection': 0, 'irr': 0, 'irrigation': 1, 'dam': 0, 'Nallah': 0, 'Retrofitting': 0, 'Pond': 0, 'Pokhari': 0, 'D/C': 0, 'Recharge shaft': 0, 'LFB': 0, 'RFB': 0}","{'Floodlight': 0, 'Flood Light': 0, 'GAS': 0, 'FIFA': 0, 'pipe': 0, 'pipes': 0, 'covid': 0, 'supply': 0, 'Beautification': 0, 'Installation': 0}",Pre-Monsoon,,False,False,Repair and Restoration,{'improvement': 2}
2026_ORULB_127482_1,BLGR MPTY/13(01-73)/2025-26,"Const. of Drain with Cover Slab from Birendra Pradhan Res to Uni Bideshi Patra Res Shantipara, W.No.2",Drain with Cover Slab Work,Works,Open Tender,Percentage,Civil Works - Others,No,No,NA ,24-Mar-2026 11:00 AM,NA ,180.0,No ,No,Online,06-Apr-2026 11:00 AM,Municipal Bodies||Balangir Municipality,Balangir,767001.0,1.0,"12,69,197",DEEPAK KUMAR NAG,"1,205,864.07",Accepted-AOC,27-Jul-2026,Municipal Bodies||Balangir Municipality,True,"{'Flood': 0, 'Embankment': 0, 'embkt': 0, 'Relief': 0, 'Erosion': 0, 'SDRF': 0, 'Inundation': 0, 'Hydrology': 0, 'Silt': 0, 'Siltation': 0, 'Bund': 0, 'Trench': 0, 'Breach': 0, 'Culvert': 0, 'Sluice': 0, 'Dyke': 0, 'Storm water drain': 0, 'Emergency': 0, 'Immediate': 0, 'IM': 0, 'AE': 0, 'A E': 0, 'AAPDA MITRA': 0, 'flood': 0, 'Bridge': 0, 'River': 0, 'Drain': 2, 'Restoration': 0, 'Protection': 0, 'irr': 0, 'irrigation': 0, 'dam': 0, 'Nallah': 0, 'Retrofitting': 0, 'Pond': 0, 'Pokhari': 0, 'D/C': 0, 'Recharge shaft': 0, 'LFB': 0, 'RFB': 0}","{'Floodlight': 0, 'Flood Light': 0, 'GAS': 0, 'FIFA': 0, 'pipe': 0, 'pipes': 0, 'covid': 0, 'supply': 0, 'Beautification': 0, 'Installation': 0}",Pre-Monsoon,,False,True,Repair and Restoration,{'Drain': 2}
2025_ORULB_115623_16,JM-01/2025-26,Construction of Drain with Cover slab from Tukuna Sahu House to Nanda Lohar House Ward No01 Joda Municipality SFC Devolution,WORKS,Works,Open Tender,Percentage,Civil Works - Others,No,No,NA ,17-Jul-2025 10:00 AM,NA ,120.0,No ,No,Online,31-Jul-2025 11:00 AM,Municipal Bodies||Joda Municipality,JODA MUNICIPALITY AT PO BANEIKALA JODA KEONJHAR,758038.0,1.0,"16,94,876",ABHIJEET NAYAK,"1,900,233",Accepted-AOC,23-Jul-2026,Municipal Bodies||Joda Municipality,True,"{'Flood': 0, 'Embankment': 0, 'embkt': 0, 'Relief': 0, 'Erosion': 0, 'SDRF': 0, 'Inundation': 0, 'Hydrology': 0, 'Silt': 0, 'Siltation': 0, 'Bund': 0, 'Trench': 0, 'Breach': 0, 'Culvert': 0, 'Sluice': 0, 'Dyke': 0, 'Storm water drain': 0, 'Emergency': 0, 'Immediate': 0, 'IM': 0, 'AE': 0, 'A E': 0, 'AAPDA MITRA': 0, 'flood': 0, 'Bridge': 0, 'River': 0, 'Drain': 1, 'Restoration': 0, 'Protection': 0, 'irr': 0, 'irrigation': 0, 'dam': 0, 'Nallah': 0, 'Retrofitting': 0, 'Pond': 0, 'Pokhari': 0, 'D/C': 0, 'Recharge shaft': 0, 'LFB': 0, 'RFB': 0}","{'Floodlight': 0, 'Flood Light': 0, 'GAS': 0, 'FIFA': 0, 'pipe': 0, 'pipes': 0, 'covid': 0, 'supply': 0, 'Beautification': 0, 'Installation': 0}",Monsoon,,False,True,Repair and Restoration,"{'Construction': 1, 'Drain': 1}"
2026_ORULB_126536_9,RNP NAC -07/2025-26,CONSTRUCTION OF CC DRAIN WITH COVER SLAB FOR UNCOVERED DRAIN FROM POST OFFICE TO BAGHA SAMANTA FIELD IN WN -12 OF RANPUR NAC,CONSTRUCTION OF CC DRAIN WITH COVER SLAB FOR UNCOVERED DRAIN FROM POST OFFICE TO BAGHA SAMANTA FIELD IN WN -12 OF RANPUR NAC,Works,Open Tender,Percentage,Civil Works - Others,No,No,NA ,28-Feb-2026 11:00 AM,NA ,60.0,No ,No,Online,10-Mar-2026 11:30 AM,Municipal Bodies||Ranpur NAC,NAC RANPUR,752026.0,1.0,"10,16,950",SARASI BALA PATTANAIK,"691,525.76",Rejected-Finance,07-Jul-2026,Municipal Bodies||Ranpur NAC,True,"{'Flood': 0, 'Embankment': 0, 'embkt': 0, 'Relief': 0, 'Erosion': 0, 'SDRF': 0, 'Inundation': 0, 'Hydrology': 0, 'Silt': 0, 'Siltation': 0, 'Bund': 0, 'Trench': 0, 'Breach': 0, 'Culvert': 0, 'Sluice': 0, 'Dyke': 0, 'Storm water drain': 0, 'Emergency': 0, 'Immediate': 0, 'IM': 0, 'AE': 0, 'A E': 0, 'AAPDA MITRA': 0, 'flood': 0, 'Bridge': 0, 'River': 0, 'Drain': 4, 'Restoration': 0, 'Protection': 0, 'irr': 0, 'irrigation': 0, 'dam': 0, 'Nallah': 0, 'Retrofitting': 0, 'Pond': 0, 'Pokhari': 0, 'D/C': 0, 'Recharge shaft': 0, 'LFB': 0, 'RFB': 0}","{'Floodlight': 0, 'Flood Light': 0, 'GAS': 0, 'FIFA': 0, 'pipe': 0, 'pipes': 0, 'covid': 0, 'supply': 0, 'Beautification': 0, 'Installation': 0}",Post-Monsoon,,False,True,Repair and Restoration,"{'Construction': 2, 'Drain': 4}"
2026_CEBMB_129576_1,SE-HID-ADV-03/2026-27,"M/r to Lengama S/M, Maradi S/M,Dhaupada S/M,manikapur S/M II, Belapada S/M, Badapur S/M and Abhayapur S/M I and II under Harabhangi Irrigation Project.",DESILTING OF CANAL WORK,Works,National Competitive Bid,Percentage,Civil Works - Others,No,No,NA ,25-May-2026 11:00 AM,NA ,90.0,No ,No,Online,06-Jun-2026 11:00 AM,"CE-BM,RVN Basin,Berhampur||SE Southern Irr Circle II Paralakhemundi||EE Harabhangi Irr Divn Adava",BADAGADA,761109.0,1.0,"6,28,986",Rachana Pradhan,"628,986",Rejected-AOC,25-Jun-2026,"CE-BM,RVN Basin,Berhampur||SE Southern Irr Circle II Paralakhemundi||EE Harabhangi Irr Divn Adava",True,"{'Flood': 0, 'Embankment': 0, 'embkt': 0, 'Relief': 0, 'Erosion': 0, 'SDRF': 0, 'Inundation': 0, 'Hydrology': 0, 'Silt': 0, 'Siltation': 0, 'Bund': 0, 'Trench': 0, 'Breach': 0, 'Culvert': 0, 'Sluice': 0, 'Dyke': 0, 'Storm water drain': 0, 'Emergency': 0, 'Immediate': 0, 'IM': 0, 'AE': 0, 'A E': 0, 'AAPDA MITRA': 0, 'flood': 0, 'Bridge': 0, 'River': 0, 'Drain': 0, 'Restoration': 0, 'Protection': 0, 'irr': 0, 'irrigation': 1, 'dam': 0, 'Nallah': 0, 'Retrofitting': 0, 'Pond': 0, 'Pokhari': 0, 'D/C': 0, 'Recharge shaft': 0, 'LFB': 0, 'RFB': 0}","{'Floodlight': 0, 'Flood Light': 0, 'GAS': 0, 'FIFA': 0, 'pipe': 0, 'pipes': 0, 'covid': 0, 'supply': 0, 'Beautification': 0, 'Installation': 0}",Pre-Monsoon,,False,False,Others,
2025_ORULB_115623_17,JM-01/2025-26,Construction of drain with Cover slab from Suren Munda House to Balama Munda House Ward No10 Joda Municipality SFC Storm water drainage,WORKS,Works,Open Tender,Percentage,Civil Works - Others,No,No,NA ,17-Jul-2025 10:00 AM,NA ,120.0,No ,No,Online,31-Jul-2025 11:00 AM,Municipal Bodies||Joda Municipality,JODA MUNICIPALITY AT PO BANEIKALA JODA KEONJHAR,758038.0,1.0,"4,23,829",SIPUN KUMAR MOHAPATRA,"500,000",Rejected-AOC,25-Jul-2026,Municipal Bodies||Joda Municipality,True,"{'Flood': 0, 'Embankment': 0, 'embkt': 0, 'Relief': 0, 'Erosion': 0, 'SDRF': 0, 'Inundation': 0, 'Hydrology': 0, 'Silt': 0, 'Siltation': 0, 'Bund': 0, 'Trench': 0, 'Breach': 0, 'Culvert': 0, 'Sluice': 0, 'Dyke': 0, 'Storm water drain': 0, 'Emergency': 0, 'Immediate': 0, 'IM': 0, 'AE': 0, 'A E': 0, 'AAPDA MITRA': 0, 'flood': 0, 'Bridge': 0, 'River': 0, 'Drain': 1, 'Restoration': 0, 'Protection': 0, 'irr': 0, 'irrigation': 0, 'dam': 0, 'Nallah': 0, 'Retrofitting': 0, 'Pond': 0, 'Pokhari': 0, 'D/C': 0, 'Recharge shaft': 0, 'LFB': 0, 'RFB': 0}","{'Floodlight': 0, 'Flood Light': 0, 'GAS': 0, 'FIFA': 0, 'pipe': 0, 'pipes': 0, 'covid': 0, 'supply': 0, 'Beautification': 0, 'Installation': 0}",Monsoon,,False,True,Repair and Restoration,"{'Construction': 1, 'Drain': 1}"
2026_ORULB_128734_14,SNP-MUN-37/2026-27,Drain and Road infront of SAI english Medium school,Drain and Road infront of SAI english Medium school,Works,Open Tender,Percentage,Civil Works - Others,No,No,NA ,05-May-2026 11:00 AM,NA ,60.0,No ,No,Online,16-May-2026 11:00 AM,Municipal Bodies||Sonepur Municipal Council,Sonepur Municipality,767017.0,1.0,"2,75,361",KUSUMA PRABHA DASH,"275,361",Rejected-Technical,20-Jul-2026,Municipal Bodies||Sonepur Municipal Council,True,"{'Flood': 0, 'Embankment': 0, 'embkt': 0, 'Relief': 0, 'Erosion': 0, 'SDRF': 0, 'Inundation': 0, 'Hydrology': 0, 'Silt': 0, 'Siltation': 0, 'Bund': 0, 'Trench': 0, 'Breach': 0, 'Culvert': 0, 'Sluice': 0, 'Dyke': 0, 'Storm water drain': 0, 'Emergency': 0, 'Immediate': 0, 'IM': 0, 'AE': 0, 'A E': 0, 'AAPDA MITRA': 0, 'flood': 0, 'Bridge': 0, 'River': 0, 'Drain': 2, 'Restoration': 0, 'Protection': 0, 'irr': 0, 'irrigation': 0, 'dam': 0, 'Nallah': 0, 'Retrofitting': 0, 'Pond': 0, 'Pokhari': 0, 'D/C': 0, 'Recharge shaft': 0, 'LFB': 0, 'RFB': 0}","{'Floodlight': 0, 'Flood Light': 0, 'GAS': 0, 'FIFA': 0, 'pipe': 0, 'pipes': 0, 'covid': 0, 'supply': 0, 'Beautification': 0, 'Installation': 0}",Pre-Monsoon,,False,True,Repair and Restoration,{'Drain': 2}
2025_OCCL_111229_1,E-Procurement Notice No. 52/OCCL/2024-25 (on-line),Bid identification No. OCCL-MECH./01/2024-25,"Automation of spillway gates controlled through centralized remote control and implementation of real time management information system at Kanupur Irrigation Project, Basudevpur, Dist. Keonjhar (Odisha).",Works,Open Tender,Item Rate,Mechanical Works,No,No,NA ,03-Mar-2025 10:00 AM,NA ,90.0,No ,No,Online,18-Mar-2025 11:30 AM,ODISHA CONSTRUCTION CORPORATION LTD||CIVIL,"Basudevpur, Dist. Keonjhar (Odisha).",756125.0,2.0,,Alpha Pacific Systems Pvt. Ltd.,"60,751,710",Accepted-AOC,30-Jul-2026,ODISHA CONSTRUCTION CORPORATION LTD||CIVIL,True,"{'Flood': 0, 'Embankment': 0, 'embkt': 0, 'Relief': 0, 'Erosion': 0, 'SDRF': 0, 'Inundation': 0, 'Hydrology': 0, 'Silt': 0, 'Siltation': 0, 'Bund': 0, 'Trench': 0, 'Breach': 0, 'Culvert': 0, 'Sluice': 0, 'Dyke': 0, 'Storm water drain': 0, 'Emergency': 0, 'Immediate': 0, 'IM': 0, 'AE': 0, 'A E': 0, 'AAPDA MITRA': 0, 'flood': 0, 'Bridge': 0, 'River': 0, 'Drain': 0, 'Restoration': 0, 'Protection': 0, 'irr': 0, 'irrigation': 1, 'dam': 0, 'Nallah': 0, 'Retrofitting': 0, 'Pond': 0, 'Pokhari': 0, 'D/C': 0, 'Recharge shaft': 0, 'LFB': 0, 'RFB': 0}","{'Floodlight': 0, 'Flood Light': 0, 'GAS': 0, 'FIFA': 0, 'pipe': 0, 'pipes': 0, 'covid': 0, 'supply': 0, 'Beautification': 0, 'Installation': 0}",Pre-Monsoon,,False,False,Others,
2026_ORULB_126953_3,EOBRP/07/2025-26,Covering of drain from college chowk to RMC market in ward no 1,Covering of drain from college chowk to RMC market in ward no 1,Works,Open Tender,Percentage,Civil Works - Others,No,No,NA ,07-Mar-2026 11:00 AM,NA ,90.0,No ,No,Online,16-Mar-2026 03:00 PM,Municipal Bodies||Barpali NAC,Barpali,768029.0,1.0,"16,13,571",SHIBARATRI SETH (SC),"1,065,073.61",Rejected-Finance,17-Jul-2026,Municipal Bodies||Barpali NAC,True,"{'Flood': 0, 'Embankment': 0, 'embkt': 0, 'Relief': 0, 'Erosion': 0, 'SDRF': 0, 'Inundation': 0, 'Hydrology': 0, 'Silt': 0, 'Siltation': 0, 'Bund': 0, 'Trench': 0, 'Breach': 0, 'Culvert': 0, 'Sluice': 0, 'Dyke': 0, 'Storm water drain': 0, 'Emergency': 0, 'Immediate': 0, 'IM': 0, 'AE': 0, 'A E': 0, 'AAPDA MITRA': 0, 'flood': 0, 'Bridge': 0, 'River': 0, 'Drain': 2, 'Restoration': 0, 'Protection': 0, 'irr': 0, 'irrigation': 0, 'dam': 0, 'Nallah': 0, 'Retrofitting': 0, 'Pond': 0, 'Pokhari': 0, 'D/C': 0, 'Recharge shaft': 0, 'LFB': 0, 'RFB': 0}","{'Floodlight': 0, 'Flood Light': 0, 'GAS': 0, 'FIFA': 0, 'pipe': 0, 'pipes': 0, 'covid': 0, 'supply': 0, 'Beautification': 0, 'Installation': 0}",Pre-Monsoon,,False,True,Repair and Restoration,{'Drain': 2}
2026_ORULB_126636_32,BMC-EE-Tender Cell-73/2025-26 Dt. 25.02.2026,Renovation with peripheral development of Paikarapur Govt. Pond in Ward No. 22,Renovation with peripheral development of Paikarapur Govt. Pond in Ward No. 22,Works,Open Tender,Percentage,Civil Works - Others,No,No,NA ,28-Feb-2026 10:30 AM,05-Mar-2026 04:00 PM ,120.0,No ,No,Online,12-Mar-2026 11:00 AM,Municipal Bodies||Bhubaneswar Municipal Corporation,BMC AREA,751022.0,1.0,"16,94,426",RANJIT SING,"1,739,698",Rejected-Finance,28-Jul-2026,Municipal Bodies||Bhubaneswar Municipal Corporation,True,"{'Flood': 0, 'Embankment': 0, 'embkt': 0, 'Relief': 0, 'Erosion': 0, 'SDRF': 0, 'Inundation': 0, 'Hydrology': 0, 'Silt': 0, 'Siltation': 0, 'Bund': 0, 'Trench': 0, 'Breach': 0, 'Culvert': 0, 'Sluice': 0, 'Dyke': 0, 'Storm water drain': 0, 'Emergency': 0, 'Immediate': 0, 'IM': 0, 'AE': 0, 'A E': 0, 'AAPDA MITRA': 0, 'flood': 0, 'Bridge': 0, 'River': 0, 'Drain': 0, 'Restoration': 0, 'Protection': 0, 'irr': 0, 'irrigation': 0, 'dam': 0, 'Nallah': 0, 'Retrofitting': 0, 'Pond': 2, 'Pokhari': 0, 'D/C': 0, 'Recharge shaft': 0, 'LFB': 0, 'RFB': 0}","{'Floodlight': 0, 'Flood Light': 0, 'GAS': 0, 'FIFA': 0, 'pipe': 0, 'pipes': 0, 'covid': 0, 'supply': 0, 'Beautification': 0, 'Installation': 0}",Post-Monsoon,,False,False,Repair and Restoration,{'renovation': 2}
2026_CEMIB_134508_1,SEMIDBLS-03/2026-27,Improvement to Jamalpur Check Dam in Basta Block of Balasore District under Improvement to Check Dam Scheme for the FY 2026-27,Improvement to Jamalpur Check Dam in Basta Block of Balasore District under Improvement to Check Dam Scheme for the FY 2026-27,Works,Open Tender,Percentage,Civil Works - Others,No,No,NA ,08-Jul-2026 10:00 AM,NA ,90.0,No ,No,Online,20-Jul-2026 11:00 AM,"CE,Minor Irrigation,BBSR||Baripada Minor Irrigation Circle Baripada||MI Division Balasore",Basta Block,756029.0,1.0,"8,34,060",BISWANATH JENA,"834,060",Accepted-AOC,31-Jul-2026,"CE,Minor Irrigation,BBSR||Baripada Minor Irrigation Circle Baripada||MI Division Balasore",True,"{'Flood': 0, 'Embankment': 0, 'embkt': 0, 'Relief': 0, 'Erosion': 0, 'SDRF': 0, 'Inundation': 0, 'Hydrology': 0, 'Silt': 0, 'Siltation': 0, 'Bund': 0, 'Trench': 0, 'Breach': 0, 'Culvert': 0, 'Sluice': 0, 'Dyke': 0, 'Storm water drain': 0, 'Emergency': 0, 'Immediate': 0, 'IM': 0, 'AE': 0, 'A E': 0, 'AAPDA MITRA': 0, 'flood': 0, 'Bridge': 0, 'River': 0, 'Drain': 0, 'Restoration': 0, 'Protection': 0, 'irr': 0, 'irrigation': 0, 'dam': 4, 'Nallah': 0, 'Retrofitting': 0, 'Pond': 0, 'Pokhari': 0, 'D/C': 0, 'Recharge shaft': 0, 'LFB': 0, 'RFB': 0}","{'Floodlight': 0, 'Flood Light': 0, 'GAS': 0, 'FIFA': 0, 'pipe': 0, 'pipes': 0, 'covid': 0, 'supply': 0, 'Beautification': 0, 'Installation': 0}",Monsoon,,False,False,Repair and Restoration,"{'improvement': 4, 'Check Dam': 4}"
2026_CEMIB_128063_3,MIDGJP-02/2026-27,Improvement to Lingipur Check Dam near village Lingipur in Gosani Block of Gajapati District under Imp. to Check Dam for the year-2026-27.,Improvement to Lingipur Check Dam near village Lingipur in Gosani Block of Gajapati District under Imp. to Check Dam for the year-2026-27.,Works,Open Tender,Percentage,Civil Works - Others,No,No,NA ,10-Apr-2026 06:55 PM,NA ,90.0,No ,No,Online,21-Apr-2026 11:00 AM,"CE,Minor Irrigation,BBSR||SESMIC-BERHAMPUR||GAJAPATI",Gajapati,761200.0,1.0,"8,81,000",AKASH PATRO,"859,606.59",Accepted-AOC,10-Jul-2026,"CE,Minor Irrigation,BBSR||SESMIC-BERHAMPUR||GAJAPATI",True,"{'Flood': 0, 'Embankment': 0, 'embkt': 0, 'Relief': 0, 'Erosion': 0, 'SDRF': 0, 'Inundation': 0, 'Hydrology': 0, 'Silt': 0, 'Siltation': 0, 'Bund': 0, 'Trench': 0, 'Breach': 0, 'Culvert': 0, 'Sluice': 0, 'Dyke': 0, 'Storm water drain': 0, 'Emergency': 0, 'Immediate': 0, 'IM': 0, 'AE': 0, 'A E': 0, 'AAPDA MITRA': 0, 'flood': 0, 'Bridge': 0, 'River': 0, 'Drain': 0, 'Restoration': 0, 'Protection': 0, 'irr': 0, 'irrigation': 0, 'dam': 4, 'Nallah': 0, 'Retrofitting': 0, 'Pond': 0, 'Pokhari': 0, 'D/C': 0, 'Recharge shaft': 0, 'LFB': 0, 'RFB': 0}","{'Floodlight': 0, 'Flood Light': 0, 'GAS': 0, 'FIFA': 0, 'pipe': 0, 'pipes': 0, 'covid': 0, 'supply': 0, 'Beautification': 0, 'Installation': 0}",Pre-Monsoon,,False,False,Repair and Restoration,"{'improvement': 2, 'Check Dam': 4}"
2026_CEBMB_128710_1,HID-01/2026-27,Protection of Right Bank of River Padma near D/S of village MendhiPankala of Harbhangi Irrigation Project.,FLOOD PROTECTION WORK,Works,National Competitive Bid,Percentage,Civil Works - Others,No,No,NA ,04-May-2026 11:00 AM,NA ,90.0,No ,No,Online,25-May-2026 11:00 AM,"CE-BM,RVN Basin,Berhampur||SE Southern Irr Circle II Paralakhemundi||EE Harabhangi Irr Divn Adava",ADAVA,761217.0,1.0,"38,37,840",Santosh Kumar Panda,"2,763,245",Rejected-Finance,22-Jul-2026,"CE-BM,RVN Basin,Berhampur||SE Southern Irr Circle II Paralakhemundi||EE Harabhangi Irr Divn Adava",True,"{'Flood': 1, 'Embankment': 0, 'embkt': 0, 'Relief': 0, 'Erosion': 0, 'SDRF': 0, 'Inundation': 0, 'Hydrology': 0, 'Silt': 0, 'Siltation': 0, 'Bund': 0, 'Trench': 0, 'Breach': 0, 'Culvert': 0, 'Sluice': 0, 'Dyke': 0, 'Storm water drain': 0, 'Emergency': 0, 'Immediate': 0, 'IM': 0, 'AE': 0, 'A E': 0, 'AAPDA MITRA': 0, 'flood': 1, 'Bridge': 0, 'River': 1, 'Drain': 0, 'Restoration': 0, 'Protection': 2, 'irr': 0, 'irrigation': 1, 'dam': 0, 'Nallah': 0, 'Retrofitting': 0, 'Pond': 0, 'Pokhari': 0, 'D/C': 0, 'Recharge shaft': 0, 'LFB': 0, 'RFB': 0}","{'Floodlight': 0, 'Flood Light': 0, 'GAS': 0, 'FIFA': 0, 'pipe': 0, 'pipes': 0, 'covid': 0, 'supply': 0, 'Beautification': 0, 'Installation': 0}",Pre-Monsoon,,False,False,Preparedness Measures,"{'Protection': 2, 'Flood Protection work': 1}"
2026_CEMIB_128063_1,MIDGJP-02/2026-27,Improvement to Deopur Nalla Check Dam near village Labanyagarh in Gosani Block of Gajapati District under Imp. to Check Dam for the year-2026-27.,Improvement to Deopur Nalla Check Dam near village Labanyagarh in Gosani Block of Gajapati District under Imp. to Check Dam for the year-2026-27.,Works,Open Tender,Percentage,Civil Works - Others,No,No,NA ,10-Apr-2026 06:55 PM,NA ,90.0,No ,No,Online,21-Apr-2026 11:00 AM,"CE,Minor Irrigation,BBSR||SESMIC-BERHAMPUR||GAJAPATI",Gajapati,761200.0,1.0,"9,63,000",PODANI VIJAYA KUMAR,"963,249.54",Rejected-AOC,06-Jul-2026,"CE,Minor Irrigation,BBSR||SESMIC-BERHAMPUR||GAJAPATI",True,"{'Flood': 0, 'Embankment': 0, 'embkt': 0, 'Relief': 0, 'Erosion': 0, 'SDRF': 0, 'Inundation': 0, 'Hydrology': 0, 'Silt': 0, 'Siltation': 0, 'Bund': 0, 'Trench': 0, 'Breach': 0, 'Culvert': 0, 'Sluice': 0, 'Dyke': 0, 'Storm water drain': 0, 'Emergency': 0, 'Immediate': 0, 'IM': 0, 'AE': 0, 'A E': 0, 'AAPDA MITRA': 0, 'flood': 0, 'Bridge': 0, 'River': 0, 'Drain': 0, 'Restoration': 0, 'Protection': 0, 'irr': 0, 'irrigation': 0, 'dam': 4, 'Nallah': 0, 'Retrofitting': 0, 'Pond': 0, 'Pokhari': 0, 'D/C': 0, 'Recharge shaft': 0, 'LFB': 0, 'RFB': 0}","{'Floodlight': 0, 'Flood Light': 0, 'GAS': 0, 'FIFA': 0, 'pipe': 0, 'pipes': 0, 'covid': 0, 'supply': 0, 'Beautification': 0, 'Installation': 0}",Pre-Monsoon,,False,False,Repair and Restoration,"{'improvement': 2, 'Check Dam': 4}"
2025_ORULB_115568_90,BM-BDK-05-2025-26,Const Of Drain and paver Road From Idun House towards Sahensha house and Muna Haji Sahab House to Charminar Mandap In award no-17,Const Of Drain and paver Road From Idun House towards Sahensha house and Muna Haji Sahab House to Charminar Mandap In award no-17,Works,Open Tender,Percentage,Civil Works - Others,No,No,NA ,24-Jul-2025 10:00 AM,NA ,90.0,No ,No,Online,04-Aug-2025 11:00 AM,Municipal Bodies||Bhadrak Municipality,Bhadrak Municipality,756100.0,1.0,"11,09,205",RATH MUNDA,"1,053,856",Accepted-AOC,03-Jul-2026,Municipal Bodies||Bhadrak Municipality,True,"{'Flood': 0, 'Embankment': 0, 'embkt': 0, 'Relief': 0, 'Erosion': 0, 'SDRF': 0, 'Inundation': 0, 'Hydrology': 0, 'Silt': 0, 'Siltation': 0, 'Bund': 0, 'Trench': 0, 'Breach': 0, 'Culvert': 0, 'Sluice': 0, 'Dyke': 0, 'Storm water drain': 0, 'Emergency': 0, 'Immediate': 0, 'IM': 0, 'AE': 0, 'A E': 0, 'AAPDA MITRA': 0, 'flood': 0, 'Bridge': 0, 'River': 0, 'Drain': 2, 'Restoration': 0, 'Protection': 0, 'irr': 0, 'irrigation': 0, 'dam': 0, 'Nallah': 0, 'Retrofitting': 0, 'Pond': 0, 'Pokhari': 0, 'D/C': 0, 'Recharge shaft': 0, 'LFB': 0, 'RFB': 0}","{'Floodlight': 0, 'Flood Light': 0, 'GAS': 0, 'FIFA': 0, 'pipe': 0, 'pipes': 0, 'covid': 0, 'supply': 0, 'Beautification': 0, 'Installation': 0}",Monsoon,,False,True,Repair and Restoration,{'Drain': 2}
2026_ORULB_128734_16,SNP-MUN-37/2026-27,Construction of Drain AWC to Tikiripada Culvert in ward no-7,Construction of Drain AWC to Tikiripada Culvert in ward no-7,Works,Open Tender,Percentage,Civil Works - Others,No,No,NA ,05-May-2026 11:00 AM,NA ,60.0,No ,No,Online,16-May-2026 11:00 AM,Municipal Bodies||Sonepur Municipal Council,Sonepur Municipality,767017.0,1.0,"12,71,692",BIKRAM KUMAR AGRAWAL,"1,271,692",Rejected-Technical,20-Jul-2026,Municipal Bodies||Sonepur Municipal Council,True,"{'Flood': 0, 'Embankment': 0, 'embkt': 0, 'Relief': 0, 'Erosion': 0, 'SDRF': 0, 'Inundation': 0, 'Hydrology': 0, 'Silt': 0, 'Siltation': 0, 'Bund': 0, 'Trench': 0, 'Breach': 0, 'Culvert': 2, 'Sluice': 0, 'Dyke': 0, 'Storm water drain': 0, 'Emergency': 0, 'Immediate': 0, 'IM': 0, 'AE': 0, 'A E': 0, 'AAPDA MITRA': 0, 'flood': 0, 'Bridge': 0, 'River': 0, 'Drain': 2, 'Restoration': 0, 'Protection': 0, 'irr': 0, 'irrigation': 0, 'dam': 0, 'Nallah': 0, 'Retrofitting': 0, 'Pond': 0, 'Pokhari': 0, 'D/C': 0, 'Recharge shaft': 0, 'LFB': 0, 'RFB': 0}","{'Floodlight': 0, 'Flood Light': 0, 'GAS': 0, 'FIFA': 0, 'pipe': 0, 'pipes': 0, 'covid': 0, 'supply': 0, 'Beautification': 0, 'Installation': 0}",Pre-Monsoon,,False,True,Repair and Restoration,"{'Construction': 2, 'Drain': 2}"
2025_ORULB_109266_8,EONM-02/2024-25,Construction of Drain with Paver Block Road at Padhy Gully in Ward No-05,CIVIL WORK,Works,Open Tender,Percentage,Civil Works - Others,No,No,NA ,10-Jan-2025 11:00 AM,NA ,180.0,No ,No,Online,21-Jan-2025 11:00 AM,Municipal Bodies||Nabarangpur Municipality,Nabarangpur Municipality,764059.0,1.0,"4,09,447",DAYANIDHI BHATARA,"368,543",Accepted-AOC,31-Jul-2026,Municipal Bodies||Nabarangpur Municipality,True,"{'Flood': 0, 'Embankment': 0, 'embkt': 0, 'Relief': 0, 'Erosion': 0, 'SDRF': 0, 'Inundation': 0, 'Hydrology': 0, 'Silt': 0, 'Siltation': 0, 'Bund': 0, 'Trench': 0, 'Breach': 0, 'Culvert': 0, 'Sluice': 0, 'Dyke': 0, 'Storm water drain': 0, 'Emergency': 0, 'Immediate': 0, 'IM': 0, 'AE': 0, 'A E': 0, 'AAPDA MITRA': 0, 'flood': 0, 'Bridge': 0, 'River': 0, 'Drain': 1, 'Restoration': 0, 'Protection': 0, 'irr': 0, 'irrigation': 0, 'dam': 0, 'Nallah': 0, 'Retrofitting': 0, 'Pond': 0, 'Pokhari': 0, 'D/C': 0, 'Recharge shaft': 0, 'LFB': 0, 'RFB': 0}","{'Floodlight': 0, 'Flood Light': 0, 'GAS': 0, 'FIFA': 0, 'pipe': 0, 'pipes': 0, 'covid': 0, 'supply': 0, 'Beautification': 0, 'Installation': 0}",Post-Monsoon,,False,True,Repair and Restoration,"{'Construction': 1, 'Drain': 1}"
2026_EICCL_124249_1,CE-BRIDGES-13/2025-26,Construction of H. L. Bridge over river Gunfa at Ch.31.900km of Chipat Junction to Baripada Baghra road in the District of Mayurbhanj under State Plan for the year 2024-25,Construction of H. L. Bridge over river Gunfa at Ch.31.900km of Chipat Junction to Baripada Baghra road in the District of Mayurbhanj under State Plan for the year 2024-25,Works,Open Tender,Percentage,Civil Works - Bridges,No,No,NA ,19-Jan-2026 10:00 AM,NA ,90.0,No ,No,Online,05-Feb-2026 11:30 AM,EIC-CIVIL||EIC-CIVIL,in the District of Mayurbhanj,751001.0,2.0,"12,56,49,136",MANASA KU TRIPATHY,"113,096,787",Rejected-Technical,20-Jul-2026,EIC-CIVIL||EIC-CIVIL,True,"{'Flood': 0, 'Embankment': 0, 'embkt': 0, 'Relief': 0, 'Erosion': 0, 'SDRF': 0, 'Inundation': 0, 'Hydrology': 0, 'Silt': 0, 'Siltation': 0, 'Bund': 0, 'Trench': 0, 'Breach': 0, 'Culvert': 0, 'Sluice': 0, 'Dyke': 0, 'Storm water drain': 0, 'Emergency': 0, 'Immediate': 0, 'IM': 0, 'AE': 0, 'A E': 0, 'AAPDA MITRA': 0, 'flood': 0, 'Bridge': 2, 'River': 2, 'Drain': 0, 'Restoration': 0, 'Protection': 0, 'irr': 0, 'irrigation': 0, 'dam': 0, 'Nallah': 0, 'Retrofitting': 0, 'Pond': 0, 'Pokhari': 0, 'D/C': 0, 'Recharge shaft': 0, 'LFB': 0, 'RFB': 0}","{'Floodlight': 0, 'Flood Light': 0, 'GAS': 0, 'FIFA': 0, 'pipe': 0, 'pipes': 0, 'covid': 0, 'supply': 0, 'Beautification': 0, 'Installation': 0}",Post-Monsoon,,False,True,Repair and Restoration,"{'Construction': 2, 'Bridge': 2}"
2026_CEMIB_124862_1,Bid ID No. 09 SEMID (KJR/ 2025-2026) Dt. 08.01.2026,Construction of Murusuan Check Dam over Rakumu Nallah near village Murusuan in Banspal Block of Keonjhar District under MATY for the year 2025-2026,Construction of Murusuan Check Dam over Rakumu Nallah near village Murusuan in Banspal Block of Keonjhar District under MATY for the year 2025-2026,Works,National Competitive Bid,Percentage,Civil Works - Others,No,No,NA ,20-Jan-2026 01:00 PM,NA ,90.0,No ,No,Online,30-Jan-2026 11:00 AM,"CE,Minor Irrigation,BBSR||SE,Eastern Minor Irr.Circle,Keonjhar||EE M.I. Division Keonjhar",Banspal Block of Keonjhar District,758001.0,2.0,"57,99,000",BINAY KUMAR MISHRA,"4,581,585.24",Accepted-AOC,28-Jul-2026,"CE,Minor Irrigation,BBSR||SE,Eastern Minor Irr.Circle,Keonjhar||EE M.I. Division Keonjhar",True,"{'Flood': 0, 'Embankment': 0, 'embkt': 0, 'Relief': 0, 'Erosion': 0, 'SDRF': 0, 'Inundation': 0, 'Hydrology': 0, 'Silt': 0, 'Siltation': 0, 'Bund': 0, 'Trench': 0, 'Breach': 0, 'Culvert': 0, 'Sluice': 0, 'Dyke': 0, 'Storm water drain': 0, 'Emergency': 0, 'Immediate': 0, 'IM': 0, 'AE': 0, 'A E': 0, 'AAPDA MITRA': 0, 'flood': 0, 'Bridge': 0, 'River': 0, 'Drain': 0, 'Restoration': 0, 'Protection': 0, 'irr': 0, 'irrigation': 0, 'dam': 2, 'Nallah': 2, 'Retrofitting': 0, 'Pond': 0, 'Pokhari': 0, 'D/C': 0, 'Recharge shaft': 0, 'LFB': 0, 'RFB': 0}","{'Floodlight': 0, 'Flood Light': 0, 'GAS': 0, 'FIFA': 0, 'pipe': 0, 'pipes': 0, 'covid': 0, 'supply': 0, 'Beautification': 0, 'Installation': 0}",Post-Monsoon,,False,False,Repair and Restoration,"{'Check Dam': 2, 'Construction': 2}"
2026_ORULB_129180_4,12/SMC_SBP/2026-27,"Construction of Paver road and Drain from Adabar house to Baikuntha Pal House, Parbati Vihar Ward No 29","Construction of Paver road and Drain from Adabar house to Baikuntha Pal House, Parbati Vihar Ward No 29",Works,Open Tender,Percentage,Civil Works - Others,No,No,NA ,14-May-2026 11:00 AM,NA ,90.0,No ,No,Online,26-May-2026 11:00 AM,Municipal Bodies||Sambalpur Municipal Corporation,SAMBALPUR MUNICIPAL CORPORATION,768006.0,1.0,"12,68,824",BIJAYA RANI BOSE,"1,268,807",Rejected-Technical,15-Jul-2026,Municipal Bodies||Sambalpur Municipal Corporation,True,"{'Flood': 0, 'Embankment': 0, 'embkt': 0, 'Relief': 0, 'Erosion': 0, 'SDRF': 0, 'Inundation': 0, 'Hydrology': 0, 'Silt': 0, 'Siltation': 0, 'Bund': 0, 'Trench': 0, 'Breach': 0, 'Culvert': 0, 'Sluice': 0, 'Dyke': 0, 'Storm water drain': 0, 'Emergency': 0, 'Immediate': 0, 'IM': 0, 'AE': 0, 'A E': 0, 'AAPDA MITRA': 0, 'flood': 0, 'Bridge': 0, 'River': 0, 'Drain': 2, 'Restoration': 0, 'Protection': 0, 'irr': 0, 'irrigation': 0, 'dam': 0, 'Nallah': 0, 'Retrofitting': 0, 'Pond': 0, 'Pokhari': 0, 'D/C': 0, 'Recharge shaft': 0, 'LFB': 0, 'RFB': 0}","{'Floodlight': 0, 'Flood Light': 0, 'GAS': 0, 'FIFA': 0, 'pipe': 0, 'pipes': 0, 'covid': 0, 'supply': 0, 'Beautification': 0, 'Installation': 0}",Pre-Monsoon,,False,True,Repair and Restoration,"{'Construction': 2, 'Drain': 2}"
2025_ORULB_115623_15,JM-01/2025-26,Construction of drain with Cover slab from Sadhu Charan Sundi House to Birendra Mehta House Ward No04 Joda Municipality 15th FC Untied,WORKS,Works,Open Tender,Percentage,Civil Works - Others,No,No,NA ,17-Jul-2025 10:00 AM,NA ,120.0,No ,No,Online,31-Jul-2025 11:00 AM,Municipal Bodies||Joda Municipality,JODA MUNICIPALITY AT PO BANEIKALA JODA KEONJHAR,758038.0,1.0,"4,24,107",PRAKASH CHANDRA DAS,"500,000",Accepted-AOC,16-Jul-2026,Municipal Bodies||Joda Municipality,True,"{'Flood': 0, 'Embankment': 0, 'embkt': 0, 'Relief': 0, 'Erosion': 0, 'SDRF': 0, 'Inundation': 0, 'Hydrology': 0, 'Silt': 0, 'Siltation': 0, 'Bund': 0, 'Trench': 0, 'Breach': 0, 'Culvert': 0, 'Sluice': 0, 'Dyke': 0, 'Storm water drain': 0, 'Emergency': 0, 'Immediate': 0, 'IM': 0, 'AE': 0, 'A E': 0, 'AAPDA MITRA': 0, 'flood': 0, 'Bridge': 0, 'River': 0, 'Drain': 1, 'Restoration': 0, 'Protection': 0, 'irr': 0, 'irrigation': 0, 'dam': 0, 'Nallah': 0, 'Retrofitting': 0, 'Pond': 0, 'Pokhari': 0, 'D/C': 0, 'Recharge shaft': 0, 'LFB': 0, 'RFB': 0}","{'Floodlight': 0, 'Flood Light': 0, 'GAS': 0, 'FIFA': 0, 'pipe': 0, 'pipes': 0, 'covid': 0, 'supply': 0, 'Beautification': 0, 'Installation': 0}",Monsoon,,False,True,Repair and Restoration,"{'Construction': 1, 'Drain': 1}"
2026_CEDC_128353_1,EE-DD-CTC-02/2026-27 / EE-DD-CTC-05/2026-27,Slope protection work of Gobari Drainage Channel near village Paikarapur under Mahanga Block in Cuttack District.,Slope protection work of Gobari Drainage Channel near village Paikarapur under Mahanga Block in Cuttack District.,Works,Open Tender,Percentage,Civil Works - Others,No,No,NA ,22-Apr-2026 11:00 AM,NA ,90.0,No ,No,Online,08-May-2026 11:30 AM,"CE,Drainage,Cuttack||SE,Drainage,Cuttack",Mahanga Block,754206.0,2.0,"83,93,954",Ankit Das,"7,092,891",Accepted-AOC,18-Jul-2026,"CE,Drainage,Cuttack||SE,Drainage,Cuttack",True,"{'Flood': 0, 'Embankment': 0, 'embkt': 0, 'Relief': 0, 'Erosion': 0, 'SDRF': 0, 'Inundation': 0, 'Hydrology': 0, 'Silt': 0, 'Siltation': 0, 'Bund': 0, 'Trench': 0, 'Breach': 0, 'Culvert': 0, 'Sluice': 0, 'Dyke': 0, 'Storm water drain': 0, 'Emergency': 0, 'Immediate': 0, 'IM': 0, 'AE': 0, 'A E': 0, 'AAPDA MITRA': 0, 'flood': 0, 'Bridge': 0, 'River': 0, 'Drain': 0, 'Restoration': 0, 'Protection': 2, 'irr': 0, 'irrigation': 0, 'dam': 0, 'Nallah': 0, 'Retrofitting': 0, 'Pond': 0, 'Pokhari': 0, 'D/C': 0, 'Recharge shaft': 0, 'LFB': 0, 'RFB': 0}","{'Floodlight': 0, 'Flood Light': 0, 'GAS': 0, 'FIFA': 0, 'pipe': 0, 'pipes': 0, 'covid': 0, 'supply': 0, 'Beautification': 0, 'Installation': 0}",Pre-Monsoon,,False,False,Preparedness Measures,{'Protection': 2}
2025_ORULB_120762_6,PM_03/2025-26,Construction of RCC drain With Cover Slab from Transformer chhaka to Ramanath Rout house in ward No-5,Construction of RCC drain With Cover Slab from Transformer chhaka to Ramanath Rout house in ward No-5,Works,Open Tender,Percentage,Civil Works - Others,No,No,NA ,04-Nov-2025 05:00 PM,NA ,90.0,No ,No,Online,15-Nov-2025 11:00 AM,Municipal Bodies||Pattamundai Municipality,Executive Officer Pattamundai Municipality,754215.0,1.0,"16,39,615",RUPADARSHI PRADHAN,"1,644,728",Rejected-AOC,25-Jul-2026,Municipal Bodies||Pattamundai Municipality,True,"{'Flood': 0, 'Embankment': 0, 'embkt': 0, 'Relief': 0, 'Erosion': 0, 'SDRF': 0, 'Inundation': 0, 'Hydrology': 0, 'Silt': 0, 'Siltation': 0, 'Bund': 0, 'Trench': 0, 'Breach': 0, 'Culvert': 0, 'Sluice': 0, 'Dyke': 0, 'Storm water drain': 0, 'Emergency': 0, 'Immediate': 0, 'IM': 0, 'AE': 0, 'A E': 0, 'AAPDA MITRA': 0, 'flood': 0, 'Bridge': 0, 'River': 0, 'Drain': 2, 'Restoration': 0, 'Protection': 0, 'irr': 0, 'irrigation': 0, 'dam': 0, 'Nallah': 0, 'Retrofitting': 0, 'Pond': 0, 'Pokhari': 0, 'D/C': 0, 'Recharge shaft': 0, 'LFB': 0, 'RFB': 0}","{'Floodlight': 0, 'Flood Light': 0, 'GAS': 0, 'FIFA': 0, 'pipe': 0, 'pipes': 0, 'covid': 0, 'supply': 0, 'Beautification': 0, 'Installation': 0}",Post-Monsoon,,False,True,Repair and Restoration,"{'Construction': 2, 'Drain': 2}"
2026_CEBMB_129576_3,SE-HID-ADV-03/2026-27,"M/R to Harapriya S/M, Dhaupada S/M, Durgamadhapur S/M, Chasmahuli Minor and Bandhaguda S/M Under Harabhangi Irrigation Project.",DESILTING OF CANAL WORK,Works,National Competitive Bid,Percentage,Civil Works - Others,No,No,NA ,25-May-2026 11:00 AM,NA ,90.0,No ,No,Online,06-Jun-2026 11:00 AM,"CE-BM,RVN Basin,Berhampur||SE Southern Irr Circle II Paralakhemundi||EE Harabhangi Irr Divn Adava",BADAGADA,761109.0,1.0,"6,16,722",Prasanta Kumar Pattnayak,"616,722.461",Rejected-AOC,01-Jul-2026,"CE-BM,RVN Basin,Berhampur||SE Southern Irr Circle II Paralakhemundi||EE Harabhangi Irr Divn Adava",True,"{'Flood': 0, 'Embankment': 0, 'embkt': 0, 'Relief': 0, 'Erosion': 0, 'SDRF': 0, 'Inundation': 0, 'Hydrology': 0, 'Silt': 0, 'Siltation': 0, 'Bund': 0, 'Trench': 0, 'Breach': 0, 'Culvert': 0, 'Sluice': 0, 'Dyke': 0, 'Storm water drain': 0, 'Emergency': 0, 'Immediate': 0, 'IM': 0, 'AE': 0, 'A E': 0, 'AAPDA MITRA': 0, 'flood': 0, 'Bridge': 0, 'River': 0, 'Drain': 0, 'Restoration': 0, 'Protection': 0, 'irr': 0, 'irrigation': 1, 'dam': 0, 'Nallah': 0, 'Retrofitting': 0, 'Pond': 0, 'Pokhari': 0, 'D/C': 0, 'Recharge shaft': 0, 'LFB': 0, 'RFB': 0}","{'Floodlight': 0, 'Flood Light': 0, 'GAS': 0, 'FIFA': 0, 'pipe': 0, 'pipes': 0, 'covid': 0, 'supply': 0, 'Beautification': 0, 'Installation': 0}",Pre-Monsoon,,False,False,Others,
2026_CERWI_126482_1,Tender Online RCK-03/26,Construction of Irrigation Embankment to Kabatabandha Medical in the Dist. of Jajpur for the year 2025-26.,Construction of road works,Works,National Competitive Bid,Percentage,Civil Works - Roads,No,No,NA ,23-Feb-2026 05:00 PM,NA ,90.0,No ,No,Online,06-Mar-2026 11:00 AM,CE RW I||RWCIRCLE-KENDRAPARA,Jajpur,755001.0,2.0,"3,11,10,026",Bijaya Kumar Nayak,"32,102,436",Accepted-AOC,03-Jul-2026,CE RW I||RWCIRCLE-KENDRAPARA,True,"{'Flood': 0, 'Embankment': 1, 'embkt': 0, 'Relief': 0, 'Erosion': 0, 'SDRF': 0, 'Inundation': 0, 'Hydrology': 0, 'Silt': 0, 'Siltation': 0, 'Bund': 0, 'Trench': 0, 'Breach': 0, 'Culvert': 0, 'Sluice': 0, 'Dyke': 0, 'Storm water drain': 0, 'Emergency': 0, 'Immediate': 0, 'IM': 0, 'AE': 0, 'A E': 0, 'AAPDA MITRA': 0, 'flood': 0, 'Bridge': 0, 'River': 0, 'Drain': 0, 'Restoration': 0, 'Protection': 0, 'irr': 0, 'irrigation': 1, 'dam': 0, 'Nallah': 0, 'Retrofitting': 0, 'Pond': 0, 'Pokhari': 0, 'D/C': 0, 'Recharge shaft': 0, 'LFB': 0, 'RFB': 0}","{'Floodlight': 0, 'Flood Light': 0, 'GAS': 0, 'FIFA': 0, 'pipe': 0, 'pipes': 0, 'covid': 0, 'supply': 0, 'Beautification': 0, 'Installation': 0}",Post-Monsoon,,False,True,Repair and Restoration,{'Construction': 2}
2026_ORULB_128333_14,MC(CMC)CTC_Div-I_No.1/2026-27,Construction of Seven Nos of culvert from Ganga Mandir to Kaji Bazar in Ward No. 13.,Construction of Seven Nos of culvert from Ganga Mandir to Kaji Bazar in Ward No. 13.,Works,Open Tender,Percentage,Civil Works - Others,No,No,NA ,23-Apr-2026 01:00 PM,NA ,90.0,No ,No,Online,07-May-2026 11:00 AM,Municipal Bodies||Cuttack Municipal Corporation,CMC,753012.0,1.0,"15,10,400",SHIBA SANKAR SETHI,"1,510,371",Rejected-AOC,21-Jul-2026,Municipal Bodies||Cuttack Municipal Corporation,True,"{'Flood': 0, 'Embankment': 0, 'embkt': 0, 'Relief': 0, 'Erosion': 0, 'SDRF': 0, 'Inundation': 0, 'Hydrology': 0, 'Silt': 0, 'Siltation': 0, 'Bund': 0, 'Trench': 0, 'Breach': 0, 'Culvert': 2, 'Sluice': 0, 'Dyke': 0, 'Storm water drain': 0, 'Emergency': 0, 'Immediate': 0, 'IM': 0, 'AE': 0, 'A E': 0, 'AAPDA MITRA': 0, 'flood': 0, 'Bridge': 0, 'River': 0, 'Drain': 0, 'Restoration': 0, 'Protection': 0, 'irr': 0, 'irrigation': 0, 'dam': 0, 'Nallah': 0, 'Retrofitting': 0, 'Pond': 0, 'Pokhari': 0, 'D/C': 0, 'Recharge shaft': 0, 'LFB': 0, 'RFB': 0}","{'Floodlight': 0, 'Flood Light': 0, 'GAS': 0, 'FIFA': 0, 'pipe': 0, 'pipes': 0, 'covid': 0, 'supply': 0, 'Beautification': 0, 'Installation': 0}",Pre-Monsoon,,False,True,Repair and Restoration,{'Construction': 2}
2026_CEBMB_129576_2,SE-HID-ADV-03/2026-27,"M/r to Bakharakota minor, Ullamba S/M I and II and Bakharakota S/M, Baharapur S/M I and II under Harabhangi Irrigation Project.",DESILTING OF CANAL WORK,Works,National Competitive Bid,Percentage,Civil Works - Others,No,No,NA ,25-May-2026 11:00 AM,NA ,90.0,No ,No,Online,06-Jun-2026 11:00 AM,"CE-BM,RVN Basin,Berhampur||SE Southern Irr Circle II Paralakhemundi||EE Harabhangi Irr Divn Adava",BADAGADA,761109.0,1.0,"9,84,675",Susanta Kumar Mahapatra,"984,675",Rejected-AOC,22-Jun-2026,"CE-BM,RVN Basin,Berhampur||SE Southern Irr Circle II Paralakhemundi||EE Harabhangi Irr Divn Adava",True,"{'Flood': 0, 'Embankment': 0, 'embkt': 0, 'Relief': 0, 'Erosion': 0, 'SDRF': 0, 'Inundation': 0, 'Hydrology': 0, 'Silt': 0, 'Siltation': 0, 'Bund': 0, 'Trench': 0, 'Breach': 0, 'Culvert': 0, 'Sluice': 0, 'Dyke': 0, 'Storm water drain': 0, 'Emergency': 0, 'Immediate': 0, 'IM': 0, 'AE': 0, 'A E': 0, 'AAPDA MITRA': 0, 'flood': 0, 'Bridge': 0, 'River': 0, 'Drain': 0, 'Restoration': 0, 'Protection': 0, 'irr': 0, 'irrigation': 1, 'dam': 0, 'Nallah': 0, 'Retrofitting': 0, 'Pond': 0, 'Pokhari': 0, 'D/C': 0, 'Recharge shaft': 0, 'LFB': 0, 'RFB': 0}","{'Floodlight': 0, 'Flood Light': 0, 'GAS': 0, 'FIFA': 0, 'pipe': 0, 'pipes': 0, 'covid': 0, 'supply': 0, 'Beautification': 0, 'Installation': 0}",Pre-Monsoon,,False,False,Others,
2025_ORULB_115623_14,JM-01/2025-26,Construction of drain with cover slab from Sagar Sahoo House to Sahid Khan House at Hudi Sahi Ward No03 Joda Municipality SFC Strom water drainage,WORKS,Works,Open Tender,Percentage,Civil Works - Others,No,No,NA ,17-Jul-2025 10:00 AM,NA ,120.0,No ,No,Online,31-Jul-2025 11:00 AM,Municipal Bodies||Joda Municipality,JODA MUNICIPALITY AT PO BANEIKALA JODA KEONJHAR,758038.0,1.0,"8,47,465",SRI AJAY SINHA,"1,000,000",Rejected-AOC,28-Jul-2026,Municipal Bodies||Joda Municipality,True,"{'Flood': 0, 'Embankment': 0, 'embkt': 0, 'Relief': 0, 'Erosion': 0, 'SDRF': 0, 'Inundation': 0, 'Hydrology': 0, 'Silt': 0, 'Siltation': 0, 'Bund': 0, 'Trench': 0, 'Breach': 0, 'Culvert': 0, 'Sluice': 0, 'Dyke': 0, 'Storm water drain': 0, 'Emergency': 0, 'Immediate': 0, 'IM': 0, 'AE': 0, 'A E': 0, 'AAPDA MITRA': 0, 'flood': 0, 'Bridge': 0, 'River': 0, 'Drain': 1, 'Restoration': 0, 'Protection': 0, 'irr': 0, 'irrigation': 0, 'dam': 0, 'Nallah': 0, 'Retrofitting': 0, 'Pond': 0, 'Pokhari': 0, 'D/C': 0, 'Recharge shaft': 0, 'LFB': 0, 'RFB': 0}","{'Floodlight': 0, 'Flood Light': 0, 'GAS': 0, 'FIFA': 0, 'pipe': 0, 'pipes': 0, 'covid': 0, 'supply': 0, 'Beautification': 0, 'Installation': 0}",Monsoon,,False,True,Repair and Restoration,"{'Construction': 1, 'Drain': 1}"
2026_ORULB_124262_4,CMC)CTC_Div-IIINo.35/25-26,Construction of RCC drain from Rabindranath Mohanty res. to Manu Kar Apartment at Mahanadi Vihar in ward no-47.,Construction of RCC drain from Rabindranath Mohanty res. to Manu Kar Apartment at Mahanadi Vihar in ward no-47.,Works,Open Tender,Percentage,Civil Works - Others,No,No,NA ,27-Feb-2026 02:00 PM,NA ,105.0,No ,No,Online,18-Mar-2026 10:00 AM,Municipal Bodies||Cuttack Municipal Corporation,CMC,753012.0,1.0,"18,48,720",ARPITA PRADHAN,"1,848,720",Accepted-AOC,25-Jul-2026,Municipal Bodies||Cuttack Municipal Corporation,True,"{'Flood': 0, 'Embankment': 0, 'embkt': 0, 'Relief': 0, 'Erosion': 0, 'SDRF': 0, 'Inundation': 0, 'Hydrology': 0, 'Silt': 0, 'Siltation': 0, 'Bund': 0, 'Trench': 0, 'Breach': 0, 'Culvert': 0, 'Sluice': 0, 'Dyke': 0, 'Storm water drain': 0, 'Emergency': 0, 'Immediate': 0, 'IM': 0, 'AE': 0, 'A E': 0, 'AAPDA MITRA': 0, 'flood': 0, 'Bridge': 0, 'River': 0, 'Drain': 2, 'Restoration': 0, 'Protection': 0, 'irr': 0, 'irrigation': 0, 'dam': 0, 'Nallah': 0, 'Retrofitting': 0, 'Pond': 0, 'Pokhari': 0, 'D/C': 0, 'Recharge shaft': 0, 'LFB': 0, 'RFB': 0}","{'Floodlight': 0, 'Flood Light': 0, 'GAS': 0, 'FIFA': 0, 'pipe': 0, 'pipes': 0, 'covid': 0, 'supply': 0, 'Beautification': 0, 'Installation': 0}",Post-Monsoon,,False,True,Repair and Restoration,"{'Construction': 2, 'Drain': 2}"
2026_CEMIB_127642_1,Bid Identification No.- 21 / MIDA / 2025-26,Construction of Ghumudusahi Check Dam(In-Stream storage structures) In Harichandanpur Block in Keronjhar district Under MATY Scheme For The Year 2025-26,Construction of Ghumudusahi Check Dam(In-Stream storage structures) In Harichandanpur Block in Keronjhar district Under MATY Scheme For The Year 2025-26,Works,Open Tender,Percentage,Civil Works - Others,No,No,NA ,26-Mar-2026 10:00 AM,NA ,90.0,No ,No,Online,06-Apr-2026 10:00 AM,"CE,Minor Irrigation,BBSR||SE,Eastern Minor Irr.Circle,Keonjhar||M I Division Anandapur",HARICHANDANPUR,758020.0,1.0,"36,60,000",BIJAY KUMAR MISHRA,"3,254,005.47",Rejected-Finance,11-Jul-2026,"CE,Minor Irrigation,BBSR||SE,Eastern Minor Irr.Circle,Keonjhar||M I Division Anandapur",True,"{'Flood': 0, 'Embankment': 0, 'embkt': 0, 'Relief': 0, 'Erosion': 0, 'SDRF': 0, 'Inundation': 0, 'Hydrology': 0, 'Silt': 0, 'Siltation': 0, 'Bund': 0, 'Trench': 0, 'Breach': 0, 'Culvert': 0, 'Sluice': 0, 'Dyke': 0, 'Storm water drain': 0, 'Emergency': 0, 'Immediate': 0, 'IM': 0, 'AE': 0, 'A E': 0, 'AAPDA MITRA': 0, 'flood': 0, 'Bridge': 0, 'River': 0, 'Drain': 0, 'Restoration': 0, 'Protection': 0, 'irr': 0, 'irrigation': 0, 'dam': 2, 'Nallah': 0, 'Retrofitting': 0, 'Pond': 0, 'Pokhari': 0, 'D/C': 0, 'Recharge shaft': 0, 'LFB': 0, 'RFB': 0}","{'Floodlight': 0, 'Flood Light': 0, 'GAS': 0, 'FIFA': 0, 'pipe': 0, 'pipes': 0, 'covid': 0, 'supply': 0, 'Beautification': 0, 'Installation': 0}",Pre-Monsoon,,False,False,Repair and Restoration,"{'Check Dam': 2, 'Construction': 2}"
2026_ORULB_128734_17,SNP-MUN-37/2026-27,Construction of Drain from inlet point to Birsagara Tank in ward no-9.,Construction of Drain from inlet point to Birsagara Tank in ward no-9.,Works,Open Tender,Percentage,Civil Works - Others,No,No,NA ,05-May-2026 11:00 AM,NA ,60.0,No ,No,Online,16-May-2026 11:00 AM,Municipal Bodies||Sonepur Municipal Council,Sonepur Municipality,767017.0,1.0,"12,71,261",Reshmarani Sahu,"1,271,261",Rejected-Technical,20-Jul-2026,Municipal Bodies||Sonepur Municipal Council,True,"{'Flood': 0, 'Embankment': 0, 'embkt': 0, 'Relief': 0, 'Erosion': 0, 'SDRF': 0, 'Inundation': 0, 'Hydrology': 0, 'Silt': 0, 'Siltation': 0, 'Bund': 0, 'Trench': 0, 'Breach': 0, 'Culvert': 0, 'Sluice': 0, 'Dyke': 0, 'Storm water drain': 0, 'Emergency': 0, 'Immediate': 0, 'IM': 0, 'AE': 0, 'A E': 0, 'AAPDA MITRA': 0, 'flood': 0, 'Bridge': 0, 'River': 0, 'Drain': 2, 'Restoration': 0, 'Protection': 0, 'irr': 0, 'irrigation': 0, 'dam': 0, 'Nallah': 0, 'Retrofitting': 0, 'Pond': 0, 'Pokhari': 0, 'D/C': 0, 'Recharge shaft': 0, 'LFB': 0, 'RFB': 0}","{'Floodlight': 0, 'Flood Light': 0, 'GAS': 0, 'FIFA': 0, 'pipe': 0, 'pipes': 0, 'covid': 0, 'supply': 0, 'Beautification': 0, 'Installation': 0}",Pre-Monsoon,,False,True,Repair and Restoration,"{'Construction': 2, 'Drain': 2}"
2026_ORULB_127812_1,MC(CMC)CTC_Div-IIiNo1/2026-27,Construction of road and RCC drain with cover slab from Sukadev Das residence to Sk. Allaudin residence Majhi Sahi Jobra in Ward No.40.,Construction of road and RCC drain with cover slab from Sukadev Das residence to Sk. Allaudin residence Majhi Sahi Jobra in Ward No.40.,Works,Open Tender,Percentage,Civil Works - Others,No,No,NA ,13-Apr-2026 03:45 PM,NA ,45.0,No ,No,Online,27-Apr-2026 10:00 AM,Municipal Bodies||Cuttack Municipal Corporation,CMC,753012.0,1.0,"2,78,615",SUBHALAXMI DAS,"278,615",Rejected-AOC,03-Jul-2026,Municipal Bodies||Cuttack Municipal Corporation,True,"{'Flood': 0, 'Embankment': 0, 'embkt': 0, 'Relief': 0, 'Erosion': 0, 'SDRF': 0, 'Inundation': 0, 'Hydrology': 0, 'Silt': 0, 'Siltation': 0, 'Bund': 0, 'Trench': 0, 'Breach': 0, 'Culvert': 0, 'Sluice': 0, 'Dyke': 0, 'Storm water drain': 0, 'Emergency': 0, 'Immediate': 0, 'IM': 0, 'AE': 0, 'A E': 0, 'AAPDA MITRA': 0, 'flood': 0, 'Bridge': 0, 'River': 0, 'Drain': 2, 'Restoration': 0, 'Protection': 0, 'irr': 0, 'irrigation': 0, 'dam': 0, 'Nallah': 0, 'Retrofitting': 0, 'Pond': 0, 'Pokhari': 0, 'D/C': 0, 'Recharge shaft': 0, 'LFB': 0, 'RFB': 0}","{'Floodlight': 0, 'Flood Light': 0, 'GAS': 0, 'FIFA': 0, 'pipe': 0, 'pipes': 0, 'covid': 0, 'supply': 0, 'Beautification': 0, 'Installation': 0}",Pre-Monsoon,,False,True,Repair and Restoration,"{'Construction': 2, 'Drain': 2}"
2025_ORULB_123980_4,KMPLTY/07/2025-26,Repair and Restoration of Open Space in front of Town Hall in W.No. 14,Repair and Restoration of Open Space in front of Town Hall in W.No. 14,Works,Open Tender,Percentage,Civil Works - Others,No,No,NA ,01-Jan-2026 11:00 AM,NA ,30.0,No ,No,Online,13-Jan-2026 11:00 AM,Municipal Bodies||Khordha Municipality,Khordha Municipality,752055.0,1.0,"15,10,390",AMARESH KUMAR PRADHAN,"1,510,390",Accepted-AOC,06-Jul-2026,Municipal Bodies||Khordha Municipality,True,"{'Flood': 0, 'Embankment': 0, 'embkt': 0, 'Relief': 0, 'Erosion': 0, 'SDRF': 0, 'Inundation': 0, 'Hydrology': 0, 'Silt': 0, 'Siltation': 0, 'Bund': 0, 'Trench': 0, 'Breach': 0, 'Culvert': 0, 'Sluice': 0, 'Dyke': 0, 'Storm water drain': 0, 'Emergency': 0, 'Immediate': 0, 'IM': 0, 'AE': 0, 'A E': 0, 'AAPDA MITRA': 0, 'flood': 0, 'Bridge': 0, 'River': 0, 'Drain': 0, 'Restoration': 2, 'Protection': 0, 'irr': 0, 'irrigation': 0, 'dam': 0, 'Nallah': 0, 'Retrofitting': 0, 'Pond': 0, 'Pokhari': 0, 'D/C': 0, 'Recharge shaft': 0, 'LFB': 0, 'RFB': 0}","{'Floodlight': 0, 'Flood Light': 0, 'GAS': 0, 'FIFA': 0, 'pipe': 0, 'pipes': 0, 'covid': 0, 'supply': 0, 'Beautification': 0, 'Installation': 0}",Post-Monsoon,,False,False,Repair and Restoration,"{'repair': 2, 'restoration': 2}"
2026_ORULB_127372_6,ODULB_KGM_22/2025-2026,Construction of Drain with cover slab from Nihal Singh chhaka to Janstanganj School in Ward No-05,Construction of Drain with cover slab from Nihal Singh chhaka to Janstanganj School in Ward No-05,Works,Open Tender,Percentage,Civil Works - Others,No,No,NA ,19-Mar-2026 11:00 AM,NA ,120.0,No ,No,Online,31-Mar-2026 11:00 AM,Municipal Bodies||Keonjhargarh Municipal Council,KEONJHAR,758001.0,1.0,"12,00,000",BIJAYA KUMAR BEHERA,"995,721.54",Accepted-AOC,20-Jul-2026,Municipal Bodies||Keonjhargarh Municipal Council,True,"{'Flood': 0, 'Embankment': 0, 'embkt': 0, 'Relief': 0, 'Erosion': 0, 'SDRF': 0, 'Inundation': 0, 'Hydrology': 0, 'Silt': 0, 'Siltation': 0, 'Bund': 0, 'Trench': 0, 'Breach': 0, 'Culvert': 0, 'Sluice': 0, 'Dyke': 0, 'Storm water drain': 0, 'Emergency': 0, 'Immediate': 0, 'IM': 0, 'AE': 0, 'A E': 0, 'AAPDA MITRA': 0, 'flood': 0, 'Bridge': 0, 'River': 0, 'Drain': 2, 'Restoration': 0, 'Protection': 0, 'irr': 0, 'irrigation': 0, 'dam': 0, 'Nallah': 0, 'Retrofitting': 0, 'Pond': 0, 'Pokhari': 0, 'D/C': 0, 'Recharge shaft': 0, 'LFB': 0, 'RFB': 0}","{'Floodlight': 0, 'Flood Light': 0, 'GAS': 0, 'FIFA': 0, 'pipe': 0, 'pipes': 0, 'covid': 0, 'supply': 0, 'Beautification': 0, 'Installation': 0}",Pre-Monsoon,,False,True,Repair and Restoration,"{'Construction': 2, 'Drain': 2}"
2026_ORULB_128801_2,MC(CMC)CTC_Div-IINo9/2026-27,Construction of RCC drain from Kesharpur Masjid to Babu Pan shop at Kesharpur in Ward No. 25.,Construction of RCC drain from Kesharpur Masjid to Babu Pan shop at Kesharpur in Ward No. 25.,Works,Open Tender,Percentage,Civil Works - Others,No,No,NA ,21-May-2026 03:00 PM,NA ,90.0,No ,No,Online,04-Jun-2026 11:00 AM,Municipal Bodies||Cuttack Municipal Corporation,CMC,753012.0,1.0,"7,16,700",BDM CONSTRUCTION,"716,625",Accepted-AOC,14-Jul-2026,Municipal Bodies||Cuttack Municipal Corporation,True,"{'Flood': 0, 'Embankment': 0, 'embkt': 0, 'Relief': 0, 'Erosion': 0, 'SDRF': 0, 'Inundation': 0, 'Hydrology': 0, 'Silt': 0, 'Siltation': 0, 'Bund': 0, 'Trench': 0, 'Breach': 0, 'Culvert': 0, 'Sluice': 0, 'Dyke': 0, 'Storm water drain': 0, 'Emergency': 0, 'Immediate': 0, 'IM': 0, 'AE': 0, 'A E': 0, 'AAPDA MITRA': 0, 'flood': 0, 'Bridge': 0, 'River': 0, 'Drain': 2, 'Restoration': 0, 'Protection': 0, 'irr': 0, 'irrigation': 0, 'dam': 0, 'Nallah': 0, 'Retrofitting': 0, 'Pond': 0, 'Pokhari': 0, 'D/C': 0, 'Recharge shaft': 0, 'LFB': 0, 'RFB': 0}","{'Floodlight': 0, 'Flood Light': 0, 'GAS': 0, 'FIFA': 0, 'pipe': 0, 'pipes': 0, 'covid': 0, 'supply': 0, 'Beautification': 0, 'Installation': 0}",Pre-Monsoon,,False,True,Repair and Restoration,"{'Construction': 2, 'Drain': 2}"
2026_CEBBS_128670_15,SE-AID-1/2026-27,Improvement to Aunli Main Canal such as construction of C.C guard wall from RD 2200m to RD 2270m of Aunli Irrigation Project. Working RD 2200m to RD 2273m.,Improvement to Aunli Main Canal such as construction of C.C guard wall from RD 2200m to RD 2270m of Aunli Irrigation Project. Working RD 2200m to RD 2273m.,Works,Open Tender,Percentage,Civil Works - Others,No,No,NA ,02-May-2026 11:00 AM,NA ,90.0,No ,No,Online,12-May-2026 11:00 AM,CE and BM Brahmani Basin Samal||SE Angul Irrigation Circle Angul||EE Angul Irrigation Division Angul,Angul,759143.0,1.0,,ABHISHEK MISHRA,"1,808,229",Rejected-Finance,16-Jun-2026,CE and BM Brahmani Basin Samal||SE Angul Irrigation Circle Angul||EE Angul Irrigation Division Angul,True,"{'Flood': 0, 'Embankment': 0, 'embkt': 0, 'Relief': 0, 'Erosion': 0, 'SDRF': 0, 'Inundation': 0, 'Hydrology': 0, 'Silt': 0, 'Siltation': 0, 'Bund': 0, 'Trench': 0, 'Breach': 0, 'Culvert': 0, 'Sluice': 0, 'Dyke': 0, 'Storm water drain': 0, 'Emergency': 0, 'Immediate': 0, 'IM': 0, 'AE': 0, 'A E': 0, 'AAPDA MITRA': 0, 'flood': 0, 'Bridge': 0, 'River': 0, 'Drain': 0, 'Restoration': 0, 'Protection': 0, 'irr': 0, 'irrigation': 2, 'dam': 0, 'Nallah': 0, 'Retrofitting': 0, 'Pond': 0, 'Pokhari': 0, 'D/C': 0, 'Recharge shaft': 0, 'LFB': 0, 'RFB': 0}","{'Floodlight': 0, 'Flood Light': 0, 'GAS': 0, 'FIFA': 0, 'pipe': 0, 'pipes': 0, 'covid': 0, 'supply': 0, 'Beautification': 0, 'Installation': 0}",Pre-Monsoon,,False,False,Repair and Restoration,"{'improvement': 2, 'Construction': 2}"
2026_CEBMB_128430_2,SE-GID-01/2026-27,Restoration to Left bank of river vansadhara near village Radu,Flood protection,Works,National Competitive Bid,Percentage,Civil Works - Others,No,No,NA ,27-Apr-2026 10:00 AM,NA ,90.0,No ,No,Online,08-May-2026 11:00 AM,"CE-BM,RVN Basin,Berhampur||SE Southern Irr Circle II Paralakhemundi||EE Paralakhemundi Irr Divn Paralakhemundi",Gunupur,765022.0,1.0,"39,64,608",Krushna Chandra Sethi,"3,329,478",Rejected-Finance,24-Jul-2026,"CE-BM,RVN Basin,Berhampur||SE Southern Irr Circle II Paralakhemundi||EE Paralakhemundi Irr Divn Paralakhemundi",True,"{'Flood': 1, 'Embankment': 0, 'embkt': 0, 'Relief': 0, 'Erosion': 0, 'SDRF': 0, 'Inundation': 0, 'Hydrology': 0, 'Silt': 0, 'Siltation': 0, 'Bund': 0, 'Trench': 0, 'Breach': 0, 'Culvert': 0, 'Sluice': 0, 'Dyke': 0, 'Storm water drain': 0, 'Emergency': 0, 'Immediate': 0, 'IM': 0, 'AE': 0, 'A E': 0, 'AAPDA MITRA': 0, 'flood': 1, 'Bridge': 0, 'River': 1, 'Drain': 0, 'Restoration': 1, 'Protection': 1, 'irr': 0, 'irrigation': 0, 'dam': 0, 'Nallah': 0, 'Retrofitting': 0, 'Pond': 0, 'Pokhari': 0, 'D/C': 0, 'Recharge shaft': 0, 'LFB': 0, 'RFB': 0}","{'Floodlight': 0, 'Flood Light': 0, 'GAS': 0, 'FIFA': 0, 'pipe': 0, 'pipes': 0, 'covid': 0, 'supply': 0, 'Beautification': 0, 'Installation': 0}",Pre-Monsoon,,False,False,Repair and Restoration,{'restoration': 1}
2026_CEBMD_132550_1,SERRCD-V-01/2026-27,"Silt clearance and bush cutting from RD 13100mtr to RD 14000mtr of Narasinghpur Branch Canal of RRIP, Dhenkanal",Silt clearance and bush cutting from canal bed,Works,Open Tender,Percentage,Civil Works - Canal,No,No,NA ,23-Jun-2026 10:00 AM,NA ,90.0,No ,No,Online,04-Jul-2026 11:30 AM,"CE-BM,B Right Basin,Dhenkanal||SE, Irr.Circle, Dhenkanal||EE,Rengali Right Canal Divn No. V",Nuasadak,754030.0,1.0,"5,80,617","M/S. AMIT CONSTRUCTION, PROP. AMIT MOHAMANSINGH","580,617.31",Rejected-Finance,21-Jul-2026,"CE-BM,B Right Basin,Dhenkanal||SE, Irr.Circle, Dhenkanal||EE,Rengali Right Canal Divn No. V",True,"{'Flood': 0, 'Embankment': 0, 'embkt': 0, 'Relief': 0, 'Erosion': 0, 'SDRF': 0, 'Inundation': 0, 'Hydrology': 0, 'Silt': 2, 'Siltation': 0, 'Bund': 0, 'Trench': 0, 'Breach': 0, 'Culvert': 0, 'Sluice': 0, 'Dyke': 0, 'Storm water drain': 0, 'Emergency': 0, 'Immediate': 0, 'IM': 0, 'AE': 0, 'A E': 0, 'AAPDA MITRA': 0, 'flood': 0, 'Bridge': 0, 'River': 0, 'Drain': 0, 'Restoration': 0, 'Protection': 0, 'irr': 0, 'irrigation': 0, 'dam': 0, 'Nallah': 0, 'Retrofitting': 0, 'Pond': 0, 'Pokhari': 0, 'D/C': 0, 'Recharge shaft': 0, 'LFB': 0, 'RFB': 0}","{'Floodlight': 0, 'Flood Light': 0, 'GAS': 0, 'FIFA': 0, 'pipe': 0, 'pipes': 0, 'covid': 0, 'supply': 0, 'Beautification': 0, 'Installation': 0}",Monsoon,,False,True,Others,
2026_ORULB_126953_16,EOBRP/07/2025-26,Covering of drain from Pradeep Padhan house to Raghav padhan in ward no 4,Covering of drain from Pradeep Padhan house to Raghav padhan in ward no 4,Works,Open Tender,Percentage,Civil Works - Others,No,No,NA ,07-Mar-2026 11:00 AM,NA ,90.0,No ,No,Online,16-Mar-2026 03:00 PM,Municipal Bodies||Barpali NAC,Barpali,768029.0,1.0,"1,34,700",JITEN SUNA,"107,119.33",Accepted-AOC,17-Jul-2026,Municipal Bodies||Barpali NAC,True,"{'Flood': 0, 'Embankment': 0, 'embkt': 0, 'Relief': 0, 'Erosion': 0, 'SDRF': 0, 'Inundation': 0, 'Hydrology': 0, 'Silt': 0, 'Siltation': 0, 'Bund': 0, 'Trench': 0, 'Breach': 0, 'Culvert': 0, 'Sluice': 0, 'Dyke': 0, 'Storm water drain': 0, 'Emergency': 0, 'Immediate': 0, 'IM': 0, 'AE': 0, 'A E': 0, 'AAPDA MITRA': 0, 'flood': 0, 'Bridge': 0, 'River': 0, 'Drain': 2, 'Restoration': 0, 'Protection': 0, 'irr': 0, 'irrigation': 0, 'dam': 0, 'Nallah': 0, 'Retrofitting': 0, 'Pond': 0, 'Pokhari': 0, 'D/C': 0, 'Recharge shaft': 0, 'LFB': 0, 'RFB': 0}","{'Floodlight': 0, 'Flood Light': 0, 'GAS': 0, 'FIFA': 0, 'pipe': 0, 'pipes': 0, 'covid': 0, 'supply': 0, 'Beautification': 0, 'Installation': 0}",Pre-Monsoon,,False,True,Repair and Restoration,{'Drain': 2}
2026_CEBMT_128388_6,EEBOD-02/26-27,Slope Protection work to Budhibalanda Nalla in between RD 1200M to RD 1500M Near village Budhibalanda of Gundulia GP under Boudh Block.,River Embankment,Works,Open Tender,Percentage,Civil Works - Others,No,No,NA ,27-Apr-2026 11:00 AM,NA ,90.0,No ,No,Online,14-May-2026 11:00 AM,"CE-BM, Tel Basin,Bhawanipatna||SE Balangir Irr Circle Balangir||EE Boudh Irr Divn Boudh",Boudh,762014.0,2.0,"82,37,000",SANJEEB MEHER,"8,229,403.29",Rejected-Finance,10-Jul-2026,"CE-BM, Tel Basin,Bhawanipatna||SE Balangir Irr Circle Balangir||EE Boudh Irr Divn Boudh",True,"{'Flood': 0, 'Embankment': 1, 'embkt': 0, 'Relief': 0, 'Erosion': 0, 'SDRF': 0, 'Inundation': 0, 'Hydrology': 0, 'Silt': 0, 'Siltation': 0, 'Bund': 0, 'Trench': 0, 'Breach': 0, 'Culvert': 0, 'Sluice': 0, 'Dyke': 0, 'Storm water drain': 0, 'Emergency': 0, 'Immediate': 0, 'IM': 0, 'AE': 0, 'A E': 0, 'AAPDA MITRA': 0, 'flood': 0, 'Bridge': 0, 'River': 1, 'Drain': 0, 'Restoration': 0, 'Protection': 1, 'irr': 0, 'irrigation': 0, 'dam': 0, 'Nallah': 0, 'Retrofitting': 0, 'Pond': 0, 'Pokhari': 0, 'D/C': 0, 'Recharge shaft': 0, 'LFB': 0, 'RFB': 0}","{'Floodlight': 0, 'Flood Light': 0, 'GAS': 0, 'FIFA': 0, 'pipe': 0, 'pipes': 0, 'covid': 0, 'supply': 0, 'Beautification': 0, 'Installation': 0}",Pre-Monsoon,,False,True,Preparedness Measures,{'Protection': 1}
2026_CEBBU_129512_3,MDD-e-02/205-26,"Outside colour painting of Office of the C.E and B.M Mahanadi Basin Burla and S.E Main Dam Division, Burla for the year 2026-27.","Outside colour painting of Office of the C.E and B.M Mahanadi Basin Burla and S.E Main Dam Division, Burla for the year 2026-27.",Works,Open Tender,Percentage,Civil Works - Others,No,No,NA ,20-May-2026 10:00 AM,NA ,90.0,No ,No,Online,30-May-2026 11:00 AM,"CE-BM,UM Basin,Burla",BURLA,768017.0,1.0,"7,34,178",M/s Nutan Mohapatra,"734,178",Rejected-AOC,07-Jul-2026,"CE-BM,UM Basin,Burla",True,"{'Flood': 0, 'Embankment': 0, 'embkt': 0, 'Relief': 0, 'Erosion': 0, 'SDRF': 0, 'Inundation': 0, 'Hydrology': 0, 'Silt': 0, 'Siltation': 0, 'Bund': 0, 'Trench': 0, 'Breach': 0, 'Culvert': 0, 'Sluice': 0, 'Dyke': 0, 'Storm water drain': 0, 'Emergency': 0, 'Immediate': 0, 'IM': 0, 'AE': 0, 'A E': 0, 'AAPDA MITRA': 0, 'flood': 0, 'Bridge': 0, 'River': 0, 'Drain': 0, 'Restoration': 0, 'Protection': 0, 'irr': 0, 'irrigation': 0, 'dam': 2, 'Nallah': 0, 'Retrofitting': 0, 'Pond': 0, 'Pokhari': 0, 'D/C': 0, 'Recharge shaft': 0, 'LFB': 0, 'RFB': 0}","{'Floodlight': 0, 'Flood Light': 0, 'GAS': 0, 'FIFA': 0, 'pipe': 0, 'pipes': 0, 'covid': 0, 'supply': 0, 'Beautification': 0, 'Installation': 0}",Pre-Monsoon,,False,False,Others,
2026_CEBBS_129635_7,SE-AID-3/2026-27,Improvement to Right Main Canal from RD 4675m to 4700m of Sapua Badjore Irrigation Project Working RD from 4675m to 4703m,Improvement to Right Main Canal from RD 4675m to 4700m of Sapua Badjore Irrigation Project Working RD from 4675m to 4703m,Works,Open Tender,Percentage,Civil Works - Canal,No,No,NA ,25-May-2026 11:00 AM,NA ,90.0,No ,No,Online,04-Jun-2026 09:00 AM,CE and BM Brahmani Basin Samal||SE Angul Irrigation Circle Angul||EE Angul Irrigation Division Angul,Angul,759143.0,1.0,,MAHESWAR ROUT,"479,629",Rejected-Finance,29-Jun-2026,CE and BM Brahmani Basin Samal||SE Angul Irrigation Circle Angul||EE Angul Irrigation Division Angul,True,"{'Flood': 0, 'Embankment': 0, 'embkt': 0, 'Relief': 0, 'Erosion': 0, 'SDRF': 0, 'Inundation': 0, 'Hydrology': 0, 'Silt': 0, 'Siltation': 0, 'Bund': 0, 'Trench': 0, 'Breach': 0, 'Culvert': 0, 'Sluice': 0, 'Dyke': 0, 'Storm water drain': 0, 'Emergency': 0, 'Immediate': 0, 'IM': 0, 'AE': 0, 'A E': 0, 'AAPDA MITRA': 0, 'flood': 0, 'Bridge': 0, 'River': 0, 'Drain': 0, 'Restoration': 0, 'Protection': 0, 'irr': 0, 'irrigation': 2, 'dam': 0, 'Nallah': 0, 'Retrofitting': 0, 'Pond': 0, 'Pokhari': 0, 'D/C': 0, 'Recharge shaft': 0, 'LFB': 0, 'RFB': 0}","{'Floodlight': 0, 'Flood Light': 0, 'GAS': 0, 'FIFA': 0, 'pipe': 0, 'pipes': 0, 'covid': 0, 'supply': 0, 'Beautification': 0, 'Installation': 0}",Pre-Monsoon,,False,False,Repair and Restoration,{'improvement': 2}
2025_ORULB_112423_102,BM-BDK-01-2025-26,Dismentaling of CC Road and Construction of Paver Road and RCC Drain from Dukha House towards Tabarak House Via Khalil House in Ward No-21,Dismentaling of CC Road and Construction of Paver Road and RCC Drain from Dukha House towards Tabarak House Via Khalil House in Ward No-21,Works,Open Tender,Percentage,Civil Works - Others,No,No,NA ,17-Apr-2025 10:00 AM,NA ,90.0,No ,No,Online,29-Apr-2025 11:00 AM,Municipal Bodies||Bhadrak Municipality,Bhadrak Municipality,756100.0,1.0,"7,12,099",BIDYADHAR BEHERA,"712,099",Rejected-AOC,03-Jul-2026,Municipal Bodies||Bhadrak Municipality,True,"{'Flood': 0, 'Embankment': 0, 'embkt': 0, 'Relief': 0, 'Erosion': 0, 'SDRF': 0, 'Inundation': 0, 'Hydrology': 0, 'Silt': 0, 'Siltation': 0, 'Bund': 0, 'Trench': 0, 'Breach': 0, 'Culvert': 0, 'Sluice': 0, 'Dyke': 0, 'Storm water drain': 0, 'Emergency': 0, 'Immediate': 0, 'IM': 0, 'AE': 0, 'A E': 0, 'AAPDA MITRA': 0, 'flood': 0, 'Bridge': 0, 'River': 0, 'Drain': 2, 'Restoration': 0, 'Protection': 0, 'irr': 0, 'irrigation': 0, 'dam': 0, 'Nallah': 0, 'Retrofitting': 0, 'Pond': 0, 'Pokhari': 0, 'D/C': 0, 'Recharge shaft': 0, 'LFB': 0, 'RFB': 0}","{'Floodlight': 0, 'Flood Light': 0, 'GAS': 0, 'FIFA': 0, 'pipe': 0, 'pipes': 0, 'covid': 0, 'supply': 0, 'Beautification': 0, 'Installation': 0}",Pre-Monsoon,,False,True,Repair and Restoration,"{'Construction': 2, 'Drain': 2}"
2026_OMC_125404_1,NIT No.04/OMC/CIVIL/2026,Development work of Mangala River Side Beach (Shree Beach) in the district of Puri.,Development work of Mangala River Side Beach (Shree Beach) in the district of Puri.,Works,Open Tender,Percentage,Civil Works - Others,No,No,NA ,03-Feb-2026 10:00 AM,NA ,180.0,No ,No,Online,06-Mar-2026 11:00 AM,Orissa Mining Corporation,MANGALA RIVER SIDE BEACH,752001.0,2.0,"18,37,92,000",Ms GOLDEN WOOD PECKER,"148,063,124.58",Accepted-AOC,15-Jul-2026,Orissa Mining Corporation,True,"{'Flood': 0, 'Embankment': 0, 'embkt': 0, 'Relief': 0, 'Erosion': 0, 'SDRF': 0, 'Inundation': 0, 'Hydrology': 0, 'Silt': 0, 'Siltation': 0, 'Bund': 0, 'Trench': 0, 'Breach': 0, 'Culvert': 0, 'Sluice': 0, 'Dyke': 0, 'Storm water drain': 0, 'Emergency': 0, 'Immediate': 0, 'IM': 0, 'AE': 0, 'A E': 0, 'AAPDA MITRA': 0, 'flood': 0, 'Bridge': 0, 'River': 2, 'Drain': 0, 'Restoration': 0, 'Protection': 0, 'irr': 0, 'irrigation': 0, 'dam': 0, 'Nallah': 0, 'Retrofitting': 0, 'Pond': 0, 'Pokhari': 0, 'D/C': 0, 'Recharge shaft': 0, 'LFB': 0, 'RFB': 0}","{'Floodlight': 0, 'Flood Light': 0, 'GAS': 0, 'FIFA': 0, 'pipe': 0, 'pipes': 0, 'covid': 0, 'supply': 0, 'Beautification': 0, 'Installation': 0}",Post-Monsoon,,False,False,Others,
2026_ORULB_128734_2,SNP-MUN-37/2026-27,Construction of Drain and Road at Ramakanta Babu House to Electric gridco W.No-2,Construction of Drain and Road at Ramakanta Babu House to Electric gridco W.No-2,Works,Open Tender,Percentage,Civil Works - Others,No,No,NA ,05-May-2026 11:00 AM,NA ,60.0,No ,No,Online,16-May-2026 11:00 AM,Municipal Bodies||Sonepur Municipal Council,Sonepur Municipality,767017.0,1.0,"11,60,137",Ramshankar Satpathy,"1,160,136",Rejected-Technical,20-Jul-2026,Municipal Bodies||Sonepur Municipal Council,True,"{'Flood': 0, 'Embankment': 0, 'embkt': 0, 'Relief': 0, 'Erosion': 0, 'SDRF': 0, 'Inundation': 0, 'Hydrology': 0, 'Silt': 0, 'Siltation': 0, 'Bund': 0, 'Trench': 0, 'Breach': 0, 'Culvert': 0, 'Sluice': 0, 'Dyke': 0, 'Storm water drain': 0, 'Emergency': 0, 'Immediate': 0, 'IM': 0, 'AE': 0, 'A E': 0, 'AAPDA MITRA': 0, 'flood': 0, 'Bridge': 0, 'River': 0, 'Drain': 2, 'Restoration': 0, 'Protection': 0, 'irr': 0, 'irrigation': 0, 'dam': 0, 'Nallah': 0, 'Retrofitting': 0, 'Pond': 0, 'Pokhari': 0, 'D/C': 0, 'Recharge shaft': 0, 'LFB': 0, 'RFB': 0}","{'Floodlight': 0, 'Flood Light': 0, 'GAS': 0, 'FIFA': 0, 'pipe': 0, 'pipes': 0, 'covid': 0, 'supply': 0, 'Beautification': 0, 'Installation': 0}",Pre-Monsoon,,False,True,Repair and Restoration,"{'Construction': 2, 'Drain': 2}"
2026_ORULB_129755_16,RGDA-MUN-01/2026-2027,"Providing RCC Cover Slab with Repair of Drain with Fixing of Cover Slab in w.no-15, Part-I","Providing RCC Cover Slab with Repair of Drain with Fixing of Cover Slab in w.no-15, Part-I",Works,Open Tender,Percentage,Civil Works - Others,No,No,NA ,25-May-2026 06:00 PM,NA ,90.0,No ,No,Online,10-Jun-2026 11:30 AM,Municipal Bodies||Rayagada Municipality,RAYAGADA MUNICIPALITY,765001.0,1.0,"16,94,982",AMBIKA GOUDA,"1,694,982",Rejected-Finance,10-Jul-2026,Municipal Bodies||Rayagada Municipality,True,"{'Flood': 0, 'Embankment': 0, 'embkt': 0, 'Relief': 0, 'Erosion': 0, 'SDRF': 0, 'Inundation': 0, 'Hydrology': 0, 'Silt': 0, 'Siltation': 0, 'Bund': 0, 'Trench': 0, 'Breach': 0, 'Culvert': 0, 'Sluice': 0, 'Dyke': 0, 'Storm water drain': 0, 'Emergency': 0, 'Immediate': 0, 'IM': 0, 'AE': 0, 'A E': 0, 'AAPDA MITRA': 0, 'flood': 0, 'Bridge': 0, 'River': 0, 'Drain': 2, 'Restoration': 0, 'Protection': 0, 'irr': 0, 'irrigation': 0, 'dam': 0, 'Nallah': 0, 'Retrofitting': 0, 'Pond': 0, 'Pokhari': 0, 'D/C': 0, 'Recharge shaft': 0, 'LFB': 0, 'RFB': 0}","{'Floodlight': 0, 'Flood Light': 0, 'GAS': 0, 'FIFA': 0, 'pipe': 0, 'pipes': 0, 'covid': 0, 'supply': 0, 'Beautification': 0, 'Installation': 0}",Pre-Monsoon,,False,True,Repair and Restoration,"{'repair': 2, 'Drain': 2}"
2026_ORULB_129135_22,NLGN _1/2026-27,"Construction of CC road and drain from Nisakara Pradhan house to Kamala Pradhan house, W.No.13 under Nilgiri NAC.","Construction of CC road and drain from Nisakara Pradhan house to Kamala Pradhan house, W.No.13 under Nilgiri NAC.",Works,Open Tender,Percentage,Civil Works - Roads,No,No,NA ,11-May-2026 03:00 PM,NA ,120.0,No ,No,Online,25-May-2026 11:00 AM,Municipal Bodies||Nilgiri NAC,Nilgiri NAC,756040.0,1.0,"2,83,898",ASHOK KUMAR MOHAPATRA,"283,898",Rejected-AOC,14-Jul-2026,Municipal Bodies||Nilgiri NAC,True,"{'Flood': 0, 'Embankment': 0, 'embkt': 0, 'Relief': 0, 'Erosion': 0, 'SDRF': 0, 'Inundation': 0, 'Hydrology': 0, 'Silt': 0, 'Siltation': 0, 'Bund': 0, 'Trench': 0, 'Breach': 0, 'Culvert': 0, 'Sluice': 0, 'Dyke': 0, 'Storm water drain': 0, 'Emergency': 0, 'Immediate': 0, 'IM': 0, 'AE': 0, 'A E': 0, 'AAPDA MITRA': 0, 'flood': 0, 'Bridge': 0, 'River': 0, 'Drain': 2, 'Restoration': 0, 'Protection': 0, 'irr': 0, 'irrigation': 0, 'dam': 0, 'Nallah': 0, 'Retrofitting': 0, 'Pond': 0, 'Pokhari': 0, 'D/C': 0, 'Recharge shaft': 0, 'LFB': 0, 'RFB': 0}","{'Floodlight': 0, 'Flood Light': 0, 'GAS': 0, 'FIFA': 0, 'pipe': 0, 'pipes': 0, 'covid': 0, 'supply': 0, 'Beautification': 0, 'Installation': 0}",Pre-Monsoon,,False,True,Repair and Restoration,"{'Construction': 2, 'Drain': 2}"
2026_ORULB_125611_26,BRJNRM -05/2025-26,"Construction of Road and Drain at W.No.17,18,19 and 20",Road and Drain,Works,Open Tender,Percentage,Civil Works - Others,No,No,NA ,07-Feb-2026 06:00 PM,NA ,90.0,No ,No,Online,21-Feb-2026 11:00 AM,Municipal Bodies||Brajrajnagar Municipality,Brajrajnagar Municipality,768216.0,2.0,"19,90,000",ANJANA PADHAN,"1,571,796.94",Rejected-AOC,07-Jul-2026,Municipal Bodies||Brajrajnagar Municipality,True,"{'Flood': 0, 'Embankment': 0, 'embkt': 0, 'Relief': 0, 'Erosion': 0, 'SDRF': 0, 'Inundation': 0, 'Hydrology': 0, 'Silt': 0, 'Siltation': 0, 'Bund': 0, 'Trench': 0, 'Breach': 0, 'Culvert': 0, 'Sluice': 0, 'Dyke': 0, 'Storm water drain': 0, 'Emergency': 0, 'Immediate': 0, 'IM': 0, 'AE': 0, 'A E': 0, 'AAPDA MITRA': 0, 'flood': 0, 'Bridge': 0, 'River': 0, 'Drain': 2, 'Restoration': 0, 'Protection': 0, 'irr': 0, 'irrigation': 0, 'dam': 0, 'Nallah': 0, 'Retrofitting': 0, 'Pond': 0, 'Pokhari': 0, 'D/C': 0, 'Recharge shaft': 0, 'LFB': 0, 'RFB': 0}","{'Floodlight': 0, 'Flood Light': 0, 'GAS': 0, 'FIFA': 0, 'pipe': 0, 'pipes': 0, 'covid': 0, 'supply': 0, 'Beautification': 0, 'Installation': 0}",Post-Monsoon,,False,True,Repair and Restoration,"{'Construction': 1, 'Drain': 2}"
2026_EICCL_128559_1,SE Rand B 01 2026 27,"S/R such as need based emergency repair and renovation work to police staff Quarters inside the campus of Town Police station, Sadar Thana, Mahila Thana and SDPO Res at Jey pore for the year 2026-27- Building","S/R such as need based emergency repair and renovation work to police staff Quarters inside the campus of Town Police station, Sadar Thana, Mahila Thana and SDPO Res at Jey pore for the year 2026-27- Building",Works,Open Tender,Percentage,Civil Works - Buildings,No,No,NA ,28-Apr-2026 04:00 PM,NA ,90.0,No ,No,Online,08-May-2026 11:00 AM,EIC-CIVIL||SERNB-CIRCLE-JEYPORE||EERNB-DIVN-JEYPORE,Koraput,764001.0,1.0,"15,84,129",SAMEER KUMAR MADALA,"1,584,129",Rejected-AOC,15-Jul-2026,EIC-CIVIL||SERNB-CIRCLE-JEYPORE||EERNB-DIVN-JEYPORE,True,"{'Flood': 0, 'Embankment': 0, 'embkt': 0, 'Relief': 0, 'Erosion': 0, 'SDRF': 0, 'Inundation': 0, 'Hydrology': 0, 'Silt': 0, 'Siltation': 0, 'Bund': 0, 'Trench': 0, 'Breach': 0, 'Culvert': 0, 'Sluice': 0, 'Dyke': 0, 'Storm water drain': 0, 'Emergency': 2, 'Immediate': 0, 'IM': 0, 'AE': 0, 'A E': 0, 'AAPDA MITRA': 0, 'flood': 0, 'Bridge': 0, 'River': 0, 'Drain': 0, 'Restoration': 0, 'Protection': 0, 'irr': 0, 'irrigation': 0, 'dam': 0, 'Nallah': 0, 'Retrofitting': 0, 'Pond': 0, 'Pokhari': 0, 'D/C': 0, 'Recharge shaft': 0, 'LFB': 0, 'RFB': 0}","{'Floodlight': 0, 'Flood Light': 0, 'GAS': 0, 'FIFA': 0, 'pipe': 0, 'pipes': 0, 'covid': 0, 'supply': 0, 'Beautification': 0, 'Installation': 0}",Pre-Monsoon,,False,False,Repair and Restoration,"{'repair': 2, 'renovation': 2}"
2026_CEDC_129055_1,e-Procurement Notice No. 01/2026-27,Improvement to Podapadar Nalla including construction of Farmland culvert under Chatrapur Block in D.I.P.,FARMLAND CULVERT,Works,National Competitive Bid,Percentage,Civil Works - Others,No,No,NA ,11-May-2026 10:00 AM,NA ,90.0,No ,No,Online,28-May-2026 11:30 AM,"CE,Drainage,Cuttack||SE Drainage Circle Bhubaneswar||EE Drainage Divn. Berhampur",CHATRAPUR,760004.0,1.0,"43,93,098",R KIRAN REDDY,"3,514,478",Rejected-Finance,30-Jul-2026,"CE,Drainage,Cuttack||SE Drainage Circle Bhubaneswar||EE Drainage Divn. Berhampur",True,"{'Flood': 0, 'Embankment': 0, 'embkt': 0, 'Relief': 0, 'Erosion': 0, 'SDRF': 0, 'Inundation': 0, 'Hydrology': 0, 'Silt': 0, 'Siltation': 0, 'Bund': 0, 'Trench': 0, 'Breach': 0, 'Culvert': 2, 'Sluice': 0, 'Dyke': 0, 'Storm water drain': 0, 'Emergency': 0, 'Immediate': 0, 'IM': 0, 'AE': 0, 'A E': 0, 'AAPDA MITRA': 0, 'flood': 0, 'Bridge': 0, 'River': 0, 'Drain': 0, 'Restoration': 0, 'Protection': 0, 'irr': 0, 'irrigation': 0, 'dam': 0, 'Nallah': 0, 'Retrofitting': 0, 'Pond': 0, 'Pokhari': 0, 'D/C': 0, 'Recharge shaft': 0, 'LFB': 0, 'RFB': 0}","{'Floodlight': 0, 'Flood Light': 0, 'GAS': 0, 'FIFA': 0, 'pipe': 0, 'pipes': 0, 'covid': 0, 'supply': 0, 'Beautification': 0, 'Installation': 0}",Pre-Monsoon,,False,True,Repair and Restoration,"{'improvement': 1, 'Construction': 1}"
2026_ORULB_129755_3,RGDA-MUN-01/2026-2027,Construction of RCC drain at Ashok Nagar 4th lane in w.no-19,Construction of RCC drain at Ashok Nagar 4th lane in w.no-19,Works,Open Tender,Percentage,Civil Works - Others,No,No,NA ,25-May-2026 06:00 PM,NA ,90.0,No ,No,Online,10-Jun-2026 11:30 AM,Municipal Bodies||Rayagada Municipality,RAYAGADA MUNICIPALITY,765001.0,1.0,"16,94,385",DILLIP KUMAR SAHU,"1,695,385",Rejected-Finance,17-Jul-2026,Municipal Bodies||Rayagada Municipality,True,"{'Flood': 0, 'Embankment': 0, 'embkt': 0, 'Relief': 0, 'Erosion': 0, 'SDRF': 0, 'Inundation': 0, 'Hydrology': 0, 'Silt': 0, 'Siltation': 0, 'Bund': 0, 'Trench': 0, 'Breach': 0, 'Culvert': 0, 'Sluice': 0, 'Dyke': 0, 'Storm water drain': 0, 'Emergency': 0, 'Immediate': 0, 'IM': 0, 'AE': 0, 'A E': 0, 'AAPDA MITRA': 0, 'flood': 0, 'Bridge': 0, 'River': 0, 'Drain': 2, 'Restoration': 0, 'Protection': 0, 'irr': 0, 'irrigation': 0, 'dam': 0, 'Nallah': 0, 'Retrofitting': 0, 'Pond': 0, 'Pokhari': 0, 'D/C': 0, 'Recharge shaft': 0, 'LFB': 0, 'RFB': 0}","{'Floodlight': 0, 'Flood Light': 0, 'GAS': 0, 'FIFA': 0, 'pipe': 0, 'pipes': 0, 'covid': 0, 'supply': 0, 'Beautification': 0, 'Installation': 0}",Pre-Monsoon,,False,True,Repair and Restoration,"{'Construction': 2, 'Drain': 2}"
2026_ORULB_129755_2,RGDA-MUN-01/2026-2027,Construction of RCC drain with Cover Slab at DFO 3rd lane in Ward No-09,Construction of RCC drain with Cover Slab at DFO 3rd lane in Ward No-09,Works,Open Tender,Percentage,Civil Works - Others,No,No,NA ,25-May-2026 06:00 PM,NA ,90.0,No ,No,Online,10-Jun-2026 11:30 AM,Municipal Bodies||Rayagada Municipality,Rayagada Municipality,765001.0,1.0,"16,94,385",JYOSTNA RANI SAHANI,"1,694,385",Rejected-Finance,17-Jul-2026,Municipal Bodies||Rayagada Municipality,True,"{'Flood': 0, 'Embankment': 0, 'embkt': 0, 'Relief': 0, 'Erosion': 0, 'SDRF': 0, 'Inundation': 0, 'Hydrology': 0, 'Silt': 0, 'Siltation': 0, 'Bund': 0, 'Trench': 0, 'Breach': 0, 'Culvert': 0, 'Sluice': 0, 'Dyke': 0, 'Storm water drain': 0, 'Emergency': 0, 'Immediate': 0, 'IM': 0, 'AE': 0, 'A E': 0, 'AAPDA MITRA': 0, 'flood': 0, 'Bridge': 0, 'River': 0, 'Drain': 2, 'Restoration': 0, 'Protection': 0, 'irr': 0, 'irrigation': 0, 'dam': 0, 'Nallah': 0, 'Retrofitting': 0, 'Pond': 0, 'Pokhari': 0, 'D/C': 0, 'Recharge shaft': 0, 'LFB': 0, 'RFB': 0}","{'Floodlight': 0, 'Flood Light': 0, 'GAS': 0, 'FIFA': 0, 'pipe': 0, 'pipes': 0, 'covid': 0, 'supply': 0, 'Beautification': 0, 'Installation': 0}",Pre-Monsoon,,False,True,Repair and Restoration,"{'Construction': 2, 'Drain': 2}"
2026_CENH_125744_1,IFB08/CCE-WNHC-SBP of 2025-26,Construction of R.C.C. Drain along NH 353 km 75.870 to 78.330 RHS for the year 2025-26,Construction of R.C.C. Drain along NH 353 km 75.870 to 78.330 RHS for the year 2025-26,Works,National Competitive Bid,Percentage,Civil Works - Others,No,No,NA ,09-Feb-2026 05:00 PM,NA ,90.0,No ,No,Online,02-Mar-2026 12:30 PM,CE-NH||NHCIRCLE-SAMBALPUR,Bolangir,767001.0,2.0,"2,50,48,942",LALAN PRASAD GUPTA,"18,218,095",Rejected-Finance,02-Jul-2026,CE-NH||NHCIRCLE-SAMBALPUR,True,"{'Flood': 0, 'Embankment': 0, 'embkt': 0, 'Relief': 0, 'Erosion': 0, 'SDRF': 0, 'Inundation': 0, 'Hydrology': 0, 'Silt': 0, 'Siltation': 0, 'Bund': 0, 'Trench': 0, 'Breach': 0, 'Culvert': 0, 'Sluice': 0, 'Dyke': 0, 'Storm water drain': 0, 'Emergency': 0, 'Immediate': 0, 'IM': 0, 'AE': 0, 'A E': 0, 'AAPDA MITRA': 0, 'flood': 0, 'Bridge': 0, 'River': 0, 'Drain': 2, 'Restoration': 0, 'Protection': 0, 'irr': 0, 'irrigation': 0, 'dam': 0, 'Nallah': 0, 'Retrofitting': 0, 'Pond': 0, 'Pokhari': 0, 'D/C': 0, 'Recharge shaft': 0, 'LFB': 0, 'RFB': 0}","{'Floodlight': 0, 'Flood Light': 0, 'GAS': 0, 'FIFA': 0, 'pipe': 0, 'pipes': 0, 'covid': 0, 'supply': 0, 'Beautification': 0, 'Installation': 0}",Post-Monsoon,,False,True,Repair and Restoration,"{'Construction': 2, 'Drain': 2}"
2026_ORULB_129755_17,RGDA-MUN-01/2026-2027,Renovation of Drain and Cover Slab at Godabarish nagar 1st and 2nd lane in w.no-16,Renovation of Drain and Cover Slab at Godabarish nagar 1st and 2nd lane in w.no-16,Works,Open Tender,Percentage,Civil Works - Others,No,No,NA ,25-May-2026 06:00 PM,NA ,90.0,No ,No,Online,10-Jun-2026 11:30 AM,Municipal Bodies||Rayagada Municipality,RAYAGADA MUNICIPALITY,765001.0,1.0,"16,95,394",GITANJALI BEHERA,"1,695,394",Rejected-Finance,10-Jul-2026,Municipal Bodies||Rayagada Municipality,True,"{'Flood': 0, 'Embankment': 0, 'embkt': 0, 'Relief': 0, 'Erosion': 0, 'SDRF': 0, 'Inundation': 0, 'Hydrology': 0, 'Silt': 0, 'Siltation': 0, 'Bund': 0, 'Trench': 0, 'Breach': 0, 'Culvert': 0, 'Sluice': 0, 'Dyke': 0, 'Storm water drain': 0, 'Emergency': 0, 'Immediate': 0, 'IM': 0, 'AE': 0, 'A E': 0, 'AAPDA MITRA': 0, 'flood': 0, 'Bridge': 0, 'River': 0, 'Drain': 2, 'Restoration': 0, 'Protection': 0, 'irr': 0, 'irrigation': 0, 'dam': 0, 'Nallah': 0, 'Retrofitting': 0, 'Pond': 0, 'Pokhari': 0, 'D/C': 0, 'Recharge shaft': 0, 'LFB': 0, 'RFB': 0}","{'Floodlight': 0, 'Flood Light': 0, 'GAS': 0, 'FIFA': 0, 'pipe': 0, 'pipes': 0, 'covid': 0, 'supply': 0, 'Beautification': 0, 'Installation': 0}",Pre-Monsoon,,False,True,Repair and Restoration,"{'renovation': 2, 'Drain': 2}"
2026_SCDBH_127609_20,e-Procurement Notice-SAL-BDK-4-P1 OF 2025-26,(20) Construction of 2nos of boxcel culvert on Muruna Minor near Hanumantapur Village and Berhampur Village For The Year 2025-26,Canal improvement,Works,Open Tender,Percentage,Civil Works - Canal,No,No,NA ,26-Mar-2026 11:00 AM,NA ,90.0,No ,No,Online,10-Apr-2026 11:00 AM,CE BM Baitarani Basin Kenojhar||Addl CE Salapada Irrigation Circle Salapada||SE Salandi Canal Division Bhadrak,Bhadrak,756100.0,1.0,"22,08,736",VAKTA RANJAN DASH,"1,877,647",Rejected-Technical,20-Jul-2026,CE BM Baitarani Basin Kenojhar||Addl CE Salapada Irrigation Circle Salapada||SE Salandi Canal Division Bhadrak,True,"{'Flood': 0, 'Embankment': 0, 'embkt': 0, 'Relief': 0, 'Erosion': 0, 'SDRF': 0, 'Inundation': 0, 'Hydrology': 0, 'Silt': 0, 'Siltation': 0, 'Bund': 0, 'Trench': 0, 'Breach': 0, 'Culvert': 1, 'Sluice': 0, 'Dyke': 0, 'Storm water drain': 0, 'Emergency': 0, 'Immediate': 0, 'IM': 0, 'AE': 0, 'A E': 0, 'AAPDA MITRA': 0, 'flood': 0, 'Bridge': 0, 'River': 0, 'Drain': 0, 'Restoration': 0, 'Protection': 0, 'irr': 0, 'irrigation': 0, 'dam': 0, 'Nallah': 0, 'Retrofitting': 0, 'Pond': 0, 'Pokhari': 0, 'D/C': 0, 'Recharge shaft': 0, 'LFB': 0, 'RFB': 0}","{'Floodlight': 0, 'Flood Light': 0, 'GAS': 0, 'FIFA': 0, 'pipe': 0, 'pipes': 0, 'covid': 0, 'supply': 0, 'Beautification': 0, 'Installation': 0}",Pre-Monsoon,,False,True,Repair and Restoration,"{'improvement': 1, 'Construction': 1}"
2026_DFODE_124491_1,dfodghfeandcc06,Construction of Elephant proof trench (EPT) 2 K.M at Gogua RF under Reamal Range under Deogarh Forest Division for the year 2025-26,Construction of Elephant proof trench (EPT) 2 K.M at Gogua RF under Reamal Range under Deogarh Forest Division for the year 2025-26,Works,Open Tender,Percentage,Civil Works - Others,No,No,NA ,13-Jan-2026 11:00 AM,NA ,60.0,No ,No,Online,28-Jan-2026 11:00 AM,Forest Environment and Climate Change Department||RCCF Rourkela||DFO Deogarh,Construction of Elephant proof trench (EPT) 2 K.M,768108.0,1.0,,KABITA PRADHAN,"1,035,818.16",Rejected-Finance,18-Jul-2026,Forest Environment and Climate Change Department||RCCF Rourkela||DFO Deogarh,True,"{'Flood': 0, 'Embankment': 0, 'embkt': 0, 'Relief': 0, 'Erosion': 0, 'SDRF': 0, 'Inundation': 0, 'Hydrology': 0, 'Silt': 0, 'Siltation': 0, 'Bund': 0, 'Trench': 2, 'Breach': 0, 'Culvert': 0, 'Sluice': 0, 'Dyke': 0, 'Storm water drain': 0, 'Emergency': 0, 'Immediate': 0, 'IM': 0, 'AE': 0, 'A E': 0, 'AAPDA MITRA': 0, 'flood': 0, 'Bridge': 0, 'River': 0, 'Drain': 0, 'Restoration': 0, 'Protection': 0, 'irr': 0, 'irrigation': 0, 'dam': 0, 'Nallah': 0, 'Retrofitting': 0, 'Pond': 0, 'Pokhari': 0, 'D/C': 0, 'Recharge shaft': 0, 'LFB': 0, 'RFB': 0}","{'Floodlight': 0, 'Flood Light': 0, 'GAS': 0, 'FIFA': 0, 'pipe': 0, 'pipes': 0, 'covid': 0, 'supply': 0, 'Beautification': 0, 'Installation': 0}",Post-Monsoon,,False,False,Repair and Restoration,{'Construction': 2}
2025_EICCL_121280_1,CE-BRIDGES-09/2025-26,Improvement of Kamarda Baliapal road from 7/000km to 9/800km and from 10/390km to 12/050km and providing renewal wearing coat on Parulia Bridge in the District of Balasore for the year 2025-26,Improvement of Kamarda Baliapal road from 7/000km to 9/800km and from 10/390km to 12/050km and providing renewal wearing coat on Parulia Bridge in the District of Balasore for the year 2025-26,Works,Open Tender,Percentage,Civil Works - Roads,No,No,NA ,17-Nov-2025 06:55 PM,NA ,90.0,No ,No,Online,05-Dec-2025 11:30 AM,EIC-CIVIL||EIC-CIVIL,in the District of Balasore,751001.0,2.0,"15,05,85,870",Rakesh Agarwalla,"128,013,048",Rejected-Finance,18-Jul-2026,EIC-CIVIL||EIC-CIVIL,True,"{'Flood': 0, 'Embankment': 0, 'embkt': 0, 'Relief': 0, 'Erosion': 0, 'SDRF': 0, 'Inundation': 0, 'Hydrology': 0, 'Silt': 0, 'Siltation': 0, 'Bund': 0, 'Trench': 0, 'Breach': 0, 'Culvert': 0, 'Sluice': 0, 'Dyke': 0, 'Storm water drain': 0, 'Emergency': 0, 'Immediate': 0, 'IM': 0, 'AE': 0, 'A E': 0, 'AAPDA MITRA': 0, 'flood': 0, 'Bridge': 2, 'River': 0, 'Drain': 0, 'Restoration': 0, 'Protection': 0, 'irr': 0, 'irrigation': 0, 'dam': 0, 'Nallah': 0, 'Retrofitting': 0, 'Pond': 0, 'Pokhari': 0, 'D/C': 0, 'Recharge shaft': 0, 'LFB': 0, 'RFB': 0}","{'Floodlight': 0, 'Flood Light': 0, 'GAS': 0, 'FIFA': 0, 'pipe': 0, 'pipes': 0, 'covid': 0, 'supply': 0, 'Beautification': 0, 'Installation': 0}",Post-Monsoon,,False,True,Repair and Restoration,"{'improvement': 2, 'Bridge': 2}"
2026_CEBBS_129635_6,SE-AID-3/2026-27,Construction of RCC Trough wall in Panchapada Sub Minor from RD 820m to 850m of Sapua Badjore Irrigation Project Working RD from 820m to 883m,Construction of RCC Trough wall in Panchapada Sub Minor from RD 820m to 850m of Sapua Badjore Irrigation Project Working RD from 820m to 883m,Works,Open Tender,Percentage,Civil Works - Canal,No,No,NA ,25-May-2026 11:00 AM,NA ,90.0,No ,No,Online,04-Jun-2026 09:00 AM,CE and BM Brahmani Basin Samal||SE Angul Irrigation Circle Angul||EE Angul Irrigation Division Angul,Angul,759143.0,1.0,,ALOK OJHA,"406,068",Accepted-AOC,01-Nov-2026,CE and BM Brahmani Basin Samal||SE Angul Irrigation Circle Angul||EE Angul Irrigation Division Angul,True,"{'Flood': 0, 'Embankment': 0, 'embkt': 0, 'Relief': 0, 'Erosion': 0, 'SDRF': 0, 'Inundation': 0, 'Hydrology': 0, 'Silt': 0, 'Siltation': 0, 'Bund': 0, 'Trench': 0, 'Breach': 0, 'Culvert': 0, 'Sluice': 0, 'Dyke': 0, 'Storm water drain': 0, 'Emergency': 0, 'Immediate': 0, 'IM': 0, 'AE': 0, 'A E': 0, 'AAPDA MITRA': 0, 'flood': 0, 'Bridge': 0, 'River': 0, 'Drain': 0, 'Restoration': 0, 'Protection': 0, 'irr': 0, 'irrigation': 2, 'dam': 0, 'Nallah': 0, 'Retrofitting': 0, 'Pond': 0, 'Pokhari': 0, 'D/C': 0, 'Recharge shaft': 0, 'LFB': 0, 'RFB': 0}","{'Floodlight': 0, 'Flood Light': 0, 'GAS': 0, 'FIFA': 0, 'pipe': 0, 'pipes': 0, 'covid': 0, 'supply': 0, 'Beautification': 0, 'Installation': 0}",Pre-Monsoon,,False,False,Repair and Restoration,{'Construction': 2}
2026_CEBMT_128388_7,EEBOD-02/26-27,Slope Protection work to the Right bank of River Bagh inbetween RD 3000M to RD 4000M near village Jadapal of Gundulia G.P under Boudh Block.,River Embankkment,Works,Open Tender,Percentage,Civil Works - Others,No,No,NA ,27-Apr-2026 11:00 AM,NA ,90.0,No ,No,Online,14-May-2026 11:00 AM,"CE-BM, Tel Basin,Bhawanipatna||SE Balangir Irr Circle Balangir||EE Boudh Irr Divn Boudh",Boudh,762014.0,2.0,"79,83,000",BISWAJIT SAHOO,"7,975,202.52",Rejected-Finance,10-Jul-2026,"CE-BM, Tel Basin,Bhawanipatna||SE Balangir Irr Circle Balangir||EE Boudh Irr Divn Boudh",True,"{'Flood': 0, 'Embankment': 0, 'embkt': 0, 'Relief': 0, 'Erosion': 0, 'SDRF': 0, 'Inundation': 0, 'Hydrology': 0, 'Silt': 0, 'Siltation': 0, 'Bund': 0, 'Trench': 0, 'Breach': 0, 'Culvert': 0, 'Sluice': 0, 'Dyke': 0, 'Storm water drain': 0, 'Emergency': 0, 'Immediate': 0, 'IM': 0, 'AE': 0, 'A E': 0, 'AAPDA MITRA': 0, 'flood': 0, 'Bridge': 0, 'River': 2, 'Drain': 0, 'Restoration': 0, 'Protection': 1, 'irr': 0, 'irrigation': 0, 'dam': 0, 'Nallah': 0, 'Retrofitting': 0, 'Pond': 0, 'Pokhari': 0, 'D/C': 0, 'Recharge shaft': 0, 'LFB': 0, 'RFB': 0}","{'Floodlight': 0, 'Flood Light': 0, 'GAS': 0, 'FIFA': 0, 'pipe': 0, 'pipes': 0, 'covid': 0, 'supply': 0, 'Beautification': 0, 'Installation': 0}",Pre-Monsoon,,False,False,Preparedness Measures,{'Protection': 1}
2026_ORULB_126953_17,EOBRP/07/2025-26,Covering of drain from Dhibar pada Hanuman mandir to Gulthu meher house in ward no 4,Covering of drain from Dhibar pada Hanuman mandir to Gulthu meher house in ward no 4,Works,Open Tender,Percentage,Civil Works - Others,No,No,NA ,07-Mar-2026 11:00 AM,NA ,90.0,No ,No,Online,16-Mar-2026 03:00 PM,Municipal Bodies||Barpali NAC,Barpali,768029.0,1.0,"2,69,271",JITEN SUNA,"213,971.35",Accepted-AOC,17-Jul-2026,Municipal Bodies||Barpali NAC,True,"{'Flood': 0, 'Embankment': 0, 'embkt': 0, 'Relief': 0, 'Erosion': 0, 'SDRF': 0, 'Inundation': 0, 'Hydrology': 0, 'Silt': 0, 'Siltation': 0, 'Bund': 0, 'Trench': 0, 'Breach': 0, 'Culvert': 0, 'Sluice': 0, 'Dyke': 0, 'Storm water drain': 0, 'Emergency': 0, 'Immediate': 0, 'IM': 0, 'AE': 0, 'A E': 0, 'AAPDA MITRA': 0, 'flood': 0, 'Bridge': 0, 'River': 0, 'Drain': 2, 'Restoration': 0, 'Protection': 0, 'irr': 0, 'irrigation': 0, 'dam': 0, 'Nallah': 0, 'Retrofitting': 0, 'Pond': 0, 'Pokhari': 0, 'D/C': 0, 'Recharge shaft': 0, 'LFB': 0, 'RFB': 0}","{'Floodlight': 0, 'Flood Light': 0, 'GAS': 0, 'FIFA': 0, 'pipe': 0, 'pipes': 0, 'covid': 0, 'supply': 0, 'Beautification': 0, 'Installation': 0}",Pre-Monsoon,,False,True,Repair and Restoration,{'Drain': 2}
2026_CEBMB_128430_3,SE-GID-01/2026-27,Protection to left Scoured bank of river Vansadhara near village Kalama.,Flood protection,Works,National Competitive Bid,Percentage,Civil Works - Others,No,No,NA ,27-Apr-2026 10:00 AM,NA ,90.0,No ,No,Online,08-May-2026 11:00 AM,"CE-BM,RVN Basin,Berhampur||SE Southern Irr Circle II Paralakhemundi||EE Paralakhemundi Irr Divn Paralakhemundi",Gunupur,765022.0,1.0,"40,47,823",Krushna Chandra Sethi,"3,399,362",Accepted-AOC,24-Jul-2026,"CE-BM,RVN Basin,Berhampur||SE Southern Irr Circle II Paralakhemundi||EE Paralakhemundi Irr Divn Paralakhemundi",True,"{'Flood': 1, 'Embankment': 0, 'embkt': 0, 'Relief': 0, 'Erosion': 0, 'SDRF': 0, 'Inundation': 0, 'Hydrology': 0, 'Silt': 0, 'Siltation': 0, 'Bund': 0, 'Trench': 0, 'Breach': 0, 'Culvert': 0, 'Sluice': 0, 'Dyke': 0, 'Storm water drain': 0, 'Emergency': 0, 'Immediate': 0, 'IM': 0, 'AE': 0, 'A E': 0, 'AAPDA MITRA': 0, 'flood': 1, 'Bridge': 0, 'River': 1, 'Drain': 0, 'Restoration': 0, 'Protection': 2, 'irr': 0, 'irrigation': 0, 'dam': 0, 'Nallah': 0, 'Retrofitting': 0, 'Pond': 0, 'Pokhari': 0, 'D/C': 0, 'Recharge shaft': 0, 'LFB': 0, 'RFB': 0}","{'Floodlight': 0, 'Flood Light': 0, 'GAS': 0, 'FIFA': 0, 'pipe': 0, 'pipes': 0, 'covid': 0, 'supply': 0, 'Beautification': 0, 'Installation': 0}",Pre-Monsoon,,False,False,Preparedness Measures,"{'Protection': 2, 'scoured': 1, 'Scoured bank': 1}"
2026_CEBBS_128670_14,SE-AID-1/2026-27,Construction of right side C.C guard wall from RD 160m to 350m of Ghunchapal Minor of Derjang Irrigation Project.,Construction of right side C.C guard wall from RD 160m to 350m of Ghunchapal Minor of Derjang Irrigation Project.,Works,Open Tender,Percentage,Civil Works - Others,No,No,NA ,02-May-2026 11:00 AM,NA ,90.0,No ,No,Online,12-May-2026 11:00 AM,CE and BM Brahmani Basin Samal||SE Angul Irrigation Circle Angul||EE Angul Irrigation Division Angul,Angul,759143.0,1.0,,ABHISHEK MISHRA,"1,031,590",Accepted-AOC,16-Jun-2026,CE and BM Brahmani Basin Samal||SE Angul Irrigation Circle Angul||EE Angul Irrigation Division Angul,True,"{'Flood': 0, 'Embankment': 0, 'embkt': 0, 'Relief': 0, 'Erosion': 0, 'SDRF': 0, 'Inundation': 0, 'Hydrology': 0, 'Silt': 0, 'Siltation': 0, 'Bund': 0, 'Trench': 0, 'Breach': 0, 'Culvert': 0, 'Sluice': 0, 'Dyke': 0, 'Storm water drain': 0, 'Emergency': 0, 'Immediate': 0, 'IM': 0, 'AE': 0, 'A E': 0, 'AAPDA MITRA': 0, 'flood': 0, 'Bridge': 0, 'River': 0, 'Drain': 0, 'Restoration': 0, 'Protection': 0, 'irr': 0, 'irrigation': 2, 'dam': 0, 'Nallah': 0, 'Retrofitting': 0, 'Pond': 0, 'Pokhari': 0, 'D/C': 0, 'Recharge shaft': 0, 'LFB': 0, 'RFB': 0}","{'Floodlight': 0, 'Flood Light': 0, 'GAS': 0, 'FIFA': 0, 'pipe': 0, 'pipes': 0, 'covid': 0, 'supply': 0, 'Beautification': 0, 'Installation': 0}",Pre-Monsoon,,False,False,Repair and Restoration,{'Construction': 2}
2026_ORULB_126536_10,RNP NAC -07/2025-26,CONSTRUCTION OF CC DRAIN WITH COVER SLAB FOR UNCOVERED DRAIN FROM BALUNKESWARA TEMPLE TO BUS STAND IN WN -11 OF RANPUR NAC,CONSTRUCTION OF CC DRAIN WITH COVER SLAB FOR UNCOVERED DRAIN FROM BALUNKESWARA TEMPLE TO BUS STAND IN WN -11 OF RANPUR NAC,Works,Open Tender,Percentage,Civil Works - Others,No,No,NA ,28-Feb-2026 11:00 AM,NA ,60.0,No ,No,Online,10-Mar-2026 11:30 AM,Municipal Bodies||Ranpur NAC,NAC RANPUR,752026.0,1.0,"10,16,950",SARASI BALA PATTANAIK,"691,525.05",Rejected-Finance,07-Jul-2026,Municipal Bodies||Ranpur NAC,True,"{'Flood': 0, 'Embankment': 0, 'embkt': 0, 'Relief': 0, 'Erosion': 0, 'SDRF': 0, 'Inundation': 0, 'Hydrology': 0, 'Silt': 0, 'Siltation': 0, 'Bund': 0, 'Trench': 0, 'Breach': 0, 'Culvert': 0, 'Sluice': 0, 'Dyke': 0, 'Storm water drain': 0, 'Emergency': 0, 'Immediate': 0, 'IM': 0, 'AE': 0, 'A E': 0, 'AAPDA MITRA': 0, 'flood': 0, 'Bridge': 0, 'River': 0, 'Drain': 4, 'Restoration': 0, 'Protection': 0, 'irr': 0, 'irrigation': 0, 'dam': 0, 'Nallah': 0, 'Retrofitting': 0, 'Pond': 0, 'Pokhari': 0, 'D/C': 0, 'Recharge shaft': 0, 'LFB': 0, 'RFB': 0}","{'Floodlight': 0, 'Flood Light': 0, 'GAS': 0, 'FIFA': 0, 'pipe': 0, 'pipes': 0, 'covid': 0, 'supply': 0, 'Beautification': 0, 'Installation': 0}",Post-Monsoon,,False,True,Repair and Restoration,"{'Construction': 2, 'Drain': 4}"
2026_ORULB_128192_9,BBLM-1/2026-27,"Construction of road from Maqsud Alam house to Dam gate, Upper basti and construction of road from Amar Rana house to Sunil Behera house, Mahanta basti, Ward No.7, Barbil Municipality","Construction of road from Maqsud Alam house to Dam gate, Upper basti and construction of road from Amar Rana house to Sunil Behera house, Mahanta basti, Ward No.7, Barbil Municipality",Works,Open Tender,Percentage,Civil Works - Others,No,No,NA ,20-Apr-2026 10:00 AM,NA ,90.0,No ,No,Online,04-May-2026 11:00 AM,Municipal Bodies||Barbil Municipality,Barbil,758035.0,2.0,"8,00,000",NARAYAN HEMBRAM,"759,894",Rejected-Finance,08-Jul-2026,Municipal Bodies||Barbil Municipality,True,"{'Flood': 0, 'Embankment': 0, 'embkt': 0, 'Relief': 0, 'Erosion': 0, 'SDRF': 0, 'Inundation': 0, 'Hydrology': 0, 'Silt': 0, 'Siltation': 0, 'Bund': 0, 'Trench': 0, 'Breach': 0, 'Culvert': 0, 'Sluice': 0, 'Dyke': 0, 'Storm water drain': 0, 'Emergency': 0, 'Immediate': 0, 'IM': 0, 'AE': 0, 'A E': 0, 'AAPDA MITRA': 0, 'flood': 0, 'Bridge': 0, 'River': 0, 'Drain': 0, 'Restoration': 0, 'Protection': 0, 'irr': 0, 'irrigation': 0, 'dam': 2, 'Nallah': 0, 'Retrofitting': 0, 'Pond': 0, 'Pokhari': 0, 'D/C': 0, 'Recharge shaft': 0, 'LFB': 0, 'RFB': 0}","{'Floodlight': 0, 'Flood Light': 0, 'GAS': 0, 'FIFA': 0, 'pipe': 0, 'pipes': 0, 'covid': 0, 'supply': 0, 'Beautification': 0, 'Installation': 0}",Pre-Monsoon,,False,True,Repair and Restoration,{'Construction': 4}
2026_ORULB_128192_14,BBLM-1/2026-27,"Construction of Bathing ghat at Karrow River near Pump house, Chatei hutting, Ward No.14, Barbil Municipality","Construction of Bathing ghat at Karrow River near Pump house, Chatei hutting, Ward No.14, Barbil Municipality",Works,Open Tender,Percentage,Civil Works - Others,No,No,NA ,20-Apr-2026 10:00 AM,NA ,90.0,No ,No,Online,04-May-2026 11:00 AM,Municipal Bodies||Barbil Municipality,Barbil,758035.0,2.0,"9,98,000",GANGADHAR HASDA,"938,095",Rejected-Finance,08-Jul-2026,Municipal Bodies||Barbil Municipality,True,"{'Flood': 0, 'Embankment': 0, 'embkt': 0, 'Relief': 0, 'Erosion': 0, 'SDRF': 0, 'Inundation': 0, 'Hydrology': 0, 'Silt': 0, 'Siltation': 0, 'Bund': 0, 'Trench': 0, 'Breach': 0, 'Culvert': 0, 'Sluice': 0, 'Dyke': 0, 'Storm water drain': 0, 'Emergency': 0, 'Immediate': 0, 'IM': 0, 'AE': 0, 'A E': 0, 'AAPDA MITRA': 0, 'flood': 0, 'Bridge': 0, 'River': 2, 'Drain': 0, 'Restoration': 0, 'Protection': 0, 'irr': 0, 'irrigation': 0, 'dam': 0, 'Nallah': 0, 'Retrofitting': 0, 'Pond': 0, 'Pokhari': 0, 'D/C': 0, 'Recharge shaft': 0, 'LFB': 0, 'RFB': 0}","{'Floodlight': 0, 'Flood Light': 0, 'GAS': 0, 'FIFA': 0, 'pipe': 0, 'pipes': 0, 'covid': 0, 'supply': 0, 'Beautification': 0, 'Installation': 0}",Pre-Monsoon,,False,False,Repair and Restoration,{'Construction': 2}
2026_CEBMB_128430_1,SE-GID-01/2026-27,Protection to left scoured bank of river Vansadhara near village old Bichikota.,Flood Protection,Works,National Competitive Bid,Percentage,Civil Works - Others,No,No,NA ,27-Apr-2026 10:00 AM,NA ,90.0,No ,No,Online,08-May-2026 11:00 AM,"CE-BM,RVN Basin,Berhampur||SE Southern Irr Circle II Paralakhemundi||EE Paralakhemundi Irr Divn Paralakhemundi",Gunupur,765022.0,1.0,"36,34,993",Krushna Chandra Sethi,"3,052,667",Rejected-Finance,24-Jul-2026,"CE-BM,RVN Basin,Berhampur||SE Southern Irr Circle II Paralakhemundi||EE Paralakhemundi Irr Divn Paralakhemundi",True,"{'Flood': 1, 'Embankment': 0, 'embkt': 0, 'Relief': 0, 'Erosion': 0, 'SDRF': 0, 'Inundation': 0, 'Hydrology': 0, 'Silt': 0, 'Siltation': 0, 'Bund': 0, 'Trench': 0, 'Breach': 0, 'Culvert': 0, 'Sluice': 0, 'Dyke': 0, 'Storm water drain': 0, 'Emergency': 0, 'Immediate': 0, 'IM': 0, 'AE': 0, 'A E': 0, 'AAPDA MITRA': 0, 'flood': 1, 'Bridge': 0, 'River': 1, 'Drain': 0, 'Restoration': 0, 'Protection': 2, 'irr': 0, 'irrigation': 0, 'dam': 0, 'Nallah': 0, 'Retrofitting': 0, 'Pond': 0, 'Pokhari': 0, 'D/C': 0, 'Recharge shaft': 0, 'LFB': 0, 'RFB': 0}","{'Floodlight': 0, 'Flood Light': 0, 'GAS': 0, 'FIFA': 0, 'pipe': 0, 'pipes': 0, 'covid': 0, 'supply': 0, 'Beautification': 0, 'Installation': 0}",Pre-Monsoon,,False,False,Preparedness Measures,"{'Protection': 2, 'scoured': 1, 'Scoured bank': 1}"
2026_CEBBS_128670_16,SE-AID-1/2026-27,Construction of R.C.C Trough wall from RD 2610m to RD 2680m of Nuagaon Minor of Aunli Irrigation Project.,Construction of R.C.C Trough wall from RD 2610m to RD 2680m of Nuagaon Minor of Aunli Irrigation Project.,Works,Open Tender,Percentage,Civil Works - Others,No,No,NA ,02-May-2026 11:00 AM,NA ,90.0,No ,No,Online,12-May-2026 11:00 AM,CE and BM Brahmani Basin Samal||SE Angul Irrigation Circle Angul||EE Angul Irrigation Division Angul,Angul,759143.0,1.0,,BAIKUNTHA NATH SAHU,"730,098",Accepted-AOC,16-Jun-2026,CE and BM Brahmani Basin Samal||SE Angul Irrigation Circle Angul||EE Angul Irrigation Division Angul,True,"{'Flood': 0, 'Embankment': 0, 'embkt': 0, 'Relief': 0, 'Erosion': 0, 'SDRF': 0, 'Inundation': 0, 'Hydrology': 0, 'Silt': 0, 'Siltation': 0, 'Bund': 0, 'Trench': 0, 'Breach': 0, 'Culvert': 0, 'Sluice': 0, 'Dyke': 0, 'Storm water drain': 0, 'Emergency': 0, 'Immediate': 0, 'IM': 0, 'AE': 0, 'A E': 0, 'AAPDA MITRA': 0, 'flood': 0, 'Bridge': 0, 'River': 0, 'Drain': 0, 'Restoration': 0, 'Protection': 0, 'irr': 0, 'irrigation': 2, 'dam': 0, 'Nallah': 0, 'Retrofitting': 0, 'Pond': 0, 'Pokhari': 0, 'D/C': 0, 'Recharge shaft': 0, 'LFB': 0, 'RFB': 0}","{'Floodlight': 0, 'Flood Light': 0, 'GAS': 0, 'FIFA': 0, 'pipe': 0, 'pipes': 0, 'covid': 0, 'supply': 0, 'Beautification': 0, 'Installation': 0}",Pre-Monsoon,,False,False,Repair and Restoration,{'Construction': 2}
2026_PRTRB_127051_9,PS-THRMPR-T-3/2025-26,"Construction of Road with RCC drain from Kendumundi UP school to Dharanibhata, GP- Gopinathpur under Th.Rampur Block",Road work,Works,Open Tender,Percentage,Civil Works - Roads,No,No,NA ,10-Mar-2026 11:00 AM,NA ,90.0,No ,No,Online,31-Mar-2026 11:00 AM,Panchayati Raj and Drinking Water Department Odisha||Zilla Parisad Kalahandi||THUAMUL RAMPUR Block,Th.Rampur,766037.0,2.0,"82,89,609",M/s Sudhir Naik,"6,963,272",Rejected-Finance,23-Jul-2026,Panchayati Raj and Drinking Water Department Odisha||Zilla Parisad Kalahandi||THUAMUL RAMPUR Block,True,"{'Flood': 0, 'Embankment': 0, 'embkt': 0, 'Relief': 0, 'Erosion': 0, 'SDRF': 0, 'Inundation': 0, 'Hydrology': 0, 'Silt': 0, 'Siltation': 0, 'Bund': 0, 'Trench': 0, 'Breach': 0, 'Culvert': 0, 'Sluice': 0, 'Dyke': 0, 'Storm water drain': 0, 'Emergency': 0, 'Immediate': 0, 'IM': 0, 'AE': 0, 'A E': 0, 'AAPDA MITRA': 0, 'flood': 0, 'Bridge': 0, 'River': 0, 'Drain': 1, 'Restoration': 0, 'Protection': 0, 'irr': 0, 'irrigation': 0, 'dam': 0, 'Nallah': 0, 'Retrofitting': 0, 'Pond': 0, 'Pokhari': 0, 'D/C': 0, 'Recharge shaft': 0, 'LFB': 0, 'RFB': 0}","{'Floodlight': 0, 'Flood Light': 0, 'GAS': 0, 'FIFA': 0, 'pipe': 0, 'pipes': 0, 'covid': 0, 'supply': 0, 'Beautification': 0, 'Installation': 0}",Pre-Monsoon,,False,True,Repair and Restoration,"{'Construction': 1, 'Drain': 1}"
2026_CEBMT_128388_5,EEBOD-02/26-27,Flood Protection work to the Right Right Bank of River Mahanadi inbetween RD 60.20KM to 62.50km near village Pargalpur of SIP.,River Embankment,Works,Open Tender,Percentage,Civil Works - Others,No,No,NA ,27-Apr-2026 11:00 AM,NA ,90.0,No ,No,Online,14-May-2026 11:00 AM,"CE-BM, Tel Basin,Bhawanipatna||SE Balangir Irr Circle Balangir||EE Boudh Irr Divn Boudh",Boudh,762014.0,2.0,"78,99,000",AKASH MAHAPATRA,"7,891,649.4",Accepted-AOC,10-Jul-2026,"CE-BM, Tel Basin,Bhawanipatna||SE Balangir Irr Circle Balangir||EE Boudh Irr Divn Boudh",True,"{'Flood': 1, 'Embankment': 1, 'embkt': 0, 'Relief': 0, 'Erosion': 0, 'SDRF': 0, 'Inundation': 0, 'Hydrology': 0, 'Silt': 0, 'Siltation': 0, 'Bund': 0, 'Trench': 0, 'Breach': 0, 'Culvert': 0, 'Sluice': 0, 'Dyke': 0, 'Storm water drain': 0, 'Emergency': 0, 'Immediate': 0, 'IM': 0, 'AE': 0, 'A E': 0, 'AAPDA MITRA': 0, 'flood': 1, 'Bridge': 0, 'River': 2, 'Drain': 0, 'Restoration': 0, 'Protection': 1, 'irr': 0, 'irrigation': 0, 'dam': 0, 'Nallah': 0, 'Retrofitting': 0, 'Pond': 0, 'Pokhari': 0, 'D/C': 0, 'Recharge shaft': 0, 'LFB': 0, 'RFB': 0}","{'Floodlight': 0, 'Flood Light': 0, 'GAS': 0, 'FIFA': 0, 'pipe': 0, 'pipes': 0, 'covid': 0, 'supply': 0, 'Beautification': 0, 'Installation': 0}",Pre-Monsoon,,False,True,Preparedness Measures,"{'Protection': 1, 'Flood Protection work': 1}"
2026_CEMIB_129278_2,SEMIDPDP-01/2026-27,Construction of BANJIPALI check Dam in-stream storage structure (Low height check Dam) over Danta nalla near village Banjipali in Bhatli Block of Bargarh District under MATY-3.0 Scheme for the year 2026-27,Construction of BANJIPALI check Dam in-stream storage structure (Low height check Dam) over Danta nalla near village Banjipali in Bhatli Block of Bargarh District under MATY-3.0 Scheme for the year 2026-27,Works,Open Tender,Percentage,Civil Works - Others,No,No,NA ,14-May-2026 11:00 AM,NA ,90.0,No ,No,Online,29-May-2026 11:00 AM,"CE,Minor Irrigation,BBSR||Balangir Minor Irrigation Circle Balangir||MI Division Padampur",Block Bhatli Near Vill-Banjipali,768030.0,2.0,"63,51,341",RATNAKAR BAG,"6,217,963",Rejected-Finance,10-Jun-2026,"CE,Minor Irrigation,BBSR||Balangir Minor Irrigation Circle Balangir||MI Division Padampur",True,"{'Flood': 0, 'Embankment': 0, 'embkt': 0, 'Relief': 0, 'Erosion': 0, 'SDRF': 0, 'Inundation': 0, 'Hydrology': 0, 'Silt': 0, 'Siltation': 0, 'Bund': 0, 'Trench': 0, 'Breach': 0, 'Culvert': 0, 'Sluice': 0, 'Dyke': 0, 'Storm water drain': 0, 'Emergency': 0, 'Immediate': 0, 'IM': 0, 'AE': 0, 'A E': 0, 'AAPDA MITRA': 0, 'flood': 0, 'Bridge': 0, 'River': 0, 'Drain': 0, 'Restoration': 0, 'Protection': 0, 'irr': 0, 'irrigation': 0, 'dam': 4, 'Nallah': 0, 'Retrofitting': 0, 'Pond': 0, 'Pokhari': 0, 'D/C': 0, 'Recharge shaft': 0, 'LFB': 0, 'RFB': 0}","{'Floodlight': 0, 'Flood Light': 0, 'GAS': 0, 'FIFA': 0, 'pipe': 0, 'pipes': 0, 'covid': 0, 'supply': 0, 'Beautification': 0, 'Installation': 0}",Pre-Monsoon,,False,False,Repair and Restoration,"{'Check Dam': 4, 'Construction': 2}"
2026_ORULB_126953_15,EOBRP/07/2025-26,Covering of drain from Shaikh Safique house to Santoshi Mandir in ward no 4,Covering of drain from Shaikh Safique house to Santoshi Mandir in ward no 4,Works,Open Tender,Percentage,Civil Works - Others,No,No,NA ,07-Mar-2026 11:00 AM,NA ,90.0,No ,No,Online,16-Mar-2026 03:00 PM,Municipal Bodies||Barpali NAC,Barpali,768029.0,1.0,"6,72,438",JITEN SUNA,"499,012.73",Rejected-AOC,17-Jul-2026,Municipal Bodies||Barpali NAC,True,"{'Flood': 0, 'Embankment': 0, 'embkt': 0, 'Relief': 0, 'Erosion': 0, 'SDRF': 0, 'Inundation': 0, 'Hydrology': 0, 'Silt': 0, 'Siltation': 0, 'Bund': 0, 'Trench': 0, 'Breach': 0, 'Culvert': 0, 'Sluice': 0, 'Dyke': 0, 'Storm water drain': 0, 'Emergency': 0, 'Immediate': 0, 'IM': 0, 'AE': 0, 'A E': 0, 'AAPDA MITRA': 0, 'flood': 0, 'Bridge': 0, 'River': 0, 'Drain': 2, 'Restoration': 0, 'Protection': 0, 'irr': 0, 'irrigation': 0, 'dam': 0, 'Nallah': 0, 'Retrofitting': 0, 'Pond': 0, 'Pokhari': 0, 'D/C': 0, 'Recharge shaft': 0, 'LFB': 0, 'RFB': 0}","{'Floodlight': 0, 'Flood Light': 0, 'GAS': 0, 'FIFA': 0, 'pipe': 0, 'pipes': 0, 'covid': 0, 'supply': 0, 'Beautification': 0, 'Installation': 0}",Pre-Monsoon,,False,True,Repair and Restoration,{'Drain': 2}
2026_CEBBS_129635_4,SE-AID-3/2026-27,Construction of Trough wall to Ghodadian Sub Minor in between RD 700m to RD 760m of Sapua Badjore Irrigation Project Working RD from 700m to 788m,Construction of Trough wall to Ghodadian Sub Minor in between RD 700m to RD 760m of Sapua Badjore Irrigation Project Working RD from 700m to 788m,Works,Open Tender,Percentage,Civil Works - Canal,No,No,NA ,25-May-2026 11:00 AM,NA ,90.0,No ,No,Online,04-Jun-2026 09:00 AM,CE and BM Brahmani Basin Samal||SE Angul Irrigation Circle Angul||EE Angul Irrigation Division Angul,Angul,759143.0,1.0,,SAROJ KUMAR BHUTIA,"550,284",Rejected-Finance,01-Nov-2026,CE and BM Brahmani Basin Samal||SE Angul Irrigation Circle Angul||EE Angul Irrigation Division Angul,True,"{'Flood': 0, 'Embankment': 0, 'embkt': 0, 'Relief': 0, 'Erosion': 0, 'SDRF': 0, 'Inundation': 0, 'Hydrology': 0, 'Silt': 0, 'Siltation': 0, 'Bund': 0, 'Trench': 0, 'Breach': 0, 'Culvert': 0, 'Sluice': 0, 'Dyke': 0, 'Storm water drain': 0, 'Emergency': 0, 'Immediate': 0, 'IM': 0, 'AE': 0, 'A E': 0, 'AAPDA MITRA': 0, 'flood': 0, 'Bridge': 0, 'River': 0, 'Drain': 0, 'Restoration': 0, 'Protection': 0, 'irr': 0, 'irrigation': 2, 'dam': 0, 'Nallah': 0, 'Retrofitting': 0, 'Pond': 0, 'Pokhari': 0, 'D/C': 0, 'Recharge shaft': 0, 'LFB': 0, 'RFB': 0}","{'Floodlight': 0, 'Flood Light': 0, 'GAS': 0, 'FIFA': 0, 'pipe': 0, 'pipes': 0, 'covid': 0, 'supply': 0, 'Beautification': 0, 'Installation': 0}",Pre-Monsoon,,False,False,Repair and Restoration,{'Construction': 2}
2026_ORULB_128094_8,NAC-Daspalla/01/2026-27,Development of Khandapada School Pokhari in Ward No.16 of NAC Daspalla.,Development of Khandapada School Pokhari in Ward No.16 of NAC Daspalla.,Works,Open Tender,Percentage,Civil Works - Others,No,No,NA ,15-Apr-2026 09:00 AM,NA ,180.0,No ,No,Online,28-Apr-2026 11:00 AM,Municipal Bodies||Daspalla NAC,DASPALLA,752084.0,1.0,"11,55,084",SHEK MUJAHID,"1,152,774",Rejected-AOC,31-Jul-2026,Municipal Bodies||Daspalla NAC,True,"{'Flood': 0, 'Embankment': 0, 'embkt': 0, 'Relief': 0, 'Erosion': 0, 'SDRF': 0, 'Inundation': 0, 'Hydrology': 0, 'Silt': 0, 'Siltation': 0, 'Bund': 0, 'Trench': 0, 'Breach': 0, 'Culvert': 0, 'Sluice': 0, 'Dyke': 0, 'Storm water drain': 0, 'Emergency': 0, 'Immediate': 0, 'IM': 0, 'AE': 0, 'A E': 0, 'AAPDA MITRA': 0, 'flood': 0, 'Bridge': 0, 'River': 0, 'Drain': 0, 'Restoration': 0, 'Protection': 0, 'irr': 0, 'irrigation': 0, 'dam': 0, 'Nallah': 0, 'Retrofitting': 0, 'Pond': 0, 'Pokhari': 2, 'D/C': 0, 'Recharge shaft': 0, 'LFB': 0, 'RFB': 0}","{'Floodlight': 0, 'Flood Light': 0, 'GAS': 0, 'FIFA': 0, 'pipe': 0, 'pipes': 0, 'covid': 0, 'supply': 0, 'Beautification': 0, 'Installation': 0}",Pre-Monsoon,,False,False,Others,
2026_SCDBH_127609_36,e-Procurement Notice-SAL-BDK-4-P1 OF 2025-26,"(36) Raising and strengthening Salandi Left and Desilting river bed ,including construction of protection near Qajimahala in Bhadrak Municipality area.",Embankment protection,Works,Open Tender,Percentage,Civil Works - Others,No,No,NA ,26-Mar-2026 11:00 AM,NA ,90.0,No ,No,Online,10-Apr-2026 11:00 AM,CE BM Baitarani Basin Kenojhar||Addl CE Salapada Irrigation Circle Salapada||SE Salandi Canal Division Bhadrak,Bhadrak,756100.0,1.0,"32,10,221",Arsad Ali Khan,"2,729,009",Rejected-Technical,20-Jul-2026,CE BM Baitarani Basin Kenojhar||Addl CE Salapada Irrigation Circle Salapada||SE Salandi Canal Division Bhadrak,True,"{'Flood': 0, 'Embankment': 1, 'embkt': 0, 'Relief': 0, 'Erosion': 0, 'SDRF': 0, 'Inundation': 0, 'Hydrology': 0, 'Silt': 0, 'Siltation': 0, 'Bund': 0, 'Trench': 0, 'Breach': 0, 'Culvert': 0, 'Sluice': 0, 'Dyke': 0, 'Storm water drain': 0, 'Emergency': 0, 'Immediate': 0, 'IM': 0, 'AE': 0, 'A E': 0, 'AAPDA MITRA': 0, 'flood': 0, 'Bridge': 0, 'River': 1, 'Drain': 0, 'Restoration': 0, 'Protection': 2, 'irr': 0, 'irrigation': 0, 'dam': 0, 'Nallah': 0, 'Retrofitting': 0, 'Pond': 0, 'Pokhari': 0, 'D/C': 0, 'Recharge shaft': 0, 'LFB': 0, 'RFB': 0}","{'Floodlight': 0, 'Flood Light': 0, 'GAS': 0, 'FIFA': 0, 'pipe': 0, 'pipes': 0, 'covid': 0, 'supply': 0, 'Beautification': 0, 'Installation': 0}",Pre-Monsoon,,False,True,Repair and Restoration,"{'raising': 1, 'strengthening': 1, 'Construction': 1}"
2026_ORULB_128734_1,SNP-MUN-37/2026-27,Construction of Drain from Gundicha Temple to Kumbharpada Chhak W.No-6,Construction of Drain from Gundicha Temple to Kumbharpada Chhak W.No-6,Works,Open Tender,Percentage,Civil Works - Others,No,No,NA ,05-May-2026 11:00 AM,NA ,60.0,No ,No,Online,16-May-2026 11:00 AM,Municipal Bodies||Sonepur Municipal Council,Sonepur Municipality,767017.0,1.0,"7,56,402",SWITY AGRAWAL,"756,402",Rejected-Technical,24-Jul-2026,Municipal Bodies||Sonepur Municipal Council,True,"{'Flood': 0, 'Embankment': 0, 'embkt': 0, 'Relief': 0, 'Erosion': 0, 'SDRF': 0, 'Inundation': 0, 'Hydrology': 0, 'Silt': 0, 'Siltation': 0, 'Bund': 0, 'Trench': 0, 'Breach': 0, 'Culvert': 0, 'Sluice': 0, 'Dyke': 0, 'Storm water drain': 0, 'Emergency': 0, 'Immediate': 0, 'IM': 0, 'AE': 0, 'A E': 0, 'AAPDA MITRA': 0, 'flood': 0, 'Bridge': 0, 'River': 0, 'Drain': 2, 'Restoration': 0, 'Protection': 0, 'irr': 0, 'irrigation': 0, 'dam': 0, 'Nallah': 0, 'Retrofitting': 0, 'Pond': 0, 'Pokhari': 0, 'D/C': 0, 'Recharge shaft': 0, 'LFB': 0, 'RFB': 0}","{'Floodlight': 0, 'Flood Light': 0, 'GAS': 0, 'FIFA': 0, 'pipe': 0, 'pipes': 0, 'covid': 0, 'supply': 0, 'Beautification': 0, 'Installation': 0}",Pre-Monsoon,,False,True,Repair and Restoration,"{'Construction': 2, 'Drain': 2}"
2026_CEMIB_125474_4,SEMIDBLS-11/2025- 26,Improvement to Dhanasijha Check Dam near village Mirigimundi in Balasore Block of Balasore District under Improvement to Check Dam Scheme for the year 2025-26,Improvement to Dhanasijha Check Dam near village Mirigimundi in Balasore Block of Balasore District under Improvement to Check Dam Scheme for the year 2025-26,Works,Open Tender,Percentage,Civil Works - Others,No,No,NA ,05-Feb-2026 10:00 AM,NA ,90.0,No ,No,Online,17-Feb-2026 11:00 AM,"CE,Minor Irrigation,BBSR||Baripada Minor Irrigation Circle Baripada||MI Division Balasore",Balasore Block,756001.0,1.0,"3,67,990",KRUSHNA CHANDRA SWAIN,"285,192",Accepted-AOC,31-Jul-2026,"CE,Minor Irrigation,BBSR||Baripada Minor Irrigation Circle Baripada||MI Division Balasore",True,"{'Flood': 0, 'Embankment': 0, 'embkt': 0, 'Relief': 0, 'Erosion': 0, 'SDRF': 0, 'Inundation': 0, 'Hydrology': 0, 'Silt': 0, 'Siltation': 0, 'Bund': 0, 'Trench': 0, 'Breach': 0, 'Culvert': 0, 'Sluice': 0, 'Dyke': 0, 'Storm water drain': 0, 'Emergency': 0, 'Immediate': 0, 'IM': 0, 'AE': 0, 'A E': 0, 'AAPDA MITRA': 0, 'flood': 0, 'Bridge': 0, 'River': 0, 'Drain': 0, 'Restoration': 0, 'Protection': 0, 'irr': 0, 'irrigation': 0, 'dam': 4, 'Nallah': 0, 'Retrofitting': 0, 'Pond': 0, 'Pokhari': 0, 'D/C': 0, 'Recharge shaft': 0, 'LFB': 0, 'RFB': 0}","{'Floodlight': 0, 'Flood Light': 0, 'GAS': 0, 'FIFA': 0, 'pipe': 0, 'pipes': 0, 'covid': 0, 'supply': 0, 'Beautification': 0, 'Installation': 0}",Post-Monsoon,,False,False,Repair and Restoration,"{'improvement': 4, 'Check Dam': 4}"
2026_EICCL_127497_1,Bid Identification No-SE-R AND B-SNG-35 OF 2025-26,Construction of RCC Drain with Cover Slab at CHC Rajgangpur for the year 2025.26 under DMF,Construction of RCC Drain with Cover Slab at CHC Rajgangpur for the year 2025.26 under DMF,Works,Open Tender,Percentage,Civil Works - Buildings,No,No,NA ,25-Mar-2026 10:00 AM,NA ,90.0,No ,No,Online,07-Apr-2026 11:00 AM,EIC-CIVIL||SERNB-CIRCLE-KEONJHAR||EERNB-DIVN-SUNDERGARH,Sundargarh,770001.0,1.0,"16,36,338",RITA DAS,"1,634,701.55",Rejected-Technical,05-Jul-2026,EIC-CIVIL||SERNB-CIRCLE-KEONJHAR||EERNB-DIVN-SUNDERGARH,True,"{'Flood': 0, 'Embankment': 0, 'embkt': 0, 'Relief': 0, 'Erosion': 0, 'SDRF': 0, 'Inundation': 0, 'Hydrology': 0, 'Silt': 0, 'Siltation': 0, 'Bund': 0, 'Trench': 0, 'Breach': 0, 'Culvert': 0, 'Sluice': 0, 'Dyke': 0, 'Storm water drain': 0, 'Emergency': 0, 'Immediate': 0, 'IM': 0, 'AE': 0, 'A E': 0, 'AAPDA MITRA': 0, 'flood': 0, 'Bridge': 0, 'River': 0, 'Drain': 2, 'Restoration': 0, 'Protection': 0, 'irr': 0, 'irrigation': 0, 'dam': 0, 'Nallah': 0, 'Retrofitting': 0, 'Pond': 0, 'Pokhari': 0, 'D/C': 0, 'Recharge shaft': 0, 'LFB': 0, 'RFB': 0}","{'Floodlight': 0, 'Flood Light': 0, 'GAS': 0, 'FIFA': 0, 'pipe': 0, 'pipes': 0, 'covid': 0, 'supply': 0, 'Beautification': 0, 'Installation': 0}",Pre-Monsoon,,False,True,Repair and Restoration,"{'Construction': 2, 'Drain': 2}"
2026_ORULB_125611_19,BRJNRM -05/2025-26,Const. of Drain with Cover slab from Campus Chowk to Rajkumar Hotel Chowk and ward No.11.,Drain with Cover slab,Works,Open Tender,Percentage,Civil Works - Others,No,No,NA ,07-Feb-2026 06:00 PM,NA ,90.0,No ,No,Online,21-Feb-2026 11:00 AM,Municipal Bodies||Brajrajnagar Municipality,Brajrajnagar Municipality,768216.0,2.0,"19,00,000",JAI BIR HANUMAN ENTERPRISES,"1,609,146.28",Rejected-AOC,07-Jul-2026,Municipal Bodies||Brajrajnagar Municipality,True,"{'Flood': 0, 'Embankment': 0, 'embkt': 0, 'Relief': 0, 'Erosion': 0, 'SDRF': 0, 'Inundation': 0, 'Hydrology': 0, 'Silt': 0, 'Siltation': 0, 'Bund': 0, 'Trench': 0, 'Breach': 0, 'Culvert': 0, 'Sluice': 0, 'Dyke': 0, 'Storm water drain': 0, 'Emergency': 0, 'Immediate': 0, 'IM': 0, 'AE': 0, 'A E': 0, 'AAPDA MITRA': 0, 'flood': 0, 'Bridge': 0, 'River': 0, 'Drain': 2, 'Restoration': 0, 'Protection': 0, 'irr': 0, 'irrigation': 0, 'dam': 0, 'Nallah': 0, 'Retrofitting': 0, 'Pond': 0, 'Pokhari': 0, 'D/C': 0, 'Recharge shaft': 0, 'LFB': 0, 'RFB': 0}","{'Floodlight': 0, 'Flood Light': 0, 'GAS': 0, 'FIFA': 0, 'pipe': 0, 'pipes': 0, 'covid': 0, 'supply': 0, 'Beautification': 0, 'Installation': 0}",Post-Monsoon,,False,True,Repair and Restoration,{'Drain': 2}
2026_ORULB_125611_25,BRJNRM -05/2025-26,Construction of Repair of Pot holes and cover drain slab in Brajrajnagar Municipality Area.,Pot holes and cover drain slab,Works,Open Tender,Percentage,Civil Works - Others,No,No,NA ,07-Feb-2026 06:00 PM,NA ,90.0,No ,No,Online,21-Feb-2026 11:00 AM,Municipal Bodies||Brajrajnagar Municipality,Brajrajnagar Municipality,768216.0,2.0,"19,00,000",KANHAYA RAJAK,"1,448,152.95",Rejected-AOC,07-Jul-2026,Municipal Bodies||Brajrajnagar Municipality,True,"{'Flood': 0, 'Embankment': 0, 'embkt': 0, 'Relief': 0, 'Erosion': 0, 'SDRF': 0, 'Inundation': 0, 'Hydrology': 0, 'Silt': 0, 'Siltation': 0, 'Bund': 0, 'Trench': 0, 'Breach': 0, 'Culvert': 0, 'Sluice': 0, 'Dyke': 0, 'Storm water drain': 0, 'Emergency': 0, 'Immediate': 0, 'IM': 0, 'AE': 0, 'A E': 0, 'AAPDA MITRA': 0, 'flood': 0, 'Bridge': 0, 'River': 0, 'Drain': 2, 'Restoration': 0, 'Protection': 0, 'irr': 0, 'irrigation': 0, 'dam': 0, 'Nallah': 0, 'Retrofitting': 0, 'Pond': 0, 'Pokhari': 0, 'D/C': 0, 'Recharge shaft': 0, 'LFB': 0, 'RFB': 0}","{'Floodlight': 0, 'Flood Light': 0, 'GAS': 0, 'FIFA': 0, 'pipe': 0, 'pipes': 0, 'covid': 0, 'supply': 0, 'Beautification': 0, 'Installation': 0}",Post-Monsoon,,False,True,Repair and Restoration,"{'repair': 1, 'Construction': 1, 'Drain': 2}"
2026_ORULB_127482_73,BLGR MPTY/13(01-73)/2025-26,"Construction of Paver Road and Drain with Cover Slab from Rabi Suna res to Jitu Suna res, Salepali, W.No.18",Road and Drain Work,Works,Open Tender,Percentage,Civil Works - Roads,No,No,NA ,24-Mar-2026 11:00 AM,NA ,180.0,No ,No,Online,06-Apr-2026 11:00 AM,Municipal Bodies||Balangir Municipality,Balangir,767001.0,1.0,"10,15,375",RAJENDRA PUROHIT,"1,014,359.67",Rejected-Finance,17-Jul-2026,Municipal Bodies||Balangir Municipality,True,"{'Flood': 0, 'Embankment': 0, 'embkt': 0, 'Relief': 0, 'Erosion': 0, 'SDRF': 0, 'Inundation': 0, 'Hydrology': 0, 'Silt': 0, 'Siltation': 0, 'Bund': 0, 'Trench': 0, 'Breach': 0, 'Culvert': 0, 'Sluice': 0, 'Dyke': 0, 'Storm water drain': 0, 'Emergency': 0, 'Immediate': 0, 'IM': 0, 'AE': 0, 'A E': 0, 'AAPDA MITRA': 0, 'flood': 0, 'Bridge': 0, 'River': 0, 'Drain': 2, 'Restoration': 0, 'Protection': 0, 'irr': 0, 'irrigation': 0, 'dam': 0, 'Nallah': 0, 'Retrofitting': 0, 'Pond': 0, 'Pokhari': 0, 'D/C': 0, 'Recharge shaft': 0, 'LFB': 0, 'RFB': 0}","{'Floodlight': 0, 'Flood Light': 0, 'GAS': 0, 'FIFA': 0, 'pipe': 0, 'pipes': 0, 'covid': 0, 'supply': 0, 'Beautification': 0, 'Installation': 0}",Pre-Monsoon,,False,True,Repair and Restoration,"{'Construction': 1, 'Drain': 2}"
2026_CEBMT_128388_10,EEBOD-02/26-27,Flood Protection work for both Left and Right bank of Nuasahi Nalla of Boudh NAC.(WITHIN RD 350M TO 600M),River Embankment,Works,Open Tender,Percentage,Civil Works - Others,No,No,NA ,27-Apr-2026 11:00 AM,NA ,90.0,No ,No,Online,14-May-2026 11:00 AM,"CE-BM, Tel Basin,Bhawanipatna||SE Balangir Irr Circle Balangir||EE Boudh Irr Divn Boudh",Boudh,762014.0,2.0,"79,83,000",Asharani Mishra,"7,975,393.49",Rejected-Finance,10-Jul-2026,"CE-BM, Tel Basin,Bhawanipatna||SE Balangir Irr Circle Balangir||EE Boudh Irr Divn Boudh",True,"{'Flood': 1, 'Embankment': 1, 'embkt': 0, 'Relief': 0, 'Erosion': 0, 'SDRF': 0, 'Inundation': 0, 'Hydrology': 0, 'Silt': 0, 'Siltation': 0, 'Bund': 0, 'Trench': 0, 'Breach': 0, 'Culvert': 0, 'Sluice': 0, 'Dyke': 0, 'Storm water drain': 0, 'Emergency': 0, 'Immediate': 0, 'IM': 0, 'AE': 0, 'A E': 0, 'AAPDA MITRA': 0, 'flood': 1, 'Bridge': 0, 'River': 1, 'Drain': 0, 'Restoration': 0, 'Protection': 1, 'irr': 0, 'irrigation': 0, 'dam': 0, 'Nallah': 0, 'Retrofitting': 0, 'Pond': 0, 'Pokhari': 0, 'D/C': 0, 'Recharge shaft': 0, 'LFB': 0, 'RFB': 0}","{'Floodlight': 0, 'Flood Light': 0, 'GAS': 0, 'FIFA': 0, 'pipe': 0, 'pipes': 0, 'covid': 0, 'supply': 0, 'Beautification': 0, 'Installation': 0}",Pre-Monsoon,,False,True,Preparedness Measures,"{'Protection': 1, 'Flood Protection work': 1}"
2026_CEBMT_128388_11,EEBOD-02/26-27,Flood Protection work for both Left and Right bank of Ramajongi Nalla near village Kaleswar (within RD 6500M TO 8400M),River Embankment,Works,Open Tender,Percentage,Civil Works - Others,No,No,NA ,27-Apr-2026 11:00 AM,NA ,90.0,No ,No,Online,14-May-2026 11:00 AM,"CE-BM, Tel Basin,Bhawanipatna||SE Balangir Irr Circle Balangir||EE Boudh Irr Divn Boudh",Boudh,762014.0,2.0,"81,53,000",SUNIL KUMAR NAIK,"8,144,872.4",Rejected-Finance,10-Jul-2026,"CE-BM, Tel Basin,Bhawanipatna||SE Balangir Irr Circle Balangir||EE Boudh Irr Divn Boudh",True,"{'Flood': 1, 'Embankment': 1, 'embkt': 0, 'Relief': 0, 'Erosion': 0, 'SDRF': 0, 'Inundation': 0, 'Hydrology': 0, 'Silt': 0, 'Siltation': 0, 'Bund': 0, 'Trench': 0, 'Breach': 0, 'Culvert': 0, 'Sluice': 0, 'Dyke': 0, 'Storm water drain': 0, 'Emergency': 0, 'Immediate': 0, 'IM': 0, 'AE': 0, 'A E': 0, 'AAPDA MITRA': 0, 'flood': 1, 'Bridge': 0, 'River': 1, 'Drain': 0, 'Restoration': 0, 'Protection': 1, 'irr': 0, 'irrigation': 0, 'dam': 0, 'Nallah': 0, 'Retrofitting': 0, 'Pond': 0, 'Pokhari': 0, 'D/C': 0, 'Recharge shaft': 0, 'LFB': 0, 'RFB': 0}","{'Floodlight': 0, 'Flood Light': 0, 'GAS': 0, 'FIFA': 0, 'pipe': 0, 'pipes': 0, 'covid': 0, 'supply': 0, 'Beautification': 0, 'Installation': 0}",Pre-Monsoon,,False,True,Preparedness Measures,"{'Protection': 1, 'Flood Protection work': 1}"
2026_CEBMB_128728_1,HID-03/2026-27,Protection of reservoir at entry point of River Harabhangi at Adava of HIP.,FLOOD PROTECTION WORK,Works,National Competitive Bid,Percentage,Civil Works - Others,No,No,NA ,04-May-2026 11:00 AM,NA ,90.0,No ,No,Online,25-May-2026 11:00 AM,"CE-BM,RVN Basin,Berhampur||SE Southern Irr Circle II Paralakhemundi||EE Harabhangi Irr Divn Adava",ADAVA,761217.0,1.0,"46,14,769",Santosh Kumar Panda,"3,248,797",Rejected-Finance,22-Jul-2026,"CE-BM,RVN Basin,Berhampur||SE Southern Irr Circle II Paralakhemundi||EE Harabhangi Irr Divn Adava",True,"{'Flood': 1, 'Embankment': 0, 'embkt': 0, 'Relief': 0, 'Erosion': 0, 'SDRF': 0, 'Inundation': 0, 'Hydrology': 0, 'Silt': 0, 'Siltation': 0, 'Bund': 0, 'Trench': 0, 'Breach': 0, 'Culvert': 0, 'Sluice': 0, 'Dyke': 0, 'Storm water drain': 0, 'Emergency': 0, 'Immediate': 0, 'IM': 0, 'AE': 0, 'A E': 0, 'AAPDA MITRA': 0, 'flood': 1, 'Bridge': 0, 'River': 1, 'Drain': 0, 'Restoration': 0, 'Protection': 2, 'irr': 0, 'irrigation': 0, 'dam': 0, 'Nallah': 0, 'Retrofitting': 0, 'Pond': 0, 'Pokhari': 0, 'D/C': 0, 'Recharge shaft': 0, 'LFB': 0, 'RFB': 0}","{'Floodlight': 0, 'Flood Light': 0, 'GAS': 0, 'FIFA': 0, 'pipe': 0, 'pipes': 0, 'covid': 0, 'supply': 0, 'Beautification': 0, 'Installation': 0}",Pre-Monsoon,,False,False,Preparedness Measures,"{'Protection': 2, 'Flood Protection work': 1}"
2026_OWSSB_126023_1,06/OWSSB/2025-26,"Survey, investigation, design, construction, commissioning and trail run of different engineering short term interventions for pollution abatement of existing natural nallah in Rairangpur municipality","Survey, investigation, design, construction, commissioning and trail run of different engineering short term interventions for pollution abatement of existing natural nallah in Rairangpur municipality",Works,National Competitive Bid,Lump-sum,Civil Works - Others,No,No,NA ,13-Feb-2026 05:30 PM,19-Feb-2026 12:00 PM ,180.0,No ,No,Online,09-Mar-2026 05:00 PM,Orissa Water Supply and Sewerage Board,Rairangpur,757043.0,2.0,,M/s CEF ENGINEERING,"188,500,000",Accepted-AOC,31-Jul-2026,Orissa Water Supply and Sewerage Board,True,"{'Flood': 0, 'Embankment': 0, 'embkt': 0, 'Relief': 0, 'Erosion': 0, 'SDRF': 0, 'Inundation': 0, 'Hydrology': 0, 'Silt': 0, 'Siltation': 0, 'Bund': 0, 'Trench': 0, 'Breach': 0, 'Culvert': 0, 'Sluice': 0, 'Dyke': 0, 'Storm water drain': 0, 'Emergency': 0, 'Immediate': 0, 'IM': 0, 'AE': 0, 'A E': 0, 'AAPDA MITRA': 0, 'flood': 0, 'Bridge': 0, 'River': 0, 'Drain': 0, 'Restoration': 0, 'Protection': 0, 'irr': 0, 'irrigation': 0, 'dam': 0, 'Nallah': 2, 'Retrofitting': 0, 'Pond': 0, 'Pokhari': 0, 'D/C': 0, 'Recharge shaft': 0, 'LFB': 0, 'RFB': 0}","{'Floodlight': 0, 'Flood Light': 0, 'GAS': 0, 'FIFA': 0, 'pipe': 0, 'pipes': 0, 'covid': 0, 'supply': 0, 'Beautification': 0, 'Installation': 0}",Post-Monsoon,,False,False,Repair and Restoration,{'Construction': 2}
2026_ORULB_129299_1,BM_04_2026_27,Construction of Drain with Cover Slab and Culvert from Telenga Sahi Sai Temple to Railway Culvert in Ward No 19 and 20,Construction of Drain with Cover Slab and Culvert from Telenga Sahi Sai Temple to Railway Culvert in Ward No 19 and 20,Works,Open Tender,Percentage,Civil Works - Roads,No,No,NA ,14-May-2026 05:00 PM,NA ,90.0,No ,No,Online,30-May-2026 11:00 AM,Municipal Bodies||Balasore Municipality,Balasore Municipality,756003.0,2.0,"50,84,746",DINESH KUMAR BEHERA,"4,576,271.19",Accepted-AOC,17-Jul-2026,Municipal Bodies||Balasore Municipality,True,"{'Flood': 0, 'Embankment': 0, 'embkt': 0, 'Relief': 0, 'Erosion': 0, 'SDRF': 0, 'Inundation': 0, 'Hydrology': 0, 'Silt': 0, 'Siltation': 0, 'Bund': 0, 'Trench': 0, 'Breach': 0, 'Culvert': 4, 'Sluice': 0, 'Dyke': 0, 'Storm water drain': 0, 'Emergency': 0, 'Immediate': 0, 'IM': 0, 'AE': 0, 'A E': 0, 'AAPDA MITRA': 0, 'flood': 0, 'Bridge': 0, 'River': 0, 'Drain': 2, 'Restoration': 0, 'Protection': 0, 'irr': 0, 'irrigation': 0, 'dam': 0, 'Nallah': 0, 'Retrofitting': 0, 'Pond': 0, 'Pokhari': 0, 'D/C': 0, 'Recharge shaft': 0, 'LFB': 0, 'RFB': 0}","{'Floodlight': 0, 'Flood Light': 0, 'GAS': 0, 'FIFA': 0, 'pipe': 0, 'pipes': 0, 'covid': 0, 'supply': 0, 'Beautification': 0, 'Installation': 0}",Pre-Monsoon,,False,True,Repair and Restoration,"{'Construction': 2, 'Drain': 2}"
2026_ORULB_127815_2,MC(CMC)CTC_Div-II_No.3/2026-27,Renovation of Saanta Sahi Pond in Ward No. 24.,Renovation of Saanta Sahi Pond in Ward No. 24.,Works,Open Tender,Percentage,Civil Works - Others,No,No,NA ,30-Apr-2026 01:00 PM,NA ,90.0,No ,No,Online,14-May-2026 11:00 AM,Municipal Bodies||Cuttack Municipal Corporation,CMC,753001.0,1.0,"16,77,000",SUMANTA DAS,"1,677,103",Accepted-AOC,17-Jul-2026,Municipal Bodies||Cuttack Municipal Corporation,True,"{'Flood': 0, 'Embankment': 0, 'embkt': 0, 'Relief': 0, 'Erosion': 0, 'SDRF': 0, 'Inundation': 0, 'Hydrology': 0, 'Silt': 0, 'Siltation': 0, 'Bund': 0, 'Trench': 0, 'Breach': 0, 'Culvert': 0, 'Sluice': 0, 'Dyke': 0, 'Storm water drain': 0, 'Emergency': 0, 'Immediate': 0, 'IM': 0, 'AE': 0, 'A E': 0, 'AAPDA MITRA': 0, 'flood': 0, 'Bridge': 0, 'River': 0, 'Drain': 0, 'Restoration': 0, 'Protection': 0, 'irr': 0, 'irrigation': 0, 'dam': 0, 'Nallah': 0, 'Retrofitting': 0, 'Pond': 2, 'Pokhari': 0, 'D/C': 0, 'Recharge shaft': 0, 'LFB': 0, 'RFB': 0}","{'Floodlight': 0, 'Flood Light': 0, 'GAS': 0, 'FIFA': 0, 'pipe': 0, 'pipes': 0, 'covid': 0, 'supply': 0, 'Beautification': 0, 'Installation': 0}",Pre-Monsoon,,False,False,Repair and Restoration,{'renovation': 2}
2026_CEBBS_129635_5,SE-AID-3/2026-27,Construction of RCC Trough wall to Bahalunda Sub Minor from RD 20m to RD 60m of Sapua Badjore Irrigation Project Working RD from 20m to 77.50m,Construction of RCC Trough wall to Bahalunda Sub Minor from RD 20m to RD 60m of Sapua Badjore Irrigation Project Working RD from 20m to 77.50m,Works,Open Tender,Percentage,Civil Works - Canal,No,No,NA ,25-May-2026 11:00 AM,NA ,90.0,No ,No,Online,04-Jun-2026 09:00 AM,CE and BM Brahmani Basin Samal||SE Angul Irrigation Circle Angul||EE Angul Irrigation Division Angul,Angul,759143.0,1.0,,SOUMYA RANJAN BEHERA,"466,079",Rejected-Finance,01-Nov-2026,CE and BM Brahmani Basin Samal||SE Angul Irrigation Circle Angul||EE Angul Irrigation Division Angul,True,"{'Flood': 0, 'Embankment': 0, 'embkt': 0, 'Relief': 0, 'Erosion': 0, 'SDRF': 0, 'Inundation': 0, 'Hydrology': 0, 'Silt': 0, 'Siltation': 0, 'Bund': 0, 'Trench': 0, 'Breach': 0, 'Culvert': 0, 'Sluice': 0, 'Dyke': 0, 'Storm water drain': 0, 'Emergency': 0, 'Immediate': 0, 'IM': 0, 'AE': 0, 'A E': 0, 'AAPDA MITRA': 0, 'flood': 0, 'Bridge': 0, 'River': 0, 'Drain': 0, 'Restoration': 0, 'Protection': 0, 'irr': 0, 'irrigation': 2, 'dam': 0, 'Nallah': 0, 'Retrofitting': 0, 'Pond': 0, 'Pokhari': 0, 'D/C': 0, 'Recharge shaft': 0, 'LFB': 0, 'RFB': 0}","{'Floodlight': 0, 'Flood Light': 0, 'GAS': 0, 'FIFA': 0, 'pipe': 0, 'pipes': 0, 'covid': 0, 'supply': 0, 'Beautification': 0, 'Installation': 0}",Pre-Monsoon,,False,False,Repair and Restoration,{'Construction': 2}
2026_CEMIB_129278_3,SEMIDPDP-01/2026-27,Construction of KHADIAPARA JOREGHAT in-stream storage structure (Low height check Dam) over Deodhara (Bramhani) nalla near village Banjipali in Ambabhona Block of Bargarh District under MATY-3.0 Scheme for the year 2026-27,Construction of KHADIAPARA JOREGHAT in-stream storage structure (Low height check Dam) over Deodhara (Bramhani) nalla near village Banjipali in Ambabhona Block of Bargarh District under MATY-3.0 Scheme for the year 2026-27,Works,Open Tender,Percentage,Civil Works - Others,No,No,NA ,14-May-2026 11:00 AM,NA ,90.0,No ,No,Online,29-May-2026 11:00 AM,"CE,Minor Irrigation,BBSR||Balangir Minor Irrigation Circle Balangir||MI Division Padampur",Block Ambabhona Near Vill-Banjipali,768052.0,2.0,"85,72,173",PITAMBAR BEHERA,"8,562,744",Rejected-AOC,10-Jun-2026,"CE,Minor Irrigation,BBSR||Balangir Minor Irrigation Circle Balangir||MI Division Padampur",True,"{'Flood': 0, 'Embankment': 0, 'embkt': 0, 'Relief': 0, 'Erosion': 0, 'SDRF': 0, 'Inundation': 0, 'Hydrology': 0, 'Silt': 0, 'Siltation': 0, 'Bund': 0, 'Trench': 0, 'Breach': 0, 'Culvert': 0, 'Sluice': 0, 'Dyke': 0, 'Storm water drain': 0, 'Emergency': 0, 'Immediate': 0, 'IM': 0, 'AE': 0, 'A E': 0, 'AAPDA MITRA': 0, 'flood': 0, 'Bridge': 0, 'River': 0, 'Drain': 0, 'Restoration': 0, 'Protection': 0, 'irr': 0, 'irrigation': 0, 'dam': 2, 'Nallah': 0, 'Retrofitting': 0, 'Pond': 0, 'Pokhari': 0, 'D/C': 0, 'Recharge shaft': 0, 'LFB': 0, 'RFB': 0}","{'Floodlight': 0, 'Flood Light': 0, 'GAS': 0, 'FIFA': 0, 'pipe': 0, 'pipes': 0, 'covid': 0, 'supply': 0, 'Beautification': 0, 'Installation': 0}",Pre-Monsoon,,False,False,Repair and Restoration,"{'Check Dam': 2, 'Construction': 2}"
2026_ORULB_126953_14,EOBRP/07/2025-26,Covering of drain from Anand behera to babula behera in ward no 3,Covering of drain from Anand behera to babula behera in ward no 3,Works,Open Tender,Percentage,Civil Works - Others,No,No,NA ,07-Mar-2026 11:00 AM,NA ,90.0,No ,No,Online,16-Mar-2026 03:00 PM,Municipal Bodies||Barpali NAC,Barpali,768029.0,1.0,"1,74,969",SHIBARATRI SETH (SC),"129,750.8",Rejected-AOC,17-Jul-2026,Municipal Bodies||Barpali NAC,True,"{'Flood': 0, 'Embankment': 0, 'embkt': 0, 'Relief': 0, 'Erosion': 0, 'SDRF': 0, 'Inundation': 0, 'Hydrology': 0, 'Silt': 0, 'Siltation': 0, 'Bund': 0, 'Trench': 0, 'Breach': 0, 'Culvert': 0, 'Sluice': 0, 'Dyke': 0, 'Storm water drain': 0, 'Emergency': 0, 'Immediate': 0, 'IM': 0, 'AE': 0, 'A E': 0, 'AAPDA MITRA': 0, 'flood': 0, 'Bridge': 0, 'River': 0, 'Drain': 2, 'Restoration': 0, 'Protection': 0, 'irr': 0, 'irrigation': 0, 'dam': 0, 'Nallah': 0, 'Retrofitting': 0, 'Pond': 0, 'Pokhari': 0, 'D/C': 0, 'Recharge shaft': 0, 'LFB': 0, 'RFB': 0}","{'Floodlight': 0, 'Flood Light': 0, 'GAS': 0, 'FIFA': 0, 'pipe': 0, 'pipes': 0, 'covid': 0, 'supply': 0, 'Beautification': 0, 'Installation': 0}",Pre-Monsoon,,False,True,Repair and Restoration,{'Drain': 2}
2026_CEBMT_128388_4,EEBOD-02/26-27,Flood Protection work to the Right Mahanadi inbetween RD 61.80KM to 62.20km near village Ramgharh of SIP.,River Embankment,Works,Open Tender,Percentage,Civil Works - Others,No,No,NA ,27-Apr-2026 11:00 AM,NA ,90.0,No ,No,Online,14-May-2026 11:00 AM,"CE-BM, Tel Basin,Bhawanipatna||SE Balangir Irr Circle Balangir||EE Boudh Irr Divn Boudh",Boudh,762014.0,2.0,"79,83,000",RAJESH KUMAR PRADHAN,"7,975,364.95",Rejected-Finance,10-Jul-2026,"CE-BM, Tel Basin,Bhawanipatna||SE Balangir Irr Circle Balangir||EE Boudh Irr Divn Boudh",True,"{'Flood': 1, 'Embankment': 1, 'embkt': 0, 'Relief': 0, 'Erosion': 0, 'SDRF': 0, 'Inundation': 0, 'Hydrology': 0, 'Silt': 0, 'Siltation': 0, 'Bund': 0, 'Trench': 0, 'Breach': 0, 'Culvert': 0, 'Sluice': 0, 'Dyke': 0, 'Storm water drain': 0, 'Emergency': 0, 'Immediate': 0, 'IM': 0, 'AE': 0, 'A E': 0, 'AAPDA MITRA': 0, 'flood': 1, 'Bridge': 0, 'River': 1, 'Drain': 0, 'Restoration': 0, 'Protection': 1, 'irr': 0, 'irrigation': 0, 'dam': 0, 'Nallah': 0, 'Retrofitting': 0, 'Pond': 0, 'Pokhari': 0, 'D/C': 0, 'Recharge shaft': 0, 'LFB': 0, 'RFB': 0}","{'Floodlight': 0, 'Flood Light': 0, 'GAS': 0, 'FIFA': 0, 'pipe': 0, 'pipes': 0, 'covid': 0, 'supply': 0, 'Beautification': 0, 'Installation': 0}",Pre-Monsoon,,False,True,Preparedness Measures,"{'Protection': 1, 'Flood Protection work': 1}"
2026_ORULB_126953_28,EOBRP/07/2025-26,Covering of drain from Sadabrata mandir to Gandaram Jeweller in ward no 9,Covering of drain from Sadabrata mandir to Gandaram Jeweller in ward no 9,Works,Open Tender,Percentage,Civil Works - Others,No,No,NA ,07-Mar-2026 11:00 AM,NA ,90.0,No ,No,Online,16-Mar-2026 03:00 PM,Municipal Bodies||Barpali NAC,Barpali,768029.0,1.0,"2,01,914",JITEN SUNA,"160,430.64",Rejected-AOC,17-Jul-2026,Municipal Bodies||Barpali NAC,True,"{'Flood': 0, 'Embankment': 0, 'embkt': 0, 'Relief': 0, 'Erosion': 0, 'SDRF': 0, 'Inundation': 0, 'Hydrology': 0, 'Silt': 0, 'Siltation': 0, 'Bund': 0, 'Trench': 0, 'Breach': 0, 'Culvert': 0, 'Sluice': 0, 'Dyke': 0, 'Storm water drain': 0, 'Emergency': 0, 'Immediate': 0, 'IM': 0, 'AE': 0, 'A E': 0, 'AAPDA MITRA': 0, 'flood': 0, 'Bridge': 0, 'River': 0, 'Drain': 2, 'Restoration': 0, 'Protection': 0, 'irr': 0, 'irrigation': 0, 'dam': 0, 'Nallah': 0, 'Retrofitting': 0, 'Pond': 0, 'Pokhari': 0, 'D/C': 0, 'Recharge shaft': 0, 'LFB': 0, 'RFB': 0}","{'Floodlight': 0, 'Flood Light': 0, 'GAS': 0, 'FIFA': 0, 'pipe': 0, 'pipes': 0, 'covid': 0, 'supply': 0, 'Beautification': 0, 'Installation': 0}",Pre-Monsoon,,False,True,Repair and Restoration,{'Drain': 2}
2026_PRTRB_127051_8,PS-THRMPR-T-3/2025-26,"Construction of Road with small culvert from Kendumundi Dharnibhata to Kanarpas, GP- Gopinathpur under Th.Rampur Block",Road work,Works,Open Tender,Percentage,Civil Works - Roads,No,No,NA ,10-Mar-2026 11:00 AM,NA ,90.0,No ,No,Online,31-Mar-2026 11:00 AM,Panchayati Raj and Drinking Water Department Odisha||Zilla Parisad Kalahandi||THUAMUL RAMPUR Block,Th.Rampur,766037.0,2.0,"1,24,29,447",Amiya Ranjan Barik,"10,440,735",Rejected-Finance,23-Jul-2026,Panchayati Raj and Drinking Water Department Odisha||Zilla Parisad Kalahandi||THUAMUL RAMPUR Block,True,"{'Flood': 0, 'Embankment': 0, 'embkt': 0, 'Relief': 0, 'Erosion': 0, 'SDRF': 0, 'Inundation': 0, 'Hydrology': 0, 'Silt': 0, 'Siltation': 0, 'Bund': 0, 'Trench': 0, 'Breach': 0, 'Culvert': 1, 'Sluice': 0, 'Dyke': 0, 'Storm water drain': 0, 'Emergency': 0, 'Immediate': 0, 'IM': 0, 'AE': 0, 'A E': 0, 'AAPDA MITRA': 0, 'flood': 0, 'Bridge': 0, 'River': 0, 'Drain': 0, 'Restoration': 0, 'Protection': 0, 'irr': 0, 'irrigation': 0, 'dam': 0, 'Nallah': 0, 'Retrofitting': 0, 'Pond': 0, 'Pokhari': 0, 'D/C': 0, 'Recharge shaft': 0, 'LFB': 0, 'RFB': 0}","{'Floodlight': 0, 'Flood Light': 0, 'GAS': 0, 'FIFA': 0, 'pipe': 0, 'pipes': 0, 'covid': 0, 'supply': 0, 'Beautification': 0, 'Installation': 0}",Pre-Monsoon,,False,True,Repair and Restoration,{'Construction': 1}
2026_CEBBS_128670_17,SE-AID-1/2026-27,Construction of R.C.C Trough wall from RD 800m to RD 880m of Telisahi Minor of Aunli Irrigation Project.,Construction of R.C.C Trough wall from RD 800m to RD 880m of Telisahi Minor of Aunli Irrigation Project.,Works,Open Tender,Percentage,Civil Works - Others,No,No,NA ,02-May-2026 11:00 AM,NA ,90.0,No ,No,Online,12-May-2026 11:00 AM,CE and BM Brahmani Basin Samal||SE Angul Irrigation Circle Angul||EE Angul Irrigation Division Angul,Angul,759143.0,1.0,,KEDARNATH MAJHI,"590,271",Rejected-Finance,16-Jun-2026,CE and BM Brahmani Basin Samal||SE Angul Irrigation Circle Angul||EE Angul Irrigation Division Angul,True,"{'Flood': 0, 'Embankment': 0, 'embkt': 0, 'Relief': 0, 'Erosion': 0, 'SDRF': 0, 'Inundation': 0, 'Hydrology': 0, 'Silt': 0, 'Siltation': 0, 'Bund': 0, 'Trench': 0, 'Breach': 0, 'Culvert': 0, 'Sluice': 0, 'Dyke': 0, 'Storm water drain': 0, 'Emergency': 0, 'Immediate': 0, 'IM': 0, 'AE': 0, 'A E': 0, 'AAPDA MITRA': 0, 'flood': 0, 'Bridge': 0, 'River': 0, 'Drain': 0, 'Restoration': 0, 'Protection': 0, 'irr': 0, 'irrigation': 2, 'dam': 0, 'Nallah': 0, 'Retrofitting': 0, 'Pond': 0, 'Pokhari': 0, 'D/C': 0, 'Recharge shaft': 0, 'LFB': 0, 'RFB': 0}","{'Floodlight': 0, 'Flood Light': 0, 'GAS': 0, 'FIFA': 0, 'pipe': 0, 'pipes': 0, 'covid': 0, 'supply': 0, 'Beautification': 0, 'Installation': 0}",Pre-Monsoon,,False,False,Repair and Restoration,{'Construction': 2}
2026_ORULB_128768_1,CHM-02/2026-27,Renovation of Biju Pattanaik Park Near Birupa River in Ward No 01 Choudwar Municipality,Renovation of Biju Pattanaik Park Near Birupa River in Ward No 01 Choudwar Municipality,Works,Open Tender,Percentage,Civil Works - Others,No,No,NA ,05-May-2026 11:00 AM,NA ,120.0,No ,No,Online,26-May-2026 11:00 AM,Municipal Bodies||Choudwar Municipality,CHOUDWAR,754071.0,1.0,"45,69,719",MANAS RANJAN MOHARANA,"4,569,719",Rejected-Finance,02-Jul-2026,Municipal Bodies||Choudwar Municipality,True,"{'Flood': 0, 'Embankment': 0, 'embkt': 0, 'Relief': 0, 'Erosion': 0, 'SDRF': 0, 'Inundation': 0, 'Hydrology': 0, 'Silt': 0, 'Siltation': 0, 'Bund': 0, 'Trench': 0, 'Breach': 0, 'Culvert': 0, 'Sluice': 0, 'Dyke': 0, 'Storm water drain': 0, 'Emergency': 0, 'Immediate': 0, 'IM': 0, 'AE': 0, 'A E': 0, 'AAPDA MITRA': 0, 'flood': 0, 'Bridge': 0, 'River': 2, 'Drain': 0, 'Restoration': 0, 'Protection': 0, 'irr': 0, 'irrigation': 0, 'dam': 0, 'Nallah': 0, 'Retrofitting': 0, 'Pond': 0, 'Pokhari': 0, 'D/C': 0, 'Recharge shaft': 0, 'LFB': 0, 'RFB': 0}","{'Floodlight': 0, 'Flood Light': 0, 'GAS': 0, 'FIFA': 0, 'pipe': 0, 'pipes': 0, 'covid': 0, 'supply': 0, 'Beautification': 0, 'Installation': 0}",Pre-Monsoon,,False,False,Repair and Restoration,{'renovation': 2}
2025_CERWI_121075_3,BLGR-Online-29/2025-26,Construction of Road from Khairmal to Tentulikhunti Road via Kharli road and Construction of H.L Bridge (3x10.77) Open foundation at Ch. 0/900 km in the district of Bolangir under MMSY-TRIP for the year 2024-25,Construction of Road from Khairmal to Tentulikhunti Road via Kharli road and Construction of H.L Bridge (3x10.77) Open foundation at Ch. 0/900 km in the district of Bolangir under MMSY-TRIP for the year 2024-25,Works,National Competitive Bid,Percentage,Civil Works - Roads,No,No,NA ,10-Nov-2025 06:55 PM,NA ,90.0,No ,No,Online,20-Nov-2025 11:00 AM,CE RW I||RWCIRCLE-BALANGIR,Titilagarh,767033.0,2.0,"6,12,34,000",KL INFRABUILD PVT. LTD.,"61,232,877",Rejected-Finance,02-Jul-2026,CE RW I||RWCIRCLE-BALANGIR,True,"{'Flood': 0, 'Embankment': 0, 'embkt': 0, 'Relief': 0, 'Erosion': 0, 'SDRF': 0, 'Inundation': 0, 'Hydrology': 0, 'Silt': 0, 'Siltation': 0, 'Bund': 0, 'Trench': 0, 'Breach': 0, 'Culvert': 0, 'Sluice': 0, 'Dyke': 0, 'Storm water drain': 0, 'Emergency': 0, 'Immediate': 0, 'IM': 0, 'AE': 0, 'A E': 0, 'AAPDA MITRA': 0, 'flood': 0, 'Bridge': 2, 'River': 0, 'Drain': 0, 'Restoration': 0, 'Protection': 0, 'irr': 0, 'irrigation': 0, 'dam': 0, 'Nallah': 0, 'Retrofitting': 0, 'Pond': 0, 'Pokhari': 0, 'D/C': 0, 'Recharge shaft': 0, 'LFB': 0, 'RFB': 0}","{'Floodlight': 0, 'Flood Light': 0, 'GAS': 0, 'FIFA': 0, 'pipe': 0, 'pipes': 0, 'covid': 0, 'supply': 0, 'Beautification': 0, 'Installation': 0}",Post-Monsoon,,False,True,Repair and Restoration,"{'Construction': 4, 'Bridge': 2}"
2026_CEBMB_128430_4,SE-GID-01/2026-27,Flood protection work to left bank of river vansadhara near village Gudari.,Flood protection,Works,National Competitive Bid,Percentage,Civil Works - Others,No,No,NA ,27-Apr-2026 10:00 AM,NA ,90.0,No ,No,Online,08-May-2026 11:00 AM,"CE-BM,RVN Basin,Berhampur||SE Southern Irr Circle II Paralakhemundi||EE Paralakhemundi Irr Divn Paralakhemundi",Gunupur,765022.0,1.0,"41,30,275",Krushna Chandra Sethi,"3,468,605",Accepted-AOC,24-Jul-2026,"CE-BM,RVN Basin,Berhampur||SE Southern Irr Circle II Paralakhemundi||EE Paralakhemundi Irr Divn Paralakhemundi",True,"{'Flood': 2, 'Embankment': 0, 'embkt': 0, 'Relief': 0, 'Erosion': 0, 'SDRF': 0, 'Inundation': 0, 'Hydrology': 0, 'Silt': 0, 'Siltation': 0, 'Bund': 0, 'Trench': 0, 'Breach': 0, 'Culvert': 0, 'Sluice': 0, 'Dyke': 0, 'Storm water drain': 0, 'Emergency': 0, 'Immediate': 0, 'IM': 0, 'AE': 0, 'A E': 0, 'AAPDA MITRA': 0, 'flood': 2, 'Bridge': 0, 'River': 1, 'Drain': 0, 'Restoration': 0, 'Protection': 2, 'irr': 0, 'irrigation': 0, 'dam': 0, 'Nallah': 0, 'Retrofitting': 0, 'Pond': 0, 'Pokhari': 0, 'D/C': 0, 'Recharge shaft': 0, 'LFB': 0, 'RFB': 0}","{'Floodlight': 0, 'Flood Light': 0, 'GAS': 0, 'FIFA': 0, 'pipe': 0, 'pipes': 0, 'covid': 0, 'supply': 0, 'Beautification': 0, 'Installation': 0}",Pre-Monsoon,,False,False,Preparedness Measures,"{'Protection': 2, 'Flood Protection work': 1}"
2026_CEBBS_128670_13,SE-AID-1/2026-27,Repair from RD 5000m to RD 6335m and construction of C.C guard wall in between RD 5350m to 5560m of Barsingha distributary of Derjang Irrigation Project.,Repair from RD 5000m to RD 6335m and construction of C.C guard wall in between RD 5350m to 5560m of Barsingha distributary of Derjang Irrigation Project.,Works,Open Tender,Percentage,Civil Works - Others,No,No,NA ,02-May-2026 11:00 AM,NA ,90.0,No ,No,Online,12-May-2026 11:00 AM,CE and BM Brahmani Basin Samal||SE Angul Irrigation Circle Angul||EE Angul Irrigation Division Angul,Angul,759143.0,1.0,,ABHISHEK MISHRA,"896,470",Rejected-Finance,16-Jun-2026,CE and BM Brahmani Basin Samal||SE Angul Irrigation Circle Angul||EE Angul Irrigation Division Angul,True,"{'Flood': 0, 'Embankment': 0, 'embkt': 0, 'Relief': 0, 'Erosion': 0, 'SDRF': 0, 'Inundation': 0, 'Hydrology': 0, 'Silt': 0, 'Siltation': 0, 'Bund': 0, 'Trench': 0, 'Breach': 0, 'Culvert': 0, 'Sluice': 0, 'Dyke': 0, 'Storm water drain': 0, 'Emergency': 0, 'Immediate': 0, 'IM': 0, 'AE': 0, 'A E': 0, 'AAPDA MITRA': 0, 'flood': 0, 'Bridge': 0, 'River': 0, 'Drain': 0, 'Restoration': 0, 'Protection': 0, 'irr': 0, 'irrigation': 2, 'dam': 0, 'Nallah': 0, 'Retrofitting': 0, 'Pond': 0, 'Pokhari': 0, 'D/C': 0, 'Recharge shaft': 0, 'LFB': 0, 'RFB': 0}","{'Floodlight': 0, 'Flood Light': 0, 'GAS': 0, 'FIFA': 0, 'pipe': 0, 'pipes': 0, 'covid': 0, 'supply': 0, 'Beautification': 0, 'Installation': 0}",Pre-Monsoon,,False,False,Repair and Restoration,"{'repair': 2, 'Construction': 2}"
2026_ORULB_126953_10,EOBRP/07/2025-26,Covering of drain from Gati tripathy to dubhle Rout in ward no 3,Covering of drain from Gati tripathy to dubhle Rout in ward no 3,Works,Open Tender,Percentage,Civil Works - Others,No,No,NA ,07-Mar-2026 11:00 AM,NA ,90.0,No ,No,Online,16-Mar-2026 03:00 PM,Municipal Bodies||Barpali NAC,Barpali,768029.0,1.0,"2,01,914",AJAYA KUMAR BARIHA,"160,430.64",Rejected-AOC,17-Jul-2026,Municipal Bodies||Barpali NAC,True,"{'Flood': 0, 'Embankment': 0, 'embkt': 0, 'Relief': 0, 'Erosion': 0, 'SDRF': 0, 'Inundation': 0, 'Hydrology': 0, 'Silt': 0, 'Siltation': 0, 'Bund': 0, 'Trench': 0, 'Breach': 0, 'Culvert': 0, 'Sluice': 0, 'Dyke': 0, 'Storm water drain': 0, 'Emergency': 0, 'Immediate': 0, 'IM': 0, 'AE': 0, 'A E': 0, 'AAPDA MITRA': 0, 'flood': 0, 'Bridge': 0, 'River': 0, 'Drain': 2, 'Restoration': 0, 'Protection': 0, 'irr': 0, 'irrigation': 0, 'dam': 0, 'Nallah': 0, 'Retrofitting': 0, 'Pond': 0, 'Pokhari': 0, 'D/C': 0, 'Recharge shaft': 0, 'LFB': 0, 'RFB': 0}","{'Floodlight': 0, 'Flood Light': 0, 'GAS': 0, 'FIFA': 0, 'pipe': 0, 'pipes': 0, 'covid': 0, 'supply': 0, 'Beautification': 0, 'Installation': 0}",Pre-Monsoon,,False,True,Repair and Restoration,{'Drain': 2}
2026_CCEBH_126081_1,Bid Identification No-CCE-BHIP-BID-05(05)/2025-26 Dt.11 .02.2026,"Construction of D-type Quater (Block-A) of Brutanga and Hadua Irrigation Project, at-Dasapalla Irrigation Colony District -Nayagarh. (Civil, PH and Electrical)","Construction of D-type Quater (Block-A) of Brutanga and Hadua Irrigation Project, at-Dasapalla Irrigation Colony District Nayagarh. (Civil, PH and Electrical)",Works,National Competitive Bid,Percentage,Civil Works - Bridges,No,No,NA ,20-Feb-2026 11:00 AM,NA ,90.0,No ,No,Online,16-Mar-2026 11:00 AM,CCE Brutang and Hadua Irrigation Project Dasapalla,Dasapalla,752084.0,2.0,"3,17,50,445",NISHIT KUMAR PATTNAIK,"23,562,005",Rejected-Finance,14-Jul-2026,CCE Brutang and Hadua Irrigation Project Dasapalla,True,"{'Flood': 0, 'Embankment': 0, 'embkt': 0, 'Relief': 0, 'Erosion': 0, 'SDRF': 0, 'Inundation': 0, 'Hydrology': 0, 'Silt': 0, 'Siltation': 0, 'Bund': 0, 'Trench': 0, 'Breach': 0, 'Culvert': 0, 'Sluice': 0, 'Dyke': 0, 'Storm water drain': 0, 'Emergency': 0, 'Immediate': 0, 'IM': 0, 'AE': 0, 'A E': 0, 'AAPDA MITRA': 0, 'flood': 0, 'Bridge': 0, 'River': 0, 'Drain': 0, 'Restoration': 0, 'Protection': 0, 'irr': 0, 'irrigation': 4, 'dam': 0, 'Nallah': 0, 'Retrofitting': 0, 'Pond': 0, 'Pokhari': 0, 'D/C': 0, 'Recharge shaft': 0, 'LFB': 0, 'RFB': 0}","{'Floodlight': 0, 'Flood Light': 0, 'GAS': 0, 'FIFA': 0, 'pipe': 0, 'pipes': 0, 'covid': 0, 'supply': 0, 'Beautification': 0, 'Installation': 0}",Post-Monsoon,,False,False,Repair and Restoration,{'Construction': 2}
2026_CEBBU_129512_5,MDD-e-02/205-26,Improvement to Main Dam Sub-Division office back side and periphery building at Hirakud for the year 2026-27,Improvement to Main Dam Sub-Division office back side and periphery building at Hirakud for the year 2026-27,Works,Open Tender,Percentage,Civil Works - Others,No,No,NA ,20-May-2026 10:00 AM,NA ,90.0,No ,No,Online,30-May-2026 11:00 AM,"CE-BM,UM Basin,Burla",BURLA,768017.0,1.0,"12,62,009",Abhaya Narayan Padhi,"1,262,009",Accepted-AOC,08-Jul-2026,"CE-BM,UM Basin,Burla",True,"{'Flood': 0, 'Embankment': 0, 'embkt': 0, 'Relief': 0, 'Erosion': 0, 'SDRF': 0, 'Inundation': 0, 'Hydrology': 0, 'Silt': 0, 'Siltation': 0, 'Bund': 0, 'Trench': 0, 'Breach': 0, 'Culvert': 0, 'Sluice': 0, 'Dyke': 0, 'Storm water drain': 0, 'Emergency': 0, 'Immediate': 0, 'IM': 0, 'AE': 0, 'A E': 0, 'AAPDA MITRA': 0, 'flood': 0, 'Bridge': 0, 'River': 0, 'Drain': 0, 'Restoration': 0, 'Protection': 0, 'irr': 0, 'irrigation': 0, 'dam': 2, 'Nallah': 0, 'Retrofitting': 0, 'Pond': 0, 'Pokhari': 0, 'D/C': 0, 'Recharge shaft': 0, 'LFB': 0, 'RFB': 0}","{'Floodlight': 0, 'Flood Light': 0, 'GAS': 0, 'FIFA': 0, 'pipe': 0, 'pipes': 0, 'covid': 0, 'supply': 0, 'Beautification': 0, 'Installation': 0}",Pre-Monsoon,,False,False,Repair and Restoration,{'improvement': 2}
2026_BDABU_126950_1,"164/SE-III/BDA/2025-26, Dated-02/03/2026",Construction of Approach Road and Drain to E.W.S Housing Scheme at Gadakana Bhubaneswar.,Construction of Approach Road and Drain to E.W.S Housing Scheme at Gadakana Bhubaneswar.,Works,Open Tender,Percentage,Civil Works - Others,No,No,NA ,06-Mar-2026 05:00 PM,NA ,90.0,No ,No,Online,17-Mar-2026 11:30 AM,Bhubaneswar Development Authority||Bhubaneswar Development Authority||EE BDA Division IV,Bhubaneswar,751001.0,2.0,"78,70,980",MANOJ KUMAR SAHOO,"6,027,596",Rejected-Finance,03-Jul-2026,Bhubaneswar Development Authority||Bhubaneswar Development Authority||EE BDA Division IV,True,"{'Flood': 0, 'Embankment': 0, 'embkt': 0, 'Relief': 0, 'Erosion': 0, 'SDRF': 0, 'Inundation': 0, 'Hydrology': 0, 'Silt': 0, 'Siltation': 0, 'Bund': 0, 'Trench': 0, 'Breach': 0, 'Culvert': 0, 'Sluice': 0, 'Dyke': 0, 'Storm water drain': 0, 'Emergency': 0, 'Immediate': 0, 'IM': 0, 'AE': 0, 'A E': 0, 'AAPDA MITRA': 0, 'flood': 0, 'Bridge': 0, 'River': 0, 'Drain': 2, 'Restoration': 0, 'Protection': 0, 'irr': 0, 'irrigation': 0, 'dam': 0, 'Nallah': 0, 'Retrofitting': 0, 'Pond': 0, 'Pokhari': 0, 'D/C': 0, 'Recharge shaft': 0, 'LFB': 0, 'RFB': 0}","{'Floodlight': 0, 'Flood Light': 0, 'GAS': 0, 'FIFA': 0, 'pipe': 0, 'pipes': 0, 'covid': 0, 'supply': 0, 'Beautification': 0, 'Installation': 0}",Pre-Monsoon,,False,True,Repair and Restoration,"{'Construction': 2, 'Drain': 2}"
2026_CEBBS_129635_1,SE-AID-3/2026-27,"Improvement to Kunua SM 1 from RD 630m to 650m 1385m to 1455m 2825m to 2850m and 4510m to 4525m of Sapua Badjore Irrigation Project. Working RD from 630m to 654m 1385m to 1455m, 2825m to 2850m and 4510m to 4525m","Improvement to Kunua SM 1 from RD 630m to 650m 1385m to 1455m 2825m to 2850m and 4510m to 4525m of Sapua Badjore Irrigation Project. Working RD from 630m to 654m 1385m to 1455m, 2825m to 2850m and 4510m to 4525m",Works,Open Tender,Percentage,Civil Works - Canal,No,No,NA ,25-May-2026 11:00 AM,NA ,90.0,No ,No,Online,04-Jun-2026 09:00 AM,CE and BM Brahmani Basin Samal||SE Angul Irrigation Circle Angul||EE Angul Irrigation Division Angul,Angul,759143.0,1.0,,SOUMYA RANJAN BEHERA,"1,261,483",Rejected-Finance,01-Nov-2026,CE and BM Brahmani Basin Samal||SE Angul Irrigation Circle Angul||EE Angul Irrigation Division Angul,True,"{'Flood': 0, 'Embankment': 0, 'embkt': 0, 'Relief': 0, 'Erosion': 0, 'SDRF': 0, 'Inundation': 0, 'Hydrology': 0, 'Silt': 0, 'Siltation': 0, 'Bund': 0, 'Trench': 0, 'Breach': 0, 'Culvert': 0, 'Sluice': 0, 'Dyke': 0, 'Storm water drain': 0, 'Emergency': 0, 'Immediate': 0, 'IM': 0, 'AE': 0, 'A E': 0, 'AAPDA MITRA': 0, 'flood': 0, 'Bridge': 0, 'River': 0, 'Drain': 0, 'Restoration': 0, 'Protection': 0, 'irr': 0, 'irrigation': 2, 'dam': 0, 'Nallah': 0, 'Retrofitting': 0, 'Pond': 0, 'Pokhari': 0, 'D/C': 0, 'Recharge shaft': 0, 'LFB': 0, 'RFB': 0}","{'Floodlight': 0, 'Flood Light': 0, 'GAS': 0, 'FIFA': 0, 'pipe': 0, 'pipes': 0, 'covid': 0, 'supply': 0, 'Beautification': 0, 'Installation': 0}",Pre-Monsoon,,False,False,Repair and Restoration,{'improvement': 2}
2026_ORULB_129755_10,RGDA-MUN-01/2026-2027,"Providing RCC Cover Slab with Repair of Drain at Poultry Farm to N.Bhaskar Rao Jn, both side in w.no-08","Providing RCC Cover Slab with Repair of Drain at Poultry Farm to N.Bhaskar Rao Jn, both side in w.no-08",Works,Open Tender,Percentage,Civil Works - Others,No,No,NA ,25-May-2026 06:00 PM,NA ,90.0,No ,No,Online,10-Jun-2026 11:30 AM,Municipal Bodies||Rayagada Municipality,RAYAGADA MUNICIPALITY,765001.0,1.0,"12,07,648",AMBIKA GOUDA,"1,207,648",Rejected-Finance,10-Jul-2026,Municipal Bodies||Rayagada Municipality,True,"{'Flood': 0, 'Embankment': 0, 'embkt': 0, 'Relief': 0, 'Erosion': 0, 'SDRF': 0, 'Inundation': 0, 'Hydrology': 0, 'Silt': 0, 'Siltation': 0, 'Bund': 0, 'Trench': 0, 'Breach': 0, 'Culvert': 0, 'Sluice': 0, 'Dyke': 0, 'Storm water drain': 0, 'Emergency': 0, 'Immediate': 0, 'IM': 0, 'AE': 0, 'A E': 0, 'AAPDA MITRA': 0, 'flood': 0, 'Bridge': 0, 'River': 0, 'Drain': 2, 'Restoration': 0, 'Protection': 0, 'irr': 0, 'irrigation': 0, 'dam': 0, 'Nallah': 0, 'Retrofitting': 0, 'Pond': 0, 'Pokhari': 0, 'D/C': 0, 'Recharge shaft': 0, 'LFB': 0, 'RFB': 0}","{'Floodlight': 0, 'Flood Light': 0, 'GAS': 0, 'FIFA': 0, 'pipe': 0, 'pipes': 0, 'covid': 0, 'supply': 0, 'Beautification': 0, 'Installation': 0}",Pre-Monsoon,,False,True,Repair and Restoration,"{'repair': 2, 'Drain': 2}"
2026_CEMIB_125474_1,SEMIDBLS-11/2025- 26,Construction of Baghuabudhi-II Check Dam in Jaleswar Block of Balasore District under MATY Scheme for the year 2025-26.,Construction of Baghuabudhi-II Check Dam in Jaleswar Block of Balasore District under MATY Scheme for the year 2025-26.,Works,Open Tender,Percentage,Civil Works - Others,No,No,NA ,05-Feb-2026 10:00 AM,NA ,90.0,No ,No,Online,17-Feb-2026 11:00 AM,"CE,Minor Irrigation,BBSR||Baripada Minor Irrigation Circle Baripada||MI Division Balasore",Jaleswar Block,756032.0,1.0,"42,47,857",ULLASH KUMAR SWAIN,"3,292,089",Rejected-Finance,09-Jul-2026,"CE,Minor Irrigation,BBSR||Baripada Minor Irrigation Circle Baripada||MI Division Balasore",True,"{'Flood': 0, 'Embankment': 0, 'embkt': 0, 'Relief': 0, 'Erosion': 0, 'SDRF': 0, 'Inundation': 0, 'Hydrology': 0, 'Silt': 0, 'Siltation': 0, 'Bund': 0, 'Trench': 0, 'Breach': 0, 'Culvert': 0, 'Sluice': 0, 'Dyke': 0, 'Storm water drain': 0, 'Emergency': 0, 'Immediate': 0, 'IM': 0, 'AE': 0, 'A E': 0, 'AAPDA MITRA': 0, 'flood': 0, 'Bridge': 0, 'River': 0, 'Drain': 0, 'Restoration': 0, 'Protection': 0, 'irr': 0, 'irrigation': 0, 'dam': 2, 'Nallah': 0, 'Retrofitting': 0, 'Pond': 0, 'Pokhari': 0, 'D/C': 0, 'Recharge shaft': 0, 'LFB': 0, 'RFB': 0}","{'Floodlight': 0, 'Flood Light': 0, 'GAS': 0, 'FIFA': 0, 'pipe': 0, 'pipes': 0, 'covid': 0, 'supply': 0, 'Beautification': 0, 'Installation': 0}",Post-Monsoon,,False,False,Repair and Restoration,"{'Check Dam': 2, 'Construction': 2}"
2026_EICCL_126696_1,SC RandB GM-II-31/2025-26,"S/R to Lanjipalli Goods Shed Road to Khajuria Bye-pass NH such as providing Paver Block, Construction of Drain and Protection Wall.","S/R to Lanjipalli Goods Shed Road to Khajuria Bye-pass NH such as providing Paver Block, Construction of Drain and Protection Wall.",Works,Open Tender,Percentage,Civil Works - Roads,No,No,NA ,27-Feb-2026 10:00 AM,NA ,90.0,No ,No,Online,07-Mar-2026 11:30 AM,EIC-CIVIL||SERNB-CIRCLE-BERHAMPUR||EERNB-DIVN-GANJAM II,Ganjam,760005.0,1.0,"31,32,098",B RAKESH PATRA,"2,317,753",Accepted-AOC,21-Jul-2026,EIC-CIVIL||SERNB-CIRCLE-BERHAMPUR||EERNB-DIVN-GANJAM II,True,"{'Flood': 0, 'Embankment': 0, 'embkt': 0, 'Relief': 0, 'Erosion': 0, 'SDRF': 0, 'Inundation': 0, 'Hydrology': 0, 'Silt': 0, 'Siltation': 0, 'Bund': 0, 'Trench': 0, 'Breach': 0, 'Culvert': 0, 'Sluice': 0, 'Dyke': 0, 'Storm water drain': 0, 'Emergency': 0, 'Immediate': 0, 'IM': 0, 'AE': 0, 'A E': 0, 'AAPDA MITRA': 0, 'flood': 0, 'Bridge': 0, 'River': 0, 'Drain': 2, 'Restoration': 0, 'Protection': 2, 'irr': 0, 'irrigation': 0, 'dam': 0, 'Nallah': 0, 'Retrofitting': 0, 'Pond': 0, 'Pokhari': 0, 'D/C': 0, 'Recharge shaft': 0, 'LFB': 0, 'RFB': 0}","{'Floodlight': 0, 'Flood Light': 0, 'GAS': 0, 'FIFA': 0, 'pipe': 0, 'pipes': 0, 'covid': 0, 'supply': 0, 'Beautification': 0, 'Installation': 0}",Post-Monsoon,,False,True,Repair and Restoration,"{'Construction': 2, 'Drain': 2}"
2026_ORULB_125611_20,BRJNRM -05/2025-26,Repair of Venus Club ward No.11 and Drain with cover slab from school to Durga Mandap.,Building and Drain with cover slab,Works,Open Tender,Percentage,Civil Works - Others,No,No,NA ,07-Feb-2026 06:00 PM,NA ,90.0,No ,No,Online,21-Feb-2026 11:00 AM,Municipal Bodies||Brajrajnagar Municipality,Brajrajnagar Municipality,768216.0,2.0,"19,99,900",JAI BIR HANUMAN ENTERPRISES,"1,694,870.8",Rejected-AOC,07-Jul-2026,Municipal Bodies||Brajrajnagar Municipality,True,"{'Flood': 0, 'Embankment': 0, 'embkt': 0, 'Relief': 0, 'Erosion': 0, 'SDRF': 0, 'Inundation': 0, 'Hydrology': 0, 'Silt': 0, 'Siltation': 0, 'Bund': 0, 'Trench': 0, 'Breach': 0, 'Culvert': 0, 'Sluice': 0, 'Dyke': 0, 'Storm water drain': 0, 'Emergency': 0, 'Immediate': 0, 'IM': 0, 'AE': 0, 'A E': 0, 'AAPDA MITRA': 0, 'flood': 0, 'Bridge': 0, 'River': 0, 'Drain': 2, 'Restoration': 0, 'Protection': 0, 'irr': 0, 'irrigation': 0, 'dam': 0, 'Nallah': 0, 'Retrofitting': 0, 'Pond': 0, 'Pokhari': 0, 'D/C': 0, 'Recharge shaft': 0, 'LFB': 0, 'RFB': 0}","{'Floodlight': 0, 'Flood Light': 0, 'GAS': 0, 'FIFA': 0, 'pipe': 0, 'pipes': 0, 'covid': 0, 'supply': 0, 'Beautification': 0, 'Installation': 0}",Post-Monsoon,,False,True,Repair and Restoration,"{'repair': 1, 'Drain': 2}"
2026_ORULB_125611_6,BRJNRM -05/2025-26,Const. of Road and Drain near Nice Computer and W.No.12.,Road and Drain,Works,Open Tender,Percentage,Civil Works - Others,No,No,NA ,06-Feb-2026 06:00 PM,NA ,90.0,No ,No,Online,21-Feb-2026 11:00 AM,Municipal Bodies||Brajrajnagar Municipality,Brajrajnagar Municipality,768216.0,2.0,"49,43,000",SUSHANTA KUMAR SUNA,"3,842,006.17",Rejected-AOC,07-Jul-2026,Municipal Bodies||Brajrajnagar Municipality,True,"{'Flood': 0, 'Embankment': 0, 'embkt': 0, 'Relief': 0, 'Erosion': 0, 'SDRF': 0, 'Inundation': 0, 'Hydrology': 0, 'Silt': 0, 'Siltation': 0, 'Bund': 0, 'Trench': 0, 'Breach': 0, 'Culvert': 0, 'Sluice': 0, 'Dyke': 0, 'Storm water drain': 0, 'Emergency': 0, 'Immediate': 0, 'IM': 0, 'AE': 0, 'A E': 0, 'AAPDA MITRA': 0, 'flood': 0, 'Bridge': 0, 'River': 0, 'Drain': 2, 'Restoration': 0, 'Protection': 0, 'irr': 0, 'irrigation': 0, 'dam': 0, 'Nallah': 0, 'Retrofitting': 0, 'Pond': 0, 'Pokhari': 0, 'D/C': 0, 'Recharge shaft': 0, 'LFB': 0, 'RFB': 0}","{'Floodlight': 0, 'Flood Light': 0, 'GAS': 0, 'FIFA': 0, 'pipe': 0, 'pipes': 0, 'covid': 0, 'supply': 0, 'Beautification': 0, 'Installation': 0}",Post-Monsoon,,False,True,Repair and Restoration,{'Drain': 2}
2026_ORULB_129755_5,RGDA-MUN-01/2026-2027,Improvement of road with BM and SDBC and repair of drain from Venkateswar Kalyan Mandap towards Sujat Palo house in w.no-12,Improvement of road with BM and SDBC and repair of drain from Venkateswar Kalyan Mandap towards Sujat Palo house in w.no-12,Works,Open Tender,Percentage,Civil Works - Roads,No,No,NA ,25-May-2026 06:00 PM,NA ,90.0,No ,No,Online,10-Jun-2026 11:30 AM,Municipal Bodies||Rayagada Municipality,RAYAGADA MUNICIPALITY,765001.0,1.0,"16,94,409",PITTALA YAMUNA,"1,694,409",Rejected-Finance,10-Jul-2026,Municipal Bodies||Rayagada Municipality,True,"{'Flood': 0, 'Embankment': 0, 'embkt': 0, 'Relief': 0, 'Erosion': 0, 'SDRF': 0, 'Inundation': 0, 'Hydrology': 0, 'Silt': 0, 'Siltation': 0, 'Bund': 0, 'Trench': 0, 'Breach': 0, 'Culvert': 0, 'Sluice': 0, 'Dyke': 0, 'Storm water drain': 0, 'Emergency': 0, 'Immediate': 0, 'IM': 0, 'AE': 0, 'A E': 0, 'AAPDA MITRA': 0, 'flood': 0, 'Bridge': 0, 'River': 0, 'Drain': 2, 'Restoration': 0, 'Protection': 0, 'irr': 0, 'irrigation': 0, 'dam': 0, 'Nallah': 0, 'Retrofitting': 0, 'Pond': 0, 'Pokhari': 0, 'D/C': 0, 'Recharge shaft': 0, 'LFB': 0, 'RFB': 0}","{'Floodlight': 0, 'Flood Light': 0, 'GAS': 0, 'FIFA': 0, 'pipe': 0, 'pipes': 0, 'covid': 0, 'supply': 0, 'Beautification': 0, 'Installation': 0}",Pre-Monsoon,,False,True,Repair and Restoration,"{'improvement': 2, 'repair': 2, 'Drain': 2}"
2025_ORULB_117691_40,BBLM-4/2025-26,"Construction of drain from Laxmi Narayan temple to Papu Master house, Odisha Boarder, Ward No.1, Barbil","Construction of drain from Laxmi Narayan temple to Papu Master house, Odisha Boarder, Ward No.1, Barbil",Works,Open Tender,Percentage,Civil Works - Others,No,No,NA ,09-Sep-2025 10:00 AM,NA ,90.0,No ,No,Online,24-Sep-2025 11:00 AM,Municipal Bodies||Barbil Municipality,Barbil,758035.0,2.0,"5,00,000",Ketan Rao,"499,467",Rejected-Finance,08-Jul-2026,Municipal Bodies||Barbil Municipality,True,"{'Flood': 0, 'Embankment': 0, 'embkt': 0, 'Relief': 0, 'Erosion': 0, 'SDRF': 0, 'Inundation': 0, 'Hydrology': 0, 'Silt': 0, 'Siltation': 0, 'Bund': 0, 'Trench': 0, 'Breach': 0, 'Culvert': 0, 'Sluice': 0, 'Dyke': 0, 'Storm water drain': 0, 'Emergency': 0, 'Immediate': 0, 'IM': 0, 'AE': 0, 'A E': 0, 'AAPDA MITRA': 0, 'flood': 0, 'Bridge': 0, 'River': 0, 'Drain': 2, 'Restoration': 0, 'Protection': 0, 'irr': 0, 'irrigation': 0, 'dam': 0, 'Nallah': 0, 'Retrofitting': 0, 'Pond': 0, 'Pokhari': 0, 'D/C': 0, 'Recharge shaft': 0, 'LFB': 0, 'RFB': 0}","{'Floodlight': 0, 'Flood Light': 0, 'GAS': 0, 'FIFA': 0, 'pipe': 0, 'pipes': 0, 'covid': 0, 'supply': 0, 'Beautification': 0, 'Installation': 0}",Monsoon,,False,True,Repair and Restoration,"{'Construction': 2, 'Drain': 2}"
2026_EICCL_127500_12,eTCN11 of 2025-2026,Shifting and relocation of existing lines and S/S due to construction of Kuanria Bridge site at - Kuanria river Ch.20/600Km of Khalisahi Kosaka Adakata Road ODR in the district of Nayagarh under Electrical Section Gania.,Shifting and relocation of existing lines and S/S due to construction of Kuanria Bridge site at - Kuanria river Ch.20/600Km of Khalisahi Kosaka Adakata Road ODR in the district of Nayagarh under Electrical Section Gania.,Works,Open Tender,Percentage,Electrical Works,No,No,NA ,23-Mar-2026 01:30 PM,NA ,90.0,No ,No,Online,04-Apr-2026 11:00 AM,EIC-CIVIL||SERNB-CIRCLE-KHURDA||EE Nayagarh Rnb Division,Nayagarh,752069.0,1.0,"18,28,806",Dillip Ranjan Das,"1,358,254",Rejected-Finance,04-Jul-2026,EIC-CIVIL||SERNB-CIRCLE-KHURDA||EE Nayagarh Rnb Division,True,"{'Flood': 0, 'Embankment': 0, 'embkt': 0, 'Relief': 0, 'Erosion': 0, 'SDRF': 0, 'Inundation': 0, 'Hydrology': 0, 'Silt': 0, 'Siltation': 0, 'Bund': 0, 'Trench': 0, 'Breach': 0, 'Culvert': 0, 'Sluice': 0, 'Dyke': 0, 'Storm water drain': 0, 'Emergency': 0, 'Immediate': 0, 'IM': 0, 'AE': 0, 'A E': 0, 'AAPDA MITRA': 0, 'flood': 0, 'Bridge': 2, 'River': 2, 'Drain': 0, 'Restoration': 0, 'Protection': 0, 'irr': 0, 'irrigation': 0, 'dam': 0, 'Nallah': 0, 'Retrofitting': 0, 'Pond': 0, 'Pokhari': 0, 'D/C': 0, 'Recharge shaft': 0, 'LFB': 0, 'RFB': 0}","{'Floodlight': 0, 'Flood Light': 0, 'GAS': 0, 'FIFA': 0, 'pipe': 0, 'pipes': 0, 'covid': 0, 'supply': 0, 'Beautification': 0, 'Installation': 0}",Pre-Monsoon,,False,True,Repair and Restoration,"{'Construction': 2, 'Bridge': 2}"
2026_ORULB_128734_5,SNP-MUN-37/2026-27,Construction of Drain from Gopinath Temple to LDB Bank back side w.no.5,Construction of Drain from Gopinath Temple to LDB Bank back side w.no.5,Works,Open Tender,Percentage,Civil Works - Others,No,No,NA ,05-May-2026 11:00 AM,NA ,60.0,No ,No,Online,16-May-2026 11:00 AM,Municipal Bodies||Sonepur Municipal Council,Sonepur Municipality,767017.0,1.0,"5,20,512",BIPRA JIMUTA BAHANA DASH,"520,511",Rejected-Technical,20-Jul-2026,Municipal Bodies||Sonepur Municipal Council,True,"{'Flood': 0, 'Embankment': 0, 'embkt': 0, 'Relief': 0, 'Erosion': 0, 'SDRF': 0, 'Inundation': 0, 'Hydrology': 0, 'Silt': 0, 'Siltation': 0, 'Bund': 0, 'Trench': 0, 'Breach': 0, 'Culvert': 0, 'Sluice': 0, 'Dyke': 0, 'Storm water drain': 0, 'Emergency': 0, 'Immediate': 0, 'IM': 0, 'AE': 0, 'A E': 0, 'AAPDA MITRA': 0, 'flood': 0, 'Bridge': 0, 'River': 0, 'Drain': 2, 'Restoration': 0, 'Protection': 0, 'irr': 0, 'irrigation': 0, 'dam': 0, 'Nallah': 0, 'Retrofitting': 0, 'Pond': 0, 'Pokhari': 0, 'D/C': 0, 'Recharge shaft': 0, 'LFB': 0, 'RFB': 0}","{'Floodlight': 0, 'Flood Light': 0, 'GAS': 0, 'FIFA': 0, 'pipe': 0, 'pipes': 0, 'covid': 0, 'supply': 0, 'Beautification': 0, 'Installation': 0}",Pre-Monsoon,,False,True,Repair and Restoration,"{'Construction': 2, 'Drain': 2}"
2026_ORULB_129299_4,BM_04_2026_27,Construction of Drain with Cover Slab and Culvert at Bhaskarganj Area in Ward No 21,Construction of Drain with Cover Slab and Culvert at Bhaskarganj Area in Ward No 21,Works,Open Tender,Percentage,Civil Works - Roads,No,No,NA ,14-May-2026 05:00 PM,NA ,90.0,No ,No,Online,30-May-2026 11:00 AM,Municipal Bodies||Balasore Municipality,Balasore Municipality,756003.0,2.0,"67,79,661",Dillip Kumar Mishra,"5,763,390.1",Accepted-AOC,17-Jul-2026,Municipal Bodies||Balasore Municipality,True,"{'Flood': 0, 'Embankment': 0, 'embkt': 0, 'Relief': 0, 'Erosion': 0, 'SDRF': 0, 'Inundation': 0, 'Hydrology': 0, 'Silt': 0, 'Siltation': 0, 'Bund': 0, 'Trench': 0, 'Breach': 0, 'Culvert': 2, 'Sluice': 0, 'Dyke': 0, 'Storm water drain': 0, 'Emergency': 0, 'Immediate': 0, 'IM': 0, 'AE': 0, 'A E': 0, 'AAPDA MITRA': 0, 'flood': 0, 'Bridge': 0, 'River': 0, 'Drain': 2, 'Restoration': 0, 'Protection': 0, 'irr': 0, 'irrigation': 0, 'dam': 0, 'Nallah': 0, 'Retrofitting': 0, 'Pond': 0, 'Pokhari': 0, 'D/C': 0, 'Recharge shaft': 0, 'LFB': 0, 'RFB': 0}","{'Floodlight': 0, 'Flood Light': 0, 'GAS': 0, 'FIFA': 0, 'pipe': 0, 'pipes': 0, 'covid': 0, 'supply': 0, 'Beautification': 0, 'Installation': 0}",Pre-Monsoon,,False,True,Repair and Restoration,"{'Construction': 2, 'Drain': 2}"
2026_ORULB_127314_1,43/SMC_SBP/2025-26,"Construction of Road and Drain from Sri Ashok Kumar Samal House to Sri Janmejaya Patjoshi House Majhipali, Ward No.-05 under SMC, Sambalpur.","Construction of Road and Drain from Sri Ashok Kumar Samal House to Sri Janmejaya Patjoshi House Majhipali, Ward No.-05 under SMC, Sambalpur.",Works,Open Tender,Percentage,Civil Works - Others,No,No,NA ,17-Mar-2026 04:00 PM,NA ,120.0,No ,No,Online,30-Mar-2026 11:00 AM,Municipal Bodies||Sambalpur Municipal Corporation,SAMBALPUR MUNICIPAL CORPORATION,768006.0,1.0,"7,13,309",Susanta Kumar Mishra,"713,309",Rejected-Technical,31-Jul-2026,Municipal Bodies||Sambalpur Municipal Corporation,True,"{'Flood': 0, 'Embankment': 0, 'embkt': 0, 'Relief': 0, 'Erosion': 0, 'SDRF': 0, 'Inundation': 0, 'Hydrology': 0, 'Silt': 0, 'Siltation': 0, 'Bund': 0, 'Trench': 0, 'Breach': 0, 'Culvert': 0, 'Sluice': 0, 'Dyke': 0, 'Storm water drain': 0, 'Emergency': 0, 'Immediate': 0, 'IM': 0, 'AE': 0, 'A E': 0, 'AAPDA MITRA': 0, 'flood': 0, 'Bridge': 0, 'River': 0, 'Drain': 2, 'Restoration': 0, 'Protection': 0, 'irr': 0, 'irrigation': 0, 'dam': 0, 'Nallah': 0, 'Retrofitting': 0, 'Pond': 0, 'Pokhari': 0, 'D/C': 0, 'Recharge shaft': 0, 'LFB': 0, 'RFB': 0}","{'Floodlight': 0, 'Flood Light': 0, 'GAS': 0, 'FIFA': 0, 'pipe': 0, 'pipes': 0, 'covid': 0, 'supply': 0, 'Beautification': 0, 'Installation': 0}",Pre-Monsoon,,False,True,Repair and Restoration,"{'Construction': 2, 'Drain': 2}"
2026_ORULB_126953_11,EOBRP/07/2025-26,Covering of drain from shyama chowk to college chowk in ward no 3,Covering of drain from shyama chowk to college chowk in ward no 3,Works,Open Tender,Percentage,Civil Works - Others,No,No,NA ,07-Mar-2026 11:00 AM,NA ,90.0,No ,No,Online,16-Mar-2026 03:00 PM,Municipal Bodies||Barpali NAC,Barpali,768029.0,1.0,"4,03,665",SHIBARATRI SETH (SC),"300,761.45",Rejected-AOC,17-Jul-2026,Municipal Bodies||Barpali NAC,True,"{'Flood': 0, 'Embankment': 0, 'embkt': 0, 'Relief': 0, 'Erosion': 0, 'SDRF': 0, 'Inundation': 0, 'Hydrology': 0, 'Silt': 0, 'Siltation': 0, 'Bund': 0, 'Trench': 0, 'Breach': 0, 'Culvert': 0, 'Sluice': 0, 'Dyke': 0, 'Storm water drain': 0, 'Emergency': 0, 'Immediate': 0, 'IM': 0, 'AE': 0, 'A E': 0, 'AAPDA MITRA': 0, 'flood': 0, 'Bridge': 0, 'River': 0, 'Drain': 2, 'Restoration': 0, 'Protection': 0, 'irr': 0, 'irrigation': 0, 'dam': 0, 'Nallah': 0, 'Retrofitting': 0, 'Pond': 0, 'Pokhari': 0, 'D/C': 0, 'Recharge shaft': 0, 'LFB': 0, 'RFB': 0}","{'Floodlight': 0, 'Flood Light': 0, 'GAS': 0, 'FIFA': 0, 'pipe': 0, 'pipes': 0, 'covid': 0, 'supply': 0, 'Beautification': 0, 'Installation': 0}",Pre-Monsoon,,False,True,Repair and Restoration,{'Drain': 2}
2026_CEBMT_128388_1,EEBOD-02/26-27,Flood Protection work to the Right bank of River Mahanadi near village Dambarugarh inbetween RD 22.200KM to 22.500km of Talasarada G.P Under Boudh Block.,River Embankment,Works,Open Tender,Percentage,Civil Works - Others,No,No,NA ,27-Apr-2026 11:00 AM,NA ,90.0,No ,No,Online,14-May-2026 11:00 AM,"CE-BM, Tel Basin,Bhawanipatna||SE Balangir Irr Circle Balangir||EE Boudh Irr Divn Boudh",Boudh,762014.0,2.0,"79,83,000",BIREN KUMAR BARIK,"7,975,260.8",Rejected-Finance,10-Jul-2026,"CE-BM, Tel Basin,Bhawanipatna||SE Balangir Irr Circle Balangir||EE Boudh Irr Divn Boudh",True,"{'Flood': 1, 'Embankment': 1, 'embkt': 0, 'Relief': 0, 'Erosion': 0, 'SDRF': 0, 'Inundation': 0, 'Hydrology': 0, 'Silt': 0, 'Siltation': 0, 'Bund': 0, 'Trench': 0, 'Breach': 0, 'Culvert': 0, 'Sluice': 0, 'Dyke': 0, 'Storm water drain': 0, 'Emergency': 0, 'Immediate': 0, 'IM': 0, 'AE': 0, 'A E': 0, 'AAPDA MITRA': 0, 'flood': 1, 'Bridge': 0, 'River': 2, 'Drain': 0, 'Restoration': 0, 'Protection': 1, 'irr': 0, 'irrigation': 0, 'dam': 0, 'Nallah': 0, 'Retrofitting': 0, 'Pond': 0, 'Pokhari': 0, 'D/C': 0, 'Recharge shaft': 0, 'LFB': 0, 'RFB': 0}","{'Floodlight': 0, 'Flood Light': 0, 'GAS': 0, 'FIFA': 0, 'pipe': 0, 'pipes': 0, 'covid': 0, 'supply': 0, 'Beautification': 0, 'Installation': 0}",Pre-Monsoon,,False,True,Preparedness Measures,"{'Protection': 1, 'Flood Protection work': 1}"
2026_CEBBS_128670_12,SE-AID-1/2026-27,Repair to Angul Main Canal from RD 6150m to 13180m of Derjang Irrigation Project.,Repair to Angul Main Canal from RD 6150m to 13180m of Derjang Irrigation Project.,Works,Open Tender,Percentage,Civil Works - Others,No,No,NA ,02-May-2026 11:00 AM,NA ,90.0,No ,No,Online,12-May-2026 11:00 AM,CE and BM Brahmani Basin Samal||SE Angul Irrigation Circle Angul||EE Angul Irrigation Division Angul,Angul,759143.0,1.0,,SANJAYA KUMAR JENA,"947,714",Rejected-Finance,12-Jun-2026,CE and BM Brahmani Basin Samal||SE Angul Irrigation Circle Angul||EE Angul Irrigation Division Angul,True,"{'Flood': 0, 'Embankment': 0, 'embkt': 0, 'Relief': 0, 'Erosion': 0, 'SDRF': 0, 'Inundation': 0, 'Hydrology': 0, 'Silt': 0, 'Siltation': 0, 'Bund': 0, 'Trench': 0, 'Breach': 0, 'Culvert': 0, 'Sluice': 0, 'Dyke': 0, 'Storm water drain': 0, 'Emergency': 0, 'Immediate': 0, 'IM': 0, 'AE': 0, 'A E': 0, 'AAPDA MITRA': 0, 'flood': 0, 'Bridge': 0, 'River': 0, 'Drain': 0, 'Restoration': 0, 'Protection': 0, 'irr': 0, 'irrigation': 2, 'dam': 0, 'Nallah': 0, 'Retrofitting': 0, 'Pond': 0, 'Pokhari': 0, 'D/C': 0, 'Recharge shaft': 0, 'LFB': 0, 'RFB': 0}","{'Floodlight': 0, 'Flood Light': 0, 'GAS': 0, 'FIFA': 0, 'pipe': 0, 'pipes': 0, 'covid': 0, 'supply': 0, 'Beautification': 0, 'Installation': 0}",Pre-Monsoon,,False,False,Repair and Restoration,{'repair': 2}
2026_ORULB_130054_3,RDL NAC- 5/2026-27,Construction of paver Block road with drain from Kumud Nag House towards Sumanta Nag House in ward No 03,Construction of paver Block road with drain from Kumud Nag House towards Sumanta Nag House in ward No 03,Works,Open Tender,Percentage,Civil Works - Roads,No,No,NA ,30-May-2026 10:00 AM,NA ,90.0,No ,No,Online,16-Jun-2026 11:00 AM,Municipal Bodies||Redhakhol NAC,"NAC, Redhakhol",768106.0,1.0,"4,22,008",Lilabati Meher,"500,000",Rejected-Finance,20-Jul-2026,Municipal Bodies||Redhakhol NAC,True,"{'Flood': 0, 'Embankment': 0, 'embkt': 0, 'Relief': 0, 'Erosion': 0, 'SDRF': 0, 'Inundation': 0, 'Hydrology': 0, 'Silt': 0, 'Siltation': 0, 'Bund': 0, 'Trench': 0, 'Breach': 0, 'Culvert': 0, 'Sluice': 0, 'Dyke': 0, 'Storm water drain': 0, 'Emergency': 0, 'Immediate': 0, 'IM': 0, 'AE': 0, 'A E': 0, 'AAPDA MITRA': 0, 'flood': 0, 'Bridge': 0, 'River': 0, 'Drain': 2, 'Restoration': 0, 'Protection': 0, 'irr': 0, 'irrigation': 0, 'dam': 0, 'Nallah': 0, 'Retrofitting': 0, 'Pond': 0, 'Pokhari': 0, 'D/C': 0, 'Recharge shaft': 0, 'LFB': 0, 'RFB': 0}","{'Floodlight': 0, 'Flood Light': 0, 'GAS': 0, 'FIFA': 0, 'pipe': 0, 'pipes': 0, 'covid': 0, 'supply': 0, 'Beautification': 0, 'Installation': 0}",Pre-Monsoon,,False,True,Repair and Restoration,"{'Construction': 2, 'Drain': 2}"
2026_CEBBS_128670_10,SE-AID-1/2026-27,Protection to right bank of Badjore nala near Birapala sahi at village Prurunagada of Chhendipada Block.,Protection to right bank of Badjore nala near Birapala sahi at village Prurunagada of Chhendipada Block.,Works,Open Tender,Percentage,Civil Works - Others,No,No,NA ,02-May-2026 11:00 AM,NA ,90.0,No ,No,Online,12-May-2026 11:00 AM,CE and BM Brahmani Basin Samal||SE Angul Irrigation Circle Angul||EE Angul Irrigation Division Angul,Angul,759143.0,1.0,,BIBHUTI BHUSAN SWAIN,"677,567",Rejected-Finance,12-Jun-2026,CE and BM Brahmani Basin Samal||SE Angul Irrigation Circle Angul||EE Angul Irrigation Division Angul,True,"{'Flood': 0, 'Embankment': 0, 'embkt': 0, 'Relief': 0, 'Erosion': 0, 'SDRF': 0, 'Inundation': 0, 'Hydrology': 0, 'Silt': 0, 'Siltation': 0, 'Bund': 0, 'Trench': 0, 'Breach': 0, 'Culvert': 0, 'Sluice': 0, 'Dyke': 0, 'Storm water drain': 0, 'Emergency': 0, 'Immediate': 0, 'IM': 0, 'AE': 0, 'A E': 0, 'AAPDA MITRA': 0, 'flood': 0, 'Bridge': 0, 'River': 0, 'Drain': 0, 'Restoration': 0, 'Protection': 2, 'irr': 0, 'irrigation': 0, 'dam': 0, 'Nallah': 0, 'Retrofitting': 0, 'Pond': 0, 'Pokhari': 0, 'D/C': 0, 'Recharge shaft': 0, 'LFB': 0, 'RFB': 0}","{'Floodlight': 0, 'Flood Light': 0, 'GAS': 0, 'FIFA': 0, 'pipe': 0, 'pipes': 0, 'covid': 0, 'supply': 0, 'Beautification': 0, 'Installation': 0}",Pre-Monsoon,,False,False,Preparedness Measures,{'Protection': 2}
2026_ORULB_127316_1,44/SMC_SBP/2025-26,Rejuvenation of Pond in between Dhanupali to Dhama Road,Rejuvenation of Pond in between Dhanupali to Dhama Road,Works,National Competitive Bid,Percentage,Civil Works - Others,No,No,NA ,17-Mar-2026 04:00 PM,NA ,120.0,No ,No,Online,07-Apr-2026 11:00 AM,Municipal Bodies||Sambalpur Municipal Corporation,SAMBALPUR MUNICIPAL CORPORATION,768006.0,2.0,"36,66,564",JEETENDRA DALAI,"3,666,564",Rejected-Technical,31-Jul-2026,Municipal Bodies||Sambalpur Municipal Corporation,True,"{'Flood': 0, 'Embankment': 0, 'embkt': 0, 'Relief': 0, 'Erosion': 0, 'SDRF': 0, 'Inundation': 0, 'Hydrology': 0, 'Silt': 0, 'Siltation': 0, 'Bund': 0, 'Trench': 0, 'Breach': 0, 'Culvert': 0, 'Sluice': 0, 'Dyke': 0, 'Storm water drain': 0, 'Emergency': 0, 'Immediate': 0, 'IM': 0, 'AE': 0, 'A E': 0, 'AAPDA MITRA': 0, 'flood': 0, 'Bridge': 0, 'River': 0, 'Drain': 0, 'Restoration': 0, 'Protection': 0, 'irr': 0, 'irrigation': 0, 'dam': 0, 'Nallah': 0, 'Retrofitting': 0, 'Pond': 2, 'Pokhari': 0, 'D/C': 0, 'Recharge shaft': 0, 'LFB': 0, 'RFB': 0}","{'Floodlight': 0, 'Flood Light': 0, 'GAS': 0, 'FIFA': 0, 'pipe': 0, 'pipes': 0, 'covid': 0, 'supply': 0, 'Beautification': 0, 'Installation': 0}",Pre-Monsoon,,False,True,Others,
2026_CEMIB_129278_4,SEMIDPDP-01/2026-27,Construction of BANJIMAL KHADIAPARA in-stream storage structure (Low height check Dam) over Brahmani nalla near village Lakhanpur in Ambabhona Block of Bargarh District under MATY-3.0 Scheme for the year 2026-27,Construction of BANJIMAL KHADIAPARA in-stream storage structure (Low height check Dam) over Brahmani nalla near village Lakhanpur in Ambabhona Block of Bargarh District under MATY-3.0 Scheme for the year 2026-27,Works,Open Tender,Percentage,Civil Works - Others,No,No,NA ,14-May-2026 11:00 AM,NA ,90.0,No ,No,Online,29-May-2026 11:00 AM,"CE,Minor Irrigation,BBSR||Balangir Minor Irrigation Circle Balangir||MI Division Padampur",Block Ambabhona Near Vill-Lakhanpur,768052.0,2.0,"88,08,732",PRITI AGRAWAL,"8,676,601",Rejected-Technical,06-Jun-2026,"CE,Minor Irrigation,BBSR||Balangir Minor Irrigation Circle Balangir||MI Division Padampur",True,"{'Flood': 0, 'Embankment': 0, 'embkt': 0, 'Relief': 0, 'Erosion': 0, 'SDRF': 0, 'Inundation': 0, 'Hydrology': 0, 'Silt': 0, 'Siltation': 0, 'Bund': 0, 'Trench': 0, 'Breach': 0, 'Culvert': 0, 'Sluice': 0, 'Dyke': 0, 'Storm water drain': 0, 'Emergency': 0, 'Immediate': 0, 'IM': 0, 'AE': 0, 'A E': 0, 'AAPDA MITRA': 0, 'flood': 0, 'Bridge': 0, 'River': 0, 'Drain': 0, 'Restoration': 0, 'Protection': 0, 'irr': 0, 'irrigation': 0, 'dam': 2, 'Nallah': 0, 'Retrofitting': 0, 'Pond': 0, 'Pokhari': 0, 'D/C': 0, 'Recharge shaft': 0, 'LFB': 0, 'RFB': 0}","{'Floodlight': 0, 'Flood Light': 0, 'GAS': 0, 'FIFA': 0, 'pipe': 0, 'pipes': 0, 'covid': 0, 'supply': 0, 'Beautification': 0, 'Installation': 0}",Pre-Monsoon,,False,False,Repair and Restoration,"{'Check Dam': 2, 'Construction': 2}"
2026_ORULB_126953_13,EOBRP/07/2025-26,Covering of drain from murli suna to janta kalet in ward no 3,Covering of drain from murli suna to janta kalet in ward no 3,Works,Open Tender,Percentage,Civil Works - Others,No,No,NA ,07-Mar-2026 11:00 AM,NA ,90.0,No ,No,Online,16-Mar-2026 03:00 PM,Municipal Bodies||Barpali NAC,Barpali,768029.0,1.0,"2,69,271",JITEN SUNA,"200,514.03",Rejected-AOC,17-Jul-2026,Municipal Bodies||Barpali NAC,True,"{'Flood': 0, 'Embankment': 0, 'embkt': 0, 'Relief': 0, 'Erosion': 0, 'SDRF': 0, 'Inundation': 0, 'Hydrology': 0, 'Silt': 0, 'Siltation': 0, 'Bund': 0, 'Trench': 0, 'Breach': 0, 'Culvert': 0, 'Sluice': 0, 'Dyke': 0, 'Storm water drain': 0, 'Emergency': 0, 'Immediate': 0, 'IM': 0, 'AE': 0, 'A E': 0, 'AAPDA MITRA': 0, 'flood': 0, 'Bridge': 0, 'River': 0, 'Drain': 2, 'Restoration': 0, 'Protection': 0, 'irr': 0, 'irrigation': 0, 'dam': 0, 'Nallah': 0, 'Retrofitting': 0, 'Pond': 0, 'Pokhari': 0, 'D/C': 0, 'Recharge shaft': 0, 'LFB': 0, 'RFB': 0}","{'Floodlight': 0, 'Flood Light': 0, 'GAS': 0, 'FIFA': 0, 'pipe': 0, 'pipes': 0, 'covid': 0, 'supply': 0, 'Beautification': 0, 'Installation': 0}",Pre-Monsoon,,False,True,Repair and Restoration,{'Drain': 2}
2026_CEBMT_128388_3,EEBOD-02/26-27,Flood Protection work to the Right Bank of River Mahanadi near village Gobindpur inbetween RD 39.00KM to 39.7km of Khuntabandha G.P under Boudh Block.,River Embankment,Works,Open Tender,Percentage,Civil Works - Others,No,No,NA ,27-Apr-2026 11:00 AM,NA ,90.0,No ,No,Online,14-May-2026 11:00 AM,"CE-BM, Tel Basin,Bhawanipatna||SE Balangir Irr Circle Balangir||EE Boudh Irr Divn Boudh",Boudh,762014.0,2.0,"79,83,000",KUNDAN KUMAR AGRAWALLA,"7,975,701.17",Rejected-Finance,10-Jul-2026,"CE-BM, Tel Basin,Bhawanipatna||SE Balangir Irr Circle Balangir||EE Boudh Irr Divn Boudh",True,"{'Flood': 1, 'Embankment': 1, 'embkt': 0, 'Relief': 0, 'Erosion': 0, 'SDRF': 0, 'Inundation': 0, 'Hydrology': 0, 'Silt': 0, 'Siltation': 0, 'Bund': 0, 'Trench': 0, 'Breach': 0, 'Culvert': 0, 'Sluice': 0, 'Dyke': 0, 'Storm water drain': 0, 'Emergency': 0, 'Immediate': 0, 'IM': 0, 'AE': 0, 'A E': 0, 'AAPDA MITRA': 0, 'flood': 1, 'Bridge': 0, 'River': 2, 'Drain': 0, 'Restoration': 0, 'Protection': 1, 'irr': 0, 'irrigation': 0, 'dam': 0, 'Nallah': 0, 'Retrofitting': 0, 'Pond': 0, 'Pokhari': 0, 'D/C': 0, 'Recharge shaft': 0, 'LFB': 0, 'RFB': 0}","{'Floodlight': 0, 'Flood Light': 0, 'GAS': 0, 'FIFA': 0, 'pipe': 0, 'pipes': 0, 'covid': 0, 'supply': 0, 'Beautification': 0, 'Installation': 0}",Pre-Monsoon,,False,True,Preparedness Measures,"{'Protection': 1, 'Flood Protection work': 1}"
2026_CEBBS_129136_8,SE-AID-2/2026-27,Repair to Hinsei Minor in between RD 2500m to 4050m of Left Main Canal of Manjore Irrigation Project.,Repair to Hinsei Minor in between RD 2500m to 4050m of Left Main Canal of Manjore Irrigation Project.,Works,Open Tender,Percentage,Civil Works - Canal,No,No,NA ,13-May-2026 11:00 AM,NA ,90.0,No ,No,Online,25-May-2026 09:00 AM,CE and BM Brahmani Basin Samal||SE Angul Irrigation Circle Angul||EE Angul Irrigation Division Angul,Angul,759143.0,1.0,,SUBHASHREE SAHOO,"672,389",Rejected-Finance,22-Jun-2026,CE and BM Brahmani Basin Samal||SE Angul Irrigation Circle Angul||EE Angul Irrigation Division Angul,True,"{'Flood': 0, 'Embankment': 0, 'embkt': 0, 'Relief': 0, 'Erosion': 0, 'SDRF': 0, 'Inundation': 0, 'Hydrology': 0, 'Silt': 0, 'Siltation': 0, 'Bund': 0, 'Trench': 0, 'Breach': 0, 'Culvert': 0, 'Sluice': 0, 'Dyke': 0, 'Storm water drain': 0, 'Emergency': 0, 'Immediate': 0, 'IM': 0, 'AE': 0, 'A E': 0, 'AAPDA MITRA': 0, 'flood': 0, 'Bridge': 0, 'River': 0, 'Drain': 0, 'Restoration': 0, 'Protection': 0, 'irr': 0, 'irrigation': 2, 'dam': 0, 'Nallah': 0, 'Retrofitting': 0, 'Pond': 0, 'Pokhari': 0, 'D/C': 0, 'Recharge shaft': 0, 'LFB': 0, 'RFB': 0}","{'Floodlight': 0, 'Flood Light': 0, 'GAS': 0, 'FIFA': 0, 'pipe': 0, 'pipes': 0, 'covid': 0, 'supply': 0, 'Beautification': 0, 'Installation': 0}",Pre-Monsoon,,False,False,Repair and Restoration,{'repair': 2}
2025_CERWI_121350_1,Online Tender/07/SERWD PHULBANI/2025-26,"S/R to Bisipada to Katringia Such as SDBC, ,Protection wall Drain from Ch .0/000 to 3/510 and 5/950 to 8/300 Km for the year 2025-26","S/R to Bisipada to Katringia Such as SDBC, ,Protection wall Drain from Ch .0/000 to 3/510 and 5/950 to 8/300 Km for the year 2025-26",Works,Open Tender,Percentage,Civil Works - Roads,No,No,NA ,15-Nov-2025 06:00 PM,NA ,90.0,No ,No,Online,25-Nov-2025 11:30 AM,CE RW I||RWCIRCLE-BERHAMPUR||RWDIVISION-PHULBANI,"OO the SE,RWD,PHULBANI",762001.0,2.0,"79,83,000",TARAKANTA GURU,"6,786,182.69",Rejected-Technical,01-Jul-2026,CE RW I||RWCIRCLE-BERHAMPUR||RWDIVISION-PHULBANI,True,"{'Flood': 0, 'Embankment': 0, 'embkt': 0, 'Relief': 0, 'Erosion': 0, 'SDRF': 0, 'Inundation': 0, 'Hydrology': 0, 'Silt': 0, 'Siltation': 0, 'Bund': 0, 'Trench': 0, 'Breach': 0, 'Culvert': 0, 'Sluice': 0, 'Dyke': 0, 'Storm water drain': 0, 'Emergency': 0, 'Immediate': 0, 'IM': 0, 'AE': 0, 'A E': 0, 'AAPDA MITRA': 0, 'flood': 0, 'Bridge': 0, 'River': 0, 'Drain': 2, 'Restoration': 0, 'Protection': 2, 'irr': 0, 'irrigation': 0, 'dam': 0, 'Nallah': 0, 'Retrofitting': 0, 'Pond': 0, 'Pokhari': 0, 'D/C': 0, 'Recharge shaft': 0, 'LFB': 0, 'RFB': 0}","{'Floodlight': 0, 'Flood Light': 0, 'GAS': 0, 'FIFA': 0, 'pipe': 0, 'pipes': 0, 'covid': 0, 'supply': 0, 'Beautification': 0, 'Installation': 0}",Post-Monsoon,,False,True,Repair and Restoration,{'Drain': 2}
2026_EICCL_124248_2,CE-BRIDGES-12/2025-26,Construction of H. L. Bridge over Power Channel at 3.660km on Burla link road (ODR) in the District of Sambalpur under State Plan for the year 2023-24,Construction of H. L. Bridge over Power Channel at 3.660km on Burla link road (ODR) in the District of Sambalpur under State Plan for the year 2023-24,Works,Open Tender,Percentage,Civil Works - Bridges,No,No,NA ,21-Jan-2026 12:30 PM,NA ,90.0,No ,No,Online,18-Feb-2026 11:30 AM,EIC-CIVIL||EIC-CIVIL,in the District of Sambalpur,751001.0,2.0,"21,19,70,675",PRATAP PADHIARI,"295,317,544",Rejected-Technical,20-Jul-2026,EIC-CIVIL||EIC-CIVIL,True,"{'Flood': 0, 'Embankment': 0, 'embkt': 0, 'Relief': 0, 'Erosion': 0, 'SDRF': 0, 'Inundation': 0, 'Hydrology': 0, 'Silt': 0, 'Siltation': 0, 'Bund': 0, 'Trench': 0, 'Breach': 0, 'Culvert': 0, 'Sluice': 0, 'Dyke': 0, 'Storm water drain': 0, 'Emergency': 0, 'Immediate': 0, 'IM': 0, 'AE': 0, 'A E': 0, 'AAPDA MITRA': 0, 'flood': 0, 'Bridge': 2, 'River': 0, 'Drain': 0, 'Restoration': 0, 'Protection': 0, 'irr': 0, 'irrigation': 0, 'dam': 0, 'Nallah': 0, 'Retrofitting': 0, 'Pond': 0, 'Pokhari': 0, 'D/C': 0, 'Recharge shaft': 0, 'LFB': 0, 'RFB': 0}","{'Floodlight': 0, 'Flood Light': 0, 'GAS': 0, 'FIFA': 0, 'pipe': 0, 'pipes': 0, 'covid': 0, 'supply': 0, 'Beautification': 0, 'Installation': 0}",Post-Monsoon,,False,True,Repair and Restoration,"{'Construction': 2, 'Bridge': 2}"
2026_ORULB_129299_6,BM_04_2026_27,Construction of Drain with Cover Slab and Culvert from OT Road Odisha Cycle Store to LIC Office Mahanal via Tax Colony and Patel Colony in Ward No 17,Construction of Drain with Cover Slab and Culvert from OT Road Odisha Cycle Store to LIC Office Mahanal via Tax Colony and Patel Colony in Ward No 17,Works,Open Tender,Percentage,Civil Works - Roads,No,No,NA ,14-May-2026 05:00 PM,NA ,90.0,No ,No,Online,30-May-2026 11:00 AM,Municipal Bodies||Balasore Municipality,Balasore Municipality,756003.0,2.0,"76,27,119",DINESH KUMAR BEHERA,"6,483,813.7",Accepted-AOC,17-Jul-2026,Municipal Bodies||Balasore Municipality,True,"{'Flood': 0, 'Embankment': 0, 'embkt': 0, 'Relief': 0, 'Erosion': 0, 'SDRF': 0, 'Inundation': 0, 'Hydrology': 0, 'Silt': 0, 'Siltation': 0, 'Bund': 0, 'Trench': 0, 'Breach': 0, 'Culvert': 2, 'Sluice': 0, 'Dyke': 0, 'Storm water drain': 0, 'Emergency': 0, 'Immediate': 0, 'IM': 0, 'AE': 0, 'A E': 0, 'AAPDA MITRA': 0, 'flood': 0, 'Bridge': 0, 'River': 0, 'Drain': 2, 'Restoration': 0, 'Protection': 0, 'irr': 0, 'irrigation': 0, 'dam': 0, 'Nallah': 0, 'Retrofitting': 0, 'Pond': 0, 'Pokhari': 0, 'D/C': 0, 'Recharge shaft': 0, 'LFB': 0, 'RFB': 0}","{'Floodlight': 0, 'Flood Light': 0, 'GAS': 0, 'FIFA': 0, 'pipe': 0, 'pipes': 0, 'covid': 0, 'supply': 0, 'Beautification': 0, 'Installation': 0}",Pre-Monsoon,,False,True,Repair and Restoration,"{'Construction': 2, 'Drain': 2}"
2026_CEBBS_129635_2,SE-AID-3/2026-27,Construction of Trough wall to Kunua Sub-Minor II from RD 755m to RD 840m of Sapua Badjore Irrigation Project. Working RD from 755m to 877.5m,Construction of Trough wall to Kunua Sub-Minor II from RD 755m to RD 840m of Sapua Badjore Irrigation Project. Working RD from 755m to 877.5m,Works,Open Tender,Percentage,Civil Works - Canal,No,No,NA ,25-May-2026 11:00 AM,NA ,90.0,No ,No,Online,04-Jun-2026 09:00 AM,CE and BM Brahmani Basin Samal||SE Angul Irrigation Circle Angul||EE Angul Irrigation Division Angul,Angul,759143.0,1.0,,SOUMYA RANJAN BEHERA,"899,181",Rejected-Finance,01-Nov-2026,CE and BM Brahmani Basin Samal||SE Angul Irrigation Circle Angul||EE Angul Irrigation Division Angul,True,"{'Flood': 0, 'Embankment': 0, 'embkt': 0, 'Relief': 0, 'Erosion': 0, 'SDRF': 0, 'Inundation': 0, 'Hydrology': 0, 'Silt': 0, 'Siltation': 0, 'Bund': 0, 'Trench': 0, 'Breach': 0, 'Culvert': 0, 'Sluice': 0, 'Dyke': 0, 'Storm water drain': 0, 'Emergency': 0, 'Immediate': 0, 'IM': 0, 'AE': 0, 'A E': 0, 'AAPDA MITRA': 0, 'flood': 0, 'Bridge': 0, 'River': 0, 'Drain': 0, 'Restoration': 0, 'Protection': 0, 'irr': 0, 'irrigation': 2, 'dam': 0, 'Nallah': 0, 'Retrofitting': 0, 'Pond': 0, 'Pokhari': 0, 'D/C': 0, 'Recharge shaft': 0, 'LFB': 0, 'RFB': 0}","{'Floodlight': 0, 'Flood Light': 0, 'GAS': 0, 'FIFA': 0, 'pipe': 0, 'pipes': 0, 'covid': 0, 'supply': 0, 'Beautification': 0, 'Installation': 0}",Pre-Monsoon,,False,False,Repair and Restoration,{'Construction': 2}
2026_ORULB_127203_8,EONM-06/2025-26,Construction of Paver Block Road with Drain Slab from Sanjukta Traders to Krutibas Nayak (Maitri vihar 4th lane) in Ward No-16,CIVIL WORK,Works,Open Tender,Percentage,Civil Works - Others,No,No,NA ,16-Mar-2026 11:00 AM,NA ,90.0,No ,No,Online,26-Mar-2026 11:00 AM,Municipal Bodies||Nabarangpur Municipality,Nabarangpur,764059.0,1.0,"9,65,674",SANJAYA NAYAK,"893,249",Rejected-AOC,29-Jul-2026,Municipal Bodies||Nabarangpur Municipality,True,"{'Flood': 0, 'Embankment': 0, 'embkt': 0, 'Relief': 0, 'Erosion': 0, 'SDRF': 0, 'Inundation': 0, 'Hydrology': 0, 'Silt': 0, 'Siltation': 0, 'Bund': 0, 'Trench': 0, 'Breach': 0, 'Culvert': 0, 'Sluice': 0, 'Dyke': 0, 'Storm water drain': 0, 'Emergency': 0, 'Immediate': 0, 'IM': 0, 'AE': 0, 'A E': 0, 'AAPDA MITRA': 0, 'flood': 0, 'Bridge': 0, 'River': 0, 'Drain': 1, 'Restoration': 0, 'Protection': 0, 'irr': 0, 'irrigation': 0, 'dam': 0, 'Nallah': 0, 'Retrofitting': 0, 'Pond': 0, 'Pokhari': 0, 'D/C': 0, 'Recharge shaft': 0, 'LFB': 0, 'RFB': 0}","{'Floodlight': 0, 'Flood Light': 0, 'GAS': 0, 'FIFA': 0, 'pipe': 0, 'pipes': 0, 'covid': 0, 'supply': 0, 'Beautification': 0, 'Installation': 0}",Pre-Monsoon,,False,True,Repair and Restoration,"{'Construction': 1, 'Drain': 1}"
2026_CEMIB_125474_2,SEMIDBLS-11/2025- 26,Construction of Muhanabandha Check Dam in Soro Block of Balasore District under MATY Scheme for the year 2025-26,Construction of Muhanabandha Check Dam in Soro Block of Balasore District under MATY Scheme for the year 2025-26,Works,Open Tender,Percentage,Civil Works - Others,No,No,NA ,05-Feb-2026 10:00 AM,NA ,90.0,No ,No,Online,17-Feb-2026 11:00 AM,"CE,Minor Irrigation,BBSR||Baripada Minor Irrigation Circle Baripada||MI Division Balasore",Soro Block,756045.0,1.0,"49,21,691",ULLASH KUMAR SWAIN,"3,814,311",Rejected-Finance,09-Jul-2026,"CE,Minor Irrigation,BBSR||Baripada Minor Irrigation Circle Baripada||MI Division Balasore",True,"{'Flood': 0, 'Embankment': 0, 'embkt': 0, 'Relief': 0, 'Erosion': 0, 'SDRF': 0, 'Inundation': 0, 'Hydrology': 0, 'Silt': 0, 'Siltation': 0, 'Bund': 0, 'Trench': 0, 'Breach': 0, 'Culvert': 0, 'Sluice': 0, 'Dyke': 0, 'Storm water drain': 0, 'Emergency': 0, 'Immediate': 0, 'IM': 0, 'AE': 0, 'A E': 0, 'AAPDA MITRA': 0, 'flood': 0, 'Bridge': 0, 'River': 0, 'Drain': 0, 'Restoration': 0, 'Protection': 0, 'irr': 0, 'irrigation': 0, 'dam': 2, 'Nallah': 0, 'Retrofitting': 0, 'Pond': 0, 'Pokhari': 0, 'D/C': 0, 'Recharge shaft': 0, 'LFB': 0, 'RFB': 0}","{'Floodlight': 0, 'Flood Light': 0, 'GAS': 0, 'FIFA': 0, 'pipe': 0, 'pipes': 0, 'covid': 0, 'supply': 0, 'Beautification': 0, 'Installation': 0}",Post-Monsoon,,False,False,Repair and Restoration,"{'Check Dam': 2, 'Construction': 2}"
2026_ORULB_128734_7,SNP-MUN-37/2026-27,Construction of Drain from Bastia House to Himanshu Mahapatra House Shanti Nagar W.No-1,Construction of Drain from Bastia House to Himanshu Mahapatra House Shanti Nagar W.No-1,Works,Open Tender,Percentage,Civil Works - Others,No,No,NA ,05-May-2026 11:00 AM,NA ,60.0,No ,No,Online,16-May-2026 11:00 AM,Municipal Bodies||Sonepur Municipal Council,Sonepur Municipality,767017.0,1.0,"5,34,763",JYOTSNARANI PADHAN,"534,763",Rejected-Technical,20-Jul-2026,Municipal Bodies||Sonepur Municipal Council,True,"{'Flood': 0, 'Embankment': 0, 'embkt': 0, 'Relief': 0, 'Erosion': 0, 'SDRF': 0, 'Inundation': 0, 'Hydrology': 0, 'Silt': 0, 'Siltation': 0, 'Bund': 0, 'Trench': 0, 'Breach': 0, 'Culvert': 0, 'Sluice': 0, 'Dyke': 0, 'Storm water drain': 0, 'Emergency': 0, 'Immediate': 0, 'IM': 0, 'AE': 0, 'A E': 0, 'AAPDA MITRA': 0, 'flood': 0, 'Bridge': 0, 'River': 0, 'Drain': 2, 'Restoration': 0, 'Protection': 0, 'irr': 0, 'irrigation': 0, 'dam': 0, 'Nallah': 0, 'Retrofitting': 0, 'Pond': 0, 'Pokhari': 0, 'D/C': 0, 'Recharge shaft': 0, 'LFB': 0, 'RFB': 0}","{'Floodlight': 0, 'Flood Light': 0, 'GAS': 0, 'FIFA': 0, 'pipe': 0, 'pipes': 0, 'covid': 0, 'supply': 0, 'Beautification': 0, 'Installation': 0}",Pre-Monsoon,,False,True,Repair and Restoration,"{'Construction': 2, 'Drain': 2}"
2026_ORULB_125611_37,BRJNRM -05/2025-26,"Construction of road and drain at IB pit, W.No.14",road and drain,Works,Open Tender,Percentage,Civil Works - Others,No,No,NA ,08-Feb-2026 11:00 AM,NA ,90.0,No ,No,Online,21-Feb-2026 11:00 AM,Municipal Bodies||Brajrajnagar Municipality,Brajrajnagar Municipality,768216.0,2.0,"19,90,000",KANHAYA RAJAK,"1,685,472.13",Accepted-AOC,07-Jul-2026,Municipal Bodies||Brajrajnagar Municipality,True,"{'Flood': 0, 'Embankment': 0, 'embkt': 0, 'Relief': 0, 'Erosion': 0, 'SDRF': 0, 'Inundation': 0, 'Hydrology': 0, 'Silt': 0, 'Siltation': 0, 'Bund': 0, 'Trench': 0, 'Breach': 0, 'Culvert': 0, 'Sluice': 0, 'Dyke': 0, 'Storm water drain': 0, 'Emergency': 0, 'Immediate': 0, 'IM': 0, 'AE': 0, 'A E': 0, 'AAPDA MITRA': 0, 'flood': 0, 'Bridge': 0, 'River': 0, 'Drain': 2, 'Restoration': 0, 'Protection': 0, 'irr': 0, 'irrigation': 0, 'dam': 0, 'Nallah': 0, 'Retrofitting': 0, 'Pond': 0, 'Pokhari': 0, 'D/C': 0, 'Recharge shaft': 0, 'LFB': 0, 'RFB': 0}","{'Floodlight': 0, 'Flood Light': 0, 'GAS': 0, 'FIFA': 0, 'pipe': 0, 'pipes': 0, 'covid': 0, 'supply': 0, 'Beautification': 0, 'Installation': 0}",Post-Monsoon,,False,True,Repair and Restoration,"{'Construction': 1, 'Drain': 2}"
2026_ORULB_127482_49,BLGR MPTY/13(01-73)/2025-26,"Const. of Paver Road and Drain with Cover Slab from Raghu Banchhor Res to Susanta Dash Res Binayak Nagar, W.No.18",Road and Drain with Cover Slab Work,Works,Open Tender,Percentage,Civil Works - Roads,No,No,NA ,24-Mar-2026 11:00 AM,NA ,180.0,No ,No,Online,06-Apr-2026 11:00 AM,Municipal Bodies||Balangir Municipality,Balangir,767001.0,1.0,"12,67,469",RAJENDRA PUROHIT,"1,266,201.38",Rejected-Finance,17-Jul-2026,Municipal Bodies||Balangir Municipality,True,"{'Flood': 0, 'Embankment': 0, 'embkt': 0, 'Relief': 0, 'Erosion': 0, 'SDRF': 0, 'Inundation': 0, 'Hydrology': 0, 'Silt': 0, 'Siltation': 0, 'Bund': 0, 'Trench': 0, 'Breach': 0, 'Culvert': 0, 'Sluice': 0, 'Dyke': 0, 'Storm water drain': 0, 'Emergency': 0, 'Immediate': 0, 'IM': 0, 'AE': 0, 'A E': 0, 'AAPDA MITRA': 0, 'flood': 0, 'Bridge': 0, 'River': 0, 'Drain': 2, 'Restoration': 0, 'Protection': 0, 'irr': 0, 'irrigation': 0, 'dam': 0, 'Nallah': 0, 'Retrofitting': 0, 'Pond': 0, 'Pokhari': 0, 'D/C': 0, 'Recharge shaft': 0, 'LFB': 0, 'RFB': 0}","{'Floodlight': 0, 'Flood Light': 0, 'GAS': 0, 'FIFA': 0, 'pipe': 0, 'pipes': 0, 'covid': 0, 'supply': 0, 'Beautification': 0, 'Installation': 0}",Pre-Monsoon,,False,True,Repair and Restoration,{'Drain': 2}
2026_ORULB_129755_6,RGDA-MUN-01/2026-2027,Improvement of road with BM and SDBC and Constructuion of RCC cover slab over drain near Lions Club in w.no-14,Improvement of road with BM and SDBC and Constructuion of RCC cover slab over drain near Lions Club in w.no-14,Works,Open Tender,Percentage,Civil Works - Roads,No,No,NA ,25-May-2026 06:00 PM,NA ,90.0,No ,No,Online,10-Jun-2026 11:30 AM,Municipal Bodies||Rayagada Municipality,RAYAGADA MUNICIPALITY,765001.0,1.0,"14,27,267",MONAJ PANDA,"1,427,267",Rejected-Finance,22-Jul-2026,Municipal Bodies||Rayagada Municipality,True,"{'Flood': 0, 'Embankment': 0, 'embkt': 0, 'Relief': 0, 'Erosion': 0, 'SDRF': 0, 'Inundation': 0, 'Hydrology': 0, 'Silt': 0, 'Siltation': 0, 'Bund': 0, 'Trench': 0, 'Breach': 0, 'Culvert': 0, 'Sluice': 0, 'Dyke': 0, 'Storm water drain': 0, 'Emergency': 0, 'Immediate': 0, 'IM': 0, 'AE': 0, 'A E': 0, 'AAPDA MITRA': 0, 'flood': 0, 'Bridge': 0, 'River': 0, 'Drain': 2, 'Restoration': 0, 'Protection': 0, 'irr': 0, 'irrigation': 0, 'dam': 0, 'Nallah': 0, 'Retrofitting': 0, 'Pond': 0, 'Pokhari': 0, 'D/C': 0, 'Recharge shaft': 0, 'LFB': 0, 'RFB': 0}","{'Floodlight': 0, 'Flood Light': 0, 'GAS': 0, 'FIFA': 0, 'pipe': 0, 'pipes': 0, 'covid': 0, 'supply': 0, 'Beautification': 0, 'Installation': 0}",Pre-Monsoon,,False,True,Repair and Restoration,"{'improvement': 2, 'Drain': 2}"
2026_ORULB_127732_8,MC(CMC)CTC_Div-I_No.28/2025-26,Construction of Three Nos of culvert from Nimchaudi to Alamchand Bazar in Ward No. 13.,Construction of Three Nos of culvert from Nimchaudi to Alamchand Bazar in Ward No. 13.,Works,Open Tender,Percentage,Civil Works - Others,No,No,NA ,04-Apr-2026 03:00 PM,NA ,90.0,No ,No,Online,18-Apr-2026 11:00 AM,Municipal Bodies||Cuttack Municipal Corporation,CMC,753012.0,1.0,"6,71,200",SHIBA SANKAR SETHI,"671,204",Accepted-AOC,21-Jul-2026,Municipal Bodies||Cuttack Municipal Corporation,True,"{'Flood': 0, 'Embankment': 0, 'embkt': 0, 'Relief': 0, 'Erosion': 0, 'SDRF': 0, 'Inundation': 0, 'Hydrology': 0, 'Silt': 0, 'Siltation': 0, 'Bund': 0, 'Trench': 0, 'Breach': 0, 'Culvert': 2, 'Sluice': 0, 'Dyke': 0, 'Storm water drain': 0, 'Emergency': 0, 'Immediate': 0, 'IM': 0, 'AE': 0, 'A E': 0, 'AAPDA MITRA': 0, 'flood': 0, 'Bridge': 0, 'River': 0, 'Drain': 0, 'Restoration': 0, 'Protection': 0, 'irr': 0, 'irrigation': 0, 'dam': 0, 'Nallah': 0, 'Retrofitting': 0, 'Pond': 0, 'Pokhari': 0, 'D/C': 0, 'Recharge shaft': 0, 'LFB': 0, 'RFB': 0}","{'Floodlight': 0, 'Flood Light': 0, 'GAS': 0, 'FIFA': 0, 'pipe': 0, 'pipes': 0, 'covid': 0, 'supply': 0, 'Beautification': 0, 'Installation': 0}",Pre-Monsoon,,False,True,Repair and Restoration,{'Construction': 2}
2026_ORULB_129755_7,RGDA-MUN-01/2026-2027,Improvement of road with CC interlocking paver block with one side drain from Ring Road to Swami Vivekananda School lane in w.no-11,Improvement of road with CC interlocking paver block with one side drain from Ring Road to Swami Vivekananda School lane in w.no-11,Works,Open Tender,Percentage,Civil Works - Roads,No,No,NA ,25-May-2026 06:00 PM,NA ,90.0,No ,No,Online,10-Jun-2026 11:30 AM,Municipal Bodies||Rayagada Municipality,RAYAGADA MUNICIPALITY,765001.0,1.0,"10,17,679",RADHA KRUSHNA SAHU,"1,017,679",Rejected-Finance,10-Jul-2026,Municipal Bodies||Rayagada Municipality,True,"{'Flood': 0, 'Embankment': 0, 'embkt': 0, 'Relief': 0, 'Erosion': 0, 'SDRF': 0, 'Inundation': 0, 'Hydrology': 0, 'Silt': 0, 'Siltation': 0, 'Bund': 0, 'Trench': 0, 'Breach': 0, 'Culvert': 0, 'Sluice': 0, 'Dyke': 0, 'Storm water drain': 0, 'Emergency': 0, 'Immediate': 0, 'IM': 0, 'AE': 0, 'A E': 0, 'AAPDA MITRA': 0, 'flood': 0, 'Bridge': 0, 'River': 0, 'Drain': 2, 'Restoration': 0, 'Protection': 0, 'irr': 0, 'irrigation': 0, 'dam': 0, 'Nallah': 0, 'Retrofitting': 0, 'Pond': 0, 'Pokhari': 0, 'D/C': 0, 'Recharge shaft': 0, 'LFB': 0, 'RFB': 0}","{'Floodlight': 0, 'Flood Light': 0, 'GAS': 0, 'FIFA': 0, 'pipe': 0, 'pipes': 0, 'covid': 0, 'supply': 0, 'Beautification': 0, 'Installation': 0}",Pre-Monsoon,,False,True,Repair and Restoration,"{'improvement': 2, 'Drain': 2}"
2026_ORULB_127482_48,BLGR MPTY/13(01-73)/2025-26,"Const. of Paver Road and Drain with Cover Slab from Prabin Rout Res To Narasingh Tripathy Res Binayak Nagar, W.No.18",Road and Drain with Cover Slab Work,Works,Open Tender,Percentage,Civil Works - Roads,No,No,NA ,24-Mar-2026 11:00 AM,NA ,180.0,No ,No,Online,06-Apr-2026 11:00 AM,Municipal Bodies||Balangir Municipality,Balangir,767001.0,1.0,"8,45,727",SRI HAREKRUSHNA ADJUED,"844,881.41",Rejected-Finance,17-Jul-2026,Municipal Bodies||Balangir Municipality,True,"{'Flood': 0, 'Embankment': 0, 'embkt': 0, 'Relief': 0, 'Erosion': 0, 'SDRF': 0, 'Inundation': 0, 'Hydrology': 0, 'Silt': 0, 'Siltation': 0, 'Bund': 0, 'Trench': 0, 'Breach': 0, 'Culvert': 0, 'Sluice': 0, 'Dyke': 0, 'Storm water drain': 0, 'Emergency': 0, 'Immediate': 0, 'IM': 0, 'AE': 0, 'A E': 0, 'AAPDA MITRA': 0, 'flood': 0, 'Bridge': 0, 'River': 0, 'Drain': 2, 'Restoration': 0, 'Protection': 0, 'irr': 0, 'irrigation': 0, 'dam': 0, 'Nallah': 0, 'Retrofitting': 0, 'Pond': 0, 'Pokhari': 0, 'D/C': 0, 'Recharge shaft': 0, 'LFB': 0, 'RFB': 0}","{'Floodlight': 0, 'Flood Light': 0, 'GAS': 0, 'FIFA': 0, 'pipe': 0, 'pipes': 0, 'covid': 0, 'supply': 0, 'Beautification': 0, 'Installation': 0}",Pre-Monsoon,,False,True,Repair and Restoration,{'Drain': 2}
2026_ORULB_125611_4,BRJNRM -05/2025-26,Development River fronts near IB Ghat,Development,Works,Open Tender,Percentage,Civil Works - Others,No,No,NA ,06-Feb-2026 06:00 PM,NA ,90.0,No ,No,Online,21-Feb-2026 11:00 AM,Municipal Bodies||Brajrajnagar Municipality,Brajrajnagar Municipality,768216.0,2.0,"59,85,000",DAMRUDHAR NAIK,"4,810,891.49",Rejected-AOC,07-Jul-2026,Municipal Bodies||Brajrajnagar Municipality,True,"{'Flood': 0, 'Embankment': 0, 'embkt': 0, 'Relief': 0, 'Erosion': 0, 'SDRF': 0, 'Inundation': 0, 'Hydrology': 0, 'Silt': 0, 'Siltation': 0, 'Bund': 0, 'Trench': 0, 'Breach': 0, 'Culvert': 0, 'Sluice': 0, 'Dyke': 0, 'Storm water drain': 0, 'Emergency': 0, 'Immediate': 0, 'IM': 0, 'AE': 0, 'A E': 0, 'AAPDA MITRA': 0, 'flood': 0, 'Bridge': 0, 'River': 1, 'Drain': 0, 'Restoration': 0, 'Protection': 0, 'irr': 0, 'irrigation': 0, 'dam': 0, 'Nallah': 0, 'Retrofitting': 0, 'Pond': 0, 'Pokhari': 0, 'D/C': 0, 'Recharge shaft': 0, 'LFB': 0, 'RFB': 0}","{'Floodlight': 0, 'Flood Light': 0, 'GAS': 0, 'FIFA': 0, 'pipe': 0, 'pipes': 0, 'covid': 0, 'supply': 0, 'Beautification': 0, 'Installation': 0}",Post-Monsoon,,False,False,Others,
2026_ORULB_128734_6,SNP-MUN-37/2026-27,Restoration of Drain from AWC to Naik house W.No-5,Restoration of Drain from AWC to Naik house W.No-5,Works,Open Tender,Percentage,Civil Works - Others,No,No,NA ,05-May-2026 11:00 AM,NA ,60.0,No ,No,Online,16-May-2026 11:00 AM,Municipal Bodies||Sonepur Municipal Council,Sonepur Municipality,767017.0,1.0,"5,84,612",BIKRAM KUMAR AGRAWAL,"584,612",Accepted-AOC,26-Jul-2026,Municipal Bodies||Sonepur Municipal Council,True,"{'Flood': 0, 'Embankment': 0, 'embkt': 0, 'Relief': 0, 'Erosion': 0, 'SDRF': 0, 'Inundation': 0, 'Hydrology': 0, 'Silt': 0, 'Siltation': 0, 'Bund': 0, 'Trench': 0, 'Breach': 0, 'Culvert': 0, 'Sluice': 0, 'Dyke': 0, 'Storm water drain': 0, 'Emergency': 0, 'Immediate': 0, 'IM': 0, 'AE': 0, 'A E': 0, 'AAPDA MITRA': 0, 'flood': 0, 'Bridge': 0, 'River': 0, 'Drain': 2, 'Restoration': 2, 'Protection': 0, 'irr': 0, 'irrigation': 0, 'dam': 0, 'Nallah': 0, 'Retrofitting': 0, 'Pond': 0, 'Pokhari': 0, 'D/C': 0, 'Recharge shaft': 0, 'LFB': 0, 'RFB': 0}","{'Floodlight': 0, 'Flood Light': 0, 'GAS': 0, 'FIFA': 0, 'pipe': 0, 'pipes': 0, 'covid': 0, 'supply': 0, 'Beautification': 0, 'Installation': 0}",Pre-Monsoon,,False,True,Repair and Restoration,"{'restoration': 2, 'Drain': 2}"
2026_CEMIB_125474_3,SEMIDBLS-11/2025- 26,Construction of Chakakula Check Dam in Tihidi Block of Bhadrak District under MATY Scheme for the year 2025-26,Construction of Chakakula Check Dam in Tihidi Block of Bhadrak District under MATY Scheme for the year 2025-26,Works,Open Tender,Percentage,Civil Works - Others,No,No,NA ,05-Feb-2026 10:00 AM,NA ,90.0,No ,No,Online,17-Feb-2026 11:00 AM,"CE,Minor Irrigation,BBSR||Baripada Minor Irrigation Circle Baripada||MI Division Balasore",Tihidi Block,756130.0,1.0,"41,45,668",ULLASH KUMAR SWAIN,"3,212,892",Rejected-Finance,31-Jul-2026,"CE,Minor Irrigation,BBSR||Baripada Minor Irrigation Circle Baripada||MI Division Balasore",True,"{'Flood': 0, 'Embankment': 0, 'embkt': 0, 'Relief': 0, 'Erosion': 0, 'SDRF': 0, 'Inundation': 0, 'Hydrology': 0, 'Silt': 0, 'Siltation': 0, 'Bund': 0, 'Trench': 0, 'Breach': 0, 'Culvert': 0, 'Sluice': 0, 'Dyke': 0, 'Storm water drain': 0, 'Emergency': 0, 'Immediate': 0, 'IM': 0, 'AE': 0, 'A E': 0, 'AAPDA MITRA': 0, 'flood': 0, 'Bridge': 0, 'River': 0, 'Drain': 0, 'Restoration': 0, 'Protection': 0, 'irr': 0, 'irrigation': 0, 'dam': 2, 'Nallah': 0, 'Retrofitting': 0, 'Pond': 0, 'Pokhari': 0, 'D/C': 0, 'Recharge shaft': 0, 'LFB': 0, 'RFB': 0}","{'Floodlight': 0, 'Flood Light': 0, 'GAS': 0, 'FIFA': 0, 'pipe': 0, 'pipes': 0, 'covid': 0, 'supply': 0, 'Beautification': 0, 'Installation': 0}",Post-Monsoon,,False,False,Repair and Restoration,"{'Check Dam': 2, 'Construction': 2}"
2026_CEBBS_129635_3,SE-AID-3/2026-27,Construction of RCC Trough wall to Rasol Minor from RD 1250m to RD 1275m and RD 2975m to RD 3000m of Sapua Badjore Irrigation Project,Construction of RCC Trough wall to Rasol Minor from RD 1250m to RD 1275m and RD 2975m to RD 3000m of Sapua Badjore Irrigation Project,Works,Open Tender,Percentage,Civil Works - Canal,No,No,NA ,25-May-2026 11:00 AM,NA ,90.0,No ,No,Online,04-Jun-2026 09:00 AM,CE and BM Brahmani Basin Samal||SE Angul Irrigation Circle Angul||EE Angul Irrigation Division Angul,Angul,759143.0,1.0,,MAHESWAR ROUT,"668,660",Rejected-Finance,25-Jun-2026,CE and BM Brahmani Basin Samal||SE Angul Irrigation Circle Angul||EE Angul Irrigation Division Angul,True,"{'Flood': 0, 'Embankment': 0, 'embkt': 0, 'Relief': 0, 'Erosion': 0, 'SDRF': 0, 'Inundation': 0, 'Hydrology': 0, 'Silt': 0, 'Siltation': 0, 'Bund': 0, 'Trench': 0, 'Breach': 0, 'Culvert': 0, 'Sluice': 0, 'Dyke': 0, 'Storm water drain': 0, 'Emergency': 0, 'Immediate': 0, 'IM': 0, 'AE': 0, 'A E': 0, 'AAPDA MITRA': 0, 'flood': 0, 'Bridge': 0, 'River': 0, 'Drain': 0, 'Restoration': 0, 'Protection': 0, 'irr': 0, 'irrigation': 2, 'dam': 0, 'Nallah': 0, 'Retrofitting': 0, 'Pond': 0, 'Pokhari': 0, 'D/C': 0, 'Recharge shaft': 0, 'LFB': 0, 'RFB': 0}","{'Floodlight': 0, 'Flood Light': 0, 'GAS': 0, 'FIFA': 0, 'pipe': 0, 'pipes': 0, 'covid': 0, 'supply': 0, 'Beautification': 0, 'Installation': 0}",Pre-Monsoon,,False,False,Repair and Restoration,{'Construction': 2}
2026_ORULB_129299_7,BM_04_2026_27,Construction of Mahanala Drain from Nika Mahal Culvert to River Budhabalanga in Ward No 11,Construction of Mahanala Drain from Nika Mahal Culvert to River Budhabalanga in Ward No 11,Works,Open Tender,Percentage,Civil Works - Roads,No,No,NA ,14-May-2026 05:00 PM,NA ,90.0,No ,No,Online,30-May-2026 11:00 AM,Municipal Bodies||Balasore Municipality,Balasore Municipality,756003.0,2.0,"83,33,898",TAPASWINI MOHARANA,"8,333,897.56",Rejected-Finance,18-Jul-2026,Municipal Bodies||Balasore Municipality,True,"{'Flood': 0, 'Embankment': 0, 'embkt': 0, 'Relief': 0, 'Erosion': 0, 'SDRF': 0, 'Inundation': 0, 'Hydrology': 0, 'Silt': 0, 'Siltation': 0, 'Bund': 0, 'Trench': 0, 'Breach': 0, 'Culvert': 2, 'Sluice': 0, 'Dyke': 0, 'Storm water drain': 0, 'Emergency': 0, 'Immediate': 0, 'IM': 0, 'AE': 0, 'A E': 0, 'AAPDA MITRA': 0, 'flood': 0, 'Bridge': 0, 'River': 2, 'Drain': 2, 'Restoration': 0, 'Protection': 0, 'irr': 0, 'irrigation': 0, 'dam': 0, 'Nallah': 0, 'Retrofitting': 0, 'Pond': 0, 'Pokhari': 0, 'D/C': 0, 'Recharge shaft': 0, 'LFB': 0, 'RFB': 0}","{'Floodlight': 0, 'Flood Light': 0, 'GAS': 0, 'FIFA': 0, 'pipe': 0, 'pipes': 0, 'covid': 0, 'supply': 0, 'Beautification': 0, 'Installation': 0}",Pre-Monsoon,,False,True,Repair and Restoration,"{'Construction': 2, 'Drain': 2}"
2026_BDABU_129570_1,668/SE/BDA/2026-27,Construction of C Wall Pathway Drain and conversion of Security room into Toilet along with Fitting and Fixing of Open Gym equipment at Ananta Vihar Phase III Park Pokhariput,Construction of C Wall Pathway Drain and conversion of Security room into Toilet along with Fitting and Fixing of Open Gym equipment at Ananta Vihar Phase III Park Pokhariput,Works,Open Tender,Percentage,Civil Works - Others,No,No,NA ,21-May-2026 09:00 AM,NA ,90.0,No ,No,Online,01-Jun-2026 11:30 AM,Bhubaneswar Development Authority,Bhubaneswar,751001.0,2.0,"23,23,166",SATYAJIT SAMANTARAY,"1,579,753",Rejected-Finance,15-Jul-2026,Bhubaneswar Development Authority,True,"{'Flood': 0, 'Embankment': 0, 'embkt': 0, 'Relief': 0, 'Erosion': 0, 'SDRF': 0, 'Inundation': 0, 'Hydrology': 0, 'Silt': 0, 'Siltation': 0, 'Bund': 0, 'Trench': 0, 'Breach': 0, 'Culvert': 0, 'Sluice': 0, 'Dyke': 0, 'Storm water drain': 0, 'Emergency': 0, 'Immediate': 0, 'IM': 0, 'AE': 0, 'A E': 0, 'AAPDA MITRA': 0, 'flood': 0, 'Bridge': 0, 'River': 0, 'Drain': 2, 'Restoration': 0, 'Protection': 0, 'irr': 0, 'irrigation': 0, 'dam': 0, 'Nallah': 0, 'Retrofitting': 0, 'Pond': 0, 'Pokhari': 0, 'D/C': 0, 'Recharge shaft': 0, 'LFB': 0, 'RFB': 0}","{'Floodlight': 0, 'Flood Light': 0, 'GAS': 0, 'FIFA': 0, 'pipe': 0, 'pipes': 0, 'covid': 0, 'supply': 0, 'Beautification': 0, 'Installation': 0}",Pre-Monsoon,,False,True,Repair and Restoration,"{'Construction': 2, 'Drain': 2}"
2026_CEBBS_129136_9,SE-AID-2/2026-27,Providing Cement Concrete guard wall to left bank in between RD 845m to 1190m of Angul Main Canal of Derjang Irrigation Project.,Providing Cement Concrete guard wall to left bank in between RD 845m to 1190m of Angul Main Canal of Derjang Irrigation Project.,Works,Open Tender,Percentage,Civil Works - Canal,No,No,NA ,13-May-2026 11:00 AM,NA ,90.0,No ,No,Online,25-May-2026 09:00 AM,CE and BM Brahmani Basin Samal||SE Angul Irrigation Circle Angul||EE Angul Irrigation Division Angul,Angul,759143.0,1.0,,KAMALAKANTA SAHU,"761,738",Rejected-Technical,22-Jun-2026,CE and BM Brahmani Basin Samal||SE Angul Irrigation Circle Angul||EE Angul Irrigation Division Angul,True,"{'Flood': 0, 'Embankment': 0, 'embkt': 0, 'Relief': 0, 'Erosion': 0, 'SDRF': 0, 'Inundation': 0, 'Hydrology': 0, 'Silt': 0, 'Siltation': 0, 'Bund': 0, 'Trench': 0, 'Breach': 0, 'Culvert': 0, 'Sluice': 0, 'Dyke': 0, 'Storm water drain': 0, 'Emergency': 0, 'Immediate': 0, 'IM': 0, 'AE': 0, 'A E': 0, 'AAPDA MITRA': 0, 'flood': 0, 'Bridge': 0, 'River': 0, 'Drain': 0, 'Restoration': 0, 'Protection': 0, 'irr': 0, 'irrigation': 2, 'dam': 0, 'Nallah': 0, 'Retrofitting': 0, 'Pond': 0, 'Pokhari': 0, 'D/C': 0, 'Recharge shaft': 0, 'LFB': 0, 'RFB': 0}","{'Floodlight': 0, 'Flood Light': 0, 'GAS': 0, 'FIFA': 0, 'pipe': 0, 'pipes': 0, 'covid': 0, 'supply': 0, 'Beautification': 0, 'Installation': 0}",Pre-Monsoon,,False,False,Others,
2026_ORULB_124509_5,BMC-EE-Tender Cell-62/2025-26 Dt. 12.01.2026,Construction of Road and Drain at Netaji Colony in Ward No. 17,Construction of Road and Drain at Netaji Colony in Ward No. 17,Works,Open Tender,Percentage,Civil Works - Roads,No,No,NA ,15-Jan-2026 10:30 AM,19-Jan-2026 04:30 PM ,120.0,No ,No,Online,27-Jan-2026 04:00 PM,Municipal Bodies||Bhubaneswar Municipal Corporation,BMC AREA,751022.0,1.0,"32,27,351",RAJENDRA KUMAR MAHALI,"3,808,274",Rejected-Finance,17-Jul-2026,Municipal Bodies||Bhubaneswar Municipal Corporation,True,"{'Flood': 0, 'Embankment': 0, 'embkt': 0, 'Relief': 0, 'Erosion': 0, 'SDRF': 0, 'Inundation': 0, 'Hydrology': 0, 'Silt': 0, 'Siltation': 0, 'Bund': 0, 'Trench': 0, 'Breach': 0, 'Culvert': 0, 'Sluice': 0, 'Dyke': 0, 'Storm water drain': 0, 'Emergency': 0, 'Immediate': 0, 'IM': 0, 'AE': 0, 'A E': 0, 'AAPDA MITRA': 0, 'flood': 0, 'Bridge': 0, 'River': 0, 'Drain': 2, 'Restoration': 0, 'Protection': 0, 'irr': 0, 'irrigation': 0, 'dam': 0, 'Nallah': 0, 'Retrofitting': 0, 'Pond': 0, 'Pokhari': 0, 'D/C': 0, 'Recharge shaft': 0, 'LFB': 0, 'RFB': 0}","{'Floodlight': 0, 'Flood Light': 0, 'GAS': 0, 'FIFA': 0, 'pipe': 0, 'pipes': 0, 'covid': 0, 'supply': 0, 'Beautification': 0, 'Installation': 0}",Post-Monsoon,,False,True,Repair and Restoration,"{'Construction': 2, 'Drain': 2}"
2026_CEBMT_128388_2,EEBOD-02/26-27,Flood Protection work to the Right bank of River Mahanadi near village Tentulipali inbetween RD 20.700KM to 21.100km of Ainlapali G.P under Boudh Block.,River Embankment,Works,Open Tender,Percentage,Civil Works - Others,No,No,NA ,27-Apr-2026 11:00 AM,NA ,90.0,No ,No,Online,14-May-2026 11:00 AM,"CE-BM, Tel Basin,Bhawanipatna||SE Balangir Irr Circle Balangir||EE Boudh Irr Divn Boudh",Boudh,762014.0,2.0,"81,51,000",SUSANTA KUMAR KHATUA,"8,143,221.24",Rejected-Finance,10-Jul-2026,"CE-BM, Tel Basin,Bhawanipatna||SE Balangir Irr Circle Balangir||EE Boudh Irr Divn Boudh",True,"{'Flood': 1, 'Embankment': 1, 'embkt': 0, 'Relief': 0, 'Erosion': 0, 'SDRF': 0, 'Inundation': 0, 'Hydrology': 0, 'Silt': 0, 'Siltation': 0, 'Bund': 0, 'Trench': 0, 'Breach': 0, 'Culvert': 0, 'Sluice': 0, 'Dyke': 0, 'Storm water drain': 0, 'Emergency': 0, 'Immediate': 0, 'IM': 0, 'AE': 0, 'A E': 0, 'AAPDA MITRA': 0, 'flood': 1, 'Bridge': 0, 'River': 2, 'Drain': 0, 'Restoration': 0, 'Protection': 1, 'irr': 0, 'irrigation': 0, 'dam': 0, 'Nallah': 0, 'Retrofitting': 0, 'Pond': 0, 'Pokhari': 0, 'D/C': 0, 'Recharge shaft': 0, 'LFB': 0, 'RFB': 0}","{'Floodlight': 0, 'Flood Light': 0, 'GAS': 0, 'FIFA': 0, 'pipe': 0, 'pipes': 0, 'covid': 0, 'supply': 0, 'Beautification': 0, 'Installation': 0}",Pre-Monsoon,,False,True,Preparedness Measures,"{'Protection': 1, 'Flood Protection work': 1}"
2026_ORULB_124261_5,CMC)CTC_Div-IIINo.34/25-26,Construction of road with raising of drain and fixing of RCC slab from Badol Das res to Kishore Jena res in Ward No.43.,Construction of road with raising of drain and fixing of RCC slab from Badol Das res to Kishore Jena res in Ward No.43.,Works,Open Tender,Percentage,Civil Works - Others,No,No,NA ,22-Jan-2026 11:00 AM,NA ,105.0,No ,No,Online,09-Feb-2026 10:00 AM,Municipal Bodies||Cuttack Municipal Corporation,CMC,753012.0,1.0,"14,37,140",SRI AJAYA KUMAR BEHERA,"1,494,626",Rejected-AOC,27-Jul-2026,Municipal Bodies||Cuttack Municipal Corporation,True,"{'Flood': 0, 'Embankment': 0, 'embkt': 0, 'Relief': 0, 'Erosion': 0, 'SDRF': 0, 'Inundation': 0, 'Hydrology': 0, 'Silt': 0, 'Siltation': 0, 'Bund': 0, 'Trench': 0, 'Breach': 0, 'Culvert': 0, 'Sluice': 0, 'Dyke': 0, 'Storm water drain': 0, 'Emergency': 0, 'Immediate': 0, 'IM': 0, 'AE': 0, 'A E': 0, 'AAPDA MITRA': 0, 'flood': 0, 'Bridge': 0, 'River': 0, 'Drain': 2, 'Restoration': 0, 'Protection': 0, 'irr': 0, 'irrigation': 0, 'dam': 0, 'Nallah': 0, 'Retrofitting': 0, 'Pond': 0, 'Pokhari': 0, 'D/C': 0, 'Recharge shaft': 0, 'LFB': 0, 'RFB': 0}","{'Floodlight': 0, 'Flood Light': 0, 'GAS': 0, 'FIFA': 0, 'pipe': 0, 'pipes': 0, 'covid': 0, 'supply': 0, 'Beautification': 0, 'Installation': 0}",Post-Monsoon,,False,True,Repair and Restoration,"{'raising': 2, 'Construction': 2, 'Drain': 2}"
2026_ORULB_126953_12,EOBRP/07/2025-26,Covering of drain from College to Mitu suna in ward no 3,Covering of drain from College to Mitu suna in ward no 3,Works,Open Tender,Percentage,Civil Works - Others,No,No,NA ,07-Mar-2026 11:00 AM,NA ,90.0,No ,No,Online,16-Mar-2026 03:00 PM,Municipal Bodies||Barpali NAC,Barpali,768029.0,1.0,"2,69,271",JITEN SUNA,"213,971.35",Accepted-AOC,17-Jul-2026,Municipal Bodies||Barpali NAC,True,"{'Flood': 0, 'Embankment': 0, 'embkt': 0, 'Relief': 0, 'Erosion': 0, 'SDRF': 0, 'Inundation': 0, 'Hydrology': 0, 'Silt': 0, 'Siltation': 0, 'Bund': 0, 'Trench': 0, 'Breach': 0, 'Culvert': 0, 'Sluice': 0, 'Dyke': 0, 'Storm water drain': 0, 'Emergency': 0, 'Immediate': 0, 'IM': 0, 'AE': 0, 'A E': 0, 'AAPDA MITRA': 0, 'flood': 0, 'Bridge': 0, 'River': 0, 'Drain': 2, 'Restoration': 0, 'Protection': 0, 'irr': 0, 'irrigation': 0, 'dam': 0, 'Nallah': 0, 'Retrofitting': 0, 'Pond': 0, 'Pokhari': 0, 'D/C': 0, 'Recharge shaft': 0, 'LFB': 0, 'RFB': 0}","{'Floodlight': 0, 'Flood Light': 0, 'GAS': 0, 'FIFA': 0, 'pipe': 0, 'pipes': 0, 'covid': 0, 'supply': 0, 'Beautification': 0, 'Installation': 0}",Pre-Monsoon,,False,True,Repair and Restoration,{'Drain': 2}
2026_EICCL_126179_1,S.E.-KHD-(RandB)-43 /2025-26,S/R to Balugaon Pratap road such as Construction of RCC Drain under ROB Left service road on Banpur side,S/R to Balugaon Pratap road such as Construction of RCC Drain under ROB Left service road on Banpur side,Works,Open Tender,Percentage,Civil Works - Roads,No,No,NA ,17-Feb-2026 12:00 PM,NA ,90.0,No ,No,Online,27-Feb-2026 11:30 AM,EIC-CIVIL||SERNB-CIRCLE-KHURDA||EERNB DIVN KHURDA,Khordha,752056.0,1.0,"31,37,733",SUSANTA KUMAR PRADHAN,"2,352,986",Rejected-AOC,07-Jul-2026,EIC-CIVIL||SERNB-CIRCLE-KHURDA||EERNB DIVN KHURDA,True,"{'Flood': 0, 'Embankment': 0, 'embkt': 0, 'Relief': 0, 'Erosion': 0, 'SDRF': 0, 'Inundation': 0, 'Hydrology': 0, 'Silt': 0, 'Siltation': 0, 'Bund': 0, 'Trench': 0, 'Breach': 0, 'Culvert': 0, 'Sluice': 0, 'Dyke': 0, 'Storm water drain': 0, 'Emergency': 0, 'Immediate': 0, 'IM': 0, 'AE': 0, 'A E': 0, 'AAPDA MITRA': 0, 'flood': 0, 'Bridge': 0, 'River': 0, 'Drain': 2, 'Restoration': 0, 'Protection': 0, 'irr': 0, 'irrigation': 0, 'dam': 0, 'Nallah': 0, 'Retrofitting': 0, 'Pond': 0, 'Pokhari': 0, 'D/C': 0, 'Recharge shaft': 0, 'LFB': 0, 'RFB': 0}","{'Floodlight': 0, 'Flood Light': 0, 'GAS': 0, 'FIFA': 0, 'pipe': 0, 'pipes': 0, 'covid': 0, 'supply': 0, 'Beautification': 0, 'Installation': 0}",Post-Monsoon,,False,True,Repair and Restoration,"{'Construction': 2, 'Drain': 2}"
2026_EICCL_132209_1,IFB-SE PWD BGH No.02 OF 2026-27,Shifting of HT LT Lines and Transformer 500 KVA 250 KVA Sub stations at Panichatra chowk Gandhi chowk Bandutikra chowk due to widening of Bargarh Town road and drain work in the district of Bargarh under ESO I,PLEASE REFER THE TENDER DOCUMENTS,Works,Open Tender,Percentage,Electrical Works,No,No,NA ,17-Jun-2026 11:00 AM,NA ,90.0,No ,No,Online,30-Jun-2026 11:30 AM,EIC-CIVIL||SERNB-CIRCLE-NORTHERN||EERNB-DIVN-BARGARH,Bargarh,768028.0,1.0,"49,60,331",HIMANSU PANDA,"4,910,232",Rejected-Technical,28-Jul-2026,EIC-CIVIL||SERNB-CIRCLE-NORTHERN||EERNB-DIVN-BARGARH,True,"{'Flood': 0, 'Embankment': 0, 'embkt': 0, 'Relief': 0, 'Erosion': 0, 'SDRF': 0, 'Inundation': 0, 'Hydrology': 0, 'Silt': 0, 'Siltation': 0, 'Bund': 0, 'Trench': 0, 'Breach': 0, 'Culvert': 0, 'Sluice': 0, 'Dyke': 0, 'Storm water drain': 0, 'Emergency': 0, 'Immediate': 0, 'IM': 0, 'AE': 0, 'A E': 0, 'AAPDA MITRA': 0, 'flood': 0, 'Bridge': 0, 'River': 0, 'Drain': 1, 'Restoration': 0, 'Protection': 0, 'irr': 0, 'irrigation': 0, 'dam': 0, 'Nallah': 0, 'Retrofitting': 0, 'Pond': 0, 'Pokhari': 0, 'D/C': 0, 'Recharge shaft': 0, 'LFB': 0, 'RFB': 0}","{'Floodlight': 0, 'Flood Light': 0, 'GAS': 0, 'FIFA': 0, 'pipe': 0, 'pipes': 0, 'covid': 0, 'supply': 0, 'Beautification': 0, 'Installation': 0}",Monsoon,,False,True,Repair and Restoration,"{'widening': 1, 'Drain': 1}"
2026_CEBBS_128670_11,SE-AID-1/2026-27,Repair to Angul Main Canal between RD 00m to RD 6000m of Derjang Irrigation Project.,Repair to Angul Main Canal between RD 00m to RD 6000m of Derjang Irrigation Project.,Works,Open Tender,Percentage,Civil Works - Others,No,No,NA ,02-May-2026 11:00 AM,NA ,90.0,No ,No,Online,12-May-2026 11:00 AM,CE and BM Brahmani Basin Samal||SE Angul Irrigation Circle Angul||EE Angul Irrigation Division Angul,Angul,759143.0,1.0,,Satyabrata Das,"935,338",Rejected-Finance,12-Jun-2026,CE and BM Brahmani Basin Samal||SE Angul Irrigation Circle Angul||EE Angul Irrigation Division Angul,True,"{'Flood': 0, 'Embankment': 0, 'embkt': 0, 'Relief': 0, 'Erosion': 0, 'SDRF': 0, 'Inundation': 0, 'Hydrology': 0, 'Silt': 0, 'Siltation': 0, 'Bund': 0, 'Trench': 0, 'Breach': 0, 'Culvert': 0, 'Sluice': 0, 'Dyke': 0, 'Storm water drain': 0, 'Emergency': 0, 'Immediate': 0, 'IM': 0, 'AE': 0, 'A E': 0, 'AAPDA MITRA': 0, 'flood': 0, 'Bridge': 0, 'River': 0, 'Drain': 0, 'Restoration': 0, 'Protection': 0, 'irr': 0, 'irrigation': 2, 'dam': 0, 'Nallah': 0, 'Retrofitting': 0, 'Pond': 0, 'Pokhari': 0, 'D/C': 0, 'Recharge shaft': 0, 'LFB': 0, 'RFB': 0}","{'Floodlight': 0, 'Flood Light': 0, 'GAS': 0, 'FIFA': 0, 'pipe': 0, 'pipes': 0, 'covid': 0, 'supply': 0, 'Beautification': 0, 'Installation': 0}",Pre-Monsoon,,False,False,Repair and Restoration,{'repair': 2}
2026_CEBMT_128472_1,"EE,KID-01/2026-27",Flood protection work to the left bank of river Pillasalki near Barihaguda Village under Khajuripada Block (From RD 7627m to RD 7733m),Flood protection work to the left bank of river Pillasalki near Barihaguda Village under Khajuripada Block (From RD 7627m to RD 7733m),Works,Open Tender,Percentage,Civil Works - Others,No,No,NA ,04-May-2026 10:00 AM,NA ,90.0,No ,No,Online,19-May-2026 11:00 AM,"CE-BM, Tel Basin,Bhawanipatna||SE Balangir Irr Circle Balangir||EE Kandhamal Irr Division Phulbani",Phulbani,762001.0,1.0,"41,57,689",CHINMAY KUMAR PATRA,"2,784,820.08",Rejected-Finance,20-Jul-2026,"CE-BM, Tel Basin,Bhawanipatna||SE Balangir Irr Circle Balangir||EE Kandhamal Irr Division Phulbani",True,"{'Flood': 2, 'Embankment': 0, 'embkt': 0, 'Relief': 0, 'Erosion': 0, 'SDRF': 0, 'Inundation': 0, 'Hydrology': 0, 'Silt': 0, 'Siltation': 0, 'Bund': 0, 'Trench': 0, 'Breach': 0, 'Culvert': 0, 'Sluice': 0, 'Dyke': 0, 'Storm water drain': 0, 'Emergency': 0, 'Immediate': 0, 'IM': 0, 'AE': 0, 'A E': 0, 'AAPDA MITRA': 0, 'flood': 2, 'Bridge': 0, 'River': 2, 'Drain': 0, 'Restoration': 0, 'Protection': 2, 'irr': 0, 'irrigation': 0, 'dam': 0, 'Nallah': 0, 'Retrofitting': 0, 'Pond': 0, 'Pokhari': 0, 'D/C': 0, 'Recharge shaft': 0, 'LFB': 0, 'RFB': 0}","{'Floodlight': 0, 'Flood Light': 0, 'GAS': 0, 'FIFA': 0, 'pipe': 0, 'pipes': 0, 'covid': 0, 'supply': 0, 'Beautification': 0, 'Installation': 0}",Pre-Monsoon,,False,False,Preparedness Measures,"{'Protection': 2, 'Flood Protection work': 2}"
2025_CERWI_120880_3,Tender Online RWC-24-25,Improvement to Samantarapur to Padanapur via Kadamnalia Dam road in the district of Cuttack under MMSY-Improvement Existing RD road for the year 2025-26,Improvement to Samantarapur to Padanapur via Kadamnalia Dam road in the district of Cuttack under MMSY-Improvement Existing RD road for the year 2025-26,Works,National Competitive Bid,Percentage,Civil Works - Roads,No,No,NA ,07-Nov-2025 02:00 PM,NA ,90.0,No ,No,Online,20-Nov-2025 11:30 AM,CE RW I||RWCIRCLE-CUTTACK,Cuttack,753004.0,2.0,"6,24,51,398",AMRIT BARAL,"59,141,474",Rejected-Finance,02-Jul-2026,CE RW I||RWCIRCLE-CUTTACK,True,"{'Flood': 0, 'Embankment': 0, 'embkt': 0, 'Relief': 0, 'Erosion': 0, 'SDRF': 0, 'Inundation': 0, 'Hydrology': 0, 'Silt': 0, 'Siltation': 0, 'Bund': 0, 'Trench': 0, 'Breach': 0, 'Culvert': 0, 'Sluice': 0, 'Dyke': 0, 'Storm water drain': 0, 'Emergency': 0, 'Immediate': 0, 'IM': 0, 'AE': 0, 'A E': 0, 'AAPDA MITRA': 0, 'flood': 0, 'Bridge': 0, 'River': 0, 'Drain': 0, 'Restoration': 0, 'Protection': 0, 'irr': 0, 'irrigation': 0, 'dam': 2, 'Nallah': 0, 'Retrofitting': 0, 'Pond': 0, 'Pokhari': 0, 'D/C': 0, 'Recharge shaft': 0, 'LFB': 0, 'RFB': 0}","{'Floodlight': 0, 'Flood Light': 0, 'GAS': 0, 'FIFA': 0, 'pipe': 0, 'pipes': 0, 'covid': 0, 'supply': 0, 'Beautification': 0, 'Installation': 0}",Post-Monsoon,,False,True,Repair and Restoration,{'improvement': 4}
2025_ORULB_121901_1,EO/AGLM-09/2025-26,Construction of drain from PTC boundary to main drain and renovation of Santoshi Maa temple park in ward No.16,Construction of drain from PTC boundary to main drain and renovation of Santoshi Maa temple park in ward No.16,Works,Open Tender,Percentage,Civil Works - Others,No,No,NA ,26-Nov-2025 12:30 PM,NA ,90.0,No ,No,Online,08-Dec-2025 11:00 AM,Municipal Bodies||Angul Municipality,Angul,759122.0,1.0,"4,49,209",BASANTA KUMAR MAHARANA,"381,872",Accepted-AOC,07-Jul-2026,Municipal Bodies||Angul Municipality,True,"{'Flood': 0, 'Embankment': 0, 'embkt': 0, 'Relief': 0, 'Erosion': 0, 'SDRF': 0, 'Inundation': 0, 'Hydrology': 0, 'Silt': 0, 'Siltation': 0, 'Bund': 0, 'Trench': 0, 'Breach': 0, 'Culvert': 0, 'Sluice': 0, 'Dyke': 0, 'Storm water drain': 0, 'Emergency': 0, 'Immediate': 0, 'IM': 0, 'AE': 0, 'A E': 0, 'AAPDA MITRA': 0, 'flood': 0, 'Bridge': 0, 'River': 0, 'Drain': 4, 'Restoration': 0, 'Protection': 0, 'irr': 0, 'irrigation': 0, 'dam': 0, 'Nallah': 0, 'Retrofitting': 0, 'Pond': 0, 'Pokhari': 0, 'D/C': 0, 'Recharge shaft': 0, 'LFB': 0, 'RFB': 0}","{'Floodlight': 0, 'Flood Light': 0, 'GAS': 0, 'FIFA': 0, 'pipe': 0, 'pipes': 0, 'covid': 0, 'supply': 0, 'Beautification': 0, 'Installation': 0}",Post-Monsoon,,False,True,Repair and Restoration,"{'renovation': 2, 'Construction': 2, 'Drain': 4}"
2025_ECCHA_112499_2,"e Procurement Notice No.ACE, EC-II 01 of 2025-26","ACE, EC-II JKID 01 of 2025-26 Construction of Sluice at Tikarapada RD 1480 mtr of Sribantapur Khanditara OAE on Kharasuan right",Construction of sluice,Works,National Competitive Bid,Percentage,Civil Works - Others,No,No,NA ,16-Apr-2025 10:00 AM,NA ,90.0,No ,No,Online,01-May-2025 11:30 AM,CE AND BM MBBS CHANDIKOLE||EASTERN CIRCLE II CHANDIKOLE,Jaraka,755050.0,2.0,"6,76,54,211",ABHILASH BISWAL,,Rejected-Finance,,CE AND BM MBBS CHANDIKOLE||EASTERN CIRCLE II CHANDIKOLE,True,"{'Flood': 0, 'Embankment': 0, 'embkt': 0, 'Relief': 0, 'Erosion': 0, 'SDRF': 0, 'Inundation': 0, 'Hydrology': 0, 'Silt': 0, 'Siltation': 0, 'Bund': 0, 'Trench': 0, 'Breach': 0, 'Culvert': 0, 'Sluice': 2, 'Dyke': 0, 'Storm water drain': 0, 'Emergency': 0, 'Immediate': 0, 'IM': 0, 'AE': 0, 'A E': 0, 'AAPDA MITRA': 0, 'flood': 0, 'Bridge': 0, 'River': 0, 'Drain': 0, 'Restoration': 0, 'Protection': 0, 'irr': 0, 'irrigation': 0, 'dam': 0, 'Nallah': 0, 'Retrofitting': 0, 'Pond': 0, 'Pokhari': 0, 'D/C': 0, 'Recharge shaft': 0, 'LFB': 0, 'RFB': 0}","{'Floodlight': 0, 'Flood Light': 0, 'GAS': 0, 'FIFA': 0, 'pipe': 0, 'pipes': 0, 'covid': 0, 'supply': 0, 'Beautification': 0, 'Installation': 0}",Pre-Monsoon,,False,True,Repair and Restoration,{'Construction': 2}
2026_ORULB_127399_6,OR/ULB/BUD/14/2025-26,Providing cover slab of the drain at Bapujinagar from Sunil Behera house to Sani Mandir in ward No 16,Providing cover slab of the drain at Bapujinagar from Sunil Behera house to Sani Mandir in ward No 16,Works,Open Tender,Percentage,Civil Works - Others,No,No,NA ,19-Mar-2026 10:00 AM,NA ,45.0,No ,No,Online,26-Mar-2026 11:00 AM,Municipal Bodies||Boudhgarh NAC,BOUDHGARH,762014.0,1.0,"6,81,528",Biswanath Patra,"680,912",Rejected-Technical,17-Jul-2026,Municipal Bodies||Boudhgarh NAC,True,"{'Flood': 0, 'Embankment': 0, 'embkt': 0, 'Relief': 0, 'Erosion': 0, 'SDRF': 0, 'Inundation': 0, 'Hydrology': 0, 'Silt': 0, 'Siltation': 0, 'Bund': 0, 'Trench': 0, 'Breach': 0, 'Culvert': 0, 'Sluice': 0, 'Dyke': 0, 'Storm water drain': 0, 'Emergency': 0, 'Immediate': 0, 'IM': 0, 'AE': 0, 'A E': 0, 'AAPDA MITRA': 0, 'flood': 0, 'Bridge': 0, 'River': 0, 'Drain': 2, 'Restoration': 0, 'Protection': 0, 'irr': 0, 'irrigation': 0, 'dam': 0, 'Nallah': 0, 'Retrofitting': 0, 'Pond': 0, 'Pokhari': 0, 'D/C': 0, 'Recharge shaft': 0, 'LFB': 0, 'RFB': 0}","{'Floodlight': 0, 'Flood Light': 0, 'GAS': 0, 'FIFA': 0, 'pipe': 0, 'pipes': 0, 'covid': 0, 'supply': 0, 'Beautification': 0, 'Installation': 0}",Pre-Monsoon,,False,True,Repair and Restoration,{'Drain': 2}
2026_ORULB_126953_23,EOBRP/07/2025-26,Covering of drain from Anganwadi centre to jema House in ward no 7,Covering of drain from Anganwadi centre to jema House in ward no 7,Works,Open Tender,Percentage,Civil Works - Others,No,No,NA ,07-Mar-2026 11:00 AM,NA ,90.0,No ,No,Online,16-Mar-2026 03:00 PM,Municipal Bodies||Barpali NAC,Barpali,768029.0,1.0,"67,407",JITEN SUNA,"53,471.19",Accepted-AOC,17-Jul-2026,Municipal Bodies||Barpali NAC,True,"{'Flood': 0, 'Embankment': 0, 'embkt': 0, 'Relief': 0, 'Erosion': 0, 'SDRF': 0, 'Inundation': 0, 'Hydrology': 0, 'Silt': 0, 'Siltation': 0, 'Bund': 0, 'Trench': 0, 'Breach': 0, 'Culvert': 0, 'Sluice': 0, 'Dyke': 0, 'Storm water drain': 0, 'Emergency': 0, 'Immediate': 0, 'IM': 0, 'AE': 0, 'A E': 0, 'AAPDA MITRA': 0, 'flood': 0, 'Bridge': 0, 'River': 0, 'Drain': 2, 'Restoration': 0, 'Protection': 0, 'irr': 0, 'irrigation': 0, 'dam': 0, 'Nallah': 0, 'Retrofitting': 0, 'Pond': 0, 'Pokhari': 0, 'D/C': 0, 'Recharge shaft': 0, 'LFB': 0, 'RFB': 0}","{'Floodlight': 0, 'Flood Light': 0, 'GAS': 0, 'FIFA': 0, 'pipe': 0, 'pipes': 0, 'covid': 0, 'supply': 0, 'Beautification': 0, 'Installation': 0}",Pre-Monsoon,,False,True,Repair and Restoration,{'Drain': 2}
2026_ORULB_127649_11,MC(CMC)CTC_Div-I_No.26/2025-26,Culvert raising and slab near Mehendipur colony main road in Ward No. 14.,Culvert raising and slab near Mehendipur colony main road in Ward No. 14.,Works,Open Tender,Percentage,Civil Works - Others,No,No,NA ,30-Mar-2026 03:00 PM,NA ,90.0,No ,No,Online,13-Apr-2026 11:00 AM,Municipal Bodies||Cuttack Municipal Corporation,CMC,753012.0,1.0,"4,18,000",HRUSHIKESH SAHOO,"432,186",Rejected-AOC,15-Jul-2026,Municipal Bodies||Cuttack Municipal Corporation,True,"{'Flood': 0, 'Embankment': 0, 'embkt': 0, 'Relief': 0, 'Erosion': 0, 'SDRF': 0, 'Inundation': 0, 'Hydrology': 0, 'Silt': 0, 'Siltation': 0, 'Bund': 0, 'Trench': 0, 'Breach': 0, 'Culvert': 2, 'Sluice': 0, 'Dyke': 0, 'Storm water drain': 0, 'Emergency': 0, 'Immediate': 0, 'IM': 0, 'AE': 0, 'A E': 0, 'AAPDA MITRA': 0, 'flood': 0, 'Bridge': 0, 'River': 0, 'Drain': 0, 'Restoration': 0, 'Protection': 0, 'irr': 0, 'irrigation': 0, 'dam': 0, 'Nallah': 0, 'Retrofitting': 0, 'Pond': 0, 'Pokhari': 0, 'D/C': 0, 'Recharge shaft': 0, 'LFB': 0, 'RFB': 0}","{'Floodlight': 0, 'Flood Light': 0, 'GAS': 0, 'FIFA': 0, 'pipe': 0, 'pipes': 0, 'covid': 0, 'supply': 0, 'Beautification': 0, 'Installation': 0}",Pre-Monsoon,,False,True,Repair and Restoration,{'raising': 2}
2026_ORULB_128869_4,10/SMC_SBP/2026-27,Repair and Maintenance of Pothole with Covering of Slab in Open Drain in W No-07,Repair and Maintenance of Pothole with Covering of Slab in Open Drain in W No-07,Works,Open Tender,Percentage,Civil Works - Others,No,No,NA ,08-May-2026 11:00 AM,NA ,120.0,No ,No,Online,19-May-2026 11:00 AM,Municipal Bodies||Sambalpur Municipal Corporation,SAMBALPUR MUNICIPAL CORPORATION,768006.0,1.0,"42,21,438",BISHESH GOEL,"4,221,438",Rejected-Technical,24-Jul-2026,Municipal Bodies||Sambalpur Municipal Corporation,True,"{'Flood': 0, 'Embankment': 0, 'embkt': 0, 'Relief': 0, 'Erosion': 0, 'SDRF': 0, 'Inundation': 0, 'Hydrology': 0, 'Silt': 0, 'Siltation': 0, 'Bund': 0, 'Trench': 0, 'Breach': 0, 'Culvert': 0, 'Sluice': 0, 'Dyke': 0, 'Storm water drain': 0, 'Emergency': 0, 'Immediate': 0, 'IM': 0, 'AE': 0, 'A E': 0, 'AAPDA MITRA': 0, 'flood': 0, 'Bridge': 0, 'River': 0, 'Drain': 2, 'Restoration': 0, 'Protection': 0, 'irr': 0, 'irrigation': 0, 'dam': 0, 'Nallah': 0, 'Retrofitting': 0, 'Pond': 0, 'Pokhari': 0, 'D/C': 0, 'Recharge shaft': 0, 'LFB': 0, 'RFB': 0}","{'Floodlight': 0, 'Flood Light': 0, 'GAS': 0, 'FIFA': 0, 'pipe': 0, 'pipes': 0, 'covid': 0, 'supply': 0, 'Beautification': 0, 'Installation': 0}",Pre-Monsoon,,False,True,Repair and Restoration,"{'repair': 2, 'Drain': 2}"
2026_ORULB_127692_13,MC(CMC)CTC_Div-IIINo39/2025-26,Desilting of MSWC-I from Gosala culvert to Alekha Tungi at Tinigharia in Ward No.51.,Desilting of MSWC-I from Gosala culvert to Alekha Tungi at Tinigharia in Ward No.51.,Works,Open Tender,Percentage,Civil Works - Others,No,No,NA ,31-Mar-2026 11:00 AM,NA ,60.0,No ,No,Online,10-Apr-2026 10:00 AM,Municipal Bodies||Cuttack Municipal Corporation,CMC,753012.0,1.0,"41,79,121",ABHISHEK KARTIK RAY,"4,195,664",Rejected-AOC,07-Jul-2026,Municipal Bodies||Cuttack Municipal Corporation,True,"{'Flood': 0, 'Embankment': 0, 'embkt': 0, 'Relief': 0, 'Erosion': 0, 'SDRF': 0, 'Inundation': 0, 'Hydrology': 0, 'Silt': 0, 'Siltation': 0, 'Bund': 0, 'Trench': 0, 'Breach': 0, 'Culvert': 2, 'Sluice': 0, 'Dyke': 0, 'Storm water drain': 0, 'Emergency': 0, 'Immediate': 0, 'IM': 0, 'AE': 0, 'A E': 0, 'AAPDA MITRA': 0, 'flood': 0, 'Bridge': 0, 'River': 0, 'Drain': 0, 'Restoration': 0, 'Protection': 0, 'irr': 0, 'irrigation': 0, 'dam': 0, 'Nallah': 0, 'Retrofitting': 0, 'Pond': 0, 'Pokhari': 0, 'D/C': 0, 'Recharge shaft': 0, 'LFB': 0, 'RFB': 0}","{'Floodlight': 0, 'Flood Light': 0, 'GAS': 0, 'FIFA': 0, 'pipe': 0, 'pipes': 0, 'covid': 0, 'supply': 0, 'Beautification': 0, 'Installation': 0}",Pre-Monsoon,,False,True,Others,
2026_ORULB_124113_10,EO/ PDPM/ W_05_MSBY/ 2025-26,Construction of drain back side of Basti near Hostel in Ward No. 11,Construction of drain back side of Basti near Hostel in Ward No. 11,Works,Open Tender,Percentage,Civil Works - Others,No,No,NA ,03-Jan-2026 05:30 PM,NA ,120.0,No ,No,Online,15-Jan-2026 11:30 AM,Municipal Bodies||Paradeep Municipality,Paradeep Municipality,754142.0,1.0,"8,25,937",BASANTA BEHERA,"849,600",Rejected-Finance,08-Jul-2026,Municipal Bodies||Paradeep Municipality,True,"{'Flood': 0, 'Embankment': 0, 'embkt': 0, 'Relief': 0, 'Erosion': 0, 'SDRF': 0, 'Inundation': 0, 'Hydrology': 0, 'Silt': 0, 'Siltation': 0, 'Bund': 0, 'Trench': 0, 'Breach': 0, 'Culvert': 0, 'Sluice': 0, 'Dyke': 0, 'Storm water drain': 0, 'Emergency': 0, 'Immediate': 0, 'IM': 0, 'AE': 0, 'A E': 0, 'AAPDA MITRA': 0, 'flood': 0, 'Bridge': 0, 'River': 0, 'Drain': 2, 'Restoration': 0, 'Protection': 0, 'irr': 0, 'irrigation': 0, 'dam': 0, 'Nallah': 0, 'Retrofitting': 0, 'Pond': 0, 'Pokhari': 0, 'D/C': 0, 'Recharge shaft': 0, 'LFB': 0, 'RFB': 0}","{'Floodlight': 0, 'Flood Light': 0, 'GAS': 0, 'FIFA': 0, 'pipe': 0, 'pipes': 0, 'covid': 0, 'supply': 0, 'Beautification': 0, 'Installation': 0}",Post-Monsoon,,False,True,Repair and Restoration,"{'Construction': 2, 'Drain': 2}"
2026_ORULB_125611_9,BRJNRM -05/2025-26,Development of Samsan Ghat near IB River.,Samsan Ghat,Works,Open Tender,Percentage,Civil Works - Others,No,No,NA ,06-Feb-2026 06:00 PM,NA ,90.0,No ,No,Online,21-Feb-2026 11:00 AM,Municipal Bodies||Brajrajnagar Municipality,Brajrajnagar Municipality,768216.0,2.0,"45,56,000",ANUJ JAISWAL,"3,475,868.51",Rejected-AOC,07-Jul-2026,Municipal Bodies||Brajrajnagar Municipality,True,"{'Flood': 0, 'Embankment': 0, 'embkt': 0, 'Relief': 0, 'Erosion': 0, 'SDRF': 0, 'Inundation': 0, 'Hydrology': 0, 'Silt': 0, 'Siltation': 0, 'Bund': 0, 'Trench': 0, 'Breach': 0, 'Culvert': 0, 'Sluice': 0, 'Dyke': 0, 'Storm water drain': 0, 'Emergency': 0, 'Immediate': 0, 'IM': 0, 'AE': 0, 'A E': 0, 'AAPDA MITRA': 0, 'flood': 0, 'Bridge': 0, 'River': 1, 'Drain': 0, 'Restoration': 0, 'Protection': 0, 'irr': 0, 'irrigation': 0, 'dam': 0, 'Nallah': 0, 'Retrofitting': 0, 'Pond': 0, 'Pokhari': 0, 'D/C': 0, 'Recharge shaft': 0, 'LFB': 0, 'RFB': 0}","{'Floodlight': 0, 'Flood Light': 0, 'GAS': 0, 'FIFA': 0, 'pipe': 0, 'pipes': 0, 'covid': 0, 'supply': 0, 'Beautification': 0, 'Installation': 0}",Post-Monsoon,,False,False,Others,
2026_ORULB_127482_50,BLGR MPTY/13(01-73)/2025-26,"Const. of Paver Road and Drain with Cover Slab from Hare Jued Res to Chakra Karmi Res, Tulsi Nagar, W.No.18",Road and Drain with Cover Slab Work,Works,Open Tender,Percentage,Civil Works - Roads,No,No,NA ,24-Mar-2026 11:00 AM,NA ,180.0,No ,No,Online,06-Apr-2026 11:00 AM,Municipal Bodies||Balangir Municipality,Balangir,767001.0,1.0,"8,45,727",SRI HAREKRUSHNA ADJUED,"844,881.41",Rejected-Finance,17-Jul-2026,Municipal Bodies||Balangir Municipality,True,"{'Flood': 0, 'Embankment': 0, 'embkt': 0, 'Relief': 0, 'Erosion': 0, 'SDRF': 0, 'Inundation': 0, 'Hydrology': 0, 'Silt': 0, 'Siltation': 0, 'Bund': 0, 'Trench': 0, 'Breach': 0, 'Culvert': 0, 'Sluice': 0, 'Dyke': 0, 'Storm water drain': 0, 'Emergency': 0, 'Immediate': 0, 'IM': 0, 'AE': 0, 'A E': 0, 'AAPDA MITRA': 0, 'flood': 0, 'Bridge': 0, 'River': 0, 'Drain': 2, 'Restoration': 0, 'Protection': 0, 'irr': 0, 'irrigation': 0, 'dam': 0, 'Nallah': 0, 'Retrofitting': 0, 'Pond': 0, 'Pokhari': 0, 'D/C': 0, 'Recharge shaft': 0, 'LFB': 0, 'RFB': 0}","{'Floodlight': 0, 'Flood Light': 0, 'GAS': 0, 'FIFA': 0, 'pipe': 0, 'pipes': 0, 'covid': 0, 'supply': 0, 'Beautification': 0, 'Installation': 0}",Pre-Monsoon,,False,True,Repair and Restoration,{'Drain': 2}
2025_CERWI_123268_2,CCERWCSBD Online 36/2025-26,Construction of H.L Bridge with Weir over LOCAL nallah at 0.700 K.M. on Dhodrapara to Dhodrapara Colony road in the District of Nabarangpur under SBY for the year 2024-25,Construction of H.L Bridge with Weir over LOCAL nallah at 0.700 K.M. on Dhodrapara to Dhodrapara Colony road in the District of Nabarangpur under SBY for the year 2024-25,Works,National Competitive Bid,Percentage,Civil Works - Bridges,No,No,NA ,19-Dec-2025 04:30 PM,NA ,90.0,No ,No,Online,06-Jan-2026 11:00 AM,CE RW I||RWCIRCLE-SUNABEDA,UMERKOTE,764073.0,2.0,"5,10,02,000",ABHAYA KUMAR MAHUNTA,"43,356,544.73",Rejected-AOC,06-Jul-2026,CE RW I||RWCIRCLE-SUNABEDA,True,"{'Flood': 0, 'Embankment': 0, 'embkt': 0, 'Relief': 0, 'Erosion': 0, 'SDRF': 0, 'Inundation': 0, 'Hydrology': 0, 'Silt': 0, 'Siltation': 0, 'Bund': 0, 'Trench': 0, 'Breach': 0, 'Culvert': 0, 'Sluice': 0, 'Dyke': 0, 'Storm water drain': 0, 'Emergency': 0, 'Immediate': 0, 'IM': 0, 'AE': 0, 'A E': 0, 'AAPDA MITRA': 0, 'flood': 0, 'Bridge': 2, 'River': 0, 'Drain': 0, 'Restoration': 0, 'Protection': 0, 'irr': 0, 'irrigation': 0, 'dam': 0, 'Nallah': 2, 'Retrofitting': 0, 'Pond': 0, 'Pokhari': 0, 'D/C': 0, 'Recharge shaft': 0, 'LFB': 0, 'RFB': 0}","{'Floodlight': 0, 'Flood Light': 0, 'GAS': 0, 'FIFA': 0, 'pipe': 0, 'pipes': 0, 'covid': 0, 'supply': 0, 'Beautification': 0, 'Installation': 0}",Post-Monsoon,,False,True,Repair and Restoration,"{'Construction': 2, 'Bridge': 2}"
2026_CERWI_126494_1,Tender Online RCK-03/26,"Construction of Sadanandapur Dudhei Nallah to Mirzapur Tarini Chhak, Dudhei Nallah Road-Durga Mandap, Dama Sahi Raban Podi Padia-Chandan Sporting Club in the Dist. of Jajpur for the year 2025-26.",Construction of road works,Works,National Competitive Bid,Percentage,Civil Works - Roads,No,No,NA ,23-Feb-2026 05:30 PM,NA ,90.0,No ,No,Online,06-Mar-2026 11:00 AM,CE RW I||RWCIRCLE-KENDRAPARA,Jajpur,755001.0,2.0,"3,48,98,844",CHITTA RANJAN DAS,"33,415,643",Accepted-AOC,10-Jul-2026,CE RW I||RWCIRCLE-KENDRAPARA,True,"{'Flood': 0, 'Embankment': 0, 'embkt': 0, 'Relief': 0, 'Erosion': 0, 'SDRF': 0, 'Inundation': 0, 'Hydrology': 0, 'Silt': 0, 'Siltation': 0, 'Bund': 0, 'Trench': 0, 'Breach': 0, 'Culvert': 0, 'Sluice': 0, 'Dyke': 0, 'Storm water drain': 0, 'Emergency': 0, 'Immediate': 0, 'IM': 0, 'AE': 0, 'A E': 0, 'AAPDA MITRA': 0, 'flood': 0, 'Bridge': 0, 'River': 0, 'Drain': 0, 'Restoration': 0, 'Protection': 0, 'irr': 0, 'irrigation': 0, 'dam': 0, 'Nallah': 2, 'Retrofitting': 0, 'Pond': 0, 'Pokhari': 0, 'D/C': 0, 'Recharge shaft': 0, 'LFB': 0, 'RFB': 0}","{'Floodlight': 0, 'Flood Light': 0, 'GAS': 0, 'FIFA': 0, 'pipe': 0, 'pipes': 0, 'covid': 0, 'supply': 0, 'Beautification': 0, 'Installation': 0}",Post-Monsoon,,False,True,Repair and Restoration,{'Construction': 2}
2026_ORULB_129755_22,RGDA-MUN-01/2026-2027,"Construction of Drain at Kasturi nagar 1st lane towards Kandha Tumbiguda in ward no.-19, under Rayagada Municipality.","Construction of Drain at Kasturi nagar 1st lane towards Kandha Tumbiguda in ward no.-19, under Rayagada Municipality.",Works,Open Tender,Percentage,Civil Works - Others,No,No,NA ,25-May-2026 06:00 PM,NA ,90.0,No ,No,Online,10-Jun-2026 11:30 AM,Municipal Bodies||Rayagada Municipality,RAYAGADA MUNICIPALITY,765001.0,1.0,"42,67,155",Mohan Behera,"4,267,155",Rejected-Finance,10-Jul-2026,Municipal Bodies||Rayagada Municipality,True,"{'Flood': 0, 'Embankment': 0, 'embkt': 0, 'Relief': 0, 'Erosion': 0, 'SDRF': 0, 'Inundation': 0, 'Hydrology': 0, 'Silt': 0, 'Siltation': 0, 'Bund': 0, 'Trench': 0, 'Breach': 0, 'Culvert': 0, 'Sluice': 0, 'Dyke': 0, 'Storm water drain': 0, 'Emergency': 0, 'Immediate': 0, 'IM': 0, 'AE': 0, 'A E': 0, 'AAPDA MITRA': 0, 'flood': 0, 'Bridge': 0, 'River': 0, 'Drain': 2, 'Restoration': 0, 'Protection': 0, 'irr': 0, 'irrigation': 0, 'dam': 0, 'Nallah': 0, 'Retrofitting': 0, 'Pond': 0, 'Pokhari': 0, 'D/C': 0, 'Recharge shaft': 0, 'LFB': 0, 'RFB': 0}","{'Floodlight': 0, 'Flood Light': 0, 'GAS': 0, 'FIFA': 0, 'pipe': 0, 'pipes': 0, 'covid': 0, 'supply': 0, 'Beautification': 0, 'Installation': 0}",Pre-Monsoon,,False,True,Repair and Restoration,"{'Construction': 2, 'Drain': 2}"
2026_ORULB_127815_8,MC(CMC)CTC_Div-II_No.3/2026-27,Reconstruction of road and drain with cover slab from Bena Babu shop to Amu Mahapatra res in Ward No. 28,Reconstruction of road and drain with cover slab from Bena Babu shop to Amu Mahapatra res in Ward No. 28,Works,Open Tender,Percentage,Civil Works - Others,No,No,NA ,30-Apr-2026 02:00 PM,NA ,90.0,No ,No,Online,14-May-2026 11:00 AM,Municipal Bodies||Cuttack Municipal Corporation,CMC,753001.0,1.0,"29,76,300",GOBARDHAN DALAI,"2,976,264",Rejected-AOC,24-Jul-2026,Municipal Bodies||Cuttack Municipal Corporation,True,"{'Flood': 0, 'Embankment': 0, 'embkt': 0, 'Relief': 0, 'Erosion': 0, 'SDRF': 0, 'Inundation': 0, 'Hydrology': 0, 'Silt': 0, 'Siltation': 0, 'Bund': 0, 'Trench': 0, 'Breach': 0, 'Culvert': 0, 'Sluice': 0, 'Dyke': 0, 'Storm water drain': 0, 'Emergency': 0, 'Immediate': 0, 'IM': 0, 'AE': 0, 'A E': 0, 'AAPDA MITRA': 0, 'flood': 0, 'Bridge': 0, 'River': 0, 'Drain': 2, 'Restoration': 0, 'Protection': 0, 'irr': 0, 'irrigation': 0, 'dam': 0, 'Nallah': 0, 'Retrofitting': 0, 'Pond': 0, 'Pokhari': 0, 'D/C': 0, 'Recharge shaft': 0, 'LFB': 0, 'RFB': 0}","{'Floodlight': 0, 'Flood Light': 0, 'GAS': 0, 'FIFA': 0, 'pipe': 0, 'pipes': 0, 'covid': 0, 'supply': 0, 'Beautification': 0, 'Installation': 0}",Pre-Monsoon,,False,True,Repair and Restoration,"{'reconstruction': 2, 'Drain': 2}"
2026_CEBBS_129136_5,SE-AID-2/2026-27,Repair to Routpada Minor RD 00m to RD 1980m Routpada Sub-minor 1L Routpada Sub-minor 2L Routpada Subminor 3R Routpada Subminor 4L of Right Main Canal of Manjore Irrigation Project.,Repair to Routpada Minor RD 00m to RD 1980m Routpada Sub-minor 1L Routpada Sub-minor 2L Routpada Subminor 3R Routpada Subminor 4L of Right Main Canal of Manjore Irrigation Project.,Works,Open Tender,Percentage,Civil Works - Canal,No,No,NA ,13-May-2026 11:00 AM,NA ,90.0,No ,No,Online,25-May-2026 09:00 AM,CE and BM Brahmani Basin Samal||SE Angul Irrigation Circle Angul||EE Angul Irrigation Division Angul,Angul,759143.0,1.0,,Ajit Kumar Acharya,"507,807",Rejected-Finance,19-Jun-2026,CE and BM Brahmani Basin Samal||SE Angul Irrigation Circle Angul||EE Angul Irrigation Division Angul,True,"{'Flood': 0, 'Embankment': 0, 'embkt': 0, 'Relief': 0, 'Erosion': 0, 'SDRF': 0, 'Inundation': 0, 'Hydrology': 0, 'Silt': 0, 'Siltation': 0, 'Bund': 0, 'Trench': 0, 'Breach': 0, 'Culvert': 0, 'Sluice': 0, 'Dyke': 0, 'Storm water drain': 0, 'Emergency': 0, 'Immediate': 0, 'IM': 0, 'AE': 0, 'A E': 0, 'AAPDA MITRA': 0, 'flood': 0, 'Bridge': 0, 'River': 0, 'Drain': 0, 'Restoration': 0, 'Protection': 0, 'irr': 0, 'irrigation': 2, 'dam': 0, 'Nallah': 0, 'Retrofitting': 0, 'Pond': 0, 'Pokhari': 0, 'D/C': 0, 'Recharge shaft': 0, 'LFB': 0, 'RFB': 0}","{'Floodlight': 0, 'Flood Light': 0, 'GAS': 0, 'FIFA': 0, 'pipe': 0, 'pipes': 0, 'covid': 0, 'supply': 0, 'Beautification': 0, 'Installation': 0}",Pre-Monsoon,,False,False,Repair and Restoration,{'repair': 2}
2026_ORULB_126953_22,EOBRP/07/2025-26,Covering of drain from Ramachandra meher to Bahalmunda in ward no 5,Covering of drain from Ramachandra meher to Bahalmunda in ward no 5,Works,Open Tender,Percentage,Civil Works - Others,No,No,NA ,07-Mar-2026 11:00 AM,NA ,90.0,No ,No,Online,16-Mar-2026 03:00 PM,Municipal Bodies||Barpali NAC,Barpali,768029.0,1.0,"67,407",SHIBARATRI SETH (SC),"49,913.17",Rejected-AOC,17-Jul-2026,Municipal Bodies||Barpali NAC,True,"{'Flood': 0, 'Embankment': 0, 'embkt': 0, 'Relief': 0, 'Erosion': 0, 'SDRF': 0, 'Inundation': 0, 'Hydrology': 0, 'Silt': 0, 'Siltation': 0, 'Bund': 0, 'Trench': 0, 'Breach': 0, 'Culvert': 0, 'Sluice': 0, 'Dyke': 0, 'Storm water drain': 0, 'Emergency': 0, 'Immediate': 0, 'IM': 0, 'AE': 0, 'A E': 0, 'AAPDA MITRA': 0, 'flood': 0, 'Bridge': 0, 'River': 0, 'Drain': 2, 'Restoration': 0, 'Protection': 0, 'irr': 0, 'irrigation': 0, 'dam': 0, 'Nallah': 0, 'Retrofitting': 0, 'Pond': 0, 'Pokhari': 0, 'D/C': 0, 'Recharge shaft': 0, 'LFB': 0, 'RFB': 0}","{'Floodlight': 0, 'Flood Light': 0, 'GAS': 0, 'FIFA': 0, 'pipe': 0, 'pipes': 0, 'covid': 0, 'supply': 0, 'Beautification': 0, 'Installation': 0}",Pre-Monsoon,,False,True,Repair and Restoration,{'Drain': 2}
2026_PRTRB_127051_2,PS-THRMPR-T-3/2025-26,"Construction of bridge alongwith guard wall and approach road on road from Adri to Colony pada, GP- Adri under Th.Rampur Block",Road work,Works,Open Tender,Percentage,Civil Works - Roads,No,No,NA ,10-Mar-2026 11:00 AM,NA ,90.0,No ,No,Online,31-Mar-2026 11:00 AM,Panchayati Raj and Drinking Water Department Odisha||Zilla Parisad Kalahandi||THUAMUL RAMPUR Block,Th.Rampur,766037.0,2.0,"82,86,943",Aakriti Goel,"8,278,656",Rejected-Finance,23-Jul-2026,Panchayati Raj and Drinking Water Department Odisha||Zilla Parisad Kalahandi||THUAMUL RAMPUR Block,True,"{'Flood': 0, 'Embankment': 0, 'embkt': 0, 'Relief': 0, 'Erosion': 0, 'SDRF': 0, 'Inundation': 0, 'Hydrology': 0, 'Silt': 0, 'Siltation': 0, 'Bund': 0, 'Trench': 0, 'Breach': 0, 'Culvert': 0, 'Sluice': 0, 'Dyke': 0, 'Storm water drain': 0, 'Emergency': 0, 'Immediate': 0, 'IM': 0, 'AE': 0, 'A E': 0, 'AAPDA MITRA': 0, 'flood': 0, 'Bridge': 1, 'River': 0, 'Drain': 0, 'Restoration': 0, 'Protection': 0, 'irr': 0, 'irrigation': 0, 'dam': 0, 'Nallah': 0, 'Retrofitting': 0, 'Pond': 0, 'Pokhari': 0, 'D/C': 0, 'Recharge shaft': 0, 'LFB': 0, 'RFB': 0}","{'Floodlight': 0, 'Flood Light': 0, 'GAS': 0, 'FIFA': 0, 'pipe': 0, 'pipes': 0, 'covid': 0, 'supply': 0, 'Beautification': 0, 'Installation': 0}",Pre-Monsoon,,False,True,Repair and Restoration,"{'Construction': 1, 'Bridge': 1}"
2026_CERWI_127223_3,Tender Online 22 JJPT of 2025-26,S/R to H.L Bridge over Dudhei Nallah on MDR-14 to Erada Road for the Year 2025-26 in the Dist. of Jajpur.,S/R to H.L Bridge over Dudhei Nallah on MDR-14 to Erada Road for the Year 2025-26 in the Dist. of Jajpur.,Works,Open Tender,Percentage,Civil Works - Roads,No,No,NA ,12-Mar-2026 04:00 PM,NA ,30.0,No ,No,Online,19-Mar-2026 11:30 AM,CE RW I||RWCIRCLE-KENDRAPARA||RWDIVISION I JAJPUR,JAJPUR,755007.0,1.0,"5,18,907",M/S. RAJA LAXMI ENTERPRISES,"282,804.3",Rejected-AOC,17-Jul-2026,CE RW I||RWCIRCLE-KENDRAPARA||RWDIVISION I JAJPUR,True,"{'Flood': 0, 'Embankment': 0, 'embkt': 0, 'Relief': 0, 'Erosion': 0, 'SDRF': 0, 'Inundation': 0, 'Hydrology': 0, 'Silt': 0, 'Siltation': 0, 'Bund': 0, 'Trench': 0, 'Breach': 0, 'Culvert': 0, 'Sluice': 0, 'Dyke': 0, 'Storm water drain': 0, 'Emergency': 0, 'Immediate': 0, 'IM': 0, 'AE': 0, 'A E': 0, 'AAPDA MITRA': 0, 'flood': 0, 'Bridge': 2, 'River': 0, 'Drain': 0, 'Restoration': 0, 'Protection': 0, 'irr': 0, 'irrigation': 0, 'dam': 0, 'Nallah': 2, 'Retrofitting': 0, 'Pond': 0, 'Pokhari': 0, 'D/C': 0, 'Recharge shaft': 0, 'LFB': 0, 'RFB': 0}","{'Floodlight': 0, 'Flood Light': 0, 'GAS': 0, 'FIFA': 0, 'pipe': 0, 'pipes': 0, 'covid': 0, 'supply': 0, 'Beautification': 0, 'Installation': 0}",Pre-Monsoon,,False,True,Repair and Restoration,{'Bridge': 2}
2026_CEMIB_124854_4,Bid ID No. 09 SEMID (KJR/ 2025-2026) Dt. 08.01.2026,Construction of Kudumnali Check Dam over Bamin Nallah near village Urumunda in Banspal Block of Keonjhar District under MATY for the year 2025-2026,Construction of Kudumnali Check Dam over Bamin Nallah near village Urumunda in Banspal Block of Keonjhar District under MATY for the year 2025-2026,Works,National Competitive Bid,Percentage,Civil Works - Others,No,No,NA ,20-Jan-2026 12:00 PM,NA ,90.0,No ,No,Online,30-Jan-2026 11:00 AM,"CE,Minor Irrigation,BBSR||SE,Eastern Minor Irr.Circle,Keonjhar||EE M.I. Division Keonjhar",Banspal Block of Keonjhar District,758001.0,2.0,"62,47,000",DHARMAJEET SAHU,"4,241,113.22",Rejected-AOC,28-Jul-2026,"CE,Minor Irrigation,BBSR||SE,Eastern Minor Irr.Circle,Keonjhar||EE M.I. Division Keonjhar",True,"{'Flood': 0, 'Embankment': 0, 'embkt': 0, 'Relief': 0, 'Erosion': 0, 'SDRF': 0, 'Inundation': 0, 'Hydrology': 0, 'Silt': 0, 'Siltation': 0, 'Bund': 0, 'Trench': 0, 'Breach': 0, 'Culvert': 0, 'Sluice': 0, 'Dyke': 0, 'Storm water drain': 0, 'Emergency': 0, 'Immediate': 0, 'IM': 0, 'AE': 0, 'A E': 0, 'AAPDA MITRA': 0, 'flood': 0, 'Bridge': 0, 'River': 0, 'Drain': 0, 'Restoration': 0, 'Protection': 0, 'irr': 0, 'irrigation': 0, 'dam': 2, 'Nallah': 2, 'Retrofitting': 0, 'Pond': 0, 'Pokhari': 0, 'D/C': 0, 'Recharge shaft': 0, 'LFB': 0, 'RFB': 0}","{'Floodlight': 0, 'Flood Light': 0, 'GAS': 0, 'FIFA': 0, 'pipe': 0, 'pipes': 0, 'covid': 0, 'supply': 0, 'Beautification': 0, 'Installation': 0}",Post-Monsoon,,False,False,Repair and Restoration,"{'Check Dam': 2, 'Construction': 2}"
2026_CEMIB_129604_10,SECMID_02/2026-27,Construction of Oringanali Check Dam over Local Nalla Near Badasamantarapur in Badasamantarapur GP in Tangi-choudwar Block of Cuttack District under MATY Scheme for the year 2026-27.,Construction of Oringanali Check Dam over Local Nalla Near Badasamantarapur in Badasamantarapur GP in Tangi-choudwar Block of Cuttack District under MATY Scheme for the year 2026-27.,Works,Open Tender,Percentage,Civil Works - Canal,No,No,NA ,22-May-2026 10:00 AM,NA ,90.0,No ,No,Online,01-Jun-2026 11:00 AM,"CE,Minor Irrigation,BBSR||SECMIC-BHUBANESWAR||CUTTACK",Tangi-Choudwar,753004.0,1.0,"47,77,389",BIREN KUMAR DEHURY,"4,777,389",Rejected-Finance,30-Jul-2026,"CE,Minor Irrigation,BBSR||SECMIC-BHUBANESWAR||CUTTACK",True,"{'Flood': 0, 'Embankment': 0, 'embkt': 0, 'Relief': 0, 'Erosion': 0, 'SDRF': 0, 'Inundation': 0, 'Hydrology': 0, 'Silt': 0, 'Siltation': 0, 'Bund': 0, 'Trench': 0, 'Breach': 0, 'Culvert': 0, 'Sluice': 0, 'Dyke': 0, 'Storm water drain': 0, 'Emergency': 0, 'Immediate': 0, 'IM': 0, 'AE': 0, 'A E': 0, 'AAPDA MITRA': 0, 'flood': 0, 'Bridge': 0, 'River': 0, 'Drain': 0, 'Restoration': 0, 'Protection': 0, 'irr': 0, 'irrigation': 0, 'dam': 2, 'Nallah': 0, 'Retrofitting': 0, 'Pond': 0, 'Pokhari': 0, 'D/C': 0, 'Recharge shaft': 0, 'LFB': 0, 'RFB': 0}","{'Floodlight': 0, 'Flood Light': 0, 'GAS': 0, 'FIFA': 0, 'pipe': 0, 'pipes': 0, 'covid': 0, 'supply': 0, 'Beautification': 0, 'Installation': 0}",Pre-Monsoon,,False,False,Repair and Restoration,"{'Check Dam': 2, 'Construction': 2}"
2025_ORULB_116784_6,MC(CMC)CTC_Div-IIINo.17/25-26,Construction of drain with cover slab and paver block road from Pratap Panda res to Kabiraja Padhi via Manas Nayak at Fakirpur in Ward No.48.,Construction of drain with cover slab and paver block road from Pratap Panda res to Kabiraja Padhi via Manas Nayak at Fakirpur in Ward No.48.,Works,Open Tender,Percentage,Civil Works - Others,No,No,NA ,09-Oct-2025 12:00 PM,NA ,75.0,No ,No,Online,28-Oct-2025 10:00 AM,Municipal Bodies||Cuttack Municipal Corporation,CMC,753012.0,1.0,"12,44,483",ANKIT SAGAR DALAI,"1,057,935",Rejected-AOC,08-Jul-2026,Municipal Bodies||Cuttack Municipal Corporation,True,"{'Flood': 0, 'Embankment': 0, 'embkt': 0, 'Relief': 0, 'Erosion': 0, 'SDRF': 0, 'Inundation': 0, 'Hydrology': 0, 'Silt': 0, 'Siltation': 0, 'Bund': 0, 'Trench': 0, 'Breach': 0, 'Culvert': 0, 'Sluice': 0, 'Dyke': 0, 'Storm water drain': 0, 'Emergency': 0, 'Immediate': 0, 'IM': 0, 'AE': 0, 'A E': 0, 'AAPDA MITRA': 0, 'flood': 0, 'Bridge': 0, 'River': 0, 'Drain': 2, 'Restoration': 0, 'Protection': 0, 'irr': 0, 'irrigation': 0, 'dam': 0, 'Nallah': 0, 'Retrofitting': 0, 'Pond': 0, 'Pokhari': 0, 'D/C': 0, 'Recharge shaft': 0, 'LFB': 0, 'RFB': 0}","{'Floodlight': 0, 'Flood Light': 0, 'GAS': 0, 'FIFA': 0, 'pipe': 0, 'pipes': 0, 'covid': 0, 'supply': 0, 'Beautification': 0, 'Installation': 0}",Post-Monsoon,,False,True,Repair and Restoration,"{'Construction': 2, 'Drain': 2}"
2026_CEBMT_128472_2,"EE,KID-01/2026-27",Flood protection work to the Right bank of river Pillasalki near Chandanpur sahi under PSIP (From RD 13500m to RD 13630m),Flood protection work to the Right bank of river Pillasalki near Chandanpur sahi under PSIP (From RD 13500m to RD 13630m),Works,Open Tender,Percentage,Civil Works - Others,No,No,NA ,04-May-2026 10:00 AM,NA ,90.0,No ,No,Online,19-May-2026 11:00 AM,"CE-BM, Tel Basin,Bhawanipatna||SE Balangir Irr Circle Balangir||EE Kandhamal Irr Division Phulbani",Phulbani,762001.0,1.0,"41,45,690",MANOJ KUMAR MISHRA,"2,777,197.84",Rejected-Finance,20-Jul-2026,"CE-BM, Tel Basin,Bhawanipatna||SE Balangir Irr Circle Balangir||EE Kandhamal Irr Division Phulbani",True,"{'Flood': 2, 'Embankment': 0, 'embkt': 0, 'Relief': 0, 'Erosion': 0, 'SDRF': 0, 'Inundation': 0, 'Hydrology': 0, 'Silt': 0, 'Siltation': 0, 'Bund': 0, 'Trench': 0, 'Breach': 0, 'Culvert': 0, 'Sluice': 0, 'Dyke': 0, 'Storm water drain': 0, 'Emergency': 0, 'Immediate': 0, 'IM': 0, 'AE': 0, 'A E': 0, 'AAPDA MITRA': 0, 'flood': 2, 'Bridge': 0, 'River': 2, 'Drain': 0, 'Restoration': 0, 'Protection': 2, 'irr': 0, 'irrigation': 0, 'dam': 0, 'Nallah': 0, 'Retrofitting': 0, 'Pond': 0, 'Pokhari': 0, 'D/C': 0, 'Recharge shaft': 0, 'LFB': 0, 'RFB': 0}","{'Floodlight': 0, 'Flood Light': 0, 'GAS': 0, 'FIFA': 0, 'pipe': 0, 'pipes': 0, 'covid': 0, 'supply': 0, 'Beautification': 0, 'Installation': 0}",Pre-Monsoon,,False,False,Preparedness Measures,"{'Protection': 2, 'Flood Protection work': 2}"
2025_ORULB_121901_2,EO/AGLM-09/2025-26,Construction of road at Nijar Ali house back side and Ramkumar lane road drain repair at ward No.5,Construction of road at Nijar Ali house back side and Ram kumar lane road drain repair at ward No.5,Works,Open Tender,Percentage,Civil Works - Others,No,No,NA ,26-Nov-2025 12:30 PM,NA ,90.0,No ,No,Online,08-Dec-2025 11:00 AM,Municipal Bodies||Angul Municipality,Angul,759122.0,1.0,"5,97,295",AJIT PRASAD DWIVEDY,"507,760",Rejected-AOC,07-Jul-2026,Municipal Bodies||Angul Municipality,True,"{'Flood': 0, 'Embankment': 0, 'embkt': 0, 'Relief': 0, 'Erosion': 0, 'SDRF': 0, 'Inundation': 0, 'Hydrology': 0, 'Silt': 0, 'Siltation': 0, 'Bund': 0, 'Trench': 0, 'Breach': 0, 'Culvert': 0, 'Sluice': 0, 'Dyke': 0, 'Storm water drain': 0, 'Emergency': 0, 'Immediate': 0, 'IM': 0, 'AE': 0, 'A E': 0, 'AAPDA MITRA': 0, 'flood': 0, 'Bridge': 0, 'River': 0, 'Drain': 2, 'Restoration': 0, 'Protection': 0, 'irr': 0, 'irrigation': 0, 'dam': 0, 'Nallah': 0, 'Retrofitting': 0, 'Pond': 0, 'Pokhari': 0, 'D/C': 0, 'Recharge shaft': 0, 'LFB': 0, 'RFB': 0}","{'Floodlight': 0, 'Flood Light': 0, 'GAS': 0, 'FIFA': 0, 'pipe': 0, 'pipes': 0, 'covid': 0, 'supply': 0, 'Beautification': 0, 'Installation': 0}",Post-Monsoon,,False,True,Repair and Restoration,"{'repair': 2, 'Construction': 2, 'Drain': 2}"
2026_ORULB_127399_5,OR/ULB/BUD/14/2025-26,Providing cover slab of the drain at Bapujinagar from Nata Nayak house to School in ward No 10,Providing cover slab of the drain at Bapujinagar from Nata Nayak house to School in ward No 10,Works,Open Tender,Percentage,Civil Works - Others,No,No,NA ,19-Mar-2026 10:00 AM,NA ,45.0,No ,No,Online,26-Mar-2026 11:00 AM,Municipal Bodies||Boudhgarh NAC,BOUDHGARH,762014.0,1.0,"7,78,228",Biswanath Patra,"777,450",Rejected-Technical,17-Jul-2026,Municipal Bodies||Boudhgarh NAC,True,"{'Flood': 0, 'Embankment': 0, 'embkt': 0, 'Relief': 0, 'Erosion': 0, 'SDRF': 0, 'Inundation': 0, 'Hydrology': 0, 'Silt': 0, 'Siltation': 0, 'Bund': 0, 'Trench': 0, 'Breach': 0, 'Culvert': 0, 'Sluice': 0, 'Dyke': 0, 'Storm water drain': 0, 'Emergency': 0, 'Immediate': 0, 'IM': 0, 'AE': 0, 'A E': 0, 'AAPDA MITRA': 0, 'flood': 0, 'Bridge': 0, 'River': 0, 'Drain': 2, 'Restoration': 0, 'Protection': 0, 'irr': 0, 'irrigation': 0, 'dam': 0, 'Nallah': 0, 'Retrofitting': 0, 'Pond': 0, 'Pokhari': 0, 'D/C': 0, 'Recharge shaft': 0, 'LFB': 0, 'RFB': 0}","{'Floodlight': 0, 'Flood Light': 0, 'GAS': 0, 'FIFA': 0, 'pipe': 0, 'pipes': 0, 'covid': 0, 'supply': 0, 'Beautification': 0, 'Installation': 0}",Pre-Monsoon,,False,True,Repair and Restoration,{'Drain': 2}
2026_ORULB_126953_20,EOBRP/07/2025-26,Covering of drain from Binod seth house to Ramachandra padhan house in ward no 5,Covering of drain from Binod seth house to Ramachandra padhan house in ward no 5,Works,Open Tender,Percentage,Civil Works - Others,No,No,NA ,07-Mar-2026 11:00 AM,NA ,90.0,No ,No,Online,16-Mar-2026 03:00 PM,Municipal Bodies||Barpali NAC,Barpali,768029.0,1.0,"2,69,271",JITEN SUNA,"199,733.51",Rejected-AOC,17-Jul-2026,Municipal Bodies||Barpali NAC,True,"{'Flood': 0, 'Embankment': 0, 'embkt': 0, 'Relief': 0, 'Erosion': 0, 'SDRF': 0, 'Inundation': 0, 'Hydrology': 0, 'Silt': 0, 'Siltation': 0, 'Bund': 0, 'Trench': 0, 'Breach': 0, 'Culvert': 0, 'Sluice': 0, 'Dyke': 0, 'Storm water drain': 0, 'Emergency': 0, 'Immediate': 0, 'IM': 0, 'AE': 0, 'A E': 0, 'AAPDA MITRA': 0, 'flood': 0, 'Bridge': 0, 'River': 0, 'Drain': 2, 'Restoration': 0, 'Protection': 0, 'irr': 0, 'irrigation': 0, 'dam': 0, 'Nallah': 0, 'Retrofitting': 0, 'Pond': 0, 'Pokhari': 0, 'D/C': 0, 'Recharge shaft': 0, 'LFB': 0, 'RFB': 0}","{'Floodlight': 0, 'Flood Light': 0, 'GAS': 0, 'FIFA': 0, 'pipe': 0, 'pipes': 0, 'covid': 0, 'supply': 0, 'Beautification': 0, 'Installation': 0}",Pre-Monsoon,,False,True,Repair and Restoration,{'Drain': 2}
2026_ORULB_126953_34,EOBRP/07/2025-26,Covering of drain from Old anganwadi to samaru dash in ward no 11,Covering of drain from Old anganwadi to samaru dash in ward no 11,Works,Open Tender,Percentage,Civil Works - Others,No,No,NA ,07-Mar-2026 11:00 AM,NA ,90.0,No ,No,Online,16-Mar-2026 03:00 PM,Municipal Bodies||Barpali NAC,Barpali,768029.0,1.0,"2,69,080",LALIT MEHER (SC),"199,674.49",Rejected-AOC,17-Jul-2026,Municipal Bodies||Barpali NAC,True,"{'Flood': 0, 'Embankment': 0, 'embkt': 0, 'Relief': 0, 'Erosion': 0, 'SDRF': 0, 'Inundation': 0, 'Hydrology': 0, 'Silt': 0, 'Siltation': 0, 'Bund': 0, 'Trench': 0, 'Breach': 0, 'Culvert': 0, 'Sluice': 0, 'Dyke': 0, 'Storm water drain': 0, 'Emergency': 0, 'Immediate': 0, 'IM': 0, 'AE': 0, 'A E': 0, 'AAPDA MITRA': 0, 'flood': 0, 'Bridge': 0, 'River': 0, 'Drain': 2, 'Restoration': 0, 'Protection': 0, 'irr': 0, 'irrigation': 0, 'dam': 0, 'Nallah': 0, 'Retrofitting': 0, 'Pond': 0, 'Pokhari': 0, 'D/C': 0, 'Recharge shaft': 0, 'LFB': 0, 'RFB': 0}","{'Floodlight': 0, 'Flood Light': 0, 'GAS': 0, 'FIFA': 0, 'pipe': 0, 'pipes': 0, 'covid': 0, 'supply': 0, 'Beautification': 0, 'Installation': 0}",Pre-Monsoon,,False,True,Repair and Restoration,{'Drain': 2}
2026_CEBBS_129136_7,SE-AID-2/2026-27,Repair and Desilting of Rock toe Drain and Longitudinal and Transverse Drain of Earth Dam of Manjore Irrigation Project.,Repair and Desilting of Rock toe Drain and Longitudinal and Transverse Drain of Earth Dam of Manjore Irrigation Project.,Works,Open Tender,Percentage,Civil Works - Canal,No,No,NA ,13-May-2026 11:00 AM,NA ,90.0,No ,No,Online,25-May-2026 09:00 AM,CE and BM Brahmani Basin Samal||SE Angul Irrigation Circle Angul||EE Angul Irrigation Division Angul,Angul,759143.0,1.0,,Ajit Kumar Acharya,"592,504",Rejected-Finance,19-Jun-2026,CE and BM Brahmani Basin Samal||SE Angul Irrigation Circle Angul||EE Angul Irrigation Division Angul,True,"{'Flood': 0, 'Embankment': 0, 'embkt': 0, 'Relief': 0, 'Erosion': 0, 'SDRF': 0, 'Inundation': 0, 'Hydrology': 0, 'Silt': 0, 'Siltation': 0, 'Bund': 0, 'Trench': 0, 'Breach': 0, 'Culvert': 0, 'Sluice': 0, 'Dyke': 0, 'Storm water drain': 0, 'Emergency': 0, 'Immediate': 0, 'IM': 0, 'AE': 0, 'A E': 0, 'AAPDA MITRA': 0, 'flood': 0, 'Bridge': 0, 'River': 0, 'Drain': 4, 'Restoration': 0, 'Protection': 0, 'irr': 0, 'irrigation': 2, 'dam': 2, 'Nallah': 0, 'Retrofitting': 0, 'Pond': 0, 'Pokhari': 0, 'D/C': 0, 'Recharge shaft': 0, 'LFB': 0, 'RFB': 0}","{'Floodlight': 0, 'Flood Light': 0, 'GAS': 0, 'FIFA': 0, 'pipe': 0, 'pipes': 0, 'covid': 0, 'supply': 0, 'Beautification': 0, 'Installation': 0}",Pre-Monsoon,,False,True,Repair and Restoration,"{'repair': 2, 'Drain': 4}"
2026_ORULB_127203_7,EONM-06/2025-26,Construction of Paver Block Road with Drain Slab from at Dalai Street in Ward No-11,CIVIL WORK,Works,Open Tender,Percentage,Civil Works - Others,No,No,NA ,16-Mar-2026 11:00 AM,NA ,90.0,No ,No,Online,26-Mar-2026 11:00 AM,Municipal Bodies||Nabarangpur Municipality,Nabarangpur,764059.0,1.0,"16,10,334",BABITA KUMARI MOHAPATRA,"1,513,873",Accepted-AOC,29-Jul-2026,Municipal Bodies||Nabarangpur Municipality,True,"{'Flood': 0, 'Embankment': 0, 'embkt': 0, 'Relief': 0, 'Erosion': 0, 'SDRF': 0, 'Inundation': 0, 'Hydrology': 0, 'Silt': 0, 'Siltation': 0, 'Bund': 0, 'Trench': 0, 'Breach': 0, 'Culvert': 0, 'Sluice': 0, 'Dyke': 0, 'Storm water drain': 0, 'Emergency': 0, 'Immediate': 0, 'IM': 0, 'AE': 0, 'A E': 0, 'AAPDA MITRA': 0, 'flood': 0, 'Bridge': 0, 'River': 0, 'Drain': 1, 'Restoration': 0, 'Protection': 0, 'irr': 0, 'irrigation': 0, 'dam': 0, 'Nallah': 0, 'Retrofitting': 0, 'Pond': 0, 'Pokhari': 0, 'D/C': 0, 'Recharge shaft': 0, 'LFB': 0, 'RFB': 0}","{'Floodlight': 0, 'Flood Light': 0, 'GAS': 0, 'FIFA': 0, 'pipe': 0, 'pipes': 0, 'covid': 0, 'supply': 0, 'Beautification': 0, 'Installation': 0}",Pre-Monsoon,,False,True,Repair and Restoration,"{'Construction': 1, 'Drain': 1}"
2026_ORULB_128734_8,SNP-MUN-37/2026-27,Construction of drain and Road Hajaru majhi house to Rama Satpathy House W.No-2,Construction of drain and Road Hajaru majhi house to Rama Satpathy House W.No-2,Works,Open Tender,Percentage,Civil Works - Others,No,No,NA ,05-May-2026 11:00 AM,NA ,60.0,No ,No,Online,16-May-2026 11:00 AM,Municipal Bodies||Sonepur Municipal Council,Sonepur Municipality,767017.0,1.0,"5,12,985",BIKRAM KUMAR AGRAWAL,"512,985",Rejected-Technical,27-Jul-2026,Municipal Bodies||Sonepur Municipal Council,True,"{'Flood': 0, 'Embankment': 0, 'embkt': 0, 'Relief': 0, 'Erosion': 0, 'SDRF': 0, 'Inundation': 0, 'Hydrology': 0, 'Silt': 0, 'Siltation': 0, 'Bund': 0, 'Trench': 0, 'Breach': 0, 'Culvert': 0, 'Sluice': 0, 'Dyke': 0, 'Storm water drain': 0, 'Emergency': 0, 'Immediate': 0, 'IM': 0, 'AE': 0, 'A E': 0, 'AAPDA MITRA': 0, 'flood': 0, 'Bridge': 0, 'River': 0, 'Drain': 2, 'Restoration': 0, 'Protection': 0, 'irr': 0, 'irrigation': 0, 'dam': 0, 'Nallah': 0, 'Retrofitting': 0, 'Pond': 0, 'Pokhari': 0, 'D/C': 0, 'Recharge shaft': 0, 'LFB': 0, 'RFB': 0}","{'Floodlight': 0, 'Flood Light': 0, 'GAS': 0, 'FIFA': 0, 'pipe': 0, 'pipes': 0, 'covid': 0, 'supply': 0, 'Beautification': 0, 'Installation': 0}",Pre-Monsoon,,False,True,Repair and Restoration,"{'Construction': 2, 'Drain': 2}"
2026_CERWI_130791_1,EERWELBBSR- 07/2026-27,Shifting and reconstruction of 11KV and LT lines due to construction of Bridge over river Budhanadi located at Otala village on Govinda Mohanty to Chotol road Under R.W.E.S Jagatsinghpur.,Shifting and reconstruction of 11KV and LT lines due to construction of Bridge over river Budhanadi located at Otala village on Govinda Mohanty to Chotol road Under R.W.E.S Jagatsinghpur.,Works,Open Tender,Percentage,Electrical Works,No,No,NA ,04-Jun-2026 12:00 PM,NA ,90.0,No ,No,Online,17-Jun-2026 01:00 PM,CE RW I||RW Electrical Circle Bhubaneswar||RW Electrical Division Bhubaneswar,Jagatsinghpur,754103.0,1.0,"10,00,196",GAYATRI SERVICES,"804,158",Rejected-Technical,06-Jul-2026,CE RW I||RW Electrical Circle Bhubaneswar||RW Electrical Division Bhubaneswar,True,"{'Flood': 0, 'Embankment': 0, 'embkt': 0, 'Relief': 0, 'Erosion': 0, 'SDRF': 0, 'Inundation': 0, 'Hydrology': 0, 'Silt': 0, 'Siltation': 0, 'Bund': 0, 'Trench': 0, 'Breach': 0, 'Culvert': 0, 'Sluice': 0, 'Dyke': 0, 'Storm water drain': 0, 'Emergency': 0, 'Immediate': 0, 'IM': 0, 'AE': 0, 'A E': 0, 'AAPDA MITRA': 0, 'flood': 0, 'Bridge': 2, 'River': 2, 'Drain': 0, 'Restoration': 0, 'Protection': 0, 'irr': 0, 'irrigation': 0, 'dam': 0, 'Nallah': 0, 'Retrofitting': 0, 'Pond': 0, 'Pokhari': 0, 'D/C': 0, 'Recharge shaft': 0, 'LFB': 0, 'RFB': 0}","{'Floodlight': 0, 'Flood Light': 0, 'GAS': 0, 'FIFA': 0, 'pipe': 0, 'pipes': 0, 'covid': 0, 'supply': 0, 'Beautification': 0, 'Installation': 0}",Monsoon,,False,True,Repair and Restoration,"{'reconstruction': 2, 'Construction': 2, 'Bridge': 2}"
2026_ORULB_124113_13,EO/ PDPM/ W_05_MSBY/ 2025-26,Peripherial devlopment of Paradeep College front area and pond in Ward No. 13,Peripherial devlopment of Paradeep College front area and pond in Ward No. 13,Works,Open Tender,Percentage,Civil Works - Others,No,No,NA ,03-Jan-2026 05:30 PM,NA ,120.0,No ,No,Online,15-Jan-2026 11:30 AM,Municipal Bodies||Paradeep Municipality,Paradeep Municipality,754142.0,1.0,"11,75,170",ADHIR KUMAR SAHOO,"1,208,900",Rejected-Finance,30-Jul-2026,Municipal Bodies||Paradeep Municipality,True,"{'Flood': 0, 'Embankment': 0, 'embkt': 0, 'Relief': 0, 'Erosion': 0, 'SDRF': 0, 'Inundation': 0, 'Hydrology': 0, 'Silt': 0, 'Siltation': 0, 'Bund': 0, 'Trench': 0, 'Breach': 0, 'Culvert': 0, 'Sluice': 0, 'Dyke': 0, 'Storm water drain': 0, 'Emergency': 0, 'Immediate': 0, 'IM': 0, 'AE': 0, 'A E': 0, 'AAPDA MITRA': 0, 'flood': 0, 'Bridge': 0, 'River': 0, 'Drain': 0, 'Restoration': 0, 'Protection': 0, 'irr': 0, 'irrigation': 0, 'dam': 0, 'Nallah': 0, 'Retrofitting': 0, 'Pond': 2, 'Pokhari': 0, 'D/C': 0, 'Recharge shaft': 0, 'LFB': 0, 'RFB': 0}","{'Floodlight': 0, 'Flood Light': 0, 'GAS': 0, 'FIFA': 0, 'pipe': 0, 'pipes': 0, 'covid': 0, 'supply': 0, 'Beautification': 0, 'Installation': 0}",Post-Monsoon,,False,False,Others,
2026_ORULB_127482_46,BLGR MPTY/13(01-73)/2025-26,"Const. of Paver Road and Drain with Cover Slab from Pradip Dash res to Sunil Behera res Barai Nagar, W.No.18",Road and Drain with Cover Slab Work,Works,Open Tender,Percentage,Civil Works - Roads,No,No,NA ,24-Mar-2026 11:00 AM,NA ,180.0,No ,No,Online,06-Apr-2026 11:00 AM,Municipal Bodies||Balangir Municipality,Balangir,767001.0,1.0,"8,45,727",RAJENDRA PUROHIT,"844,881.41",Rejected-Finance,17-Jul-2026,Municipal Bodies||Balangir Municipality,True,"{'Flood': 0, 'Embankment': 0, 'embkt': 0, 'Relief': 0, 'Erosion': 0, 'SDRF': 0, 'Inundation': 0, 'Hydrology': 0, 'Silt': 0, 'Siltation': 0, 'Bund': 0, 'Trench': 0, 'Breach': 0, 'Culvert': 0, 'Sluice': 0, 'Dyke': 0, 'Storm water drain': 0, 'Emergency': 0, 'Immediate': 0, 'IM': 0, 'AE': 0, 'A E': 0, 'AAPDA MITRA': 0, 'flood': 0, 'Bridge': 0, 'River': 0, 'Drain': 2, 'Restoration': 0, 'Protection': 0, 'irr': 0, 'irrigation': 0, 'dam': 0, 'Nallah': 0, 'Retrofitting': 0, 'Pond': 0, 'Pokhari': 0, 'D/C': 0, 'Recharge shaft': 0, 'LFB': 0, 'RFB': 0}","{'Floodlight': 0, 'Flood Light': 0, 'GAS': 0, 'FIFA': 0, 'pipe': 0, 'pipes': 0, 'covid': 0, 'supply': 0, 'Beautification': 0, 'Installation': 0}",Pre-Monsoon,,False,True,Repair and Restoration,{'Drain': 2}
2026_ORULB_129755_9,RGDA-MUN-01/2026-2027,Providing RCC Cover Slab with Repair of Drain at DFO Office 7th lane Junction to Mangala Mandir lane Both side in w.no-09,Providing RCC Cover Slab with Repair of Drain at DFO Office 7th lane Junction to Mangala Mandir lane Both side in w.no-09,Works,Open Tender,Percentage,Civil Works - Others,No,No,NA ,25-May-2026 06:00 PM,NA ,90.0,No ,No,Online,10-Jun-2026 11:30 AM,Municipal Bodies||Rayagada Municipality,RAYAGADA MUNICIPALITY,765001.0,1.0,"1,78,081",GITANJALI BEHERA,"178,081",Rejected-Finance,10-Jul-2026,Municipal Bodies||Rayagada Municipality,True,"{'Flood': 0, 'Embankment': 0, 'embkt': 0, 'Relief': 0, 'Erosion': 0, 'SDRF': 0, 'Inundation': 0, 'Hydrology': 0, 'Silt': 0, 'Siltation': 0, 'Bund': 0, 'Trench': 0, 'Breach': 0, 'Culvert': 0, 'Sluice': 0, 'Dyke': 0, 'Storm water drain': 0, 'Emergency': 0, 'Immediate': 0, 'IM': 0, 'AE': 0, 'A E': 0, 'AAPDA MITRA': 0, 'flood': 0, 'Bridge': 0, 'River': 0, 'Drain': 2, 'Restoration': 0, 'Protection': 0, 'irr': 0, 'irrigation': 0, 'dam': 0, 'Nallah': 0, 'Retrofitting': 0, 'Pond': 0, 'Pokhari': 0, 'D/C': 0, 'Recharge shaft': 0, 'LFB': 0, 'RFB': 0}","{'Floodlight': 0, 'Flood Light': 0, 'GAS': 0, 'FIFA': 0, 'pipe': 0, 'pipes': 0, 'covid': 0, 'supply': 0, 'Beautification': 0, 'Installation': 0}",Pre-Monsoon,,False,True,Repair and Restoration,"{'repair': 2, 'Drain': 2}"
2026_ORULB_128169_4,SNP-MUN-36/2025-26,Covering of open drain of road side in ULB area in Ward no-3 and 4,Covering of open drain of road side in ULB area in Ward no-3 and 4,Works,Open Tender,Percentage,Civil Works - Others,No,No,NA ,17-Apr-2026 11:00 AM,NA ,45.0,No ,No,Online,28-Apr-2026 11:00 AM,Municipal Bodies||Sonepur Municipal Council,Sonepur Municipality,767017.0,1.0,"8,47,475",Artatrana Sanyasi,"847,475.93",Rejected-Technical,15-Jul-2026,Municipal Bodies||Sonepur Municipal Council,True,"{'Flood': 0, 'Embankment': 0, 'embkt': 0, 'Relief': 0, 'Erosion': 0, 'SDRF': 0, 'Inundation': 0, 'Hydrology': 0, 'Silt': 0, 'Siltation': 0, 'Bund': 0, 'Trench': 0, 'Breach': 0, 'Culvert': 0, 'Sluice': 0, 'Dyke': 0, 'Storm water drain': 0, 'Emergency': 0, 'Immediate': 0, 'IM': 0, 'AE': 0, 'A E': 0, 'AAPDA MITRA': 0, 'flood': 0, 'Bridge': 0, 'River': 0, 'Drain': 2, 'Restoration': 0, 'Protection': 0, 'irr': 0, 'irrigation': 0, 'dam': 0, 'Nallah': 0, 'Retrofitting': 0, 'Pond': 0, 'Pokhari': 0, 'D/C': 0, 'Recharge shaft': 0, 'LFB': 0, 'RFB': 0}","{'Floodlight': 0, 'Flood Light': 0, 'GAS': 0, 'FIFA': 0, 'pipe': 0, 'pipes': 0, 'covid': 0, 'supply': 0, 'Beautification': 0, 'Installation': 0}",Pre-Monsoon,,False,True,Repair and Restoration,{'Drain': 2}
2026_ORULB_126616_3,MC(CMC)CTC_Div-IIiNo39/2025-26,Repair and restoration of Toilet at Nilakantheswar slum OMP Capus in Ward No.42.,Repair and restoration of Toilet at Nilakantheswar slum OMP Capus in Ward No.42.,Works,Open Tender,Percentage,Civil Works - Others,No,No,NA ,30-Mar-2026 11:00 AM,NA ,105.0,No ,No,Online,17-Apr-2026 10:00 AM,Municipal Bodies||Cuttack Municipal Corporation,CMC,753012.0,1.0,"16,03,022",BICHITRA NANDA BEHERA,"1,603,022",Rejected-AOC,08-Jul-2026,Municipal Bodies||Cuttack Municipal Corporation,True,"{'Flood': 0, 'Embankment': 0, 'embkt': 0, 'Relief': 0, 'Erosion': 0, 'SDRF': 0, 'Inundation': 0, 'Hydrology': 0, 'Silt': 0, 'Siltation': 0, 'Bund': 0, 'Trench': 0, 'Breach': 0, 'Culvert': 0, 'Sluice': 0, 'Dyke': 0, 'Storm water drain': 0, 'Emergency': 0, 'Immediate': 0, 'IM': 0, 'AE': 0, 'A E': 0, 'AAPDA MITRA': 0, 'flood': 0, 'Bridge': 0, 'River': 0, 'Drain': 0, 'Restoration': 2, 'Protection': 0, 'irr': 0, 'irrigation': 0, 'dam': 0, 'Nallah': 0, 'Retrofitting': 0, 'Pond': 0, 'Pokhari': 0, 'D/C': 0, 'Recharge shaft': 0, 'LFB': 0, 'RFB': 0}","{'Floodlight': 0, 'Flood Light': 0, 'GAS': 0, 'FIFA': 0, 'pipe': 0, 'pipes': 0, 'covid': 0, 'supply': 0, 'Beautification': 0, 'Installation': 0}",Pre-Monsoon,,False,False,Repair and Restoration,"{'repair': 2, 'restoration': 2}"
2026_ORULB_128169_5,SNP-MUN-36/2025-26,Covering of open drain of road side in ULB area in Ward no-5 and 6,Covering of open drain of road side in ULB area in Ward no-5 and 6,Works,Open Tender,Percentage,Civil Works - Others,No,No,NA ,17-Apr-2026 11:00 AM,NA ,45.0,No ,No,Online,28-Apr-2026 11:00 AM,Municipal Bodies||Sonepur Municipal Council,Sonepur Municipality,767017.0,1.0,"8,47,476",Artatrana Sanyasi,"847,475.93",Rejected-Technical,15-Jul-2026,Municipal Bodies||Sonepur Municipal Council,True,"{'Flood': 0, 'Embankment': 0, 'embkt': 0, 'Relief': 0, 'Erosion': 0, 'SDRF': 0, 'Inundation': 0, 'Hydrology': 0, 'Silt': 0, 'Siltation': 0, 'Bund': 0, 'Trench': 0, 'Breach': 0, 'Culvert': 0, 'Sluice': 0, 'Dyke': 0, 'Storm water drain': 0, 'Emergency': 0, 'Immediate': 0, 'IM': 0, 'AE': 0, 'A E': 0, 'AAPDA MITRA': 0, 'flood': 0, 'Bridge': 0, 'River': 0, 'Drain': 2, 'Restoration': 0, 'Protection': 0, 'irr': 0, 'irrigation': 0, 'dam': 0, 'Nallah': 0, 'Retrofitting': 0, 'Pond': 0, 'Pokhari': 0, 'D/C': 0, 'Recharge shaft': 0, 'LFB': 0, 'RFB': 0}","{'Floodlight': 0, 'Flood Light': 0, 'GAS': 0, 'FIFA': 0, 'pipe': 0, 'pipes': 0, 'covid': 0, 'supply': 0, 'Beautification': 0, 'Installation': 0}",Pre-Monsoon,,False,True,Repair and Restoration,{'Drain': 2}
2026_ORULB_129755_8,RGDA-MUN-01/2026-2027,Providing RCC Cover Slab with Repair of Drain with Fixing of Cover Slab in (w.no-13 )-Part-I,Providing RCC Cover Slab with Repair of Drain with Fixing of Cover Slab in (w.no-13 )-Part-I,Works,Open Tender,Percentage,Civil Works - Others,No,No,NA ,25-May-2026 06:00 PM,NA ,90.0,No ,No,Online,10-Jun-2026 11:30 AM,Municipal Bodies||Rayagada Municipality,RAYAGADA MUNICIPALITY,765001.0,1.0,"16,94,982",AMBIKA GOUDA,"1,694,982",Rejected-Finance,10-Jul-2026,Municipal Bodies||Rayagada Municipality,True,"{'Flood': 0, 'Embankment': 0, 'embkt': 0, 'Relief': 0, 'Erosion': 0, 'SDRF': 0, 'Inundation': 0, 'Hydrology': 0, 'Silt': 0, 'Siltation': 0, 'Bund': 0, 'Trench': 0, 'Breach': 0, 'Culvert': 0, 'Sluice': 0, 'Dyke': 0, 'Storm water drain': 0, 'Emergency': 0, 'Immediate': 0, 'IM': 0, 'AE': 0, 'A E': 0, 'AAPDA MITRA': 0, 'flood': 0, 'Bridge': 0, 'River': 0, 'Drain': 2, 'Restoration': 0, 'Protection': 0, 'irr': 0, 'irrigation': 0, 'dam': 0, 'Nallah': 0, 'Retrofitting': 0, 'Pond': 0, 'Pokhari': 0, 'D/C': 0, 'Recharge shaft': 0, 'LFB': 0, 'RFB': 0}","{'Floodlight': 0, 'Flood Light': 0, 'GAS': 0, 'FIFA': 0, 'pipe': 0, 'pipes': 0, 'covid': 0, 'supply': 0, 'Beautification': 0, 'Installation': 0}",Pre-Monsoon,,False,True,Repair and Restoration,"{'repair': 2, 'Drain': 2}"
2025_ORULB_113870_8,MC(CMC)CTC_Div-IINo.10/2025-26,R.C.C. drain from Bagala Thakurani Temple to Parabati Bengels at Bhagatpur in Ward No. 26.,R.C.C. drain from Bagala Thakurani Temple to Parabati Bengels at Bhagatpur in Ward No. 26.,Works,Open Tender,Percentage,Civil Works - Others,No,No,NA ,02-Aug-2025 03:00 PM,NA ,90.0,No ,No,Online,19-Aug-2025 11:00 AM,Municipal Bodies||Cuttack Municipal Corporation,CMC,753012.0,1.0,"9,28,500",SANJAY KUMAR SETHY(SC),"789,243",Accepted-AOC,21-Jul-2026,Municipal Bodies||Cuttack Municipal Corporation,True,"{'Flood': 0, 'Embankment': 0, 'embkt': 0, 'Relief': 0, 'Erosion': 0, 'SDRF': 0, 'Inundation': 0, 'Hydrology': 0, 'Silt': 0, 'Siltation': 0, 'Bund': 0, 'Trench': 0, 'Breach': 0, 'Culvert': 0, 'Sluice': 0, 'Dyke': 0, 'Storm water drain': 0, 'Emergency': 0, 'Immediate': 0, 'IM': 0, 'AE': 0, 'A E': 0, 'AAPDA MITRA': 0, 'flood': 0, 'Bridge': 0, 'River': 0, 'Drain': 2, 'Restoration': 0, 'Protection': 0, 'irr': 0, 'irrigation': 0, 'dam': 0, 'Nallah': 0, 'Retrofitting': 0, 'Pond': 0, 'Pokhari': 0, 'D/C': 0, 'Recharge shaft': 0, 'LFB': 0, 'RFB': 0}","{'Floodlight': 0, 'Flood Light': 0, 'GAS': 0, 'FIFA': 0, 'pipe': 0, 'pipes': 0, 'covid': 0, 'supply': 0, 'Beautification': 0, 'Installation': 0}",Monsoon,,False,True,Repair and Restoration,{'Drain': 2}
2026_ORULB_128734_9,SNP-MUN-37/2026-27,Construction of drain at Muna Tripathy towards Bijaya Meher House in W.No-1,Construction of drain at Muna Tripathy towards Bijaya Meher House in W.No-1,Works,Open Tender,Percentage,Civil Works - Others,No,No,NA ,05-May-2026 11:00 AM,NA ,60.0,No ,No,Online,16-May-2026 11:00 AM,Municipal Bodies||Sonepur Municipal Council,Sonepur Municipality,767017.0,1.0,"1,07,918",BIKRAM KUMAR AGRAWAL,"107,917",Accepted-AOC,26-Jul-2026,Municipal Bodies||Sonepur Municipal Council,True,"{'Flood': 0, 'Embankment': 0, 'embkt': 0, 'Relief': 0, 'Erosion': 0, 'SDRF': 0, 'Inundation': 0, 'Hydrology': 0, 'Silt': 0, 'Siltation': 0, 'Bund': 0, 'Trench': 0, 'Breach': 0, 'Culvert': 0, 'Sluice': 0, 'Dyke': 0, 'Storm water drain': 0, 'Emergency': 0, 'Immediate': 0, 'IM': 0, 'AE': 0, 'A E': 0, 'AAPDA MITRA': 0, 'flood': 0, 'Bridge': 0, 'River': 0, 'Drain': 2, 'Restoration': 0, 'Protection': 0, 'irr': 0, 'irrigation': 0, 'dam': 0, 'Nallah': 0, 'Retrofitting': 0, 'Pond': 0, 'Pokhari': 0, 'D/C': 0, 'Recharge shaft': 0, 'LFB': 0, 'RFB': 0}","{'Floodlight': 0, 'Flood Light': 0, 'GAS': 0, 'FIFA': 0, 'pipe': 0, 'pipes': 0, 'covid': 0, 'supply': 0, 'Beautification': 0, 'Installation': 0}",Pre-Monsoon,,False,True,Repair and Restoration,"{'Construction': 2, 'Drain': 2}"
2026_CEBBS_129136_6,SE-AID-2/2026-27,Repair to Beladula Minor RD 00m to RD 4445m Beladula Subminor 1R Beladula Sub-minor2L Beladula Subminor 3R Beladula Subminor 4L Beladula Subminor 5R Beladula Subminor 8R and Bhoipada Subminor 1R of Right Main Canal of Manjore Irrigation Project.,Repair to Beladula Minor RD 00m to RD 4445m Beladula Subminor 1R Beladula Sub-minor2L Beladula Subminor 3R Beladula Subminor 4L Beladula Subminor 5R Beladula Subminor 8R and Bhoipada Subminor 1R of Right Main Canal of Manjore Irrigation Project.,Works,Open Tender,Percentage,Civil Works - Canal,No,No,NA ,13-May-2026 11:00 AM,NA ,90.0,No ,No,Online,25-May-2026 09:00 AM,CE and BM Brahmani Basin Samal||SE Angul Irrigation Circle Angul||EE Angul Irrigation Division Angul,Angul,759143.0,1.0,,Ajit Kumar Acharya,"592,669",Rejected-Finance,19-Jun-2026,CE and BM Brahmani Basin Samal||SE Angul Irrigation Circle Angul||EE Angul Irrigation Division Angul,True,"{'Flood': 0, 'Embankment': 0, 'embkt': 0, 'Relief': 0, 'Erosion': 0, 'SDRF': 0, 'Inundation': 0, 'Hydrology': 0, 'Silt': 0, 'Siltation': 0, 'Bund': 0, 'Trench': 0, 'Breach': 0, 'Culvert': 0, 'Sluice': 0, 'Dyke': 0, 'Storm water drain': 0, 'Emergency': 0, 'Immediate': 0, 'IM': 0, 'AE': 0, 'A E': 0, 'AAPDA MITRA': 0, 'flood': 0, 'Bridge': 0, 'River': 0, 'Drain': 0, 'Restoration': 0, 'Protection': 0, 'irr': 0, 'irrigation': 2, 'dam': 0, 'Nallah': 0, 'Retrofitting': 0, 'Pond': 0, 'Pokhari': 0, 'D/C': 0, 'Recharge shaft': 0, 'LFB': 0, 'RFB': 0}","{'Floodlight': 0, 'Flood Light': 0, 'GAS': 0, 'FIFA': 0, 'pipe': 0, 'pipes': 0, 'covid': 0, 'supply': 0, 'Beautification': 0, 'Installation': 0}",Pre-Monsoon,,False,False,Repair and Restoration,{'repair': 2}
2025_ORULB_116829_24,EO/ PDPM/ W_03/ 2025-26,Construction of Paver block road and drain from Odikaradu house to Mariyam house in ward no 17,Construction of Paver block road and drain from Odikaradu house to Mariyam house in ward no 17,Works,Open Tender,Percentage,Civil Works - Others,No,No,NA ,16-Aug-2025 05:00 PM,NA ,120.0,No ,No,Online,29-Aug-2025 11:00 AM,Municipal Bodies||Paradeep Municipality,PARADEEP MUNICIPALITY,754142.0,1.0,"15,44,895",SURYAKANT BISWAL,"1,549,800",Rejected-Finance,30-Jul-2026,Municipal Bodies||Paradeep Municipality,True,"{'Flood': 0, 'Embankment': 0, 'embkt': 0, 'Relief': 0, 'Erosion': 0, 'SDRF': 0, 'Inundation': 0, 'Hydrology': 0, 'Silt': 0, 'Siltation': 0, 'Bund': 0, 'Trench': 0, 'Breach': 0, 'Culvert': 0, 'Sluice': 0, 'Dyke': 0, 'Storm water drain': 0, 'Emergency': 0, 'Immediate': 0, 'IM': 0, 'AE': 0, 'A E': 0, 'AAPDA MITRA': 0, 'flood': 0, 'Bridge': 0, 'River': 0, 'Drain': 2, 'Restoration': 0, 'Protection': 0, 'irr': 0, 'irrigation': 0, 'dam': 0, 'Nallah': 0, 'Retrofitting': 0, 'Pond': 0, 'Pokhari': 0, 'D/C': 0, 'Recharge shaft': 0, 'LFB': 0, 'RFB': 0}","{'Floodlight': 0, 'Flood Light': 0, 'GAS': 0, 'FIFA': 0, 'pipe': 0, 'pipes': 0, 'covid': 0, 'supply': 0, 'Beautification': 0, 'Installation': 0}",Monsoon,,False,True,Repair and Restoration,"{'Construction': 2, 'Drain': 2}"
2026_ORULB_126953_21,EOBRP/07/2025-26,Covering of drain from Banik Bhawan to main Canal in ward no 5,Covering of drain from Banik Bhawan to main Canal in ward no 5,Works,Open Tender,Percentage,Civil Works - Others,No,No,NA ,07-Mar-2026 11:00 AM,NA ,90.0,No ,No,Online,16-Mar-2026 03:00 PM,Municipal Bodies||Barpali NAC,Barpali,768029.0,1.0,"1,21,334",SHIBARATRI SETH (SC),"89,949.86",Rejected-AOC,17-Jul-2026,Municipal Bodies||Barpali NAC,True,"{'Flood': 0, 'Embankment': 0, 'embkt': 0, 'Relief': 0, 'Erosion': 0, 'SDRF': 0, 'Inundation': 0, 'Hydrology': 0, 'Silt': 0, 'Siltation': 0, 'Bund': 0, 'Trench': 0, 'Breach': 0, 'Culvert': 0, 'Sluice': 0, 'Dyke': 0, 'Storm water drain': 0, 'Emergency': 0, 'Immediate': 0, 'IM': 0, 'AE': 0, 'A E': 0, 'AAPDA MITRA': 0, 'flood': 0, 'Bridge': 0, 'River': 0, 'Drain': 2, 'Restoration': 0, 'Protection': 0, 'irr': 0, 'irrigation': 0, 'dam': 0, 'Nallah': 0, 'Retrofitting': 0, 'Pond': 0, 'Pokhari': 0, 'D/C': 0, 'Recharge shaft': 0, 'LFB': 0, 'RFB': 0}","{'Floodlight': 0, 'Flood Light': 0, 'GAS': 0, 'FIFA': 0, 'pipe': 0, 'pipes': 0, 'covid': 0, 'supply': 0, 'Beautification': 0, 'Installation': 0}",Pre-Monsoon,,False,True,Repair and Restoration,{'Drain': 2}
2026_ORULB_127399_4,OR/ULB/BUD/14/2025-26,Providing Cover slab of the drain at Bapujinagar from Sushi Badi house to Mission Shakti Gruha in ward No 10,Providing Cover slab of the drain at Bapujinagar from Sushi Badi house to Mission Shakti Gruha in ward No 10,Works,Open Tender,Percentage,Civil Works - Others,No,No,NA ,19-Mar-2026 10:00 AM,NA ,45.0,No ,No,Online,26-Mar-2026 11:00 AM,Municipal Bodies||Boudhgarh NAC,BOUDHGARH,762014.0,1.0,"8,81,419",Biswanath Patra,"880,538",Rejected-Technical,17-Jul-2026,Municipal Bodies||Boudhgarh NAC,True,"{'Flood': 0, 'Embankment': 0, 'embkt': 0, 'Relief': 0, 'Erosion': 0, 'SDRF': 0, 'Inundation': 0, 'Hydrology': 0, 'Silt': 0, 'Siltation': 0, 'Bund': 0, 'Trench': 0, 'Breach': 0, 'Culvert': 0, 'Sluice': 0, 'Dyke': 0, 'Storm water drain': 0, 'Emergency': 0, 'Immediate': 0, 'IM': 0, 'AE': 0, 'A E': 0, 'AAPDA MITRA': 0, 'flood': 0, 'Bridge': 0, 'River': 0, 'Drain': 2, 'Restoration': 0, 'Protection': 0, 'irr': 0, 'irrigation': 0, 'dam': 0, 'Nallah': 0, 'Retrofitting': 0, 'Pond': 0, 'Pokhari': 0, 'D/C': 0, 'Recharge shaft': 0, 'LFB': 0, 'RFB': 0}","{'Floodlight': 0, 'Flood Light': 0, 'GAS': 0, 'FIFA': 0, 'pipe': 0, 'pipes': 0, 'covid': 0, 'supply': 0, 'Beautification': 0, 'Installation': 0}",Pre-Monsoon,,False,True,Repair and Restoration,{'Drain': 2}
2026_ORULB_127693_2,MC(CMC)CTC_Div-IIINo1/2026-27,Construction of Drain with Cover Slab from Dhoti Babu res. to Rama Devi Apartment via Basant Mohanty res. in Ward No.46,Construction of Drain with Cover Slab from Dhoti Babu res. to Rama Devi Apartment via Basant Mohanty res. in Ward No.46,Works,Open Tender,Percentage,Civil Works - Others,No,No,NA ,07-Apr-2026 05:00 PM,NA ,105.0,No ,No,Online,22-Apr-2026 10:00 AM,Municipal Bodies||Cuttack Municipal Corporation,CMC,753012.0,1.0,"39,50,872",AMITABH SWAIN,"3,950,871.79",Rejected-AOC,08-Jul-2026,Municipal Bodies||Cuttack Municipal Corporation,True,"{'Flood': 0, 'Embankment': 0, 'embkt': 0, 'Relief': 0, 'Erosion': 0, 'SDRF': 0, 'Inundation': 0, 'Hydrology': 0, 'Silt': 0, 'Siltation': 0, 'Bund': 0, 'Trench': 0, 'Breach': 0, 'Culvert': 0, 'Sluice': 0, 'Dyke': 0, 'Storm water drain': 0, 'Emergency': 0, 'Immediate': 0, 'IM': 0, 'AE': 0, 'A E': 0, 'AAPDA MITRA': 0, 'flood': 0, 'Bridge': 0, 'River': 0, 'Drain': 2, 'Restoration': 0, 'Protection': 0, 'irr': 0, 'irrigation': 0, 'dam': 0, 'Nallah': 0, 'Retrofitting': 0, 'Pond': 0, 'Pokhari': 0, 'D/C': 0, 'Recharge shaft': 0, 'LFB': 0, 'RFB': 0}","{'Floodlight': 0, 'Flood Light': 0, 'GAS': 0, 'FIFA': 0, 'pipe': 0, 'pipes': 0, 'covid': 0, 'supply': 0, 'Beautification': 0, 'Installation': 0}",Pre-Monsoon,,False,True,Repair and Restoration,"{'Construction': 2, 'Drain': 2}"
2026_ORULB_126857_45,06/BGH- MUN/2025-26,"Construction of CC Road, drain and slab at niagamananda vihar gali no-8 W.NO-01","Construction of CC Road, drain and slab at niagamananda vihar gali no-8 W.NO-01",Works,Open Tender,Percentage,Civil Works - Others,No,No,NA ,06-Mar-2026 04:00 PM,NA ,90.0,No ,No,Online,17-Mar-2026 11:00 AM,Municipal Bodies||Bargarh Municipal Council,Bargarh,768028.0,1.0,"15,06,282",RAJA SUNA,"995,861.331",Rejected-Finance,17-Jul-2026,Municipal Bodies||Bargarh Municipal Council,True,"{'Flood': 0, 'Embankment': 0, 'embkt': 0, 'Relief': 0, 'Erosion': 0, 'SDRF': 0, 'Inundation': 0, 'Hydrology': 0, 'Silt': 0, 'Siltation': 0, 'Bund': 0, 'Trench': 0, 'Breach': 0, 'Culvert': 0, 'Sluice': 0, 'Dyke': 0, 'Storm water drain': 0, 'Emergency': 0, 'Immediate': 0, 'IM': 0, 'AE': 0, 'A E': 0, 'AAPDA MITRA': 0, 'flood': 0, 'Bridge': 0, 'River': 0, 'Drain': 2, 'Restoration': 0, 'Protection': 0, 'irr': 0, 'irrigation': 0, 'dam': 0, 'Nallah': 0, 'Retrofitting': 0, 'Pond': 0, 'Pokhari': 0, 'D/C': 0, 'Recharge shaft': 0, 'LFB': 0, 'RFB': 0}","{'Floodlight': 0, 'Flood Light': 0, 'GAS': 0, 'FIFA': 0, 'pipe': 0, 'pipes': 0, 'covid': 0, 'supply': 0, 'Beautification': 0, 'Installation': 0}",Pre-Monsoon,,False,True,Repair and Restoration,"{'Construction': 2, 'Drain': 2}"
2025_ORULB_115568_161,BM-BDK-05-2025-26,Construction of paver road and RCC drain from Sahapur Masjid towards Gafar Khan house at Sahapur in Ward No.7,Construction of paver road and RCC drain from Sahapur Masjid towards Gafar Khan house at Sahapur in Ward No.7,Works,Open Tender,Percentage,Civil Works - Others,No,No,NA ,24-Jul-2025 10:00 AM,NA ,90.0,No ,No,Online,04-Aug-2025 11:00 AM,Municipal Bodies||Bhadrak Municipality,Bhadrak Municipality,756100.0,1.0,"14,69,337",Khageswar Mahalik,"1,313,587",Accepted-AOC,10-Jul-2026,Municipal Bodies||Bhadrak Municipality,True,"{'Flood': 0, 'Embankment': 0, 'embkt': 0, 'Relief': 0, 'Erosion': 0, 'SDRF': 0, 'Inundation': 0, 'Hydrology': 0, 'Silt': 0, 'Siltation': 0, 'Bund': 0, 'Trench': 0, 'Breach': 0, 'Culvert': 0, 'Sluice': 0, 'Dyke': 0, 'Storm water drain': 0, 'Emergency': 0, 'Immediate': 0, 'IM': 0, 'AE': 0, 'A E': 0, 'AAPDA MITRA': 0, 'flood': 0, 'Bridge': 0, 'River': 0, 'Drain': 2, 'Restoration': 0, 'Protection': 0, 'irr': 0, 'irrigation': 0, 'dam': 0, 'Nallah': 0, 'Retrofitting': 0, 'Pond': 0, 'Pokhari': 0, 'D/C': 0, 'Recharge shaft': 0, 'LFB': 0, 'RFB': 0}","{'Floodlight': 0, 'Flood Light': 0, 'GAS': 0, 'FIFA': 0, 'pipe': 0, 'pipes': 0, 'covid': 0, 'supply': 0, 'Beautification': 0, 'Installation': 0}",Monsoon,,False,True,Repair and Restoration,"{'Construction': 2, 'Drain': 2}"
2026_ORULB_126398_21,DKL MPLTY/10 /2025-26,Constn. of Road and drain from Pahali sahu res. towards Dr. R. K. Sethi res. in ward no.- 16,AS PER DTCN,Works,Open Tender,Percentage,Civil Works - Others,No,No,NA ,23-Feb-2026 11:00 AM,NA ,120.0,No ,No,Online,06-Mar-2026 11:00 AM,Municipal Bodies||Dhenkanal Municipality,Dhenkanal,759001.0,1.0,,BISWAJIT MANSINGH,"1,692,692",Rejected-Finance,01-Jul-2026,Municipal Bodies||Dhenkanal Municipality,True,"{'Flood': 0, 'Embankment': 0, 'embkt': 0, 'Relief': 0, 'Erosion': 0, 'SDRF': 0, 'Inundation': 0, 'Hydrology': 0, 'Silt': 0, 'Siltation': 0, 'Bund': 0, 'Trench': 0, 'Breach': 0, 'Culvert': 0, 'Sluice': 0, 'Dyke': 0, 'Storm water drain': 0, 'Emergency': 0, 'Immediate': 0, 'IM': 0, 'AE': 0, 'A E': 0, 'AAPDA MITRA': 0, 'flood': 0, 'Bridge': 0, 'River': 0, 'Drain': 1, 'Restoration': 0, 'Protection': 0, 'irr': 0, 'irrigation': 0, 'dam': 0, 'Nallah': 0, 'Retrofitting': 0, 'Pond': 0, 'Pokhari': 0, 'D/C': 0, 'Recharge shaft': 0, 'LFB': 0, 'RFB': 0}","{'Floodlight': 0, 'Flood Light': 0, 'GAS': 0, 'FIFA': 0, 'pipe': 0, 'pipes': 0, 'covid': 0, 'supply': 0, 'Beautification': 0, 'Installation': 0}",Post-Monsoon,,False,True,Repair and Restoration,{'Drain': 1}
2026_ORULB_126953_25,EOBRP/07/2025-26,Covering of drain from Bedabyas club to NH in ward no 8,Covering of drain from Bedabyas club to NH in ward no 8,Works,Open Tender,Percentage,Civil Works - Others,No,No,NA ,07-Mar-2026 11:00 AM,NA ,90.0,No ,No,Online,16-Mar-2026 03:00 PM,Municipal Bodies||Barpali NAC,Barpali,768029.0,1.0,"6,72,438",JITEN SUNA,"534,584.45",Accepted-AOC,17-Jul-2026,Municipal Bodies||Barpali NAC,True,"{'Flood': 0, 'Embankment': 0, 'embkt': 0, 'Relief': 0, 'Erosion': 0, 'SDRF': 0, 'Inundation': 0, 'Hydrology': 0, 'Silt': 0, 'Siltation': 0, 'Bund': 0, 'Trench': 0, 'Breach': 0, 'Culvert': 0, 'Sluice': 0, 'Dyke': 0, 'Storm water drain': 0, 'Emergency': 0, 'Immediate': 0, 'IM': 0, 'AE': 0, 'A E': 0, 'AAPDA MITRA': 0, 'flood': 0, 'Bridge': 0, 'River': 0, 'Drain': 2, 'Restoration': 0, 'Protection': 0, 'irr': 0, 'irrigation': 0, 'dam': 0, 'Nallah': 0, 'Retrofitting': 0, 'Pond': 0, 'Pokhari': 0, 'D/C': 0, 'Recharge shaft': 0, 'LFB': 0, 'RFB': 0}","{'Floodlight': 0, 'Flood Light': 0, 'GAS': 0, 'FIFA': 0, 'pipe': 0, 'pipes': 0, 'covid': 0, 'supply': 0, 'Beautification': 0, 'Installation': 0}",Pre-Monsoon,,False,True,Repair and Restoration,{'Drain': 2}
2025_ORULB_120762_21,PM_03/2025-26,Construction of R.C.C Drain and slab from Old court Chowk to Biren Parida House in ward no - 14.,Construction of R.C.C Drain and slab from Old court Chowk to Biren Parida House in ward no - 14.,Works,Open Tender,Percentage,Civil Works - Others,No,No,NA ,04-Nov-2025 06:00 PM,NA ,90.0,No ,No,Online,15-Nov-2025 11:00 AM,Municipal Bodies||Pattamundai Municipality,Executive Officer Pattamundai Municipality,754215.0,1.0,"16,93,219",BANISHREE SWAIN,,Rejected-AOC,,Municipal Bodies||Pattamundai Municipality,True,"{'Flood': 0, 'Embankment': 0, 'embkt': 0, 'Relief': 0, 'Erosion': 0, 'SDRF': 0, 'Inundation': 0, 'Hydrology': 0, 'Silt': 0, 'Siltation': 0, 'Bund': 0, 'Trench': 0, 'Breach': 0, 'Culvert': 0, 'Sluice': 0, 'Dyke': 0, 'Storm water drain': 0, 'Emergency': 0, 'Immediate': 0, 'IM': 0, 'AE': 0, 'A E': 0, 'AAPDA MITRA': 0, 'flood': 0, 'Bridge': 0, 'River': 0, 'Drain': 2, 'Restoration': 0, 'Protection': 0, 'irr': 0, 'irrigation': 0, 'dam': 0, 'Nallah': 0, 'Retrofitting': 0, 'Pond': 0, 'Pokhari': 0, 'D/C': 0, 'Recharge shaft': 0, 'LFB': 0, 'RFB': 0}","{'Floodlight': 0, 'Flood Light': 0, 'GAS': 0, 'FIFA': 0, 'pipe': 0, 'pipes': 0, 'covid': 0, 'supply': 0, 'Beautification': 0, 'Installation': 0}",Post-Monsoon,,False,True,Repair and Restoration,"{'Construction': 2, 'Drain': 2}"
2026_ORULB_126953_31,EOBRP/07/2025-26,Covering of drain from Anand house to susari master house in ward no 10,Covering of drain from Anand house to susari master house in ward no 10,Works,Open Tender,Percentage,Civil Works - Others,No,No,NA ,07-Mar-2026 11:00 AM,NA ,90.0,No ,No,Online,16-Mar-2026 03:00 PM,Municipal Bodies||Barpali NAC,Barpali,768029.0,1.0,"80,938",AJAYA KUMAR BARIHA,"64,340.46",Rejected-AOC,17-Jul-2026,Municipal Bodies||Barpali NAC,True,"{'Flood': 0, 'Embankment': 0, 'embkt': 0, 'Relief': 0, 'Erosion': 0, 'SDRF': 0, 'Inundation': 0, 'Hydrology': 0, 'Silt': 0, 'Siltation': 0, 'Bund': 0, 'Trench': 0, 'Breach': 0, 'Culvert': 0, 'Sluice': 0, 'Dyke': 0, 'Storm water drain': 0, 'Emergency': 0, 'Immediate': 0, 'IM': 0, 'AE': 0, 'A E': 0, 'AAPDA MITRA': 0, 'flood': 0, 'Bridge': 0, 'River': 0, 'Drain': 2, 'Restoration': 0, 'Protection': 0, 'irr': 0, 'irrigation': 0, 'dam': 0, 'Nallah': 0, 'Retrofitting': 0, 'Pond': 0, 'Pokhari': 0, 'D/C': 0, 'Recharge shaft': 0, 'LFB': 0, 'RFB': 0}","{'Floodlight': 0, 'Flood Light': 0, 'GAS': 0, 'FIFA': 0, 'pipe': 0, 'pipes': 0, 'covid': 0, 'supply': 0, 'Beautification': 0, 'Installation': 0}",Pre-Monsoon,,False,True,Repair and Restoration,{'Drain': 2}
2026_CERWI_127223_4,Tender Online 22 JJPT of 2025-26,Repair of Bridge Approach Road of Local Nallah on Bautara High School to Jadua via Nachhindrapur for the Year 2025-26 in the Dist. of Jajpur,Repair of Bridge Approach Road of Local Nallah on Bautara High School to Jadua via Nachhindrapur for the Year 2025-26 in the Dist. of Jajpur,Works,Open Tender,Percentage,Civil Works - Roads,No,No,NA ,12-Mar-2026 04:00 PM,NA ,30.0,No ,No,Online,19-Mar-2026 11:30 AM,CE RW I||RWCIRCLE-KENDRAPARA||RWDIVISION I JAJPUR,JAJPUR,755007.0,1.0,"8,51,962",ADHIR KUMAR JENA,"612,560.82",Rejected-AOC,17-Jul-2026,CE RW I||RWCIRCLE-KENDRAPARA||RWDIVISION I JAJPUR,True,"{'Flood': 0, 'Embankment': 0, 'embkt': 0, 'Relief': 0, 'Erosion': 0, 'SDRF': 0, 'Inundation': 0, 'Hydrology': 0, 'Silt': 0, 'Siltation': 0, 'Bund': 0, 'Trench': 0, 'Breach': 0, 'Culvert': 0, 'Sluice': 0, 'Dyke': 0, 'Storm water drain': 0, 'Emergency': 0, 'Immediate': 0, 'IM': 0, 'AE': 0, 'A E': 0, 'AAPDA MITRA': 0, 'flood': 0, 'Bridge': 2, 'River': 0, 'Drain': 0, 'Restoration': 0, 'Protection': 0, 'irr': 0, 'irrigation': 0, 'dam': 0, 'Nallah': 2, 'Retrofitting': 0, 'Pond': 0, 'Pokhari': 0, 'D/C': 0, 'Recharge shaft': 0, 'LFB': 0, 'RFB': 0}","{'Floodlight': 0, 'Flood Light': 0, 'GAS': 0, 'FIFA': 0, 'pipe': 0, 'pipes': 0, 'covid': 0, 'supply': 0, 'Beautification': 0, 'Installation': 0}",Pre-Monsoon,,False,True,Repair and Restoration,"{'repair': 2, 'Bridge': 2}"
2026_ORULB_126953_19,EOBRP/07/2025-26,Covering of drain from Miraj Khan house to Gullu bhoi house in ward no 5,Covering of drain from Miraj Khan house to Gullu bhoi house in ward no 5,Works,Open Tender,Percentage,Civil Works - Others,No,No,NA ,07-Mar-2026 11:00 AM,NA ,90.0,No ,No,Online,16-Mar-2026 03:00 PM,Municipal Bodies||Barpali NAC,Barpali,768029.0,1.0,"2,69,271",JITEN SUNA,"199,733.51",Rejected-AOC,17-Jul-2026,Municipal Bodies||Barpali NAC,True,"{'Flood': 0, 'Embankment': 0, 'embkt': 0, 'Relief': 0, 'Erosion': 0, 'SDRF': 0, 'Inundation': 0, 'Hydrology': 0, 'Silt': 0, 'Siltation': 0, 'Bund': 0, 'Trench': 0, 'Breach': 0, 'Culvert': 0, 'Sluice': 0, 'Dyke': 0, 'Storm water drain': 0, 'Emergency': 0, 'Immediate': 0, 'IM': 0, 'AE': 0, 'A E': 0, 'AAPDA MITRA': 0, 'flood': 0, 'Bridge': 0, 'River': 0, 'Drain': 2, 'Restoration': 0, 'Protection': 0, 'irr': 0, 'irrigation': 0, 'dam': 0, 'Nallah': 0, 'Retrofitting': 0, 'Pond': 0, 'Pokhari': 0, 'D/C': 0, 'Recharge shaft': 0, 'LFB': 0, 'RFB': 0}","{'Floodlight': 0, 'Flood Light': 0, 'GAS': 0, 'FIFA': 0, 'pipe': 0, 'pipes': 0, 'covid': 0, 'supply': 0, 'Beautification': 0, 'Installation': 0}",Pre-Monsoon,,False,True,Repair and Restoration,{'Drain': 2}
2026_CEBMT_128388_9,EEBOD-02/26-27,Flood Protection work to the right bank of River Tel inbetween RD 60.520KM TO RD 60.820KM near village Lokapada under Kantamal Block.,River Embankment,Works,Open Tender,Percentage,Civil Works - Others,No,No,NA ,27-Apr-2026 11:00 AM,NA ,90.0,No ,No,Online,14-May-2026 11:00 AM,"CE-BM, Tel Basin,Bhawanipatna||SE Balangir Irr Circle Balangir||EE Boudh Irr Divn Boudh",Boudh,762014.0,2.0,"79,83,000",ASHISH SINGH,"7,975,382.15",Rejected-Finance,10-Jul-2026,"CE-BM, Tel Basin,Bhawanipatna||SE Balangir Irr Circle Balangir||EE Boudh Irr Divn Boudh",True,"{'Flood': 1, 'Embankment': 1, 'embkt': 0, 'Relief': 0, 'Erosion': 0, 'SDRF': 0, 'Inundation': 0, 'Hydrology': 0, 'Silt': 0, 'Siltation': 0, 'Bund': 0, 'Trench': 0, 'Breach': 0, 'Culvert': 0, 'Sluice': 0, 'Dyke': 0, 'Storm water drain': 0, 'Emergency': 0, 'Immediate': 0, 'IM': 0, 'AE': 0, 'A E': 0, 'AAPDA MITRA': 0, 'flood': 1, 'Bridge': 0, 'River': 2, 'Drain': 0, 'Restoration': 0, 'Protection': 1, 'irr': 0, 'irrigation': 0, 'dam': 0, 'Nallah': 0, 'Retrofitting': 0, 'Pond': 0, 'Pokhari': 0, 'D/C': 0, 'Recharge shaft': 0, 'LFB': 0, 'RFB': 0}","{'Floodlight': 0, 'Flood Light': 0, 'GAS': 0, 'FIFA': 0, 'pipe': 0, 'pipes': 0, 'covid': 0, 'supply': 0, 'Beautification': 0, 'Installation': 0}",Pre-Monsoon,,False,True,Preparedness Measures,"{'Protection': 1, 'Flood Protection work': 1}"
2026_CERWI_127065_3,Online Tender- 24/EERWDBLG/2025-26,Repair to Approach road of H.L bridge over Local nallah at 1st km of PWD road to Judabali Road for the year 2025-26,Repair to Approach road of H.L bridge over Local nallah at 1st km of PWD road to Judabali Road for the year 2025-26,Works,National Competitive Bid,Percentage,Civil Works - Roads,No,No,NA ,09-Mar-2026 05:00 PM,NA ,90.0,No ,No,Online,18-Mar-2026 10:30 AM,CE RW I||RWCIRCLE-BERHAMPUR||EE RW Divn. Baliguda,Balliguda/Kandhamal/Odisha,762103.0,1.0,"24,50,660","ARATI CONSTRUCTION, Prop. ARATI SABAT","2,431,725",Rejected-Technical,10-Jul-2026,CE RW I||RWCIRCLE-BERHAMPUR||EE RW Divn. Baliguda,True,"{'Flood': 0, 'Embankment': 0, 'embkt': 0, 'Relief': 0, 'Erosion': 0, 'SDRF': 0, 'Inundation': 0, 'Hydrology': 0, 'Silt': 0, 'Siltation': 0, 'Bund': 0, 'Trench': 0, 'Breach': 0, 'Culvert': 0, 'Sluice': 0, 'Dyke': 0, 'Storm water drain': 0, 'Emergency': 0, 'Immediate': 0, 'IM': 0, 'AE': 0, 'A E': 0, 'AAPDA MITRA': 0, 'flood': 0, 'Bridge': 2, 'River': 0, 'Drain': 0, 'Restoration': 0, 'Protection': 0, 'irr': 0, 'irrigation': 0, 'dam': 0, 'Nallah': 2, 'Retrofitting': 0, 'Pond': 0, 'Pokhari': 0, 'D/C': 0, 'Recharge shaft': 0, 'LFB': 0, 'RFB': 0}","{'Floodlight': 0, 'Flood Light': 0, 'GAS': 0, 'FIFA': 0, 'pipe': 0, 'pipes': 0, 'covid': 0, 'supply': 0, 'Beautification': 0, 'Installation': 0}",Pre-Monsoon,,False,True,Repair and Restoration,"{'repair': 2, 'Bridge': 2}"
2026_CEBBS_129136_2,SE-AID-2/2026-27,Repair to Tainsar minor in between RD 00m to 3200m Madhapur Subminor and Manpur Subminor of Left Main Canal of Manjore Irrigation Project,Repair to Tainsar minor in between RD 00m to 3200m Madhapur Subminor and Manpur Subminor of Left Main Canal of Manjore Irrigation Project,Works,Open Tender,Percentage,Civil Works - Canal,No,No,NA ,13-May-2026 11:00 AM,NA ,90.0,No ,No,Online,25-May-2026 09:00 AM,CE and BM Brahmani Basin Samal||SE Angul Irrigation Circle Angul||EE Angul Irrigation Division Angul,Angul,759143.0,1.0,,Ajit Kumar Acharya,"672,151",Rejected-Finance,17-Jun-2026,CE and BM Brahmani Basin Samal||SE Angul Irrigation Circle Angul||EE Angul Irrigation Division Angul,True,"{'Flood': 0, 'Embankment': 0, 'embkt': 0, 'Relief': 0, 'Erosion': 0, 'SDRF': 0, 'Inundation': 0, 'Hydrology': 0, 'Silt': 0, 'Siltation': 0, 'Bund': 0, 'Trench': 0, 'Breach': 0, 'Culvert': 0, 'Sluice': 0, 'Dyke': 0, 'Storm water drain': 0, 'Emergency': 0, 'Immediate': 0, 'IM': 0, 'AE': 0, 'A E': 0, 'AAPDA MITRA': 0, 'flood': 0, 'Bridge': 0, 'River': 0, 'Drain': 0, 'Restoration': 0, 'Protection': 0, 'irr': 0, 'irrigation': 2, 'dam': 0, 'Nallah': 0, 'Retrofitting': 0, 'Pond': 0, 'Pokhari': 0, 'D/C': 0, 'Recharge shaft': 0, 'LFB': 0, 'RFB': 0}","{'Floodlight': 0, 'Flood Light': 0, 'GAS': 0, 'FIFA': 0, 'pipe': 0, 'pipes': 0, 'covid': 0, 'supply': 0, 'Beautification': 0, 'Installation': 0}",Pre-Monsoon,,False,False,Repair and Restoration,{'repair': 2}
2025_ORULB_121859_22,ODULB_KGM_19/2025-2026,Special Repair of Road and Drain from Gouranga house to Pintu Sethy house in Ward No-14.,Special Repair of Road and Drain from Gouranga house to Pintu Sethy house in Ward No-14.,Works,Open Tender,Percentage,Civil Works - Others,No,No,NA ,08-Dec-2025 11:00 AM,NA ,120.0,No ,No,Online,19-Dec-2025 11:00 AM,Municipal Bodies||Keonjhargarh Municipal Council,KEONJHARGARH MUNICIPALITY,758001.0,1.0,"11,89,500",biswajit behera,"856,960.88",Rejected-AOC,20-Jul-2026,Municipal Bodies||Keonjhargarh Municipal Council,True,"{'Flood': 0, 'Embankment': 0, 'embkt': 0, 'Relief': 0, 'Erosion': 0, 'SDRF': 0, 'Inundation': 0, 'Hydrology': 0, 'Silt': 0, 'Siltation': 0, 'Bund': 0, 'Trench': 0, 'Breach': 0, 'Culvert': 0, 'Sluice': 0, 'Dyke': 0, 'Storm water drain': 0, 'Emergency': 0, 'Immediate': 0, 'IM': 0, 'AE': 0, 'A E': 0, 'AAPDA MITRA': 0, 'flood': 0, 'Bridge': 0, 'River': 0, 'Drain': 2, 'Restoration': 0, 'Protection': 0, 'irr': 0, 'irrigation': 0, 'dam': 0, 'Nallah': 0, 'Retrofitting': 0, 'Pond': 0, 'Pokhari': 0, 'D/C': 0, 'Recharge shaft': 0, 'LFB': 0, 'RFB': 0}","{'Floodlight': 0, 'Flood Light': 0, 'GAS': 0, 'FIFA': 0, 'pipe': 0, 'pipes': 0, 'covid': 0, 'supply': 0, 'Beautification': 0, 'Installation': 0}",Post-Monsoon,,False,True,Repair and Restoration,"{'repair': 2, 'Drain': 2}"
2026_SCDBH_127609_8,e-Procurement Notice-SAL-BDK-4-P1 OF 2025-26,(8) Construction of C.C.Road on Salandi Right Embankment from RD.00m. to 300m. near Randia Park To Randia Jenasahi.,Construction of C.C.Road,Works,Open Tender,Percentage,Civil Works - Roads,No,No,NA ,26-Mar-2026 11:00 AM,NA ,90.0,No ,No,Online,10-Apr-2026 11:00 AM,CE BM Baitarani Basin Kenojhar||Addl CE Salapada Irrigation Circle Salapada||SE Salandi Canal Division Bhadrak,Bhadrak,756100.0,1.0,"23,32,721",Ankit Abhishek Nayak,"1,983,046",Rejected-Technical,20-Jul-2026,CE BM Baitarani Basin Kenojhar||Addl CE Salapada Irrigation Circle Salapada||SE Salandi Canal Division Bhadrak,True,"{'Flood': 0, 'Embankment': 1, 'embkt': 0, 'Relief': 0, 'Erosion': 0, 'SDRF': 0, 'Inundation': 0, 'Hydrology': 0, 'Silt': 0, 'Siltation': 0, 'Bund': 0, 'Trench': 0, 'Breach': 0, 'Culvert': 0, 'Sluice': 0, 'Dyke': 0, 'Storm water drain': 0, 'Emergency': 0, 'Immediate': 0, 'IM': 0, 'AE': 0, 'A E': 0, 'AAPDA MITRA': 0, 'flood': 0, 'Bridge': 0, 'River': 0, 'Drain': 0, 'Restoration': 0, 'Protection': 0, 'irr': 0, 'irrigation': 0, 'dam': 0, 'Nallah': 0, 'Retrofitting': 0, 'Pond': 0, 'Pokhari': 0, 'D/C': 0, 'Recharge shaft': 0, 'LFB': 0, 'RFB': 0}","{'Floodlight': 0, 'Flood Light': 0, 'GAS': 0, 'FIFA': 0, 'pipe': 0, 'pipes': 0, 'covid': 0, 'supply': 0, 'Beautification': 0, 'Installation': 0}",Pre-Monsoon,,False,True,Repair and Restoration,{'Construction': 2}
2026_CEBBS_129635_8,SE-AID-3/2026-27,Construction of CC Guard Wall to Khalary Distributary in between RD 00m to 250m of Derjang Irrigation Project,Construction of CC Guard Wall to Khalary Distributary in between RD 00m to 250m of Derjang Irrigation Project,Works,Open Tender,Percentage,Civil Works - Canal,No,No,NA ,25-May-2026 11:00 AM,NA ,90.0,No ,No,Online,04-Jun-2026 09:00 AM,CE and BM Brahmani Basin Samal||SE Angul Irrigation Circle Angul||EE Angul Irrigation Division Angul,Angul,759143.0,1.0,,BAPUJI KUMAR SAHOO,"1,270,414",Rejected-Finance,15-Nov-2026,CE and BM Brahmani Basin Samal||SE Angul Irrigation Circle Angul||EE Angul Irrigation Division Angul,True,"{'Flood': 0, 'Embankment': 0, 'embkt': 0, 'Relief': 0, 'Erosion': 0, 'SDRF': 0, 'Inundation': 0, 'Hydrology': 0, 'Silt': 0, 'Siltation': 0, 'Bund': 0, 'Trench': 0, 'Breach': 0, 'Culvert': 0, 'Sluice': 0, 'Dyke': 0, 'Storm water drain': 0, 'Emergency': 0, 'Immediate': 0, 'IM': 0, 'AE': 0, 'A E': 0, 'AAPDA MITRA': 0, 'flood': 0, 'Bridge': 0, 'River': 0, 'Drain': 0, 'Restoration': 0, 'Protection': 0, 'irr': 0, 'irrigation': 2, 'dam': 0, 'Nallah': 0, 'Retrofitting': 0, 'Pond': 0, 'Pokhari': 0, 'D/C': 0, 'Recharge shaft': 0, 'LFB': 0, 'RFB': 0}","{'Floodlight': 0, 'Flood Light': 0, 'GAS': 0, 'FIFA': 0, 'pipe': 0, 'pipes': 0, 'covid': 0, 'supply': 0, 'Beautification': 0, 'Installation': 0}",Pre-Monsoon,,False,False,Repair and Restoration,{'Construction': 2}
2026_ORULB_126616_14,MC(CMC)CTC_Div-IIiNo39/2025-26,"Construction of Road, Drain with Cover slab from Laxmanpur Gada to Laxmanpur School in Ward no-48","Construction of Road, Drain with Cover slab from Laxmanpur Gada to Laxmanpur School in Ward no-48",Works,Open Tender,Percentage,Civil Works - Others,No,No,NA ,30-Mar-2026 11:00 AM,NA ,105.0,No ,No,Online,17-Apr-2026 10:00 AM,Municipal Bodies||Cuttack Municipal Corporation,CMC,753012.0,1.0,"25,13,379",ABHISHEK KARTIK RAY,"2,513,373",Rejected-AOC,07-Jul-2026,Municipal Bodies||Cuttack Municipal Corporation,True,"{'Flood': 0, 'Embankment': 0, 'embkt': 0, 'Relief': 0, 'Erosion': 0, 'SDRF': 0, 'Inundation': 0, 'Hydrology': 0, 'Silt': 0, 'Siltation': 0, 'Bund': 0, 'Trench': 0, 'Breach': 0, 'Culvert': 0, 'Sluice': 0, 'Dyke': 0, 'Storm water drain': 0, 'Emergency': 0, 'Immediate': 0, 'IM': 0, 'AE': 0, 'A E': 0, 'AAPDA MITRA': 0, 'flood': 0, 'Bridge': 0, 'River': 0, 'Drain': 2, 'Restoration': 0, 'Protection': 0, 'irr': 0, 'irrigation': 0, 'dam': 0, 'Nallah': 0, 'Retrofitting': 0, 'Pond': 0, 'Pokhari': 0, 'D/C': 0, 'Recharge shaft': 0, 'LFB': 0, 'RFB': 0}","{'Floodlight': 0, 'Flood Light': 0, 'GAS': 0, 'FIFA': 0, 'pipe': 0, 'pipes': 0, 'covid': 0, 'supply': 0, 'Beautification': 0, 'Installation': 0}",Pre-Monsoon,,False,True,Repair and Restoration,"{'Construction': 2, 'Drain': 2}"
2026_BIDVD_128301_1,"EE-BID-01(01)/2025-26, Dt.18.04.2026","Engagement of unskilled and Skilled Labour on outsourcing basis for the Chief Construction Engineer, Brutang and Hadua Irrigation Project, Daspalla, Executive Engineer, Brutang Irrigation Division, Daspalla and Sub-Divisional Offices under EE, BID","Engagement of unskilled and Skilled Labour on outsourcing basis for the Chief Construction Engineer, Brutang and Hadua Irrigation Project, Daspalla, Executive Engineer, Brutang Irrigation Division, Daspalla and Sub-Divisional Offices under EE, BID.",Services,Open Tender,Percentage,Human Resources Supply,No,No,NA ,21-Apr-2026 11:00 AM,NA ,90.0,No ,No,Online,04-May-2026 11:00 AM,CCE Brutang and Hadua Irrigation Project Dasapalla||Executive Engineer Brutang Irrigation Division Dasapalla,Dasapalla,752084.0,1.0,"11,14,256",ACTIVE SECURITY AND INTELLIGENCE SEVICES,"1,157,155",Rejected-AOC,01-Jun-2026,CCE Brutang and Hadua Irrigation Project Dasapalla||Executive Engineer Brutang Irrigation Division Dasapalla,True,"{'Flood': 0, 'Embankment': 0, 'embkt': 0, 'Relief': 0, 'Erosion': 0, 'SDRF': 0, 'Inundation': 0, 'Hydrology': 0, 'Silt': 0, 'Siltation': 0, 'Bund': 0, 'Trench': 0, 'Breach': 0, 'Culvert': 0, 'Sluice': 0, 'Dyke': 0, 'Storm water drain': 0, 'Emergency': 0, 'Immediate': 0, 'IM': 0, 'AE': 0, 'A E': 0, 'AAPDA MITRA': 0, 'flood': 0, 'Bridge': 0, 'River': 0, 'Drain': 0, 'Restoration': 0, 'Protection': 0, 'irr': 0, 'irrigation': 4, 'dam': 0, 'Nallah': 0, 'Retrofitting': 0, 'Pond': 0, 'Pokhari': 0, 'D/C': 0, 'Recharge shaft': 0, 'LFB': 0, 'RFB': 0}","{'Floodlight': 0, 'Flood Light': 0, 'GAS': 0, 'FIFA': 0, 'pipe': 0, 'pipes': 0, 'covid': 0, 'supply': 0, 'Beautification': 0, 'Installation': 0}",Pre-Monsoon,,False,False,Repair and Restoration,{'Construction': 2}
2026_CEBMB_128724_1,HID-02 / 2026-27,Protection of Right bank of River Harabhangi near Mohana of HIP,FLOOD PROTECTION WORK,Works,National Competitive Bid,Percentage,Civil Works - Others,No,No,NA ,04-May-2026 11:00 AM,NA ,90.0,No ,No,Online,25-May-2026 11:00 AM,"CE-BM,RVN Basin,Berhampur||SE Southern Irr Circle II Paralakhemundi||EE Harabhangi Irr Divn Adava",ADAVA,761217.0,1.0,"46,14,888",JYOTI RANJAN PATRA,"3,276,570",Rejected-Finance,22-Jul-2026,"CE-BM,RVN Basin,Berhampur||SE Southern Irr Circle II Paralakhemundi||EE Harabhangi Irr Divn Adava",True,"{'Flood': 1, 'Embankment': 0, 'embkt': 0, 'Relief': 0, 'Erosion': 0, 'SDRF': 0, 'Inundation': 0, 'Hydrology': 0, 'Silt': 0, 'Siltation': 0, 'Bund': 0, 'Trench': 0, 'Breach': 0, 'Culvert': 0, 'Sluice': 0, 'Dyke': 0, 'Storm water drain': 0, 'Emergency': 0, 'Immediate': 0, 'IM': 0, 'AE': 0, 'A E': 0, 'AAPDA MITRA': 0, 'flood': 1, 'Bridge': 0, 'River': 1, 'Drain': 0, 'Restoration': 0, 'Protection': 2, 'irr': 0, 'irrigation': 0, 'dam': 0, 'Nallah': 0, 'Retrofitting': 0, 'Pond': 0, 'Pokhari': 0, 'D/C': 0, 'Recharge shaft': 0, 'LFB': 0, 'RFB': 0}","{'Floodlight': 0, 'Flood Light': 0, 'GAS': 0, 'FIFA': 0, 'pipe': 0, 'pipes': 0, 'covid': 0, 'supply': 0, 'Beautification': 0, 'Installation': 0}",Pre-Monsoon,,False,False,Preparedness Measures,"{'Protection': 2, 'Flood Protection work': 1}"
2026_ORULB_128169_1,SNP-MUN-36/2025-26,Repair and Restoration of Ganesh temple at ward no-02 at sonepur municipality,Repair and Restoration of Ganesh temple at ward no-02 at sonepur municipality,Works,Open Tender,Percentage,Civil Works - Others,No,No,NA ,17-Apr-2026 11:00 AM,NA ,60.0,No ,No,Online,28-Apr-2026 11:00 AM,Municipal Bodies||Sonepur Municipal Council,Sonepur Municipality,767017.0,1.0,"4,23,827",NARADA DANDASENA,"423,827",Rejected-Technical,29-Jul-2026,Municipal Bodies||Sonepur Municipal Council,True,"{'Flood': 0, 'Embankment': 0, 'embkt': 0, 'Relief': 0, 'Erosion': 0, 'SDRF': 0, 'Inundation': 0, 'Hydrology': 0, 'Silt': 0, 'Siltation': 0, 'Bund': 0, 'Trench': 0, 'Breach': 0, 'Culvert': 0, 'Sluice': 0, 'Dyke': 0, 'Storm water drain': 0, 'Emergency': 0, 'Immediate': 0, 'IM': 0, 'AE': 0, 'A E': 0, 'AAPDA MITRA': 0, 'flood': 0, 'Bridge': 0, 'River': 0, 'Drain': 0, 'Restoration': 2, 'Protection': 0, 'irr': 0, 'irrigation': 0, 'dam': 0, 'Nallah': 0, 'Retrofitting': 0, 'Pond': 0, 'Pokhari': 0, 'D/C': 0, 'Recharge shaft': 0, 'LFB': 0, 'RFB': 0}","{'Floodlight': 0, 'Flood Light': 0, 'GAS': 0, 'FIFA': 0, 'pipe': 0, 'pipes': 0, 'covid': 0, 'supply': 0, 'Beautification': 0, 'Installation': 0}",Pre-Monsoon,,False,False,Repair and Restoration,"{'repair': 2, 'restoration': 2}"
2026_ORULB_127700_12,MC(CMC)CTC_Div-I_No.27/2025-26,Desilting of MSWC-I from Sutahat culvert to Moipola in Ward No. 18.,Desilting of MSWC-I from Sutahat culvert to Moipola in Ward No. 18.,Works,Open Tender,Percentage,Civil Works - Others,No,No,NA ,31-Mar-2026 03:00 PM,NA ,90.0,No ,No,Online,10-Apr-2026 11:00 AM,Municipal Bodies||Cuttack Municipal Corporation,CMC,753012.0,1.0,"22,75,600",TUSAR KANTI HARICHANDAN,"2,275,597",Rejected-AOC,31-Jul-2026,Municipal Bodies||Cuttack Municipal Corporation,True,"{'Flood': 0, 'Embankment': 0, 'embkt': 0, 'Relief': 0, 'Erosion': 0, 'SDRF': 0, 'Inundation': 0, 'Hydrology': 0, 'Silt': 0, 'Siltation': 0, 'Bund': 0, 'Trench': 0, 'Breach': 0, 'Culvert': 2, 'Sluice': 0, 'Dyke': 0, 'Storm water drain': 0, 'Emergency': 0, 'Immediate': 0, 'IM': 0, 'AE': 0, 'A E': 0, 'AAPDA MITRA': 0, 'flood': 0, 'Bridge': 0, 'River': 0, 'Drain': 0, 'Restoration': 0, 'Protection': 0, 'irr': 0, 'irrigation': 0, 'dam': 0, 'Nallah': 0, 'Retrofitting': 0, 'Pond': 0, 'Pokhari': 0, 'D/C': 0, 'Recharge shaft': 0, 'LFB': 0, 'RFB': 0}","{'Floodlight': 0, 'Flood Light': 0, 'GAS': 0, 'FIFA': 0, 'pipe': 0, 'pipes': 0, 'covid': 0, 'supply': 0, 'Beautification': 0, 'Installation': 0}",Pre-Monsoon,,False,True,Others,
2026_SCDBH_127609_13,e-Procurement Notice-SAL-BDK-4-P1 OF 2025-26,"(13) Construction of R.C.C. Drain, bathing Ghat and Inlet Near Village Jagannathpur","Construction of R.C.C. Drain, bathing Ghat and Inlet",Works,Open Tender,Percentage,Civil Works - Others,No,No,NA ,26-Mar-2026 11:00 AM,NA ,90.0,No ,No,Online,10-Apr-2026 11:00 AM,CE BM Baitarani Basin Kenojhar||Addl CE Salapada Irrigation Circle Salapada||SE Salandi Canal Division Bhadrak,Bhadrak,756100.0,1.0,"9,64,130",ASHISH KUMAR MOHANTY,"819,607",Accepted-AOC,20-Jul-2026,CE BM Baitarani Basin Kenojhar||Addl CE Salapada Irrigation Circle Salapada||SE Salandi Canal Division Bhadrak,True,"{'Flood': 0, 'Embankment': 0, 'embkt': 0, 'Relief': 0, 'Erosion': 0, 'SDRF': 0, 'Inundation': 0, 'Hydrology': 0, 'Silt': 0, 'Siltation': 0, 'Bund': 0, 'Trench': 0, 'Breach': 0, 'Culvert': 0, 'Sluice': 0, 'Dyke': 0, 'Storm water drain': 0, 'Emergency': 0, 'Immediate': 0, 'IM': 0, 'AE': 0, 'A E': 0, 'AAPDA MITRA': 0, 'flood': 0, 'Bridge': 0, 'River': 0, 'Drain': 2, 'Restoration': 0, 'Protection': 0, 'irr': 0, 'irrigation': 0, 'dam': 0, 'Nallah': 0, 'Retrofitting': 0, 'Pond': 0, 'Pokhari': 0, 'D/C': 0, 'Recharge shaft': 0, 'LFB': 0, 'RFB': 0}","{'Floodlight': 0, 'Flood Light': 0, 'GAS': 0, 'FIFA': 0, 'pipe': 0, 'pipes': 0, 'covid': 0, 'supply': 0, 'Beautification': 0, 'Installation': 0}",Pre-Monsoon,,False,True,Repair and Restoration,"{'Construction': 2, 'Drain': 2}"
2026_ORULB_127692_14,MC(CMC)CTC_Div-IIINo39/2025-26,Desilting of MSWC-I from Baleswar New Colony to Matgajpur culvert in Ward No.51.,Desilting of MSWC-I from Baleswar New Colony to Matgajpur culvert in Ward No.51.,Works,Open Tender,Percentage,Civil Works - Others,No,No,NA ,31-Mar-2026 11:00 AM,NA ,60.0,No ,No,Online,10-Apr-2026 10:00 AM,Municipal Bodies||Cuttack Municipal Corporation,CMC,753012.0,1.0,"41,95,664",RASHMI RANJAN ROUT,"4,179,121",Rejected-AOC,07-Jul-2026,Municipal Bodies||Cuttack Municipal Corporation,True,"{'Flood': 0, 'Embankment': 0, 'embkt': 0, 'Relief': 0, 'Erosion': 0, 'SDRF': 0, 'Inundation': 0, 'Hydrology': 0, 'Silt': 0, 'Siltation': 0, 'Bund': 0, 'Trench': 0, 'Breach': 0, 'Culvert': 2, 'Sluice': 0, 'Dyke': 0, 'Storm water drain': 0, 'Emergency': 0, 'Immediate': 0, 'IM': 0, 'AE': 0, 'A E': 0, 'AAPDA MITRA': 0, 'flood': 0, 'Bridge': 0, 'River': 0, 'Drain': 0, 'Restoration': 0, 'Protection': 0, 'irr': 0, 'irrigation': 0, 'dam': 0, 'Nallah': 0, 'Retrofitting': 0, 'Pond': 0, 'Pokhari': 0, 'D/C': 0, 'Recharge shaft': 0, 'LFB': 0, 'RFB': 0}","{'Floodlight': 0, 'Flood Light': 0, 'GAS': 0, 'FIFA': 0, 'pipe': 0, 'pipes': 0, 'covid': 0, 'supply': 0, 'Beautification': 0, 'Installation': 0}",Pre-Monsoon,,False,True,Others,
2026_CEBBS_129635_9,SE-AID-3/2026-27,Construction of CC Guard Wall to Paniola Minor in between RD 950m to 1200m of Derjang Irrigation Project,Construction of CC Guard Wall to Paniola Minor in between RD 950m to 1200m of Derjang Irrigation Project,Works,Open Tender,Percentage,Civil Works - Canal,No,No,NA ,25-May-2026 11:00 AM,NA ,90.0,No ,No,Online,04-Jun-2026 09:00 AM,CE and BM Brahmani Basin Samal||SE Angul Irrigation Circle Angul||EE Angul Irrigation Division Angul,Angul,759143.0,1.0,,BAPUJI KUMAR SAHOO,"845,491",Rejected-Finance,15-Nov-2026,CE and BM Brahmani Basin Samal||SE Angul Irrigation Circle Angul||EE Angul Irrigation Division Angul,True,"{'Flood': 0, 'Embankment': 0, 'embkt': 0, 'Relief': 0, 'Erosion': 0, 'SDRF': 0, 'Inundation': 0, 'Hydrology': 0, 'Silt': 0, 'Siltation': 0, 'Bund': 0, 'Trench': 0, 'Breach': 0, 'Culvert': 0, 'Sluice': 0, 'Dyke': 0, 'Storm water drain': 0, 'Emergency': 0, 'Immediate': 0, 'IM': 0, 'AE': 0, 'A E': 0, 'AAPDA MITRA': 0, 'flood': 0, 'Bridge': 0, 'River': 0, 'Drain': 0, 'Restoration': 0, 'Protection': 0, 'irr': 0, 'irrigation': 2, 'dam': 0, 'Nallah': 0, 'Retrofitting': 0, 'Pond': 0, 'Pokhari': 0, 'D/C': 0, 'Recharge shaft': 0, 'LFB': 0, 'RFB': 0}","{'Floodlight': 0, 'Flood Light': 0, 'GAS': 0, 'FIFA': 0, 'pipe': 0, 'pipes': 0, 'covid': 0, 'supply': 0, 'Beautification': 0, 'Installation': 0}",Pre-Monsoon,,False,False,Repair and Restoration,{'Construction': 2}
2026_CEBBS_129136_3,SE-AID-2/2026-27,Repair to Kundanali minor in between RD 1840m to 4300m and Tentheipali Subminor of Left Main Canal of Manjore Irrigation Project,Repair to Kundanali minor in between RD 1840m to 4300m and Tentheipali Subminor of Left Main Canal of Manjore Irrigation Project,Works,Open Tender,Percentage,Civil Works - Canal,No,No,NA ,13-May-2026 11:00 AM,NA ,90.0,No ,No,Online,25-May-2026 09:00 AM,CE and BM Brahmani Basin Samal||SE Angul Irrigation Circle Angul||EE Angul Irrigation Division Angul,Angul,759143.0,1.0,,Ajit Kumar Acharya,"508,357",Rejected-Finance,18-Jun-2026,CE and BM Brahmani Basin Samal||SE Angul Irrigation Circle Angul||EE Angul Irrigation Division Angul,True,"{'Flood': 0, 'Embankment': 0, 'embkt': 0, 'Relief': 0, 'Erosion': 0, 'SDRF': 0, 'Inundation': 0, 'Hydrology': 0, 'Silt': 0, 'Siltation': 0, 'Bund': 0, 'Trench': 0, 'Breach': 0, 'Culvert': 0, 'Sluice': 0, 'Dyke': 0, 'Storm water drain': 0, 'Emergency': 0, 'Immediate': 0, 'IM': 0, 'AE': 0, 'A E': 0, 'AAPDA MITRA': 0, 'flood': 0, 'Bridge': 0, 'River': 0, 'Drain': 0, 'Restoration': 0, 'Protection': 0, 'irr': 0, 'irrigation': 2, 'dam': 0, 'Nallah': 0, 'Retrofitting': 0, 'Pond': 0, 'Pokhari': 0, 'D/C': 0, 'Recharge shaft': 0, 'LFB': 0, 'RFB': 0}","{'Floodlight': 0, 'Flood Light': 0, 'GAS': 0, 'FIFA': 0, 'pipe': 0, 'pipes': 0, 'covid': 0, 'supply': 0, 'Beautification': 0, 'Installation': 0}",Pre-Monsoon,,False,False,Repair and Restoration,{'repair': 2}
2026_ORULB_127307_2,BMC-EE-Tender Cell-79/2025-26 dt. 13.03.2026,Construction of Road and Drain at Ghagudi Bridge to Ananda Vihar in Ward No. 23,Construction of Road and Drain at Ghagudi Bridge to Ananda Vihar in Ward No. 23,Works,Open Tender,Percentage,Civil Works - Others,No,No,NA ,17-Mar-2026 11:00 AM,24-Mar-2026 04:00 PM ,120.0,No ,No,Online,06-Apr-2026 03:30 PM,Municipal Bodies||Bhubaneswar Municipal Corporation,BMC AREA,751022.0,2.0,"93,21,567",AJAYA KUMAR BISWAL,"7,920,704",Rejected-Finance,28-Jul-2026,Municipal Bodies||Bhubaneswar Municipal Corporation,True,"{'Flood': 0, 'Embankment': 0, 'embkt': 0, 'Relief': 0, 'Erosion': 0, 'SDRF': 0, 'Inundation': 0, 'Hydrology': 0, 'Silt': 0, 'Siltation': 0, 'Bund': 0, 'Trench': 0, 'Breach': 0, 'Culvert': 0, 'Sluice': 0, 'Dyke': 0, 'Storm water drain': 0, 'Emergency': 0, 'Immediate': 0, 'IM': 0, 'AE': 0, 'A E': 0, 'AAPDA MITRA': 0, 'flood': 0, 'Bridge': 2, 'River': 0, 'Drain': 2, 'Restoration': 0, 'Protection': 0, 'irr': 0, 'irrigation': 0, 'dam': 0, 'Nallah': 0, 'Retrofitting': 0, 'Pond': 0, 'Pokhari': 0, 'D/C': 0, 'Recharge shaft': 0, 'LFB': 0, 'RFB': 0}","{'Floodlight': 0, 'Flood Light': 0, 'GAS': 0, 'FIFA': 0, 'pipe': 0, 'pipes': 0, 'covid': 0, 'supply': 0, 'Beautification': 0, 'Installation': 0}",Pre-Monsoon,,False,True,Repair and Restoration,"{'Construction': 2, 'Bridge': 2, 'Drain': 2}"
2026_ORULB_126953_18,EOBRP/07/2025-26,Covering of drain from Bhagbat mandir to chamar pada in ward no 4,Covering of drain from Bhagbat mandir to chamar pada in ward no 4,Works,Open Tender,Percentage,Civil Works - Others,No,No,NA ,07-Mar-2026 11:00 AM,NA ,90.0,No ,No,Online,16-Mar-2026 03:00 PM,Municipal Bodies||Barpali NAC,Barpali,768029.0,1.0,"6,72,438",JITEN SUNA,"534,584.45",Accepted-AOC,17-Jul-2026,Municipal Bodies||Barpali NAC,True,"{'Flood': 0, 'Embankment': 0, 'embkt': 0, 'Relief': 0, 'Erosion': 0, 'SDRF': 0, 'Inundation': 0, 'Hydrology': 0, 'Silt': 0, 'Siltation': 0, 'Bund': 0, 'Trench': 0, 'Breach': 0, 'Culvert': 0, 'Sluice': 0, 'Dyke': 0, 'Storm water drain': 0, 'Emergency': 0, 'Immediate': 0, 'IM': 0, 'AE': 0, 'A E': 0, 'AAPDA MITRA': 0, 'flood': 0, 'Bridge': 0, 'River': 0, 'Drain': 2, 'Restoration': 0, 'Protection': 0, 'irr': 0, 'irrigation': 0, 'dam': 0, 'Nallah': 0, 'Retrofitting': 0, 'Pond': 0, 'Pokhari': 0, 'D/C': 0, 'Recharge shaft': 0, 'LFB': 0, 'RFB': 0}","{'Floodlight': 0, 'Flood Light': 0, 'GAS': 0, 'FIFA': 0, 'pipe': 0, 'pipes': 0, 'covid': 0, 'supply': 0, 'Beautification': 0, 'Installation': 0}",Pre-Monsoon,,False,True,Repair and Restoration,{'Drain': 2}
2026_PRTRB_127051_4,PS-THRMPR-T-3/2025-26,"Construction of Boxcell bridge on road from Chirka to Kendumundi, GP- Adri under Th.Rampur Block",Road work,Works,Open Tender,Percentage,Civil Works - Roads,No,No,NA ,10-Mar-2026 11:00 AM,NA ,90.0,No ,No,Online,31-Mar-2026 11:00 AM,Panchayati Raj and Drinking Water Department Odisha||Zilla Parisad Kalahandi||THUAMUL RAMPUR Block,Th.Rampur,766037.0,2.0,"82,89,722",Aakriti Goel,"7,459,092",Rejected-Finance,17-Jul-2026,Panchayati Raj and Drinking Water Department Odisha||Zilla Parisad Kalahandi||THUAMUL RAMPUR Block,True,"{'Flood': 0, 'Embankment': 0, 'embkt': 0, 'Relief': 0, 'Erosion': 0, 'SDRF': 0, 'Inundation': 0, 'Hydrology': 0, 'Silt': 0, 'Siltation': 0, 'Bund': 0, 'Trench': 0, 'Breach': 0, 'Culvert': 0, 'Sluice': 0, 'Dyke': 0, 'Storm water drain': 0, 'Emergency': 0, 'Immediate': 0, 'IM': 0, 'AE': 0, 'A E': 0, 'AAPDA MITRA': 0, 'flood': 0, 'Bridge': 1, 'River': 0, 'Drain': 0, 'Restoration': 0, 'Protection': 0, 'irr': 0, 'irrigation': 0, 'dam': 0, 'Nallah': 0, 'Retrofitting': 0, 'Pond': 0, 'Pokhari': 0, 'D/C': 0, 'Recharge shaft': 0, 'LFB': 0, 'RFB': 0}","{'Floodlight': 0, 'Flood Light': 0, 'GAS': 0, 'FIFA': 0, 'pipe': 0, 'pipes': 0, 'covid': 0, 'supply': 0, 'Beautification': 0, 'Installation': 0}",Pre-Monsoon,,False,True,Repair and Restoration,"{'Construction': 1, 'Bridge': 1}"
2026_ORULB_126953_24,EOBRP/07/2025-26,Covering of drain from Ananta club to NH in ward no 8,Covering of drain from Ananta club to NH in ward no 8,Works,Open Tender,Percentage,Civil Works - Others,No,No,NA ,07-Mar-2026 11:00 AM,NA ,90.0,No ,No,Online,16-Mar-2026 03:00 PM,Municipal Bodies||Barpali NAC,Barpali,768029.0,1.0,"2,69,271",SHIBARATRI SETH (SC),"199,733.51",Rejected-AOC,17-Jul-2026,Municipal Bodies||Barpali NAC,True,"{'Flood': 0, 'Embankment': 0, 'embkt': 0, 'Relief': 0, 'Erosion': 0, 'SDRF': 0, 'Inundation': 0, 'Hydrology': 0, 'Silt': 0, 'Siltation': 0, 'Bund': 0, 'Trench': 0, 'Breach': 0, 'Culvert': 0, 'Sluice': 0, 'Dyke': 0, 'Storm water drain': 0, 'Emergency': 0, 'Immediate': 0, 'IM': 0, 'AE': 0, 'A E': 0, 'AAPDA MITRA': 0, 'flood': 0, 'Bridge': 0, 'River': 0, 'Drain': 2, 'Restoration': 0, 'Protection': 0, 'irr': 0, 'irrigation': 0, 'dam': 0, 'Nallah': 0, 'Retrofitting': 0, 'Pond': 0, 'Pokhari': 0, 'D/C': 0, 'Recharge shaft': 0, 'LFB': 0, 'RFB': 0}","{'Floodlight': 0, 'Flood Light': 0, 'GAS': 0, 'FIFA': 0, 'pipe': 0, 'pipes': 0, 'covid': 0, 'supply': 0, 'Beautification': 0, 'Installation': 0}",Pre-Monsoon,,False,True,Repair and Restoration,{'Drain': 2}
2026_OCCL_124922_1,E-procurement Notice No.57/OCCL/2025-26(on-line),Request for Proposal (RFP) for engagement of Consultant for Documentation and processing of Forest Diversion Proposal (Both Stage-IandStage-II) for Mankada Irrigation Project under Angul District of Odisha.(BID Identification No OCCL-CDC/03/2025-26),Request for Proposal (RFP) for engagement of Consultant for Documentation and processing of Forest Diversion Proposal (Both Stage-I an Stage-II) for Mankada Irrigation Project under Angul District of Odisha.(BID Identification No OCCL-CDC/03/2025-26,Services,Open Tender,Item Rate,Consultancy Services,No,No,NA ,21-Jan-2026 03:30 PM,NA ,90.0,No ,No,Online,05-Feb-2026 12:00 PM,ODISHA CONSTRUCTION CORPORATION LTD,Angul District of Odisha.,759122.0,2.0,0.0,ARKITECHNO Consultants (India) Pvt. Ltd.,"9,588,696",Rejected-Finance,02-Jul-2026,ODISHA CONSTRUCTION CORPORATION LTD,True,"{'Flood': 0, 'Embankment': 0, 'embkt': 0, 'Relief': 0, 'Erosion': 0, 'SDRF': 0, 'Inundation': 0, 'Hydrology': 0, 'Silt': 0, 'Siltation': 0, 'Bund': 0, 'Trench': 0, 'Breach': 0, 'Culvert': 0, 'Sluice': 0, 'Dyke': 0, 'Storm water drain': 0, 'Emergency': 0, 'Immediate': 0, 'IM': 0, 'AE': 0, 'A E': 0, 'AAPDA MITRA': 0, 'flood': 0, 'Bridge': 0, 'River': 0, 'Drain': 0, 'Restoration': 0, 'Protection': 0, 'irr': 0, 'irrigation': 2, 'dam': 0, 'Nallah': 0, 'Retrofitting': 0, 'Pond': 0, 'Pokhari': 0, 'D/C': 0, 'Recharge shaft': 0, 'LFB': 0, 'RFB': 0}","{'Floodlight': 0, 'Flood Light': 0, 'GAS': 0, 'FIFA': 0, 'pipe': 0, 'pipes': 0, 'covid': 0, 'supply': 0, 'Beautification': 0, 'Installation': 0}",Post-Monsoon,,False,False,Others,
2025_EICCL_122568_5,S.E(R and B)-MLK-17/2025-26,Shifting of Electrical Network for Construction of H.L.Bridge over Downstream Spillway Nallah near Chitrakonda at 71st Km on GBCS Road in the District of Malkangiri during 2025-26.,ELECTRICAL WORK,Works,Open Tender,Percentage,Electrical Works,No,No,NA ,04-Dec-2025 05:30 PM,NA ,90.0,No ,No,Online,17-Dec-2025 11:00 AM,EIC-CIVIL||SERNB-CIRCLE-JEYPORE||EERNB-DIVN-MALKANGIRI,MALKANGIRI,764045.0,1.0,,CHANDAN NAYAK,"946,046",Accepted-AOC,31-Jul-2026,EIC-CIVIL||SERNB-CIRCLE-JEYPORE||EERNB-DIVN-MALKANGIRI,True,"{'Flood': 0, 'Embankment': 0, 'embkt': 0, 'Relief': 0, 'Erosion': 0, 'SDRF': 0, 'Inundation': 0, 'Hydrology': 0, 'Silt': 0, 'Siltation': 0, 'Bund': 0, 'Trench': 0, 'Breach': 0, 'Culvert': 0, 'Sluice': 0, 'Dyke': 0, 'Storm water drain': 0, 'Emergency': 0, 'Immediate': 0, 'IM': 0, 'AE': 0, 'A E': 0, 'AAPDA MITRA': 0, 'flood': 0, 'Bridge': 1, 'River': 0, 'Drain': 0, 'Restoration': 0, 'Protection': 0, 'irr': 0, 'irrigation': 0, 'dam': 0, 'Nallah': 1, 'Retrofitting': 0, 'Pond': 0, 'Pokhari': 0, 'D/C': 0, 'Recharge shaft': 0, 'LFB': 0, 'RFB': 0}","{'Floodlight': 0, 'Flood Light': 0, 'GAS': 0, 'FIFA': 0, 'pipe': 0, 'pipes': 0, 'covid': 0, 'supply': 0, 'Beautification': 0, 'Installation': 0}",Post-Monsoon,,False,True,Repair and Restoration,"{'Construction': 1, 'Bridge': 1}"
2026_CEMIB_124854_2,Bid ID No. 09 SEMID (KJR/ 2025-2026) Dt. 08.01.2026,Construction of Katrinali Check Dam over Bamini Nallah near village Urumunda in Banspal Block of Keonjhar District under MATY for the year 2025-2026,Construction of Katrinali Check Dam over Bamini Nallah near village Urumunda in Banspal Block of Keonjhar District under MATY for the year 2025-2026,Works,National Competitive Bid,Percentage,Civil Works - Others,No,No,NA ,20-Jan-2026 12:00 PM,NA ,90.0,No ,No,Online,30-Jan-2026 11:00 AM,"CE,Minor Irrigation,BBSR||SE,Eastern Minor Irr.Circle,Keonjhar||EE M.I. Division Keonjhar",Banspal Block of Keonjhar District,758001.0,2.0,"70,10,000",BISHNU CHARAN MALIK,"4,689,297.18",Rejected-AOC,28-Jul-2026,"CE,Minor Irrigation,BBSR||SE,Eastern Minor Irr.Circle,Keonjhar||EE M.I. Division Keonjhar",True,"{'Flood': 0, 'Embankment': 0, 'embkt': 0, 'Relief': 0, 'Erosion': 0, 'SDRF': 0, 'Inundation': 0, 'Hydrology': 0, 'Silt': 0, 'Siltation': 0, 'Bund': 0, 'Trench': 0, 'Breach': 0, 'Culvert': 0, 'Sluice': 0, 'Dyke': 0, 'Storm water drain': 0, 'Emergency': 0, 'Immediate': 0, 'IM': 0, 'AE': 0, 'A E': 0, 'AAPDA MITRA': 0, 'flood': 0, 'Bridge': 0, 'River': 0, 'Drain': 0, 'Restoration': 0, 'Protection': 0, 'irr': 0, 'irrigation': 0, 'dam': 2, 'Nallah': 2, 'Retrofitting': 0, 'Pond': 0, 'Pokhari': 0, 'D/C': 0, 'Recharge shaft': 0, 'LFB': 0, 'RFB': 0}","{'Floodlight': 0, 'Flood Light': 0, 'GAS': 0, 'FIFA': 0, 'pipe': 0, 'pipes': 0, 'covid': 0, 'supply': 0, 'Beautification': 0, 'Installation': 0}",Post-Monsoon,,False,False,Repair and Restoration,"{'Check Dam': 2, 'Construction': 2}"
2025_ORULB_111099_8,MCCMCCTC_Div-IIINo39/2024-25,"Construction of RCC drain with cover slab from Pravas Sahoo res to Deba Sandha res at Prusty Bagicha, Darkhapatna in Ward No.53.","Construction of RCC drain with cover slab from Pravas Sahoo res to Deba Sandha res at Prusty Bagicha, Darkhapatna in Ward No.53.",Works,Open Tender,Percentage,Civil Works - Others,No,No,NA ,01-Mar-2025 11:00 AM,NA ,45.0,No ,No,Online,17-Mar-2025 10:00 AM,Municipal Bodies||Cuttack Municipal Corporation,CMC,753012.0,1.0,"4,52,136",BICHITRA NANDA BEHERA,"470,221",Accepted-AOC,08-Jul-2026,Municipal Bodies||Cuttack Municipal Corporation,True,"{'Flood': 0, 'Embankment': 0, 'embkt': 0, 'Relief': 0, 'Erosion': 0, 'SDRF': 0, 'Inundation': 0, 'Hydrology': 0, 'Silt': 0, 'Siltation': 0, 'Bund': 0, 'Trench': 0, 'Breach': 0, 'Culvert': 0, 'Sluice': 0, 'Dyke': 0, 'Storm water drain': 0, 'Emergency': 0, 'Immediate': 0, 'IM': 0, 'AE': 0, 'A E': 0, 'AAPDA MITRA': 0, 'flood': 0, 'Bridge': 0, 'River': 0, 'Drain': 2, 'Restoration': 0, 'Protection': 0, 'irr': 0, 'irrigation': 0, 'dam': 0, 'Nallah': 0, 'Retrofitting': 0, 'Pond': 0, 'Pokhari': 0, 'D/C': 0, 'Recharge shaft': 0, 'LFB': 0, 'RFB': 0}","{'Floodlight': 0, 'Flood Light': 0, 'GAS': 0, 'FIFA': 0, 'pipe': 0, 'pipes': 0, 'covid': 0, 'supply': 0, 'Beautification': 0, 'Installation': 0}",Pre-Monsoon,,False,True,Repair and Restoration,"{'Construction': 2, 'Drain': 2}"
2026_ORULB_130054_8,RDL NAC- 5/2026-27,Construction of Paver Block road from Block Pond towards Babuli Banchhor House at Block colony side in w No 08,Construction of Paver Block road from Block Pond towards Babuli Banchhor House at Block colony side in w No 08,Works,Open Tender,Percentage,Civil Works - Roads,No,No,NA ,30-May-2026 10:00 AM,NA ,90.0,No ,No,Online,16-Jun-2026 11:00 AM,Municipal Bodies||Redhakhol NAC,"NAC, Redhakhol",768106.0,1.0,"6,76,200",AKHUJA NAIK,"800,000",Rejected-Finance,20-Jul-2026,Municipal Bodies||Redhakhol NAC,True,"{'Flood': 0, 'Embankment': 0, 'embkt': 0, 'Relief': 0, 'Erosion': 0, 'SDRF': 0, 'Inundation': 0, 'Hydrology': 0, 'Silt': 0, 'Siltation': 0, 'Bund': 0, 'Trench': 0, 'Breach': 0, 'Culvert': 0, 'Sluice': 0, 'Dyke': 0, 'Storm water drain': 0, 'Emergency': 0, 'Immediate': 0, 'IM': 0, 'AE': 0, 'A E': 0, 'AAPDA MITRA': 0, 'flood': 0, 'Bridge': 0, 'River': 0, 'Drain': 0, 'Restoration': 0, 'Protection': 0, 'irr': 0, 'irrigation': 0, 'dam': 0, 'Nallah': 0, 'Retrofitting': 0, 'Pond': 2, 'Pokhari': 0, 'D/C': 0, 'Recharge shaft': 0, 'LFB': 0, 'RFB': 0}","{'Floodlight': 0, 'Flood Light': 0, 'GAS': 0, 'FIFA': 0, 'pipe': 0, 'pipes': 0, 'covid': 0, 'supply': 0, 'Beautification': 0, 'Installation': 0}",Pre-Monsoon,,False,True,Repair and Restoration,{'Construction': 2}
2025_EICCL_119544_4,CE-BRIDGES-06/2025-26,Construction of H.L. Bridge over Telen River at 3.300km of Parmanpur Salepali road (ODR) in the District of Jharsuguda under State Plan for the year 2023-24,Construction of H.L. Bridge over Telen River at 3.300km of Parmanpur Salepali road (ODR) in the District of Jharsuguda under State Plan for the year 2023-24,Works,Open Tender,Percentage,Civil Works - Bridges,No,No,NA ,16-Oct-2025 11:30 AM,NA ,90.0,No ,No,Online,07-Nov-2025 11:30 AM,EIC-CIVIL||EIC-CIVIL,in the District of Jharsuguda,751001.0,2.0,"11,47,28,358",L.N. Infrastructure and Constructions Pvt. Ltd.,"97,530,577",Accepted-AOC,20-Jul-2026,EIC-CIVIL||EIC-CIVIL,True,"{'Flood': 0, 'Embankment': 0, 'embkt': 0, 'Relief': 0, 'Erosion': 0, 'SDRF': 0, 'Inundation': 0, 'Hydrology': 0, 'Silt': 0, 'Siltation': 0, 'Bund': 0, 'Trench': 0, 'Breach': 0, 'Culvert': 0, 'Sluice': 0, 'Dyke': 0, 'Storm water drain': 0, 'Emergency': 0, 'Immediate': 0, 'IM': 0, 'AE': 0, 'A E': 0, 'AAPDA MITRA': 0, 'flood': 0, 'Bridge': 2, 'River': 2, 'Drain': 0, 'Restoration': 0, 'Protection': 0, 'irr': 0, 'irrigation': 0, 'dam': 0, 'Nallah': 0, 'Retrofitting': 0, 'Pond': 0, 'Pokhari': 0, 'D/C': 0, 'Recharge shaft': 0, 'LFB': 0, 'RFB': 0}","{'Floodlight': 0, 'Flood Light': 0, 'GAS': 0, 'FIFA': 0, 'pipe': 0, 'pipes': 0, 'covid': 0, 'supply': 0, 'Beautification': 0, 'Installation': 0}",Post-Monsoon,,False,True,Repair and Restoration,"{'Construction': 2, 'Bridge': 2}"
2026_ORULB_127198_6,EO_BLG.N_07_2025-26,Construction of Paver Road and RCC Culvert to Multipurpose Hall at Smart Park Ward No.4 of NAC Balliguda,Construction of Paver Road and RCC Culvert to Multipurpose Hall at Smart Park Ward No.4 of NAC Balliguda,Works,Open Tender,Percentage,Civil Works - Roads,No,No,NA ,13-Mar-2026 01:00 PM,NA ,90.0,No ,No,Online,24-Mar-2026 11:30 AM,Municipal Bodies||Balliguda N.A.C,NAC BALLIGUDA,762103.0,1.0,"17,01,607",DANDAPANI BEHERA,"1,684,594",Rejected-AOC,03-Jul-2026,Municipal Bodies||Balliguda N.A.C,True,"{'Flood': 0, 'Embankment': 0, 'embkt': 0, 'Relief': 0, 'Erosion': 0, 'SDRF': 0, 'Inundation': 0, 'Hydrology': 0, 'Silt': 0, 'Siltation': 0, 'Bund': 0, 'Trench': 0, 'Breach': 0, 'Culvert': 2, 'Sluice': 0, 'Dyke': 0, 'Storm water drain': 0, 'Emergency': 0, 'Immediate': 0, 'IM': 0, 'AE': 0, 'A E': 0, 'AAPDA MITRA': 0, 'flood': 0, 'Bridge': 0, 'River': 0, 'Drain': 0, 'Restoration': 0, 'Protection': 0, 'irr': 0, 'irrigation': 0, 'dam': 0, 'Nallah': 0, 'Retrofitting': 0, 'Pond': 0, 'Pokhari': 0, 'D/C': 0, 'Recharge shaft': 0, 'LFB': 0, 'RFB': 0}","{'Floodlight': 0, 'Flood Light': 0, 'GAS': 0, 'FIFA': 0, 'pipe': 0, 'pipes': 0, 'covid': 0, 'supply': 0, 'Beautification': 0, 'Installation': 0}",Pre-Monsoon,,False,True,Repair and Restoration,{'Construction': 2}
2025_ORULB_121901_4,EO/AGLM-09/2025-26,Construction of drain from Purna Sahu godown to Saroj Kumar Nanda house ward No.5,Construction of drain from Purna Sahu godown to Saroj Kumar Nanda house ward No.5,Works,Open Tender,Percentage,Civil Works - Others,No,No,NA ,26-Nov-2025 12:30 PM,NA ,90.0,No ,No,Online,08-Dec-2025 11:00 AM,Municipal Bodies||Angul Municipality,Angul,759122.0,1.0,"16,94,399",AJIT PRASAD DWIVEDY,"1,440,408",Rejected-AOC,22-Jul-2026,Municipal Bodies||Angul Municipality,True,"{'Flood': 0, 'Embankment': 0, 'embkt': 0, 'Relief': 0, 'Erosion': 0, 'SDRF': 0, 'Inundation': 0, 'Hydrology': 0, 'Silt': 0, 'Siltation': 0, 'Bund': 0, 'Trench': 0, 'Breach': 0, 'Culvert': 0, 'Sluice': 0, 'Dyke': 0, 'Storm water drain': 0, 'Emergency': 0, 'Immediate': 0, 'IM': 0, 'AE': 0, 'A E': 0, 'AAPDA MITRA': 0, 'flood': 0, 'Bridge': 0, 'River': 0, 'Drain': 2, 'Restoration': 0, 'Protection': 0, 'irr': 0, 'irrigation': 0, 'dam': 0, 'Nallah': 0, 'Retrofitting': 0, 'Pond': 0, 'Pokhari': 0, 'D/C': 0, 'Recharge shaft': 0, 'LFB': 0, 'RFB': 0}","{'Floodlight': 0, 'Flood Light': 0, 'GAS': 0, 'FIFA': 0, 'pipe': 0, 'pipes': 0, 'covid': 0, 'supply': 0, 'Beautification': 0, 'Installation': 0}",Post-Monsoon,,False,True,Repair and Restoration,"{'Construction': 2, 'Drain': 2}"
2026_CEBBS_128670_19,SE-AID-1/2026-27,Improvement to Tail Distributary from RD 2275m to RD 2375m of Aunli Irrigation Project.,Improvement to Tail Distributary from RD 2275m to RD 2375m of Aunli Irrigation Project.,Works,Open Tender,Percentage,Civil Works - Others,No,No,NA ,02-May-2026 11:00 AM,NA ,90.0,No ,No,Online,12-May-2026 11:00 AM,CE and BM Brahmani Basin Samal||SE Angul Irrigation Circle Angul||EE Angul Irrigation Division Angul,Angul,759143.0,1.0,,AJIT KUMAR BEHERA,"757,224",Rejected-Finance,17-Jun-2026,CE and BM Brahmani Basin Samal||SE Angul Irrigation Circle Angul||EE Angul Irrigation Division Angul,True,"{'Flood': 0, 'Embankment': 0, 'embkt': 0, 'Relief': 0, 'Erosion': 0, 'SDRF': 0, 'Inundation': 0, 'Hydrology': 0, 'Silt': 0, 'Siltation': 0, 'Bund': 0, 'Trench': 0, 'Breach': 0, 'Culvert': 0, 'Sluice': 0, 'Dyke': 0, 'Storm water drain': 0, 'Emergency': 0, 'Immediate': 0, 'IM': 0, 'AE': 0, 'A E': 0, 'AAPDA MITRA': 0, 'flood': 0, 'Bridge': 0, 'River': 0, 'Drain': 0, 'Restoration': 0, 'Protection': 0, 'irr': 0, 'irrigation': 2, 'dam': 0, 'Nallah': 0, 'Retrofitting': 0, 'Pond': 0, 'Pokhari': 0, 'D/C': 0, 'Recharge shaft': 0, 'LFB': 0, 'RFB': 0}","{'Floodlight': 0, 'Flood Light': 0, 'GAS': 0, 'FIFA': 0, 'pipe': 0, 'pipes': 0, 'covid': 0, 'supply': 0, 'Beautification': 0, 'Installation': 0}",Pre-Monsoon,,False,False,Repair and Restoration,{'improvement': 2}
2025_ORULB_120762_22,PM_03/2025-26,Construction of R.C.C Culvert from R.D road to Womens Collage in Pattamundai Municipality.,Construction of R.C.C Culvert from R.D road to Womens Collage in Pattamundai Municipality.,Works,Open Tender,Percentage,Civil Works - Others,No,No,NA ,04-Nov-2025 06:00 PM,NA ,90.0,No ,No,Online,15-Nov-2025 11:00 AM,Municipal Bodies||Pattamundai Municipality,Executive Officer Pattamundai Municipality,754215.0,1.0,"3,96,609",ABHAYA KUMAR DAS,"397,846",Rejected-AOC,04-Jul-2026,Municipal Bodies||Pattamundai Municipality,True,"{'Flood': 0, 'Embankment': 0, 'embkt': 0, 'Relief': 0, 'Erosion': 0, 'SDRF': 0, 'Inundation': 0, 'Hydrology': 0, 'Silt': 0, 'Siltation': 0, 'Bund': 0, 'Trench': 0, 'Breach': 0, 'Culvert': 2, 'Sluice': 0, 'Dyke': 0, 'Storm water drain': 0, 'Emergency': 0, 'Immediate': 0, 'IM': 0, 'AE': 0, 'A E': 0, 'AAPDA MITRA': 0, 'flood': 0, 'Bridge': 0, 'River': 0, 'Drain': 0, 'Restoration': 0, 'Protection': 0, 'irr': 0, 'irrigation': 0, 'dam': 0, 'Nallah': 0, 'Retrofitting': 0, 'Pond': 0, 'Pokhari': 0, 'D/C': 0, 'Recharge shaft': 0, 'LFB': 0, 'RFB': 0}","{'Floodlight': 0, 'Flood Light': 0, 'GAS': 0, 'FIFA': 0, 'pipe': 0, 'pipes': 0, 'covid': 0, 'supply': 0, 'Beautification': 0, 'Installation': 0}",Post-Monsoon,,False,True,Repair and Restoration,{'Construction': 2}
2026_ORULB_127399_3,OR/ULB/BUD/14/2025-26,Providing Cover slab of the drain at Babusahi from Bhubana Samanta house to Bibhuti Bhusan Deo house in ward No 06,Providing Cover slab of the drain at Babusahi from Bhubana Samanta house to Bibhuti Bhusan Deo house in ward No 06,Works,Open Tender,Percentage,Civil Works - Others,No,No,NA ,19-Mar-2026 10:00 AM,NA ,30.0,No ,No,Online,26-Mar-2026 11:00 AM,Municipal Bodies||Boudhgarh NAC,BOUDHGARH,762014.0,1.0,"5,13,136",Amar Amit Bishi,"512,623",Rejected-Technical,18-Jul-2026,Municipal Bodies||Boudhgarh NAC,True,"{'Flood': 0, 'Embankment': 0, 'embkt': 0, 'Relief': 0, 'Erosion': 0, 'SDRF': 0, 'Inundation': 0, 'Hydrology': 0, 'Silt': 0, 'Siltation': 0, 'Bund': 0, 'Trench': 0, 'Breach': 0, 'Culvert': 0, 'Sluice': 0, 'Dyke': 0, 'Storm water drain': 0, 'Emergency': 0, 'Immediate': 0, 'IM': 0, 'AE': 0, 'A E': 0, 'AAPDA MITRA': 0, 'flood': 0, 'Bridge': 0, 'River': 0, 'Drain': 2, 'Restoration': 0, 'Protection': 0, 'irr': 0, 'irrigation': 0, 'dam': 0, 'Nallah': 0, 'Retrofitting': 0, 'Pond': 0, 'Pokhari': 0, 'D/C': 0, 'Recharge shaft': 0, 'LFB': 0, 'RFB': 0}","{'Floodlight': 0, 'Flood Light': 0, 'GAS': 0, 'FIFA': 0, 'pipe': 0, 'pipes': 0, 'covid': 0, 'supply': 0, 'Beautification': 0, 'Installation': 0}",Pre-Monsoon,,False,True,Repair and Restoration,{'Drain': 2}
2026_CEEBO_129219_3,03/2026-27 of CCE LSP Balangir,"Construction of cement concrete precast interlocking paver block road and cement concrete drain for main road and branch road at RR Colony of LSIP at Uchhabahal , Balangir","Construction of cement concrete precast interlocking paver block road and cement concrete drain for main road and branch road at RR Colony of LSIP at Uchhabahal , Balangir",Works,Open Tender,Percentage,Civil Works - Roads,No,No,NA ,15-May-2026 10:00 AM,22-May-2026 10:30 AM ,90.0,No ,No,Online,30-May-2026 10:30 AM,"CCE, L Suktel Irr.Project,Bolangir||CCE,L Sukhtel,Bolangir","Uchhabahal, Balangir",767002.0,2.0,"2,35,38,845",ABANI PRAKASH MISHRA,"23,515,306",Rejected-Finance,09-Jul-2026,"CCE, L Suktel Irr.Project,Bolangir||CCE,L Sukhtel,Bolangir",True,"{'Flood': 0, 'Embankment': 0, 'embkt': 0, 'Relief': 0, 'Erosion': 0, 'SDRF': 0, 'Inundation': 0, 'Hydrology': 0, 'Silt': 0, 'Siltation': 0, 'Bund': 0, 'Trench': 0, 'Breach': 0, 'Culvert': 0, 'Sluice': 0, 'Dyke': 0, 'Storm water drain': 0, 'Emergency': 0, 'Immediate': 0, 'IM': 0, 'AE': 0, 'A E': 0, 'AAPDA MITRA': 0, 'flood': 0, 'Bridge': 0, 'River': 0, 'Drain': 2, 'Restoration': 0, 'Protection': 0, 'irr': 0, 'irrigation': 0, 'dam': 0, 'Nallah': 0, 'Retrofitting': 0, 'Pond': 0, 'Pokhari': 0, 'D/C': 0, 'Recharge shaft': 0, 'LFB': 0, 'RFB': 0}","{'Floodlight': 0, 'Flood Light': 0, 'GAS': 0, 'FIFA': 0, 'pipe': 0, 'pipes': 0, 'covid': 0, 'supply': 0, 'Beautification': 0, 'Installation': 0}",Pre-Monsoon,,False,True,Repair and Restoration,"{'Construction': 2, 'Drain': 2}"
2026_CEBBS_129136_1,SE-AID-2/2026-27,Construction of Key Wall from RD 120m to 800m of Left Main Canal of Manjore Irrigation Project Working RD 100m to 1008.50m,Construction of Key Wall from RD 120m to 800m of Left Main Canal of Manjore Irrigation Project Working RD 100m to 1008.50m,Works,Open Tender,Percentage,Civil Works - Canal,No,No,NA ,13-May-2026 11:00 AM,NA ,90.0,No ,No,Online,25-May-2026 09:00 AM,CE and BM Brahmani Basin Samal||SE Angul Irrigation Circle Angul||EE Angul Irrigation Division Angul,Angul,759143.0,1.0,,Ajit Kumar Acharya,"840,281",Rejected-Finance,17-Jun-2026,CE and BM Brahmani Basin Samal||SE Angul Irrigation Circle Angul||EE Angul Irrigation Division Angul,True,"{'Flood': 0, 'Embankment': 0, 'embkt': 0, 'Relief': 0, 'Erosion': 0, 'SDRF': 0, 'Inundation': 0, 'Hydrology': 0, 'Silt': 0, 'Siltation': 0, 'Bund': 0, 'Trench': 0, 'Breach': 0, 'Culvert': 0, 'Sluice': 0, 'Dyke': 0, 'Storm water drain': 0, 'Emergency': 0, 'Immediate': 0, 'IM': 0, 'AE': 0, 'A E': 0, 'AAPDA MITRA': 0, 'flood': 0, 'Bridge': 0, 'River': 0, 'Drain': 0, 'Restoration': 0, 'Protection': 0, 'irr': 0, 'irrigation': 2, 'dam': 0, 'Nallah': 0, 'Retrofitting': 0, 'Pond': 0, 'Pokhari': 0, 'D/C': 0, 'Recharge shaft': 0, 'LFB': 0, 'RFB': 0}","{'Floodlight': 0, 'Flood Light': 0, 'GAS': 0, 'FIFA': 0, 'pipe': 0, 'pipes': 0, 'covid': 0, 'supply': 0, 'Beautification': 0, 'Installation': 0}",Pre-Monsoon,,False,False,Repair and Restoration,{'Construction': 2}
2026_CEMIB_129604_1,SECMID_02/2026-27,Construction of Ituabandha Check Dam over Local Nalla Near Parabatia in Chhagaon GP in Athagarh Block of Cuttack District under MATY Scheme for the year 2026-27.,Construction of Ituabandha Check Dam over Local Nalla Near Parabatia in Chhagaon GP in Athagarh Block of Cuttack District under MATY Scheme for the year 2026-27.,Works,Open Tender,Percentage,Civil Works - Canal,No,No,NA ,22-May-2026 10:00 AM,NA ,90.0,No ,No,Online,01-Jun-2026 11:00 AM,"CE,Minor Irrigation,BBSR||SECMIC-BHUBANESWAR||CUTTACK",Athagarh,754029.0,1.0,"36,47,373",ADARSA BISWAL,"3,647,372.47",Rejected-Finance,29-Jul-2026,"CE,Minor Irrigation,BBSR||SECMIC-BHUBANESWAR||CUTTACK",True,"{'Flood': 0, 'Embankment': 0, 'embkt': 0, 'Relief': 0, 'Erosion': 0, 'SDRF': 0, 'Inundation': 0, 'Hydrology': 0, 'Silt': 0, 'Siltation': 0, 'Bund': 0, 'Trench': 0, 'Breach': 0, 'Culvert': 0, 'Sluice': 0, 'Dyke': 0, 'Storm water drain': 0, 'Emergency': 0, 'Immediate': 0, 'IM': 0, 'AE': 0, 'A E': 0, 'AAPDA MITRA': 0, 'flood': 0, 'Bridge': 0, 'River': 0, 'Drain': 0, 'Restoration': 0, 'Protection': 0, 'irr': 0, 'irrigation': 0, 'dam': 2, 'Nallah': 0, 'Retrofitting': 0, 'Pond': 0, 'Pokhari': 0, 'D/C': 0, 'Recharge shaft': 0, 'LFB': 0, 'RFB': 0}","{'Floodlight': 0, 'Flood Light': 0, 'GAS': 0, 'FIFA': 0, 'pipe': 0, 'pipes': 0, 'covid': 0, 'supply': 0, 'Beautification': 0, 'Installation': 0}",Pre-Monsoon,,False,False,Repair and Restoration,"{'Check Dam': 2, 'Construction': 2}"
2026_ORULB_125611_16,BRJNRM -05/2025-26,Completion of Drain and Road at N.S. Line W.No.15,Drain and Road,Works,Open Tender,Percentage,Civil Works - Others,No,No,NA ,07-Feb-2026 06:00 PM,NA ,90.0,No ,No,Online,21-Feb-2026 11:00 AM,Municipal Bodies||Brajrajnagar Municipality,Brajrajnagar Municipality,768216.0,2.0,"15,00,000",DILESWAR NAIK,"1,206,436.48",Rejected-AOC,08-Jul-2026,Municipal Bodies||Brajrajnagar Municipality,True,"{'Flood': 0, 'Embankment': 0, 'embkt': 0, 'Relief': 0, 'Erosion': 0, 'SDRF': 0, 'Inundation': 0, 'Hydrology': 0, 'Silt': 0, 'Siltation': 0, 'Bund': 0, 'Trench': 0, 'Breach': 0, 'Culvert': 0, 'Sluice': 0, 'Dyke': 0, 'Storm water drain': 0, 'Emergency': 0, 'Immediate': 0, 'IM': 0, 'AE': 0, 'A E': 0, 'AAPDA MITRA': 0, 'flood': 0, 'Bridge': 0, 'River': 0, 'Drain': 2, 'Restoration': 0, 'Protection': 0, 'irr': 0, 'irrigation': 0, 'dam': 0, 'Nallah': 0, 'Retrofitting': 0, 'Pond': 0, 'Pokhari': 0, 'D/C': 0, 'Recharge shaft': 0, 'LFB': 0, 'RFB': 0}","{'Floodlight': 0, 'Flood Light': 0, 'GAS': 0, 'FIFA': 0, 'pipe': 0, 'pipes': 0, 'covid': 0, 'supply': 0, 'Beautification': 0, 'Installation': 0}",Post-Monsoon,,False,True,Repair and Restoration,{'Drain': 2}
2026_ORULB_130757_2,15/SMC_SBP/2026-27,"Construction of Drain and Paver Road From Mr. Dutta House to Manoj Pandit House at Mahanadi Vihar, Ward No. 20.","Construction of Drain and Paver Road From Mr. Dutta House to Manoj Pandit House at Mahanadi Vihar, Ward No. 20.",Works,Open Tender,Percentage,Civil Works - Others,No,No,NA ,06-Jun-2026 11:00 AM,NA ,120.0,No ,No,Online,17-Jun-2026 11:00 AM,Municipal Bodies||Sambalpur Municipal Corporation,SAMBALPUR MUNICIPAL CORPORATION,768006.0,1.0,"12,69,602",ABHINAS NANDA,"1,269,618",Rejected-Technical,31-Jul-2026,Municipal Bodies||Sambalpur Municipal Corporation,True,"{'Flood': 0, 'Embankment': 0, 'embkt': 0, 'Relief': 0, 'Erosion': 0, 'SDRF': 0, 'Inundation': 0, 'Hydrology': 0, 'Silt': 0, 'Siltation': 0, 'Bund': 0, 'Trench': 0, 'Breach': 0, 'Culvert': 0, 'Sluice': 0, 'Dyke': 0, 'Storm water drain': 0, 'Emergency': 0, 'Immediate': 0, 'IM': 0, 'AE': 0, 'A E': 0, 'AAPDA MITRA': 0, 'flood': 0, 'Bridge': 0, 'River': 0, 'Drain': 2, 'Restoration': 0, 'Protection': 0, 'irr': 0, 'irrigation': 0, 'dam': 0, 'Nallah': 0, 'Retrofitting': 0, 'Pond': 0, 'Pokhari': 0, 'D/C': 0, 'Recharge shaft': 0, 'LFB': 0, 'RFB': 0}","{'Floodlight': 0, 'Flood Light': 0, 'GAS': 0, 'FIFA': 0, 'pipe': 0, 'pipes': 0, 'covid': 0, 'supply': 0, 'Beautification': 0, 'Installation': 0}",Monsoon,,False,True,Repair and Restoration,"{'mr': 2, 'Construction': 2, 'Drain': 2}"
2026_ORULB_126616_5,MC(CMC)CTC_Div-IIiNo39/2025-26,Repair and restoration of Toilet at Chauliaganj Matha Sahi in Ward No.42.,Repair and restoration of Toilet at Chauliaganj Matha Sahi in Ward No.42.,Works,Open Tender,Percentage,Civil Works - Others,No,No,NA ,30-Mar-2026 11:00 AM,NA ,105.0,No ,No,Online,17-Apr-2026 10:00 AM,Municipal Bodies||Cuttack Municipal Corporation,CMC,753012.0,1.0,"11,99,622",BICHITRA NANDA BEHERA,"1,199,622",Rejected-AOC,08-Jul-2026,Municipal Bodies||Cuttack Municipal Corporation,True,"{'Flood': 0, 'Embankment': 0, 'embkt': 0, 'Relief': 0, 'Erosion': 0, 'SDRF': 0, 'Inundation': 0, 'Hydrology': 0, 'Silt': 0, 'Siltation': 0, 'Bund': 0, 'Trench': 0, 'Breach': 0, 'Culvert': 0, 'Sluice': 0, 'Dyke': 0, 'Storm water drain': 0, 'Emergency': 0, 'Immediate': 0, 'IM': 0, 'AE': 0, 'A E': 0, 'AAPDA MITRA': 0, 'flood': 0, 'Bridge': 0, 'River': 0, 'Drain': 0, 'Restoration': 2, 'Protection': 0, 'irr': 0, 'irrigation': 0, 'dam': 0, 'Nallah': 0, 'Retrofitting': 0, 'Pond': 0, 'Pokhari': 0, 'D/C': 0, 'Recharge shaft': 0, 'LFB': 0, 'RFB': 0}","{'Floodlight': 0, 'Flood Light': 0, 'GAS': 0, 'FIFA': 0, 'pipe': 0, 'pipes': 0, 'covid': 0, 'supply': 0, 'Beautification': 0, 'Installation': 0}",Pre-Monsoon,,False,False,Repair and Restoration,"{'repair': 2, 'restoration': 2}"
2026_ORULB_127482_54,BLGR MPTY/13(01-73)/2025-26,"Const. of Paver Road and Drain with Cover Slab from Anta Dash Res to Ranjan Meher Res, Mahalaxmi Nagar, W.No.18",Road and Drain with Cover Slab Work,Works,Open Tender,Percentage,Civil Works - Roads,No,No,NA ,24-Mar-2026 11:00 AM,NA ,180.0,No ,No,Online,06-Apr-2026 11:00 AM,Municipal Bodies||Balangir Municipality,Balangir,767001.0,1.0,"10,15,375",RAJENDRA PUROHIT,"1,014,359.15",Rejected-Finance,17-Jul-2026,Municipal Bodies||Balangir Municipality,True,"{'Flood': 0, 'Embankment': 0, 'embkt': 0, 'Relief': 0, 'Erosion': 0, 'SDRF': 0, 'Inundation': 0, 'Hydrology': 0, 'Silt': 0, 'Siltation': 0, 'Bund': 0, 'Trench': 0, 'Breach': 0, 'Culvert': 0, 'Sluice': 0, 'Dyke': 0, 'Storm water drain': 0, 'Emergency': 0, 'Immediate': 0, 'IM': 0, 'AE': 0, 'A E': 0, 'AAPDA MITRA': 0, 'flood': 0, 'Bridge': 0, 'River': 0, 'Drain': 2, 'Restoration': 0, 'Protection': 0, 'irr': 0, 'irrigation': 0, 'dam': 0, 'Nallah': 0, 'Retrofitting': 0, 'Pond': 0, 'Pokhari': 0, 'D/C': 0, 'Recharge shaft': 0, 'LFB': 0, 'RFB': 0}","{'Floodlight': 0, 'Flood Light': 0, 'GAS': 0, 'FIFA': 0, 'pipe': 0, 'pipes': 0, 'covid': 0, 'supply': 0, 'Beautification': 0, 'Installation': 0}",Pre-Monsoon,,False,True,Repair and Restoration,{'Drain': 2}
2026_CERWI_126906_1,CCERWCSBD - Online- 48 2025-26,Construction of H.L Bridge with Weir over LOCAL nallah at - 0.260 K.M. on Badadora to Haladidangri road in the District of Nabarangpur under SBY for the year 2024-25.,Construction of H.L Bridge with Weir over LOCAL nallah at - 0.260 K.M. on Badadora to Haladidangri road in the District of Nabarangpur under SBY for the year 2024-25.,Works,National Competitive Bid,Percentage,Civil Works - Bridges,No,No,NA ,05-Mar-2026 06:55 PM,NA ,90.0,No ,No,Online,18-Mar-2026 11:00 AM,CE RW I||RWCIRCLE-SUNABEDA,UMERKOTE,764073.0,2.0,"4,04,04,000",ABHAYA KUMAR MAHUNTA,"31,430,094.35",Rejected-AOC,06-Jul-2026,CE RW I||RWCIRCLE-SUNABEDA,True,"{'Flood': 0, 'Embankment': 0, 'embkt': 0, 'Relief': 0, 'Erosion': 0, 'SDRF': 0, 'Inundation': 0, 'Hydrology': 0, 'Silt': 0, 'Siltation': 0, 'Bund': 0, 'Trench': 0, 'Breach': 0, 'Culvert': 0, 'Sluice': 0, 'Dyke': 0, 'Storm water drain': 0, 'Emergency': 0, 'Immediate': 0, 'IM': 0, 'AE': 0, 'A E': 0, 'AAPDA MITRA': 0, 'flood': 0, 'Bridge': 2, 'River': 0, 'Drain': 0, 'Restoration': 0, 'Protection': 0, 'irr': 0, 'irrigation': 0, 'dam': 0, 'Nallah': 2, 'Retrofitting': 0, 'Pond': 0, 'Pokhari': 0, 'D/C': 0, 'Recharge shaft': 0, 'LFB': 0, 'RFB': 0}","{'Floodlight': 0, 'Flood Light': 0, 'GAS': 0, 'FIFA': 0, 'pipe': 0, 'pipes': 0, 'covid': 0, 'supply': 0, 'Beautification': 0, 'Installation': 0}",Pre-Monsoon,,False,True,Repair and Restoration,"{'Construction': 2, 'Bridge': 2}"
2026_ORULB_128169_3,SNP-MUN-36/2025-26,Covering of open drain of road side in ULB area in Ward no-1 and 2,Covering of open drain of road side in ULB area in Ward no-1 and 2,Works,Open Tender,Percentage,Civil Works - Others,No,No,NA ,17-Apr-2026 11:00 AM,NA ,45.0,No ,No,Online,28-Apr-2026 11:00 AM,Municipal Bodies||Sonepur Municipal Council,Sonepur Municipality,767017.0,1.0,"8,47,476",Artatrana Sanyasi,"847,475.93",Rejected-Technical,15-Jul-2026,Municipal Bodies||Sonepur Municipal Council,True,"{'Flood': 0, 'Embankment': 0, 'embkt': 0, 'Relief': 0, 'Erosion': 0, 'SDRF': 0, 'Inundation': 0, 'Hydrology': 0, 'Silt': 0, 'Siltation': 0, 'Bund': 0, 'Trench': 0, 'Breach': 0, 'Culvert': 0, 'Sluice': 0, 'Dyke': 0, 'Storm water drain': 0, 'Emergency': 0, 'Immediate': 0, 'IM': 0, 'AE': 0, 'A E': 0, 'AAPDA MITRA': 0, 'flood': 0, 'Bridge': 0, 'River': 0, 'Drain': 2, 'Restoration': 0, 'Protection': 0, 'irr': 0, 'irrigation': 0, 'dam': 0, 'Nallah': 0, 'Retrofitting': 0, 'Pond': 0, 'Pokhari': 0, 'D/C': 0, 'Recharge shaft': 0, 'LFB': 0, 'RFB': 0}","{'Floodlight': 0, 'Flood Light': 0, 'GAS': 0, 'FIFA': 0, 'pipe': 0, 'pipes': 0, 'covid': 0, 'supply': 0, 'Beautification': 0, 'Installation': 0}",Pre-Monsoon,,False,True,Repair and Restoration,{'Drain': 2}
2026_ORULB_128481_2,BMC-EE-Tender Cell-08/2026-27 dt. 24.04.2026,Construction with widening including drain and development of Median near Shreekhetra Greenwood and Mahaveer vihar in Ward No. 49,Construction with widening including drain and development of Median near Shreekhetra Greenwood and Mahaveer vihar in Ward No. 49,Works,Open Tender,Percentage,Civil Works - Others,No,No,NA ,28-Apr-2026 11:00 AM,04-May-2026 04:00 PM ,120.0,No ,No,Online,13-May-2026 11:00 AM,Municipal Bodies||Bhubaneswar Municipal Corporation,"BMC,AREA",751022.0,2.0,"1,94,91,391",AMARENDRA PRASAD SAHOO,"16,322,988",Rejected-Technical,28-Jul-2026,Municipal Bodies||Bhubaneswar Municipal Corporation,True,"{'Flood': 0, 'Embankment': 0, 'embkt': 0, 'Relief': 0, 'Erosion': 0, 'SDRF': 0, 'Inundation': 0, 'Hydrology': 0, 'Silt': 0, 'Siltation': 0, 'Bund': 0, 'Trench': 0, 'Breach': 0, 'Culvert': 0, 'Sluice': 0, 'Dyke': 0, 'Storm water drain': 0, 'Emergency': 0, 'Immediate': 0, 'IM': 0, 'AE': 0, 'A E': 0, 'AAPDA MITRA': 0, 'flood': 0, 'Bridge': 0, 'River': 0, 'Drain': 2, 'Restoration': 0, 'Protection': 0, 'irr': 0, 'irrigation': 0, 'dam': 0, 'Nallah': 0, 'Retrofitting': 0, 'Pond': 0, 'Pokhari': 0, 'D/C': 0, 'Recharge shaft': 0, 'LFB': 0, 'RFB': 0}","{'Floodlight': 0, 'Flood Light': 0, 'GAS': 0, 'FIFA': 0, 'pipe': 0, 'pipes': 0, 'covid': 0, 'supply': 0, 'Beautification': 0, 'Installation': 0}",Pre-Monsoon,,False,True,Repair and Restoration,"{'widening': 2, 'Construction': 2, 'Drain': 2}"
2026_ORULB_124113_14,EO/ PDPM/ W_05_MSBY/ 2025-26,Construction of Drain to discharge drain and rain water of sea beach side of Sandhakud in Ward No. 17,Construction of Drain to discharge drain and rain water of sea beach side of Sandhakud in Ward No. 17,Works,Open Tender,Percentage,Civil Works - Others,No,No,NA ,03-Jan-2026 05:30 PM,NA ,120.0,No ,No,Online,15-Jan-2026 11:30 AM,Municipal Bodies||Paradeep Municipality,Paradeep Municipality,754142.0,1.0,"16,52,440",BIJAY KUMAR SETHY,"1,699,800",Rejected-Finance,28-Jul-2026,Municipal Bodies||Paradeep Municipality,True,"{'Flood': 0, 'Embankment': 0, 'embkt': 0, 'Relief': 0, 'Erosion': 0, 'SDRF': 0, 'Inundation': 0, 'Hydrology': 0, 'Silt': 0, 'Siltation': 0, 'Bund': 0, 'Trench': 0, 'Breach': 0, 'Culvert': 0, 'Sluice': 0, 'Dyke': 0, 'Storm water drain': 0, 'Emergency': 0, 'Immediate': 0, 'IM': 0, 'AE': 0, 'A E': 0, 'AAPDA MITRA': 0, 'flood': 0, 'Bridge': 0, 'River': 0, 'Drain': 4, 'Restoration': 0, 'Protection': 0, 'irr': 0, 'irrigation': 0, 'dam': 0, 'Nallah': 0, 'Retrofitting': 0, 'Pond': 0, 'Pokhari': 0, 'D/C': 0, 'Recharge shaft': 0, 'LFB': 0, 'RFB': 0}","{'Floodlight': 0, 'Flood Light': 0, 'GAS': 0, 'FIFA': 0, 'pipe': 0, 'pipes': 0, 'covid': 0, 'supply': 0, 'Beautification': 0, 'Installation': 0}",Post-Monsoon,,False,True,Repair and Restoration,"{'Construction': 2, 'Drain': 4}"
2026_ORULB_126616_16,MC(CMC)CTC_Div-IIiNo39/2025-26,"Construction of CC Road Gayanana Chhaka to Nimpur Pond, Jagatpur in Ward no 48.","Construction of CC Road Gayanana Chhaka to Nimpur Pond, Jagatpur in Ward no 48.",Works,Open Tender,Percentage,Civil Works - Others,No,No,NA ,30-Mar-2026 11:00 AM,NA ,105.0,No ,No,Online,17-Apr-2026 10:00 AM,Municipal Bodies||Cuttack Municipal Corporation,CMC,753012.0,1.0,"42,01,600",Sangram keshori Ray,"4,201,643",Rejected-AOC,07-Jul-2026,Municipal Bodies||Cuttack Municipal Corporation,True,"{'Flood': 0, 'Embankment': 0, 'embkt': 0, 'Relief': 0, 'Erosion': 0, 'SDRF': 0, 'Inundation': 0, 'Hydrology': 0, 'Silt': 0, 'Siltation': 0, 'Bund': 0, 'Trench': 0, 'Breach': 0, 'Culvert': 0, 'Sluice': 0, 'Dyke': 0, 'Storm water drain': 0, 'Emergency': 0, 'Immediate': 0, 'IM': 0, 'AE': 0, 'A E': 0, 'AAPDA MITRA': 0, 'flood': 0, 'Bridge': 0, 'River': 0, 'Drain': 0, 'Restoration': 0, 'Protection': 0, 'irr': 0, 'irrigation': 0, 'dam': 0, 'Nallah': 0, 'Retrofitting': 0, 'Pond': 2, 'Pokhari': 0, 'D/C': 0, 'Recharge shaft': 0, 'LFB': 0, 'RFB': 0}","{'Floodlight': 0, 'Flood Light': 0, 'GAS': 0, 'FIFA': 0, 'pipe': 0, 'pipes': 0, 'covid': 0, 'supply': 0, 'Beautification': 0, 'Installation': 0}",Pre-Monsoon,,False,True,Repair and Restoration,{'Construction': 2}
2025_ORULB_123015_5,24/SMC_SBP/2025-26,"Construction of Road and Drain from PWD Road to NH via Golgunda, Ward No-03 under SMC, Sambalpur","Construction of Road and Drain from PWD Road to NH via Golgunda, Ward No-03 under SMC, Sambalpur",Works,Open Tender,Percentage,Civil Works - Others,No,No,NA ,17-Dec-2025 11:00 AM,NA ,120.0,No ,No,Online,29-Dec-2025 11:00 AM,Municipal Bodies||Sambalpur Municipal Corporation,SAMBALPUR MUNICIPAL CORPORATION,768006.0,1.0,"16,93,479",Jharana Tandia,"1,693,479",Rejected-Technical,24-Jul-2026,Municipal Bodies||Sambalpur Municipal Corporation,True,"{'Flood': 0, 'Embankment': 0, 'embkt': 0, 'Relief': 0, 'Erosion': 0, 'SDRF': 0, 'Inundation': 0, 'Hydrology': 0, 'Silt': 0, 'Siltation': 0, 'Bund': 0, 'Trench': 0, 'Breach': 0, 'Culvert': 0, 'Sluice': 0, 'Dyke': 0, 'Storm water drain': 0, 'Emergency': 0, 'Immediate': 0, 'IM': 0, 'AE': 0, 'A E': 0, 'AAPDA MITRA': 0, 'flood': 0, 'Bridge': 0, 'River': 0, 'Drain': 2, 'Restoration': 0, 'Protection': 0, 'irr': 0, 'irrigation': 0, 'dam': 0, 'Nallah': 0, 'Retrofitting': 0, 'Pond': 0, 'Pokhari': 0, 'D/C': 0, 'Recharge shaft': 0, 'LFB': 0, 'RFB': 0}","{'Floodlight': 0, 'Flood Light': 0, 'GAS': 0, 'FIFA': 0, 'pipe': 0, 'pipes': 0, 'covid': 0, 'supply': 0, 'Beautification': 0, 'Installation': 0}",Post-Monsoon,,False,True,Repair and Restoration,"{'Construction': 2, 'Drain': 2}"
2026_ORULB_127692_17,MC(CMC)CTC_Div-IIINo39/2025-26,Desilting of MSWC-II from Nua Bazar culvert to Sani Mandira culvert in MSD from Er. D.R.Tripathy res to Potapokhari Durga Ghar and Block to Nayabazar culvert in Ward No.54.,Desilting of MSWC-II from Nua Bazar culvert to Sani Mandira culvert in MSD from Er. D.R.Tripathy res to Potapokhari Durga Ghar and Block to Nayabazar culvert in Ward No.54.,Works,Open Tender,Percentage,Civil Works - Others,No,No,NA ,31-Mar-2026 11:00 AM,NA ,60.0,No ,No,Online,10-Apr-2026 10:00 AM,Municipal Bodies||Cuttack Municipal Corporation,CMC,753012.0,1.0,"12,76,138",Ganesh Chandra Swain,"1,276,138",Rejected-AOC,25-Jul-2026,Municipal Bodies||Cuttack Municipal Corporation,True,"{'Flood': 0, 'Embankment': 0, 'embkt': 0, 'Relief': 0, 'Erosion': 0, 'SDRF': 0, 'Inundation': 0, 'Hydrology': 0, 'Silt': 0, 'Siltation': 0, 'Bund': 0, 'Trench': 0, 'Breach': 0, 'Culvert': 6, 'Sluice': 0, 'Dyke': 0, 'Storm water drain': 0, 'Emergency': 0, 'Immediate': 0, 'IM': 0, 'AE': 0, 'A E': 0, 'AAPDA MITRA': 0, 'flood': 0, 'Bridge': 0, 'River': 0, 'Drain': 0, 'Restoration': 0, 'Protection': 0, 'irr': 0, 'irrigation': 0, 'dam': 0, 'Nallah': 0, 'Retrofitting': 0, 'Pond': 0, 'Pokhari': 0, 'D/C': 0, 'Recharge shaft': 0, 'LFB': 0, 'RFB': 0}","{'Floodlight': 0, 'Flood Light': 0, 'GAS': 0, 'FIFA': 0, 'pipe': 0, 'pipes': 0, 'covid': 0, 'supply': 0, 'Beautification': 0, 'Installation': 0}",Pre-Monsoon,,False,True,Others,
2026_EICCL_125865_1,CCE 13 2025-26,Construction of H.L. Bridge over local Bada Nallah at 0/438 km on Kuli A.P. Border road,Construction of H.L. Bridge over local Bada Nallah at 0/438 km on Kuli A.P. Border road,Works,Open Tender,Percentage,Civil Works - Bridges,No,No,NA ,12-Feb-2026 11:00 AM,NA ,90.0,No ,No,Online,27-Feb-2026 11:00 AM,EIC-CIVIL||SERNB-CIRCLE-RAYAGADA,Rayagada,765001.0,2.0,"7,99,89,547",AKASH KUMAR SENAPATI,"65,415,452",Rejected-AOC,09-Jul-2026,EIC-CIVIL||SERNB-CIRCLE-RAYAGADA,True,"{'Flood': 0, 'Embankment': 0, 'embkt': 0, 'Relief': 0, 'Erosion': 0, 'SDRF': 0, 'Inundation': 0, 'Hydrology': 0, 'Silt': 0, 'Siltation': 0, 'Bund': 0, 'Trench': 0, 'Breach': 0, 'Culvert': 0, 'Sluice': 0, 'Dyke': 0, 'Storm water drain': 0, 'Emergency': 0, 'Immediate': 0, 'IM': 0, 'AE': 0, 'A E': 0, 'AAPDA MITRA': 0, 'flood': 0, 'Bridge': 2, 'River': 0, 'Drain': 0, 'Restoration': 0, 'Protection': 0, 'irr': 0, 'irrigation': 0, 'dam': 0, 'Nallah': 2, 'Retrofitting': 0, 'Pond': 0, 'Pokhari': 0, 'D/C': 0, 'Recharge shaft': 0, 'LFB': 0, 'RFB': 0}","{'Floodlight': 0, 'Flood Light': 0, 'GAS': 0, 'FIFA': 0, 'pipe': 0, 'pipes': 0, 'covid': 0, 'supply': 0, 'Beautification': 0, 'Installation': 0}",Post-Monsoon,,False,True,Repair and Restoration,"{'Construction': 2, 'Bridge': 2}"
2026_ORULB_127399_2,OR/ULB/BUD/14/2025-26,Providing Cover slab of the drain at Babusahi from Sibani Saloon to Dist. Judge quarter back side in ward No 06,Providing Cover slab of the drain at Babusahi from Sibani Saloon to Dist. Judge quarter back side in ward No 06,Works,Open Tender,Percentage,Civil Works - Others,No,No,NA ,19-Mar-2026 10:00 AM,NA ,45.0,No ,No,Online,26-Mar-2026 11:00 AM,Municipal Bodies||Boudhgarh NAC,BOUDHGARH,762014.0,1.0,"15,00,585",Amar Amit Bishi,"1,499,086",Rejected-Technical,18-Jul-2026,Municipal Bodies||Boudhgarh NAC,True,"{'Flood': 0, 'Embankment': 0, 'embkt': 0, 'Relief': 0, 'Erosion': 0, 'SDRF': 0, 'Inundation': 0, 'Hydrology': 0, 'Silt': 0, 'Siltation': 0, 'Bund': 0, 'Trench': 0, 'Breach': 0, 'Culvert': 0, 'Sluice': 0, 'Dyke': 0, 'Storm water drain': 0, 'Emergency': 0, 'Immediate': 0, 'IM': 0, 'AE': 0, 'A E': 0, 'AAPDA MITRA': 0, 'flood': 0, 'Bridge': 0, 'River': 0, 'Drain': 2, 'Restoration': 0, 'Protection': 0, 'irr': 0, 'irrigation': 0, 'dam': 0, 'Nallah': 0, 'Retrofitting': 0, 'Pond': 0, 'Pokhari': 0, 'D/C': 0, 'Recharge shaft': 0, 'LFB': 0, 'RFB': 0}","{'Floodlight': 0, 'Flood Light': 0, 'GAS': 0, 'FIFA': 0, 'pipe': 0, 'pipes': 0, 'covid': 0, 'supply': 0, 'Beautification': 0, 'Installation': 0}",Pre-Monsoon,,False,True,Repair and Restoration,{'Drain': 2}
2026_ORULB_126953_27,EOBRP/07/2025-26,Covering of drain from shiba House to Parichaya Gruha in ward no 9,Covering of drain from shiba House to Parichaya Gruha in ward no 9,Works,Open Tender,Percentage,Civil Works - Others,No,No,NA ,07-Mar-2026 11:00 AM,NA ,90.0,No ,No,Online,16-Mar-2026 03:00 PM,Municipal Bodies||Barpali NAC,Barpali,768029.0,1.0,"2,69,271",SHIBARATRI SETH (SC),"199,733.51",Rejected-AOC,17-Jul-2026,Municipal Bodies||Barpali NAC,True,"{'Flood': 0, 'Embankment': 0, 'embkt': 0, 'Relief': 0, 'Erosion': 0, 'SDRF': 0, 'Inundation': 0, 'Hydrology': 0, 'Silt': 0, 'Siltation': 0, 'Bund': 0, 'Trench': 0, 'Breach': 0, 'Culvert': 0, 'Sluice': 0, 'Dyke': 0, 'Storm water drain': 0, 'Emergency': 0, 'Immediate': 0, 'IM': 0, 'AE': 0, 'A E': 0, 'AAPDA MITRA': 0, 'flood': 0, 'Bridge': 0, 'River': 0, 'Drain': 2, 'Restoration': 0, 'Protection': 0, 'irr': 0, 'irrigation': 0, 'dam': 0, 'Nallah': 0, 'Retrofitting': 0, 'Pond': 0, 'Pokhari': 0, 'D/C': 0, 'Recharge shaft': 0, 'LFB': 0, 'RFB': 0}","{'Floodlight': 0, 'Flood Light': 0, 'GAS': 0, 'FIFA': 0, 'pipe': 0, 'pipes': 0, 'covid': 0, 'supply': 0, 'Beautification': 0, 'Installation': 0}",Pre-Monsoon,,False,True,Repair and Restoration,{'Drain': 2}
2026_PRTRB_127051_7,PS-THRMPR-T-3/2025-26,"Construction of Road with culvert from Kanarpas to Durmusi Ghat Portion , GP- Gopinathpur under Th.Rampur Block",Road work,Works,Open Tender,Percentage,Civil Works - Roads,No,No,NA ,10-Mar-2026 11:00 AM,NA ,90.0,No ,No,Online,31-Mar-2026 11:00 AM,Panchayati Raj and Drinking Water Department Odisha||Zilla Parisad Kalahandi||THUAMUL RAMPUR Block,Th.Rampur,766037.0,2.0,"1,24,38,289",Aakriti Goel,"10,448,163",Rejected-Finance,18-Jul-2026,Panchayati Raj and Drinking Water Department Odisha||Zilla Parisad Kalahandi||THUAMUL RAMPUR Block,True,"{'Flood': 0, 'Embankment': 0, 'embkt': 0, 'Relief': 0, 'Erosion': 0, 'SDRF': 0, 'Inundation': 0, 'Hydrology': 0, 'Silt': 0, 'Siltation': 0, 'Bund': 0, 'Trench': 0, 'Breach': 0, 'Culvert': 1, 'Sluice': 0, 'Dyke': 0, 'Storm water drain': 0, 'Emergency': 0, 'Immediate': 0, 'IM': 0, 'AE': 0, 'A E': 0, 'AAPDA MITRA': 0, 'flood': 0, 'Bridge': 0, 'River': 0, 'Drain': 0, 'Restoration': 0, 'Protection': 0, 'irr': 0, 'irrigation': 0, 'dam': 0, 'Nallah': 0, 'Retrofitting': 0, 'Pond': 0, 'Pokhari': 0, 'D/C': 0, 'Recharge shaft': 0, 'LFB': 0, 'RFB': 0}","{'Floodlight': 0, 'Flood Light': 0, 'GAS': 0, 'FIFA': 0, 'pipe': 0, 'pipes': 0, 'covid': 0, 'supply': 0, 'Beautification': 0, 'Installation': 0}",Pre-Monsoon,,False,True,Repair and Restoration,{'Construction': 1}
2026_CEBBS_128670_18,SE-AID-1/2026-27,Construction of R.C.C Trough wall from RD 3670m to RD 3800m of Jaripal Minor of Aunli Irrigation Project.,Construction of R.C.C Trough wall from RD 3670m to RD 3800m of Jaripal Minor of Aunli Irrigation Project.,Works,Open Tender,Percentage,Civil Works - Others,No,No,NA ,02-May-2026 11:00 AM,NA ,90.0,No ,No,Online,12-May-2026 11:00 AM,CE and BM Brahmani Basin Samal||SE Angul Irrigation Circle Angul||EE Angul Irrigation Division Angul,Angul,759143.0,1.0,,AJIT KUMAR BEHERA,"761,768",Accepted-AOC,17-Jun-2026,CE and BM Brahmani Basin Samal||SE Angul Irrigation Circle Angul||EE Angul Irrigation Division Angul,True,"{'Flood': 0, 'Embankment': 0, 'embkt': 0, 'Relief': 0, 'Erosion': 0, 'SDRF': 0, 'Inundation': 0, 'Hydrology': 0, 'Silt': 0, 'Siltation': 0, 'Bund': 0, 'Trench': 0, 'Breach': 0, 'Culvert': 0, 'Sluice': 0, 'Dyke': 0, 'Storm water drain': 0, 'Emergency': 0, 'Immediate': 0, 'IM': 0, 'AE': 0, 'A E': 0, 'AAPDA MITRA': 0, 'flood': 0, 'Bridge': 0, 'River': 0, 'Drain': 0, 'Restoration': 0, 'Protection': 0, 'irr': 0, 'irrigation': 2, 'dam': 0, 'Nallah': 0, 'Retrofitting': 0, 'Pond': 0, 'Pokhari': 0, 'D/C': 0, 'Recharge shaft': 0, 'LFB': 0, 'RFB': 0}","{'Floodlight': 0, 'Flood Light': 0, 'GAS': 0, 'FIFA': 0, 'pipe': 0, 'pipes': 0, 'covid': 0, 'supply': 0, 'Beautification': 0, 'Installation': 0}",Pre-Monsoon,,False,False,Repair and Restoration,{'Construction': 2}
2025_ORULB_115568_167,BM-BDK-05-2025-26,Construction of paver road and RCC drain from Thanapati Temple towards Omfed Office in Ward No.15,Construction of paver road and RCC drain from Thanapati Temple towards Omfed Office in Ward No.15,Works,Open Tender,Percentage,Civil Works - Others,No,No,NA ,24-Jul-2025 10:00 AM,NA ,90.0,No ,No,Online,04-Aug-2025 11:00 AM,Municipal Bodies||Bhadrak Municipality,Bhadrak Municipality,756100.0,1.0,"19,94,954",SADHABANI MALIK(S.C),"1,855,307",Rejected-AOC,02-Jul-2026,Municipal Bodies||Bhadrak Municipality,True,"{'Flood': 0, 'Embankment': 0, 'embkt': 0, 'Relief': 0, 'Erosion': 0, 'SDRF': 0, 'Inundation': 0, 'Hydrology': 0, 'Silt': 0, 'Siltation': 0, 'Bund': 0, 'Trench': 0, 'Breach': 0, 'Culvert': 0, 'Sluice': 0, 'Dyke': 0, 'Storm water drain': 0, 'Emergency': 0, 'Immediate': 0, 'IM': 0, 'AE': 0, 'A E': 0, 'AAPDA MITRA': 0, 'flood': 0, 'Bridge': 0, 'River': 0, 'Drain': 2, 'Restoration': 0, 'Protection': 0, 'irr': 0, 'irrigation': 0, 'dam': 0, 'Nallah': 0, 'Retrofitting': 0, 'Pond': 0, 'Pokhari': 0, 'D/C': 0, 'Recharge shaft': 0, 'LFB': 0, 'RFB': 0}","{'Floodlight': 0, 'Flood Light': 0, 'GAS': 0, 'FIFA': 0, 'pipe': 0, 'pipes': 0, 'covid': 0, 'supply': 0, 'Beautification': 0, 'Installation': 0}",Monsoon,,False,True,Repair and Restoration,"{'Construction': 2, 'Drain': 2}"
2025_CERWI_121985_1,RWCCESNG-22 of 2025-26,Construction of H.L Bridge over Local Nallah on RD Road to Bardeda Road in the Distrrict of Sundargarh under SBY for the year 2024-25.,Construction of H.L Bridge over Local Nallah on RD Road to Bardeda Road in the Distrrict of Sundargarh under SBY for the year 2024-25.,Works,National Competitive Bid,Percentage,Civil Works - Bridges,No,No,NA ,26-Nov-2025 09:00 AM,NA ,90.0,No ,No,Online,10-Dec-2025 11:00 AM,CE RW I||RW-CIRCLE-SUNDARGARH,Rourkela,769004.0,2.0,"2,63,89,780",AJAY TIWARI,"22,433,952.02",Rejected-Finance,10-Jul-2026,CE RW I||RW-CIRCLE-SUNDARGARH,True,"{'Flood': 0, 'Embankment': 0, 'embkt': 0, 'Relief': 0, 'Erosion': 0, 'SDRF': 0, 'Inundation': 0, 'Hydrology': 0, 'Silt': 0, 'Siltation': 0, 'Bund': 0, 'Trench': 0, 'Breach': 0, 'Culvert': 0, 'Sluice': 0, 'Dyke': 0, 'Storm water drain': 0, 'Emergency': 0, 'Immediate': 0, 'IM': 0, 'AE': 0, 'A E': 0, 'AAPDA MITRA': 0, 'flood': 0, 'Bridge': 2, 'River': 0, 'Drain': 0, 'Restoration': 0, 'Protection': 0, 'irr': 0, 'irrigation': 0, 'dam': 0, 'Nallah': 2, 'Retrofitting': 0, 'Pond': 0, 'Pokhari': 0, 'D/C': 0, 'Recharge shaft': 0, 'LFB': 0, 'RFB': 0}","{'Floodlight': 0, 'Flood Light': 0, 'GAS': 0, 'FIFA': 0, 'pipe': 0, 'pipes': 0, 'covid': 0, 'supply': 0, 'Beautification': 0, 'Installation': 0}",Post-Monsoon,,False,True,Repair and Restoration,"{'Construction': 2, 'Bridge': 2}"
2026_CEMIB_128417_8,"SE,MID,SBP/02/2026-27",Construction of Nuabandha Check Dam over local nalla in Jamankira Block of Sambalpur District under MATY 2026-27.,Construction of Nuabandha Check Dam over local nalla in Jamankira Block of Sambalpur District under MATY 2026-27.,Works,Open Tender,Percentage,Civil Works - Others,No,No,NA ,24-Apr-2026 11:00 AM,NA ,90.0,No ,No,Online,05-May-2026 10:00 AM,"CE,Minor Irrigation,BBSR||SENMIC-SAMBALPUR||SAMBALPUR",Sambalpur,768001.0,1.0,"41,32,039",AMIT KUMAR PATEL,"4,132,038.24",Rejected-AOC,04-Jun-2026,"CE,Minor Irrigation,BBSR||SENMIC-SAMBALPUR||SAMBALPUR",True,"{'Flood': 0, 'Embankment': 0, 'embkt': 0, 'Relief': 0, 'Erosion': 0, 'SDRF': 0, 'Inundation': 0, 'Hydrology': 0, 'Silt': 0, 'Siltation': 0, 'Bund': 0, 'Trench': 0, 'Breach': 0, 'Culvert': 0, 'Sluice': 0, 'Dyke': 0, 'Storm water drain': 0, 'Emergency': 0, 'Immediate': 0, 'IM': 0, 'AE': 0, 'A E': 0, 'AAPDA MITRA': 0, 'flood': 0, 'Bridge': 0, 'River': 0, 'Drain': 0, 'Restoration': 0, 'Protection': 0, 'irr': 0, 'irrigation': 0, 'dam': 2, 'Nallah': 0, 'Retrofitting': 0, 'Pond': 0, 'Pokhari': 0, 'D/C': 0, 'Recharge shaft': 0, 'LFB': 0, 'RFB': 0}","{'Floodlight': 0, 'Flood Light': 0, 'GAS': 0, 'FIFA': 0, 'pipe': 0, 'pipes': 0, 'covid': 0, 'supply': 0, 'Beautification': 0, 'Installation': 0}",Pre-Monsoon,,False,False,Repair and Restoration,"{'Check Dam': 2, 'Construction': 2}"
2026_CEBMB_128949_3,SE-HID-ADV-02/2026-27,"Desilting to Hukuma Sub-Minor, Chanchadapalli Sub-Minor, Bijayagopalpur Sub-Minor and B Kotibadi Sub-Minor of Harabhangi Irrigation Project.",DESILTING OF CANAL,Works,National Competitive Bid,Percentage,Civil Works - Others,No,No,NA ,11-May-2026 11:00 AM,NA ,90.0,No ,No,Online,25-May-2026 11:00 AM,"CE-BM,RVN Basin,Berhampur||SE Southern Irr Circle II Paralakhemundi||EE Harabhangi Irr Divn Adava",ADAVA,761217.0,1.0,"3,32,832",ACHYUTANANDA PRADHAN,"282,908",Rejected-Finance,01-Jul-2026,"CE-BM,RVN Basin,Berhampur||SE Southern Irr Circle II Paralakhemundi||EE Harabhangi Irr Divn Adava",True,"{'Flood': 0, 'Embankment': 0, 'embkt': 0, 'Relief': 0, 'Erosion': 0, 'SDRF': 0, 'Inundation': 0, 'Hydrology': 0, 'Silt': 0, 'Siltation': 0, 'Bund': 0, 'Trench': 0, 'Breach': 0, 'Culvert': 0, 'Sluice': 0, 'Dyke': 0, 'Storm water drain': 0, 'Emergency': 0, 'Immediate': 0, 'IM': 0, 'AE': 0, 'A E': 0, 'AAPDA MITRA': 0, 'flood': 0, 'Bridge': 0, 'River': 0, 'Drain': 0, 'Restoration': 0, 'Protection': 0, 'irr': 0, 'irrigation': 1, 'dam': 0, 'Nallah': 0, 'Retrofitting': 0, 'Pond': 0, 'Pokhari': 0, 'D/C': 0, 'Recharge shaft': 0, 'LFB': 0, 'RFB': 0}","{'Floodlight': 0, 'Flood Light': 0, 'GAS': 0, 'FIFA': 0, 'pipe': 0, 'pipes': 0, 'covid': 0, 'supply': 0, 'Beautification': 0, 'Installation': 0}",Pre-Monsoon,,False,False,Others,
2026_ORULB_126636_28,BMC-EE-Tender Cell-73/2025-26 Dt. 25.02.2026,Renovation with peripheral development of Nua Pokhari Waterbody in Ward No. 50,Renovation with peripheral development of Nua Pokhari Waterbody in Ward No. 50,Works,Open Tender,Percentage,Civil Works - Others,No,No,NA ,28-Feb-2026 10:30 AM,05-Mar-2026 04:00 PM ,120.0,No ,No,Online,12-Mar-2026 11:00 AM,Municipal Bodies||Bhubaneswar Municipal Corporation,BMC AREA,751022.0,1.0,"25,43,258",AMIYA KUMAR PAIKARAY,"2,457,855",Rejected-Finance,28-Jul-2026,Municipal Bodies||Bhubaneswar Municipal Corporation,True,"{'Flood': 0, 'Embankment': 0, 'embkt': 0, 'Relief': 0, 'Erosion': 0, 'SDRF': 0, 'Inundation': 0, 'Hydrology': 0, 'Silt': 0, 'Siltation': 0, 'Bund': 0, 'Trench': 0, 'Breach': 0, 'Culvert': 0, 'Sluice': 0, 'Dyke': 0, 'Storm water drain': 0, 'Emergency': 0, 'Immediate': 0, 'IM': 0, 'AE': 0, 'A E': 0, 'AAPDA MITRA': 0, 'flood': 0, 'Bridge': 0, 'River': 0, 'Drain': 0, 'Restoration': 0, 'Protection': 0, 'irr': 0, 'irrigation': 0, 'dam': 0, 'Nallah': 0, 'Retrofitting': 0, 'Pond': 0, 'Pokhari': 2, 'D/C': 0, 'Recharge shaft': 0, 'LFB': 0, 'RFB': 0}","{'Floodlight': 0, 'Flood Light': 0, 'GAS': 0, 'FIFA': 0, 'pipe': 0, 'pipes': 0, 'covid': 0, 'supply': 0, 'Beautification': 0, 'Installation': 0}",Post-Monsoon,,False,False,Repair and Restoration,{'renovation': 2}
2026_ORULB_127440_11,EO/PDPM/W_06/2025-26,"Construction of road and drain at Kalingapada Tapana Colony, Balijhara in ward no 05","Construction of road and drain at Kalingapada Tapana Colony, Balijhara in ward no 05",Works,Open Tender,Percentage,Civil Works - Others,No,No,NA ,20-Mar-2026 05:30 PM,NA ,120.0,No ,No,Online,02-Apr-2026 11:30 AM,Municipal Bodies||Paradeep Municipality,Paradeep Municipality,754142.0,1.0,"12,39,153",BABRU BAHAN BEHERA,"1,274,500",Accepted-AOC,09-Jul-2026,Municipal Bodies||Paradeep Municipality,True,"{'Flood': 0, 'Embankment': 0, 'embkt': 0, 'Relief': 0, 'Erosion': 0, 'SDRF': 0, 'Inundation': 0, 'Hydrology': 0, 'Silt': 0, 'Siltation': 0, 'Bund': 0, 'Trench': 0, 'Breach': 0, 'Culvert': 0, 'Sluice': 0, 'Dyke': 0, 'Storm water drain': 0, 'Emergency': 0, 'Immediate': 0, 'IM': 0, 'AE': 0, 'A E': 0, 'AAPDA MITRA': 0, 'flood': 0, 'Bridge': 0, 'River': 0, 'Drain': 2, 'Restoration': 0, 'Protection': 0, 'irr': 0, 'irrigation': 0, 'dam': 0, 'Nallah': 0, 'Retrofitting': 0, 'Pond': 0, 'Pokhari': 0, 'D/C': 0, 'Recharge shaft': 0, 'LFB': 0, 'RFB': 0}","{'Floodlight': 0, 'Flood Light': 0, 'GAS': 0, 'FIFA': 0, 'pipe': 0, 'pipes': 0, 'covid': 0, 'supply': 0, 'Beautification': 0, 'Installation': 0}",Pre-Monsoon,,False,True,Repair and Restoration,"{'Construction': 2, 'Drain': 2}"
2026_ORULB_129735_8,BBLM-2/2026-27,Construction of drain from Dharanidhar Mahanta house towards Community Mandap at Uttamsingh hutting in Ward No.13 (Balance work),Construction of drain from Dharanidhar Mahanta house towards Community Mandap at Uttamsingh hutting in Ward No.13 (Balance work),Works,Open Tender,Percentage,Civil Works - Others,No,No,NA ,26-May-2026 10:00 AM,NA ,90.0,No ,No,Online,11-Jun-2026 11:00 AM,Municipal Bodies||Barbil Municipality,Barbil,758035.0,2.0,"8,97,000",BALARAM SAHOO,"753,572",Accepted-AOC,08-Jul-2026,Municipal Bodies||Barbil Municipality,True,"{'Flood': 0, 'Embankment': 0, 'embkt': 0, 'Relief': 0, 'Erosion': 0, 'SDRF': 0, 'Inundation': 0, 'Hydrology': 0, 'Silt': 0, 'Siltation': 0, 'Bund': 0, 'Trench': 0, 'Breach': 0, 'Culvert': 0, 'Sluice': 0, 'Dyke': 0, 'Storm water drain': 0, 'Emergency': 0, 'Immediate': 0, 'IM': 0, 'AE': 0, 'A E': 0, 'AAPDA MITRA': 0, 'flood': 0, 'Bridge': 0, 'River': 0, 'Drain': 2, 'Restoration': 0, 'Protection': 0, 'irr': 0, 'irrigation': 0, 'dam': 0, 'Nallah': 0, 'Retrofitting': 0, 'Pond': 0, 'Pokhari': 0, 'D/C': 0, 'Recharge shaft': 0, 'LFB': 0, 'RFB': 0}","{'Floodlight': 0, 'Flood Light': 0, 'GAS': 0, 'FIFA': 0, 'pipe': 0, 'pipes': 0, 'covid': 0, 'supply': 0, 'Beautification': 0, 'Installation': 0}",Pre-Monsoon,,False,True,Repair and Restoration,"{'Construction': 2, 'Drain': 2}"
2026_CERWI_126532_1,Tender Online RCK-03/26,Construction of Mangalpur Irrigation Bandha to Bhabanipur Irrigation Embankment Road in the Dist. of Jajpur for the year 2025-26.,Construction of road works,Works,National Competitive Bid,Percentage,Civil Works - Roads,No,No,NA ,24-Feb-2026 02:00 PM,NA ,90.0,No ,No,Online,06-Mar-2026 11:00 AM,CE RW I||RWCIRCLE-KENDRAPARA,Jajpur,755001.0,2.0,"3,90,38,764",KALPATARU SAHOO,"40,834,547",Rejected-Finance,07-Jul-2026,CE RW I||RWCIRCLE-KENDRAPARA,True,"{'Flood': 0, 'Embankment': 1, 'embkt': 0, 'Relief': 0, 'Erosion': 0, 'SDRF': 0, 'Inundation': 0, 'Hydrology': 0, 'Silt': 0, 'Siltation': 0, 'Bund': 0, 'Trench': 0, 'Breach': 0, 'Culvert': 0, 'Sluice': 0, 'Dyke': 0, 'Storm water drain': 0, 'Emergency': 0, 'Immediate': 0, 'IM': 0, 'AE': 0, 'A E': 0, 'AAPDA MITRA': 0, 'flood': 0, 'Bridge': 0, 'River': 0, 'Drain': 0, 'Restoration': 0, 'Protection': 0, 'irr': 0, 'irrigation': 2, 'dam': 0, 'Nallah': 0, 'Retrofitting': 0, 'Pond': 0, 'Pokhari': 0, 'D/C': 0, 'Recharge shaft': 0, 'LFB': 0, 'RFB': 0}","{'Floodlight': 0, 'Flood Light': 0, 'GAS': 0, 'FIFA': 0, 'pipe': 0, 'pipes': 0, 'covid': 0, 'supply': 0, 'Beautification': 0, 'Installation': 0}",Post-Monsoon,,False,True,Repair and Restoration,{'Construction': 2}
2026_CEBMB_128949_33,SE-HID-ADV-02/2026-27,Restoration of 6 nos of outlets of Kadaguda Distry of Harabhangi Irrigation Project,MAINTENANCE WORK,Works,National Competitive Bid,Percentage,Civil Works - Others,No,No,NA ,11-May-2026 11:00 AM,NA ,90.0,No ,No,Online,25-May-2026 11:00 AM,"CE-BM,RVN Basin,Berhampur||SE Southern Irr Circle II Paralakhemundi||EE Harabhangi Irr Divn Adava",ADAVA,761217.0,1.0,"6,92,296",Ajit Kumar Gouda,"553,144",Rejected-Finance,22-Jul-2026,"CE-BM,RVN Basin,Berhampur||SE Southern Irr Circle II Paralakhemundi||EE Harabhangi Irr Divn Adava",True,"{'Flood': 0, 'Embankment': 0, 'embkt': 0, 'Relief': 0, 'Erosion': 0, 'SDRF': 0, 'Inundation': 0, 'Hydrology': 0, 'Silt': 0, 'Siltation': 0, 'Bund': 0, 'Trench': 0, 'Breach': 0, 'Culvert': 0, 'Sluice': 0, 'Dyke': 0, 'Storm water drain': 0, 'Emergency': 0, 'Immediate': 0, 'IM': 0, 'AE': 0, 'A E': 0, 'AAPDA MITRA': 0, 'flood': 0, 'Bridge': 0, 'River': 0, 'Drain': 0, 'Restoration': 1, 'Protection': 0, 'irr': 0, 'irrigation': 1, 'dam': 0, 'Nallah': 0, 'Retrofitting': 0, 'Pond': 0, 'Pokhari': 0, 'D/C': 0, 'Recharge shaft': 0, 'LFB': 0, 'RFB': 0}","{'Floodlight': 0, 'Flood Light': 0, 'GAS': 0, 'FIFA': 0, 'pipe': 0, 'pipes': 0, 'covid': 0, 'supply': 0, 'Beautification': 0, 'Installation': 0}",Pre-Monsoon,,False,False,Repair and Restoration,{'restoration': 1}
2026_ORULB_128734_26,SNP-MUN-37/2026-27,Restoration of Drain and Road from Boultal to Gaouri Ghat on ward no-4,Restoration of Drain and Road from Boultal to Gaouri Ghat on ward no-4,Works,Open Tender,Percentage,Civil Works - Others,No,No,NA ,05-May-2026 11:00 AM,NA ,60.0,No ,No,Online,16-May-2026 11:00 AM,Municipal Bodies||Sonepur Municipal Council,Sonepur Municipality,767017.0,1.0,"12,71,862",BIBHUTI BHUSAN DASH,"1,271,862",Rejected-Technical,20-Jul-2026,Municipal Bodies||Sonepur Municipal Council,True,"{'Flood': 0, 'Embankment': 0, 'embkt': 0, 'Relief': 0, 'Erosion': 0, 'SDRF': 0, 'Inundation': 0, 'Hydrology': 0, 'Silt': 0, 'Siltation': 0, 'Bund': 0, 'Trench': 0, 'Breach': 0, 'Culvert': 0, 'Sluice': 0, 'Dyke': 0, 'Storm water drain': 0, 'Emergency': 0, 'Immediate': 0, 'IM': 0, 'AE': 0, 'A E': 0, 'AAPDA MITRA': 0, 'flood': 0, 'Bridge': 0, 'River': 0, 'Drain': 2, 'Restoration': 2, 'Protection': 0, 'irr': 0, 'irrigation': 0, 'dam': 0, 'Nallah': 0, 'Retrofitting': 0, 'Pond': 0, 'Pokhari': 0, 'D/C': 0, 'Recharge shaft': 0, 'LFB': 0, 'RFB': 0}","{'Floodlight': 0, 'Flood Light': 0, 'GAS': 0, 'FIFA': 0, 'pipe': 0, 'pipes': 0, 'covid': 0, 'supply': 0, 'Beautification': 0, 'Installation': 0}",Pre-Monsoon,,False,True,Repair and Restoration,"{'restoration': 2, 'Drain': 2}"
2026_ORULB_128734_32,SNP-MUN-37/2026-27,Restoration of road and drain from sudhir meher house to Chandra Sekhar Mandir in w.no-14 15,Restoration of road and drain from sudhir meher house to Chandra Sekhar Mandir in w.no-14 15,Works,Open Tender,Percentage,Civil Works - Others,No,No,NA ,05-May-2026 11:00 AM,NA ,60.0,No ,No,Online,16-May-2026 11:00 AM,Municipal Bodies||Sonepur Municipal Council,Sonepur Municipality,767017.0,1.0,"12,33,367",BIKRAM KUMAR AGRAWAL,"1,233,364",Accepted-AOC,25-Jul-2026,Municipal Bodies||Sonepur Municipal Council,True,"{'Flood': 0, 'Embankment': 0, 'embkt': 0, 'Relief': 0, 'Erosion': 0, 'SDRF': 0, 'Inundation': 0, 'Hydrology': 0, 'Silt': 0, 'Siltation': 0, 'Bund': 0, 'Trench': 0, 'Breach': 0, 'Culvert': 0, 'Sluice': 0, 'Dyke': 0, 'Storm water drain': 0, 'Emergency': 0, 'Immediate': 0, 'IM': 0, 'AE': 0, 'A E': 0, 'AAPDA MITRA': 0, 'flood': 0, 'Bridge': 0, 'River': 0, 'Drain': 2, 'Restoration': 2, 'Protection': 0, 'irr': 0, 'irrigation': 0, 'dam': 0, 'Nallah': 0, 'Retrofitting': 0, 'Pond': 0, 'Pokhari': 0, 'D/C': 0, 'Recharge shaft': 0, 'LFB': 0, 'RFB': 0}","{'Floodlight': 0, 'Flood Light': 0, 'GAS': 0, 'FIFA': 0, 'pipe': 0, 'pipes': 0, 'covid': 0, 'supply': 0, 'Beautification': 0, 'Installation': 0}",Pre-Monsoon,,False,True,Repair and Restoration,"{'restoration': 2, 'Drain': 2}"
2026_ORULB_128875_2,11/SMC_SBP/2026-27,"Construction of paver block road with drain from Katapali rice mill to Jharapali ( jhareipali), ward no-2","Construction of paver block road with drain from Katapali rice mill to Jharapali ( jhareipali), ward no-2",Works,Open Tender,Percentage,Civil Works - Others,No,No,NA ,09-May-2026 11:00 AM,NA ,120.0,No ,No,Online,29-May-2026 11:00 AM,Municipal Bodies||Sambalpur Municipal Corporation,SAMBALPUR MUNICIPAL CORPORATION,768006.0,2.0,"1,69,47,817",AKASH AGRAWAL,"16,947,817",Rejected-Technical,24-Jul-2026,Municipal Bodies||Sambalpur Municipal Corporation,True,"{'Flood': 0, 'Embankment': 0, 'embkt': 0, 'Relief': 0, 'Erosion': 0, 'SDRF': 0, 'Inundation': 0, 'Hydrology': 0, 'Silt': 0, 'Siltation': 0, 'Bund': 0, 'Trench': 0, 'Breach': 0, 'Culvert': 0, 'Sluice': 0, 'Dyke': 0, 'Storm water drain': 0, 'Emergency': 0, 'Immediate': 0, 'IM': 0, 'AE': 0, 'A E': 0, 'AAPDA MITRA': 0, 'flood': 0, 'Bridge': 0, 'River': 0, 'Drain': 2, 'Restoration': 0, 'Protection': 0, 'irr': 0, 'irrigation': 0, 'dam': 0, 'Nallah': 0, 'Retrofitting': 0, 'Pond': 0, 'Pokhari': 0, 'D/C': 0, 'Recharge shaft': 0, 'LFB': 0, 'RFB': 0}","{'Floodlight': 0, 'Flood Light': 0, 'GAS': 0, 'FIFA': 0, 'pipe': 0, 'pipes': 0, 'covid': 0, 'supply': 0, 'Beautification': 0, 'Installation': 0}",Pre-Monsoon,,False,True,Repair and Restoration,"{'Construction': 2, 'Drain': 2}"
2026_CEMIB_128458_3,SEMIDRGD-03/2026-27,Construction of Damburunalla Check Dam (RG010166) in Bissamcuttack Block of Rayagada District under MATY 3.0 for the Year 2026-27,Construction of Damburunalla Check Dam (RG010166) in Bissamcuttack Block of Rayagada District under MATY 3.0 for the Year 2026-27,Works,National Competitive Bid,Percentage,Civil Works - Others,No,No,NA ,29-Apr-2026 10:00 AM,NA ,90.0,No ,No,Online,14-May-2026 11:00 AM,"CE,Minor Irrigation,BBSR||SE,KBK Minor Irr.CircleII,Jeypore||EE M.I. Division Rayagada",Rayagada,765001.0,2.0,"99,34,208",AJIT KUMAR BEHERA,"9,934,207.59",Rejected-AOC,17-Jun-2026,"CE,Minor Irrigation,BBSR||SE,KBK Minor Irr.CircleII,Jeypore||EE M.I. Division Rayagada",True,"{'Flood': 0, 'Embankment': 0, 'embkt': 0, 'Relief': 0, 'Erosion': 0, 'SDRF': 0, 'Inundation': 0, 'Hydrology': 0, 'Silt': 0, 'Siltation': 0, 'Bund': 0, 'Trench': 0, 'Breach': 0, 'Culvert': 0, 'Sluice': 0, 'Dyke': 0, 'Storm water drain': 0, 'Emergency': 0, 'Immediate': 0, 'IM': 0, 'AE': 0, 'A E': 0, 'AAPDA MITRA': 0, 'flood': 0, 'Bridge': 0, 'River': 0, 'Drain': 0, 'Restoration': 0, 'Protection': 0, 'irr': 0, 'irrigation': 0, 'dam': 2, 'Nallah': 0, 'Retrofitting': 0, 'Pond': 0, 'Pokhari': 0, 'D/C': 0, 'Recharge shaft': 0, 'LFB': 0, 'RFB': 0}","{'Floodlight': 0, 'Flood Light': 0, 'GAS': 0, 'FIFA': 0, 'pipe': 0, 'pipes': 0, 'covid': 0, 'supply': 0, 'Beautification': 0, 'Installation': 0}",Pre-Monsoon,,False,False,Repair and Restoration,"{'Check Dam': 2, 'Construction': 2}"
2026_CEMIB_128870_1,"SE,MID,DGR /01/ 2026-27",Construction of Chitranali-II Check Dam over Local Nalla Near village Gagua in Tileibani Block of Deogarh District under MATY Scheme.,Construction of Chitranali-II Check Dam over Local Nalla Near village Gagua in Tileibani Block of Deogarh District under MATY Scheme.,Works,Open Tender,Percentage,Civil Works - Others,No,No,NA ,07-May-2026 10:00 AM,NA ,270.0,No ,No,Online,19-May-2026 11:00 AM,"CE,Minor Irrigation,BBSR||SE,Eastern Minor Irr.Circle,Keonjhar||EE M.I. Division Keonjhar",DEOGARH,768201.0,2.0,"72,15,316",ABINASH MAHAPATRA,"5,123,596.13",Accepted-AOC,02-Jul-2026,"CE,Minor Irrigation,BBSR||SE,Eastern Minor Irr.Circle,Keonjhar||EE M.I. Division Keonjhar",True,"{'Flood': 0, 'Embankment': 0, 'embkt': 0, 'Relief': 0, 'Erosion': 0, 'SDRF': 0, 'Inundation': 0, 'Hydrology': 0, 'Silt': 0, 'Siltation': 0, 'Bund': 0, 'Trench': 0, 'Breach': 0, 'Culvert': 0, 'Sluice': 0, 'Dyke': 0, 'Storm water drain': 0, 'Emergency': 0, 'Immediate': 0, 'IM': 0, 'AE': 0, 'A E': 0, 'AAPDA MITRA': 0, 'flood': 0, 'Bridge': 0, 'River': 0, 'Drain': 0, 'Restoration': 0, 'Protection': 0, 'irr': 0, 'irrigation': 0, 'dam': 2, 'Nallah': 0, 'Retrofitting': 0, 'Pond': 0, 'Pokhari': 0, 'D/C': 0, 'Recharge shaft': 0, 'LFB': 0, 'RFB': 0}","{'Floodlight': 0, 'Flood Light': 0, 'GAS': 0, 'FIFA': 0, 'pipe': 0, 'pipes': 0, 'covid': 0, 'supply': 0, 'Beautification': 0, 'Installation': 0}",Pre-Monsoon,,False,False,Repair and Restoration,"{'Check Dam': 2, 'Construction': 2}"
2025_ORULB_115623_25,JM-01/2025-26,Construction repairing of Road and drain with Cover slab at Azad Basti near Santoshi Maa Mandir Ward No 05 Joda Municipality SFC MV Tax,WORKS,Works,Open Tender,Percentage,Civil Works - Others,No,No,NA ,17-Jul-2025 10:00 AM,NA ,120.0,No ,No,Online,31-Jul-2025 11:00 AM,Municipal Bodies||Joda Municipality,JODA MUNICIPALITY AT PO BANEIKALA JODA KEONJHAR,758038.0,1.0,"8,72,939",RABINARAYAN SAHOO,"1,030,000",Rejected-AOC,07-Jul-2026,Municipal Bodies||Joda Municipality,True,"{'Flood': 0, 'Embankment': 0, 'embkt': 0, 'Relief': 0, 'Erosion': 0, 'SDRF': 0, 'Inundation': 0, 'Hydrology': 0, 'Silt': 0, 'Siltation': 0, 'Bund': 0, 'Trench': 0, 'Breach': 0, 'Culvert': 0, 'Sluice': 0, 'Dyke': 0, 'Storm water drain': 0, 'Emergency': 0, 'Immediate': 0, 'IM': 0, 'AE': 0, 'A E': 0, 'AAPDA MITRA': 0, 'flood': 0, 'Bridge': 0, 'River': 0, 'Drain': 1, 'Restoration': 0, 'Protection': 0, 'irr': 0, 'irrigation': 0, 'dam': 0, 'Nallah': 0, 'Retrofitting': 0, 'Pond': 0, 'Pokhari': 0, 'D/C': 0, 'Recharge shaft': 0, 'LFB': 0, 'RFB': 0}","{'Floodlight': 0, 'Flood Light': 0, 'GAS': 0, 'FIFA': 0, 'pipe': 0, 'pipes': 0, 'covid': 0, 'supply': 0, 'Beautification': 0, 'Installation': 0}",Monsoon,,False,True,Repair and Restoration,"{'repairing': 1, 'Construction': 1, 'Drain': 1}"
2025_ORULB_115623_19,JM-01/2025-26,Construction of Drain from Rabi Mohanty House to Aju Barik House at Sastrinagar in Ward No01 SFC Storm Water drainage,WORKS,Works,Open Tender,Percentage,Civil Works - Others,No,No,NA ,17-Jul-2025 10:00 AM,NA ,120.0,No ,No,Online,31-Jul-2025 11:00 AM,Municipal Bodies||Joda Municipality,JODA MUNICIPALITY AT PO BANEIKALA JODA KEONJHAR,758038.0,1.0,"4,91,529",Prafulla Kumar Routray,"580,000",Rejected-AOC,16-Jul-2026,Municipal Bodies||Joda Municipality,True,"{'Flood': 0, 'Embankment': 0, 'embkt': 0, 'Relief': 0, 'Erosion': 0, 'SDRF': 0, 'Inundation': 0, 'Hydrology': 0, 'Silt': 0, 'Siltation': 0, 'Bund': 0, 'Trench': 0, 'Breach': 0, 'Culvert': 0, 'Sluice': 0, 'Dyke': 0, 'Storm water drain': 0, 'Emergency': 0, 'Immediate': 0, 'IM': 0, 'AE': 0, 'A E': 0, 'AAPDA MITRA': 0, 'flood': 0, 'Bridge': 0, 'River': 0, 'Drain': 1, 'Restoration': 0, 'Protection': 0, 'irr': 0, 'irrigation': 0, 'dam': 0, 'Nallah': 0, 'Retrofitting': 0, 'Pond': 0, 'Pokhari': 0, 'D/C': 0, 'Recharge shaft': 0, 'LFB': 0, 'RFB': 0}","{'Floodlight': 0, 'Flood Light': 0, 'GAS': 0, 'FIFA': 0, 'pipe': 0, 'pipes': 0, 'covid': 0, 'supply': 0, 'Beautification': 0, 'Installation': 0}",Monsoon,,False,True,Repair and Restoration,"{'Construction': 1, 'Drain': 1}"
2026_ORULB_127203_11,EONM-06/2025-26,Construction of Paver Block Road with Drain from Ganesh Jani to Swami Ayyappa Temple in Ward No 15,CIVIL WORK,Works,Open Tender,Percentage,Civil Works - Others,No,No,NA ,16-Mar-2026 11:00 AM,NA ,90.0,No ,No,Online,26-Mar-2026 11:00 AM,Municipal Bodies||Nabarangpur Municipality,Nabarangpur,764059.0,1.0,"28,45,563",BABITA KUMARI MOHAPATRA,"2,419,014",Rejected-AOC,29-Jul-2026,Municipal Bodies||Nabarangpur Municipality,True,"{'Flood': 0, 'Embankment': 0, 'embkt': 0, 'Relief': 0, 'Erosion': 0, 'SDRF': 0, 'Inundation': 0, 'Hydrology': 0, 'Silt': 0, 'Siltation': 0, 'Bund': 0, 'Trench': 0, 'Breach': 0, 'Culvert': 0, 'Sluice': 0, 'Dyke': 0, 'Storm water drain': 0, 'Emergency': 0, 'Immediate': 0, 'IM': 0, 'AE': 0, 'A E': 0, 'AAPDA MITRA': 0, 'flood': 0, 'Bridge': 0, 'River': 0, 'Drain': 1, 'Restoration': 0, 'Protection': 0, 'irr': 0, 'irrigation': 0, 'dam': 0, 'Nallah': 0, 'Retrofitting': 0, 'Pond': 0, 'Pokhari': 0, 'D/C': 0, 'Recharge shaft': 0, 'LFB': 0, 'RFB': 0}","{'Floodlight': 0, 'Flood Light': 0, 'GAS': 0, 'FIFA': 0, 'pipe': 0, 'pipes': 0, 'covid': 0, 'supply': 0, 'Beautification': 0, 'Installation': 0}",Pre-Monsoon,,False,True,Repair and Restoration,"{'Construction': 1, 'Drain': 1}"
2026_CEBBS_129136_10,SE-AID-2/2026-27,Construction of RCC Trough wall to Jarasingha Minor in between RD 650m to 1250m of Derjang Irrigation Project.,Construction of RCC Trough wall to Jarasingha Minor in between RD 650m to 1250m of Derjang Irrigation Project.,Works,Open Tender,Percentage,Civil Works - Canal,No,No,NA ,13-May-2026 11:00 AM,NA ,90.0,No ,No,Online,25-May-2026 09:00 AM,CE and BM Brahmani Basin Samal||SE Angul Irrigation Circle Angul||EE Angul Irrigation Division Angul,Angul,759143.0,1.0,,ANASUYA BEHERA,"676,263",Rejected-Technical,22-Jun-2026,CE and BM Brahmani Basin Samal||SE Angul Irrigation Circle Angul||EE Angul Irrigation Division Angul,True,"{'Flood': 0, 'Embankment': 0, 'embkt': 0, 'Relief': 0, 'Erosion': 0, 'SDRF': 0, 'Inundation': 0, 'Hydrology': 0, 'Silt': 0, 'Siltation': 0, 'Bund': 0, 'Trench': 0, 'Breach': 0, 'Culvert': 0, 'Sluice': 0, 'Dyke': 0, 'Storm water drain': 0, 'Emergency': 0, 'Immediate': 0, 'IM': 0, 'AE': 0, 'A E': 0, 'AAPDA MITRA': 0, 'flood': 0, 'Bridge': 0, 'River': 0, 'Drain': 0, 'Restoration': 0, 'Protection': 0, 'irr': 0, 'irrigation': 2, 'dam': 0, 'Nallah': 0, 'Retrofitting': 0, 'Pond': 0, 'Pokhari': 0, 'D/C': 0, 'Recharge shaft': 0, 'LFB': 0, 'RFB': 0}","{'Floodlight': 0, 'Flood Light': 0, 'GAS': 0, 'FIFA': 0, 'pipe': 0, 'pipes': 0, 'covid': 0, 'supply': 0, 'Beautification': 0, 'Installation': 0}",Pre-Monsoon,,False,False,Repair and Restoration,{'Construction': 2}
2026_ORULB_128333_19,MC(CMC)CTC_Div-I_No.1/2026-27,Construction of drain from Town Hall Chhack to Manikgosh Bazar Chhaka in Ward No. 21.,Construction of drain from Town Hall Chhack to Manikgosh Bazar Chhaka in Ward No. 21.,Works,Open Tender,Percentage,Civil Works - Others,No,No,NA ,23-Apr-2026 01:00 PM,NA ,90.0,No ,No,Online,07-May-2026 11:00 AM,Municipal Bodies||Cuttack Municipal Corporation,CMC,753012.0,1.0,"5,28,400",ABINASH BASTIA,"528,308",Rejected-AOC,15-Jul-2026,Municipal Bodies||Cuttack Municipal Corporation,True,"{'Flood': 0, 'Embankment': 0, 'embkt': 0, 'Relief': 0, 'Erosion': 0, 'SDRF': 0, 'Inundation': 0, 'Hydrology': 0, 'Silt': 0, 'Siltation': 0, 'Bund': 0, 'Trench': 0, 'Breach': 0, 'Culvert': 0, 'Sluice': 0, 'Dyke': 0, 'Storm water drain': 0, 'Emergency': 0, 'Immediate': 0, 'IM': 0, 'AE': 0, 'A E': 0, 'AAPDA MITRA': 0, 'flood': 0, 'Bridge': 0, 'River': 0, 'Drain': 2, 'Restoration': 0, 'Protection': 0, 'irr': 0, 'irrigation': 0, 'dam': 0, 'Nallah': 0, 'Retrofitting': 0, 'Pond': 0, 'Pokhari': 0, 'D/C': 0, 'Recharge shaft': 0, 'LFB': 0, 'RFB': 0}","{'Floodlight': 0, 'Flood Light': 0, 'GAS': 0, 'FIFA': 0, 'pipe': 0, 'pipes': 0, 'covid': 0, 'supply': 0, 'Beautification': 0, 'Installation': 0}",Pre-Monsoon,,False,True,Repair and Restoration,"{'Construction': 2, 'Drain': 2}"
2026_OHPCL_129852_1,RHEP-TCN No.07-2026-27,RHEP-TCN NO.-07-2026-27,"Annual job contract for street sweeping,drain cleaning,conservancy cleaning and lifting of waste from RHEP colony,Rengali",Works,Open Tender,Percentage,Civil Works - Others,No,No,NA ,29-May-2026 10:00 AM,NA ,120.0,No ,No,Online,16-Jun-2026 11:30 AM,Odisha Hydro Power Corporation Ltd||Rengali H.E. Project Rengali,"RHEP,RENGALI",759105.0,2.0,,DIBYASHREE AGENCY,"2,441,279",Rejected-Finance,29-Jul-2026,Odisha Hydro Power Corporation Ltd||Rengali H.E. Project Rengali,True,"{'Flood': 0, 'Embankment': 0, 'embkt': 0, 'Relief': 0, 'Erosion': 0, 'SDRF': 0, 'Inundation': 0, 'Hydrology': 0, 'Silt': 0, 'Siltation': 0, 'Bund': 0, 'Trench': 0, 'Breach': 0, 'Culvert': 0, 'Sluice': 0, 'Dyke': 0, 'Storm water drain': 0, 'Emergency': 0, 'Immediate': 0, 'IM': 0, 'AE': 0, 'A E': 0, 'AAPDA MITRA': 0, 'flood': 0, 'Bridge': 0, 'River': 0, 'Drain': 1, 'Restoration': 0, 'Protection': 0, 'irr': 0, 'irrigation': 0, 'dam': 0, 'Nallah': 0, 'Retrofitting': 0, 'Pond': 0, 'Pokhari': 0, 'D/C': 0, 'Recharge shaft': 0, 'LFB': 0, 'RFB': 0}","{'Floodlight': 0, 'Flood Light': 0, 'GAS': 0, 'FIFA': 0, 'pipe': 0, 'pipes': 0, 'covid': 0, 'supply': 0, 'Beautification': 0, 'Installation': 0}",Pre-Monsoon,,False,True,Repair and Restoration,{'Drain': 1}
2026_CEBBS_129136_11,SE-AID-2/2026-27,Improvement to Bentapur Minor in between RD 300m to 800m Repairs to fall and outlets of Derjang Irrigation Project.,Improvement to Bentapur Minor in between RD 300m to 800m Repairs to fall and outlets of Derjang Irrigation Project.,Works,Open Tender,Percentage,Civil Works - Canal,No,No,NA ,13-May-2026 11:00 AM,NA ,90.0,No ,No,Online,25-May-2026 09:00 AM,CE and BM Brahmani Basin Samal||SE Angul Irrigation Circle Angul||EE Angul Irrigation Division Angul,Angul,759143.0,1.0,,LAXMIDHAR SAHOO,"634,678",Rejected-Finance,23-Jun-2026,CE and BM Brahmani Basin Samal||SE Angul Irrigation Circle Angul||EE Angul Irrigation Division Angul,True,"{'Flood': 0, 'Embankment': 0, 'embkt': 0, 'Relief': 0, 'Erosion': 0, 'SDRF': 0, 'Inundation': 0, 'Hydrology': 0, 'Silt': 0, 'Siltation': 0, 'Bund': 0, 'Trench': 0, 'Breach': 0, 'Culvert': 0, 'Sluice': 0, 'Dyke': 0, 'Storm water drain': 0, 'Emergency': 0, 'Immediate': 0, 'IM': 0, 'AE': 0, 'A E': 0, 'AAPDA MITRA': 0, 'flood': 0, 'Bridge': 0, 'River': 0, 'Drain': 0, 'Restoration': 0, 'Protection': 0, 'irr': 0, 'irrigation': 2, 'dam': 0, 'Nallah': 0, 'Retrofitting': 0, 'Pond': 0, 'Pokhari': 0, 'D/C': 0, 'Recharge shaft': 0, 'LFB': 0, 'RFB': 0}","{'Floodlight': 0, 'Flood Light': 0, 'GAS': 0, 'FIFA': 0, 'pipe': 0, 'pipes': 0, 'covid': 0, 'supply': 0, 'Beautification': 0, 'Installation': 0}",Pre-Monsoon,,False,False,Repair and Restoration,{'improvement': 2}
2025_ORULB_115623_24,JM-01/2025-26,Construction of Drain with Cover slab from Lambu Lohar House to Main road at SH in Ward No13 Joda Municipality 15th FCUntied,WORKS,Works,Open Tender,Percentage,Civil Works - Others,No,No,NA ,17-Jul-2025 10:00 AM,NA ,120.0,No ,No,Online,31-Jul-2025 11:00 AM,Municipal Bodies||Joda Municipality,JODA MUNICIPALITY AT PO BANEIKALA JODA KEONJHAR,758038.0,1.0,"7,20,404",BHAGYADHAR SETHY,"850,000",Accepted-AOC,22-Jul-2026,Municipal Bodies||Joda Municipality,True,"{'Flood': 0, 'Embankment': 0, 'embkt': 0, 'Relief': 0, 'Erosion': 0, 'SDRF': 0, 'Inundation': 0, 'Hydrology': 0, 'Silt': 0, 'Siltation': 0, 'Bund': 0, 'Trench': 0, 'Breach': 0, 'Culvert': 0, 'Sluice': 0, 'Dyke': 0, 'Storm water drain': 0, 'Emergency': 0, 'Immediate': 0, 'IM': 0, 'AE': 0, 'A E': 0, 'AAPDA MITRA': 0, 'flood': 0, 'Bridge': 0, 'River': 0, 'Drain': 1, 'Restoration': 0, 'Protection': 0, 'irr': 0, 'irrigation': 0, 'dam': 0, 'Nallah': 0, 'Retrofitting': 0, 'Pond': 0, 'Pokhari': 0, 'D/C': 0, 'Recharge shaft': 0, 'LFB': 0, 'RFB': 0}","{'Floodlight': 0, 'Flood Light': 0, 'GAS': 0, 'FIFA': 0, 'pipe': 0, 'pipes': 0, 'covid': 0, 'supply': 0, 'Beautification': 0, 'Installation': 0}",Monsoon,,False,True,Repair and Restoration,"{'Construction': 1, 'Drain': 1}"
2026_CEMIB_128458_2,SEMIDRGD-03/2026-27,Construction of Kodama-I Check Dam (RG030053) in Gudari Block of Rayagada District under MATY 3.0 for the Year 2026-27,Construction of Kodama-I Check Dam (RG030053) in Gudari Block of Rayagada District under MATY 3.0 for the Year 2026-27,Works,National Competitive Bid,Percentage,Civil Works - Others,No,No,NA ,29-Apr-2026 10:00 AM,NA ,90.0,No ,No,Online,14-May-2026 11:00 AM,"CE,Minor Irrigation,BBSR||SE,KBK Minor Irr.CircleII,Jeypore||EE M.I. Division Rayagada",Rayagada,765001.0,2.0,"51,93,810",AJIT KUMAR BEHERA,"5,193,809.79",Rejected-AOC,17-Jun-2026,"CE,Minor Irrigation,BBSR||SE,KBK Minor Irr.CircleII,Jeypore||EE M.I. Division Rayagada",True,"{'Flood': 0, 'Embankment': 0, 'embkt': 0, 'Relief': 0, 'Erosion': 0, 'SDRF': 0, 'Inundation': 0, 'Hydrology': 0, 'Silt': 0, 'Siltation': 0, 'Bund': 0, 'Trench': 0, 'Breach': 0, 'Culvert': 0, 'Sluice': 0, 'Dyke': 0, 'Storm water drain': 0, 'Emergency': 0, 'Immediate': 0, 'IM': 0, 'AE': 0, 'A E': 0, 'AAPDA MITRA': 0, 'flood': 0, 'Bridge': 0, 'River': 0, 'Drain': 0, 'Restoration': 0, 'Protection': 0, 'irr': 0, 'irrigation': 0, 'dam': 2, 'Nallah': 0, 'Retrofitting': 0, 'Pond': 0, 'Pokhari': 0, 'D/C': 0, 'Recharge shaft': 0, 'LFB': 0, 'RFB': 0}","{'Floodlight': 0, 'Flood Light': 0, 'GAS': 0, 'FIFA': 0, 'pipe': 0, 'pipes': 0, 'covid': 0, 'supply': 0, 'Beautification': 0, 'Installation': 0}",Pre-Monsoon,,False,False,Repair and Restoration,"{'Check Dam': 2, 'Construction': 2}"
2026_ORULB_128734_27,SNP-MUN-37/2026-27,Restoration of Drain and Road from Bhima Bhoi House to Nandika House in W.No-11,Restoration of Drain and Road from Bhima Bhoi House to Nandika House in W.No-11,Works,Open Tender,Percentage,Civil Works - Others,No,No,NA ,05-May-2026 11:00 AM,NA ,60.0,No ,No,Online,16-May-2026 11:00 AM,Municipal Bodies||Sonepur Municipal Council,Sonepur Municipality,767017.0,1.0,"5,83,789",SWITY AGRAWAL,"583,989",Rejected-Technical,26-Jul-2026,Municipal Bodies||Sonepur Municipal Council,True,"{'Flood': 0, 'Embankment': 0, 'embkt': 0, 'Relief': 0, 'Erosion': 0, 'SDRF': 0, 'Inundation': 0, 'Hydrology': 0, 'Silt': 0, 'Siltation': 0, 'Bund': 0, 'Trench': 0, 'Breach': 0, 'Culvert': 0, 'Sluice': 0, 'Dyke': 0, 'Storm water drain': 0, 'Emergency': 0, 'Immediate': 0, 'IM': 0, 'AE': 0, 'A E': 0, 'AAPDA MITRA': 0, 'flood': 0, 'Bridge': 0, 'River': 0, 'Drain': 2, 'Restoration': 2, 'Protection': 0, 'irr': 0, 'irrigation': 0, 'dam': 0, 'Nallah': 0, 'Retrofitting': 0, 'Pond': 0, 'Pokhari': 0, 'D/C': 0, 'Recharge shaft': 0, 'LFB': 0, 'RFB': 0}","{'Floodlight': 0, 'Flood Light': 0, 'GAS': 0, 'FIFA': 0, 'pipe': 0, 'pipes': 0, 'covid': 0, 'supply': 0, 'Beautification': 0, 'Installation': 0}",Pre-Monsoon,,False,True,Repair and Restoration,"{'restoration': 2, 'Drain': 2}"
2025_ORULB_115568_89,BM-BDK-05-2025-26,Const of Drain and paver Road From Sahabaz house towards Mian House and Sama house towards Sahensha house in wrad no-17,Const of Drain and paver Road From Sahabaz house towards Mian House and Sama house towards Sahensha house in wrad no-17,Works,Open Tender,Percentage,Civil Works - Others,No,No,NA ,24-Jul-2025 10:00 AM,NA ,90.0,No ,No,Online,04-Aug-2025 11:00 AM,Municipal Bodies||Bhadrak Municipality,Bhadrak Municipality,756100.0,1.0,"11,10,415",RATH MUNDA,"1,055,005",Accepted-AOC,03-Jul-2026,Municipal Bodies||Bhadrak Municipality,True,"{'Flood': 0, 'Embankment': 0, 'embkt': 0, 'Relief': 0, 'Erosion': 0, 'SDRF': 0, 'Inundation': 0, 'Hydrology': 0, 'Silt': 0, 'Siltation': 0, 'Bund': 0, 'Trench': 0, 'Breach': 0, 'Culvert': 0, 'Sluice': 0, 'Dyke': 0, 'Storm water drain': 0, 'Emergency': 0, 'Immediate': 0, 'IM': 0, 'AE': 0, 'A E': 0, 'AAPDA MITRA': 0, 'flood': 0, 'Bridge': 0, 'River': 0, 'Drain': 2, 'Restoration': 0, 'Protection': 0, 'irr': 0, 'irrigation': 0, 'dam': 0, 'Nallah': 0, 'Retrofitting': 0, 'Pond': 0, 'Pokhari': 0, 'D/C': 0, 'Recharge shaft': 0, 'LFB': 0, 'RFB': 0}","{'Floodlight': 0, 'Flood Light': 0, 'GAS': 0, 'FIFA': 0, 'pipe': 0, 'pipes': 0, 'covid': 0, 'supply': 0, 'Beautification': 0, 'Installation': 0}",Monsoon,,False,True,Repair and Restoration,{'Drain': 2}
2026_CERWI_125076_16,RWDKNJ-15/25-26,Repair to Bridge over river Bhandan onPodagad to Rajpal road for the year 2025-26,Repair to Bridge over river Bhandan on Podagad to Rajpal road for the year 2025-26,Works,Open Tender,Percentage,Civil Works - Roads,No,No,NA ,28-Jan-2026 11:00 AM,NA ,90.0,No ,No,Online,03-Feb-2026 11:00 AM,CE RW I||RWCIRCLE-BARIPADA||RW Division Karanjia,karanjia,757037.0,1.0,"16,80,668",Ratnakar Murmu,"1,428,719",Rejected-AOC,08-Jul-2026,CE RW I||RWCIRCLE-BARIPADA||RW Division Karanjia,True,"{'Flood': 0, 'Embankment': 0, 'embkt': 0, 'Relief': 0, 'Erosion': 0, 'SDRF': 0, 'Inundation': 0, 'Hydrology': 0, 'Silt': 0, 'Siltation': 0, 'Bund': 0, 'Trench': 0, 'Breach': 0, 'Culvert': 0, 'Sluice': 0, 'Dyke': 0, 'Storm water drain': 0, 'Emergency': 0, 'Immediate': 0, 'IM': 0, 'AE': 0, 'A E': 0, 'AAPDA MITRA': 0, 'flood': 0, 'Bridge': 2, 'River': 2, 'Drain': 0, 'Restoration': 0, 'Protection': 0, 'irr': 0, 'irrigation': 0, 'dam': 0, 'Nallah': 0, 'Retrofitting': 0, 'Pond': 0, 'Pokhari': 0, 'D/C': 0, 'Recharge shaft': 0, 'LFB': 0, 'RFB': 0}","{'Floodlight': 0, 'Flood Light': 0, 'GAS': 0, 'FIFA': 0, 'pipe': 0, 'pipes': 0, 'covid': 0, 'supply': 0, 'Beautification': 0, 'Installation': 0}",Post-Monsoon,,False,True,Repair and Restoration,"{'repair': 2, 'Bridge': 2}"
2025_CERWI_122874_31,Tender Online RCK-20/25,Construction of Road from Karandia Canal Embankment from Kangali Rout House Bandhakata via Goudagoan Ribol Samalpada Raghunathpur Yubakasangha Chhak road under MMSY-TRIP,Construction of road works,Works,National Competitive Bid,Percentage,Civil Works - Roads,No,No,NA ,16-Jan-2026 05:00 PM,NA ,90.0,No ,No,Online,28-Jan-2026 11:00 AM,CE RW I||RWCIRCLE-KENDRAPARA,Kendrapara,754211.0,2.0,"3,99,37,974",DEBASHIS PATRA,"39,937,974",Accepted-AOC,14-Jul-2026,CE RW I||RWCIRCLE-KENDRAPARA,True,"{'Flood': 0, 'Embankment': 1, 'embkt': 0, 'Relief': 0, 'Erosion': 0, 'SDRF': 0, 'Inundation': 0, 'Hydrology': 0, 'Silt': 0, 'Siltation': 0, 'Bund': 0, 'Trench': 0, 'Breach': 0, 'Culvert': 0, 'Sluice': 0, 'Dyke': 0, 'Storm water drain': 0, 'Emergency': 0, 'Immediate': 0, 'IM': 0, 'AE': 0, 'A E': 0, 'AAPDA MITRA': 0, 'flood': 0, 'Bridge': 0, 'River': 0, 'Drain': 0, 'Restoration': 0, 'Protection': 0, 'irr': 0, 'irrigation': 0, 'dam': 0, 'Nallah': 0, 'Retrofitting': 0, 'Pond': 0, 'Pokhari': 0, 'D/C': 0, 'Recharge shaft': 0, 'LFB': 0, 'RFB': 0}","{'Floodlight': 0, 'Flood Light': 0, 'GAS': 0, 'FIFA': 0, 'pipe': 0, 'pipes': 0, 'covid': 0, 'supply': 0, 'Beautification': 0, 'Installation': 0}",Post-Monsoon,,False,True,Repair and Restoration,{'Construction': 2}
2026_CEBMB_128949_2,SE-HID-ADV-02/2026-27,"Desilting to Latapalli Sub Minor I and II, Buguda Mnor, Barapradhani Sub Minor, Kaithaguda Sub Minor and Buguda Sub-Minor of Harabhangi Irrigation Project.",DESILTING OF CANAL,Works,National Competitive Bid,Percentage,Civil Works - Others,No,No,NA ,11-May-2026 11:00 AM,NA ,90.0,No ,No,Online,25-May-2026 11:00 AM,"CE-BM,RVN Basin,Berhampur||SE Southern Irr Circle II Paralakhemundi||EE Harabhangi Irr Divn Adava",ADAVA,761217.0,1.0,"5,91,416",Ajit Kumar Gouda,"473,192",Rejected-Finance,01-Jul-2026,"CE-BM,RVN Basin,Berhampur||SE Southern Irr Circle II Paralakhemundi||EE Harabhangi Irr Divn Adava",True,"{'Flood': 0, 'Embankment': 0, 'embkt': 0, 'Relief': 0, 'Erosion': 0, 'SDRF': 0, 'Inundation': 0, 'Hydrology': 0, 'Silt': 0, 'Siltation': 0, 'Bund': 0, 'Trench': 0, 'Breach': 0, 'Culvert': 0, 'Sluice': 0, 'Dyke': 0, 'Storm water drain': 0, 'Emergency': 0, 'Immediate': 0, 'IM': 0, 'AE': 0, 'A E': 0, 'AAPDA MITRA': 0, 'flood': 0, 'Bridge': 0, 'River': 0, 'Drain': 0, 'Restoration': 0, 'Protection': 0, 'irr': 0, 'irrigation': 1, 'dam': 0, 'Nallah': 0, 'Retrofitting': 0, 'Pond': 0, 'Pokhari': 0, 'D/C': 0, 'Recharge shaft': 0, 'LFB': 0, 'RFB': 0}","{'Floodlight': 0, 'Flood Light': 0, 'GAS': 0, 'FIFA': 0, 'pipe': 0, 'pipes': 0, 'covid': 0, 'supply': 0, 'Beautification': 0, 'Installation': 0}",Pre-Monsoon,,False,False,Others,
2026_ORULB_126907_4,BBLM-7/2025-26,"Laying of cover slab over drain of Ward No.11,13,14 and 15, Barbil Municipality","Laying of cover slab over drain of Ward No.11,13,14 and 15 Barbil Municipality",Works,Open Tender,Percentage,Civil Works - Others,No,No,NA ,09-Mar-2026 10:00 AM,NA ,90.0,No ,No,Online,20-Mar-2026 11:00 AM,Municipal Bodies||Barbil Municipality,Barbil,758035.0,2.0,"19,50,000",ABHIJIT NAIK,"2,045,527",Accepted-AOC,02-Jul-2026,Municipal Bodies||Barbil Municipality,True,"{'Flood': 0, 'Embankment': 0, 'embkt': 0, 'Relief': 0, 'Erosion': 0, 'SDRF': 0, 'Inundation': 0, 'Hydrology': 0, 'Silt': 0, 'Siltation': 0, 'Bund': 0, 'Trench': 0, 'Breach': 0, 'Culvert': 0, 'Sluice': 0, 'Dyke': 0, 'Storm water drain': 0, 'Emergency': 0, 'Immediate': 0, 'IM': 0, 'AE': 0, 'A E': 0, 'AAPDA MITRA': 0, 'flood': 0, 'Bridge': 0, 'River': 0, 'Drain': 2, 'Restoration': 0, 'Protection': 0, 'irr': 0, 'irrigation': 0, 'dam': 0, 'Nallah': 0, 'Retrofitting': 0, 'Pond': 0, 'Pokhari': 0, 'D/C': 0, 'Recharge shaft': 0, 'LFB': 0, 'RFB': 0}","{'Floodlight': 0, 'Flood Light': 0, 'GAS': 0, 'FIFA': 0, 'pipe': 0, 'pipes': 0, 'covid': 0, 'supply': 0, 'Beautification': 0, 'Installation': 0}",Pre-Monsoon,,False,True,Repair and Restoration,{'Drain': 2}
2026_ORULB_125609_10,KNK-2(12)-2025-26,"Repairing of potholes and fixing of slabs over the drain in ward No -1,2,3 and 4","Repairing of potholes and fixing of slabs over the drain in ward No -1,2,3 and 4",Works,Open Tender,Percentage,Civil Works - Others,No,No,NA ,07-Feb-2026 12:00 PM,NA ,120.0,No ,No,Online,23-Feb-2026 11:30 AM,Municipal Bodies||Konark NAC,Konark NAC,752111.0,1.0,"17,98,643",SANATAN KANDI,"1,804,251.18",Accepted-AOC,29-Jul-2026,Municipal Bodies||Konark NAC,True,"{'Flood': 0, 'Embankment': 0, 'embkt': 0, 'Relief': 0, 'Erosion': 0, 'SDRF': 0, 'Inundation': 0, 'Hydrology': 0, 'Silt': 0, 'Siltation': 0, 'Bund': 0, 'Trench': 0, 'Breach': 0, 'Culvert': 0, 'Sluice': 0, 'Dyke': 0, 'Storm water drain': 0, 'Emergency': 0, 'Immediate': 0, 'IM': 0, 'AE': 0, 'A E': 0, 'AAPDA MITRA': 0, 'flood': 0, 'Bridge': 0, 'River': 0, 'Drain': 2, 'Restoration': 0, 'Protection': 0, 'irr': 0, 'irrigation': 0, 'dam': 0, 'Nallah': 0, 'Retrofitting': 0, 'Pond': 0, 'Pokhari': 0, 'D/C': 0, 'Recharge shaft': 0, 'LFB': 0, 'RFB': 0}","{'Floodlight': 0, 'Flood Light': 0, 'GAS': 0, 'FIFA': 0, 'pipe': 0, 'pipes': 0, 'covid': 0, 'supply': 0, 'Beautification': 0, 'Installation': 0}",Post-Monsoon,,False,True,Repair and Restoration,"{'repairing': 2, 'Drain': 2}"
2026_RMC_128133_1,MC/RMC/26/2026,"Renovation and construction of drain with approach road from MM 1 to MM 25 at Civil Township, Ward No. 09 under RMC, Rourkela",Works,Works,Open Tender,Percentage,Civil Works - Others,No,No,NA ,15-Apr-2026 06:00 PM,NA ,90.0,No ,No,Online,04-May-2026 10:00 AM,Rourkela Municipal Corporation,Rourkela,769012.0,1.0,"40,29,000",BIBHU BUSAN BEURA,"4,029,194.08",Rejected-Technical,08-Jul-2026,Rourkela Municipal Corporation,True,"{'Flood': 0, 'Embankment': 0, 'embkt': 0, 'Relief': 0, 'Erosion': 0, 'SDRF': 0, 'Inundation': 0, 'Hydrology': 0, 'Silt': 0, 'Siltation': 0, 'Bund': 0, 'Trench': 0, 'Breach': 0, 'Culvert': 0, 'Sluice': 0, 'Dyke': 0, 'Storm water drain': 0, 'Emergency': 0, 'Immediate': 0, 'IM': 0, 'AE': 0, 'A E': 0, 'AAPDA MITRA': 0, 'flood': 0, 'Bridge': 0, 'River': 0, 'Drain': 1, 'Restoration': 0, 'Protection': 0, 'irr': 0, 'irrigation': 0, 'dam': 0, 'Nallah': 0, 'Retrofitting': 0, 'Pond': 0, 'Pokhari': 0, 'D/C': 0, 'Recharge shaft': 0, 'LFB': 0, 'RFB': 0}","{'Floodlight': 0, 'Flood Light': 0, 'GAS': 0, 'FIFA': 0, 'pipe': 0, 'pipes': 0, 'covid': 0, 'supply': 0, 'Beautification': 0, 'Installation': 0}",Pre-Monsoon,,False,True,Repair and Restoration,"{'renovation': 1, 'Construction': 1, 'Drain': 1}"
2026_ORULB_126636_17,BMC-EE-Tender Cell-73/2025-26 Dt. 25.02.2026,Construction of drain from plot no-79 to 88 and Utakal Dance School to plot no-88 in Ward No. 46,Construction of drain from plot no-79 to 88 and Utakal Dance School to plot no-88 in Ward No. 46,Works,Open Tender,Percentage,Civil Works - Others,No,No,NA ,28-Feb-2026 10:30 AM,05-Mar-2026 04:00 PM ,120.0,No ,No,Online,12-Mar-2026 11:00 AM,Municipal Bodies||Bhubaneswar Municipal Corporation,BMC AREA,751022.0,1.0,"16,80,425",SUBHASIS SINGH,"1,883,955",Rejected-Finance,02-Jul-2026,Municipal Bodies||Bhubaneswar Municipal Corporation,True,"{'Flood': 0, 'Embankment': 0, 'embkt': 0, 'Relief': 0, 'Erosion': 0, 'SDRF': 0, 'Inundation': 0, 'Hydrology': 0, 'Silt': 0, 'Siltation': 0, 'Bund': 0, 'Trench': 0, 'Breach': 0, 'Culvert': 0, 'Sluice': 0, 'Dyke': 0, 'Storm water drain': 0, 'Emergency': 0, 'Immediate': 0, 'IM': 0, 'AE': 0, 'A E': 0, 'AAPDA MITRA': 0, 'flood': 0, 'Bridge': 0, 'River': 0, 'Drain': 2, 'Restoration': 0, 'Protection': 0, 'irr': 0, 'irrigation': 0, 'dam': 0, 'Nallah': 0, 'Retrofitting': 0, 'Pond': 0, 'Pokhari': 0, 'D/C': 0, 'Recharge shaft': 0, 'LFB': 0, 'RFB': 0}","{'Floodlight': 0, 'Flood Light': 0, 'GAS': 0, 'FIFA': 0, 'pipe': 0, 'pipes': 0, 'covid': 0, 'supply': 0, 'Beautification': 0, 'Installation': 0}",Post-Monsoon,,False,True,Repair and Restoration,"{'Construction': 2, 'Drain': 2}"
2026_CEMIB_125335_2,Addl. C.E BMIC No.- 04/BMIC/2025-26,Construction of Sunamuhin Check Dam over local Nalla near village Sunamuhin in Jashipur Block of Mayurbhanj District under MATY Scheme for the year 2025-26.,Construction of Sunamuhin Check Dam over local Nalla near village Sunamuhin in Jashipur Block of Mayurbhanj District under MATY Scheme for the year 2025-26.,Works,Open Tender,Percentage,Civil Works - Others,No,No,NA ,02-Feb-2026 10:00 AM,NA ,90.0,No ,No,Online,17-Feb-2026 11:00 AM,"CE,Minor Irrigation,BBSR||Baripada Minor Irrigation Circle Baripada","Jashipur, Mayurbhanj",757034.0,2.0,"1,15,14,771",Budhiram Murmu,"9,454,778",Accepted-AOC,18-May-2026,"CE,Minor Irrigation,BBSR||Baripada Minor Irrigation Circle Baripada",True,"{'Flood': 0, 'Embankment': 0, 'embkt': 0, 'Relief': 0, 'Erosion': 0, 'SDRF': 0, 'Inundation': 0, 'Hydrology': 0, 'Silt': 0, 'Siltation': 0, 'Bund': 0, 'Trench': 0, 'Breach': 0, 'Culvert': 0, 'Sluice': 0, 'Dyke': 0, 'Storm water drain': 0, 'Emergency': 0, 'Immediate': 0, 'IM': 0, 'AE': 0, 'A E': 0, 'AAPDA MITRA': 0, 'flood': 0, 'Bridge': 0, 'River': 0, 'Drain': 0, 'Restoration': 0, 'Protection': 0, 'irr': 0, 'irrigation': 0, 'dam': 2, 'Nallah': 0, 'Retrofitting': 0, 'Pond': 0, 'Pokhari': 0, 'D/C': 0, 'Recharge shaft': 0, 'LFB': 0, 'RFB': 0}","{'Floodlight': 0, 'Flood Light': 0, 'GAS': 0, 'FIFA': 0, 'pipe': 0, 'pipes': 0, 'covid': 0, 'supply': 0, 'Beautification': 0, 'Installation': 0}",Post-Monsoon,,False,False,Repair and Restoration,"{'Check Dam': 2, 'Construction': 2}"
2025_CERWI_120972_39,EEPTNG-online-12/2025-26,S/R toS/R to Bridge over Subarnarekha nallah at 2nd KM on Ghechepali to Baglabandha road for the year 2025-26,S/R to Bridge over Subarnarekha nallah at 2nd KM on Ghechepali to Baglabandha road for the year 2025-26,Works,Open Tender,Percentage,Civil Works - Bridges,No,No,NA ,10-Nov-2025 06:55 PM,NA ,90.0,No ,No,Online,24-Nov-2025 11:00 AM,CE RW I||RWCIRCLE-BALANGIR||RW Division Patnagarh,Patnagarh,767025.0,1.0,"12,71,000",ABHISHEK SARAF,"1,081,076.09",Rejected-Finance,01-Jul-2026,CE RW I||RWCIRCLE-BALANGIR||RW Division Patnagarh,True,"{'Flood': 0, 'Embankment': 0, 'embkt': 0, 'Relief': 0, 'Erosion': 0, 'SDRF': 0, 'Inundation': 0, 'Hydrology': 0, 'Silt': 0, 'Siltation': 0, 'Bund': 0, 'Trench': 0, 'Breach': 0, 'Culvert': 0, 'Sluice': 0, 'Dyke': 0, 'Storm water drain': 0, 'Emergency': 0, 'Immediate': 0, 'IM': 0, 'AE': 0, 'A E': 0, 'AAPDA MITRA': 0, 'flood': 0, 'Bridge': 2, 'River': 0, 'Drain': 0, 'Restoration': 0, 'Protection': 0, 'irr': 0, 'irrigation': 0, 'dam': 0, 'Nallah': 2, 'Retrofitting': 0, 'Pond': 0, 'Pokhari': 0, 'D/C': 0, 'Recharge shaft': 0, 'LFB': 0, 'RFB': 0}","{'Floodlight': 0, 'Flood Light': 0, 'GAS': 0, 'FIFA': 0, 'pipe': 0, 'pipes': 0, 'covid': 0, 'supply': 0, 'Beautification': 0, 'Installation': 0}",Post-Monsoon,,False,True,Repair and Restoration,{'Bridge': 2}
2026_ORULB_127986_2,TCRM-02/2026-27,Construction of CC drain from Bijay Das house towards Debasis Mohanty house in W.No.12,Construction of CC drain from Bijay Das house towards Debasis Mohanty house in W.No.12,Works,Open Tender,Percentage,Civil Works - Others,No,No,NA ,09-Apr-2026 04:00 PM,NA ,120.0,No ,No,Online,20-Apr-2026 11:00 AM,Municipal Bodies||Talcher Municipal Council,Talcher Municipality Office,759107.0,1.0,"5,22,000",M/S MANGALA ENGINEERING CONSTRUCTION AND CO,"522,000",Rejected-AOC,22-Jul-2026,Municipal Bodies||Talcher Municipal Council,True,"{'Flood': 0, 'Embankment': 0, 'embkt': 0, 'Relief': 0, 'Erosion': 0, 'SDRF': 0, 'Inundation': 0, 'Hydrology': 0, 'Silt': 0, 'Siltation': 0, 'Bund': 0, 'Trench': 0, 'Breach': 0, 'Culvert': 0, 'Sluice': 0, 'Dyke': 0, 'Storm water drain': 0, 'Emergency': 0, 'Immediate': 0, 'IM': 0, 'AE': 0, 'A E': 0, 'AAPDA MITRA': 0, 'flood': 0, 'Bridge': 0, 'River': 0, 'Drain': 2, 'Restoration': 0, 'Protection': 0, 'irr': 0, 'irrigation': 0, 'dam': 0, 'Nallah': 0, 'Retrofitting': 0, 'Pond': 0, 'Pokhari': 0, 'D/C': 0, 'Recharge shaft': 0, 'LFB': 0, 'RFB': 0}","{'Floodlight': 0, 'Flood Light': 0, 'GAS': 0, 'FIFA': 0, 'pipe': 0, 'pipes': 0, 'covid': 0, 'supply': 0, 'Beautification': 0, 'Installation': 0}",Pre-Monsoon,,False,True,Repair and Restoration,"{'Construction': 2, 'Drain': 2}"
2026_EICCL_127131_1,S.E.-KHD-(RandB)-46 /2025-26,S/R to ULB Road of Jatni Municipality such as Construction of RCC Drain from Khordha Jatni-Pipili Road to Biswanath Colony via Sriram Nagar.,S/R to ULB Road of Jatni Municipality such as Construction of RCC Drain from Khordha Jatni-Pipili Road to Biswanath Colony via Sriram Nagar.,Works,Open Tender,Percentage,Civil Works - Roads,No,No,NA ,11-Mar-2026 12:00 PM,NA ,90.0,No ,No,Online,23-Mar-2026 11:30 AM,EIC-CIVIL||SERNB-CIRCLE-KHURDA||EERNB DIVN KHURDA,Khordha,752056.0,1.0,"33,64,732",AMEEYA BHUJABAL,"2,581,086",Rejected-AOC,25-Jun-2026,EIC-CIVIL||SERNB-CIRCLE-KHURDA||EERNB DIVN KHURDA,True,"{'Flood': 0, 'Embankment': 0, 'embkt': 0, 'Relief': 0, 'Erosion': 0, 'SDRF': 0, 'Inundation': 0, 'Hydrology': 0, 'Silt': 0, 'Siltation': 0, 'Bund': 0, 'Trench': 0, 'Breach': 0, 'Culvert': 0, 'Sluice': 0, 'Dyke': 0, 'Storm water drain': 0, 'Emergency': 0, 'Immediate': 0, 'IM': 0, 'AE': 0, 'A E': 0, 'AAPDA MITRA': 0, 'flood': 0, 'Bridge': 0, 'River': 0, 'Drain': 2, 'Restoration': 0, 'Protection': 0, 'irr': 0, 'irrigation': 0, 'dam': 0, 'Nallah': 0, 'Retrofitting': 0, 'Pond': 0, 'Pokhari': 0, 'D/C': 0, 'Recharge shaft': 0, 'LFB': 0, 'RFB': 0}","{'Floodlight': 0, 'Flood Light': 0, 'GAS': 0, 'FIFA': 0, 'pipe': 0, 'pipes': 0, 'covid': 0, 'supply': 0, 'Beautification': 0, 'Installation': 0}",Pre-Monsoon,,False,True,Repair and Restoration,"{'Construction': 2, 'Drain': 2}"
2026_ORULB_128734_31,SNP-MUN-37/2026-27,Restoration road and drain from kanhu charan naik to shiba das w.no-11,Restoration road and drain from kanhu charan naik to shiba das w.no-11,Works,Open Tender,Percentage,Civil Works - Others,No,No,NA ,05-May-2026 11:00 AM,NA ,60.0,No ,No,Online,16-May-2026 11:00 AM,Municipal Bodies||Sonepur Municipal Council,Sonepur Municipality,767017.0,1.0,"3,52,370",BIKRAM KUMAR AGRAWAL,"347,621",Rejected-Technical,26-Jul-2026,Municipal Bodies||Sonepur Municipal Council,True,"{'Flood': 0, 'Embankment': 0, 'embkt': 0, 'Relief': 0, 'Erosion': 0, 'SDRF': 0, 'Inundation': 0, 'Hydrology': 0, 'Silt': 0, 'Siltation': 0, 'Bund': 0, 'Trench': 0, 'Breach': 0, 'Culvert': 0, 'Sluice': 0, 'Dyke': 0, 'Storm water drain': 0, 'Emergency': 0, 'Immediate': 0, 'IM': 0, 'AE': 0, 'A E': 0, 'AAPDA MITRA': 0, 'flood': 0, 'Bridge': 0, 'River': 0, 'Drain': 2, 'Restoration': 2, 'Protection': 0, 'irr': 0, 'irrigation': 0, 'dam': 0, 'Nallah': 0, 'Retrofitting': 0, 'Pond': 0, 'Pokhari': 0, 'D/C': 0, 'Recharge shaft': 0, 'LFB': 0, 'RFB': 0}","{'Floodlight': 0, 'Flood Light': 0, 'GAS': 0, 'FIFA': 0, 'pipe': 0, 'pipes': 0, 'covid': 0, 'supply': 0, 'Beautification': 0, 'Installation': 0}",Pre-Monsoon,,False,True,Repair and Restoration,"{'restoration': 2, 'Drain': 2}"
2026_EICCL_124202_1,SE RandB BDK-30/2025-26-1,Construction of Box Cell Culvert of size 1 x 4.00mm x 3.00m at 8.160km of Bonth-Mohantypada road for the year 2025-26,Construction of Box Cell Culvert of size 1 x 4.00mm x 3.00m at 8.160km of Bonth-Mohantypada road for the year 2025-26,Works,Open Tender,Percentage,Civil Works - Others,No,No,NA ,05-Jan-2026 02:00 PM,NA ,90.0,No ,No,Online,13-Jan-2026 11:30 AM,EIC-CIVIL||SERNB-CIRCLE-EASTERN||EERNB-DIVN-BHADRAK,Bhadrak,756100.0,1.0,,ANIL KUMAR PATRA,"3,650,559.7",Accepted-AOC,08-Jul-2026,EIC-CIVIL||SERNB-CIRCLE-EASTERN||EERNB-DIVN-BHADRAK,True,"{'Flood': 0, 'Embankment': 0, 'embkt': 0, 'Relief': 0, 'Erosion': 0, 'SDRF': 0, 'Inundation': 0, 'Hydrology': 0, 'Silt': 0, 'Siltation': 0, 'Bund': 0, 'Trench': 0, 'Breach': 0, 'Culvert': 2, 'Sluice': 0, 'Dyke': 0, 'Storm water drain': 0, 'Emergency': 0, 'Immediate': 0, 'IM': 0, 'AE': 0, 'A E': 0, 'AAPDA MITRA': 0, 'flood': 0, 'Bridge': 0, 'River': 0, 'Drain': 0, 'Restoration': 0, 'Protection': 0, 'irr': 0, 'irrigation': 0, 'dam': 0, 'Nallah': 0, 'Retrofitting': 0, 'Pond': 0, 'Pokhari': 0, 'D/C': 0, 'Recharge shaft': 0, 'LFB': 0, 'RFB': 0}","{'Floodlight': 0, 'Flood Light': 0, 'GAS': 0, 'FIFA': 0, 'pipe': 0, 'pipes': 0, 'covid': 0, 'supply': 0, 'Beautification': 0, 'Installation': 0}",Post-Monsoon,,False,True,Repair and Restoration,{'Construction': 2}
2026_ORULB_128734_25,SNP-MUN-37/2026-27,RESTORATION OF DRAIN AND ROAD FROM ASHOK NAIK TO BHAGABATI TEMPLE AND IN WARD NO-11,RESTORATION OF DRAIN AND ROAD FROM ASHOK NAIK TO BHAGABATI TEMPLE AND IN WARD NO-11,Works,Open Tender,Percentage,Civil Works - Others,No,No,NA ,05-May-2026 11:00 AM,NA ,60.0,No ,No,Online,16-May-2026 11:00 AM,Municipal Bodies||Sonepur Municipal Council,Sonepur Municipality,767017.0,1.0,"3,39,474",BIKRAM KUMAR AGRAWAL,"339,473",Accepted-AOC,27-Jul-2026,Municipal Bodies||Sonepur Municipal Council,True,"{'Flood': 0, 'Embankment': 0, 'embkt': 0, 'Relief': 0, 'Erosion': 0, 'SDRF': 0, 'Inundation': 0, 'Hydrology': 0, 'Silt': 0, 'Siltation': 0, 'Bund': 0, 'Trench': 0, 'Breach': 0, 'Culvert': 0, 'Sluice': 0, 'Dyke': 0, 'Storm water drain': 0, 'Emergency': 0, 'Immediate': 0, 'IM': 0, 'AE': 0, 'A E': 0, 'AAPDA MITRA': 0, 'flood': 0, 'Bridge': 0, 'River': 0, 'Drain': 2, 'Restoration': 2, 'Protection': 0, 'irr': 0, 'irrigation': 0, 'dam': 0, 'Nallah': 0, 'Retrofitting': 0, 'Pond': 0, 'Pokhari': 0, 'D/C': 0, 'Recharge shaft': 0, 'LFB': 0, 'RFB': 0}","{'Floodlight': 0, 'Flood Light': 0, 'GAS': 0, 'FIFA': 0, 'pipe': 0, 'pipes': 0, 'covid': 0, 'supply': 0, 'Beautification': 0, 'Installation': 0}",Pre-Monsoon,,False,True,Repair and Restoration,"{'restoration': 2, 'Drain': 2}"
2026_CEBMB_128759_14,e-CHID-01/2026-27,Improvement to Left Main canal 3 nos. well syphon at RD 2750m of Ghodahada Irrigation Project.,Improvement of Canal system,Works,Open Tender,Percentage,Civil Works - Canal,No,No,NA ,06-May-2026 10:00 AM,NA ,90.0,No ,No,Online,22-May-2026 11:30 AM,"CE-BM,RVN Basin,Berhampur||S.E. Southern Irr. Circle I Berhampur||EE Chikiti Irrigation Divn Berhampur",Berhampur,760004.0,1.0,"13,11,000",BIJAYA KUMAR SAHU,"1,310,969",Accepted-AOC,24-Jul-2026,"CE-BM,RVN Basin,Berhampur||S.E. Southern Irr. Circle I Berhampur||EE Chikiti Irrigation Divn Berhampur",True,"{'Flood': 0, 'Embankment': 0, 'embkt': 0, 'Relief': 0, 'Erosion': 0, 'SDRF': 0, 'Inundation': 0, 'Hydrology': 0, 'Silt': 0, 'Siltation': 0, 'Bund': 0, 'Trench': 0, 'Breach': 0, 'Culvert': 0, 'Sluice': 0, 'Dyke': 0, 'Storm water drain': 0, 'Emergency': 0, 'Immediate': 0, 'IM': 0, 'AE': 0, 'A E': 0, 'AAPDA MITRA': 0, 'flood': 0, 'Bridge': 0, 'River': 0, 'Drain': 0, 'Restoration': 0, 'Protection': 0, 'irr': 0, 'irrigation': 1, 'dam': 0, 'Nallah': 0, 'Retrofitting': 0, 'Pond': 0, 'Pokhari': 0, 'D/C': 0, 'Recharge shaft': 0, 'LFB': 0, 'RFB': 0}","{'Floodlight': 0, 'Flood Light': 0, 'GAS': 0, 'FIFA': 0, 'pipe': 0, 'pipes': 0, 'covid': 0, 'supply': 0, 'Beautification': 0, 'Installation': 0}",Pre-Monsoon,,False,False,Repair and Restoration,{'improvement': 2}
2026_ORULB_125759_23,BLGR MPTY/10(01-60)/2025-26,"Construction of Paver Blok Road and Drain with cover Slab from Dadhibahan Pradahan res to Kailash Swain res,W.No.3",Road and Drain with Cover Slab Work,Works,Open Tender,Percentage,Civil Works - Roads,No,No,NA ,10-Feb-2026 11:00 AM,NA ,180.0,No ,No,Online,05-Mar-2026 11:00 AM,Municipal Bodies||Balangir Municipality,Balangir,767001.0,1.0,"15,23,705",MANABHANJAN PADHI,"1,522,181.62",Accepted-AOC,22-Jul-2026,Municipal Bodies||Balangir Municipality,True,"{'Flood': 0, 'Embankment': 0, 'embkt': 0, 'Relief': 0, 'Erosion': 0, 'SDRF': 0, 'Inundation': 0, 'Hydrology': 0, 'Silt': 0, 'Siltation': 0, 'Bund': 0, 'Trench': 0, 'Breach': 0, 'Culvert': 0, 'Sluice': 0, 'Dyke': 0, 'Storm water drain': 0, 'Emergency': 0, 'Immediate': 0, 'IM': 0, 'AE': 0, 'A E': 0, 'AAPDA MITRA': 0, 'flood': 0, 'Bridge': 0, 'River': 0, 'Drain': 2, 'Restoration': 0, 'Protection': 0, 'irr': 0, 'irrigation': 0, 'dam': 0, 'Nallah': 0, 'Retrofitting': 0, 'Pond': 0, 'Pokhari': 0, 'D/C': 0, 'Recharge shaft': 0, 'LFB': 0, 'RFB': 0}","{'Floodlight': 0, 'Flood Light': 0, 'GAS': 0, 'FIFA': 0, 'pipe': 0, 'pipes': 0, 'covid': 0, 'supply': 0, 'Beautification': 0, 'Installation': 0}",Post-Monsoon,,False,True,Repair and Restoration,"{'Construction': 1, 'Drain': 2}"
2025_ORULB_115623_26,JM-01/2025-26,Special repair of Storm water drain near Railway Station Pond Ward No12 Joda Municipality 15th FC Untied,WORKS,Works,Open Tender,Percentage,Civil Works - Others,No,No,NA ,17-Jul-2025 10:00 AM,NA ,120.0,No ,No,Online,31-Jul-2025 11:00 AM,Municipal Bodies||Joda Municipality,JODA MUNICIPALITY AT PO BANEIKALA JODA KEONJHAR,758038.0,1.0,"4,23,842",BHAGYADHAR SETHY,"500,000",Accepted-AOC,23-Jul-2026,Municipal Bodies||Joda Municipality,True,"{'Flood': 0, 'Embankment': 0, 'embkt': 0, 'Relief': 0, 'Erosion': 0, 'SDRF': 0, 'Inundation': 0, 'Hydrology': 0, 'Silt': 0, 'Siltation': 0, 'Bund': 0, 'Trench': 0, 'Breach': 0, 'Culvert': 0, 'Sluice': 0, 'Dyke': 0, 'Storm water drain': 1, 'Emergency': 0, 'Immediate': 0, 'IM': 0, 'AE': 0, 'A E': 0, 'AAPDA MITRA': 0, 'flood': 0, 'Bridge': 0, 'River': 0, 'Drain': 1, 'Restoration': 0, 'Protection': 0, 'irr': 0, 'irrigation': 0, 'dam': 0, 'Nallah': 0, 'Retrofitting': 0, 'Pond': 1, 'Pokhari': 0, 'D/C': 0, 'Recharge shaft': 0, 'LFB': 0, 'RFB': 0}","{'Floodlight': 0, 'Flood Light': 0, 'GAS': 0, 'FIFA': 0, 'pipe': 0, 'pipes': 0, 'covid': 0, 'supply': 0, 'Beautification': 0, 'Installation': 0}",Monsoon,,False,True,Repair and Restoration,"{'repair': 1, 'Drain': 1}"
2026_CEBBS_129136_13,SE-AID-2/2026-27,Improvement to Santri Minor in between RD 3850m to 4250m of Derjang Irrigation Project.,Improvement to Santri Minor in between RD 3850m to 4250m of Derjang Irrigation Project.,Works,Open Tender,Percentage,Civil Works - Canal,No,No,NA ,13-May-2026 11:00 AM,NA ,90.0,No ,No,Online,25-May-2026 09:00 AM,CE and BM Brahmani Basin Samal||SE Angul Irrigation Circle Angul||EE Angul Irrigation Division Angul,Angul,759143.0,1.0,,AJIT PRASAD DWIVEDY,"1,210,011",Rejected-Finance,23-Jun-2026,CE and BM Brahmani Basin Samal||SE Angul Irrigation Circle Angul||EE Angul Irrigation Division Angul,True,"{'Flood': 0, 'Embankment': 0, 'embkt': 0, 'Relief': 0, 'Erosion': 0, 'SDRF': 0, 'Inundation': 0, 'Hydrology': 0, 'Silt': 0, 'Siltation': 0, 'Bund': 0, 'Trench': 0, 'Breach': 0, 'Culvert': 0, 'Sluice': 0, 'Dyke': 0, 'Storm water drain': 0, 'Emergency': 0, 'Immediate': 0, 'IM': 0, 'AE': 0, 'A E': 0, 'AAPDA MITRA': 0, 'flood': 0, 'Bridge': 0, 'River': 0, 'Drain': 0, 'Restoration': 0, 'Protection': 0, 'irr': 0, 'irrigation': 2, 'dam': 0, 'Nallah': 0, 'Retrofitting': 0, 'Pond': 0, 'Pokhari': 0, 'D/C': 0, 'Recharge shaft': 0, 'LFB': 0, 'RFB': 0}","{'Floodlight': 0, 'Flood Light': 0, 'GAS': 0, 'FIFA': 0, 'pipe': 0, 'pipes': 0, 'covid': 0, 'supply': 0, 'Beautification': 0, 'Installation': 0}",Pre-Monsoon,,False,False,Repair and Restoration,{'improvement': 2}
2026_CEBBS_129136_12,SE-AID-2/2026-27,Improvement to Santri Sub-Minor-II in between RD 00m to 150m of Derjang Irrigation Project.,Improvement to Santri Sub-Minor-II in between RD 00m to 150m of Derjang Irrigation Project.,Works,Open Tender,Percentage,Civil Works - Canal,No,No,NA ,13-May-2026 11:00 AM,NA ,90.0,No ,No,Online,25-May-2026 09:00 AM,CE and BM Brahmani Basin Samal||SE Angul Irrigation Circle Angul||EE Angul Irrigation Division Angul,Angul,759143.0,1.0,,MRUTYUNJAYA SAHU,"676,492",Rejected-Finance,23-Jun-2026,CE and BM Brahmani Basin Samal||SE Angul Irrigation Circle Angul||EE Angul Irrigation Division Angul,True,"{'Flood': 0, 'Embankment': 0, 'embkt': 0, 'Relief': 0, 'Erosion': 0, 'SDRF': 0, 'Inundation': 0, 'Hydrology': 0, 'Silt': 0, 'Siltation': 0, 'Bund': 0, 'Trench': 0, 'Breach': 0, 'Culvert': 0, 'Sluice': 0, 'Dyke': 0, 'Storm water drain': 0, 'Emergency': 0, 'Immediate': 0, 'IM': 0, 'AE': 0, 'A E': 0, 'AAPDA MITRA': 0, 'flood': 0, 'Bridge': 0, 'River': 0, 'Drain': 0, 'Restoration': 0, 'Protection': 0, 'irr': 0, 'irrigation': 2, 'dam': 0, 'Nallah': 0, 'Retrofitting': 0, 'Pond': 0, 'Pokhari': 0, 'D/C': 0, 'Recharge shaft': 0, 'LFB': 0, 'RFB': 0}","{'Floodlight': 0, 'Flood Light': 0, 'GAS': 0, 'FIFA': 0, 'pipe': 0, 'pipes': 0, 'covid': 0, 'supply': 0, 'Beautification': 0, 'Installation': 0}",Pre-Monsoon,,False,False,Repair and Restoration,{'improvement': 2}
2026_ORULB_125759_22,BLGR MPTY/10(01-60)/2025-26,"Construction of Paver Blok Road and Drain with Cover Slab Infront of Mahakur Babu res,W.No.3",Road and Drain Work,Works,Open Tender,Percentage,Civil Works - Roads,No,No,NA ,10-Feb-2026 11:00 AM,NA ,180.0,No ,No,Online,05-Mar-2026 11:00 AM,Municipal Bodies||Balangir Municipality,Balangir,767001.0,1.0,"5,06,204",MANABHANJAN PADHI,"505,697.9",Accepted-AOC,22-Jul-2026,Municipal Bodies||Balangir Municipality,True,"{'Flood': 0, 'Embankment': 0, 'embkt': 0, 'Relief': 0, 'Erosion': 0, 'SDRF': 0, 'Inundation': 0, 'Hydrology': 0, 'Silt': 0, 'Siltation': 0, 'Bund': 0, 'Trench': 0, 'Breach': 0, 'Culvert': 0, 'Sluice': 0, 'Dyke': 0, 'Storm water drain': 0, 'Emergency': 0, 'Immediate': 0, 'IM': 0, 'AE': 0, 'A E': 0, 'AAPDA MITRA': 0, 'flood': 0, 'Bridge': 0, 'River': 0, 'Drain': 2, 'Restoration': 0, 'Protection': 0, 'irr': 0, 'irrigation': 0, 'dam': 0, 'Nallah': 0, 'Retrofitting': 0, 'Pond': 0, 'Pokhari': 0, 'D/C': 0, 'Recharge shaft': 0, 'LFB': 0, 'RFB': 0}","{'Floodlight': 0, 'Flood Light': 0, 'GAS': 0, 'FIFA': 0, 'pipe': 0, 'pipes': 0, 'covid': 0, 'supply': 0, 'Beautification': 0, 'Installation': 0}",Post-Monsoon,,False,True,Repair and Restoration,"{'Construction': 1, 'Drain': 2}"
2025_CERWI_121223_2,NCB 396 Weir Bridge,Construction of Weir adjacent to Bridge over Andhari Nallah at 2nd Km on RD Road to Silipuria Road in the District of Mayurbhanj.,Construction of Weir adjacent to Bridge over Andhari Nallah at 2nd Km on RD Road to Silipuria Road in the District of Mayurbhanj.,Works,National Competitive Bid,Percentage,Civil Works - Bridges,No,No,NA ,13-Nov-2025 06:55 PM,NA ,90.0,No ,No,Online,25-Nov-2025 11:00 AM,CE RW I||RWCIRCLE-BARIPADA,"SERW Division, Baripada",757002.0,2.0,"1,00,45,000",AJAY KUMAR SETHI,"8,538,664",Rejected-AOC,18-Jun-2026,CE RW I||RWCIRCLE-BARIPADA,True,"{'Flood': 0, 'Embankment': 0, 'embkt': 0, 'Relief': 0, 'Erosion': 0, 'SDRF': 0, 'Inundation': 0, 'Hydrology': 0, 'Silt': 0, 'Siltation': 0, 'Bund': 0, 'Trench': 0, 'Breach': 0, 'Culvert': 0, 'Sluice': 0, 'Dyke': 0, 'Storm water drain': 0, 'Emergency': 0, 'Immediate': 0, 'IM': 0, 'AE': 0, 'A E': 0, 'AAPDA MITRA': 0, 'flood': 0, 'Bridge': 3, 'River': 0, 'Drain': 0, 'Restoration': 0, 'Protection': 0, 'irr': 0, 'irrigation': 0, 'dam': 0, 'Nallah': 2, 'Retrofitting': 0, 'Pond': 0, 'Pokhari': 0, 'D/C': 0, 'Recharge shaft': 0, 'LFB': 0, 'RFB': 0}","{'Floodlight': 0, 'Flood Light': 0, 'GAS': 0, 'FIFA': 0, 'pipe': 0, 'pipes': 0, 'covid': 0, 'supply': 0, 'Beautification': 0, 'Installation': 0}",Post-Monsoon,,False,True,Repair and Restoration,"{'Construction': 2, 'Bridge': 3}"
2026_CEBMB_128759_15,e-CHID-01/2026-27,Improvement of Left Main Canal at RD 3250mt of Ghodahada Irrigation Project.,Improvement of Canal system,Works,Open Tender,Percentage,Civil Works - Canal,No,No,NA ,06-May-2026 10:00 AM,NA ,90.0,No ,No,Online,22-May-2026 11:30 AM,"CE-BM,RVN Basin,Berhampur||S.E. Southern Irr. Circle I Berhampur||EE Chikiti Irrigation Divn Berhampur",Berhampur,760004.0,1.0,"12,06,000",PURNA CHANDRA SAHU,"1,206,123",Rejected-AOC,24-Jul-2026,"CE-BM,RVN Basin,Berhampur||S.E. Southern Irr. Circle I Berhampur||EE Chikiti Irrigation Divn Berhampur",True,"{'Flood': 0, 'Embankment': 0, 'embkt': 0, 'Relief': 0, 'Erosion': 0, 'SDRF': 0, 'Inundation': 0, 'Hydrology': 0, 'Silt': 0, 'Siltation': 0, 'Bund': 0, 'Trench': 0, 'Breach': 0, 'Culvert': 0, 'Sluice': 0, 'Dyke': 0, 'Storm water drain': 0, 'Emergency': 0, 'Immediate': 0, 'IM': 0, 'AE': 0, 'A E': 0, 'AAPDA MITRA': 0, 'flood': 0, 'Bridge': 0, 'River': 0, 'Drain': 0, 'Restoration': 0, 'Protection': 0, 'irr': 0, 'irrigation': 1, 'dam': 0, 'Nallah': 0, 'Retrofitting': 0, 'Pond': 0, 'Pokhari': 0, 'D/C': 0, 'Recharge shaft': 0, 'LFB': 0, 'RFB': 0}","{'Floodlight': 0, 'Flood Light': 0, 'GAS': 0, 'FIFA': 0, 'pipe': 0, 'pipes': 0, 'covid': 0, 'supply': 0, 'Beautification': 0, 'Installation': 0}",Pre-Monsoon,,False,False,Repair and Restoration,{'improvement': 2}
2026_ORULB_128734_24,SNP-MUN-37/2026-27,Construction of Drain and culvert from Kumbharpada Chowk to Hanuman Temple in ward No-13 and 6,Construction of Drain and culvert from Kumbharpada Chowk to Hanuman Temple in ward No-13 and 6,Works,Open Tender,Percentage,Civil Works - Others,No,No,NA ,05-May-2026 11:00 AM,NA ,60.0,No ,No,Online,16-May-2026 11:00 AM,Municipal Bodies||Sonepur Municipal Council,Sonepur Municipality,767017.0,1.0,"13,28,954",BIKRAM KUMAR AGRAWAL,"1,328,954",Accepted-AOC,26-Jul-2026,Municipal Bodies||Sonepur Municipal Council,True,"{'Flood': 0, 'Embankment': 0, 'embkt': 0, 'Relief': 0, 'Erosion': 0, 'SDRF': 0, 'Inundation': 0, 'Hydrology': 0, 'Silt': 0, 'Siltation': 0, 'Bund': 0, 'Trench': 0, 'Breach': 0, 'Culvert': 2, 'Sluice': 0, 'Dyke': 0, 'Storm water drain': 0, 'Emergency': 0, 'Immediate': 0, 'IM': 0, 'AE': 0, 'A E': 0, 'AAPDA MITRA': 0, 'flood': 0, 'Bridge': 0, 'River': 0, 'Drain': 2, 'Restoration': 0, 'Protection': 0, 'irr': 0, 'irrigation': 0, 'dam': 0, 'Nallah': 0, 'Retrofitting': 0, 'Pond': 0, 'Pokhari': 0, 'D/C': 0, 'Recharge shaft': 0, 'LFB': 0, 'RFB': 0}","{'Floodlight': 0, 'Flood Light': 0, 'GAS': 0, 'FIFA': 0, 'pipe': 0, 'pipes': 0, 'covid': 0, 'supply': 0, 'Beautification': 0, 'Installation': 0}",Pre-Monsoon,,False,True,Repair and Restoration,"{'Construction': 2, 'Drain': 2}"
2026_ORULB_128734_18,SNP-MUN-37/2026-27,Restoration Drain and culvert from Masjid to Majhipada Club Gruha in ward no-8.,Restoration Drain and culvert from Masjid to Majhipada Club Gruha in ward no-8.,Works,Open Tender,Percentage,Civil Works - Others,No,No,NA ,05-May-2026 11:00 AM,NA ,60.0,No ,No,Online,16-May-2026 11:00 AM,Municipal Bodies||Sonepur Municipal Council,Sonepur Municipality,767017.0,1.0,"13,28,839",BIKRAM KUMAR AGRAWAL,"1,328,839",Accepted-AOC,20-Jul-2026,Municipal Bodies||Sonepur Municipal Council,True,"{'Flood': 0, 'Embankment': 0, 'embkt': 0, 'Relief': 0, 'Erosion': 0, 'SDRF': 0, 'Inundation': 0, 'Hydrology': 0, 'Silt': 0, 'Siltation': 0, 'Bund': 0, 'Trench': 0, 'Breach': 0, 'Culvert': 2, 'Sluice': 0, 'Dyke': 0, 'Storm water drain': 0, 'Emergency': 0, 'Immediate': 0, 'IM': 0, 'AE': 0, 'A E': 0, 'AAPDA MITRA': 0, 'flood': 0, 'Bridge': 0, 'River': 0, 'Drain': 2, 'Restoration': 2, 'Protection': 0, 'irr': 0, 'irrigation': 0, 'dam': 0, 'Nallah': 0, 'Retrofitting': 0, 'Pond': 0, 'Pokhari': 0, 'D/C': 0, 'Recharge shaft': 0, 'LFB': 0, 'RFB': 0}","{'Floodlight': 0, 'Flood Light': 0, 'GAS': 0, 'FIFA': 0, 'pipe': 0, 'pipes': 0, 'covid': 0, 'supply': 0, 'Beautification': 0, 'Installation': 0}",Pre-Monsoon,,False,True,Repair and Restoration,"{'restoration': 2, 'Drain': 2}"
2026_CERWI_126754_1,NCB405,Construction of H.L. Bridge over Mandursahi Nallah (Ranipokhari) at 1st Km on Rd Road to Mandursahi road in the district of Mayurbhanj,Construction of H.L. Bridge over Mandursahi Nallah (Ranipokhari) at 1st Km on Rd Road to Mandursahi road in the district of Mayurbhanj,Works,National Competitive Bid,Percentage,Civil Works - Bridges,No,No,NA ,27-Feb-2026 06:55 PM,NA ,90.0,No ,No,Online,16-Mar-2026 11:00 AM,CE RW I||RWCIRCLE-BARIPADA,Mayurbhanj,757105.0,2.0,"4,00,87,000",ANIRUDDHA BHOWMIK,"27,262,916",Rejected-AOC,10-Jul-2026,CE RW I||RWCIRCLE-BARIPADA,True,"{'Flood': 0, 'Embankment': 0, 'embkt': 0, 'Relief': 0, 'Erosion': 0, 'SDRF': 0, 'Inundation': 0, 'Hydrology': 0, 'Silt': 0, 'Siltation': 0, 'Bund': 0, 'Trench': 0, 'Breach': 0, 'Culvert': 0, 'Sluice': 0, 'Dyke': 0, 'Storm water drain': 0, 'Emergency': 0, 'Immediate': 0, 'IM': 0, 'AE': 0, 'A E': 0, 'AAPDA MITRA': 0, 'flood': 0, 'Bridge': 2, 'River': 0, 'Drain': 0, 'Restoration': 0, 'Protection': 0, 'irr': 0, 'irrigation': 0, 'dam': 0, 'Nallah': 2, 'Retrofitting': 0, 'Pond': 0, 'Pokhari': 0, 'D/C': 0, 'Recharge shaft': 0, 'LFB': 0, 'RFB': 0}","{'Floodlight': 0, 'Flood Light': 0, 'GAS': 0, 'FIFA': 0, 'pipe': 0, 'pipes': 0, 'covid': 0, 'supply': 0, 'Beautification': 0, 'Installation': 0}",Post-Monsoon,,False,True,Repair and Restoration,"{'Construction': 2, 'Bridge': 2}"
2026_CERWI_125467_1,Road Tender Online-RWCSBP-29/2025-26,Construction of road from Malipali Bridge to Puturupali via Launsara road,Construction of road from Malipali Bridge to Puturupali via Launsara road,Works,Open Tender,Percentage,Civil Works - Roads,No,No,NA ,03-Feb-2026 03:00 PM,NA ,90.0,No ,No,Online,20-Feb-2026 11:00 AM,CE RW I||RWCIRCLE-SAMBALPUR,Bargarh,768028.0,2.0,"3,28,76,155",Ashok Kumar Jalan,"34,026,821",Rejected-Finance,03-Jul-2026,CE RW I||RWCIRCLE-SAMBALPUR,True,"{'Flood': 0, 'Embankment': 0, 'embkt': 0, 'Relief': 0, 'Erosion': 0, 'SDRF': 0, 'Inundation': 0, 'Hydrology': 0, 'Silt': 0, 'Siltation': 0, 'Bund': 0, 'Trench': 0, 'Breach': 0, 'Culvert': 0, 'Sluice': 0, 'Dyke': 0, 'Storm water drain': 0, 'Emergency': 0, 'Immediate': 0, 'IM': 0, 'AE': 0, 'A E': 0, 'AAPDA MITRA': 0, 'flood': 0, 'Bridge': 2, 'River': 0, 'Drain': 0, 'Restoration': 0, 'Protection': 0, 'irr': 0, 'irrigation': 0, 'dam': 0, 'Nallah': 0, 'Retrofitting': 0, 'Pond': 0, 'Pokhari': 0, 'D/C': 0, 'Recharge shaft': 0, 'LFB': 0, 'RFB': 0}","{'Floodlight': 0, 'Flood Light': 0, 'GAS': 0, 'FIFA': 0, 'pipe': 0, 'pipes': 0, 'covid': 0, 'supply': 0, 'Beautification': 0, 'Installation': 0}",Post-Monsoon,,False,True,Repair and Restoration,"{'Construction': 2, 'Bridge': 2}"
2026_ORULB_126636_16,BMC-EE-Tender Cell-73/2025-26 Dt. 25.02.2026,Construction of drain from Qtr.no-IVR 166 to IVR-161 in Ward No. 46,Construction of drain from Qtr.no-IVR 166 to IVR-161 in Ward No. 46,Works,Open Tender,Percentage,Civil Works - Others,No,No,NA ,28-Feb-2026 10:30 AM,05-Mar-2026 04:00 PM ,120.0,No ,No,Online,12-Mar-2026 11:00 AM,Municipal Bodies||Bhubaneswar Municipal Corporation,BMC AREA,751022.0,1.0,"9,29,998",SUBHASHREE SAHOO,"1,097,398",Rejected-Finance,02-Jul-2026,Municipal Bodies||Bhubaneswar Municipal Corporation,True,"{'Flood': 0, 'Embankment': 0, 'embkt': 0, 'Relief': 0, 'Erosion': 0, 'SDRF': 0, 'Inundation': 0, 'Hydrology': 0, 'Silt': 0, 'Siltation': 0, 'Bund': 0, 'Trench': 0, 'Breach': 0, 'Culvert': 0, 'Sluice': 0, 'Dyke': 0, 'Storm water drain': 0, 'Emergency': 0, 'Immediate': 0, 'IM': 0, 'AE': 0, 'A E': 0, 'AAPDA MITRA': 0, 'flood': 0, 'Bridge': 0, 'River': 0, 'Drain': 2, 'Restoration': 0, 'Protection': 0, 'irr': 0, 'irrigation': 0, 'dam': 0, 'Nallah': 0, 'Retrofitting': 0, 'Pond': 0, 'Pokhari': 0, 'D/C': 0, 'Recharge shaft': 0, 'LFB': 0, 'RFB': 0}","{'Floodlight': 0, 'Flood Light': 0, 'GAS': 0, 'FIFA': 0, 'pipe': 0, 'pipes': 0, 'covid': 0, 'supply': 0, 'Beautification': 0, 'Installation': 0}",Post-Monsoon,,False,True,Repair and Restoration,"{'Construction': 2, 'Drain': 2}"
2026_CEBMB_128949_5,SE-HID-ADV-02/2026-27,Desilting and Strengthening of Left Distributary in between RD 8000m to 15864m of Harabhangi Irrigation Project,DESILTING OF CANAL,Works,National Competitive Bid,Percentage,Civil Works - Others,No,No,NA ,11-May-2026 11:00 AM,NA ,90.0,No ,No,Online,25-May-2026 11:00 AM,"CE-BM,RVN Basin,Berhampur||SE Southern Irr Circle II Paralakhemundi||EE Harabhangi Irr Divn Adava",ADAVA,761217.0,1.0,"10,05,645",BAINATH NAIK,"804,616",Accepted-AOC,01-Jul-2026,"CE-BM,RVN Basin,Berhampur||SE Southern Irr Circle II Paralakhemundi||EE Harabhangi Irr Divn Adava",True,"{'Flood': 0, 'Embankment': 0, 'embkt': 0, 'Relief': 0, 'Erosion': 0, 'SDRF': 0, 'Inundation': 0, 'Hydrology': 0, 'Silt': 0, 'Siltation': 0, 'Bund': 0, 'Trench': 0, 'Breach': 0, 'Culvert': 0, 'Sluice': 0, 'Dyke': 0, 'Storm water drain': 0, 'Emergency': 0, 'Immediate': 0, 'IM': 0, 'AE': 0, 'A E': 0, 'AAPDA MITRA': 0, 'flood': 0, 'Bridge': 0, 'River': 0, 'Drain': 0, 'Restoration': 0, 'Protection': 0, 'irr': 0, 'irrigation': 1, 'dam': 0, 'Nallah': 0, 'Retrofitting': 0, 'Pond': 0, 'Pokhari': 0, 'D/C': 0, 'Recharge shaft': 0, 'LFB': 0, 'RFB': 0}","{'Floodlight': 0, 'Flood Light': 0, 'GAS': 0, 'FIFA': 0, 'pipe': 0, 'pipes': 0, 'covid': 0, 'supply': 0, 'Beautification': 0, 'Installation': 0}",Pre-Monsoon,,False,False,Repair and Restoration,{'strengthening': 1}
2026_PRNAK_128486_4,eProcurement Notice No. (PSNKD)01/2026-27 Latter No 1402 Dt. 24.04.2026,Const. of Both side Drain at Badadanda of Kunjamura Village.,Const. of Both side Drain at Badadanda of Kunjamura Village.,Works,Open Tender,Percentage,Civil Works - Roads,No,No,NA ,30-Apr-2026 09:00 AM,NA ,90.0,No ,No,Online,15-May-2026 09:00 AM,Panchayati Raj and Drinking Water Department Odisha||Zilla Parisad Sambalpur||NAKTIDEUL Block,Nktideul,768118.0,1.0,"15,06,899",AKSHYA KUMAR NAYAK,"1,506,899",Rejected-AOC,17-Jul-2026,Panchayati Raj and Drinking Water Department Odisha||Zilla Parisad Sambalpur||NAKTIDEUL Block,True,"{'Flood': 0, 'Embankment': 0, 'embkt': 0, 'Relief': 0, 'Erosion': 0, 'SDRF': 0, 'Inundation': 0, 'Hydrology': 0, 'Silt': 0, 'Siltation': 0, 'Bund': 0, 'Trench': 0, 'Breach': 0, 'Culvert': 0, 'Sluice': 0, 'Dyke': 0, 'Storm water drain': 0, 'Emergency': 0, 'Immediate': 0, 'IM': 0, 'AE': 0, 'A E': 0, 'AAPDA MITRA': 0, 'flood': 0, 'Bridge': 0, 'River': 0, 'Drain': 2, 'Restoration': 0, 'Protection': 0, 'irr': 0, 'irrigation': 0, 'dam': 0, 'Nallah': 0, 'Retrofitting': 0, 'Pond': 0, 'Pokhari': 0, 'D/C': 0, 'Recharge shaft': 0, 'LFB': 0, 'RFB': 0}","{'Floodlight': 0, 'Flood Light': 0, 'GAS': 0, 'FIFA': 0, 'pipe': 0, 'pipes': 0, 'covid': 0, 'supply': 0, 'Beautification': 0, 'Installation': 0}",Pre-Monsoon,,False,True,Repair and Restoration,{'Drain': 2}
2026_RMC_128133_4,MC/RMC/26/2026,"Renovation of Durgapur pond B, Ward No. 19 under RMC Rourkela",Works,Works,Open Tender,Percentage,Civil Works - Others,No,No,NA ,15-Apr-2026 06:00 PM,NA ,90.0,No ,No,Online,04-May-2026 10:00 AM,Rourkela Municipal Corporation,Rourkela,769012.0,1.0,"16,95,000",ANIL BEHERA (S.C),"1,695,046.42",Rejected-Technical,08-Jul-2026,Rourkela Municipal Corporation,True,"{'Flood': 0, 'Embankment': 0, 'embkt': 0, 'Relief': 0, 'Erosion': 0, 'SDRF': 0, 'Inundation': 0, 'Hydrology': 0, 'Silt': 0, 'Siltation': 0, 'Bund': 0, 'Trench': 0, 'Breach': 0, 'Culvert': 0, 'Sluice': 0, 'Dyke': 0, 'Storm water drain': 0, 'Emergency': 0, 'Immediate': 0, 'IM': 0, 'AE': 0, 'A E': 0, 'AAPDA MITRA': 0, 'flood': 0, 'Bridge': 0, 'River': 0, 'Drain': 0, 'Restoration': 0, 'Protection': 0, 'irr': 0, 'irrigation': 0, 'dam': 0, 'Nallah': 0, 'Retrofitting': 0, 'Pond': 1, 'Pokhari': 0, 'D/C': 0, 'Recharge shaft': 0, 'LFB': 0, 'RFB': 0}","{'Floodlight': 0, 'Flood Light': 0, 'GAS': 0, 'FIFA': 0, 'pipe': 0, 'pipes': 0, 'covid': 0, 'supply': 0, 'Beautification': 0, 'Installation': 0}",Pre-Monsoon,,False,False,Repair and Restoration,{'renovation': 1}
2025_ORULB_121920_1,BMC-EE-Tender Cell-45/2025-26 Dt. 24.11.2025,Construction of road and drain from Banamali Mishra House to Nirmala Plaza main road in Ward No 53,Construction of road and drain from Banamali Mishra House to Nirmala Plaza main road in Ward No 53,Works,Open Tender,Percentage,Civil Works - Others,No,No,NA ,26-Nov-2025 11:30 AM,02-Dec-2025 04:00 PM ,120.0,No ,No,Online,10-Dec-2025 11:30 AM,Municipal Bodies||Bhubaneswar Municipal Corporation,BMC AREA,751022.0,1.0,"30,84,008",ARATIPRAVA DALAI,"3,093,624",Rejected-Finance,01-Jul-2026,Municipal Bodies||Bhubaneswar Municipal Corporation,True,"{'Flood': 0, 'Embankment': 0, 'embkt': 0, 'Relief': 0, 'Erosion': 0, 'SDRF': 0, 'Inundation': 0, 'Hydrology': 0, 'Silt': 0, 'Siltation': 0, 'Bund': 0, 'Trench': 0, 'Breach': 0, 'Culvert': 0, 'Sluice': 0, 'Dyke': 0, 'Storm water drain': 0, 'Emergency': 0, 'Immediate': 0, 'IM': 0, 'AE': 0, 'A E': 0, 'AAPDA MITRA': 0, 'flood': 0, 'Bridge': 0, 'River': 0, 'Drain': 2, 'Restoration': 0, 'Protection': 0, 'irr': 0, 'irrigation': 0, 'dam': 0, 'Nallah': 0, 'Retrofitting': 0, 'Pond': 0, 'Pokhari': 0, 'D/C': 0, 'Recharge shaft': 0, 'LFB': 0, 'RFB': 0}","{'Floodlight': 0, 'Flood Light': 0, 'GAS': 0, 'FIFA': 0, 'pipe': 0, 'pipes': 0, 'covid': 0, 'supply': 0, 'Beautification': 0, 'Installation': 0}",Post-Monsoon,,False,True,Repair and Restoration,"{'Construction': 2, 'Drain': 2}"
2026_CEMIB_124778_6,"SE,MID,SBP/16/2025-26",Construction of Bhaludoli Check Dam over local nalla in Rairakhol Block of Sambalpur District under MATY 2025-26.,Construction of Bhaludoli Check Dam over local nalla in Rairakhol Block of Sambalpur District under MATY 2025-26.,Works,Open Tender,Percentage,Civil Works - Water Works,No,No,NA ,19-Jan-2026 11:00 AM,NA ,90.0,No ,No,Online,02-Feb-2026 10:00 AM,"CE,Minor Irrigation,BBSR||SENMIC-SAMBALPUR||SAMBALPUR",Sambalpur,768001.0,1.0,"38,15,971",ABHILAS PRADHAN,"3,812,154.39",Rejected-AOC,20-Feb-2026,"CE,Minor Irrigation,BBSR||SENMIC-SAMBALPUR||SAMBALPUR",True,"{'Flood': 0, 'Embankment': 0, 'embkt': 0, 'Relief': 0, 'Erosion': 0, 'SDRF': 0, 'Inundation': 0, 'Hydrology': 0, 'Silt': 0, 'Siltation': 0, 'Bund': 0, 'Trench': 0, 'Breach': 0, 'Culvert': 0, 'Sluice': 0, 'Dyke': 0, 'Storm water drain': 0, 'Emergency': 0, 'Immediate': 0, 'IM': 0, 'AE': 0, 'A E': 0, 'AAPDA MITRA': 0, 'flood': 0, 'Bridge': 0, 'River': 0, 'Drain': 0, 'Restoration': 0, 'Protection': 0, 'irr': 0, 'irrigation': 0, 'dam': 2, 'Nallah': 0, 'Retrofitting': 0, 'Pond': 0, 'Pokhari': 0, 'D/C': 0, 'Recharge shaft': 0, 'LFB': 0, 'RFB': 0}","{'Floodlight': 0, 'Flood Light': 0, 'GAS': 0, 'FIFA': 0, 'pipe': 0, 'pipes': 0, 'covid': 0, 'supply': 0, 'Beautification': 0, 'Installation': 0}",Post-Monsoon,,False,False,Repair and Restoration,"{'Check Dam': 2, 'Construction': 2}"
2026_CEBMB_128949_35,SE-HID-ADV-02/2026-27,Renovation of 3 nos CD of kadaguda Distributary of Harabhangi Irrigation Project,MAINTENANCE WORK,Works,National Competitive Bid,Percentage,Civil Works - Others,No,No,NA ,11-May-2026 11:00 AM,NA ,90.0,No ,No,Online,25-May-2026 11:00 AM,"CE-BM,RVN Basin,Berhampur||SE Southern Irr Circle II Paralakhemundi||EE Harabhangi Irr Divn Adava",ADAVA,761217.0,1.0,"6,70,325",Ajit Kumar Gouda,"535,590",Rejected-Finance,22-Jul-2026,"CE-BM,RVN Basin,Berhampur||SE Southern Irr Circle II Paralakhemundi||EE Harabhangi Irr Divn Adava",True,"{'Flood': 0, 'Embankment': 0, 'embkt': 0, 'Relief': 0, 'Erosion': 0, 'SDRF': 0, 'Inundation': 0, 'Hydrology': 0, 'Silt': 0, 'Siltation': 0, 'Bund': 0, 'Trench': 0, 'Breach': 0, 'Culvert': 0, 'Sluice': 0, 'Dyke': 0, 'Storm water drain': 0, 'Emergency': 0, 'Immediate': 0, 'IM': 0, 'AE': 0, 'A E': 0, 'AAPDA MITRA': 0, 'flood': 0, 'Bridge': 0, 'River': 0, 'Drain': 0, 'Restoration': 0, 'Protection': 0, 'irr': 0, 'irrigation': 1, 'dam': 0, 'Nallah': 0, 'Retrofitting': 0, 'Pond': 0, 'Pokhari': 0, 'D/C': 0, 'Recharge shaft': 0, 'LFB': 0, 'RFB': 0}","{'Floodlight': 0, 'Flood Light': 0, 'GAS': 0, 'FIFA': 0, 'pipe': 0, 'pipes': 0, 'covid': 0, 'supply': 0, 'Beautification': 0, 'Installation': 0}",Pre-Monsoon,,False,False,Repair and Restoration,{'renovation': 1}
2026_ORULB_128661_3,BINKA-NAC-01/2026-27,"Drain slab from Jagadalpur Sishu mandir to Nuapapali cricket filed, Ward no.12","Drain slab from Jagadalpur Sishu mandir to Nuapapali cricket filed, Ward no.12",Works,Open Tender,Percentage,Civil Works - Others,No,No,NA ,01-May-2026 11:00 AM,NA ,180.0,No ,No,Online,11-May-2026 11:00 AM,Municipal Bodies||Binka NAC,BINKA,767019.0,1.0,,ANANDA KUMAR PANDA,"1,015,906",Rejected-AOC,01-Jul-2026,Municipal Bodies||Binka NAC,True,"{'Flood': 0, 'Embankment': 0, 'embkt': 0, 'Relief': 0, 'Erosion': 0, 'SDRF': 0, 'Inundation': 0, 'Hydrology': 0, 'Silt': 0, 'Siltation': 0, 'Bund': 0, 'Trench': 0, 'Breach': 0, 'Culvert': 0, 'Sluice': 0, 'Dyke': 0, 'Storm water drain': 0, 'Emergency': 0, 'Immediate': 0, 'IM': 0, 'AE': 0, 'A E': 0, 'AAPDA MITRA': 0, 'flood': 0, 'Bridge': 0, 'River': 0, 'Drain': 2, 'Restoration': 0, 'Protection': 0, 'irr': 0, 'irrigation': 0, 'dam': 0, 'Nallah': 0, 'Retrofitting': 0, 'Pond': 0, 'Pokhari': 0, 'D/C': 0, 'Recharge shaft': 0, 'LFB': 0, 'RFB': 0}","{'Floodlight': 0, 'Flood Light': 0, 'GAS': 0, 'FIFA': 0, 'pipe': 0, 'pipes': 0, 'covid': 0, 'supply': 0, 'Beautification': 0, 'Installation': 0}",Pre-Monsoon,,False,True,Repair and Restoration,{'Drain': 2}
2026_ORULB_125429_21,MC(CMC)CTC_Div-I_No.21/2025-26,Construction of C.C. road and drain in Sadhu Bhati lane near Dakbar Sahi in Ward No. 18.,Construction of C.C. road and drain in Sadhu Bhati lane near Dakbar Sahi in Ward No. 18.,Works,Open Tender,Percentage,Civil Works - Others,No,No,NA ,05-Feb-2026 05:30 PM,NA ,90.0,No ,No,Online,19-Feb-2026 11:00 AM,Municipal Bodies||Cuttack Municipal Corporation,CMC,753012.0,1.0,"7,98,400",BHANUMATI NAHAK,"733,611",Rejected-AOC,31-Jul-2026,Municipal Bodies||Cuttack Municipal Corporation,True,"{'Flood': 0, 'Embankment': 0, 'embkt': 0, 'Relief': 0, 'Erosion': 0, 'SDRF': 0, 'Inundation': 0, 'Hydrology': 0, 'Silt': 0, 'Siltation': 0, 'Bund': 0, 'Trench': 0, 'Breach': 0, 'Culvert': 0, 'Sluice': 0, 'Dyke': 0, 'Storm water drain': 0, 'Emergency': 0, 'Immediate': 0, 'IM': 0, 'AE': 0, 'A E': 0, 'AAPDA MITRA': 0, 'flood': 0, 'Bridge': 0, 'River': 0, 'Drain': 2, 'Restoration': 0, 'Protection': 0, 'irr': 0, 'irrigation': 0, 'dam': 0, 'Nallah': 0, 'Retrofitting': 0, 'Pond': 0, 'Pokhari': 0, 'D/C': 0, 'Recharge shaft': 0, 'LFB': 0, 'RFB': 0}","{'Floodlight': 0, 'Flood Light': 0, 'GAS': 0, 'FIFA': 0, 'pipe': 0, 'pipes': 0, 'covid': 0, 'supply': 0, 'Beautification': 0, 'Installation': 0}",Post-Monsoon,,False,True,Repair and Restoration,"{'Construction': 2, 'Drain': 2}"
2026_ORULB_128734_20,SNP-MUN-37/2026-27,Construction of Drain Hatishala Kalyan Mandap to Banubox House and Sanjay Mahapatra House to Hussain MD house in ward o-8.,Construction of Drain Hatishala Kalyan Mandap to Banubox House and Sanjay Mahapatra House to Hussain MD house in ward o-8.,Works,Open Tender,Percentage,Civil Works - Others,No,No,NA ,05-May-2026 11:00 AM,NA ,60.0,No ,No,Online,16-May-2026 11:00 AM,Municipal Bodies||Sonepur Municipal Council,Sonepur Municipality,767017.0,1.0,"4,72,996",BIKRAM KUMAR AGRAWAL,"472,996",Rejected-Technical,20-Jul-2026,Municipal Bodies||Sonepur Municipal Council,True,"{'Flood': 0, 'Embankment': 0, 'embkt': 0, 'Relief': 0, 'Erosion': 0, 'SDRF': 0, 'Inundation': 0, 'Hydrology': 0, 'Silt': 0, 'Siltation': 0, 'Bund': 0, 'Trench': 0, 'Breach': 0, 'Culvert': 0, 'Sluice': 0, 'Dyke': 0, 'Storm water drain': 0, 'Emergency': 0, 'Immediate': 0, 'IM': 0, 'AE': 0, 'A E': 0, 'AAPDA MITRA': 0, 'flood': 0, 'Bridge': 0, 'River': 0, 'Drain': 2, 'Restoration': 0, 'Protection': 0, 'irr': 0, 'irrigation': 0, 'dam': 0, 'Nallah': 0, 'Retrofitting': 0, 'Pond': 0, 'Pokhari': 0, 'D/C': 0, 'Recharge shaft': 0, 'LFB': 0, 'RFB': 0}","{'Floodlight': 0, 'Flood Light': 0, 'GAS': 0, 'FIFA': 0, 'pipe': 0, 'pipes': 0, 'covid': 0, 'supply': 0, 'Beautification': 0, 'Installation': 0}",Pre-Monsoon,,False,True,Repair and Restoration,"{'Construction': 2, 'Drain': 2}"
2026_CEMIB_128417_10,"SE,MID,SBP/02/2026-27",Construction of Murgamal Check Dam over local nalla in Bamra Block of Sambalpur District under MATY 2026-27.,Construction of Murgamal Check Dam over local nalla in Bamra Block of Sambalpur District under MATY 2026-27.,Works,Open Tender,Percentage,Civil Works - Others,No,No,NA ,24-Apr-2026 11:00 AM,NA ,90.0,No ,No,Online,05-May-2026 10:00 AM,"CE,Minor Irrigation,BBSR||SENMIC-SAMBALPUR||SAMBALPUR",Sambalpur,768001.0,1.0,"39,46,256",Abhilash Patel,"3,946,255.05",Rejected-AOC,04-Jun-2026,"CE,Minor Irrigation,BBSR||SENMIC-SAMBALPUR||SAMBALPUR",True,"{'Flood': 0, 'Embankment': 0, 'embkt': 0, 'Relief': 0, 'Erosion': 0, 'SDRF': 0, 'Inundation': 0, 'Hydrology': 0, 'Silt': 0, 'Siltation': 0, 'Bund': 0, 'Trench': 0, 'Breach': 0, 'Culvert': 0, 'Sluice': 0, 'Dyke': 0, 'Storm water drain': 0, 'Emergency': 0, 'Immediate': 0, 'IM': 0, 'AE': 0, 'A E': 0, 'AAPDA MITRA': 0, 'flood': 0, 'Bridge': 0, 'River': 0, 'Drain': 0, 'Restoration': 0, 'Protection': 0, 'irr': 0, 'irrigation': 0, 'dam': 2, 'Nallah': 0, 'Retrofitting': 0, 'Pond': 0, 'Pokhari': 0, 'D/C': 0, 'Recharge shaft': 0, 'LFB': 0, 'RFB': 0}","{'Floodlight': 0, 'Flood Light': 0, 'GAS': 0, 'FIFA': 0, 'pipe': 0, 'pipes': 0, 'covid': 0, 'supply': 0, 'Beautification': 0, 'Installation': 0}",Pre-Monsoon,,False,False,Repair and Restoration,"{'Check Dam': 2, 'Construction': 2}"
2026_ORULB_127140_7,BM_14_2025_26,CONSTRUCTION OF DRAIN WITH COVER SLAB AND CULVERT FROM GOPALGAON SAMSAN TO MAHANAL VIA ADITYA DAS HOUSE IN WARD NO. 28,CONSTRUCTION OF DRAIN WITH COVER SLAB AND CULVERT FROM GOPALGAON SAMSAN TO MAHANAL VIA ADITYA DAS HOUSE IN WARD NO. 28,Works,Open Tender,Percentage,Civil Works - Others,No,No,NA ,11-Mar-2026 11:00 AM,NA ,90.0,No ,No,Online,23-Mar-2026 11:00 AM,Municipal Bodies||Balasore Municipality,Balasore Municipality,756003.0,1.0,"33,89,831",Benudhara Majhi,"2,711,865.15",Rejected-Technical,17-Jul-2026,Municipal Bodies||Balasore Municipality,True,"{'Flood': 0, 'Embankment': 0, 'embkt': 0, 'Relief': 0, 'Erosion': 0, 'SDRF': 0, 'Inundation': 0, 'Hydrology': 0, 'Silt': 0, 'Siltation': 0, 'Bund': 0, 'Trench': 0, 'Breach': 0, 'Culvert': 2, 'Sluice': 0, 'Dyke': 0, 'Storm water drain': 0, 'Emergency': 0, 'Immediate': 0, 'IM': 0, 'AE': 0, 'A E': 0, 'AAPDA MITRA': 0, 'flood': 0, 'Bridge': 0, 'River': 0, 'Drain': 2, 'Restoration': 0, 'Protection': 0, 'irr': 0, 'irrigation': 0, 'dam': 0, 'Nallah': 0, 'Retrofitting': 0, 'Pond': 0, 'Pokhari': 0, 'D/C': 0, 'Recharge shaft': 0, 'LFB': 0, 'RFB': 0}","{'Floodlight': 0, 'Flood Light': 0, 'GAS': 0, 'FIFA': 0, 'pipe': 0, 'pipes': 0, 'covid': 0, 'supply': 0, 'Beautification': 0, 'Installation': 0}",Pre-Monsoon,,False,True,Repair and Restoration,"{'Construction': 2, 'Drain': 2}"
2026_CEBMB_128759_11,e-CHID-01/2026-27,Improvement to both bank of Right Main Canal at RD 9300m of Ghodahada Irrigation Project.,Improvement of Canal system,Works,Open Tender,Percentage,Civil Works - Canal,No,No,NA ,06-May-2026 10:00 AM,NA ,90.0,No ,No,Online,22-May-2026 11:30 AM,"CE-BM,RVN Basin,Berhampur||S.E. Southern Irr. Circle I Berhampur||EE Chikiti Irrigation Divn Berhampur",Berhampur,760004.0,1.0,"9,85,000",SITUN KUMAR SAHU,"836,504",Rejected-AOC,24-Jul-2026,"CE-BM,RVN Basin,Berhampur||S.E. Southern Irr. Circle I Berhampur||EE Chikiti Irrigation Divn Berhampur",True,"{'Flood': 0, 'Embankment': 0, 'embkt': 0, 'Relief': 0, 'Erosion': 0, 'SDRF': 0, 'Inundation': 0, 'Hydrology': 0, 'Silt': 0, 'Siltation': 0, 'Bund': 0, 'Trench': 0, 'Breach': 0, 'Culvert': 0, 'Sluice': 0, 'Dyke': 0, 'Storm water drain': 0, 'Emergency': 0, 'Immediate': 0, 'IM': 0, 'AE': 0, 'A E': 0, 'AAPDA MITRA': 0, 'flood': 0, 'Bridge': 0, 'River': 0, 'Drain': 0, 'Restoration': 0, 'Protection': 0, 'irr': 0, 'irrigation': 1, 'dam': 0, 'Nallah': 0, 'Retrofitting': 0, 'Pond': 0, 'Pokhari': 0, 'D/C': 0, 'Recharge shaft': 0, 'LFB': 0, 'RFB': 0}","{'Floodlight': 0, 'Flood Light': 0, 'GAS': 0, 'FIFA': 0, 'pipe': 0, 'pipes': 0, 'covid': 0, 'supply': 0, 'Beautification': 0, 'Installation': 0}",Pre-Monsoon,,False,False,Repair and Restoration,{'improvement': 2}
2026_CEMIB_128458_5,SEMIDRGD-03/2026-27,Construction of Atada Check Dam (RG110081) in Rayagada Block of Rayagada District under MATY 3.0 for the Year 2026-27,Construction of Atada Check Dam (RG110081) in Rayagada Block of Rayagada District under MATY 3.0 for the Year 2026-27,Works,National Competitive Bid,Percentage,Civil Works - Others,No,No,NA ,29-Apr-2026 10:00 AM,NA ,90.0,No ,No,Online,14-May-2026 11:00 AM,"CE,Minor Irrigation,BBSR||SE,KBK Minor Irr.CircleII,Jeypore||EE M.I. Division Rayagada",Rayagada,765001.0,2.0,"93,10,299",Akhyaya Kumar Sahu,"9,310,299.31",Rejected-AOC,17-Jun-2026,"CE,Minor Irrigation,BBSR||SE,KBK Minor Irr.CircleII,Jeypore||EE M.I. Division Rayagada",True,"{'Flood': 0, 'Embankment': 0, 'embkt': 0, 'Relief': 0, 'Erosion': 0, 'SDRF': 0, 'Inundation': 0, 'Hydrology': 0, 'Silt': 0, 'Siltation': 0, 'Bund': 0, 'Trench': 0, 'Breach': 0, 'Culvert': 0, 'Sluice': 0, 'Dyke': 0, 'Storm water drain': 0, 'Emergency': 0, 'Immediate': 0, 'IM': 0, 'AE': 0, 'A E': 0, 'AAPDA MITRA': 0, 'flood': 0, 'Bridge': 0, 'River': 0, 'Drain': 0, 'Restoration': 0, 'Protection': 0, 'irr': 0, 'irrigation': 0, 'dam': 2, 'Nallah': 0, 'Retrofitting': 0, 'Pond': 0, 'Pokhari': 0, 'D/C': 0, 'Recharge shaft': 0, 'LFB': 0, 'RFB': 0}","{'Floodlight': 0, 'Flood Light': 0, 'GAS': 0, 'FIFA': 0, 'pipe': 0, 'pipes': 0, 'covid': 0, 'supply': 0, 'Beautification': 0, 'Installation': 0}",Pre-Monsoon,,False,False,Repair and Restoration,"{'Check Dam': 2, 'Construction': 2}"
2026_CERWI_130796_1,EERWELBBSR- 07/2026-27,"Shifting and reconstruction of 11KV, SS and LT lines due to construction of HL Bridge over river Budhanadi on PWD road located at Bartilo to Khandia Gorada Under R.W.E.S Jagatsinghpur","Shifting and reconstruction of 11KV, SS and LT lines due to construction of HL Bridge over river Budhanadi on PWD road located at Bartilo to Khandia Gorada Under R.W.E.S Jagatsinghpur",Works,Open Tender,Percentage,Electrical Works,No,No,NA ,04-Jun-2026 12:00 PM,NA ,90.0,No ,No,Online,17-Jun-2026 01:00 PM,CE RW I||RW Electrical Circle Bhubaneswar||RW Electrical Division Bhubaneswar,Jagatsinghpur,754103.0,1.0,"9,78,272",GAYATRI SERVICES,"812,064",Rejected-Technical,06-Jul-2026,CE RW I||RW Electrical Circle Bhubaneswar||RW Electrical Division Bhubaneswar,True,"{'Flood': 0, 'Embankment': 0, 'embkt': 0, 'Relief': 0, 'Erosion': 0, 'SDRF': 0, 'Inundation': 0, 'Hydrology': 0, 'Silt': 0, 'Siltation': 0, 'Bund': 0, 'Trench': 0, 'Breach': 0, 'Culvert': 0, 'Sluice': 0, 'Dyke': 0, 'Storm water drain': 0, 'Emergency': 0, 'Immediate': 0, 'IM': 0, 'AE': 0, 'A E': 0, 'AAPDA MITRA': 0, 'flood': 0, 'Bridge': 2, 'River': 2, 'Drain': 0, 'Restoration': 0, 'Protection': 0, 'irr': 0, 'irrigation': 0, 'dam': 0, 'Nallah': 0, 'Retrofitting': 0, 'Pond': 0, 'Pokhari': 0, 'D/C': 0, 'Recharge shaft': 0, 'LFB': 0, 'RFB': 0}","{'Floodlight': 0, 'Flood Light': 0, 'GAS': 0, 'FIFA': 0, 'pipe': 0, 'pipes': 0, 'covid': 0, 'supply': 0, 'Beautification': 0, 'Installation': 0}",Monsoon,,False,True,Repair and Restoration,"{'reconstruction': 2, 'Construction': 2, 'Bridge': 2}"
2026_CEBBS_129136_16,SE-AID-2/2026-27,Construction of R.C.C Trough wall from RD 4355m to RD 4455m of Tail Distributary of Aunli Irrigation Project Working RD from 4355m to 4463m.,Construction of R.C.C Trough wall from RD 4355m to RD 4455m of Tail Distributary of Aunli Irrigation Project Working RD from 4355m to 4463m,Works,Open Tender,Percentage,Civil Works - Canal,No,No,NA ,13-May-2026 11:00 AM,NA ,90.0,No ,No,Online,25-May-2026 09:00 AM,CE and BM Brahmani Basin Samal||SE Angul Irrigation Circle Angul||EE Angul Irrigation Division Angul,Angul,759143.0,1.0,,ANASUYA BEHERA,"494,297",Rejected-Technical,24-Jun-2026,CE and BM Brahmani Basin Samal||SE Angul Irrigation Circle Angul||EE Angul Irrigation Division Angul,True,"{'Flood': 0, 'Embankment': 0, 'embkt': 0, 'Relief': 0, 'Erosion': 0, 'SDRF': 0, 'Inundation': 0, 'Hydrology': 0, 'Silt': 0, 'Siltation': 0, 'Bund': 0, 'Trench': 0, 'Breach': 0, 'Culvert': 0, 'Sluice': 0, 'Dyke': 0, 'Storm water drain': 0, 'Emergency': 0, 'Immediate': 0, 'IM': 0, 'AE': 0, 'A E': 0, 'AAPDA MITRA': 0, 'flood': 0, 'Bridge': 0, 'River': 0, 'Drain': 0, 'Restoration': 0, 'Protection': 0, 'irr': 0, 'irrigation': 2, 'dam': 0, 'Nallah': 0, 'Retrofitting': 0, 'Pond': 0, 'Pokhari': 0, 'D/C': 0, 'Recharge shaft': 0, 'LFB': 0, 'RFB': 0}","{'Floodlight': 0, 'Flood Light': 0, 'GAS': 0, 'FIFA': 0, 'pipe': 0, 'pipes': 0, 'covid': 0, 'supply': 0, 'Beautification': 0, 'Installation': 0}",Pre-Monsoon,,False,False,Repair and Restoration,{'Construction': 2}
2026_CERWI_129091_1,NCB-03/ RWCKJR/2026-27,Construction of bridge over Champajhar Nallah on Goudachampei to Kodipasa Gopalsahi road. (4x10.77 mtr. c/c with Open Foundation) under SBY in the District of Keonjhar.,Construction of bridge over Champajhar Nallah on Goudachampei to Kodipasa Gopalsahi road. (4x10.77 mtr. c/c with Open Foundation) under SBY in the District of Keonjhar.,Works,National Competitive Bid,Percentage,Civil Works - Bridges,No,No,NA ,09-May-2026 02:45 PM,NA ,90.0,No ,No,Online,22-May-2026 11:00 AM,CE RW I||RWCIRCLE-KEONJHAR,Keonjhar,758001.0,2.0,"4,34,49,127",AMAN INFRA ENGINEERING AND CONSTRUCTION,"43,449,126.938",Rejected-Finance,31-Jul-2026,CE RW I||RWCIRCLE-KEONJHAR,True,"{'Flood': 0, 'Embankment': 0, 'embkt': 0, 'Relief': 0, 'Erosion': 0, 'SDRF': 0, 'Inundation': 0, 'Hydrology': 0, 'Silt': 0, 'Siltation': 0, 'Bund': 0, 'Trench': 0, 'Breach': 0, 'Culvert': 0, 'Sluice': 0, 'Dyke': 0, 'Storm water drain': 0, 'Emergency': 0, 'Immediate': 0, 'IM': 0, 'AE': 0, 'A E': 0, 'AAPDA MITRA': 0, 'flood': 0, 'Bridge': 2, 'River': 0, 'Drain': 0, 'Restoration': 0, 'Protection': 0, 'irr': 0, 'irrigation': 0, 'dam': 0, 'Nallah': 2, 'Retrofitting': 0, 'Pond': 0, 'Pokhari': 0, 'D/C': 0, 'Recharge shaft': 0, 'LFB': 0, 'RFB': 0}","{'Floodlight': 0, 'Flood Light': 0, 'GAS': 0, 'FIFA': 0, 'pipe': 0, 'pipes': 0, 'covid': 0, 'supply': 0, 'Beautification': 0, 'Installation': 0}",Pre-Monsoon,,False,True,Repair and Restoration,"{'Construction': 2, 'Bridge': 2}"
2026_CEBBS_129136_17,SE-AID-2/2026-27,Construction of R.C.C Trough wall from RD 2280m to RD 2300m of Dangapal Minor of Aunli Irrigation Project. Working RD 2240m to 2314m,Construction of R.C.C Trough wall from RD 2280m to RD 2300m of Dangapal Minor of Aunli Irrigation Project. Working RD 2240m to 2314m,Works,Open Tender,Percentage,Civil Works - Canal,No,No,NA ,13-May-2026 11:00 AM,NA ,90.0,No ,No,Online,25-May-2026 09:00 AM,CE and BM Brahmani Basin Samal||SE Angul Irrigation Circle Angul||EE Angul Irrigation Division Angul,Angul,759143.0,1.0,,BAPUJI KUMAR SAHOO,"476,157",Rejected-Technical,24-Jun-2026,CE and BM Brahmani Basin Samal||SE Angul Irrigation Circle Angul||EE Angul Irrigation Division Angul,True,"{'Flood': 0, 'Embankment': 0, 'embkt': 0, 'Relief': 0, 'Erosion': 0, 'SDRF': 0, 'Inundation': 0, 'Hydrology': 0, 'Silt': 0, 'Siltation': 0, 'Bund': 0, 'Trench': 0, 'Breach': 0, 'Culvert': 0, 'Sluice': 0, 'Dyke': 0, 'Storm water drain': 0, 'Emergency': 0, 'Immediate': 0, 'IM': 0, 'AE': 0, 'A E': 0, 'AAPDA MITRA': 0, 'flood': 0, 'Bridge': 0, 'River': 0, 'Drain': 0, 'Restoration': 0, 'Protection': 0, 'irr': 0, 'irrigation': 2, 'dam': 0, 'Nallah': 0, 'Retrofitting': 0, 'Pond': 0, 'Pokhari': 0, 'D/C': 0, 'Recharge shaft': 0, 'LFB': 0, 'RFB': 0}","{'Floodlight': 0, 'Flood Light': 0, 'GAS': 0, 'FIFA': 0, 'pipe': 0, 'pipes': 0, 'covid': 0, 'supply': 0, 'Beautification': 0, 'Installation': 0}",Pre-Monsoon,,False,False,Repair and Restoration,{'Construction': 2}
2026_OCCL_127701_1,E-Procurement Notice No. 65/OCCL/2025-26 (on-line),E-Procurement Notice No. 65/OCCL/2025-26 (on-line),"Dismantling, removal and shifting of existing radial gates with its components and erection of new radial gates Dismantling of hoist bridge including hoisting arrangements and re-erection of the same after erection of new radial gate muran dam",Works,Open Tender,Item Rate,Mechanical Works,No,No,NA ,31-Mar-2026 10:00 AM,NA ,90.0,No ,No,Online,16-Apr-2026 11:30 AM,ODISHA CONSTRUCTION CORPORATION LTD||CIVIL,"Khatiguda, Nabarangapur",764085.0,2.0,0.0,KAMAKSHI ENGINEERING WORKS,"7,824,065",Rejected-Finance,20-Jul-2026,ODISHA CONSTRUCTION CORPORATION LTD||CIVIL,True,"{'Flood': 0, 'Embankment': 0, 'embkt': 0, 'Relief': 0, 'Erosion': 0, 'SDRF': 0, 'Inundation': 0, 'Hydrology': 0, 'Silt': 0, 'Siltation': 0, 'Bund': 0, 'Trench': 0, 'Breach': 0, 'Culvert': 0, 'Sluice': 0, 'Dyke': 0, 'Storm water drain': 0, 'Emergency': 0, 'Immediate': 0, 'IM': 0, 'AE': 0, 'A E': 0, 'AAPDA MITRA': 0, 'flood': 0, 'Bridge': 1, 'River': 0, 'Drain': 0, 'Restoration': 0, 'Protection': 0, 'irr': 0, 'irrigation': 0, 'dam': 1, 'Nallah': 0, 'Retrofitting': 0, 'Pond': 0, 'Pokhari': 0, 'D/C': 0, 'Recharge shaft': 0, 'LFB': 0, 'RFB': 0}","{'Floodlight': 0, 'Flood Light': 0, 'GAS': 0, 'FIFA': 0, 'pipe': 0, 'pipes': 0, 'covid': 0, 'supply': 0, 'Beautification': 0, 'Installation': 0}",Pre-Monsoon,,False,True,Repair and Restoration,{'Bridge': 1}
2026_ORULB_127140_6,BM_14_2025_26,CONSTRUCTION OF MAHANAL DRAIN WITH COVER SLAB FROM CHAITANYA NAYAK RES TO SANATAN NAYAK RES AT NILIABAG NEW COLONY IN WARD NO. 29,CONSTRUCTION OF MAHANAL DRAIN WITH COVER SLAB FROM CHAITANYA NAYAK RES TO SANATAN NAYAK RES AT NILIABAG NEW COLONY IN WARD NO. 29,Works,Open Tender,Percentage,Civil Works - Others,No,No,NA ,11-Mar-2026 11:00 AM,NA ,90.0,No ,No,Online,23-Mar-2026 11:00 AM,Municipal Bodies||Balasore Municipality,Balasore Municipality,756003.0,1.0,"26,01,695",ASHIS SAHU,"1,927,335.63",Rejected-Technical,18-Jul-2026,Municipal Bodies||Balasore Municipality,True,"{'Flood': 0, 'Embankment': 0, 'embkt': 0, 'Relief': 0, 'Erosion': 0, 'SDRF': 0, 'Inundation': 0, 'Hydrology': 0, 'Silt': 0, 'Siltation': 0, 'Bund': 0, 'Trench': 0, 'Breach': 0, 'Culvert': 0, 'Sluice': 0, 'Dyke': 0, 'Storm water drain': 0, 'Emergency': 0, 'Immediate': 0, 'IM': 0, 'AE': 0, 'A E': 0, 'AAPDA MITRA': 0, 'flood': 0, 'Bridge': 0, 'River': 0, 'Drain': 2, 'Restoration': 0, 'Protection': 0, 'irr': 0, 'irrigation': 0, 'dam': 0, 'Nallah': 0, 'Retrofitting': 0, 'Pond': 0, 'Pokhari': 0, 'D/C': 0, 'Recharge shaft': 0, 'LFB': 0, 'RFB': 0}","{'Floodlight': 0, 'Flood Light': 0, 'GAS': 0, 'FIFA': 0, 'pipe': 0, 'pipes': 0, 'covid': 0, 'supply': 0, 'Beautification': 0, 'Installation': 0}",Pre-Monsoon,,False,True,Repair and Restoration,"{'Construction': 2, 'Drain': 2}"
2026_ORULB_128734_21,SNP-MUN-37/2026-27,"Restoration of Drain from Mangulu Nayak House to Atal Mahapatra House, restoration of Road From Mangulu House to Pravakar Dalei House and Restoration of Road and Drain From sitelei Mandir to Bikash Panda House in ward no-9","Restoration of Drain from Mangulu Nayak House to Atal Mahapatra House, restoration of Road From Mangulu House to Pravakar Dalei House and Restoration of Road and Drain From sitelei Mandir to Bikash Panda House in ward no-9",Works,Open Tender,Percentage,Civil Works - Others,No,No,NA ,05-May-2026 11:00 AM,NA ,60.0,No ,No,Online,16-May-2026 11:00 AM,Municipal Bodies||Sonepur Municipal Council,Sonepur Municipality,767017.0,1.0,"4,18,728",SWITY AGRAWAL,"418,427",Rejected-Technical,26-Jul-2026,Municipal Bodies||Sonepur Municipal Council,True,"{'Flood': 0, 'Embankment': 0, 'embkt': 0, 'Relief': 0, 'Erosion': 0, 'SDRF': 0, 'Inundation': 0, 'Hydrology': 0, 'Silt': 0, 'Siltation': 0, 'Bund': 0, 'Trench': 0, 'Breach': 0, 'Culvert': 0, 'Sluice': 0, 'Dyke': 0, 'Storm water drain': 0, 'Emergency': 0, 'Immediate': 0, 'IM': 0, 'AE': 0, 'A E': 0, 'AAPDA MITRA': 0, 'flood': 0, 'Bridge': 0, 'River': 0, 'Drain': 4, 'Restoration': 6, 'Protection': 0, 'irr': 0, 'irrigation': 0, 'dam': 0, 'Nallah': 0, 'Retrofitting': 0, 'Pond': 0, 'Pokhari': 0, 'D/C': 0, 'Recharge shaft': 0, 'LFB': 0, 'RFB': 0}","{'Floodlight': 0, 'Flood Light': 0, 'GAS': 0, 'FIFA': 0, 'pipe': 0, 'pipes': 0, 'covid': 0, 'supply': 0, 'Beautification': 0, 'Installation': 0}",Pre-Monsoon,,False,True,Repair and Restoration,"{'restoration': 6, 'Drain': 4}"
2026_CEBMB_128949_34,SE-HID-ADV-02/2026-27,Construction of guard wall upstream of fall at RD 13170 m of Kadaguda Distributary of Harabhangi Irrigation Project,MAINTENANCE WORK,Works,National Competitive Bid,Percentage,Civil Works - Others,No,No,NA ,11-May-2026 11:00 AM,NA ,90.0,No ,No,Online,25-May-2026 11:00 AM,"CE-BM,RVN Basin,Berhampur||SE Southern Irr Circle II Paralakhemundi||EE Harabhangi Irr Divn Adava",ADAVA,761217.0,1.0,"8,38,399",BITU BEHERA,"669,881",Rejected-Finance,22-Jul-2026,"CE-BM,RVN Basin,Berhampur||SE Southern Irr Circle II Paralakhemundi||EE Harabhangi Irr Divn Adava",True,"{'Flood': 0, 'Embankment': 0, 'embkt': 0, 'Relief': 0, 'Erosion': 0, 'SDRF': 0, 'Inundation': 0, 'Hydrology': 0, 'Silt': 0, 'Siltation': 0, 'Bund': 0, 'Trench': 0, 'Breach': 0, 'Culvert': 0, 'Sluice': 0, 'Dyke': 0, 'Storm water drain': 0, 'Emergency': 0, 'Immediate': 0, 'IM': 0, 'AE': 0, 'A E': 0, 'AAPDA MITRA': 0, 'flood': 0, 'Bridge': 0, 'River': 0, 'Drain': 0, 'Restoration': 0, 'Protection': 0, 'irr': 0, 'irrigation': 1, 'dam': 0, 'Nallah': 0, 'Retrofitting': 0, 'Pond': 0, 'Pokhari': 0, 'D/C': 0, 'Recharge shaft': 0, 'LFB': 0, 'RFB': 0}","{'Floodlight': 0, 'Flood Light': 0, 'GAS': 0, 'FIFA': 0, 'pipe': 0, 'pipes': 0, 'covid': 0, 'supply': 0, 'Beautification': 0, 'Installation': 0}",Pre-Monsoon,,False,False,Repair and Restoration,{'Construction': 1}
2026_CEMIB_124778_7,"SE,MID,SBP/16/2025-26",Construction of Dandeijharan Check Dam over local nalla in Rairakhol Block of Sambalpur District under MATY 2025-26.,Construction of Dandeijharan Check Dam over local nalla in Rairakhol Block of Sambalpur District under MATY 2025-26.,Works,Open Tender,Percentage,Civil Works - Water Works,No,No,NA ,19-Jan-2026 11:00 AM,NA ,90.0,No ,No,Online,02-Feb-2026 10:00 AM,"CE,Minor Irrigation,BBSR||SENMIC-SAMBALPUR||SAMBALPUR",Sambalpur,768001.0,1.0,"37,25,552",ABHILAS PRADHAN,"3,721,825.55",Rejected-AOC,23-Feb-2026,"CE,Minor Irrigation,BBSR||SENMIC-SAMBALPUR||SAMBALPUR",True,"{'Flood': 0, 'Embankment': 0, 'embkt': 0, 'Relief': 0, 'Erosion': 0, 'SDRF': 0, 'Inundation': 0, 'Hydrology': 0, 'Silt': 0, 'Siltation': 0, 'Bund': 0, 'Trench': 0, 'Breach': 0, 'Culvert': 0, 'Sluice': 0, 'Dyke': 0, 'Storm water drain': 0, 'Emergency': 0, 'Immediate': 0, 'IM': 0, 'AE': 0, 'A E': 0, 'AAPDA MITRA': 0, 'flood': 0, 'Bridge': 0, 'River': 0, 'Drain': 0, 'Restoration': 0, 'Protection': 0, 'irr': 0, 'irrigation': 0, 'dam': 2, 'Nallah': 0, 'Retrofitting': 0, 'Pond': 0, 'Pokhari': 0, 'D/C': 0, 'Recharge shaft': 0, 'LFB': 0, 'RFB': 0}","{'Floodlight': 0, 'Flood Light': 0, 'GAS': 0, 'FIFA': 0, 'pipe': 0, 'pipes': 0, 'covid': 0, 'supply': 0, 'Beautification': 0, 'Installation': 0}",Post-Monsoon,,False,False,Repair and Restoration,"{'Check Dam': 2, 'Construction': 2}"
2026_RMC_128133_5,MC/RMC/26/2026,"Development of pond and Retaining wall at Leprosy pada, Deogaon, Ward No. 07 under RMC Rourkela",Works,Works,Open Tender,Percentage,Civil Works - Others,No,No,NA ,15-Apr-2026 06:00 PM,NA ,90.0,No ,No,Online,04-May-2026 10:00 AM,Rourkela Municipal Corporation,Rourkela,769012.0,1.0,"13,60,000",ANIL BEHERA (S.C),"1,360,184.63",Rejected-Technical,08-Jul-2026,Rourkela Municipal Corporation,True,"{'Flood': 0, 'Embankment': 0, 'embkt': 0, 'Relief': 0, 'Erosion': 0, 'SDRF': 0, 'Inundation': 0, 'Hydrology': 0, 'Silt': 0, 'Siltation': 0, 'Bund': 0, 'Trench': 0, 'Breach': 0, 'Culvert': 0, 'Sluice': 0, 'Dyke': 0, 'Storm water drain': 0, 'Emergency': 0, 'Immediate': 0, 'IM': 0, 'AE': 0, 'A E': 0, 'AAPDA MITRA': 0, 'flood': 0, 'Bridge': 0, 'River': 0, 'Drain': 0, 'Restoration': 0, 'Protection': 0, 'irr': 0, 'irrigation': 0, 'dam': 0, 'Nallah': 0, 'Retrofitting': 0, 'Pond': 1, 'Pokhari': 0, 'D/C': 0, 'Recharge shaft': 0, 'LFB': 0, 'RFB': 0}","{'Floodlight': 0, 'Flood Light': 0, 'GAS': 0, 'FIFA': 0, 'pipe': 0, 'pipes': 0, 'covid': 0, 'supply': 0, 'Beautification': 0, 'Installation': 0}",Pre-Monsoon,,False,False,Others,
2026_CEMIB_129607_2,SECMID_03/2026-27,Construction of Juanbandha Check Dam over Local Nalla Near Parabatia in Chhangaon GP in Athagarh Block of Cuttack District under MATY Scheme for the year 2026-27.,Construction of Juanbandha Check Dam over Local Nalla Near Parabatia in Chhangaon GP in Athagarh Block of Cuttack District under MATY Scheme for the year 2026-27.,Works,Open Tender,Percentage,Civil Works - Canal,No,No,NA ,22-May-2026 10:00 AM,NA ,90.0,No ,No,Online,01-Jun-2026 11:00 AM,"CE,Minor Irrigation,BBSR||SECMIC-BHUBANESWAR||CUTTACK",Athagarh,754029.0,2.0,"51,67,208",ADARSA BISWAL,"5,167,208",Rejected-Finance,30-Jul-2026,"CE,Minor Irrigation,BBSR||SECMIC-BHUBANESWAR||CUTTACK",True,"{'Flood': 0, 'Embankment': 0, 'embkt': 0, 'Relief': 0, 'Erosion': 0, 'SDRF': 0, 'Inundation': 0, 'Hydrology': 0, 'Silt': 0, 'Siltation': 0, 'Bund': 0, 'Trench': 0, 'Breach': 0, 'Culvert': 0, 'Sluice': 0, 'Dyke': 0, 'Storm water drain': 0, 'Emergency': 0, 'Immediate': 0, 'IM': 0, 'AE': 0, 'A E': 0, 'AAPDA MITRA': 0, 'flood': 0, 'Bridge': 0, 'River': 0, 'Drain': 0, 'Restoration': 0, 'Protection': 0, 'irr': 0, 'irrigation': 0, 'dam': 2, 'Nallah': 0, 'Retrofitting': 0, 'Pond': 0, 'Pokhari': 0, 'D/C': 0, 'Recharge shaft': 0, 'LFB': 0, 'RFB': 0}","{'Floodlight': 0, 'Flood Light': 0, 'GAS': 0, 'FIFA': 0, 'pipe': 0, 'pipes': 0, 'covid': 0, 'supply': 0, 'Beautification': 0, 'Installation': 0}",Pre-Monsoon,,False,False,Repair and Restoration,"{'Check Dam': 2, 'Construction': 2}"
2026_CEBMB_128949_4,SE-HID-ADV-02/2026-27,Desilting and Strengthening of Left Distributary in between RD 00m to 7900m of Harabhangi Irrigation Project.,DESILTING OF CANAL,Works,National Competitive Bid,Percentage,Civil Works - Others,No,No,NA ,11-May-2026 11:00 AM,NA ,90.0,No ,No,Online,25-May-2026 11:00 AM,"CE-BM,RVN Basin,Berhampur||SE Southern Irr Circle II Paralakhemundi||EE Harabhangi Irr Divn Adava",ADAVA,761217.0,1.0,"9,65,533",BAINATH NAIK,"772,523",Accepted-AOC,01-Jul-2026,"CE-BM,RVN Basin,Berhampur||SE Southern Irr Circle II Paralakhemundi||EE Harabhangi Irr Divn Adava",True,"{'Flood': 0, 'Embankment': 0, 'embkt': 0, 'Relief': 0, 'Erosion': 0, 'SDRF': 0, 'Inundation': 0, 'Hydrology': 0, 'Silt': 0, 'Siltation': 0, 'Bund': 0, 'Trench': 0, 'Breach': 0, 'Culvert': 0, 'Sluice': 0, 'Dyke': 0, 'Storm water drain': 0, 'Emergency': 0, 'Immediate': 0, 'IM': 0, 'AE': 0, 'A E': 0, 'AAPDA MITRA': 0, 'flood': 0, 'Bridge': 0, 'River': 0, 'Drain': 0, 'Restoration': 0, 'Protection': 0, 'irr': 0, 'irrigation': 1, 'dam': 0, 'Nallah': 0, 'Retrofitting': 0, 'Pond': 0, 'Pokhari': 0, 'D/C': 0, 'Recharge shaft': 0, 'LFB': 0, 'RFB': 0}","{'Floodlight': 0, 'Flood Light': 0, 'GAS': 0, 'FIFA': 0, 'pipe': 0, 'pipes': 0, 'covid': 0, 'supply': 0, 'Beautification': 0, 'Installation': 0}",Pre-Monsoon,,False,False,Repair and Restoration,{'strengthening': 1}
2026_CEBMB_128949_6,SE-HID-ADV-02/2026-27,"Desilting to Renti Sub-Minor, Borsing Sub-Minor, Baghalingi Sub-Minor and Gundibira Sub-Minor of Harabhangi Irrigation Project",DESILTING OF CANAL,Works,National Competitive Bid,Percentage,Civil Works - Others,No,No,NA ,11-May-2026 11:00 AM,NA ,90.0,No ,No,Online,25-May-2026 11:00 AM,"CE-BM,RVN Basin,Berhampur||SE Southern Irr Circle II Paralakhemundi||EE Harabhangi Irr Divn Adava",ADAVA,761217.0,1.0,"3,28,268",Ajit Kumar Gouda,"279,028",Rejected-Finance,01-Jul-2026,"CE-BM,RVN Basin,Berhampur||SE Southern Irr Circle II Paralakhemundi||EE Harabhangi Irr Divn Adava",True,"{'Flood': 0, 'Embankment': 0, 'embkt': 0, 'Relief': 0, 'Erosion': 0, 'SDRF': 0, 'Inundation': 0, 'Hydrology': 0, 'Silt': 0, 'Siltation': 0, 'Bund': 0, 'Trench': 0, 'Breach': 0, 'Culvert': 0, 'Sluice': 0, 'Dyke': 0, 'Storm water drain': 0, 'Emergency': 0, 'Immediate': 0, 'IM': 0, 'AE': 0, 'A E': 0, 'AAPDA MITRA': 0, 'flood': 0, 'Bridge': 0, 'River': 0, 'Drain': 0, 'Restoration': 0, 'Protection': 0, 'irr': 0, 'irrigation': 1, 'dam': 0, 'Nallah': 0, 'Retrofitting': 0, 'Pond': 0, 'Pokhari': 0, 'D/C': 0, 'Recharge shaft': 0, 'LFB': 0, 'RFB': 0}","{'Floodlight': 0, 'Flood Light': 0, 'GAS': 0, 'FIFA': 0, 'pipe': 0, 'pipes': 0, 'covid': 0, 'supply': 0, 'Beautification': 0, 'Installation': 0}",Pre-Monsoon,,False,False,Others,
2026_CEMIB_124595_8,SEMIDBLS-09/2025- 26,Improvement to Jayanti Check Dam in Chandabali Block of Bhadrak District under Improvement to Check Dam Scheme for the year 2025-26.,Improvement to Jayanti Check Dam in Chandabali Block of Bhadrak District under Improvement to Check Dam Scheme for the year 2025-26.,Works,Open Tender,Percentage,Civil Works - Others,No,No,NA ,16-Jan-2026 10:00 AM,NA ,90.0,No ,No,Online,27-Jan-2026 11:00 AM,"CE,Minor Irrigation,BBSR||Baripada Minor Irrigation Circle Baripada||MI Division Balasore",Chandabali Block,756133.0,1.0,"1,21,931",Pradyumna Kumar Rout,"140,209",Accepted-AOC,31-Jul-2026,"CE,Minor Irrigation,BBSR||Baripada Minor Irrigation Circle Baripada||MI Division Balasore",True,"{'Flood': 0, 'Embankment': 0, 'embkt': 0, 'Relief': 0, 'Erosion': 0, 'SDRF': 0, 'Inundation': 0, 'Hydrology': 0, 'Silt': 0, 'Siltation': 0, 'Bund': 0, 'Trench': 0, 'Breach': 0, 'Culvert': 0, 'Sluice': 0, 'Dyke': 0, 'Storm water drain': 0, 'Emergency': 0, 'Immediate': 0, 'IM': 0, 'AE': 0, 'A E': 0, 'AAPDA MITRA': 0, 'flood': 0, 'Bridge': 0, 'River': 0, 'Drain': 0, 'Restoration': 0, 'Protection': 0, 'irr': 0, 'irrigation': 0, 'dam': 4, 'Nallah': 0, 'Retrofitting': 0, 'Pond': 0, 'Pokhari': 0, 'D/C': 0, 'Recharge shaft': 0, 'LFB': 0, 'RFB': 0}","{'Floodlight': 0, 'Flood Light': 0, 'GAS': 0, 'FIFA': 0, 'pipe': 0, 'pipes': 0, 'covid': 0, 'supply': 0, 'Beautification': 0, 'Installation': 0}",Post-Monsoon,,False,False,Repair and Restoration,"{'improvement': 4, 'Check Dam': 4}"
2026_ORULB_127986_4,TCRM-02/2026-27,Construction of CC road and drain from Beauty palace to Pal Babu house road in W.No.12,Construction of CC road and drain from Beauty palace to Pal Babu house road in W.No.12,Works,Open Tender,Percentage,Civil Works - Others,No,No,NA ,09-Apr-2026 04:00 PM,NA ,120.0,No ,No,Online,20-Apr-2026 11:00 AM,Municipal Bodies||Talcher Municipal Council,Talcher Municipality Office,759107.0,1.0,"9,50,000",M/S MANGALA ENGINEERING CONSTRUCTION AND CO,"902,310",Rejected-AOC,10-Jul-2026,Municipal Bodies||Talcher Municipal Council,True,"{'Flood': 0, 'Embankment': 0, 'embkt': 0, 'Relief': 0, 'Erosion': 0, 'SDRF': 0, 'Inundation': 0, 'Hydrology': 0, 'Silt': 0, 'Siltation': 0, 'Bund': 0, 'Trench': 0, 'Breach': 0, 'Culvert': 0, 'Sluice': 0, 'Dyke': 0, 'Storm water drain': 0, 'Emergency': 0, 'Immediate': 0, 'IM': 0, 'AE': 0, 'A E': 0, 'AAPDA MITRA': 0, 'flood': 0, 'Bridge': 0, 'River': 0, 'Drain': 2, 'Restoration': 0, 'Protection': 0, 'irr': 0, 'irrigation': 0, 'dam': 0, 'Nallah': 0, 'Retrofitting': 0, 'Pond': 0, 'Pokhari': 0, 'D/C': 0, 'Recharge shaft': 0, 'LFB': 0, 'RFB': 0}","{'Floodlight': 0, 'Flood Light': 0, 'GAS': 0, 'FIFA': 0, 'pipe': 0, 'pipes': 0, 'covid': 0, 'supply': 0, 'Beautification': 0, 'Installation': 0}",Pre-Monsoon,,False,True,Repair and Restoration,"{'Construction': 2, 'Drain': 2}"
2025_ORULB_114489_12,BLGRMPTY/04(01-16)/2025-26,"Construction of Drain With Cover Slab and Road Infront of Manoj res,W.No-13",Drain work,Works,Open Tender,Percentage,Civil Works - Others,No,No,NA ,19-Jun-2025 11:00 AM,NA ,180.0,No ,No,Online,01-Jul-2025 11:00 AM,Municipal Bodies||Balangir Municipality,Balangir Municipality,767001.0,1.0,"10,96,601",JAGANNATH MISHRA,"1,095,504.82",Accepted-AOC,01-Apr-2026,Municipal Bodies||Balangir Municipality,True,"{'Flood': 0, 'Embankment': 0, 'embkt': 0, 'Relief': 0, 'Erosion': 0, 'SDRF': 0, 'Inundation': 0, 'Hydrology': 0, 'Silt': 0, 'Siltation': 0, 'Bund': 0, 'Trench': 0, 'Breach': 0, 'Culvert': 0, 'Sluice': 0, 'Dyke': 0, 'Storm water drain': 0, 'Emergency': 0, 'Immediate': 0, 'IM': 0, 'AE': 0, 'A E': 0, 'AAPDA MITRA': 0, 'flood': 0, 'Bridge': 0, 'River': 0, 'Drain': 2, 'Restoration': 0, 'Protection': 0, 'irr': 0, 'irrigation': 0, 'dam': 0, 'Nallah': 0, 'Retrofitting': 0, 'Pond': 0, 'Pokhari': 0, 'D/C': 0, 'Recharge shaft': 0, 'LFB': 0, 'RFB': 0}","{'Floodlight': 0, 'Flood Light': 0, 'GAS': 0, 'FIFA': 0, 'pipe': 0, 'pipes': 0, 'covid': 0, 'supply': 0, 'Beautification': 0, 'Installation': 0}",Monsoon,,False,True,Repair and Restoration,"{'Construction': 1, 'Drain': 2}"
2026_ORULB_126953_8,EOBRP/07/2025-26,Covering of drain from Jagadamba club to Tahasil office gate No-2 in ward no 1,Covering of drain from Jagadamba club to Tahasil office gate No-2 in ward no 1,Works,Open Tender,Percentage,Civil Works - Others,No,No,NA ,07-Mar-2026 11:00 AM,NA ,90.0,No ,No,Online,16-Mar-2026 03:00 PM,Municipal Bodies||Barpali NAC,Barpali,768029.0,1.0,"4,03,665",JITEN SUNA,"300,761.45",Rejected-AOC,17-Jul-2026,Municipal Bodies||Barpali NAC,True,"{'Flood': 0, 'Embankment': 0, 'embkt': 0, 'Relief': 0, 'Erosion': 0, 'SDRF': 0, 'Inundation': 0, 'Hydrology': 0, 'Silt': 0, 'Siltation': 0, 'Bund': 0, 'Trench': 0, 'Breach': 0, 'Culvert': 0, 'Sluice': 0, 'Dyke': 0, 'Storm water drain': 0, 'Emergency': 0, 'Immediate': 0, 'IM': 0, 'AE': 0, 'A E': 0, 'AAPDA MITRA': 0, 'flood': 0, 'Bridge': 0, 'River': 0, 'Drain': 2, 'Restoration': 0, 'Protection': 0, 'irr': 0, 'irrigation': 0, 'dam': 0, 'Nallah': 0, 'Retrofitting': 0, 'Pond': 0, 'Pokhari': 0, 'D/C': 0, 'Recharge shaft': 0, 'LFB': 0, 'RFB': 0}","{'Floodlight': 0, 'Flood Light': 0, 'GAS': 0, 'FIFA': 0, 'pipe': 0, 'pipes': 0, 'covid': 0, 'supply': 0, 'Beautification': 0, 'Installation': 0}",Pre-Monsoon,,False,True,Repair and Restoration,{'Drain': 2}
2026_CEBMB_128949_36,SE-HID-ADV-02/2026-27,Improvement to tail reach of bakharakote sub-minor of baharapur Distributary of Harabhangi Irrigation project.,MAINTENANCE WORK,Works,National Competitive Bid,Percentage,Civil Works - Others,No,No,NA ,11-May-2026 11:00 AM,NA ,90.0,No ,No,Online,25-May-2026 11:00 AM,"CE-BM,RVN Basin,Berhampur||SE Southern Irr Circle II Paralakhemundi||EE Harabhangi Irr Divn Adava",ADAVA,761217.0,1.0,"10,05,924",Ajit Kumar Gouda,"803,733",Rejected-Finance,22-Jul-2026,"CE-BM,RVN Basin,Berhampur||SE Southern Irr Circle II Paralakhemundi||EE Harabhangi Irr Divn Adava",True,"{'Flood': 0, 'Embankment': 0, 'embkt': 0, 'Relief': 0, 'Erosion': 0, 'SDRF': 0, 'Inundation': 0, 'Hydrology': 0, 'Silt': 0, 'Siltation': 0, 'Bund': 0, 'Trench': 0, 'Breach': 0, 'Culvert': 0, 'Sluice': 0, 'Dyke': 0, 'Storm water drain': 0, 'Emergency': 0, 'Immediate': 0, 'IM': 0, 'AE': 0, 'A E': 0, 'AAPDA MITRA': 0, 'flood': 0, 'Bridge': 0, 'River': 0, 'Drain': 0, 'Restoration': 0, 'Protection': 0, 'irr': 0, 'irrigation': 1, 'dam': 0, 'Nallah': 0, 'Retrofitting': 0, 'Pond': 0, 'Pokhari': 0, 'D/C': 0, 'Recharge shaft': 0, 'LFB': 0, 'RFB': 0}","{'Floodlight': 0, 'Flood Light': 0, 'GAS': 0, 'FIFA': 0, 'pipe': 0, 'pipes': 0, 'covid': 0, 'supply': 0, 'Beautification': 0, 'Installation': 0}",Pre-Monsoon,,False,False,Repair and Restoration,{'improvement': 1}
2026_ORULB_128734_23,SNP-MUN-37/2026-27,Restoration of Concrete road from old hospital chaka to sishubhawan chaka,Restoration of Concrete road from old hospital chaka to sishubhawan chaka,Works,Open Tender,Percentage,Civil Works - Others,No,No,NA ,05-May-2026 11:00 AM,NA ,60.0,No ,No,Online,16-May-2026 11:00 AM,Municipal Bodies||Sonepur Municipal Council,Sonepur Municipality,767017.0,1.0,"3,83,904",BIKRAM KUMAR AGRAWAL,"383,904",Rejected-Technical,26-Jul-2026,Municipal Bodies||Sonepur Municipal Council,True,"{'Flood': 0, 'Embankment': 0, 'embkt': 0, 'Relief': 0, 'Erosion': 0, 'SDRF': 0, 'Inundation': 0, 'Hydrology': 0, 'Silt': 0, 'Siltation': 0, 'Bund': 0, 'Trench': 0, 'Breach': 0, 'Culvert': 0, 'Sluice': 0, 'Dyke': 0, 'Storm water drain': 0, 'Emergency': 0, 'Immediate': 0, 'IM': 0, 'AE': 0, 'A E': 0, 'AAPDA MITRA': 0, 'flood': 0, 'Bridge': 0, 'River': 0, 'Drain': 0, 'Restoration': 2, 'Protection': 0, 'irr': 0, 'irrigation': 0, 'dam': 0, 'Nallah': 0, 'Retrofitting': 0, 'Pond': 0, 'Pokhari': 0, 'D/C': 0, 'Recharge shaft': 0, 'LFB': 0, 'RFB': 0}","{'Floodlight': 0, 'Flood Light': 0, 'GAS': 0, 'FIFA': 0, 'pipe': 0, 'pipes': 0, 'covid': 0, 'supply': 0, 'Beautification': 0, 'Installation': 0}",Pre-Monsoon,,False,True,Repair and Restoration,{'restoration': 2}
2026_ORULB_126656_2,BLGRMPTY/12(01-02)/2025-26,"Development of Gatesarobar Pond, W.No.10 and13, Balangir Municipality",Pond Work,Works,National Competitive Bid,Percentage,Civil Works - Others,No,No,NA ,26-Feb-2026 02:00 PM,NA ,90.0,No ,No,Online,11-Mar-2026 11:00 AM,Municipal Bodies||Balangir Municipality,Balangir,767001.0,2.0,"57,85,544",PRADYUMNA KUMAR BALA,"5,727,688.32",Accepted-AOC,22-Jul-2026,Municipal Bodies||Balangir Municipality,True,"{'Flood': 0, 'Embankment': 0, 'embkt': 0, 'Relief': 0, 'Erosion': 0, 'SDRF': 0, 'Inundation': 0, 'Hydrology': 0, 'Silt': 0, 'Siltation': 0, 'Bund': 0, 'Trench': 0, 'Breach': 0, 'Culvert': 0, 'Sluice': 0, 'Dyke': 0, 'Storm water drain': 0, 'Emergency': 0, 'Immediate': 0, 'IM': 0, 'AE': 0, 'A E': 0, 'AAPDA MITRA': 0, 'flood': 0, 'Bridge': 0, 'River': 0, 'Drain': 0, 'Restoration': 0, 'Protection': 0, 'irr': 0, 'irrigation': 0, 'dam': 0, 'Nallah': 0, 'Retrofitting': 0, 'Pond': 2, 'Pokhari': 0, 'D/C': 0, 'Recharge shaft': 0, 'LFB': 0, 'RFB': 0}","{'Floodlight': 0, 'Flood Light': 0, 'GAS': 0, 'FIFA': 0, 'pipe': 0, 'pipes': 0, 'covid': 0, 'supply': 0, 'Beautification': 0, 'Installation': 0}",Post-Monsoon,,False,False,Others,
2025_ORULB_115623_20,JM-01/2025-26,Construction of drain near TISCO Colony drain with Cover slab in Ward No02 Joda Municipality SFC Storm Water drainage,WORKS,Works,Open Tender,Percentage,Civil Works - Others,No,No,NA ,17-Jul-2025 10:00 AM,NA ,120.0,No ,No,Online,31-Jul-2025 11:00 AM,Municipal Bodies||Joda Municipality,JODA MUNICIPALITY AT PO BANEIKALA JODA KEONJHAR,758038.0,1.0,"4,91,529",PRADEEP NAIK,"580,000",Rejected-AOC,24-Jul-2026,Municipal Bodies||Joda Municipality,True,"{'Flood': 0, 'Embankment': 0, 'embkt': 0, 'Relief': 0, 'Erosion': 0, 'SDRF': 0, 'Inundation': 0, 'Hydrology': 0, 'Silt': 0, 'Siltation': 0, 'Bund': 0, 'Trench': 0, 'Breach': 0, 'Culvert': 0, 'Sluice': 0, 'Dyke': 0, 'Storm water drain': 0, 'Emergency': 0, 'Immediate': 0, 'IM': 0, 'AE': 0, 'A E': 0, 'AAPDA MITRA': 0, 'flood': 0, 'Bridge': 0, 'River': 0, 'Drain': 2, 'Restoration': 0, 'Protection': 0, 'irr': 0, 'irrigation': 0, 'dam': 0, 'Nallah': 0, 'Retrofitting': 0, 'Pond': 0, 'Pokhari': 0, 'D/C': 0, 'Recharge shaft': 0, 'LFB': 0, 'RFB': 0}","{'Floodlight': 0, 'Flood Light': 0, 'GAS': 0, 'FIFA': 0, 'pipe': 0, 'pipes': 0, 'covid': 0, 'supply': 0, 'Beautification': 0, 'Installation': 0}",Monsoon,,False,True,Repair and Restoration,"{'Construction': 1, 'Drain': 2}"
2026_CEBBS_129136_15,SE-AID-2/2026-27,Improvement and Construction of trough wall to Godisahi Minor in between RD 2048m to 2245m of Derjang Irrigation Project.,Improvement and Construction of trough wall to Godisahi Minor in between RD 2048m to 2245m of Derjang Irrigation Project.,Works,Open Tender,Percentage,Civil Works - Canal,No,No,NA ,13-May-2026 11:00 AM,NA ,90.0,No ,No,Online,25-May-2026 09:00 AM,CE and BM Brahmani Basin Samal||SE Angul Irrigation Circle Angul||EE Angul Irrigation Division Angul,Angul,759143.0,1.0,,ABHISHEK MISHRA,"634,778",Rejected-Finance,24-Jun-2026,CE and BM Brahmani Basin Samal||SE Angul Irrigation Circle Angul||EE Angul Irrigation Division Angul,True,"{'Flood': 0, 'Embankment': 0, 'embkt': 0, 'Relief': 0, 'Erosion': 0, 'SDRF': 0, 'Inundation': 0, 'Hydrology': 0, 'Silt': 0, 'Siltation': 0, 'Bund': 0, 'Trench': 0, 'Breach': 0, 'Culvert': 0, 'Sluice': 0, 'Dyke': 0, 'Storm water drain': 0, 'Emergency': 0, 'Immediate': 0, 'IM': 0, 'AE': 0, 'A E': 0, 'AAPDA MITRA': 0, 'flood': 0, 'Bridge': 0, 'River': 0, 'Drain': 0, 'Restoration': 0, 'Protection': 0, 'irr': 0, 'irrigation': 2, 'dam': 0, 'Nallah': 0, 'Retrofitting': 0, 'Pond': 0, 'Pokhari': 0, 'D/C': 0, 'Recharge shaft': 0, 'LFB': 0, 'RFB': 0}","{'Floodlight': 0, 'Flood Light': 0, 'GAS': 0, 'FIFA': 0, 'pipe': 0, 'pipes': 0, 'covid': 0, 'supply': 0, 'Beautification': 0, 'Installation': 0}",Pre-Monsoon,,False,False,Repair and Restoration,"{'improvement': 2, 'Construction': 2}"
2026_ORULB_124113_5,EO/ PDPM/ W_05_MSBY/ 2025-26,Construction of Road and Drain from Sarbeswar house to Bijyananda Nayak house in Ward No. 05,Construction of Road and Drain from Sarbeswar house to Bijyananda Nayak house in Ward No. 05,Works,Open Tender,Percentage,Civil Works - Others,No,No,NA ,03-Jan-2026 05:30 PM,NA ,120.0,No ,No,Online,15-Jan-2026 11:30 AM,Municipal Bodies||Paradeep Municipality,Paradeep Municipality,754142.0,1.0,"16,52,162",AMULYA KUMAR SAHOO,"1,699,500",Accepted-AOC,30-Jul-2026,Municipal Bodies||Paradeep Municipality,True,"{'Flood': 0, 'Embankment': 0, 'embkt': 0, 'Relief': 0, 'Erosion': 0, 'SDRF': 0, 'Inundation': 0, 'Hydrology': 0, 'Silt': 0, 'Siltation': 0, 'Bund': 0, 'Trench': 0, 'Breach': 0, 'Culvert': 0, 'Sluice': 0, 'Dyke': 0, 'Storm water drain': 0, 'Emergency': 0, 'Immediate': 0, 'IM': 0, 'AE': 0, 'A E': 0, 'AAPDA MITRA': 0, 'flood': 0, 'Bridge': 0, 'River': 0, 'Drain': 2, 'Restoration': 0, 'Protection': 0, 'irr': 0, 'irrigation': 0, 'dam': 0, 'Nallah': 0, 'Retrofitting': 0, 'Pond': 0, 'Pokhari': 0, 'D/C': 0, 'Recharge shaft': 0, 'LFB': 0, 'RFB': 0}","{'Floodlight': 0, 'Flood Light': 0, 'GAS': 0, 'FIFA': 0, 'pipe': 0, 'pipes': 0, 'covid': 0, 'supply': 0, 'Beautification': 0, 'Installation': 0}",Post-Monsoon,,False,True,Repair and Restoration,"{'Construction': 2, 'Drain': 2}"
2026_ORULB_127203_15,EONM-06/2025-26,Construction of Iron Cover Plate on Mother Drain infront of Patanjali Shop Nabarangpur Municipality Ward No 01,CIVIL WORK,Works,Open Tender,Percentage,Civil Works - Others,No,No,NA ,16-Mar-2026 11:00 AM,NA ,90.0,No ,No,Online,26-Mar-2026 11:00 AM,Municipal Bodies||Nabarangpur Municipality,Nabarangpur,764059.0,1.0,"2,00,918",BABITA KUMARI MOHAPATRA,"190,891",Accepted-AOC,28-Jul-2026,Municipal Bodies||Nabarangpur Municipality,True,"{'Flood': 0, 'Embankment': 0, 'embkt': 0, 'Relief': 0, 'Erosion': 0, 'SDRF': 0, 'Inundation': 0, 'Hydrology': 0, 'Silt': 0, 'Siltation': 0, 'Bund': 0, 'Trench': 0, 'Breach': 0, 'Culvert': 0, 'Sluice': 0, 'Dyke': 0, 'Storm water drain': 0, 'Emergency': 0, 'Immediate': 0, 'IM': 0, 'AE': 0, 'A E': 0, 'AAPDA MITRA': 0, 'flood': 0, 'Bridge': 0, 'River': 0, 'Drain': 1, 'Restoration': 0, 'Protection': 0, 'irr': 0, 'irrigation': 0, 'dam': 0, 'Nallah': 0, 'Retrofitting': 0, 'Pond': 0, 'Pokhari': 0, 'D/C': 0, 'Recharge shaft': 0, 'LFB': 0, 'RFB': 0}","{'Floodlight': 0, 'Flood Light': 0, 'GAS': 0, 'FIFA': 0, 'pipe': 0, 'pipes': 0, 'covid': 0, 'supply': 0, 'Beautification': 0, 'Installation': 0}",Pre-Monsoon,,False,True,Repair and Restoration,"{'Construction': 1, 'Drain': 1}"
2026_CEBBS_129136_14,SE-AID-2/2026-27,Construction of C.C guard wall to Barsingha distributary in between RD 2624m to 2840m of Derjang Irrigation Project.,Construction of C.C guard wall to Barsingha distributary in between RD 2624m to 2840m of Derjang Irrigation Project.,Works,Open Tender,Percentage,Civil Works - Canal,No,No,NA ,13-May-2026 11:00 AM,NA ,90.0,No ,No,Online,25-May-2026 09:00 AM,CE and BM Brahmani Basin Samal||SE Angul Irrigation Circle Angul||EE Angul Irrigation Division Angul,Angul,759143.0,1.0,,RITIK KUMAR BEHERA,"1,683,983",Rejected-Finance,23-Jun-2026,CE and BM Brahmani Basin Samal||SE Angul Irrigation Circle Angul||EE Angul Irrigation Division Angul,True,"{'Flood': 0, 'Embankment': 0, 'embkt': 0, 'Relief': 0, 'Erosion': 0, 'SDRF': 0, 'Inundation': 0, 'Hydrology': 0, 'Silt': 0, 'Siltation': 0, 'Bund': 0, 'Trench': 0, 'Breach': 0, 'Culvert': 0, 'Sluice': 0, 'Dyke': 0, 'Storm water drain': 0, 'Emergency': 0, 'Immediate': 0, 'IM': 0, 'AE': 0, 'A E': 0, 'AAPDA MITRA': 0, 'flood': 0, 'Bridge': 0, 'River': 0, 'Drain': 0, 'Restoration': 0, 'Protection': 0, 'irr': 0, 'irrigation': 2, 'dam': 0, 'Nallah': 0, 'Retrofitting': 0, 'Pond': 0, 'Pokhari': 0, 'D/C': 0, 'Recharge shaft': 0, 'LFB': 0, 'RFB': 0}","{'Floodlight': 0, 'Flood Light': 0, 'GAS': 0, 'FIFA': 0, 'pipe': 0, 'pipes': 0, 'covid': 0, 'supply': 0, 'Beautification': 0, 'Installation': 0}",Pre-Monsoon,,False,False,Repair and Restoration,{'Construction': 2}
2026_ORULB_131182_1,16/SMC_SBP/2026-27,"Construction of road and drain at Eta Bandha Gali, Deheripali,W.no.-27, under Sambalpur","Construction of road and drain at Eta Bandha Gali, Deheripali,W.no.-27, under Sambalpur",Works,Open Tender,Percentage,Civil Works - Others,No,No,NA ,09-Jun-2026 11:00 AM,NA ,120.0,No ,No,Online,19-Jun-2026 11:00 AM,Municipal Bodies||Sambalpur Municipal Corporation,SAMBALPUR MUNICIPAL CORPORATION,768006.0,1.0,"31,62,469",AJIT PADHIARY,"3,162,470",Accepted-AOC,19-Jul-2026,Municipal Bodies||Sambalpur Municipal Corporation,True,"{'Flood': 0, 'Embankment': 0, 'embkt': 0, 'Relief': 0, 'Erosion': 0, 'SDRF': 0, 'Inundation': 0, 'Hydrology': 0, 'Silt': 0, 'Siltation': 0, 'Bund': 0, 'Trench': 0, 'Breach': 0, 'Culvert': 0, 'Sluice': 0, 'Dyke': 0, 'Storm water drain': 0, 'Emergency': 0, 'Immediate': 0, 'IM': 0, 'AE': 0, 'A E': 0, 'AAPDA MITRA': 0, 'flood': 0, 'Bridge': 0, 'River': 0, 'Drain': 2, 'Restoration': 0, 'Protection': 0, 'irr': 0, 'irrigation': 0, 'dam': 0, 'Nallah': 0, 'Retrofitting': 0, 'Pond': 0, 'Pokhari': 0, 'D/C': 0, 'Recharge shaft': 0, 'LFB': 0, 'RFB': 0}","{'Floodlight': 0, 'Flood Light': 0, 'GAS': 0, 'FIFA': 0, 'pipe': 0, 'pipes': 0, 'covid': 0, 'supply': 0, 'Beautification': 0, 'Installation': 0}",Monsoon,,False,True,Repair and Restoration,"{'Construction': 2, 'Drain': 2}"
2026_OSCMF_124183_1,MARKFED/05/2025-26,Construction of 2 nos of toilet along with drain slab for 3500 MT godown at Baripada,Construction of 2 nos of toilet along with drain slab for 3500 MT godown at Baripada,Works,Open Tender,Item Rate,Civil Works - Buildings,No,No,NA ,05-Jan-2026 11:00 AM,NA ,90.0,No ,No,Online,02-Feb-2026 12:00 PM,Odisha State Co-operative Marketing Federation Ltd,Baripada,751006.0,1.0,"4,70,965",ANIL KUMAR JENA,"472,433",Rejected-Technical,08-Jun-2026,Odisha State Co-operative Marketing Federation Ltd,True,"{'Flood': 0, 'Embankment': 0, 'embkt': 0, 'Relief': 0, 'Erosion': 0, 'SDRF': 0, 'Inundation': 0, 'Hydrology': 0, 'Silt': 0, 'Siltation': 0, 'Bund': 0, 'Trench': 0, 'Breach': 0, 'Culvert': 0, 'Sluice': 0, 'Dyke': 0, 'Storm water drain': 0, 'Emergency': 0, 'Immediate': 0, 'IM': 0, 'AE': 0, 'A E': 0, 'AAPDA MITRA': 0, 'flood': 0, 'Bridge': 0, 'River': 0, 'Drain': 2, 'Restoration': 0, 'Protection': 0, 'irr': 0, 'irrigation': 0, 'dam': 0, 'Nallah': 0, 'Retrofitting': 0, 'Pond': 0, 'Pokhari': 0, 'D/C': 0, 'Recharge shaft': 0, 'LFB': 0, 'RFB': 0}","{'Floodlight': 0, 'Flood Light': 0, 'GAS': 0, 'FIFA': 0, 'pipe': 0, 'pipes': 0, 'covid': 0, 'supply': 0, 'Beautification': 0, 'Installation': 0}",Post-Monsoon,,False,True,Repair and Restoration,"{'Construction': 2, 'Drain': 2}"
2026_ORULB_127140_5,BM_14_2025_26,CONSTRUCTION OF DRAIN WITH COVER SLAB AND CULVERT AT SAHADEV KHUNTA AREA IN WARD NO 21,CONSTRUCTION OF DRAIN WITH COVER SLAB AND CULVERT AT SAHADEV KHUNTA AREA IN WARD NO 21,Works,Open Tender,Percentage,Civil Works - Others,No,No,NA ,11-Mar-2026 11:00 AM,NA ,90.0,No ,No,Online,23-Mar-2026 11:00 AM,Municipal Bodies||Balasore Municipality,Balasore Municipality,756003.0,1.0,"25,42,373",Kartik Chandra Parida,"1,983,051.17",Rejected-Technical,18-Jul-2026,Municipal Bodies||Balasore Municipality,True,"{'Flood': 0, 'Embankment': 0, 'embkt': 0, 'Relief': 0, 'Erosion': 0, 'SDRF': 0, 'Inundation': 0, 'Hydrology': 0, 'Silt': 0, 'Siltation': 0, 'Bund': 0, 'Trench': 0, 'Breach': 0, 'Culvert': 2, 'Sluice': 0, 'Dyke': 0, 'Storm water drain': 0, 'Emergency': 0, 'Immediate': 0, 'IM': 0, 'AE': 0, 'A E': 0, 'AAPDA MITRA': 0, 'flood': 0, 'Bridge': 0, 'River': 0, 'Drain': 2, 'Restoration': 0, 'Protection': 0, 'irr': 0, 'irrigation': 0, 'dam': 0, 'Nallah': 0, 'Retrofitting': 0, 'Pond': 0, 'Pokhari': 0, 'D/C': 0, 'Recharge shaft': 0, 'LFB': 0, 'RFB': 0}","{'Floodlight': 0, 'Flood Light': 0, 'GAS': 0, 'FIFA': 0, 'pipe': 0, 'pipes': 0, 'covid': 0, 'supply': 0, 'Beautification': 0, 'Installation': 0}",Pre-Monsoon,,False,True,Repair and Restoration,"{'Construction': 2, 'Drain': 2}"
2026_CELBB_128317_9,e Procurement Notice No.KHD-01 of 2026-27,KHD 01-09 Restoration to Hada right embankment near Sahajpur,Restoration to Hada right embankment near Sahajpur,Works,Open Tender,Percentage,Civil Works - Others,No,No,NA ,21-Apr-2026 12:00 PM,NA ,90.0,No ,No,Online,02-May-2026 11:00 AM,"CE-BM,LMB Basin,BBSR||SE, Central Irr.Circle, BBSR||Khurda Irrigation Divn",Khordha,752056.0,1.0,"38,07,916",ABHINASH DALEI,"2,872,691.68",Rejected-Finance,03-Jul-2026,"CE-BM,LMB Basin,BBSR||SE, Central Irr.Circle, BBSR||Khurda Irrigation Divn",True,"{'Flood': 0, 'Embankment': 2, 'embkt': 0, 'Relief': 0, 'Erosion': 0, 'SDRF': 0, 'Inundation': 0, 'Hydrology': 0, 'Silt': 0, 'Siltation': 0, 'Bund': 0, 'Trench': 0, 'Breach': 0, 'Culvert': 0, 'Sluice': 0, 'Dyke': 0, 'Storm water drain': 0, 'Emergency': 0, 'Immediate': 0, 'IM': 0, 'AE': 0, 'A E': 0, 'AAPDA MITRA': 0, 'flood': 0, 'Bridge': 0, 'River': 0, 'Drain': 0, 'Restoration': 2, 'Protection': 0, 'irr': 0, 'irrigation': 0, 'dam': 0, 'Nallah': 0, 'Retrofitting': 0, 'Pond': 0, 'Pokhari': 0, 'D/C': 0, 'Recharge shaft': 0, 'LFB': 0, 'RFB': 0}","{'Floodlight': 0, 'Flood Light': 0, 'GAS': 0, 'FIFA': 0, 'pipe': 0, 'pipes': 0, 'covid': 0, 'supply': 0, 'Beautification': 0, 'Installation': 0}",Pre-Monsoon,,False,True,Repair and Restoration,{'restoration': 2}
2026_ORULB_125949_5,BMC-EE-Tender Cell-71/2025-26 dt. 11.02.2026,Reconstruction of road and drain from Sankar Ch. Das house to Subash Martha House at Patrapada in Ward No. 65,Reconstruction of road and drain from Sankar Ch. Das house to Subash Martha House at Patrapada in Ward No. 65,Works,Open Tender,Percentage,Civil Works - Others,No,No,NA ,14-Feb-2026 10:30 AM,21-Feb-2026 03:30 PM ,120.0,No ,No,Online,02-Mar-2026 03:30 PM,Municipal Bodies||Bhubaneswar Municipal Corporation,BMC AREA,751022.0,2.0,"63,55,911",DIPAK PRADHAN,"7,724,224",Rejected-Finance,02-Jul-2026,Municipal Bodies||Bhubaneswar Municipal Corporation,True,"{'Flood': 0, 'Embankment': 0, 'embkt': 0, 'Relief': 0, 'Erosion': 0, 'SDRF': 0, 'Inundation': 0, 'Hydrology': 0, 'Silt': 0, 'Siltation': 0, 'Bund': 0, 'Trench': 0, 'Breach': 0, 'Culvert': 0, 'Sluice': 0, 'Dyke': 0, 'Storm water drain': 0, 'Emergency': 0, 'Immediate': 0, 'IM': 0, 'AE': 0, 'A E': 0, 'AAPDA MITRA': 0, 'flood': 0, 'Bridge': 0, 'River': 0, 'Drain': 2, 'Restoration': 0, 'Protection': 0, 'irr': 0, 'irrigation': 0, 'dam': 0, 'Nallah': 0, 'Retrofitting': 0, 'Pond': 0, 'Pokhari': 0, 'D/C': 0, 'Recharge shaft': 0, 'LFB': 0, 'RFB': 0}","{'Floodlight': 0, 'Flood Light': 0, 'GAS': 0, 'FIFA': 0, 'pipe': 0, 'pipes': 0, 'covid': 0, 'supply': 0, 'Beautification': 0, 'Installation': 0}",Post-Monsoon,,False,True,Repair and Restoration,"{'reconstruction': 2, 'Drain': 2}"
2026_CEMIB_129607_1,SECMID_03/2026-27,Construction of Tarasingh Check Dam over Local Nalla near village Tarasingh in Athagarh Block of Cuttack District under MATY scheme for the year 2025-26.,Construction of Tarasingh Check Dam over Local Nalla near village Tarasingh in Athagarh Block of Cuttack District under MATY scheme for the year 2025-26.,Works,Open Tender,Percentage,Civil Works - Canal,No,No,NA ,22-May-2026 10:00 AM,NA ,90.0,No ,No,Online,01-Jun-2026 11:00 AM,"CE,Minor Irrigation,BBSR||SECMIC-BHUBANESWAR||CUTTACK",Athagarh,754029.0,2.0,"62,72,971",BIKASH KUMAR SAMAL,"6,272,970.57",Rejected-Finance,27-Jul-2026,"CE,Minor Irrigation,BBSR||SECMIC-BHUBANESWAR||CUTTACK",True,"{'Flood': 0, 'Embankment': 0, 'embkt': 0, 'Relief': 0, 'Erosion': 0, 'SDRF': 0, 'Inundation': 0, 'Hydrology': 0, 'Silt': 0, 'Siltation': 0, 'Bund': 0, 'Trench': 0, 'Breach': 0, 'Culvert': 0, 'Sluice': 0, 'Dyke': 0, 'Storm water drain': 0, 'Emergency': 0, 'Immediate': 0, 'IM': 0, 'AE': 0, 'A E': 0, 'AAPDA MITRA': 0, 'flood': 0, 'Bridge': 0, 'River': 0, 'Drain': 0, 'Restoration': 0, 'Protection': 0, 'irr': 0, 'irrigation': 0, 'dam': 2, 'Nallah': 0, 'Retrofitting': 0, 'Pond': 0, 'Pokhari': 0, 'D/C': 0, 'Recharge shaft': 0, 'LFB': 0, 'RFB': 0}","{'Floodlight': 0, 'Flood Light': 0, 'GAS': 0, 'FIFA': 0, 'pipe': 0, 'pipes': 0, 'covid': 0, 'supply': 0, 'Beautification': 0, 'Installation': 0}",Pre-Monsoon,,False,False,Repair and Restoration,"{'Check Dam': 2, 'Construction': 2}"
2025_ORULB_121303_7,MC(CMC)CTC_Div-IIINo.27/25-25,Re-Construction RCC Drain with Cover Slab and CC Road from Sahi Chhak to Bikash Patra house at Thattari Sahi in Ward No.42,Re-Construction RCC Drain with Cover Slab and CC Road from Sahi Chhak to Bikash Patra house at Thattari Sahi in Ward No.42,Works,Open Tender,Percentage,Civil Works - Others,No,No,NA ,18-Dec-2025 11:00 AM,NA ,120.0,No ,No,Online,31-Dec-2025 10:00 AM,Municipal Bodies||Cuttack Municipal Corporation,CMC,753012.0,1.0,"12,60,468",BICHITRA NANDA BEHERA,"1,071,524",Rejected-AOC,08-Jul-2026,Municipal Bodies||Cuttack Municipal Corporation,True,"{'Flood': 0, 'Embankment': 0, 'embkt': 0, 'Relief': 0, 'Erosion': 0, 'SDRF': 0, 'Inundation': 0, 'Hydrology': 0, 'Silt': 0, 'Siltation': 0, 'Bund': 0, 'Trench': 0, 'Breach': 0, 'Culvert': 0, 'Sluice': 0, 'Dyke': 0, 'Storm water drain': 0, 'Emergency': 0, 'Immediate': 0, 'IM': 0, 'AE': 0, 'A E': 0, 'AAPDA MITRA': 0, 'flood': 0, 'Bridge': 0, 'River': 0, 'Drain': 2, 'Restoration': 0, 'Protection': 0, 'irr': 0, 'irrigation': 0, 'dam': 0, 'Nallah': 0, 'Retrofitting': 0, 'Pond': 0, 'Pokhari': 0, 'D/C': 0, 'Recharge shaft': 0, 'LFB': 0, 'RFB': 0}","{'Floodlight': 0, 'Flood Light': 0, 'GAS': 0, 'FIFA': 0, 'pipe': 0, 'pipes': 0, 'covid': 0, 'supply': 0, 'Beautification': 0, 'Installation': 0}",Post-Monsoon,,False,True,Repair and Restoration,"{'Construction': 2, 'Drain': 2}"
2026_ORULB_127372_29,ODULB_KGM_22/2025-2026,Special Repair of Drain from Keuta Sahi Culvert to Balijodi Nala via- Karan Sahi in Ward No-02,Special Repair of Drain from Keuta Sahi Culvert to Balijodi Nala via- Karan Sahi in Ward No-02,Works,Open Tender,Percentage,Civil Works - Others,No,No,NA ,19-Mar-2026 04:00 PM,NA ,120.0,No ,No,Online,31-Mar-2026 11:00 AM,Municipal Bodies||Keonjhargarh Municipal Council,KEONJHAR,758001.0,1.0,"24,95,200",BIJAYA KUMAR BEHERA,"1,875,864.07",Accepted-AOC,22-Jul-2026,Municipal Bodies||Keonjhargarh Municipal Council,True,"{'Flood': 0, 'Embankment': 0, 'embkt': 0, 'Relief': 0, 'Erosion': 0, 'SDRF': 0, 'Inundation': 0, 'Hydrology': 0, 'Silt': 0, 'Siltation': 0, 'Bund': 0, 'Trench': 0, 'Breach': 0, 'Culvert': 2, 'Sluice': 0, 'Dyke': 0, 'Storm water drain': 0, 'Emergency': 0, 'Immediate': 0, 'IM': 0, 'AE': 0, 'A E': 0, 'AAPDA MITRA': 0, 'flood': 0, 'Bridge': 0, 'River': 0, 'Drain': 2, 'Restoration': 0, 'Protection': 0, 'irr': 0, 'irrigation': 0, 'dam': 0, 'Nallah': 0, 'Retrofitting': 0, 'Pond': 0, 'Pokhari': 0, 'D/C': 0, 'Recharge shaft': 0, 'LFB': 0, 'RFB': 0}","{'Floodlight': 0, 'Flood Light': 0, 'GAS': 0, 'FIFA': 0, 'pipe': 0, 'pipes': 0, 'covid': 0, 'supply': 0, 'Beautification': 0, 'Installation': 0}",Pre-Monsoon,,False,True,Repair and Restoration,"{'repair': 2, 'Drain': 2}"
2025_ORULB_121303_10,MC(CMC)CTC_Div-IIINo.27/25-25,Construction of RCC Drain with Cover Slab from Baban Behera house to Asha Medicine Store in Ward No.42,Construction of RCC Drain with Cover Slab from Baban Behera house to Asha Medicine Store in Ward No.42,Works,Open Tender,Percentage,Civil Works - Others,No,No,NA ,18-Dec-2025 11:00 AM,NA ,120.0,No ,No,Online,31-Dec-2025 10:00 AM,Municipal Bodies||Cuttack Municipal Corporation,CMC,753012.0,1.0,"12,60,501",BICHITRA NANDA BEHERA,"1,071,552",Accepted-AOC,08-Jul-2026,Municipal Bodies||Cuttack Municipal Corporation,True,"{'Flood': 0, 'Embankment': 0, 'embkt': 0, 'Relief': 0, 'Erosion': 0, 'SDRF': 0, 'Inundation': 0, 'Hydrology': 0, 'Silt': 0, 'Siltation': 0, 'Bund': 0, 'Trench': 0, 'Breach': 0, 'Culvert': 0, 'Sluice': 0, 'Dyke': 0, 'Storm water drain': 0, 'Emergency': 0, 'Immediate': 0, 'IM': 0, 'AE': 0, 'A E': 0, 'AAPDA MITRA': 0, 'flood': 0, 'Bridge': 0, 'River': 0, 'Drain': 2, 'Restoration': 0, 'Protection': 0, 'irr': 0, 'irrigation': 0, 'dam': 0, 'Nallah': 0, 'Retrofitting': 0, 'Pond': 0, 'Pokhari': 0, 'D/C': 0, 'Recharge shaft': 0, 'LFB': 0, 'RFB': 0}","{'Floodlight': 0, 'Flood Light': 0, 'GAS': 0, 'FIFA': 0, 'pipe': 0, 'pipes': 0, 'covid': 0, 'supply': 0, 'Beautification': 0, 'Installation': 0}",Post-Monsoon,,False,True,Repair and Restoration,"{'Construction': 2, 'Drain': 2}"
2026_CEBMB_128949_7,SE-HID-ADV-02/2026-27,Desilting to Khariguda distributary and Takarada Distributary of Harbhangi Irrigation Project.,DESILTING OF CANAL,Works,National Competitive Bid,Percentage,Civil Works - Others,No,No,NA ,11-May-2026 11:00 AM,NA ,90.0,No ,No,Online,25-May-2026 11:00 AM,"CE-BM,RVN Basin,Berhampur||SE Southern Irr Circle II Paralakhemundi||EE Harabhangi Irr Divn Adava",ADAVA,761217.0,1.0,"10,61,702",Ajit Kumar Gouda,"849,468",Rejected-Finance,01-Jul-2026,"CE-BM,RVN Basin,Berhampur||SE Southern Irr Circle II Paralakhemundi||EE Harabhangi Irr Divn Adava",True,"{'Flood': 0, 'Embankment': 0, 'embkt': 0, 'Relief': 0, 'Erosion': 0, 'SDRF': 0, 'Inundation': 0, 'Hydrology': 0, 'Silt': 0, 'Siltation': 0, 'Bund': 0, 'Trench': 0, 'Breach': 0, 'Culvert': 0, 'Sluice': 0, 'Dyke': 0, 'Storm water drain': 0, 'Emergency': 0, 'Immediate': 0, 'IM': 0, 'AE': 0, 'A E': 0, 'AAPDA MITRA': 0, 'flood': 0, 'Bridge': 0, 'River': 0, 'Drain': 0, 'Restoration': 0, 'Protection': 0, 'irr': 0, 'irrigation': 1, 'dam': 0, 'Nallah': 0, 'Retrofitting': 0, 'Pond': 0, 'Pokhari': 0, 'D/C': 0, 'Recharge shaft': 0, 'LFB': 0, 'RFB': 0}","{'Floodlight': 0, 'Flood Light': 0, 'GAS': 0, 'FIFA': 0, 'pipe': 0, 'pipes': 0, 'covid': 0, 'supply': 0, 'Beautification': 0, 'Installation': 0}",Pre-Monsoon,,False,False,Others,
2026_ORULB_127372_15,ODULB_KGM_22/2025-2026,Special Repair of Road and Drain with Cover slab from Gujurati Sahi Chhaka to madhu Patra house in Ward No-02,Special Repair of Road and Drain with Cover slab from Gujurati Sahi Chhaka to madhu Patra house in Ward No-02,Works,Open Tender,Percentage,Civil Works - Others,No,No,NA ,19-Mar-2026 11:00 AM,NA ,120.0,No ,No,Online,31-Mar-2026 11:00 AM,Municipal Bodies||Keonjhargarh Municipal Council,KEONJHAR,758001.0,1.0,"7,28,300",DEBA PRASAD KHAMARI,"530,842.73",Accepted-AOC,22-Jul-2026,Municipal Bodies||Keonjhargarh Municipal Council,True,"{'Flood': 0, 'Embankment': 0, 'embkt': 0, 'Relief': 0, 'Erosion': 0, 'SDRF': 0, 'Inundation': 0, 'Hydrology': 0, 'Silt': 0, 'Siltation': 0, 'Bund': 0, 'Trench': 0, 'Breach': 0, 'Culvert': 0, 'Sluice': 0, 'Dyke': 0, 'Storm water drain': 0, 'Emergency': 0, 'Immediate': 0, 'IM': 0, 'AE': 0, 'A E': 0, 'AAPDA MITRA': 0, 'flood': 0, 'Bridge': 0, 'River': 0, 'Drain': 2, 'Restoration': 0, 'Protection': 0, 'irr': 0, 'irrigation': 0, 'dam': 0, 'Nallah': 0, 'Retrofitting': 0, 'Pond': 0, 'Pokhari': 0, 'D/C': 0, 'Recharge shaft': 0, 'LFB': 0, 'RFB': 0}","{'Floodlight': 0, 'Flood Light': 0, 'GAS': 0, 'FIFA': 0, 'pipe': 0, 'pipes': 0, 'covid': 0, 'supply': 0, 'Beautification': 0, 'Installation': 0}",Pre-Monsoon,,False,True,Repair and Restoration,"{'repair': 2, 'Drain': 2}"
