Tender ID,tender_externalreference,tender_title,Work Description,Tender Category,Tender Type,Form of contract,Product Category,Is Multi Currency Allowed For BOQ,Allow Two Stage Bidding,Independent External Monitor/Remarks,Published Date,Pre Bid Meeting Date,Bid Validity(Days),Should Allow NDA Tender,Allow Preferential Bidder,Payment Mode,Bid Opening Date,Organisation Chain,location,Pincode,No of Bids Received,Tender Value in ₹,Bidder Name,Awarded Value,Status,Contract Date :,Department,is_flood_tender,positive_keywords_dict,negative_keywords_dict,Season,Scheme,Erosion,Roads_Bridges_Embkt,Response Type,Flood Response - Subhead
2026_ORULB_128122_12,03/SMC_SBP/2026-27,"Construction of road and drain Dacia Gali, Bablu tent house, Pattnaikpada, W.No-24","Construction of road and drain Dacia Gali, Bablu tent house, Pattnaikpada, W.No-24",Works,Open Tender,Percentage,Civil Works - Others,No,No,NA ,18-Apr-2026 11:00 AM,NA ,120.0,No ,No,Online,28-Apr-2026 11:00 AM,Municipal Bodies||Sambalpur Municipal Corporation,SAMBALPUR MUNICIPAL CORPORATION,768004.0,1.0,"16,91,335",ABHINAS NANDA,"1,691,335.96",Rejected-Technical,06-Jun-2026,Municipal Bodies||Sambalpur Municipal Corporation,True,"{'Flood': 0, 'Embankment': 0, 'embkt': 0, 'Relief': 0, 'Erosion': 0, 'SDRF': 0, 'Inundation': 0, 'Hydrology': 0, 'Silt': 0, 'Siltation': 0, 'Bund': 0, 'Trench': 0, 'Breach': 0, 'Culvert': 0, 'Sluice': 0, 'Dyke': 0, 'Storm water drain': 0, 'Emergency': 0, 'Immediate': 0, 'IM': 0, 'AE': 0, 'A E': 0, 'AAPDA MITRA': 0, 'flood': 0, 'Bridge': 0, 'River': 0, 'Drain': 2, 'Restoration': 0, 'Protection': 0, 'irr': 0, 'irrigation': 0, 'dam': 0, 'Nallah': 0, 'Retrofitting': 0, 'Pond': 0, 'Pokhari': 0, 'D/C': 0, 'Recharge shaft': 0, 'LFB': 0, 'RFB': 0}","{'Floodlight': 0, 'Flood Light': 0, 'GAS': 0, 'FIFA': 0, 'pipe': 0, 'pipes': 0, 'covid': 0, 'supply': 0, 'Beautification': 0, 'Installation': 0}",Pre-Monsoon,,False,True,Repair and Restoration,"{'Construction': 2, 'Drain': 2}"
2026_DFODE_124492_1,dfodghfeandcc06,Construction of Elephant proof trench (EPT) 1 K.M at Budido under Reamal Range under Deogarh Forest Division for the year 2025-26,Construction of Elephant proof trench (EPT) 1 K.M at Budido under Reamal Range under Deogarh Forest Division for the year 2025-26,Works,Open Tender,Percentage,Civil Works - Others,No,No,NA ,13-Jan-2026 11:00 AM,NA ,60.0,No ,No,Online,28-Jan-2026 11:00 AM,Forest Environment and Climate Change Department||RCCF Rourkela||DFO Deogarh,Construction of Elephant proof trench (EPT) 1 K.M,768108.0,1.0,,KABITA PRADHAN,"517,877.61",Rejected-Finance,05-Jun-2026,Forest Environment and Climate Change Department||RCCF Rourkela||DFO Deogarh,True,"{'Flood': 0, 'Embankment': 0, 'embkt': 0, 'Relief': 0, 'Erosion': 0, 'SDRF': 0, 'Inundation': 0, 'Hydrology': 0, 'Silt': 0, 'Siltation': 0, 'Bund': 0, 'Trench': 2, 'Breach': 0, 'Culvert': 0, 'Sluice': 0, 'Dyke': 0, 'Storm water drain': 0, 'Emergency': 0, 'Immediate': 0, 'IM': 0, 'AE': 0, 'A E': 0, 'AAPDA MITRA': 0, 'flood': 0, 'Bridge': 0, 'River': 0, 'Drain': 0, 'Restoration': 0, 'Protection': 0, 'irr': 0, 'irrigation': 0, 'dam': 0, 'Nallah': 0, 'Retrofitting': 0, 'Pond': 0, 'Pokhari': 0, 'D/C': 0, 'Recharge shaft': 0, 'LFB': 0, 'RFB': 0}","{'Floodlight': 0, 'Flood Light': 0, 'GAS': 0, 'FIFA': 0, 'pipe': 0, 'pipes': 0, 'covid': 0, 'supply': 0, 'Beautification': 0, 'Installation': 0}",Post-Monsoon,,False,False,Repair and Restoration,{'Construction': 2}
2026_ORULB_126678_4,37/SMC_SBP/2025-26,"Construction of RCC drain and Paver road from Beheramunda AWC to Arjun Behera house in Happy Colony, Beheramunda,Ward No.18","Construction of RCC drain and Paver road from Beheramunda AWC to Arjun Behera house in Happy Colony, Beheramunda,Ward No.18",Works,Open Tender,Percentage,Civil Works - Others,No,No,NA ,06-Mar-2026 11:00 AM,NA ,120.0,No ,No,Online,17-Mar-2026 11:00 AM,Municipal Bodies||Sambalpur Municipal Corporation,Sambalpur Municipal Corporation,768006.0,1.0,"9,00,718",DOLIMINA SUNA (S.C),"900,717.69",Rejected-Technical,06-Jun-2026,Municipal Bodies||Sambalpur Municipal Corporation,True,"{'Flood': 0, 'Embankment': 0, 'embkt': 0, 'Relief': 0, 'Erosion': 0, 'SDRF': 0, 'Inundation': 0, 'Hydrology': 0, 'Silt': 0, 'Siltation': 0, 'Bund': 0, 'Trench': 0, 'Breach': 0, 'Culvert': 0, 'Sluice': 0, 'Dyke': 0, 'Storm water drain': 0, 'Emergency': 0, 'Immediate': 0, 'IM': 0, 'AE': 0, 'A E': 0, 'AAPDA MITRA': 0, 'flood': 0, 'Bridge': 0, 'River': 0, 'Drain': 2, 'Restoration': 0, 'Protection': 0, 'irr': 0, 'irrigation': 0, 'dam': 0, 'Nallah': 0, 'Retrofitting': 0, 'Pond': 0, 'Pokhari': 0, 'D/C': 0, 'Recharge shaft': 0, 'LFB': 0, 'RFB': 0}","{'Floodlight': 0, 'Flood Light': 0, 'GAS': 0, 'FIFA': 0, 'pipe': 0, 'pipes': 0, 'covid': 0, 'supply': 0, 'Beautification': 0, 'Installation': 0}",Pre-Monsoon,,False,True,Repair and Restoration,"{'Construction': 2, 'Drain': 2}"
2026_ECCHA_127145_19,"e-Procurement Notice No.ACE, EC-II 12 of 2025-26","ACE, EC-II JKID 59 of 2025-26 Scoured Bank Protection to Brahmani right Embankment near village Chahata on CE No- 26 A.",Embankment protection,Works,National Competitive Bid,Percentage,Civil Works - Others,No,No,NA ,11-Mar-2026 10:00 AM,NA ,90.0,No ,No,Online,26-Mar-2026 11:30 AM,CE AND BM MBBS CHANDIKOLE||EASTERN CIRCLE II CHANDIKOLE,Chandikhole,755044.0,2.0,"2,48,49,747",NAKULA ROUT,"23,609,745",Accepted-AOC,21-Jun-2026,CE AND BM MBBS CHANDIKOLE||EASTERN CIRCLE II CHANDIKOLE,True,"{'Flood': 0, 'Embankment': 2, 'embkt': 0, 'Relief': 0, 'Erosion': 0, 'SDRF': 0, 'Inundation': 0, 'Hydrology': 0, 'Silt': 0, 'Siltation': 0, 'Bund': 0, 'Trench': 0, 'Breach': 0, 'Culvert': 0, 'Sluice': 0, 'Dyke': 0, 'Storm water drain': 0, 'Emergency': 0, 'Immediate': 0, 'IM': 0, 'AE': 0, 'A E': 0, 'AAPDA MITRA': 0, 'flood': 0, 'Bridge': 0, 'River': 0, 'Drain': 0, 'Restoration': 0, 'Protection': 2, 'irr': 0, 'irrigation': 0, 'dam': 0, 'Nallah': 0, 'Retrofitting': 0, 'Pond': 0, 'Pokhari': 0, 'D/C': 0, 'Recharge shaft': 0, 'LFB': 0, 'RFB': 0}","{'Floodlight': 0, 'Flood Light': 0, 'GAS': 0, 'FIFA': 0, 'pipe': 0, 'pipes': 0, 'covid': 0, 'supply': 0, 'Beautification': 0, 'Installation': 0}",Pre-Monsoon,,False,True,Preparedness Measures,"{'Protection': 2, 'scoured': 1, 'Scoured bank': 1}"
2026_ORULB_127700_1,MC(CMC)CTC_Div-I_No.27/2025-26,Desilting of MSD drain from Baimundi Chhaka to Bidanasi Bandha Chhaka in Ward No. 01.,Desilting of MSD drain from Baimundi Chhaka to Bidanasi Bandha Chhaka in Ward No. 01.,Works,Open Tender,Percentage,Civil Works - Others,No,No,NA ,31-Mar-2026 03:00 PM,NA ,90.0,No ,No,Online,10-Apr-2026 11:00 AM,Municipal Bodies||Cuttack Municipal Corporation,CMC,753012.0,1.0,"9,72,100",DILIP KUMAR NANDA,"972,105",Rejected-AOC,24-Jun-2026,Municipal Bodies||Cuttack Municipal Corporation,True,"{'Flood': 0, 'Embankment': 0, 'embkt': 0, 'Relief': 0, 'Erosion': 0, 'SDRF': 0, 'Inundation': 0, 'Hydrology': 0, 'Silt': 0, 'Siltation': 0, 'Bund': 0, 'Trench': 0, 'Breach': 0, 'Culvert': 0, 'Sluice': 0, 'Dyke': 0, 'Storm water drain': 0, 'Emergency': 0, 'Immediate': 0, 'IM': 0, 'AE': 0, 'A E': 0, 'AAPDA MITRA': 0, 'flood': 0, 'Bridge': 0, 'River': 0, 'Drain': 2, 'Restoration': 0, 'Protection': 0, 'irr': 0, 'irrigation': 0, 'dam': 0, 'Nallah': 0, 'Retrofitting': 0, 'Pond': 0, 'Pokhari': 0, 'D/C': 0, 'Recharge shaft': 0, 'LFB': 0, 'RFB': 0}","{'Floodlight': 0, 'Flood Light': 0, 'GAS': 0, 'FIFA': 0, 'pipe': 0, 'pipes': 0, 'covid': 0, 'supply': 0, 'Beautification': 0, 'Installation': 0}",Pre-Monsoon,,False,True,Repair and Restoration,{'Drain': 2}
2026_ORULB_127681_1,EOCHAMPUANAC-NO-65/2025-26,"STREET SWEEPING, DRAIN CLEANING, BUSH CUTTING AND UPROOTING , DEWEEDING, DESILTING AND DOOR TO DOOR SEGREGATED WASTE COLLECTION OF CHAMPUA NAC FOR WARD NO-01 TO WARD NO-13","STREET SWEEPING, DRAIN CLEANING, BUSH CUTTING AND UPROOTING , DEWEEDING, DESILTING AND DOOR TO DOOR SEGREGATED WASTE COLLECTION OF CHAMPUA NAC FOR WARD NO-01 TO WARD NO-13",Services,Open Tender,Percentage,Consultancy Services,No,No,NA ,30-Mar-2026 11:00 AM,NA ,270.0,No ,No,Online,18-Apr-2026 11:00 AM,Municipal Bodies||Champua NAC,CHAMPUA,758041.0,2.0,"1,71,06,200",SWARNADEVI AGENCY PVT. LTD.,"14,039,761.91",Rejected-Technical,04-Jun-2026,Municipal Bodies||Champua NAC,True,"{'Flood': 0, 'Embankment': 0, 'embkt': 0, 'Relief': 0, 'Erosion': 0, 'SDRF': 0, 'Inundation': 0, 'Hydrology': 0, 'Silt': 0, 'Siltation': 0, 'Bund': 0, 'Trench': 0, 'Breach': 0, 'Culvert': 0, 'Sluice': 0, 'Dyke': 0, 'Storm water drain': 0, 'Emergency': 0, 'Immediate': 0, 'IM': 0, 'AE': 0, 'A E': 0, 'AAPDA MITRA': 0, 'flood': 0, 'Bridge': 0, 'River': 0, 'Drain': 2, 'Restoration': 0, 'Protection': 0, 'irr': 0, 'irrigation': 0, 'dam': 0, 'Nallah': 0, 'Retrofitting': 0, 'Pond': 0, 'Pokhari': 0, 'D/C': 0, 'Recharge shaft': 0, 'LFB': 0, 'RFB': 0}","{'Floodlight': 0, 'Flood Light': 0, 'GAS': 0, 'FIFA': 0, 'pipe': 0, 'pipes': 0, 'covid': 0, 'supply': 0, 'Beautification': 0, 'Installation': 0}",Pre-Monsoon,,False,True,Repair and Restoration,{'Drain': 2}
2026_ORULB_127615_9,NLGN _09/2025-26,"Construction of Drain with cover slab from Gundia house to Thupa house, W.08.","Construction of Drain with cover slab from Gundia house to Thupa house, W.08.",Works,Open Tender,Percentage,Civil Works - Buildings,No,No,NA ,26-Mar-2026 10:00 AM,NA ,210.0,No ,No,Online,10-Apr-2026 11:00 AM,Municipal Bodies||Nilgiri NAC,Nilgiri NAC,756040.0,1.0,"1,69,491",Harish Chandra Bag,"169,491",Rejected-AOC,01-Jun-2026,Municipal Bodies||Nilgiri NAC,True,"{'Flood': 0, 'Embankment': 0, 'embkt': 0, 'Relief': 0, 'Erosion': 0, 'SDRF': 0, 'Inundation': 0, 'Hydrology': 0, 'Silt': 0, 'Siltation': 0, 'Bund': 0, 'Trench': 0, 'Breach': 0, 'Culvert': 0, 'Sluice': 0, 'Dyke': 0, 'Storm water drain': 0, 'Emergency': 0, 'Immediate': 0, 'IM': 0, 'AE': 0, 'A E': 0, 'AAPDA MITRA': 0, 'flood': 0, 'Bridge': 0, 'River': 0, 'Drain': 2, 'Restoration': 0, 'Protection': 0, 'irr': 0, 'irrigation': 0, 'dam': 0, 'Nallah': 0, 'Retrofitting': 0, 'Pond': 0, 'Pokhari': 0, 'D/C': 0, 'Recharge shaft': 0, 'LFB': 0, 'RFB': 0}","{'Floodlight': 0, 'Flood Light': 0, 'GAS': 0, 'FIFA': 0, 'pipe': 0, 'pipes': 0, 'covid': 0, 'supply': 0, 'Beautification': 0, 'Installation': 0}",Pre-Monsoon,,False,True,Repair and Restoration,"{'Construction': 2, 'Drain': 2}"
2026_ORULB_126636_34,BMC-EE-Tender Cell-73/2025-26 Dt. 25.02.2026,Renovation with peripheral development of Nanda Kishore Pond in Ward No. 59,Renovation with peripheral development of Nanda Kishore Pond in Ward No. 59,Works,Open Tender,Percentage,Civil Works - Others,No,No,NA ,28-Feb-2026 10:30 AM,05-Mar-2026 04:00 PM ,120.0,No ,No,Online,12-Mar-2026 11:00 AM,Municipal Bodies||Bhubaneswar Municipal Corporation,BMC AREA,751022.0,1.0,"29,65,696",M/S OMM SAI ASSOCIATES,"3,094,627",Rejected-Finance,09-Jun-2026,Municipal Bodies||Bhubaneswar Municipal Corporation,True,"{'Flood': 0, 'Embankment': 0, 'embkt': 0, 'Relief': 0, 'Erosion': 0, 'SDRF': 0, 'Inundation': 0, 'Hydrology': 0, 'Silt': 0, 'Siltation': 0, 'Bund': 0, 'Trench': 0, 'Breach': 0, 'Culvert': 0, 'Sluice': 0, 'Dyke': 0, 'Storm water drain': 0, 'Emergency': 0, 'Immediate': 0, 'IM': 0, 'AE': 0, 'A E': 0, 'AAPDA MITRA': 0, 'flood': 0, 'Bridge': 0, 'River': 0, 'Drain': 0, 'Restoration': 0, 'Protection': 0, 'irr': 0, 'irrigation': 0, 'dam': 0, 'Nallah': 0, 'Retrofitting': 0, 'Pond': 2, 'Pokhari': 0, 'D/C': 0, 'Recharge shaft': 0, 'LFB': 0, 'RFB': 0}","{'Floodlight': 0, 'Flood Light': 0, 'GAS': 0, 'FIFA': 0, 'pipe': 0, 'pipes': 0, 'covid': 0, 'supply': 0, 'Beautification': 0, 'Installation': 0}",Post-Monsoon,,False,False,Repair and Restoration,{'renovation': 2}
2026_ORULB_128122_11,03/SMC_SBP/2026-27,"Construction of road and drain at Phani Bhusan Mishra Gali at Nandapada, W.No-24","Construction of road and drain at Phani Bhusan Mishra Gali at Nandapada, W.No-24",Works,Open Tender,Percentage,Civil Works - Others,No,No,NA ,18-Apr-2026 11:00 AM,NA ,120.0,No ,No,Online,28-Apr-2026 11:00 AM,Municipal Bodies||Sambalpur Municipal Corporation,SAMBALPUR MUNICIPAL CORPORATION,768004.0,1.0,"16,91,511",ABHINAS NANDA,"1,691,263.89",Rejected-Technical,06-Jun-2026,Municipal Bodies||Sambalpur Municipal Corporation,True,"{'Flood': 0, 'Embankment': 0, 'embkt': 0, 'Relief': 0, 'Erosion': 0, 'SDRF': 0, 'Inundation': 0, 'Hydrology': 0, 'Silt': 0, 'Siltation': 0, 'Bund': 0, 'Trench': 0, 'Breach': 0, 'Culvert': 0, 'Sluice': 0, 'Dyke': 0, 'Storm water drain': 0, 'Emergency': 0, 'Immediate': 0, 'IM': 0, 'AE': 0, 'A E': 0, 'AAPDA MITRA': 0, 'flood': 0, 'Bridge': 0, 'River': 0, 'Drain': 2, 'Restoration': 0, 'Protection': 0, 'irr': 0, 'irrigation': 0, 'dam': 0, 'Nallah': 0, 'Retrofitting': 0, 'Pond': 0, 'Pokhari': 0, 'D/C': 0, 'Recharge shaft': 0, 'LFB': 0, 'RFB': 0}","{'Floodlight': 0, 'Flood Light': 0, 'GAS': 0, 'FIFA': 0, 'pipe': 0, 'pipes': 0, 'covid': 0, 'supply': 0, 'Beautification': 0, 'Installation': 0}",Pre-Monsoon,,False,True,Repair and Restoration,"{'Construction': 2, 'Drain': 2}"
2026_ORULB_126636_36,BMC-EE-Tender Cell-73/2025-26 Dt. 25.02.2026,Renovation with peripheral development of Dasanka Pokhari in Ward No. 60,Renovation with peripheral development of Dasanka Pokhari in Ward No. 60,Works,Open Tender,Percentage,Civil Works - Others,No,No,NA ,28-Feb-2026 10:30 AM,05-Mar-2026 04:00 PM ,120.0,No ,No,Online,12-Mar-2026 11:00 AM,Municipal Bodies||Bhubaneswar Municipal Corporation,BMC AREA,751022.0,1.0,"8,47,477",LUCKY PANDA,"838,519",Rejected-Finance,01-Jun-2026,Municipal Bodies||Bhubaneswar Municipal Corporation,True,"{'Flood': 0, 'Embankment': 0, 'embkt': 0, 'Relief': 0, 'Erosion': 0, 'SDRF': 0, 'Inundation': 0, 'Hydrology': 0, 'Silt': 0, 'Siltation': 0, 'Bund': 0, 'Trench': 0, 'Breach': 0, 'Culvert': 0, 'Sluice': 0, 'Dyke': 0, 'Storm water drain': 0, 'Emergency': 0, 'Immediate': 0, 'IM': 0, 'AE': 0, 'A E': 0, 'AAPDA MITRA': 0, 'flood': 0, 'Bridge': 0, 'River': 0, 'Drain': 0, 'Restoration': 0, 'Protection': 0, 'irr': 0, 'irrigation': 0, 'dam': 0, 'Nallah': 0, 'Retrofitting': 0, 'Pond': 0, 'Pokhari': 2, 'D/C': 0, 'Recharge shaft': 0, 'LFB': 0, 'RFB': 0}","{'Floodlight': 0, 'Flood Light': 0, 'GAS': 0, 'FIFA': 0, 'pipe': 0, 'pipes': 0, 'covid': 0, 'supply': 0, 'Beautification': 0, 'Installation': 0}",Post-Monsoon,,False,False,Repair and Restoration,{'renovation': 2}
2026_ORULB_125887_1,SOROM_07_2025-26,"Construction of CC Drain from Mahendra Sahu house to Ramakanta Sahu house,Via Narana house at Badakhuri in Ward No.-01",Construction Work,Works,Open Tender,Percentage,Civil Works - Others,No,No,NA ,18-Feb-2026 10:00 AM,NA ,120.0,No ,No,Online,26-Feb-2026 10:00 AM,Municipal Bodies||Soro Municipality,"Soro Municipality, Soro",756045.0,1.0,"3,89,830",NARAHARI KHATUA,"389,829.64",Accepted-AOC,17-Jun-2026,Municipal Bodies||Soro Municipality,True,"{'Flood': 0, 'Embankment': 0, 'embkt': 0, 'Relief': 0, 'Erosion': 0, 'SDRF': 0, 'Inundation': 0, 'Hydrology': 0, 'Silt': 0, 'Siltation': 0, 'Bund': 0, 'Trench': 0, 'Breach': 0, 'Culvert': 0, 'Sluice': 0, 'Dyke': 0, 'Storm water drain': 0, 'Emergency': 0, 'Immediate': 0, 'IM': 0, 'AE': 0, 'A E': 0, 'AAPDA MITRA': 0, 'flood': 0, 'Bridge': 0, 'River': 0, 'Drain': 1, 'Restoration': 0, 'Protection': 0, 'irr': 0, 'irrigation': 0, 'dam': 0, 'Nallah': 0, 'Retrofitting': 0, 'Pond': 0, 'Pokhari': 0, 'D/C': 0, 'Recharge shaft': 0, 'LFB': 0, 'RFB': 0}","{'Floodlight': 0, 'Flood Light': 0, 'GAS': 0, 'FIFA': 0, 'pipe': 0, 'pipes': 0, 'covid': 0, 'supply': 0, 'Beautification': 0, 'Installation': 0}",Post-Monsoon,,False,True,Repair and Restoration,"{'Construction': 2, 'Drain': 1}"
2026_ORULB_127692_8,MC(CMC)CTC_Div-IIINo39/2025-26,Fixing of New Grill barricade on vacant drain wall of MSWC-II at Gandarpur Entrance point in Ward No.47.,Fixing of New Grill barricade on vacant drain wall of MSWC-II at Gandarpur Entrance point in Ward No.47.,Works,Open Tender,Percentage,Civil Works - Others,No,No,NA ,31-Mar-2026 11:00 AM,NA ,60.0,No ,No,Online,10-Apr-2026 10:00 AM,Municipal Bodies||Cuttack Municipal Corporation,CMC,753012.0,1.0,"3,80,717",KRUSHNA CHANDRA DAS (S.C),"380,717",Rejected-AOC,15-Jun-2026,Municipal Bodies||Cuttack Municipal Corporation,True,"{'Flood': 0, 'Embankment': 0, 'embkt': 0, 'Relief': 0, 'Erosion': 0, 'SDRF': 0, 'Inundation': 0, 'Hydrology': 0, 'Silt': 0, 'Siltation': 0, 'Bund': 0, 'Trench': 0, 'Breach': 0, 'Culvert': 0, 'Sluice': 0, 'Dyke': 0, 'Storm water drain': 0, 'Emergency': 0, 'Immediate': 0, 'IM': 0, 'AE': 0, 'A E': 0, 'AAPDA MITRA': 0, 'flood': 0, 'Bridge': 0, 'River': 0, 'Drain': 2, 'Restoration': 0, 'Protection': 0, 'irr': 0, 'irrigation': 0, 'dam': 0, 'Nallah': 0, 'Retrofitting': 0, 'Pond': 0, 'Pokhari': 0, 'D/C': 0, 'Recharge shaft': 0, 'LFB': 0, 'RFB': 0}","{'Floodlight': 0, 'Flood Light': 0, 'GAS': 0, 'FIFA': 0, 'pipe': 0, 'pipes': 0, 'covid': 0, 'supply': 0, 'Beautification': 0, 'Installation': 0}",Pre-Monsoon,,False,True,Repair and Restoration,{'Drain': 2}
2026_RWSS_125765_2,RWSS_49_2025-26,REPAIR AND RESTORATION WORK AND FHTC CONNECTION FOR PWS TO TANDAUNI UNDER BALIKUDA BLOCK,REPAIR AND RESTORATION WORK AND FHTC CONNECTION FOR PWS TO TANDAUNI UNDER BALIKUDA BLOCK,Works,National Competitive Bid,Percentage,Civil Works - Water Works,No,No,NA ,11-Feb-2026 10:00 AM,11-Feb-2026 10:00 AM ,180.0,No ,No,Online,19-Feb-2026 11:00 AM,Rural Water Supply and Sanitation||RWSS Circle Cuttack||EE RWSS Divn Jagatsinghpur,OFFICE OF THE SE RWSS DIVISION JAGATSINGHPUR,754103.0,1.0,"6,83,587",MANJULATA MALLICK,"649,476",Rejected-Finance,29-Jun-2026,Rural Water Supply and Sanitation||RWSS Circle Cuttack||EE RWSS Divn Jagatsinghpur,True,"{'Flood': 0, 'Embankment': 0, 'embkt': 0, 'Relief': 0, 'Erosion': 0, 'SDRF': 0, 'Inundation': 0, 'Hydrology': 0, 'Silt': 0, 'Siltation': 0, 'Bund': 0, 'Trench': 0, 'Breach': 0, 'Culvert': 0, 'Sluice': 0, 'Dyke': 0, 'Storm water drain': 0, 'Emergency': 0, 'Immediate': 0, 'IM': 0, 'AE': 0, 'A E': 0, 'AAPDA MITRA': 0, 'flood': 0, 'Bridge': 0, 'River': 0, 'Drain': 0, 'Restoration': 2, 'Protection': 0, 'irr': 0, 'irrigation': 0, 'dam': 0, 'Nallah': 0, 'Retrofitting': 0, 'Pond': 0, 'Pokhari': 0, 'D/C': 0, 'Recharge shaft': 0, 'LFB': 0, 'RFB': 0}","{'Floodlight': 0, 'Flood Light': 0, 'GAS': 0, 'FIFA': 0, 'pipe': 0, 'pipes': 0, 'covid': 0, 'supply': 0, 'Beautification': 0, 'Installation': 0}",Post-Monsoon,,False,False,Repair and Restoration,"{'repair': 2, 'restoration': 2}"
2026_JIRR_124173_13,JKID-04 OF 2025-26,12-Construction of 6 Nos of Bathing Ghat on Kelua left embankment from village Arabala to Mohanpur,Construction of 6 Nos of Bathing Ghat on Kelua left embankment from village Arabala to Mohanpur,Works,National Competitive Bid,Percentage,Civil Works - Others,No,No,NA ,05-Jan-2026 11:00 AM,NA ,90.0,No ,No,Online,16-Jan-2026 11:00 AM,CE AND BM MBBS CHANDIKOLE||EASTERN CIRCLE II CHANDIKOLE||Jaraka Irr Div Jaraka,Jaraka,755050.0,1.0,"47,66,712",HEMANTA KUMAR BEHERA,"4,660,891.42",Rejected-Technical,22-May-2026,CE AND BM MBBS CHANDIKOLE||EASTERN CIRCLE II CHANDIKOLE||Jaraka Irr Div Jaraka,True,"{'Flood': 0, 'Embankment': 2, 'embkt': 0, 'Relief': 0, 'Erosion': 0, 'SDRF': 0, 'Inundation': 0, 'Hydrology': 0, 'Silt': 0, 'Siltation': 0, 'Bund': 0, 'Trench': 0, 'Breach': 0, 'Culvert': 0, 'Sluice': 0, 'Dyke': 0, 'Storm water drain': 0, 'Emergency': 0, 'Immediate': 0, 'IM': 0, 'AE': 0, 'A E': 0, 'AAPDA MITRA': 0, 'flood': 0, 'Bridge': 0, 'River': 0, 'Drain': 0, 'Restoration': 0, 'Protection': 0, 'irr': 0, 'irrigation': 0, 'dam': 0, 'Nallah': 0, 'Retrofitting': 0, 'Pond': 0, 'Pokhari': 0, 'D/C': 0, 'Recharge shaft': 0, 'LFB': 0, 'RFB': 0}","{'Floodlight': 0, 'Flood Light': 0, 'GAS': 0, 'FIFA': 0, 'pipe': 0, 'pipes': 0, 'covid': 0, 'supply': 0, 'Beautification': 0, 'Installation': 0}",Post-Monsoon,,False,True,Repair and Restoration,{'Construction': 2}
2026_ORULB_126857_7,06/BGH- MUN/2025-26,Construction of CC Drain and cover slab at govindpali school to nag bacha mandir w.no-15,Construction of CC Drain and cover slab at govindpali school to nag bacha mandir w.no-15,Works,Open Tender,Percentage,Civil Works - Others,No,No,NA ,06-Mar-2026 04:00 PM,NA ,90.0,No ,No,Online,17-Mar-2026 11:00 AM,Municipal Bodies||Bargarh Municipal Council,Bargarh,768028.0,1.0,"8,00,274",RANJAN SETH,"634,141.133",Rejected-Finance,09-Jun-2026,Municipal Bodies||Bargarh Municipal Council,True,"{'Flood': 0, 'Embankment': 0, 'embkt': 0, 'Relief': 0, 'Erosion': 0, 'SDRF': 0, 'Inundation': 0, 'Hydrology': 0, 'Silt': 0, 'Siltation': 0, 'Bund': 0, 'Trench': 0, 'Breach': 0, 'Culvert': 0, 'Sluice': 0, 'Dyke': 0, 'Storm water drain': 0, 'Emergency': 0, 'Immediate': 0, 'IM': 0, 'AE': 0, 'A E': 0, 'AAPDA MITRA': 0, 'flood': 0, 'Bridge': 0, 'River': 0, 'Drain': 2, 'Restoration': 0, 'Protection': 0, 'irr': 0, 'irrigation': 0, 'dam': 0, 'Nallah': 0, 'Retrofitting': 0, 'Pond': 0, 'Pokhari': 0, 'D/C': 0, 'Recharge shaft': 0, 'LFB': 0, 'RFB': 0}","{'Floodlight': 0, 'Flood Light': 0, 'GAS': 0, 'FIFA': 0, 'pipe': 0, 'pipes': 0, 'covid': 0, 'supply': 0, 'Beautification': 0, 'Installation': 0}",Pre-Monsoon,,False,True,Repair and Restoration,"{'Construction': 2, 'Drain': 2}"
2026_ORULB_124590_5,BBLM-6/2025-26,"Construction of drain from Alli house to Anganwadi Centre at Odia basti, Nalda, Ward No.1","Construction of drain from Alli house to Anganwadi Centre at Odia basti, Nalda, Ward No.1",Works,Open Tender,Percentage,Civil Works - Others,No,No,NA ,20-Jan-2026 10:00 AM,NA ,90.0,No ,No,Online,04-Feb-2026 11:00 AM,Municipal Bodies||Barbil Municipality,Barbil,758035.0,2.0,"3,00,000",ISWAR CHANDRA SAMAL,"314,192",Accepted-AOC,01-Jun-2026,Municipal Bodies||Barbil Municipality,True,"{'Flood': 0, 'Embankment': 0, 'embkt': 0, 'Relief': 0, 'Erosion': 0, 'SDRF': 0, 'Inundation': 0, 'Hydrology': 0, 'Silt': 0, 'Siltation': 0, 'Bund': 0, 'Trench': 0, 'Breach': 0, 'Culvert': 0, 'Sluice': 0, 'Dyke': 0, 'Storm water drain': 0, 'Emergency': 0, 'Immediate': 0, 'IM': 0, 'AE': 0, 'A E': 0, 'AAPDA MITRA': 0, 'flood': 0, 'Bridge': 0, 'River': 0, 'Drain': 2, 'Restoration': 0, 'Protection': 0, 'irr': 0, 'irrigation': 0, 'dam': 0, 'Nallah': 0, 'Retrofitting': 0, 'Pond': 0, 'Pokhari': 0, 'D/C': 0, 'Recharge shaft': 0, 'LFB': 0, 'RFB': 0}","{'Floodlight': 0, 'Flood Light': 0, 'GAS': 0, 'FIFA': 0, 'pipe': 0, 'pipes': 0, 'covid': 0, 'supply': 0, 'Beautification': 0, 'Installation': 0}",Post-Monsoon,,False,True,Repair and Restoration,"{'Construction': 2, 'Drain': 2}"
2026_CERWI_127335_1,EE/RWELECT/SBP/53/2025-26,Shifting of Electrical Pole for the work Construction of Bridge over Local Nallah at 1.850 KM on Sunapara to Panposh Road Under SBY for the year 2023-24 Under RWES Kuchinda Non Res Building Vide Lr no 782 Date 31.01.2026 of SERW Divn Kuchinda,Shifting of Electrical Pole for the work Construction of Bridge over Local Nallah at 1.850 KM on Sunapara to Panposh Road Under SBY for the year 2023-24 Under RWES Kuchinda Non Res Building Vide Lr no 782 Date 31.01.2026 of SERW Divn Kuchinda,Works,Open Tender,Percentage,Electrical Works,No,No,NA ,18-Mar-2026 11:30 AM,NA ,90.0,No ,No,Online,30-Mar-2026 11:30 AM,CE RW I||RW Electrical Circle Bhubaneswar||RW Electrical Division Sambalpur,Sambalpur,768001.0,1.0,"9,51,434",TUSAR RANJAN PARIDA,"951,433.747",Rejected-AOC,17-Jun-2026,CE RW I||RW Electrical Circle Bhubaneswar||RW Electrical Division Sambalpur,True,"{'Flood': 0, 'Embankment': 0, 'embkt': 0, 'Relief': 0, 'Erosion': 0, 'SDRF': 0, 'Inundation': 0, 'Hydrology': 0, 'Silt': 0, 'Siltation': 0, 'Bund': 0, 'Trench': 0, 'Breach': 0, 'Culvert': 0, 'Sluice': 0, 'Dyke': 0, 'Storm water drain': 0, 'Emergency': 0, 'Immediate': 0, 'IM': 0, 'AE': 0, 'A E': 0, 'AAPDA MITRA': 0, 'flood': 0, 'Bridge': 2, 'River': 0, 'Drain': 0, 'Restoration': 0, 'Protection': 0, 'irr': 0, 'irrigation': 0, 'dam': 0, 'Nallah': 2, 'Retrofitting': 0, 'Pond': 0, 'Pokhari': 0, 'D/C': 0, 'Recharge shaft': 0, 'LFB': 0, 'RFB': 0}","{'Floodlight': 0, 'Flood Light': 0, 'GAS': 0, 'FIFA': 0, 'pipe': 0, 'pipes': 0, 'covid': 0, 'supply': 0, 'Beautification': 0, 'Installation': 0}",Pre-Monsoon,,False,True,Repair and Restoration,"{'Construction': 2, 'Bridge': 2}"
2026_ORULB_126636_23,BMC-EE-Tender Cell-73/2025-26 Dt. 25.02.2026,Construction of drain from Qtr.no-IVR-E.3 to IVR-111 in ward no. 46,Construction of drain from Qtr.no-IVR-E.3 to IVR-111 in ward no. 46,Works,Open Tender,Percentage,Civil Works - Others,No,No,NA ,28-Feb-2026 10:30 AM,05-Mar-2026 04:00 PM ,120.0,No ,No,Online,12-Mar-2026 11:00 AM,Municipal Bodies||Bhubaneswar Municipal Corporation,BMC AREA,751022.0,1.0,"9,29,998",SURESH KUMAR BARIK,"1,097,398",Rejected-Finance,04-Jun-2026,Municipal Bodies||Bhubaneswar Municipal Corporation,True,"{'Flood': 0, 'Embankment': 0, 'embkt': 0, 'Relief': 0, 'Erosion': 0, 'SDRF': 0, 'Inundation': 0, 'Hydrology': 0, 'Silt': 0, 'Siltation': 0, 'Bund': 0, 'Trench': 0, 'Breach': 0, 'Culvert': 0, 'Sluice': 0, 'Dyke': 0, 'Storm water drain': 0, 'Emergency': 0, 'Immediate': 0, 'IM': 0, 'AE': 0, 'A E': 0, 'AAPDA MITRA': 0, 'flood': 0, 'Bridge': 0, 'River': 0, 'Drain': 2, 'Restoration': 0, 'Protection': 0, 'irr': 0, 'irrigation': 0, 'dam': 0, 'Nallah': 0, 'Retrofitting': 0, 'Pond': 0, 'Pokhari': 0, 'D/C': 0, 'Recharge shaft': 0, 'LFB': 0, 'RFB': 0}","{'Floodlight': 0, 'Flood Light': 0, 'GAS': 0, 'FIFA': 0, 'pipe': 0, 'pipes': 0, 'covid': 0, 'supply': 0, 'Beautification': 0, 'Installation': 0}",Post-Monsoon,,False,True,Repair and Restoration,"{'Construction': 2, 'Drain': 2}"
2026_ORULB_126853_3,BPDM 5/2026-2027,"Construction of road and drain from main road towards Ayurvedic College, Takatpur in Ward No.27 under Baripada Municipality","Construction of road and drain from main road towards Ayurvedic College, Takatpur in Ward No.27 under Baripada Municipality",Works,Open Tender,Percentage,Civil Works - Roads,No,No,NA ,05-Mar-2026 01:00 PM,10-Mar-2026 11:00 AM ,180.0,No ,No,Online,20-Mar-2026 11:00 AM,Municipal Bodies||Baripada Municipality,Baripada Municipality,757001.0,2.0,"84,74,576",SHISHIR KUMAR SINGH,"9,989,999",Rejected-Finance,12-Jun-2026,Municipal Bodies||Baripada Municipality,True,"{'Flood': 0, 'Embankment': 0, 'embkt': 0, 'Relief': 0, 'Erosion': 0, 'SDRF': 0, 'Inundation': 0, 'Hydrology': 0, 'Silt': 0, 'Siltation': 0, 'Bund': 0, 'Trench': 0, 'Breach': 0, 'Culvert': 0, 'Sluice': 0, 'Dyke': 0, 'Storm water drain': 0, 'Emergency': 0, 'Immediate': 0, 'IM': 0, 'AE': 0, 'A E': 0, 'AAPDA MITRA': 0, 'flood': 0, 'Bridge': 0, 'River': 0, 'Drain': 2, 'Restoration': 0, 'Protection': 0, 'irr': 0, 'irrigation': 0, 'dam': 0, 'Nallah': 0, 'Retrofitting': 0, 'Pond': 0, 'Pokhari': 0, 'D/C': 0, 'Recharge shaft': 0, 'LFB': 0, 'RFB': 0}","{'Floodlight': 0, 'Flood Light': 0, 'GAS': 0, 'FIFA': 0, 'pipe': 0, 'pipes': 0, 'covid': 0, 'supply': 0, 'Beautification': 0, 'Installation': 0}",Pre-Monsoon,,False,True,Repair and Restoration,"{'Construction': 2, 'Drain': 2}"
2026_ORULB_128122_10,03/SMC_SBP/2026-27,"Construction of road and drain from Raghunath mandir to Behera house , Ward no-23","Construction of road and drain from Raghunath mandir to Behera house , Ward no-23",Works,Open Tender,Percentage,Civil Works - Others,No,No,NA ,18-Apr-2026 11:00 AM,NA ,120.0,No ,No,Online,28-Apr-2026 11:00 AM,Municipal Bodies||Sambalpur Municipal Corporation,SAMBALPUR MUNICIPAL CORPORATION,768004.0,1.0,"16,92,863",SALEGRAM KHUNTIA,"1,692,863.73",Rejected-Technical,17-Jun-2026,Municipal Bodies||Sambalpur Municipal Corporation,True,"{'Flood': 0, 'Embankment': 0, 'embkt': 0, 'Relief': 0, 'Erosion': 0, 'SDRF': 0, 'Inundation': 0, 'Hydrology': 0, 'Silt': 0, 'Siltation': 0, 'Bund': 0, 'Trench': 0, 'Breach': 0, 'Culvert': 0, 'Sluice': 0, 'Dyke': 0, 'Storm water drain': 0, 'Emergency': 0, 'Immediate': 0, 'IM': 0, 'AE': 0, 'A E': 0, 'AAPDA MITRA': 0, 'flood': 0, 'Bridge': 0, 'River': 0, 'Drain': 2, 'Restoration': 0, 'Protection': 0, 'irr': 0, 'irrigation': 0, 'dam': 0, 'Nallah': 0, 'Retrofitting': 0, 'Pond': 0, 'Pokhari': 0, 'D/C': 0, 'Recharge shaft': 0, 'LFB': 0, 'RFB': 0}","{'Floodlight': 0, 'Flood Light': 0, 'GAS': 0, 'FIFA': 0, 'pipe': 0, 'pipes': 0, 'covid': 0, 'supply': 0, 'Beautification': 0, 'Installation': 0}",Pre-Monsoon,,False,True,Repair and Restoration,"{'Construction': 2, 'Drain': 2}"
2026_ORULB_128122_14,03/SMC_SBP/2026-27,"Construction of road and drain at Gouranath Land to Basundhara hospital,WARD NO-24.","Construction of road and drain at Gouranath Land to Basundhara hospital,WARD NO-24.",Works,Open Tender,Percentage,Civil Works - Others,No,No,NA ,18-Apr-2026 11:00 AM,NA ,120.0,No ,No,Online,28-Apr-2026 11:00 AM,Municipal Bodies||Sambalpur Municipal Corporation,SAMBALPUR MUNICIPAL CORPORATION,768004.0,1.0,"16,91,303",ABHINAS NANDA,"1,691,303.35",Rejected-Technical,25-Jun-2026,Municipal Bodies||Sambalpur Municipal Corporation,True,"{'Flood': 0, 'Embankment': 0, 'embkt': 0, 'Relief': 0, 'Erosion': 0, 'SDRF': 0, 'Inundation': 0, 'Hydrology': 0, 'Silt': 0, 'Siltation': 0, 'Bund': 0, 'Trench': 0, 'Breach': 0, 'Culvert': 0, 'Sluice': 0, 'Dyke': 0, 'Storm water drain': 0, 'Emergency': 0, 'Immediate': 0, 'IM': 0, 'AE': 0, 'A E': 0, 'AAPDA MITRA': 0, 'flood': 0, 'Bridge': 0, 'River': 0, 'Drain': 2, 'Restoration': 0, 'Protection': 0, 'irr': 0, 'irrigation': 0, 'dam': 0, 'Nallah': 0, 'Retrofitting': 0, 'Pond': 0, 'Pokhari': 0, 'D/C': 0, 'Recharge shaft': 0, 'LFB': 0, 'RFB': 0}","{'Floodlight': 0, 'Flood Light': 0, 'GAS': 0, 'FIFA': 0, 'pipe': 0, 'pipes': 0, 'covid': 0, 'supply': 0, 'Beautification': 0, 'Installation': 0}",Pre-Monsoon,,False,True,Repair and Restoration,"{'Construction': 2, 'Drain': 2}"
2026_ORULB_126636_27,BMC-EE-Tender Cell-73/2025-26 Dt. 25.02.2026,"Construction of internal road and drain at Sridev Housing Complex, Patrapada in Ward No. 65","Construction of internal road and drain at Sridev Housing Complex, Patrapada in Ward No. 65",Works,Open Tender,Percentage,Civil Works - Others,No,No,NA ,28-Feb-2026 10:30 AM,05-Mar-2026 04:00 PM ,120.0,No ,No,Online,12-Mar-2026 11:00 AM,Municipal Bodies||Bhubaneswar Municipal Corporation,BMC AREA,751022.0,1.0,"25,25,358",PRAMODINI BASTIA,"3,093,159",Accepted-AOC,04-Jun-2026,Municipal Bodies||Bhubaneswar Municipal Corporation,True,"{'Flood': 0, 'Embankment': 0, 'embkt': 0, 'Relief': 0, 'Erosion': 0, 'SDRF': 0, 'Inundation': 0, 'Hydrology': 0, 'Silt': 0, 'Siltation': 0, 'Bund': 0, 'Trench': 0, 'Breach': 0, 'Culvert': 0, 'Sluice': 0, 'Dyke': 0, 'Storm water drain': 0, 'Emergency': 0, 'Immediate': 0, 'IM': 0, 'AE': 0, 'A E': 0, 'AAPDA MITRA': 0, 'flood': 0, 'Bridge': 0, 'River': 0, 'Drain': 2, 'Restoration': 0, 'Protection': 0, 'irr': 0, 'irrigation': 0, 'dam': 0, 'Nallah': 0, 'Retrofitting': 0, 'Pond': 0, 'Pokhari': 0, 'D/C': 0, 'Recharge shaft': 0, 'LFB': 0, 'RFB': 0}","{'Floodlight': 0, 'Flood Light': 0, 'GAS': 0, 'FIFA': 0, 'pipe': 0, 'pipes': 0, 'covid': 0, 'supply': 0, 'Beautification': 0, 'Installation': 0}",Post-Monsoon,,False,True,Repair and Restoration,"{'Construction': 2, 'Drain': 2}"
2026_RMC_127686_1,MC/RMC/17./2026,"Improvement of Drain from B 1 to B 24 at Koel nagar, B Block, Ward No. 35 under RMC Rourkela",Works,Works,Open Tender,Percentage,Civil Works - Others,No,No,NA ,30-Mar-2026 06:00 PM,NA ,90.0,No ,No,Online,15-Apr-2026 11:00 AM,Rourkela Municipal Corporation,Rourkela,769012.0,1.0,"17,93,000",MITRA SEKHAR PARIDA,"1,792,847.1",Rejected-Technical,08-Jun-2026,Rourkela Municipal Corporation,True,"{'Flood': 0, 'Embankment': 0, 'embkt': 0, 'Relief': 0, 'Erosion': 0, 'SDRF': 0, 'Inundation': 0, 'Hydrology': 0, 'Silt': 0, 'Siltation': 0, 'Bund': 0, 'Trench': 0, 'Breach': 0, 'Culvert': 0, 'Sluice': 0, 'Dyke': 0, 'Storm water drain': 0, 'Emergency': 0, 'Immediate': 0, 'IM': 0, 'AE': 0, 'A E': 0, 'AAPDA MITRA': 0, 'flood': 0, 'Bridge': 0, 'River': 0, 'Drain': 1, 'Restoration': 0, 'Protection': 0, 'irr': 0, 'irrigation': 0, 'dam': 0, 'Nallah': 0, 'Retrofitting': 0, 'Pond': 0, 'Pokhari': 0, 'D/C': 0, 'Recharge shaft': 0, 'LFB': 0, 'RFB': 0}","{'Floodlight': 0, 'Flood Light': 0, 'GAS': 0, 'FIFA': 0, 'pipe': 0, 'pipes': 0, 'covid': 0, 'supply': 0, 'Beautification': 0, 'Installation': 0}",Pre-Monsoon,,False,True,Repair and Restoration,"{'improvement': 1, 'Drain': 1}"
2026_ORULB_124457_26,BPDM-1 OF 2026/2027,Rejuvenation of Tulshichaura Pond at Ward No.27 of Baripada Municipaliaty,Rejuvenation of Tulshichaura Pond at Ward No.27 of Baripada Municipaliaty,Works,Open Tender,Percentage,Civil Works - Others,No,No,NA ,13-Jan-2026 01:00 PM,NA ,90.0,No ,No,Online,29-Jan-2026 11:30 AM,Municipal Bodies||Baripada Municipality,Baripada Municipality,757001.0,1.0,"20,19,401",MD. ISLAM,"2,380,511",Rejected-Finance,12-Jun-2026,Municipal Bodies||Baripada Municipality,True,"{'Flood': 0, 'Embankment': 0, 'embkt': 0, 'Relief': 0, 'Erosion': 0, 'SDRF': 0, 'Inundation': 0, 'Hydrology': 0, 'Silt': 0, 'Siltation': 0, 'Bund': 0, 'Trench': 0, 'Breach': 0, 'Culvert': 0, 'Sluice': 0, 'Dyke': 0, 'Storm water drain': 0, 'Emergency': 0, 'Immediate': 0, 'IM': 0, 'AE': 0, 'A E': 0, 'AAPDA MITRA': 0, 'flood': 0, 'Bridge': 0, 'River': 0, 'Drain': 0, 'Restoration': 0, 'Protection': 0, 'irr': 0, 'irrigation': 0, 'dam': 0, 'Nallah': 0, 'Retrofitting': 0, 'Pond': 2, 'Pokhari': 0, 'D/C': 0, 'Recharge shaft': 0, 'LFB': 0, 'RFB': 0}","{'Floodlight': 0, 'Flood Light': 0, 'GAS': 0, 'FIFA': 0, 'pipe': 0, 'pipes': 0, 'covid': 0, 'supply': 0, 'Beautification': 0, 'Installation': 0}",Post-Monsoon,,False,False,Others,
2026_ORULB_128125_3,EO/BPHM/01/26-27,Construction of Paver block and Bathing Step and Pond Cleaning near Padhan Kata pond Chualiberana ward no-12,Construction of Paver block and Bathing Step and Pond Cleaning near Padhan Kata pond Chualiberana ward no-12,Works,Open Tender,Percentage,Civil Works - Others,No,No,NA ,17-Apr-2026 10:00 AM,NA ,90.0,No ,No,Online,02-May-2026 11:00 AM,Municipal Bodies||Belpahar Municipal Council,Belpahar Municipality,768218.0,1.0,"15,00,000",TAUSIF ALAM,"1,500,000",Rejected-AOC,03-Jun-2026,Municipal Bodies||Belpahar Municipal Council,True,"{'Flood': 0, 'Embankment': 0, 'embkt': 0, 'Relief': 0, 'Erosion': 0, 'SDRF': 0, 'Inundation': 0, 'Hydrology': 0, 'Silt': 0, 'Siltation': 0, 'Bund': 0, 'Trench': 0, 'Breach': 0, 'Culvert': 0, 'Sluice': 0, 'Dyke': 0, 'Storm water drain': 0, 'Emergency': 0, 'Immediate': 0, 'IM': 0, 'AE': 0, 'A E': 0, 'AAPDA MITRA': 0, 'flood': 0, 'Bridge': 0, 'River': 0, 'Drain': 0, 'Restoration': 0, 'Protection': 0, 'irr': 0, 'irrigation': 0, 'dam': 0, 'Nallah': 0, 'Retrofitting': 0, 'Pond': 4, 'Pokhari': 0, 'D/C': 0, 'Recharge shaft': 0, 'LFB': 0, 'RFB': 0}","{'Floodlight': 0, 'Flood Light': 0, 'GAS': 0, 'FIFA': 0, 'pipe': 0, 'pipes': 0, 'covid': 0, 'supply': 0, 'Beautification': 0, 'Installation': 0}",Pre-Monsoon,,False,False,Repair and Restoration,{'Construction': 2}
2026_ORULB_126678_17,37/SMC_SBP/2025-26,Construction of Road and Drain from Sripati Res to Danardan Badapanda Res at Sadeipali in WNo.05,Construction of Road and Drain from Sripati Res to Danardan Badapanda Res at Sadeipali in WNo.05,Works,Open Tender,Percentage,Civil Works - Others,No,No,NA ,06-Mar-2026 11:00 AM,NA ,120.0,No ,No,Online,17-Mar-2026 11:00 AM,Municipal Bodies||Sambalpur Municipal Corporation,Sambalpur Municipal Corporation,768006.0,1.0,"12,69,428","M/s. SURVEILLANCE SYSTEM, PROPRIETOR- ESHA JHAJHARIA","1,269,421",Rejected-Technical,06-Jun-2026,Municipal Bodies||Sambalpur Municipal Corporation,True,"{'Flood': 0, 'Embankment': 0, 'embkt': 0, 'Relief': 0, 'Erosion': 0, 'SDRF': 0, 'Inundation': 0, 'Hydrology': 0, 'Silt': 0, 'Siltation': 0, 'Bund': 0, 'Trench': 0, 'Breach': 0, 'Culvert': 0, 'Sluice': 0, 'Dyke': 0, 'Storm water drain': 0, 'Emergency': 0, 'Immediate': 0, 'IM': 0, 'AE': 0, 'A E': 0, 'AAPDA MITRA': 0, 'flood': 0, 'Bridge': 0, 'River': 0, 'Drain': 2, 'Restoration': 0, 'Protection': 0, 'irr': 0, 'irrigation': 0, 'dam': 0, 'Nallah': 0, 'Retrofitting': 0, 'Pond': 0, 'Pokhari': 0, 'D/C': 0, 'Recharge shaft': 0, 'LFB': 0, 'RFB': 0}","{'Floodlight': 0, 'Flood Light': 0, 'GAS': 0, 'FIFA': 0, 'pipe': 0, 'pipes': 0, 'covid': 0, 'supply': 0, 'Beautification': 0, 'Installation': 0}",Pre-Monsoon,,False,True,Repair and Restoration,"{'Construction': 2, 'Drain': 2}"
2026_ORULB_127834_1,1/SMC_SBP/2026-27,"Development and Maintenance of Potholes-free roads and Covering of slab in open drain in near Bhimobhoi daily market, Near Gramadevi mandir, Near Sai mandir, Back side of army recruitment office, old Santinagar and Malipara in Ward No.19","Development and Maintenance of Potholes-free roads and Covering of slab in open drain in near Bhimobhoi daily market, Near Gramadevi mandir, Near Sai mandir, Back side of army recruitment office, old Santinagar and Malipara in Ward No.19",Works,Open Tender,Percentage,Civil Works - Others,No,No,NA ,09-Apr-2026 11:00 AM,NA ,90.0,No ,No,Online,20-Apr-2026 11:00 AM,Municipal Bodies||Sambalpur Municipal Corporation,SAMBALPUR MUNICIPAL CORPORATION,768006.0,1.0,"34,56,457",MOHAMMED ALI HUSSAIN,"3,456,456.81",Rejected-Technical,24-Jun-2026,Municipal Bodies||Sambalpur Municipal Corporation,True,"{'Flood': 0, 'Embankment': 0, 'embkt': 0, 'Relief': 0, 'Erosion': 0, 'SDRF': 0, 'Inundation': 0, 'Hydrology': 0, 'Silt': 0, 'Siltation': 0, 'Bund': 0, 'Trench': 0, 'Breach': 0, 'Culvert': 0, 'Sluice': 0, 'Dyke': 0, 'Storm water drain': 0, 'Emergency': 0, 'Immediate': 0, 'IM': 0, 'AE': 0, 'A E': 0, 'AAPDA MITRA': 0, 'flood': 0, 'Bridge': 0, 'River': 0, 'Drain': 2, 'Restoration': 0, 'Protection': 0, 'irr': 0, 'irrigation': 0, 'dam': 0, 'Nallah': 0, 'Retrofitting': 0, 'Pond': 0, 'Pokhari': 0, 'D/C': 0, 'Recharge shaft': 0, 'LFB': 0, 'RFB': 0}","{'Floodlight': 0, 'Flood Light': 0, 'GAS': 0, 'FIFA': 0, 'pipe': 0, 'pipes': 0, 'covid': 0, 'supply': 0, 'Beautification': 0, 'Installation': 0}",Pre-Monsoon,,False,True,Repair and Restoration,{'Drain': 2}
2026_ORULB_124590_20,BBLM-6/2025-26,"Laying of cover slab over drain of Ward No.1,2,4,5 and 7, Barbil","Laying of cover slab over drain of Ward No.1,2,4,5 and 7, Barbil",Works,Open Tender,Percentage,Civil Works - Others,No,No,NA ,20-Jan-2026 10:00 AM,NA ,90.0,No ,No,Online,04-Feb-2026 11:00 AM,Municipal Bodies||Barbil Municipality,Barbil,758035.0,2.0,"19,50,000",SUBASH CHANDRA PARIDA,"2,045,527",Accepted-AOC,25-Jun-2026,Municipal Bodies||Barbil Municipality,True,"{'Flood': 0, 'Embankment': 0, 'embkt': 0, 'Relief': 0, 'Erosion': 0, 'SDRF': 0, 'Inundation': 0, 'Hydrology': 0, 'Silt': 0, 'Siltation': 0, 'Bund': 0, 'Trench': 0, 'Breach': 0, 'Culvert': 0, 'Sluice': 0, 'Dyke': 0, 'Storm water drain': 0, 'Emergency': 0, 'Immediate': 0, 'IM': 0, 'AE': 0, 'A E': 0, 'AAPDA MITRA': 0, 'flood': 0, 'Bridge': 0, 'River': 0, 'Drain': 2, 'Restoration': 0, 'Protection': 0, 'irr': 0, 'irrigation': 0, 'dam': 0, 'Nallah': 0, 'Retrofitting': 0, 'Pond': 0, 'Pokhari': 0, 'D/C': 0, 'Recharge shaft': 0, 'LFB': 0, 'RFB': 0}","{'Floodlight': 0, 'Flood Light': 0, 'GAS': 0, 'FIFA': 0, 'pipe': 0, 'pipes': 0, 'covid': 0, 'supply': 0, 'Beautification': 0, 'Installation': 0}",Post-Monsoon,,False,True,Repair and Restoration,{'Drain': 2}
2026_ORULB_128122_15,03/SMC_SBP/2026-27,"Construction of road and drain at Dhubagali, Hatpada, W.No-24","Construction of road and drain at Dhubagali, Hatpada, W.No-24",Works,Open Tender,Percentage,Civil Works - Others,No,No,NA ,18-Apr-2026 11:00 AM,NA ,120.0,No ,No,Online,28-Apr-2026 11:00 AM,Municipal Bodies||Sambalpur Municipal Corporation,SAMBALPUR MUNICIPAL CORPORATION,768004.0,1.0,"16,91,190",RENU PANSARI,"1,691,190.59",Rejected-Technical,17-Jun-2026,Municipal Bodies||Sambalpur Municipal Corporation,True,"{'Flood': 0, 'Embankment': 0, 'embkt': 0, 'Relief': 0, 'Erosion': 0, 'SDRF': 0, 'Inundation': 0, 'Hydrology': 0, 'Silt': 0, 'Siltation': 0, 'Bund': 0, 'Trench': 0, 'Breach': 0, 'Culvert': 0, 'Sluice': 0, 'Dyke': 0, 'Storm water drain': 0, 'Emergency': 0, 'Immediate': 0, 'IM': 0, 'AE': 0, 'A E': 0, 'AAPDA MITRA': 0, 'flood': 0, 'Bridge': 0, 'River': 0, 'Drain': 2, 'Restoration': 0, 'Protection': 0, 'irr': 0, 'irrigation': 0, 'dam': 0, 'Nallah': 0, 'Retrofitting': 0, 'Pond': 0, 'Pokhari': 0, 'D/C': 0, 'Recharge shaft': 0, 'LFB': 0, 'RFB': 0}","{'Floodlight': 0, 'Flood Light': 0, 'GAS': 0, 'FIFA': 0, 'pipe': 0, 'pipes': 0, 'covid': 0, 'supply': 0, 'Beautification': 0, 'Installation': 0}",Pre-Monsoon,,False,True,Repair and Restoration,"{'Construction': 2, 'Drain': 2}"
2026_ORULB_128122_17,03/SMC_SBP/2026-27,"Construction of paver road drain with culvert at Lane-4 Ambira nagar ward no-28, under SMC, Sambalpur","Construction of paver road drain with culvert at Lane-4 Ambira nagar ward no-28, under SMC, Sambalpur",Works,Open Tender,Percentage,Civil Works - Others,No,No,NA ,18-Apr-2026 11:00 AM,NA ,120.0,No ,No,Online,28-Apr-2026 11:00 AM,Municipal Bodies||Sambalpur Municipal Corporation,SAMBALPUR MUNICIPAL CORPORATION,768004.0,1.0,"12,69,675",BHUMIJA CONSTRUCTION,"1,269,675.44",Rejected-Technical,30-Jun-2026,Municipal Bodies||Sambalpur Municipal Corporation,True,"{'Flood': 0, 'Embankment': 0, 'embkt': 0, 'Relief': 0, 'Erosion': 0, 'SDRF': 0, 'Inundation': 0, 'Hydrology': 0, 'Silt': 0, 'Siltation': 0, 'Bund': 0, 'Trench': 0, 'Breach': 0, 'Culvert': 2, 'Sluice': 0, 'Dyke': 0, 'Storm water drain': 0, 'Emergency': 0, 'Immediate': 0, 'IM': 0, 'AE': 0, 'A E': 0, 'AAPDA MITRA': 0, 'flood': 0, 'Bridge': 0, 'River': 0, 'Drain': 2, 'Restoration': 0, 'Protection': 0, 'irr': 0, 'irrigation': 0, 'dam': 0, 'Nallah': 0, 'Retrofitting': 0, 'Pond': 0, 'Pokhari': 0, 'D/C': 0, 'Recharge shaft': 0, 'LFB': 0, 'RFB': 0}","{'Floodlight': 0, 'Flood Light': 0, 'GAS': 0, 'FIFA': 0, 'pipe': 0, 'pipes': 0, 'covid': 0, 'supply': 0, 'Beautification': 0, 'Installation': 0}",Pre-Monsoon,,False,True,Repair and Restoration,"{'Construction': 2, 'Drain': 2}"
2026_ORULB_126857_28,06/BGH- MUN/2025-26,Const of Cc road and drain from pintu house to dash kirana store W.No.-16,Const of Cc road and drain from pintu house to dash kirana store W.No.-16,Works,Open Tender,Percentage,Civil Works - Others,No,No,NA ,06-Mar-2026 04:00 PM,NA ,90.0,No ,No,Online,17-Mar-2026 11:00 AM,Municipal Bodies||Bargarh Municipal Council,Bargarh,768028.0,1.0,"19,00,016",RANJAN SETH,"1,288,094.333",Accepted-AOC,08-Jun-2026,Municipal Bodies||Bargarh Municipal Council,True,"{'Flood': 0, 'Embankment': 0, 'embkt': 0, 'Relief': 0, 'Erosion': 0, 'SDRF': 0, 'Inundation': 0, 'Hydrology': 0, 'Silt': 0, 'Siltation': 0, 'Bund': 0, 'Trench': 0, 'Breach': 0, 'Culvert': 0, 'Sluice': 0, 'Dyke': 0, 'Storm water drain': 0, 'Emergency': 0, 'Immediate': 0, 'IM': 0, 'AE': 0, 'A E': 0, 'AAPDA MITRA': 0, 'flood': 0, 'Bridge': 0, 'River': 0, 'Drain': 2, 'Restoration': 0, 'Protection': 0, 'irr': 0, 'irrigation': 0, 'dam': 0, 'Nallah': 0, 'Retrofitting': 0, 'Pond': 0, 'Pokhari': 0, 'D/C': 0, 'Recharge shaft': 0, 'LFB': 0, 'RFB': 0}","{'Floodlight': 0, 'Flood Light': 0, 'GAS': 0, 'FIFA': 0, 'pipe': 0, 'pipes': 0, 'covid': 0, 'supply': 0, 'Beautification': 0, 'Installation': 0}",Pre-Monsoon,,False,True,Repair and Restoration,{'Drain': 2}
2026_EICCL_127777_1,Bid Id No. SE- 85/2025-26,Construction of RCC drain with Cover Slab on Chipat Junction to Baripada Baghra Road from 2/260 km to 2/380 km (RHS) for the year 2025-26,Construction of RCC drain with Cover Slab on Chipat Junction to Baripada Baghra Road from 2/260 km to 2/380 km (RHS) for the year 2025-26,Works,Open Tender,Percentage,Civil Works - Roads,No,No,NA ,02-Apr-2026 01:00 PM,NA ,90.0,No ,No,Online,15-Apr-2026 11:00 AM,EIC-CIVIL||SERNB-CIRCLE-EASTERN||EERNB-DIVN-BARIPADA,Baripada,757001.0,1.0,,PRADIPTA GANTAYAT,"1,276,871",Rejected-Finance,04-Jun-2026,EIC-CIVIL||SERNB-CIRCLE-EASTERN||EERNB-DIVN-BARIPADA,True,"{'Flood': 0, 'Embankment': 0, 'embkt': 0, 'Relief': 0, 'Erosion': 0, 'SDRF': 0, 'Inundation': 0, 'Hydrology': 0, 'Silt': 0, 'Siltation': 0, 'Bund': 0, 'Trench': 0, 'Breach': 0, 'Culvert': 0, 'Sluice': 0, 'Dyke': 0, 'Storm water drain': 0, 'Emergency': 0, 'Immediate': 0, 'IM': 0, 'AE': 0, 'A E': 0, 'AAPDA MITRA': 0, 'flood': 0, 'Bridge': 0, 'River': 0, 'Drain': 2, 'Restoration': 0, 'Protection': 0, 'irr': 0, 'irrigation': 0, 'dam': 0, 'Nallah': 0, 'Retrofitting': 0, 'Pond': 0, 'Pokhari': 0, 'D/C': 0, 'Recharge shaft': 0, 'LFB': 0, 'RFB': 0}","{'Floodlight': 0, 'Flood Light': 0, 'GAS': 0, 'FIFA': 0, 'pipe': 0, 'pipes': 0, 'covid': 0, 'supply': 0, 'Beautification': 0, 'Installation': 0}",Pre-Monsoon,,False,True,Repair and Restoration,"{'Construction': 2, 'Drain': 2}"
2026_RMC_127686_2,MC/RMC/17./2026,Improvement of road and drain in D Cabin B.R Ambedkar lane in Ward No. 39 under RMC Rourkela,Works,Works,Open Tender,Percentage,Civil Works - Others,No,No,NA ,30-Mar-2026 06:00 PM,NA ,90.0,No ,No,Online,15-Apr-2026 11:00 AM,Rourkela Municipal Corporation,Rourkela,769012.0,1.0,"13,92,000",ANUPA MALLICK,"1,391,639.64",Rejected-Technical,08-Jun-2026,Rourkela Municipal Corporation,True,"{'Flood': 0, 'Embankment': 0, 'embkt': 0, 'Relief': 0, 'Erosion': 0, 'SDRF': 0, 'Inundation': 0, 'Hydrology': 0, 'Silt': 0, 'Siltation': 0, 'Bund': 0, 'Trench': 0, 'Breach': 0, 'Culvert': 0, 'Sluice': 0, 'Dyke': 0, 'Storm water drain': 0, 'Emergency': 0, 'Immediate': 0, 'IM': 0, 'AE': 0, 'A E': 0, 'AAPDA MITRA': 0, 'flood': 0, 'Bridge': 0, 'River': 0, 'Drain': 1, 'Restoration': 0, 'Protection': 0, 'irr': 0, 'irrigation': 0, 'dam': 0, 'Nallah': 0, 'Retrofitting': 0, 'Pond': 0, 'Pokhari': 0, 'D/C': 0, 'Recharge shaft': 0, 'LFB': 0, 'RFB': 0}","{'Floodlight': 0, 'Flood Light': 0, 'GAS': 0, 'FIFA': 0, 'pipe': 0, 'pipes': 0, 'covid': 0, 'supply': 0, 'Beautification': 0, 'Installation': 0}",Pre-Monsoon,,False,True,Repair and Restoration,"{'improvement': 1, 'Drain': 1}"
2026_ORULB_127521_4,45/SMC_SBP/2025-26,Construction of Road and drain from Binakhandi UP School to Mausi Maa Mandir Ward No-32,Construction of Road and drain from Binakhandi UP School to Mausi Maa Mandir Ward No-32,Works,Open Tender,Percentage,Civil Works - Others,No,No,NA ,25-Mar-2026 11:00 AM,NA ,120.0,No ,No,Online,05-Apr-2026 11:00 AM,Municipal Bodies||Sambalpur Municipal Corporation,SAMBALPUR MUNICIPAL CORPORATION,768006.0,1.0,"25,40,436",SAILESH KUMAR MISHRA,"2,540,436.44",Rejected-Technical,11-Jun-2026,Municipal Bodies||Sambalpur Municipal Corporation,True,"{'Flood': 0, 'Embankment': 0, 'embkt': 0, 'Relief': 0, 'Erosion': 0, 'SDRF': 0, 'Inundation': 0, 'Hydrology': 0, 'Silt': 0, 'Siltation': 0, 'Bund': 0, 'Trench': 0, 'Breach': 0, 'Culvert': 0, 'Sluice': 0, 'Dyke': 0, 'Storm water drain': 0, 'Emergency': 0, 'Immediate': 0, 'IM': 0, 'AE': 0, 'A E': 0, 'AAPDA MITRA': 0, 'flood': 0, 'Bridge': 0, 'River': 0, 'Drain': 2, 'Restoration': 0, 'Protection': 0, 'irr': 0, 'irrigation': 0, 'dam': 0, 'Nallah': 0, 'Retrofitting': 0, 'Pond': 0, 'Pokhari': 0, 'D/C': 0, 'Recharge shaft': 0, 'LFB': 0, 'RFB': 0}","{'Floodlight': 0, 'Flood Light': 0, 'GAS': 0, 'FIFA': 0, 'pipe': 0, 'pipes': 0, 'covid': 0, 'supply': 0, 'Beautification': 0, 'Installation': 0}",Pre-Monsoon,,False,True,Repair and Restoration,"{'Construction': 2, 'Drain': 2}"
2026_ORULB_127834_3,1/SMC_SBP/2026-27,"Development and Maintenance of Potholes-free roads and Covering of slab in open drain in Sambhupara, Shankar gali, Ring lane, Mahadev lane, Omkar lane, Krishna lane and Sriram lane in Ward No.19","Development and Maintenance of Potholes-free roads and Covering of slab in open drain in Sambhupara, Shankar gali, Ring lane, Mahadev lane, Omkar lane, Krishna lane and Sriram lane in Ward No.19",Works,Open Tender,Percentage,Civil Works - Others,No,No,NA ,09-Apr-2026 11:00 AM,NA ,90.0,No ,No,Online,20-Apr-2026 11:00 AM,Municipal Bodies||Sambalpur Municipal Corporation,SAMBALPUR MUNICIPAL CORPORATION,768006.0,1.0,"32,05,004",SHYAMA CONSTRUCTIONS,"3,205,016.7",Rejected-Technical,24-Jun-2026,Municipal Bodies||Sambalpur Municipal Corporation,True,"{'Flood': 0, 'Embankment': 0, 'embkt': 0, 'Relief': 0, 'Erosion': 0, 'SDRF': 0, 'Inundation': 0, 'Hydrology': 0, 'Silt': 0, 'Siltation': 0, 'Bund': 0, 'Trench': 0, 'Breach': 0, 'Culvert': 0, 'Sluice': 0, 'Dyke': 0, 'Storm water drain': 0, 'Emergency': 0, 'Immediate': 0, 'IM': 0, 'AE': 0, 'A E': 0, 'AAPDA MITRA': 0, 'flood': 0, 'Bridge': 0, 'River': 0, 'Drain': 2, 'Restoration': 0, 'Protection': 0, 'irr': 0, 'irrigation': 0, 'dam': 0, 'Nallah': 0, 'Retrofitting': 0, 'Pond': 0, 'Pokhari': 0, 'D/C': 0, 'Recharge shaft': 0, 'LFB': 0, 'RFB': 0}","{'Floodlight': 0, 'Flood Light': 0, 'GAS': 0, 'FIFA': 0, 'pipe': 0, 'pipes': 0, 'covid': 0, 'supply': 0, 'Beautification': 0, 'Installation': 0}",Pre-Monsoon,,False,True,Repair and Restoration,{'Drain': 2}
2026_ORULB_128125_1,EO/BPHM/01/26-27,Construction of Paver Block Road with Rcc Drain From Transformer to Baba Matha in ward -03,Construction of Paver Block Road with Rcc Drain From Transformer to Baba Matha in ward -03,Works,Open Tender,Percentage,Civil Works - Roads,No,No,NA ,17-Apr-2026 10:00 AM,NA ,90.0,No ,No,Online,02-May-2026 11:00 AM,Municipal Bodies||Belpahar Municipal Council,Belpahar Municipality,768218.0,1.0,"18,00,000",Chandan Kumar Bhol,"1,800,000",Accepted-AOC,03-Jun-2026,Municipal Bodies||Belpahar Municipal Council,True,"{'Flood': 0, 'Embankment': 0, 'embkt': 0, 'Relief': 0, 'Erosion': 0, 'SDRF': 0, 'Inundation': 0, 'Hydrology': 0, 'Silt': 0, 'Siltation': 0, 'Bund': 0, 'Trench': 0, 'Breach': 0, 'Culvert': 0, 'Sluice': 0, 'Dyke': 0, 'Storm water drain': 0, 'Emergency': 0, 'Immediate': 0, 'IM': 0, 'AE': 0, 'A E': 0, 'AAPDA MITRA': 0, 'flood': 0, 'Bridge': 0, 'River': 0, 'Drain': 2, 'Restoration': 0, 'Protection': 0, 'irr': 0, 'irrigation': 0, 'dam': 0, 'Nallah': 0, 'Retrofitting': 0, 'Pond': 0, 'Pokhari': 0, 'D/C': 0, 'Recharge shaft': 0, 'LFB': 0, 'RFB': 0}","{'Floodlight': 0, 'Flood Light': 0, 'GAS': 0, 'FIFA': 0, 'pipe': 0, 'pipes': 0, 'covid': 0, 'supply': 0, 'Beautification': 0, 'Installation': 0}",Pre-Monsoon,,False,True,Repair and Restoration,"{'Construction': 2, 'Drain': 2}"
2026_ORULB_127700_4,MC(CMC)CTC_Div-I_No.27/2025-26,Desilting of drain from Deula Sahi Chhaka to Revenew Pond MSWC-I in Ward No. 09,Desilting of drain from Deula Sahi Chhaka to Revenew Pond MSWC-I in Ward No. 09,Works,Open Tender,Percentage,Civil Works - Others,No,No,NA ,31-Mar-2026 03:00 PM,NA ,90.0,No ,No,Online,10-Apr-2026 11:00 AM,Municipal Bodies||Cuttack Municipal Corporation,CMC,753012.0,1.0,"4,02,800",DILIP KUMAR NANDA,"402,733",Rejected-AOC,24-Jun-2026,Municipal Bodies||Cuttack Municipal Corporation,True,"{'Flood': 0, 'Embankment': 0, 'embkt': 0, 'Relief': 0, 'Erosion': 0, 'SDRF': 0, 'Inundation': 0, 'Hydrology': 0, 'Silt': 0, 'Siltation': 0, 'Bund': 0, 'Trench': 0, 'Breach': 0, 'Culvert': 0, 'Sluice': 0, 'Dyke': 0, 'Storm water drain': 0, 'Emergency': 0, 'Immediate': 0, 'IM': 0, 'AE': 0, 'A E': 0, 'AAPDA MITRA': 0, 'flood': 0, 'Bridge': 0, 'River': 0, 'Drain': 2, 'Restoration': 0, 'Protection': 0, 'irr': 0, 'irrigation': 0, 'dam': 0, 'Nallah': 0, 'Retrofitting': 0, 'Pond': 2, 'Pokhari': 0, 'D/C': 0, 'Recharge shaft': 0, 'LFB': 0, 'RFB': 0}","{'Floodlight': 0, 'Flood Light': 0, 'GAS': 0, 'FIFA': 0, 'pipe': 0, 'pipes': 0, 'covid': 0, 'supply': 0, 'Beautification': 0, 'Installation': 0}",Pre-Monsoon,,False,True,Repair and Restoration,{'Drain': 2}
2026_ORULB_127834_2,1/SMC_SBP/2026-27,Development and Maintenance of Potholes-free roads and Covering of slab in open drain in Gopalmal to Balasagar bandh and near panda chamber gali Ward No.19,Development and Maintenance of Potholes-free roads and Covering of slab in open drain in Gopalmal to Balasagar bandh and near panda chamber gali Ward No.19,Works,Open Tender,Percentage,Civil Works - Others,No,No,NA ,09-Apr-2026 11:00 AM,NA ,90.0,No ,No,Online,20-Apr-2026 11:00 AM,Municipal Bodies||Sambalpur Municipal Corporation,SAMBALPUR MUNICIPAL CORPORATION,768006.0,1.0,"31,57,015",MOHAMMED ALI HUSSAIN,"3,157,011.57",Accepted-AOC,24-Jun-2026,Municipal Bodies||Sambalpur Municipal Corporation,True,"{'Flood': 0, 'Embankment': 0, 'embkt': 0, 'Relief': 0, 'Erosion': 0, 'SDRF': 0, 'Inundation': 0, 'Hydrology': 0, 'Silt': 0, 'Siltation': 0, 'Bund': 0, 'Trench': 0, 'Breach': 0, 'Culvert': 0, 'Sluice': 0, 'Dyke': 0, 'Storm water drain': 0, 'Emergency': 0, 'Immediate': 0, 'IM': 0, 'AE': 0, 'A E': 0, 'AAPDA MITRA': 0, 'flood': 0, 'Bridge': 0, 'River': 0, 'Drain': 2, 'Restoration': 0, 'Protection': 0, 'irr': 0, 'irrigation': 0, 'dam': 0, 'Nallah': 0, 'Retrofitting': 0, 'Pond': 0, 'Pokhari': 0, 'D/C': 0, 'Recharge shaft': 0, 'LFB': 0, 'RFB': 0}","{'Floodlight': 0, 'Flood Light': 0, 'GAS': 0, 'FIFA': 0, 'pipe': 0, 'pipes': 0, 'covid': 0, 'supply': 0, 'Beautification': 0, 'Installation': 0}",Pre-Monsoon,,False,True,Repair and Restoration,{'Drain': 2}
2026_ORULB_125204_19,BSP_2026-27_03,Construction of RCC drain with paver work infront of Basudevpur Municipality Office of W.No-11,Construction of RCC drain with paver work infront of Basudevpur Municipality Office of W.No-11,Works,Open Tender,Percentage,Civil Works - Others,No,No,NA ,01-Feb-2026 10:00 AM,NA ,90.0,No ,No,Online,11-Feb-2026 11:00 AM,Municipal Bodies||Basudevpur Municipality,Basudevpur Municipality,756125.0,1.0,"11,91,620",Bijay Kumar Nayak,"1,026,462",Accepted-AOC,11-Jun-2026,Municipal Bodies||Basudevpur Municipality,True,"{'Flood': 0, 'Embankment': 0, 'embkt': 0, 'Relief': 0, 'Erosion': 0, 'SDRF': 0, 'Inundation': 0, 'Hydrology': 0, 'Silt': 0, 'Siltation': 0, 'Bund': 0, 'Trench': 0, 'Breach': 0, 'Culvert': 0, 'Sluice': 0, 'Dyke': 0, 'Storm water drain': 0, 'Emergency': 0, 'Immediate': 0, 'IM': 0, 'AE': 0, 'A E': 0, 'AAPDA MITRA': 0, 'flood': 0, 'Bridge': 0, 'River': 0, 'Drain': 2, 'Restoration': 0, 'Protection': 0, 'irr': 0, 'irrigation': 0, 'dam': 0, 'Nallah': 0, 'Retrofitting': 0, 'Pond': 0, 'Pokhari': 0, 'D/C': 0, 'Recharge shaft': 0, 'LFB': 0, 'RFB': 0}","{'Floodlight': 0, 'Flood Light': 0, 'GAS': 0, 'FIFA': 0, 'pipe': 0, 'pipes': 0, 'covid': 0, 'supply': 0, 'Beautification': 0, 'Installation': 0}",Post-Monsoon,,False,True,Repair and Restoration,"{'Construction': 2, 'Drain': 2}"
2026_ORULB_128804_1,08/SMC_SBP/2026-27,"Construction of paver road and drain from kailash shukla house to birendra choubey house at krishna nagar, ward no.14.","Construction of paver road and drain from kailash shukla house to birendra choubey house at krishna nagar, ward no.14.",Works,Open Tender,Percentage,Civil Works - Others,No,No,NA ,08-May-2026 11:00 AM,NA ,120.0,No ,No,Online,19-May-2026 11:00 AM,Municipal Bodies||Sambalpur Municipal Corporation,SAMBALPUR MUNICIPAL CORPORATION,768006.0,1.0,"16,96,094",SWASTIK KHUNTIA,"1,691,156",Rejected-Technical,30-Jun-2026,Municipal Bodies||Sambalpur Municipal Corporation,True,"{'Flood': 0, 'Embankment': 0, 'embkt': 0, 'Relief': 0, 'Erosion': 0, 'SDRF': 0, 'Inundation': 0, 'Hydrology': 0, 'Silt': 0, 'Siltation': 0, 'Bund': 0, 'Trench': 0, 'Breach': 0, 'Culvert': 0, 'Sluice': 0, 'Dyke': 0, 'Storm water drain': 0, 'Emergency': 0, 'Immediate': 0, 'IM': 0, 'AE': 0, 'A E': 0, 'AAPDA MITRA': 0, 'flood': 0, 'Bridge': 0, 'River': 0, 'Drain': 2, 'Restoration': 0, 'Protection': 0, 'irr': 0, 'irrigation': 0, 'dam': 0, 'Nallah': 0, 'Retrofitting': 0, 'Pond': 0, 'Pokhari': 0, 'D/C': 0, 'Recharge shaft': 0, 'LFB': 0, 'RFB': 0}","{'Floodlight': 0, 'Flood Light': 0, 'GAS': 0, 'FIFA': 0, 'pipe': 0, 'pipes': 0, 'covid': 0, 'supply': 0, 'Beautification': 0, 'Installation': 0}",Pre-Monsoon,,False,True,Repair and Restoration,"{'Construction': 2, 'Drain': 2}"
2026_ORULB_126552_18,06/PKDM-2025-26,"Construction of Cover plate over drain and repair of road at Om Shanti Colony-3 area, Ward No.1",Construction of Cover plate over drain and repair of road work,Works,Open Tender,Percentage,Civil Works - Others,No,No,NA ,27-Feb-2026 10:00 AM,NA ,90.0,No ,No,Online,13-Mar-2026 11:00 AM,Municipal Bodies||Parlakhemundi Municipal Council,Paralakhemundi Municipality,761200.0,1.0,"7,51,565",M/S SIMANCHAL LIMA,"744,050",Accepted-AOC,08-Jun-2026,Municipal Bodies||Parlakhemundi Municipal Council,True,"{'Flood': 0, 'Embankment': 0, 'embkt': 0, 'Relief': 0, 'Erosion': 0, 'SDRF': 0, 'Inundation': 0, 'Hydrology': 0, 'Silt': 0, 'Siltation': 0, 'Bund': 0, 'Trench': 0, 'Breach': 0, 'Culvert': 0, 'Sluice': 0, 'Dyke': 0, 'Storm water drain': 0, 'Emergency': 0, 'Immediate': 0, 'IM': 0, 'AE': 0, 'A E': 0, 'AAPDA MITRA': 0, 'flood': 0, 'Bridge': 0, 'River': 0, 'Drain': 2, 'Restoration': 0, 'Protection': 0, 'irr': 0, 'irrigation': 0, 'dam': 0, 'Nallah': 0, 'Retrofitting': 0, 'Pond': 0, 'Pokhari': 0, 'D/C': 0, 'Recharge shaft': 0, 'LFB': 0, 'RFB': 0}","{'Floodlight': 0, 'Flood Light': 0, 'GAS': 0, 'FIFA': 0, 'pipe': 0, 'pipes': 0, 'covid': 0, 'supply': 0, 'Beautification': 0, 'Installation': 0}",Post-Monsoon,,False,True,Repair and Restoration,"{'repair': 2, 'Construction': 2, 'Drain': 2}"
2026_ORULB_127216_1,41/SMC_SBP/2025-26,"Construction of road and drain at Chandi Poddar house to Mukesh Agrawal house, Poddar Colony,Gali no.3, Khetrajpur, ward no.14.","Construction of road and drain at Chandi Poddar house to Mukesh Agrawal house, Poddar Colony,Gali no.3, Khetrajpur, ward no.14.",Works,Open Tender,Percentage,Civil Works - Others,No,No,NA ,14-Mar-2026 11:00 AM,NA ,120.0,No ,No,Online,24-Mar-2026 11:00 AM,Municipal Bodies||Sambalpur Municipal Corporation,SAMBALPUR MUNICIPAL CORPORATION,768006.0,1.0,"17,00,147",GANESH KUMAR AGRAWAL,"1,700,147",Accepted-AOC,06-Jun-2026,Municipal Bodies||Sambalpur Municipal Corporation,True,"{'Flood': 0, 'Embankment': 0, 'embkt': 0, 'Relief': 0, 'Erosion': 0, 'SDRF': 0, 'Inundation': 0, 'Hydrology': 0, 'Silt': 0, 'Siltation': 0, 'Bund': 0, 'Trench': 0, 'Breach': 0, 'Culvert': 0, 'Sluice': 0, 'Dyke': 0, 'Storm water drain': 0, 'Emergency': 0, 'Immediate': 0, 'IM': 0, 'AE': 0, 'A E': 0, 'AAPDA MITRA': 0, 'flood': 0, 'Bridge': 0, 'River': 0, 'Drain': 2, 'Restoration': 0, 'Protection': 0, 'irr': 0, 'irrigation': 0, 'dam': 0, 'Nallah': 0, 'Retrofitting': 0, 'Pond': 0, 'Pokhari': 0, 'D/C': 0, 'Recharge shaft': 0, 'LFB': 0, 'RFB': 0}","{'Floodlight': 0, 'Flood Light': 0, 'GAS': 0, 'FIFA': 0, 'pipe': 0, 'pipes': 0, 'covid': 0, 'supply': 0, 'Beautification': 0, 'Installation': 0}",Pre-Monsoon,,False,True,Repair and Restoration,"{'Construction': 2, 'Drain': 2}"
2026_ORULB_126552_30,06/PKDM-2025-26,"Construction of Cover plate over drain and repair of road at Bhavani Talkies Street, Kampo Street, Ward No.13",Construction of Cover plate over drain and repair of road work,Works,Open Tender,Percentage,Civil Works - Others,No,No,NA ,27-Feb-2026 10:00 AM,NA ,90.0,No ,No,Online,13-Mar-2026 11:00 AM,Municipal Bodies||Parlakhemundi Municipal Council,Paralakhemundi Municipality,761200.0,1.0,"1,52,666",SANOJ KUMAR ADHIKARI,"152,651",Accepted-AOC,08-Jun-2026,Municipal Bodies||Parlakhemundi Municipal Council,True,"{'Flood': 0, 'Embankment': 0, 'embkt': 0, 'Relief': 0, 'Erosion': 0, 'SDRF': 0, 'Inundation': 0, 'Hydrology': 0, 'Silt': 0, 'Siltation': 0, 'Bund': 0, 'Trench': 0, 'Breach': 0, 'Culvert': 0, 'Sluice': 0, 'Dyke': 0, 'Storm water drain': 0, 'Emergency': 0, 'Immediate': 0, 'IM': 0, 'AE': 0, 'A E': 0, 'AAPDA MITRA': 0, 'flood': 0, 'Bridge': 0, 'River': 0, 'Drain': 2, 'Restoration': 0, 'Protection': 0, 'irr': 0, 'irrigation': 0, 'dam': 0, 'Nallah': 0, 'Retrofitting': 0, 'Pond': 0, 'Pokhari': 0, 'D/C': 0, 'Recharge shaft': 0, 'LFB': 0, 'RFB': 0}","{'Floodlight': 0, 'Flood Light': 0, 'GAS': 0, 'FIFA': 0, 'pipe': 0, 'pipes': 0, 'covid': 0, 'supply': 0, 'Beautification': 0, 'Installation': 0}",Post-Monsoon,,False,True,Repair and Restoration,"{'repair': 2, 'Construction': 2, 'Drain': 2}"
2026_ORULB_126552_24,06/PKDM-2025-26,"Construction of Cover plate over drain and repair of road at Keuta St, Rekhana St. to Keuta St., Rekhana St., Sai Mandir road, Gunubari St. Tulasi Nagar, Nagarampali Street area, Kachara St. goli, Kumbhar St., Basant Bihar-1,2, Ward No.7",Construction of Cover plate over drain and repair of road work,Works,Open Tender,Percentage,Civil Works - Others,No,No,NA ,27-Feb-2026 10:00 AM,NA ,90.0,No ,No,Online,13-Mar-2026 11:00 AM,Municipal Bodies||Parlakhemundi Municipal Council,Paralakhemundi Municipality,761200.0,1.0,"2,51,867",CHITTARANJAN DASH,"251,615",Accepted-AOC,08-Jun-2026,Municipal Bodies||Parlakhemundi Municipal Council,True,"{'Flood': 0, 'Embankment': 0, 'embkt': 0, 'Relief': 0, 'Erosion': 0, 'SDRF': 0, 'Inundation': 0, 'Hydrology': 0, 'Silt': 0, 'Siltation': 0, 'Bund': 0, 'Trench': 0, 'Breach': 0, 'Culvert': 0, 'Sluice': 0, 'Dyke': 0, 'Storm water drain': 0, 'Emergency': 0, 'Immediate': 0, 'IM': 0, 'AE': 0, 'A E': 0, 'AAPDA MITRA': 0, 'flood': 0, 'Bridge': 0, 'River': 0, 'Drain': 2, 'Restoration': 0, 'Protection': 0, 'irr': 0, 'irrigation': 0, 'dam': 0, 'Nallah': 0, 'Retrofitting': 0, 'Pond': 0, 'Pokhari': 0, 'D/C': 0, 'Recharge shaft': 0, 'LFB': 0, 'RFB': 0}","{'Floodlight': 0, 'Flood Light': 0, 'GAS': 0, 'FIFA': 0, 'pipe': 0, 'pipes': 0, 'covid': 0, 'supply': 0, 'Beautification': 0, 'Installation': 0}",Post-Monsoon,,False,True,Repair and Restoration,"{'repair': 2, 'Construction': 2, 'Drain': 2}"
2026_ECCHA_126597_7,"e-Procurement Notice No.ACE, EC-II 11 of 2025-26","ACE, EC-II JKID 42 of 2025-26 Scoured Bank Protection to Kelua Left Embankment near village Nalakula on Rahapada Mohanpur OAE.",Embankment protection,Works,National Competitive Bid,Percentage,Civil Works - Others,No,No,NA ,25-Feb-2026 11:00 AM,NA ,90.0,No ,No,Online,12-Mar-2026 11:30 AM,CE AND BM MBBS CHANDIKOLE||EASTERN CIRCLE II CHANDIKOLE,Jaraka,755050.0,2.0,"2,47,75,948",ABHISEK BEHURA,"21,059,556",Rejected-Finance,21-Jun-2026,CE AND BM MBBS CHANDIKOLE||EASTERN CIRCLE II CHANDIKOLE,True,"{'Flood': 0, 'Embankment': 2, 'embkt': 0, 'Relief': 0, 'Erosion': 0, 'SDRF': 0, 'Inundation': 0, 'Hydrology': 0, 'Silt': 0, 'Siltation': 0, 'Bund': 0, 'Trench': 0, 'Breach': 0, 'Culvert': 0, 'Sluice': 0, 'Dyke': 0, 'Storm water drain': 0, 'Emergency': 0, 'Immediate': 0, 'IM': 0, 'AE': 0, 'A E': 0, 'AAPDA MITRA': 0, 'flood': 0, 'Bridge': 0, 'River': 0, 'Drain': 0, 'Restoration': 0, 'Protection': 2, 'irr': 0, 'irrigation': 0, 'dam': 0, 'Nallah': 0, 'Retrofitting': 0, 'Pond': 0, 'Pokhari': 0, 'D/C': 0, 'Recharge shaft': 0, 'LFB': 0, 'RFB': 0}","{'Floodlight': 0, 'Flood Light': 0, 'GAS': 0, 'FIFA': 0, 'pipe': 0, 'pipes': 0, 'covid': 0, 'supply': 0, 'Beautification': 0, 'Installation': 0}",Post-Monsoon,,False,True,Preparedness Measures,"{'Protection': 2, 'scoured': 1, 'Scoured bank': 1}"
2026_ORULB_128122_1,03/SMC_SBP/2026-27,"Construction of Road and Drain from Sindhi Dharmasala to Seva Nurshing Home, ward no-26., under SMC SAMBALPUR","Construction of Road and Drain from Sindhi Dharmasala to Seva Nurshing Home, ward no-26., under SMC SAMBALPUR",Works,Open Tender,Percentage,Civil Works - Others,No,No,NA ,18-Apr-2026 11:00 AM,NA ,120.0,No ,No,Online,28-Apr-2026 11:00 AM,Municipal Bodies||Sambalpur Municipal Corporation,SAMBALPUR MUNICIPAL CORPORATION,768004.0,1.0,"25,40,611",SAHIL KUMAR RAY,"2,540,611.21",Rejected-Technical,16-Jun-2026,Municipal Bodies||Sambalpur Municipal Corporation,True,"{'Flood': 0, 'Embankment': 0, 'embkt': 0, 'Relief': 0, 'Erosion': 0, 'SDRF': 0, 'Inundation': 0, 'Hydrology': 0, 'Silt': 0, 'Siltation': 0, 'Bund': 0, 'Trench': 0, 'Breach': 0, 'Culvert': 0, 'Sluice': 0, 'Dyke': 0, 'Storm water drain': 0, 'Emergency': 0, 'Immediate': 0, 'IM': 0, 'AE': 0, 'A E': 0, 'AAPDA MITRA': 0, 'flood': 0, 'Bridge': 0, 'River': 0, 'Drain': 2, 'Restoration': 0, 'Protection': 0, 'irr': 0, 'irrigation': 0, 'dam': 0, 'Nallah': 0, 'Retrofitting': 0, 'Pond': 0, 'Pokhari': 0, 'D/C': 0, 'Recharge shaft': 0, 'LFB': 0, 'RFB': 0}","{'Floodlight': 0, 'Flood Light': 0, 'GAS': 0, 'FIFA': 0, 'pipe': 0, 'pipes': 0, 'covid': 0, 'supply': 0, 'Beautification': 0, 'Installation': 0}",Pre-Monsoon,,False,True,Repair and Restoration,"{'Construction': 2, 'Drain': 2}"
2026_ORULB_127834_11,1/SMC_SBP/2026-27,Construction of paver block road and drain from G.K Nanda house to A.K Dash road in ward no 29 under SMC Sambalpur,Construction of paver block road and drain from G.K Nanda house to A.K Dash road in ward no 29 under SMC Sambalpur,Works,Open Tender,Percentage,Civil Works - Others,No,No,NA ,09-Apr-2026 11:00 AM,NA ,90.0,No ,No,Online,20-Apr-2026 11:00 AM,Municipal Bodies||Sambalpur Municipal Corporation,SAMBALPUR MUNICIPAL CORPORATION,768006.0,1.0,"10,58,303",ABDUL AZIZ ANSARY,"1,058,302.93",Rejected-Technical,30-Jun-2026,Municipal Bodies||Sambalpur Municipal Corporation,True,"{'Flood': 0, 'Embankment': 0, 'embkt': 0, 'Relief': 0, 'Erosion': 0, 'SDRF': 0, 'Inundation': 0, 'Hydrology': 0, 'Silt': 0, 'Siltation': 0, 'Bund': 0, 'Trench': 0, 'Breach': 0, 'Culvert': 0, 'Sluice': 0, 'Dyke': 0, 'Storm water drain': 0, 'Emergency': 0, 'Immediate': 0, 'IM': 0, 'AE': 0, 'A E': 0, 'AAPDA MITRA': 0, 'flood': 0, 'Bridge': 0, 'River': 0, 'Drain': 2, 'Restoration': 0, 'Protection': 0, 'irr': 0, 'irrigation': 0, 'dam': 0, 'Nallah': 0, 'Retrofitting': 0, 'Pond': 0, 'Pokhari': 0, 'D/C': 0, 'Recharge shaft': 0, 'LFB': 0, 'RFB': 0}","{'Floodlight': 0, 'Flood Light': 0, 'GAS': 0, 'FIFA': 0, 'pipe': 0, 'pipes': 0, 'covid': 0, 'supply': 0, 'Beautification': 0, 'Installation': 0}",Pre-Monsoon,,False,True,Repair and Restoration,"{'Construction': 2, 'Drain': 2}"
2026_ORULB_125882_4,BMC-EE-Tender Cell-70/2025-26 Dt. 11.02.2026,Construction of Road and Drain at Lokanath Vihar in Ward No. 10,Construction of Road and Drain at Lokanath Vihar in Ward No. 10,Works,Open Tender,Percentage,Civil Works - Others,No,No,NA ,14-Feb-2026 10:30 AM,18-Feb-2026 04:00 PM ,120.0,No ,No,Online,24-Feb-2026 11:00 AM,Municipal Bodies||Bhubaneswar Municipal Corporation,BMC AREA,751022.0,1.0,"25,40,719",AMARESH SAHOO,"2,998,048",Rejected-Finance,04-Jun-2026,Municipal Bodies||Bhubaneswar Municipal Corporation,True,"{'Flood': 0, 'Embankment': 0, 'embkt': 0, 'Relief': 0, 'Erosion': 0, 'SDRF': 0, 'Inundation': 0, 'Hydrology': 0, 'Silt': 0, 'Siltation': 0, 'Bund': 0, 'Trench': 0, 'Breach': 0, 'Culvert': 0, 'Sluice': 0, 'Dyke': 0, 'Storm water drain': 0, 'Emergency': 0, 'Immediate': 0, 'IM': 0, 'AE': 0, 'A E': 0, 'AAPDA MITRA': 0, 'flood': 0, 'Bridge': 0, 'River': 0, 'Drain': 2, 'Restoration': 0, 'Protection': 0, 'irr': 0, 'irrigation': 0, 'dam': 0, 'Nallah': 0, 'Retrofitting': 0, 'Pond': 0, 'Pokhari': 0, 'D/C': 0, 'Recharge shaft': 0, 'LFB': 0, 'RFB': 0}","{'Floodlight': 0, 'Flood Light': 0, 'GAS': 0, 'FIFA': 0, 'pipe': 0, 'pipes': 0, 'covid': 0, 'supply': 0, 'Beautification': 0, 'Installation': 0}",Post-Monsoon,,False,True,Repair and Restoration,"{'Construction': 2, 'Drain': 2}"
2026_ORULB_125204_5,BSP_2026-27_03,Completion of park near Dangua pokhari in ward no.09,Completion of park near Dangua pokhari in ward no.09,Works,Open Tender,Percentage,Civil Works - Others,No,No,NA ,01-Feb-2026 10:00 AM,NA ,90.0,No ,No,Online,11-Feb-2026 11:00 AM,Municipal Bodies||Basudevpur Municipality,Basudevpur Municipality,756125.0,1.0,"3,89,705",Susmita Sethi,"372,526",Rejected-AOC,10-Jun-2026,Municipal Bodies||Basudevpur Municipality,True,"{'Flood': 0, 'Embankment': 0, 'embkt': 0, 'Relief': 0, 'Erosion': 0, 'SDRF': 0, 'Inundation': 0, 'Hydrology': 0, 'Silt': 0, 'Siltation': 0, 'Bund': 0, 'Trench': 0, 'Breach': 0, 'Culvert': 0, 'Sluice': 0, 'Dyke': 0, 'Storm water drain': 0, 'Emergency': 0, 'Immediate': 0, 'IM': 0, 'AE': 0, 'A E': 0, 'AAPDA MITRA': 0, 'flood': 0, 'Bridge': 0, 'River': 0, 'Drain': 0, 'Restoration': 0, 'Protection': 0, 'irr': 0, 'irrigation': 0, 'dam': 0, 'Nallah': 0, 'Retrofitting': 0, 'Pond': 0, 'Pokhari': 2, 'D/C': 0, 'Recharge shaft': 0, 'LFB': 0, 'RFB': 0}","{'Floodlight': 0, 'Flood Light': 0, 'GAS': 0, 'FIFA': 0, 'pipe': 0, 'pipes': 0, 'covid': 0, 'supply': 0, 'Beautification': 0, 'Installation': 0}",Post-Monsoon,,False,False,Others,
2026_ORULB_128537_4,EO/BPHM/02/26-27,Construction of Paver Road and drain with Cover Slab From Ahfak Ahamad House to Marky Police House Via -Sukesh Tiwari and Mannan House Mirdha dera ward no-11,Construction of Paver Road and drain with Cover Slab From Ahfak Ahamad House to Marky Police House Via -Sukesh Tiwari and Mannan House Mirdha dera ward no-11,Works,Open Tender,Percentage,Civil Works - Roads,No,No,NA ,30-Apr-2026 10:00 AM,NA ,90.0,No ,No,Online,12-May-2026 11:00 AM,Municipal Bodies||Belpahar Municipal Council,Belpahar Municipality,768218.0,1.0,"18,00,000",lalu kishan,"1,800,000",Rejected-AOC,03-Jun-2026,Municipal Bodies||Belpahar Municipal Council,True,"{'Flood': 0, 'Embankment': 0, 'embkt': 0, 'Relief': 0, 'Erosion': 0, 'SDRF': 0, 'Inundation': 0, 'Hydrology': 0, 'Silt': 0, 'Siltation': 0, 'Bund': 0, 'Trench': 0, 'Breach': 0, 'Culvert': 0, 'Sluice': 0, 'Dyke': 0, 'Storm water drain': 0, 'Emergency': 0, 'Immediate': 0, 'IM': 0, 'AE': 0, 'A E': 0, 'AAPDA MITRA': 0, 'flood': 0, 'Bridge': 0, 'River': 0, 'Drain': 2, 'Restoration': 0, 'Protection': 0, 'irr': 0, 'irrigation': 0, 'dam': 0, 'Nallah': 0, 'Retrofitting': 0, 'Pond': 0, 'Pokhari': 0, 'D/C': 0, 'Recharge shaft': 0, 'LFB': 0, 'RFB': 0}","{'Floodlight': 0, 'Flood Light': 0, 'GAS': 0, 'FIFA': 0, 'pipe': 0, 'pipes': 0, 'covid': 0, 'supply': 0, 'Beautification': 0, 'Installation': 0}",Pre-Monsoon,,False,True,Repair and Restoration,"{'Construction': 2, 'Drain': 2}"
2026_ORULB_126552_25,06/PKDM-2025-26,"Construction of Cover plate over drain and repair of road at Maruti Nagar-2,3,4, Biswanath Bihar-1, Radhagobinda Nagar-2,3, Teacher Colony, Jyotish Nagar, Subhadra Bihar main road, Ayyappa Mandir road, Dandumala Street, Jagannath Bihar area, Ward No.",Construction of Cover plate over drain and repair of road work,Works,Open Tender,Percentage,Civil Works - Others,No,No,NA ,27-Feb-2026 10:00 AM,NA ,90.0,No ,No,Online,13-Mar-2026 11:00 AM,Municipal Bodies||Parlakhemundi Municipal Council,Paralakhemundi Municipality,761200.0,1.0,"12,45,829",JALUMURU JAGANNATH RAO,"1,245,705",Accepted-AOC,08-Jun-2026,Municipal Bodies||Parlakhemundi Municipal Council,True,"{'Flood': 0, 'Embankment': 0, 'embkt': 0, 'Relief': 0, 'Erosion': 0, 'SDRF': 0, 'Inundation': 0, 'Hydrology': 0, 'Silt': 0, 'Siltation': 0, 'Bund': 0, 'Trench': 0, 'Breach': 0, 'Culvert': 0, 'Sluice': 0, 'Dyke': 0, 'Storm water drain': 0, 'Emergency': 0, 'Immediate': 0, 'IM': 0, 'AE': 0, 'A E': 0, 'AAPDA MITRA': 0, 'flood': 0, 'Bridge': 0, 'River': 0, 'Drain': 2, 'Restoration': 0, 'Protection': 0, 'irr': 0, 'irrigation': 0, 'dam': 0, 'Nallah': 0, 'Retrofitting': 0, 'Pond': 0, 'Pokhari': 0, 'D/C': 0, 'Recharge shaft': 0, 'LFB': 0, 'RFB': 0}","{'Floodlight': 0, 'Flood Light': 0, 'GAS': 0, 'FIFA': 0, 'pipe': 0, 'pipes': 0, 'covid': 0, 'supply': 0, 'Beautification': 0, 'Installation': 0}",Post-Monsoon,,False,True,Repair and Restoration,"{'repair': 2, 'Construction': 2, 'Drain': 2}"
2026_ORULB_126552_31,06/PKDM-2025-26,"Construction of Cover plate over drain and repair of road at Sanjaya Gandhi Colony, Sundi St., Elkela St., Erdala St., Treasury Road, Postal Colony, Ward No.14 and 15",Construction of Cover plate over drain and repair of road work,Works,Open Tender,Percentage,Civil Works - Others,No,No,NA ,27-Feb-2026 10:00 AM,NA ,90.0,No ,No,Online,13-Mar-2026 11:00 AM,Municipal Bodies||Parlakhemundi Municipal Council,Paralakhemundi Municipality,761200.0,1.0,"5,37,284",SURESH KUMAR MAJHI,"536,747",Rejected-AOC,08-Jun-2026,Municipal Bodies||Parlakhemundi Municipal Council,True,"{'Flood': 0, 'Embankment': 0, 'embkt': 0, 'Relief': 0, 'Erosion': 0, 'SDRF': 0, 'Inundation': 0, 'Hydrology': 0, 'Silt': 0, 'Siltation': 0, 'Bund': 0, 'Trench': 0, 'Breach': 0, 'Culvert': 0, 'Sluice': 0, 'Dyke': 0, 'Storm water drain': 0, 'Emergency': 0, 'Immediate': 0, 'IM': 0, 'AE': 0, 'A E': 0, 'AAPDA MITRA': 0, 'flood': 0, 'Bridge': 0, 'River': 0, 'Drain': 2, 'Restoration': 0, 'Protection': 0, 'irr': 0, 'irrigation': 0, 'dam': 0, 'Nallah': 0, 'Retrofitting': 0, 'Pond': 0, 'Pokhari': 0, 'D/C': 0, 'Recharge shaft': 0, 'LFB': 0, 'RFB': 0}","{'Floodlight': 0, 'Flood Light': 0, 'GAS': 0, 'FIFA': 0, 'pipe': 0, 'pipes': 0, 'covid': 0, 'supply': 0, 'Beautification': 0, 'Installation': 0}",Post-Monsoon,,False,True,Repair and Restoration,"{'repair': 2, 'Construction': 2, 'Drain': 2}"
2026_ORULB_126552_19,06/PKDM-2025-26,"Construction of Cover plate over drain and repair of road at Sana Reli Street, LIC Colony area, Radhamani Nagar-1,2 Station road, Hatapada to Subash statue, Odia Parala Street, Teli Gouda St., Teli St., Jadima Sahi, Syam Bihar, Mela Street, Ward No.2",Construction of Cover plate over drain and repair of road work,Works,Open Tender,Percentage,Civil Works - Others,No,No,NA ,27-Feb-2026 10:00 AM,NA ,90.0,No ,No,Online,13-Mar-2026 11:00 AM,Municipal Bodies||Parlakhemundi Municipal Council,Paralakhemundi Municipality,761200.0,1.0,"16,35,098",LOPINTI REKHA,"1,634,935",Accepted-AOC,08-Jun-2026,Municipal Bodies||Parlakhemundi Municipal Council,True,"{'Flood': 0, 'Embankment': 0, 'embkt': 0, 'Relief': 0, 'Erosion': 0, 'SDRF': 0, 'Inundation': 0, 'Hydrology': 0, 'Silt': 0, 'Siltation': 0, 'Bund': 0, 'Trench': 0, 'Breach': 0, 'Culvert': 0, 'Sluice': 0, 'Dyke': 0, 'Storm water drain': 0, 'Emergency': 0, 'Immediate': 0, 'IM': 0, 'AE': 0, 'A E': 0, 'AAPDA MITRA': 0, 'flood': 0, 'Bridge': 0, 'River': 0, 'Drain': 2, 'Restoration': 0, 'Protection': 0, 'irr': 0, 'irrigation': 0, 'dam': 0, 'Nallah': 0, 'Retrofitting': 0, 'Pond': 0, 'Pokhari': 0, 'D/C': 0, 'Recharge shaft': 0, 'LFB': 0, 'RFB': 0}","{'Floodlight': 0, 'Flood Light': 0, 'GAS': 0, 'FIFA': 0, 'pipe': 0, 'pipes': 0, 'covid': 0, 'supply': 0, 'Beautification': 0, 'Installation': 0}",Post-Monsoon,,False,True,Repair and Restoration,"{'repair': 2, 'Construction': 2, 'Drain': 2}"
2026_ORULB_125679_12,BMC-EE-Tender Cell-69/2025-26 Dt. 06.02.2026,Improvement of road and Construction of drain at Sweet Complex Phase-2 in Ward No. 52,Improvement of road and Construction of drain at Sweet Complex Phase-2 in Ward No. 52,Works,Open Tender,Percentage,Civil Works - Roads,No,No,NA ,09-Feb-2026 10:30 AM,13-Feb-2026 04:00 PM ,120.0,No ,No,Online,20-Feb-2026 11:00 AM,Municipal Bodies||Bhubaneswar Municipal Corporation,BMC AREA,751022.0,1.0,"42,36,992",AMARJIT SAHOO,"4,849,661",Accepted-AOC,20-Jun-2026,Municipal Bodies||Bhubaneswar Municipal Corporation,True,"{'Flood': 0, 'Embankment': 0, 'embkt': 0, 'Relief': 0, 'Erosion': 0, 'SDRF': 0, 'Inundation': 0, 'Hydrology': 0, 'Silt': 0, 'Siltation': 0, 'Bund': 0, 'Trench': 0, 'Breach': 0, 'Culvert': 0, 'Sluice': 0, 'Dyke': 0, 'Storm water drain': 0, 'Emergency': 0, 'Immediate': 0, 'IM': 0, 'AE': 0, 'A E': 0, 'AAPDA MITRA': 0, 'flood': 0, 'Bridge': 0, 'River': 0, 'Drain': 2, 'Restoration': 0, 'Protection': 0, 'irr': 0, 'irrigation': 0, 'dam': 0, 'Nallah': 0, 'Retrofitting': 0, 'Pond': 0, 'Pokhari': 0, 'D/C': 0, 'Recharge shaft': 0, 'LFB': 0, 'RFB': 0}","{'Floodlight': 0, 'Flood Light': 0, 'GAS': 0, 'FIFA': 0, 'pipe': 0, 'pipes': 0, 'covid': 0, 'supply': 0, 'Beautification': 0, 'Installation': 0}",Post-Monsoon,,False,True,Repair and Restoration,"{'improvement': 2, 'Construction': 2, 'Drain': 2}"
2026_ORULB_124590_51,BBLM-6/2025-26,"Laying of paver block and construction of drain from Ranjit Shop to Hanuman Akhada at Bagiaburu hutting and laying of paver block from Muna shop to Khusubu nagar, Ward No.8, Barbil","Laying of paver block and construction of drain from Ranjit Shop to Hanuman Akhada at Bagiaburu hutting and laying of paver block from Muna shop to Khusubu nagar, Ward No.8, Barbil",Works,Open Tender,Percentage,Civil Works - Others,No,No,NA ,20-Jan-2026 10:00 AM,NA ,90.0,No ,No,Online,04-Feb-2026 11:00 AM,Municipal Bodies||Barbil Municipality,Barbil,758035.0,2.0,"5,99,000",SUVARANJAN SAMAL,"628,023",Rejected-Finance,01-Jun-2026,Municipal Bodies||Barbil Municipality,True,"{'Flood': 0, 'Embankment': 0, 'embkt': 0, 'Relief': 0, 'Erosion': 0, 'SDRF': 0, 'Inundation': 0, 'Hydrology': 0, 'Silt': 0, 'Siltation': 0, 'Bund': 0, 'Trench': 0, 'Breach': 0, 'Culvert': 0, 'Sluice': 0, 'Dyke': 0, 'Storm water drain': 0, 'Emergency': 0, 'Immediate': 0, 'IM': 0, 'AE': 0, 'A E': 0, 'AAPDA MITRA': 0, 'flood': 0, 'Bridge': 0, 'River': 0, 'Drain': 2, 'Restoration': 0, 'Protection': 0, 'irr': 0, 'irrigation': 0, 'dam': 0, 'Nallah': 0, 'Retrofitting': 0, 'Pond': 0, 'Pokhari': 0, 'D/C': 0, 'Recharge shaft': 0, 'LFB': 0, 'RFB': 0}","{'Floodlight': 0, 'Flood Light': 0, 'GAS': 0, 'FIFA': 0, 'pipe': 0, 'pipes': 0, 'covid': 0, 'supply': 0, 'Beautification': 0, 'Installation': 0}",Post-Monsoon,,False,True,Repair and Restoration,"{'Construction': 2, 'Drain': 2}"
2026_ORULB_126857_67,06/BGH- MUN/2025-26,"Construction of CC Road, Drain and Slab from kushakumbhar house to Abhaya samal house w.no-18","Construction of CC Road, Drain and Slab from kushakumbhar house to Abhaya samal house w.no-18",Works,Open Tender,Percentage,Civil Works - Others,No,No,NA ,06-Mar-2026 04:00 PM,NA ,90.0,No ,No,Online,17-Mar-2026 11:00 AM,Municipal Bodies||Bargarh Municipal Council,Bargarh,768028.0,1.0,"17,98,872",RANJAN SETH,"1,219,546.378",Rejected-Finance,10-Jun-2026,Municipal Bodies||Bargarh Municipal Council,True,"{'Flood': 0, 'Embankment': 0, 'embkt': 0, 'Relief': 0, 'Erosion': 0, 'SDRF': 0, 'Inundation': 0, 'Hydrology': 0, 'Silt': 0, 'Siltation': 0, 'Bund': 0, 'Trench': 0, 'Breach': 0, 'Culvert': 0, 'Sluice': 0, 'Dyke': 0, 'Storm water drain': 0, 'Emergency': 0, 'Immediate': 0, 'IM': 0, 'AE': 0, 'A E': 0, 'AAPDA MITRA': 0, 'flood': 0, 'Bridge': 0, 'River': 0, 'Drain': 2, 'Restoration': 0, 'Protection': 0, 'irr': 0, 'irrigation': 0, 'dam': 0, 'Nallah': 0, 'Retrofitting': 0, 'Pond': 0, 'Pokhari': 0, 'D/C': 0, 'Recharge shaft': 0, 'LFB': 0, 'RFB': 0}","{'Floodlight': 0, 'Flood Light': 0, 'GAS': 0, 'FIFA': 0, 'pipe': 0, 'pipes': 0, 'covid': 0, 'supply': 0, 'Beautification': 0, 'Installation': 0}",Pre-Monsoon,,False,True,Repair and Restoration,"{'Construction': 2, 'Drain': 2}"
2026_ORULB_128238_1,BMC-EE-Tender Cell-07/2026-27 dt. 18.04.2026,"Annual Maintenance, Cleaning of water stretch and Main Drain No. 5 under BMC for 2026-27","Annual Maintenance, Cleaning of water stretch and Main Drain No. 5 under BMC for 2026-27",Works,Open Tender,Percentage,Civil Works - Others,No,No,NA ,20-Apr-2026 11:30 AM,22-Apr-2026 04:00 PM ,120.0,No ,No,Online,27-Apr-2026 12:30 PM,Municipal Bodies||Bhubaneswar Municipal Corporation,BMC AREA,751022.0,2.0,"57,33,953",RANJITA PARIDA,"3,709,495",Accepted-Finance,01-Jun-2026,Municipal Bodies||Bhubaneswar Municipal Corporation,True,"{'Flood': 0, 'Embankment': 0, 'embkt': 0, 'Relief': 0, 'Erosion': 0, 'SDRF': 0, 'Inundation': 0, 'Hydrology': 0, 'Silt': 0, 'Siltation': 0, 'Bund': 0, 'Trench': 0, 'Breach': 0, 'Culvert': 0, 'Sluice': 0, 'Dyke': 0, 'Storm water drain': 0, 'Emergency': 0, 'Immediate': 0, 'IM': 0, 'AE': 0, 'A E': 0, 'AAPDA MITRA': 0, 'flood': 0, 'Bridge': 0, 'River': 0, 'Drain': 2, 'Restoration': 0, 'Protection': 0, 'irr': 0, 'irrigation': 0, 'dam': 0, 'Nallah': 0, 'Retrofitting': 0, 'Pond': 0, 'Pokhari': 0, 'D/C': 0, 'Recharge shaft': 0, 'LFB': 0, 'RFB': 0}","{'Floodlight': 0, 'Flood Light': 0, 'GAS': 0, 'FIFA': 0, 'pipe': 0, 'pipes': 0, 'covid': 0, 'supply': 0, 'Beautification': 0, 'Installation': 0}",Pre-Monsoon,,False,True,Repair and Restoration,{'Drain': 2}
2026_ORULB_124590_53,BBLM-6/2025-26,"Construction of road and drain from Indoor stadium to Jagannath steel colony in Ward No.8 and construction of road and drain from Kailash house to well at Dhobi hutting in Ward No.10, Barbil","Construction of road and drain from Indoor stadium to Jagannath steel colony in Ward No.8 and construction of road and drain from Kailash house to well at Dhobi hutting in Ward No.10, Barbil",Works,Open Tender,Percentage,Civil Works - Others,No,No,NA ,20-Jan-2026 10:00 AM,NA ,90.0,No ,No,Online,04-Feb-2026 11:00 AM,Municipal Bodies||Barbil Municipality,Barbil,758035.0,2.0,"15,66,000",ASHOK KUMAR NAYAK,"1,641,896",Accepted-AOC,02-Jun-2026,Municipal Bodies||Barbil Municipality,True,"{'Flood': 0, 'Embankment': 0, 'embkt': 0, 'Relief': 0, 'Erosion': 0, 'SDRF': 0, 'Inundation': 0, 'Hydrology': 0, 'Silt': 0, 'Siltation': 0, 'Bund': 0, 'Trench': 0, 'Breach': 0, 'Culvert': 0, 'Sluice': 0, 'Dyke': 0, 'Storm water drain': 0, 'Emergency': 0, 'Immediate': 0, 'IM': 0, 'AE': 0, 'A E': 0, 'AAPDA MITRA': 0, 'flood': 0, 'Bridge': 0, 'River': 0, 'Drain': 4, 'Restoration': 0, 'Protection': 0, 'irr': 0, 'irrigation': 0, 'dam': 0, 'Nallah': 0, 'Retrofitting': 0, 'Pond': 0, 'Pokhari': 0, 'D/C': 0, 'Recharge shaft': 0, 'LFB': 0, 'RFB': 0}","{'Floodlight': 0, 'Flood Light': 0, 'GAS': 0, 'FIFA': 0, 'pipe': 0, 'pipes': 0, 'covid': 0, 'supply': 0, 'Beautification': 0, 'Installation': 0}",Post-Monsoon,,False,True,Repair and Restoration,"{'Construction': 4, 'Drain': 4}"
2026_EICCL_124989_2,CCEEC-16/2025-26,Construction of Box cell culvert over local nallah at 8/360 km on West Bengal Boarder to Kuanrapur Road in the district of Balasore under State plan for the year 2025-26.,Box cell culvert,Works,National Competitive Bid,Percentage,Civil Works - Others,No,No,NA ,22-Jan-2026 06:00 PM,NA ,90.0,No ,No,Online,06-Feb-2026 11:00 AM,EIC-CIVIL||SERNB-CIRCLE-EASTERN,Balasore,756001.0,2.0,"3,39,05,014",JANMEJAY NATH,"27,127,401",Rejected-Finance,19-Jun-2026,EIC-CIVIL||SERNB-CIRCLE-EASTERN,True,"{'Flood': 0, 'Embankment': 0, 'embkt': 0, 'Relief': 0, 'Erosion': 0, 'SDRF': 0, 'Inundation': 0, 'Hydrology': 0, 'Silt': 0, 'Siltation': 0, 'Bund': 0, 'Trench': 0, 'Breach': 0, 'Culvert': 2, 'Sluice': 0, 'Dyke': 0, 'Storm water drain': 0, 'Emergency': 0, 'Immediate': 0, 'IM': 0, 'AE': 0, 'A E': 0, 'AAPDA MITRA': 0, 'flood': 0, 'Bridge': 0, 'River': 0, 'Drain': 0, 'Restoration': 0, 'Protection': 0, 'irr': 0, 'irrigation': 0, 'dam': 0, 'Nallah': 1, 'Retrofitting': 0, 'Pond': 0, 'Pokhari': 0, 'D/C': 0, 'Recharge shaft': 0, 'LFB': 0, 'RFB': 0}","{'Floodlight': 0, 'Flood Light': 0, 'GAS': 0, 'FIFA': 0, 'pipe': 0, 'pipes': 0, 'covid': 0, 'supply': 0, 'Beautification': 0, 'Installation': 0}",Post-Monsoon,,False,True,Repair and Restoration,{'Construction': 1}
2026_ORULB_127314_5,43/SMC_SBP/2025-26,"Construction of paver block road from Panigrahi house to Katardua pond at Shanti Nagar, ward no.19","Construction of paver block road from Panigrahi house to Katardua pond at Shanti Nagar, ward no.19",Works,Open Tender,Percentage,Civil Works - Others,No,No,NA ,17-Mar-2026 04:00 PM,NA ,120.0,No ,No,Online,30-Mar-2026 11:00 AM,Municipal Bodies||Sambalpur Municipal Corporation,SAMBALPUR MUNICIPAL CORPORATION,768006.0,1.0,"21,19,203",BIBHUTI BHUSAN NAYAK,"2,119,202.74",Rejected-Technical,09-Jun-2026,Municipal Bodies||Sambalpur Municipal Corporation,True,"{'Flood': 0, 'Embankment': 0, 'embkt': 0, 'Relief': 0, 'Erosion': 0, 'SDRF': 0, 'Inundation': 0, 'Hydrology': 0, 'Silt': 0, 'Siltation': 0, 'Bund': 0, 'Trench': 0, 'Breach': 0, 'Culvert': 0, 'Sluice': 0, 'Dyke': 0, 'Storm water drain': 0, 'Emergency': 0, 'Immediate': 0, 'IM': 0, 'AE': 0, 'A E': 0, 'AAPDA MITRA': 0, 'flood': 0, 'Bridge': 0, 'River': 0, 'Drain': 0, 'Restoration': 0, 'Protection': 0, 'irr': 0, 'irrigation': 0, 'dam': 0, 'Nallah': 0, 'Retrofitting': 0, 'Pond': 2, 'Pokhari': 0, 'D/C': 0, 'Recharge shaft': 0, 'LFB': 0, 'RFB': 0}","{'Floodlight': 0, 'Flood Light': 0, 'GAS': 0, 'FIFA': 0, 'pipe': 0, 'pipes': 0, 'covid': 0, 'supply': 0, 'Beautification': 0, 'Installation': 0}",Pre-Monsoon,,False,True,Repair and Restoration,{'Construction': 2}
2026_ORULB_126552_33,06/PKDM-2025-26,"Construction of Cover plate over drain and repair of road at Khanja St., Jagili St., Pana St., Gola St.,PWD Colony, Mediri St., Reli St, Dilkhus Bar, Reli Street main road, Ward No.16",Construction of Cover plate over drain and repair of road work,Works,Open Tender,Percentage,Civil Works - Others,No,No,NA ,27-Feb-2026 10:00 AM,NA ,90.0,No ,No,Online,13-Mar-2026 11:00 AM,Municipal Bodies||Parlakhemundi Municipal Council,Paralakhemundi Municipality,761200.0,1.0,"14,21,198",Debaraj Lima,"1,421,056",Rejected-AOC,08-Jun-2026,Municipal Bodies||Parlakhemundi Municipal Council,True,"{'Flood': 0, 'Embankment': 0, 'embkt': 0, 'Relief': 0, 'Erosion': 0, 'SDRF': 0, 'Inundation': 0, 'Hydrology': 0, 'Silt': 0, 'Siltation': 0, 'Bund': 0, 'Trench': 0, 'Breach': 0, 'Culvert': 0, 'Sluice': 0, 'Dyke': 0, 'Storm water drain': 0, 'Emergency': 0, 'Immediate': 0, 'IM': 0, 'AE': 0, 'A E': 0, 'AAPDA MITRA': 0, 'flood': 0, 'Bridge': 0, 'River': 0, 'Drain': 2, 'Restoration': 0, 'Protection': 0, 'irr': 0, 'irrigation': 0, 'dam': 0, 'Nallah': 0, 'Retrofitting': 0, 'Pond': 0, 'Pokhari': 0, 'D/C': 0, 'Recharge shaft': 0, 'LFB': 0, 'RFB': 0}","{'Floodlight': 0, 'Flood Light': 0, 'GAS': 0, 'FIFA': 0, 'pipe': 0, 'pipes': 0, 'covid': 0, 'supply': 0, 'Beautification': 0, 'Installation': 0}",Post-Monsoon,,False,True,Repair and Restoration,"{'repair': 2, 'Construction': 2, 'Drain': 2}"
2026_ORULB_127216_2,41/SMC_SBP/2025-26,"Construction of road and drain at Hanuman mandir to Balkrishna Sharma house, Krishna nagar, Khetrajpur, ward no.14.","Construction of road and drain at Hanuman mandir to Balkrishna Sharma house, Krishna nagar, Khetrajpur, ward no.14.",Works,Open Tender,Percentage,Civil Works - Others,No,No,NA ,14-Mar-2026 11:00 AM,NA ,120.0,No ,No,Online,24-Mar-2026 11:00 AM,Municipal Bodies||Sambalpur Municipal Corporation,SAMBALPUR MUNICIPAL CORPORATION,768006.0,1.0,"16,90,016",GANESH KUMAR AGRAWAL,"1,695,016",Accepted-AOC,06-Jun-2026,Municipal Bodies||Sambalpur Municipal Corporation,True,"{'Flood': 0, 'Embankment': 0, 'embkt': 0, 'Relief': 0, 'Erosion': 0, 'SDRF': 0, 'Inundation': 0, 'Hydrology': 0, 'Silt': 0, 'Siltation': 0, 'Bund': 0, 'Trench': 0, 'Breach': 0, 'Culvert': 0, 'Sluice': 0, 'Dyke': 0, 'Storm water drain': 0, 'Emergency': 0, 'Immediate': 0, 'IM': 0, 'AE': 0, 'A E': 0, 'AAPDA MITRA': 0, 'flood': 0, 'Bridge': 0, 'River': 0, 'Drain': 2, 'Restoration': 0, 'Protection': 0, 'irr': 0, 'irrigation': 0, 'dam': 0, 'Nallah': 0, 'Retrofitting': 0, 'Pond': 0, 'Pokhari': 0, 'D/C': 0, 'Recharge shaft': 0, 'LFB': 0, 'RFB': 0}","{'Floodlight': 0, 'Flood Light': 0, 'GAS': 0, 'FIFA': 0, 'pipe': 0, 'pipes': 0, 'covid': 0, 'supply': 0, 'Beautification': 0, 'Installation': 0}",Pre-Monsoon,,False,True,Repair and Restoration,"{'Construction': 2, 'Drain': 2}"
2026_DFODE_124493_1,dfodghfeandcc06,Construction of Elephant proof trench (EPT) 1 K.M at Arjunjhari under Reamal Range under Deogarh Forest Division for the year 2025-26,Construction of Elephant proof trench (EPT) 1 K.M at Arjunjhari under Reamal Range under Deogarh Forest Division for the year 2025-26,Works,Open Tender,Percentage,Civil Works - Others,No,No,NA ,13-Jan-2026 11:00 AM,NA ,60.0,No ,No,Online,28-Jan-2026 11:00 AM,Forest Environment and Climate Change Department||RCCF Rourkela||DFO Deogarh,Construction of Elephant proof trench (EPT) 1 K.M,768108.0,1.0,,KABITA PRADHAN,"517,877.61",Rejected-Finance,27-May-2026,Forest Environment and Climate Change Department||RCCF Rourkela||DFO Deogarh,True,"{'Flood': 0, 'Embankment': 0, 'embkt': 0, 'Relief': 0, 'Erosion': 0, 'SDRF': 0, 'Inundation': 0, 'Hydrology': 0, 'Silt': 0, 'Siltation': 0, 'Bund': 0, 'Trench': 2, 'Breach': 0, 'Culvert': 0, 'Sluice': 0, 'Dyke': 0, 'Storm water drain': 0, 'Emergency': 0, 'Immediate': 0, 'IM': 0, 'AE': 0, 'A E': 0, 'AAPDA MITRA': 0, 'flood': 0, 'Bridge': 0, 'River': 0, 'Drain': 0, 'Restoration': 0, 'Protection': 0, 'irr': 0, 'irrigation': 0, 'dam': 0, 'Nallah': 0, 'Retrofitting': 0, 'Pond': 0, 'Pokhari': 0, 'D/C': 0, 'Recharge shaft': 0, 'LFB': 0, 'RFB': 0}","{'Floodlight': 0, 'Flood Light': 0, 'GAS': 0, 'FIFA': 0, 'pipe': 0, 'pipes': 0, 'covid': 0, 'supply': 0, 'Beautification': 0, 'Installation': 0}",Post-Monsoon,,False,False,Repair and Restoration,{'Construction': 2}
2026_ECCHA_126597_5,"e-Procurement Notice No.ACE, EC-II 11 of 2025-26","ACE, EC-II JKID 40 of 2025-26 Scoured Bank Protection to Brahmani Right Embankment at village Bhuban on CE No.26A.",Embankment protection,Works,National Competitive Bid,Percentage,Civil Works - Others,No,No,NA ,25-Feb-2026 11:00 AM,NA ,90.0,No ,No,Online,12-Mar-2026 11:30 AM,CE AND BM MBBS CHANDIKOLE||EASTERN CIRCLE II CHANDIKOLE,Jaraka,755050.0,2.0,"2,45,59,086",SUBRAT KUMAR DASH,"20,877,679",Rejected-Finance,21-Jun-2026,CE AND BM MBBS CHANDIKOLE||EASTERN CIRCLE II CHANDIKOLE,True,"{'Flood': 0, 'Embankment': 2, 'embkt': 0, 'Relief': 0, 'Erosion': 0, 'SDRF': 0, 'Inundation': 0, 'Hydrology': 0, 'Silt': 0, 'Siltation': 0, 'Bund': 0, 'Trench': 0, 'Breach': 0, 'Culvert': 0, 'Sluice': 0, 'Dyke': 0, 'Storm water drain': 0, 'Emergency': 0, 'Immediate': 0, 'IM': 0, 'AE': 0, 'A E': 0, 'AAPDA MITRA': 0, 'flood': 0, 'Bridge': 0, 'River': 0, 'Drain': 0, 'Restoration': 0, 'Protection': 2, 'irr': 0, 'irrigation': 0, 'dam': 0, 'Nallah': 0, 'Retrofitting': 0, 'Pond': 0, 'Pokhari': 0, 'D/C': 0, 'Recharge shaft': 0, 'LFB': 0, 'RFB': 0}","{'Floodlight': 0, 'Flood Light': 0, 'GAS': 0, 'FIFA': 0, 'pipe': 0, 'pipes': 0, 'covid': 0, 'supply': 0, 'Beautification': 0, 'Installation': 0}",Post-Monsoon,,False,True,Preparedness Measures,"{'Protection': 2, 'scoured': 1, 'Scoured bank': 1}"
2026_ORULB_124306_1,28/SMC_SBP/2025-26,Construction of Paver block Road with drain from Sarbesh Sagar house to chandra Meher House at Talbhatta pada Ward No.15,Construction of Paver block Road with drain from Sarbesh Sagar house to chandra Meher House at Talbhatta pada Ward No.15,Works,Open Tender,Percentage,Civil Works - Others,No,No,NA ,13-Jan-2026 11:00 AM,NA ,120.0,No ,No,Online,27-Jan-2026 11:00 AM,Municipal Bodies||Sambalpur Municipal Corporation,SAMBALPUR MUNICIPAL CORPORATION,768006.0,1.0,"8,77,051",JAYANTA KUMAR MEHER,"877,051.67",Accepted-AOC,06-Jun-2026,Municipal Bodies||Sambalpur Municipal Corporation,True,"{'Flood': 0, 'Embankment': 0, 'embkt': 0, 'Relief': 0, 'Erosion': 0, 'SDRF': 0, 'Inundation': 0, 'Hydrology': 0, 'Silt': 0, 'Siltation': 0, 'Bund': 0, 'Trench': 0, 'Breach': 0, 'Culvert': 0, 'Sluice': 0, 'Dyke': 0, 'Storm water drain': 0, 'Emergency': 0, 'Immediate': 0, 'IM': 0, 'AE': 0, 'A E': 0, 'AAPDA MITRA': 0, 'flood': 0, 'Bridge': 0, 'River': 0, 'Drain': 2, 'Restoration': 0, 'Protection': 0, 'irr': 0, 'irrigation': 0, 'dam': 0, 'Nallah': 0, 'Retrofitting': 0, 'Pond': 0, 'Pokhari': 0, 'D/C': 0, 'Recharge shaft': 0, 'LFB': 0, 'RFB': 0}","{'Floodlight': 0, 'Flood Light': 0, 'GAS': 0, 'FIFA': 0, 'pipe': 0, 'pipes': 0, 'covid': 0, 'supply': 0, 'Beautification': 0, 'Installation': 0}",Post-Monsoon,,False,True,Repair and Restoration,"{'Construction': 2, 'Drain': 2}"
2026_ORULB_126552_32,06/PKDM-2025-26,"Construction of Cover plate over drain and repair of road at Gandhi Nagar, Kamakhi Nagar, Sridhar Nagar, Sridhar Nagar, Friends Colony, Womens College road, Medical backside, Ward No.15",Construction of Cover plate over drain and repair of road work,Works,Open Tender,Percentage,Civil Works - Others,No,No,NA ,27-Feb-2026 10:00 AM,NA ,90.0,No ,No,Online,13-Mar-2026 11:00 AM,Municipal Bodies||Parlakhemundi Municipal Council,Paralakhemundi Municipality,761200.0,1.0,"15,44,048",NARENDRA BADAMUNDI,"1,528,607",Rejected-AOC,08-Jun-2026,Municipal Bodies||Parlakhemundi Municipal Council,True,"{'Flood': 0, 'Embankment': 0, 'embkt': 0, 'Relief': 0, 'Erosion': 0, 'SDRF': 0, 'Inundation': 0, 'Hydrology': 0, 'Silt': 0, 'Siltation': 0, 'Bund': 0, 'Trench': 0, 'Breach': 0, 'Culvert': 0, 'Sluice': 0, 'Dyke': 0, 'Storm water drain': 0, 'Emergency': 0, 'Immediate': 0, 'IM': 0, 'AE': 0, 'A E': 0, 'AAPDA MITRA': 0, 'flood': 0, 'Bridge': 0, 'River': 0, 'Drain': 2, 'Restoration': 0, 'Protection': 0, 'irr': 0, 'irrigation': 0, 'dam': 0, 'Nallah': 0, 'Retrofitting': 0, 'Pond': 0, 'Pokhari': 0, 'D/C': 0, 'Recharge shaft': 0, 'LFB': 0, 'RFB': 0}","{'Floodlight': 0, 'Flood Light': 0, 'GAS': 0, 'FIFA': 0, 'pipe': 0, 'pipes': 0, 'covid': 0, 'supply': 0, 'Beautification': 0, 'Installation': 0}",Post-Monsoon,,False,True,Repair and Restoration,"{'repair': 2, 'Construction': 2, 'Drain': 2}"
2026_ORULB_126552_26,06/PKDM-2025-26,"Construction of Cover plate over drain and repair of road at Keuta St, Rekhana St. to Keuta St., Rekhana St., Sai Mandir road, Matia St., Tota Street, Ward No.8",Construction of Cover plate over drain and repair of road work,Works,Open Tender,Percentage,Civil Works - Others,No,No,NA ,27-Feb-2026 10:00 AM,NA ,90.0,No ,No,Online,13-Mar-2026 11:00 AM,Municipal Bodies||Parlakhemundi Municipal Council,Paralakhemundi Municipality,761200.0,1.0,"3,59,653",SHRIRAM UTTAM,"356,056",Rejected-Technical,08-Jun-2026,Municipal Bodies||Parlakhemundi Municipal Council,True,"{'Flood': 0, 'Embankment': 0, 'embkt': 0, 'Relief': 0, 'Erosion': 0, 'SDRF': 0, 'Inundation': 0, 'Hydrology': 0, 'Silt': 0, 'Siltation': 0, 'Bund': 0, 'Trench': 0, 'Breach': 0, 'Culvert': 0, 'Sluice': 0, 'Dyke': 0, 'Storm water drain': 0, 'Emergency': 0, 'Immediate': 0, 'IM': 0, 'AE': 0, 'A E': 0, 'AAPDA MITRA': 0, 'flood': 0, 'Bridge': 0, 'River': 0, 'Drain': 2, 'Restoration': 0, 'Protection': 0, 'irr': 0, 'irrigation': 0, 'dam': 0, 'Nallah': 0, 'Retrofitting': 0, 'Pond': 0, 'Pokhari': 0, 'D/C': 0, 'Recharge shaft': 0, 'LFB': 0, 'RFB': 0}","{'Floodlight': 0, 'Flood Light': 0, 'GAS': 0, 'FIFA': 0, 'pipe': 0, 'pipes': 0, 'covid': 0, 'supply': 0, 'Beautification': 0, 'Installation': 0}",Post-Monsoon,,False,True,Repair and Restoration,"{'repair': 2, 'Construction': 2, 'Drain': 2}"
2026_ORULB_126857_126,06/BGH- MUN/2025-26,"Construction CC road, drain and slab from Arabinda Nagar in front of Saar factory","Construction CC road, drain and slab from Arabinda Nagar in front of Saar factory",Works,Open Tender,Percentage,Civil Works - Others,No,No,NA ,06-Mar-2026 04:00 PM,NA ,90.0,No ,No,Online,17-Mar-2026 11:00 AM,Municipal Bodies||Bargarh Municipal Council,Bargarh,768028.0,1.0,"18,00,000",BHARAT MOHANTY,"1,216,278.331",Rejected-Finance,06-Jun-2026,Municipal Bodies||Bargarh Municipal Council,True,"{'Flood': 0, 'Embankment': 0, 'embkt': 0, 'Relief': 0, 'Erosion': 0, 'SDRF': 0, 'Inundation': 0, 'Hydrology': 0, 'Silt': 0, 'Siltation': 0, 'Bund': 0, 'Trench': 0, 'Breach': 0, 'Culvert': 0, 'Sluice': 0, 'Dyke': 0, 'Storm water drain': 0, 'Emergency': 0, 'Immediate': 0, 'IM': 0, 'AE': 0, 'A E': 0, 'AAPDA MITRA': 0, 'flood': 0, 'Bridge': 0, 'River': 0, 'Drain': 2, 'Restoration': 0, 'Protection': 0, 'irr': 0, 'irrigation': 0, 'dam': 0, 'Nallah': 0, 'Retrofitting': 0, 'Pond': 0, 'Pokhari': 0, 'D/C': 0, 'Recharge shaft': 0, 'LFB': 0, 'RFB': 0}","{'Floodlight': 0, 'Flood Light': 0, 'GAS': 0, 'FIFA': 0, 'pipe': 0, 'pipes': 0, 'covid': 0, 'supply': 0, 'Beautification': 0, 'Installation': 0}",Pre-Monsoon,,False,True,Repair and Restoration,"{'Construction': 2, 'Drain': 2}"
2026_ORULB_126552_22,06/PKDM-2025-26,"Construction of Cover plate over drain and repair of road at Katika St., Deo St., Palace backside, Jangam St., Pooli St., Mrudinga St., Gandhi School road, Ward No.5",Construction of Cover plate over drain and repair of road work,Works,Open Tender,Percentage,Civil Works - Others,No,No,NA ,27-Feb-2026 10:00 AM,NA ,90.0,No ,No,Online,13-Mar-2026 11:00 AM,Municipal Bodies||Parlakhemundi Municipal Council,Paralakhemundi Municipality,761200.0,1.0,"11,84,553",KARUNA KAR SABAR,"1,184,435",Rejected-AOC,08-Jun-2026,Municipal Bodies||Parlakhemundi Municipal Council,True,"{'Flood': 0, 'Embankment': 0, 'embkt': 0, 'Relief': 0, 'Erosion': 0, 'SDRF': 0, 'Inundation': 0, 'Hydrology': 0, 'Silt': 0, 'Siltation': 0, 'Bund': 0, 'Trench': 0, 'Breach': 0, 'Culvert': 0, 'Sluice': 0, 'Dyke': 0, 'Storm water drain': 0, 'Emergency': 0, 'Immediate': 0, 'IM': 0, 'AE': 0, 'A E': 0, 'AAPDA MITRA': 0, 'flood': 0, 'Bridge': 0, 'River': 0, 'Drain': 2, 'Restoration': 0, 'Protection': 0, 'irr': 0, 'irrigation': 0, 'dam': 0, 'Nallah': 0, 'Retrofitting': 0, 'Pond': 0, 'Pokhari': 0, 'D/C': 0, 'Recharge shaft': 0, 'LFB': 0, 'RFB': 0}","{'Floodlight': 0, 'Flood Light': 0, 'GAS': 0, 'FIFA': 0, 'pipe': 0, 'pipes': 0, 'covid': 0, 'supply': 0, 'Beautification': 0, 'Installation': 0}",Post-Monsoon,,False,True,Repair and Restoration,"{'repair': 2, 'Construction': 2, 'Drain': 2}"
2026_ORULB_126552_36,06/PKDM-2025-26,"Construction of road and drain Subhadra Bihar to Magha field, Ward No.7",Construction of road and drain work,Works,Open Tender,Percentage,Civil Works - Others,No,No,NA ,27-Feb-2026 10:00 AM,NA ,90.0,No ,No,Online,13-Mar-2026 11:00 AM,Municipal Bodies||Parlakhemundi Municipal Council,Paralakhemundi Municipality,761200.0,1.0,"13,14,308",HARIS CHANDRA NAYAK,"1,301,165",Rejected-Technical,08-Jun-2026,Municipal Bodies||Parlakhemundi Municipal Council,True,"{'Flood': 0, 'Embankment': 0, 'embkt': 0, 'Relief': 0, 'Erosion': 0, 'SDRF': 0, 'Inundation': 0, 'Hydrology': 0, 'Silt': 0, 'Siltation': 0, 'Bund': 0, 'Trench': 0, 'Breach': 0, 'Culvert': 0, 'Sluice': 0, 'Dyke': 0, 'Storm water drain': 0, 'Emergency': 0, 'Immediate': 0, 'IM': 0, 'AE': 0, 'A E': 0, 'AAPDA MITRA': 0, 'flood': 0, 'Bridge': 0, 'River': 0, 'Drain': 2, 'Restoration': 0, 'Protection': 0, 'irr': 0, 'irrigation': 0, 'dam': 0, 'Nallah': 0, 'Retrofitting': 0, 'Pond': 0, 'Pokhari': 0, 'D/C': 0, 'Recharge shaft': 0, 'LFB': 0, 'RFB': 0}","{'Floodlight': 0, 'Flood Light': 0, 'GAS': 0, 'FIFA': 0, 'pipe': 0, 'pipes': 0, 'covid': 0, 'supply': 0, 'Beautification': 0, 'Installation': 0}",Post-Monsoon,,False,True,Repair and Restoration,"{'Construction': 2, 'Drain': 2}"
2026_ORULB_125862_6,33/SMC_SBP/2025-26,"Repairing of road and drain from Dhankauda Block office to NH via village, Ward No-29, under SMC Sambalpur","Repairing of road and drain from Dhankauda Block office to NH via village, Ward No-29, under SMC Sambalpur",Works,National Competitive Bid,Percentage,Civil Works - Others,No,No,NA ,13-Feb-2026 11:00 AM,NA ,120.0,No ,No,Online,06-Mar-2026 11:00 AM,Municipal Bodies||Sambalpur Municipal Corporation,SAMBALPUR MUNICIPAL CORPORATION,768006.0,2.0,"52,52,966",Gopabandhu Oram,"5,252,966.79",Accepted-AOC,24-Jun-2026,Municipal Bodies||Sambalpur Municipal Corporation,True,"{'Flood': 0, 'Embankment': 0, 'embkt': 0, 'Relief': 0, 'Erosion': 0, 'SDRF': 0, 'Inundation': 0, 'Hydrology': 0, 'Silt': 0, 'Siltation': 0, 'Bund': 0, 'Trench': 0, 'Breach': 0, 'Culvert': 0, 'Sluice': 0, 'Dyke': 0, 'Storm water drain': 0, 'Emergency': 0, 'Immediate': 0, 'IM': 0, 'AE': 0, 'A E': 0, 'AAPDA MITRA': 0, 'flood': 0, 'Bridge': 0, 'River': 0, 'Drain': 2, 'Restoration': 0, 'Protection': 0, 'irr': 0, 'irrigation': 0, 'dam': 0, 'Nallah': 0, 'Retrofitting': 0, 'Pond': 0, 'Pokhari': 0, 'D/C': 0, 'Recharge shaft': 0, 'LFB': 0, 'RFB': 0}","{'Floodlight': 0, 'Flood Light': 0, 'GAS': 0, 'FIFA': 0, 'pipe': 0, 'pipes': 0, 'covid': 0, 'supply': 0, 'Beautification': 0, 'Installation': 0}",Post-Monsoon,,False,True,Repair and Restoration,"{'repairing': 2, 'Drain': 2}"
2026_ORULB_128122_7,03/SMC_SBP/2026-27,"Construction of CC road and drain at Roypada samaleswari temple area, Ward no.17.","Construction of CC road and drain at Roypada samaleswari temple area, Ward no.17.",Works,Open Tender,Percentage,Civil Works - Others,No,No,NA ,18-Apr-2026 11:00 AM,NA ,120.0,No ,No,Online,28-Apr-2026 11:00 AM,Municipal Bodies||Sambalpur Municipal Corporation,SAMBALPUR MUNICIPAL CORPORATION,768004.0,1.0,"12,71,756",SAROJ SETH,"1,271,756.39",Rejected-Technical,16-Jun-2026,Municipal Bodies||Sambalpur Municipal Corporation,True,"{'Flood': 0, 'Embankment': 0, 'embkt': 0, 'Relief': 0, 'Erosion': 0, 'SDRF': 0, 'Inundation': 0, 'Hydrology': 0, 'Silt': 0, 'Siltation': 0, 'Bund': 0, 'Trench': 0, 'Breach': 0, 'Culvert': 0, 'Sluice': 0, 'Dyke': 0, 'Storm water drain': 0, 'Emergency': 0, 'Immediate': 0, 'IM': 0, 'AE': 0, 'A E': 0, 'AAPDA MITRA': 0, 'flood': 0, 'Bridge': 0, 'River': 0, 'Drain': 2, 'Restoration': 0, 'Protection': 0, 'irr': 0, 'irrigation': 0, 'dam': 0, 'Nallah': 0, 'Retrofitting': 0, 'Pond': 0, 'Pokhari': 0, 'D/C': 0, 'Recharge shaft': 0, 'LFB': 0, 'RFB': 0}","{'Floodlight': 0, 'Flood Light': 0, 'GAS': 0, 'FIFA': 0, 'pipe': 0, 'pipes': 0, 'covid': 0, 'supply': 0, 'Beautification': 0, 'Installation': 0}",Pre-Monsoon,,False,True,Repair and Restoration,"{'Construction': 2, 'Drain': 2}"
2026_ORULB_128122_6,03/SMC_SBP/2026-27,"Construction of CC road and drain at Madbhati road, Patel Colony, PK Poultry farm, Barbazar, Ward No.16","Construction of CC road and drain at Madbhati road, Patel Colony, PK Poultry farm, Barbazar, Ward No.16",Works,Open Tender,Percentage,Civil Works - Others,No,No,NA ,18-Apr-2026 11:00 AM,NA ,120.0,No ,No,Online,28-Apr-2026 11:00 AM,Municipal Bodies||Sambalpur Municipal Corporation,SAMBALPUR MUNICIPAL CORPORATION,768004.0,1.0,"12,72,129",NANDA KISHORE BAG (S.C),"1,272,129.12",Rejected-Technical,16-Jun-2026,Municipal Bodies||Sambalpur Municipal Corporation,True,"{'Flood': 0, 'Embankment': 0, 'embkt': 0, 'Relief': 0, 'Erosion': 0, 'SDRF': 0, 'Inundation': 0, 'Hydrology': 0, 'Silt': 0, 'Siltation': 0, 'Bund': 0, 'Trench': 0, 'Breach': 0, 'Culvert': 0, 'Sluice': 0, 'Dyke': 0, 'Storm water drain': 0, 'Emergency': 0, 'Immediate': 0, 'IM': 0, 'AE': 0, 'A E': 0, 'AAPDA MITRA': 0, 'flood': 0, 'Bridge': 0, 'River': 0, 'Drain': 2, 'Restoration': 0, 'Protection': 0, 'irr': 0, 'irrigation': 0, 'dam': 0, 'Nallah': 0, 'Retrofitting': 0, 'Pond': 0, 'Pokhari': 0, 'D/C': 0, 'Recharge shaft': 0, 'LFB': 0, 'RFB': 0}","{'Floodlight': 0, 'Flood Light': 0, 'GAS': 0, 'FIFA': 0, 'pipe': 0, 'pipes': 0, 'covid': 0, 'supply': 0, 'Beautification': 0, 'Installation': 0}",Pre-Monsoon,,False,True,Repair and Restoration,"{'Construction': 2, 'Drain': 2}"
2026_ORULB_128201_1,BMC-EE-Tender Cell-05/2026-27 dt. 16.04.2026,Annual Maintenance cleaning of water stretch and Main Drain No. 4(Reach-1)from Ekamra Park to Sumos Cafe in Bhubaneswar City under BMC for 2026-27,Annual Maintenance cleaning of water stretch and Main Drain No. 4(Reach-1)from Ekamra Park to Sumos Cafe in Bhubaneswar City under BMC for 2026-27,Works,Open Tender,Percentage,Civil Works - Others,No,No,NA ,17-Apr-2026 03:00 PM,20-Apr-2026 03:30 PM ,120.0,No ,No,Online,23-Apr-2026 03:30 PM,Municipal Bodies||Bhubaneswar Municipal Corporation,BMC AREA,751022.0,1.0,"15,96,879",PRABHATA KUMAR SAHOO,"1,221,038",Accepted-AOC,01-Jun-2026,Municipal Bodies||Bhubaneswar Municipal Corporation,True,"{'Flood': 0, 'Embankment': 0, 'embkt': 0, 'Relief': 0, 'Erosion': 0, 'SDRF': 0, 'Inundation': 0, 'Hydrology': 0, 'Silt': 0, 'Siltation': 0, 'Bund': 0, 'Trench': 0, 'Breach': 0, 'Culvert': 0, 'Sluice': 0, 'Dyke': 0, 'Storm water drain': 0, 'Emergency': 0, 'Immediate': 0, 'IM': 0, 'AE': 0, 'A E': 0, 'AAPDA MITRA': 0, 'flood': 0, 'Bridge': 0, 'River': 0, 'Drain': 2, 'Restoration': 0, 'Protection': 0, 'irr': 0, 'irrigation': 0, 'dam': 0, 'Nallah': 0, 'Retrofitting': 0, 'Pond': 0, 'Pokhari': 0, 'D/C': 0, 'Recharge shaft': 0, 'LFB': 0, 'RFB': 0}","{'Floodlight': 0, 'Flood Light': 0, 'GAS': 0, 'FIFA': 0, 'pipe': 0, 'pipes': 0, 'covid': 0, 'supply': 0, 'Beautification': 0, 'Installation': 0}",Pre-Monsoon,,False,True,Repair and Restoration,{'Drain': 2}
2026_ORULB_127216_6,41/SMC_SBP/2025-26,"Development of road and drain from Municipal road to Beheramunda village, ward no.18.","Development of road and drain from Municipal road to Beheramunda village, ward no.18.",Works,Open Tender,Percentage,Civil Works - Others,No,No,NA ,14-Mar-2026 11:00 AM,NA ,120.0,No ,No,Online,24-Mar-2026 11:00 AM,Municipal Bodies||Sambalpur Municipal Corporation,SAMBALPUR MUNICIPAL CORPORATION,768006.0,1.0,"16,96,457","M/s. SURVEILLANCE SYSTEM, PROPRIETOR- ESHA JHAJHARIA","1,696,457",Rejected-Technical,22-Jun-2026,Municipal Bodies||Sambalpur Municipal Corporation,True,"{'Flood': 0, 'Embankment': 0, 'embkt': 0, 'Relief': 0, 'Erosion': 0, 'SDRF': 0, 'Inundation': 0, 'Hydrology': 0, 'Silt': 0, 'Siltation': 0, 'Bund': 0, 'Trench': 0, 'Breach': 0, 'Culvert': 0, 'Sluice': 0, 'Dyke': 0, 'Storm water drain': 0, 'Emergency': 0, 'Immediate': 0, 'IM': 0, 'AE': 0, 'A E': 0, 'AAPDA MITRA': 0, 'flood': 0, 'Bridge': 0, 'River': 0, 'Drain': 2, 'Restoration': 0, 'Protection': 0, 'irr': 0, 'irrigation': 0, 'dam': 0, 'Nallah': 0, 'Retrofitting': 0, 'Pond': 0, 'Pokhari': 0, 'D/C': 0, 'Recharge shaft': 0, 'LFB': 0, 'RFB': 0}","{'Floodlight': 0, 'Flood Light': 0, 'GAS': 0, 'FIFA': 0, 'pipe': 0, 'pipes': 0, 'covid': 0, 'supply': 0, 'Beautification': 0, 'Installation': 0}",Pre-Monsoon,,False,True,Repair and Restoration,{'Drain': 2}
2026_ORULB_126552_23,06/PKDM-2025-26,"Construction of Cover plate over drain and repair of road at Seri St. to Bakiti St. down, Seri Jagili St., Seri St. main road, Ward No.6",Construction of Cover plate over drain and repair of road work,Works,Open Tender,Percentage,Civil Works - Others,No,No,NA ,27-Feb-2026 10:00 AM,NA ,90.0,No ,No,Online,13-Mar-2026 11:00 AM,Municipal Bodies||Parlakhemundi Municipal Council,Paralakhemundi Municipality,761200.0,1.0,"2,66,272",CHITTARANJAN DASH,"266,006",Accepted-AOC,08-Jun-2026,Municipal Bodies||Parlakhemundi Municipal Council,True,"{'Flood': 0, 'Embankment': 0, 'embkt': 0, 'Relief': 0, 'Erosion': 0, 'SDRF': 0, 'Inundation': 0, 'Hydrology': 0, 'Silt': 0, 'Siltation': 0, 'Bund': 0, 'Trench': 0, 'Breach': 0, 'Culvert': 0, 'Sluice': 0, 'Dyke': 0, 'Storm water drain': 0, 'Emergency': 0, 'Immediate': 0, 'IM': 0, 'AE': 0, 'A E': 0, 'AAPDA MITRA': 0, 'flood': 0, 'Bridge': 0, 'River': 0, 'Drain': 2, 'Restoration': 0, 'Protection': 0, 'irr': 0, 'irrigation': 0, 'dam': 0, 'Nallah': 0, 'Retrofitting': 0, 'Pond': 0, 'Pokhari': 0, 'D/C': 0, 'Recharge shaft': 0, 'LFB': 0, 'RFB': 0}","{'Floodlight': 0, 'Flood Light': 0, 'GAS': 0, 'FIFA': 0, 'pipe': 0, 'pipes': 0, 'covid': 0, 'supply': 0, 'Beautification': 0, 'Installation': 0}",Post-Monsoon,,False,True,Repair and Restoration,"{'repair': 2, 'Construction': 2, 'Drain': 2}"
2026_STSCD_127876_4,BidIdentificationNo-01/2026-27,Construction of CC Road from Charan Pokhari to Fudan House via Jara-Bale in Jasipur village under Bahalda Block.,Construction of CC Road from Charan Pokhari to Fudan House via Jara-Bale in Jasipur village under Bahalda Block.,Works,Open Tender,Percentage,Civil Works - Roads,No,No,NA ,07-Apr-2026 11:00 AM,NA ,90.0,No ,No,Online,22-Apr-2026 11:00 AM,ST and SC Development Deptt||ITDA Rairangpur,Jashipur,757053.0,1.0,"33,61,505",TULASHI RAJAK,"3,344,697.48",Rejected-AOC,26-Jun-2026,ST and SC Development Deptt||ITDA Rairangpur,True,"{'Flood': 0, 'Embankment': 0, 'embkt': 0, 'Relief': 0, 'Erosion': 0, 'SDRF': 0, 'Inundation': 0, 'Hydrology': 0, 'Silt': 0, 'Siltation': 0, 'Bund': 0, 'Trench': 0, 'Breach': 0, 'Culvert': 0, 'Sluice': 0, 'Dyke': 0, 'Storm water drain': 0, 'Emergency': 0, 'Immediate': 0, 'IM': 0, 'AE': 0, 'A E': 0, 'AAPDA MITRA': 0, 'flood': 0, 'Bridge': 0, 'River': 0, 'Drain': 0, 'Restoration': 0, 'Protection': 0, 'irr': 0, 'irrigation': 0, 'dam': 0, 'Nallah': 0, 'Retrofitting': 0, 'Pond': 0, 'Pokhari': 2, 'D/C': 0, 'Recharge shaft': 0, 'LFB': 0, 'RFB': 0}","{'Floodlight': 0, 'Flood Light': 0, 'GAS': 0, 'FIFA': 0, 'pipe': 0, 'pipes': 0, 'covid': 0, 'supply': 0, 'Beautification': 0, 'Installation': 0}",Pre-Monsoon,,False,True,Repair and Restoration,{'Construction': 2}
2026_ORULB_126857_88,06/BGH- MUN/2025-26,"Construction of balance concrete portion CC Road, Drain and slab to Sanjeeb Mohanty house w.no-18","Construction of balance concrete portion CC Road, Drain and slab to Sanjeeb Mohanty house w.no-18",Works,Open Tender,Percentage,Civil Works - Others,No,No,NA ,06-Mar-2026 04:00 PM,NA ,90.0,No ,No,Online,17-Mar-2026 11:00 AM,Municipal Bodies||Bargarh Municipal Council,Bargarh,768028.0,1.0,"19,00,000",BHARAT MOHANTY,"1,288,103.788",Rejected-Finance,10-Jun-2026,Municipal Bodies||Bargarh Municipal Council,True,"{'Flood': 0, 'Embankment': 0, 'embkt': 0, 'Relief': 0, 'Erosion': 0, 'SDRF': 0, 'Inundation': 0, 'Hydrology': 0, 'Silt': 0, 'Siltation': 0, 'Bund': 0, 'Trench': 0, 'Breach': 0, 'Culvert': 0, 'Sluice': 0, 'Dyke': 0, 'Storm water drain': 0, 'Emergency': 0, 'Immediate': 0, 'IM': 0, 'AE': 0, 'A E': 0, 'AAPDA MITRA': 0, 'flood': 0, 'Bridge': 0, 'River': 0, 'Drain': 2, 'Restoration': 0, 'Protection': 0, 'irr': 0, 'irrigation': 0, 'dam': 0, 'Nallah': 0, 'Retrofitting': 0, 'Pond': 0, 'Pokhari': 0, 'D/C': 0, 'Recharge shaft': 0, 'LFB': 0, 'RFB': 0}","{'Floodlight': 0, 'Flood Light': 0, 'GAS': 0, 'FIFA': 0, 'pipe': 0, 'pipes': 0, 'covid': 0, 'supply': 0, 'Beautification': 0, 'Installation': 0}",Pre-Monsoon,,False,True,Repair and Restoration,"{'Construction': 2, 'Drain': 2}"
2026_CERWI_126169_1,EE/RWELECT/SBP/41/2025-26,Shifting of 11 KV lines from the approch road for the work construction of Bridge over Lingara Nallah on Dudhiabeda to Badakerjang road in the district of Angul under BSY Non Res Building vide Lr no 489 date 24.01.2026 of SERW Angul Under RWES Angul,Shifting of 11 KV lines from the approch road for the work construction of Bridge over Lingara Nallah on Dudhiabeda to Badakerjang road in the district of Angul under BSY Non Res Building vide Lr no 489 date 24.01.2026 of SERW Angul Under RWES Angul,Works,Open Tender,Percentage,Electrical Works,No,No,NA ,17-Feb-2026 11:00 AM,NA ,90.0,No ,No,Online,27-Feb-2026 11:30 AM,CE RW I||RW Electrical Circle Bhubaneswar||RW Electrical Division Sambalpur,Angul,768001.0,1.0,"10,50,301",SRIDHAR SAHOO,"869,439.266",Rejected-Finance,17-Jun-2026,CE RW I||RW Electrical Circle Bhubaneswar||RW Electrical Division Sambalpur,True,"{'Flood': 0, 'Embankment': 0, 'embkt': 0, 'Relief': 0, 'Erosion': 0, 'SDRF': 0, 'Inundation': 0, 'Hydrology': 0, 'Silt': 0, 'Siltation': 0, 'Bund': 0, 'Trench': 0, 'Breach': 0, 'Culvert': 0, 'Sluice': 0, 'Dyke': 0, 'Storm water drain': 0, 'Emergency': 0, 'Immediate': 0, 'IM': 0, 'AE': 0, 'A E': 0, 'AAPDA MITRA': 0, 'flood': 0, 'Bridge': 2, 'River': 0, 'Drain': 0, 'Restoration': 0, 'Protection': 0, 'irr': 0, 'irrigation': 0, 'dam': 0, 'Nallah': 2, 'Retrofitting': 0, 'Pond': 0, 'Pokhari': 0, 'D/C': 0, 'Recharge shaft': 0, 'LFB': 0, 'RFB': 0}","{'Floodlight': 0, 'Flood Light': 0, 'GAS': 0, 'FIFA': 0, 'pipe': 0, 'pipes': 0, 'covid': 0, 'supply': 0, 'Beautification': 0, 'Installation': 0}",Post-Monsoon,,False,True,Repair and Restoration,"{'Construction': 2, 'Bridge': 2}"
2026_ORULB_126552_21,06/PKDM-2025-26,"Construction of Cover plate over drain and repair of road at Laxmi nagar backside, Rajuguru Sahi backside, Training School road, Kadma Khandi Sahi, Katikia Gouda Sahi area, MMH School Road, Srikarana Street, Ward No.4",Construction of Cover plate over drain and repair of road work,Works,Open Tender,Percentage,Civil Works - Others,No,No,NA ,27-Feb-2026 10:00 AM,NA ,90.0,No ,No,Online,13-Mar-2026 11:00 AM,Municipal Bodies||Parlakhemundi Municipal Council,Paralakhemundi Municipality,761200.0,1.0,"16,60,578",LOPINTI REKHA,"1,660,412",Rejected-AOC,08-Jun-2026,Municipal Bodies||Parlakhemundi Municipal Council,True,"{'Flood': 0, 'Embankment': 0, 'embkt': 0, 'Relief': 0, 'Erosion': 0, 'SDRF': 0, 'Inundation': 0, 'Hydrology': 0, 'Silt': 0, 'Siltation': 0, 'Bund': 0, 'Trench': 0, 'Breach': 0, 'Culvert': 0, 'Sluice': 0, 'Dyke': 0, 'Storm water drain': 0, 'Emergency': 0, 'Immediate': 0, 'IM': 0, 'AE': 0, 'A E': 0, 'AAPDA MITRA': 0, 'flood': 0, 'Bridge': 0, 'River': 0, 'Drain': 2, 'Restoration': 0, 'Protection': 0, 'irr': 0, 'irrigation': 0, 'dam': 0, 'Nallah': 0, 'Retrofitting': 0, 'Pond': 0, 'Pokhari': 0, 'D/C': 0, 'Recharge shaft': 0, 'LFB': 0, 'RFB': 0}","{'Floodlight': 0, 'Flood Light': 0, 'GAS': 0, 'FIFA': 0, 'pipe': 0, 'pipes': 0, 'covid': 0, 'supply': 0, 'Beautification': 0, 'Installation': 0}",Post-Monsoon,,False,True,Repair and Restoration,"{'repair': 2, 'Construction': 2, 'Drain': 2}"
2026_ORULB_126616_22,MC(CMC)CTC_Div-IIiNo39/2025-26,"Constrction of Road and Drain at Kendrapara Main Road, Madhusudan Nagar entarnce to Naba Sethy House at New Toral in Ward no-49.","Constrction of Road and Drain at Kendrapara Main Road, Madhusudan Nagar entarnce to Naba Sethy House at New Toral in Ward no-49.",Works,Open Tender,Percentage,Civil Works - Others,No,No,NA ,30-Mar-2026 11:00 AM,NA ,105.0,No ,No,Online,17-Apr-2026 10:00 AM,Municipal Bodies||Cuttack Municipal Corporation,CMC,753012.0,1.0,"12,56,847",BINAY PRASAD MOHAPATRA,"1,256,841",Rejected-AOC,23-Jun-2026,Municipal Bodies||Cuttack Municipal Corporation,True,"{'Flood': 0, 'Embankment': 0, 'embkt': 0, 'Relief': 0, 'Erosion': 0, 'SDRF': 0, 'Inundation': 0, 'Hydrology': 0, 'Silt': 0, 'Siltation': 0, 'Bund': 0, 'Trench': 0, 'Breach': 0, 'Culvert': 0, 'Sluice': 0, 'Dyke': 0, 'Storm water drain': 0, 'Emergency': 0, 'Immediate': 0, 'IM': 0, 'AE': 0, 'A E': 0, 'AAPDA MITRA': 0, 'flood': 0, 'Bridge': 0, 'River': 0, 'Drain': 2, 'Restoration': 0, 'Protection': 0, 'irr': 0, 'irrigation': 0, 'dam': 0, 'Nallah': 0, 'Retrofitting': 0, 'Pond': 0, 'Pokhari': 0, 'D/C': 0, 'Recharge shaft': 0, 'LFB': 0, 'RFB': 0}","{'Floodlight': 0, 'Flood Light': 0, 'GAS': 0, 'FIFA': 0, 'pipe': 0, 'pipes': 0, 'covid': 0, 'supply': 0, 'Beautification': 0, 'Installation': 0}",Pre-Monsoon,,False,True,Repair and Restoration,{'Drain': 2}
2026_ECCHA_126597_2,"e-Procurement Notice No.ACE, EC-II 11 of 2025-26","ACE, EC-II JKID 37 of 2025-26 Scoured Bank Protection to Brahmani Left Embankment at village Durgapur on OAE-18B.",Embankment protection,Works,National Competitive Bid,Percentage,Civil Works - Others,No,No,NA ,25-Feb-2026 11:00 AM,NA ,90.0,No ,No,Online,12-Mar-2026 11:30 AM,CE AND BM MBBS CHANDIKOLE||EASTERN CIRCLE II CHANDIKOLE,Jaraka,755050.0,2.0,"2,22,35,284",AMIT KUMAR,"17,810,462",Rejected-Finance,21-Jun-2026,CE AND BM MBBS CHANDIKOLE||EASTERN CIRCLE II CHANDIKOLE,True,"{'Flood': 0, 'Embankment': 2, 'embkt': 0, 'Relief': 0, 'Erosion': 0, 'SDRF': 0, 'Inundation': 0, 'Hydrology': 0, 'Silt': 0, 'Siltation': 0, 'Bund': 0, 'Trench': 0, 'Breach': 0, 'Culvert': 0, 'Sluice': 0, 'Dyke': 0, 'Storm water drain': 0, 'Emergency': 0, 'Immediate': 0, 'IM': 0, 'AE': 0, 'A E': 0, 'AAPDA MITRA': 0, 'flood': 0, 'Bridge': 0, 'River': 0, 'Drain': 0, 'Restoration': 0, 'Protection': 2, 'irr': 0, 'irrigation': 0, 'dam': 0, 'Nallah': 0, 'Retrofitting': 0, 'Pond': 0, 'Pokhari': 0, 'D/C': 0, 'Recharge shaft': 0, 'LFB': 0, 'RFB': 0}","{'Floodlight': 0, 'Flood Light': 0, 'GAS': 0, 'FIFA': 0, 'pipe': 0, 'pipes': 0, 'covid': 0, 'supply': 0, 'Beautification': 0, 'Installation': 0}",Post-Monsoon,,False,True,Preparedness Measures,"{'Protection': 2, 'scoured': 1, 'Scoured bank': 1}"
2026_ECCHA_126597_3,"e-Procurement Notice No.ACE, EC-II 11 of 2025-26","ACE, EC-II JKID 38 of 2025-26 Scoured Bank Protection to Brahmani Left Embankment near village Nuahata on OAE-18B.",Embankment protection,Works,National Competitive Bid,Percentage,Civil Works - Others,No,No,NA ,25-Feb-2026 11:00 AM,NA ,90.0,No ,No,Online,12-Mar-2026 11:30 AM,CE AND BM MBBS CHANDIKOLE||EASTERN CIRCLE II CHANDIKOLE,Jaraka,755050.0,2.0,"2,41,08,504",SATYAJIT SAMAL,"20,395,794",Rejected-Finance,21-Jun-2026,CE AND BM MBBS CHANDIKOLE||EASTERN CIRCLE II CHANDIKOLE,True,"{'Flood': 0, 'Embankment': 2, 'embkt': 0, 'Relief': 0, 'Erosion': 0, 'SDRF': 0, 'Inundation': 0, 'Hydrology': 0, 'Silt': 0, 'Siltation': 0, 'Bund': 0, 'Trench': 0, 'Breach': 0, 'Culvert': 0, 'Sluice': 0, 'Dyke': 0, 'Storm water drain': 0, 'Emergency': 0, 'Immediate': 0, 'IM': 0, 'AE': 0, 'A E': 0, 'AAPDA MITRA': 0, 'flood': 0, 'Bridge': 0, 'River': 0, 'Drain': 0, 'Restoration': 0, 'Protection': 2, 'irr': 0, 'irrigation': 0, 'dam': 0, 'Nallah': 0, 'Retrofitting': 0, 'Pond': 0, 'Pokhari': 0, 'D/C': 0, 'Recharge shaft': 0, 'LFB': 0, 'RFB': 0}","{'Floodlight': 0, 'Flood Light': 0, 'GAS': 0, 'FIFA': 0, 'pipe': 0, 'pipes': 0, 'covid': 0, 'supply': 0, 'Beautification': 0, 'Installation': 0}",Post-Monsoon,,False,True,Preparedness Measures,"{'Protection': 2, 'scoured': 1, 'Scoured bank': 1}"
2026_CERWI_126028_1,NCB 405,Construction of H.L. Bridge over Local Nallah at 1st Km on Ruansi to Jhulan road,Construction of H.L. Bridge over Local Nallah at 1st Km on Ruansi to Jhulan road,Works,National Competitive Bid,Percentage,Civil Works - Bridges,No,No,NA ,13-Feb-2026 06:55 PM,NA ,90.0,No ,No,Online,02-Mar-2026 11:00 AM,CE RW I||RWCIRCLE-BARIPADA,Mayurbhanj,757105.0,2.0,"4,30,26,000",SATYABRATA DHAL,"30,982,389",Rejected-AOC,22-Jun-2026,CE RW I||RWCIRCLE-BARIPADA,True,"{'Flood': 0, 'Embankment': 0, 'embkt': 0, 'Relief': 0, 'Erosion': 0, 'SDRF': 0, 'Inundation': 0, 'Hydrology': 0, 'Silt': 0, 'Siltation': 0, 'Bund': 0, 'Trench': 0, 'Breach': 0, 'Culvert': 0, 'Sluice': 0, 'Dyke': 0, 'Storm water drain': 0, 'Emergency': 0, 'Immediate': 0, 'IM': 0, 'AE': 0, 'A E': 0, 'AAPDA MITRA': 0, 'flood': 0, 'Bridge': 2, 'River': 0, 'Drain': 0, 'Restoration': 0, 'Protection': 0, 'irr': 0, 'irrigation': 0, 'dam': 0, 'Nallah': 2, 'Retrofitting': 0, 'Pond': 0, 'Pokhari': 0, 'D/C': 0, 'Recharge shaft': 0, 'LFB': 0, 'RFB': 0}","{'Floodlight': 0, 'Flood Light': 0, 'GAS': 0, 'FIFA': 0, 'pipe': 0, 'pipes': 0, 'covid': 0, 'supply': 0, 'Beautification': 0, 'Installation': 0}",Post-Monsoon,,False,True,Repair and Restoration,"{'Construction': 2, 'Bridge': 2}"
2026_ORULB_127314_2,43/SMC_SBP/2025-26,Construction of drain and Box Culvert near Central School towards urvashi vihar in ward no.19,Construction of drain and Box Culvert near Central School towards urvashi vihar in ward no.19,Works,Open Tender,Percentage,Civil Works - Others,No,No,NA ,17-Mar-2026 04:00 PM,NA ,120.0,No ,No,Online,30-Mar-2026 11:00 AM,Municipal Bodies||Sambalpur Municipal Corporation,SAMBALPUR MUNICIPAL CORPORATION,768006.0,1.0,"25,69,007",JK CONSTRUCTION AND EQUIPMENT,"2,569,007.12",Rejected-Technical,30-Jun-2026,Municipal Bodies||Sambalpur Municipal Corporation,True,"{'Flood': 0, 'Embankment': 0, 'embkt': 0, 'Relief': 0, 'Erosion': 0, 'SDRF': 0, 'Inundation': 0, 'Hydrology': 0, 'Silt': 0, 'Siltation': 0, 'Bund': 0, 'Trench': 0, 'Breach': 0, 'Culvert': 2, 'Sluice': 0, 'Dyke': 0, 'Storm water drain': 0, 'Emergency': 0, 'Immediate': 0, 'IM': 0, 'AE': 0, 'A E': 0, 'AAPDA MITRA': 0, 'flood': 0, 'Bridge': 0, 'River': 0, 'Drain': 2, 'Restoration': 0, 'Protection': 0, 'irr': 0, 'irrigation': 0, 'dam': 0, 'Nallah': 0, 'Retrofitting': 0, 'Pond': 0, 'Pokhari': 0, 'D/C': 0, 'Recharge shaft': 0, 'LFB': 0, 'RFB': 0}","{'Floodlight': 0, 'Flood Light': 0, 'GAS': 0, 'FIFA': 0, 'pipe': 0, 'pipes': 0, 'covid': 0, 'supply': 0, 'Beautification': 0, 'Installation': 0}",Pre-Monsoon,,False,True,Repair and Restoration,"{'Construction': 2, 'Drain': 2}"
2026_ORULB_126552_20,06/PKDM-2025-26,"Construction of Cover plate over drain and repair of road at Station road to Hatapada, Hatapada to Rajuguru Street, Sunari St., Chitrakara Street, Ward No.3",Construction of Cover plate over drain and repair of road work,Works,Open Tender,Percentage,Civil Works - Others,No,No,NA ,27-Feb-2026 10:00 AM,NA ,90.0,No ,No,Online,13-Mar-2026 11:00 AM,Municipal Bodies||Parlakhemundi Municipal Council,Paralakhemundi Municipality,761200.0,1.0,"7,65,344",CHITTARANJAN DASH,"757,690",Accepted-AOC,08-Jun-2026,Municipal Bodies||Parlakhemundi Municipal Council,True,"{'Flood': 0, 'Embankment': 0, 'embkt': 0, 'Relief': 0, 'Erosion': 0, 'SDRF': 0, 'Inundation': 0, 'Hydrology': 0, 'Silt': 0, 'Siltation': 0, 'Bund': 0, 'Trench': 0, 'Breach': 0, 'Culvert': 0, 'Sluice': 0, 'Dyke': 0, 'Storm water drain': 0, 'Emergency': 0, 'Immediate': 0, 'IM': 0, 'AE': 0, 'A E': 0, 'AAPDA MITRA': 0, 'flood': 0, 'Bridge': 0, 'River': 0, 'Drain': 2, 'Restoration': 0, 'Protection': 0, 'irr': 0, 'irrigation': 0, 'dam': 0, 'Nallah': 0, 'Retrofitting': 0, 'Pond': 0, 'Pokhari': 0, 'D/C': 0, 'Recharge shaft': 0, 'LFB': 0, 'RFB': 0}","{'Floodlight': 0, 'Flood Light': 0, 'GAS': 0, 'FIFA': 0, 'pipe': 0, 'pipes': 0, 'covid': 0, 'supply': 0, 'Beautification': 0, 'Installation': 0}",Post-Monsoon,,False,True,Repair and Restoration,"{'repair': 2, 'Construction': 2, 'Drain': 2}"
2026_ORULB_126552_34,06/PKDM-2025-26,"Construction of right side drain from Hi-tech apartment to main road, W.No.1",Construction of right side drain work,Works,Open Tender,Percentage,Civil Works - Others,No,No,NA ,27-Feb-2026 10:00 AM,NA ,90.0,No ,No,Online,13-Mar-2026 11:00 AM,Municipal Bodies||Parlakhemundi Municipal Council,Paralakhemundi Municipality,761200.0,1.0,"16,59,819",SIMMA ALLADA,"1,643,221",Rejected-AOC,08-Jun-2026,Municipal Bodies||Parlakhemundi Municipal Council,True,"{'Flood': 0, 'Embankment': 0, 'embkt': 0, 'Relief': 0, 'Erosion': 0, 'SDRF': 0, 'Inundation': 0, 'Hydrology': 0, 'Silt': 0, 'Siltation': 0, 'Bund': 0, 'Trench': 0, 'Breach': 0, 'Culvert': 0, 'Sluice': 0, 'Dyke': 0, 'Storm water drain': 0, 'Emergency': 0, 'Immediate': 0, 'IM': 0, 'AE': 0, 'A E': 0, 'AAPDA MITRA': 0, 'flood': 0, 'Bridge': 0, 'River': 0, 'Drain': 2, 'Restoration': 0, 'Protection': 0, 'irr': 0, 'irrigation': 0, 'dam': 0, 'Nallah': 0, 'Retrofitting': 0, 'Pond': 0, 'Pokhari': 0, 'D/C': 0, 'Recharge shaft': 0, 'LFB': 0, 'RFB': 0}","{'Floodlight': 0, 'Flood Light': 0, 'GAS': 0, 'FIFA': 0, 'pipe': 0, 'pipes': 0, 'covid': 0, 'supply': 0, 'Beautification': 0, 'Installation': 0}",Post-Monsoon,,False,True,Repair and Restoration,"{'Construction': 2, 'Drain': 2}"
2026_ORULB_127216_5,41/SMC_SBP/2025-26,"Construction of Drain at Chandan Nagar ,from Chhal Bihari Pathak house to Umashankar Mishra house ,Ward No.15","Construction of Drain at Chandan Nagar ,from Chhal Bihari Pathak house to Umashankar Mishra house ,Ward No.15",Works,Open Tender,Percentage,Civil Works - Others,No,No,NA ,14-Mar-2026 11:00 AM,NA ,120.0,No ,No,Online,24-Mar-2026 11:00 AM,Municipal Bodies||Sambalpur Municipal Corporation,SAMBALPUR MUNICIPAL CORPORATION,768006.0,1.0,"4,12,725",SAROJ SETH,"412,725",Rejected-Technical,22-Jun-2026,Municipal Bodies||Sambalpur Municipal Corporation,True,"{'Flood': 0, 'Embankment': 0, 'embkt': 0, 'Relief': 0, 'Erosion': 0, 'SDRF': 0, 'Inundation': 0, 'Hydrology': 0, 'Silt': 0, 'Siltation': 0, 'Bund': 0, 'Trench': 0, 'Breach': 0, 'Culvert': 0, 'Sluice': 0, 'Dyke': 0, 'Storm water drain': 0, 'Emergency': 0, 'Immediate': 0, 'IM': 0, 'AE': 0, 'A E': 0, 'AAPDA MITRA': 0, 'flood': 0, 'Bridge': 0, 'River': 0, 'Drain': 2, 'Restoration': 0, 'Protection': 0, 'irr': 0, 'irrigation': 0, 'dam': 0, 'Nallah': 0, 'Retrofitting': 0, 'Pond': 0, 'Pokhari': 0, 'D/C': 0, 'Recharge shaft': 0, 'LFB': 0, 'RFB': 0}","{'Floodlight': 0, 'Flood Light': 0, 'GAS': 0, 'FIFA': 0, 'pipe': 0, 'pipes': 0, 'covid': 0, 'supply': 0, 'Beautification': 0, 'Installation': 0}",Pre-Monsoon,,False,True,Repair and Restoration,"{'Construction': 2, 'Drain': 2}"
2026_ORULB_128804_5,08/SMC_SBP/2026-27,"Construction of Paver Road and Drain From Jain Infotech to main road Adarsh Marg, Ainthapali, Ward no-21","Construction of Paver Road and Drain From Jain Infotech to main road Adarsh Marg, Ainthapali, Ward no-21",Works,Open Tender,Percentage,Civil Works - Others,No,No,NA ,08-May-2026 11:00 AM,NA ,120.0,No ,No,Online,19-May-2026 11:00 AM,Municipal Bodies||Sambalpur Municipal Corporation,SAMBALPUR MUNICIPAL CORPORATION,768006.0,1.0,"7,59,392",ABHINAS NANDA,"759,392.57",Accepted-AOC,22-Jun-2026,Municipal Bodies||Sambalpur Municipal Corporation,True,"{'Flood': 0, 'Embankment': 0, 'embkt': 0, 'Relief': 0, 'Erosion': 0, 'SDRF': 0, 'Inundation': 0, 'Hydrology': 0, 'Silt': 0, 'Siltation': 0, 'Bund': 0, 'Trench': 0, 'Breach': 0, 'Culvert': 0, 'Sluice': 0, 'Dyke': 0, 'Storm water drain': 0, 'Emergency': 0, 'Immediate': 0, 'IM': 0, 'AE': 0, 'A E': 0, 'AAPDA MITRA': 0, 'flood': 0, 'Bridge': 0, 'River': 0, 'Drain': 2, 'Restoration': 0, 'Protection': 0, 'irr': 0, 'irrigation': 0, 'dam': 0, 'Nallah': 0, 'Retrofitting': 0, 'Pond': 0, 'Pokhari': 0, 'D/C': 0, 'Recharge shaft': 0, 'LFB': 0, 'RFB': 0}","{'Floodlight': 0, 'Flood Light': 0, 'GAS': 0, 'FIFA': 0, 'pipe': 0, 'pipes': 0, 'covid': 0, 'supply': 0, 'Beautification': 0, 'Installation': 0}",Pre-Monsoon,,False,True,Repair and Restoration,"{'Construction': 2, 'Drain': 2}"
2026_ORULB_126857_89,06/BGH- MUN/2025-26,"Construction of CC Road, Drain and slab from bandha pada kuna sahu house to siva mandir w.no-18","Construction of CC Road, Drain and slab from bandha pada kuna sahu house to siva mandir w.no-18",Works,Open Tender,Percentage,Civil Works - Others,No,No,NA ,06-Mar-2026 04:00 PM,NA ,90.0,No ,No,Online,17-Mar-2026 11:00 AM,Municipal Bodies||Bargarh Municipal Council,Bargarh,768028.0,1.0,"15,01,788",RANJAN SETH,"1,018,196.08",Rejected-Finance,10-Jun-2026,Municipal Bodies||Bargarh Municipal Council,True,"{'Flood': 0, 'Embankment': 0, 'embkt': 0, 'Relief': 0, 'Erosion': 0, 'SDRF': 0, 'Inundation': 0, 'Hydrology': 0, 'Silt': 0, 'Siltation': 0, 'Bund': 0, 'Trench': 0, 'Breach': 0, 'Culvert': 0, 'Sluice': 0, 'Dyke': 0, 'Storm water drain': 0, 'Emergency': 0, 'Immediate': 0, 'IM': 0, 'AE': 0, 'A E': 0, 'AAPDA MITRA': 0, 'flood': 0, 'Bridge': 0, 'River': 0, 'Drain': 2, 'Restoration': 0, 'Protection': 0, 'irr': 0, 'irrigation': 0, 'dam': 0, 'Nallah': 0, 'Retrofitting': 0, 'Pond': 0, 'Pokhari': 0, 'D/C': 0, 'Recharge shaft': 0, 'LFB': 0, 'RFB': 0}","{'Floodlight': 0, 'Flood Light': 0, 'GAS': 0, 'FIFA': 0, 'pipe': 0, 'pipes': 0, 'covid': 0, 'supply': 0, 'Beautification': 0, 'Installation': 0}",Pre-Monsoon,,False,True,Repair and Restoration,"{'Construction': 2, 'Drain': 2}"
2026_ORULB_126857_62,06/BGH- MUN/2025-26,Construction of CC Road and Drain from manojmeher to swetamehergali via debtagali w.no-13,Construction of CC Road and Drain from manojmeher to swetamehergali via debtagali w.no-13,Works,Open Tender,Percentage,Civil Works - Others,No,No,NA ,06-Mar-2026 04:00 PM,NA ,90.0,No ,No,Online,17-Mar-2026 11:00 AM,Municipal Bodies||Bargarh Municipal Council,Bargarh,768028.0,1.0,"7,04,932",MAMATA AGRAWAL,"597,400.957",Accepted-Technical,26-Jun-2026,Municipal Bodies||Bargarh Municipal Council,True,"{'Flood': 0, 'Embankment': 0, 'embkt': 0, 'Relief': 0, 'Erosion': 0, 'SDRF': 0, 'Inundation': 0, 'Hydrology': 0, 'Silt': 0, 'Siltation': 0, 'Bund': 0, 'Trench': 0, 'Breach': 0, 'Culvert': 0, 'Sluice': 0, 'Dyke': 0, 'Storm water drain': 0, 'Emergency': 0, 'Immediate': 0, 'IM': 0, 'AE': 0, 'A E': 0, 'AAPDA MITRA': 0, 'flood': 0, 'Bridge': 0, 'River': 0, 'Drain': 2, 'Restoration': 0, 'Protection': 0, 'irr': 0, 'irrigation': 0, 'dam': 0, 'Nallah': 0, 'Retrofitting': 0, 'Pond': 0, 'Pokhari': 0, 'D/C': 0, 'Recharge shaft': 0, 'LFB': 0, 'RFB': 0}","{'Floodlight': 0, 'Flood Light': 0, 'GAS': 0, 'FIFA': 0, 'pipe': 0, 'pipes': 0, 'covid': 0, 'supply': 0, 'Beautification': 0, 'Installation': 0}",Pre-Monsoon,,False,True,Repair and Restoration,"{'Construction': 2, 'Drain': 2}"
2026_ORULB_126616_12,MC(CMC)CTC_Div-IIiNo39/2025-26,Re-construction of CC road and culvert from Udayanath Sahoo res to Ramakanta Mohapatra res at Mahanadi Vihar in Ward No.47.,Re-construction of CC road and culvert from Udayanath Sahoo res to Ramakanta Mohapatra res at Mahanadi Vihar in Ward No.47.,Works,Open Tender,Percentage,Civil Works - Others,No,No,NA ,30-Mar-2026 11:00 AM,NA ,105.0,No ,No,Online,17-Apr-2026 10:00 AM,Municipal Bodies||Cuttack Municipal Corporation,CMC,753012.0,1.0,"9,32,045",BINAY PRASAD MOHAPATRA,"932,045",Rejected-AOC,23-Jun-2026,Municipal Bodies||Cuttack Municipal Corporation,True,"{'Flood': 0, 'Embankment': 0, 'embkt': 0, 'Relief': 0, 'Erosion': 0, 'SDRF': 0, 'Inundation': 0, 'Hydrology': 0, 'Silt': 0, 'Siltation': 0, 'Bund': 0, 'Trench': 0, 'Breach': 0, 'Culvert': 2, 'Sluice': 0, 'Dyke': 0, 'Storm water drain': 0, 'Emergency': 0, 'Immediate': 0, 'IM': 0, 'AE': 0, 'A E': 0, 'AAPDA MITRA': 0, 'flood': 0, 'Bridge': 0, 'River': 0, 'Drain': 0, 'Restoration': 0, 'Protection': 0, 'irr': 0, 'irrigation': 0, 'dam': 0, 'Nallah': 0, 'Retrofitting': 0, 'Pond': 0, 'Pokhari': 0, 'D/C': 0, 'Recharge shaft': 0, 'LFB': 0, 'RFB': 0}","{'Floodlight': 0, 'Flood Light': 0, 'GAS': 0, 'FIFA': 0, 'pipe': 0, 'pipes': 0, 'covid': 0, 'supply': 0, 'Beautification': 0, 'Installation': 0}",Pre-Monsoon,,False,True,Repair and Restoration,{'Construction': 2}
2026_RMC_128130_2,MC/RMC/25/2026,"Repair and renovation of road and drain at C2M block chhend phase II , Ward No.15 under RMC Rourkela",Works,Works,Open Tender,Percentage,Civil Works - Others,No,No,NA ,15-Apr-2026 06:00 PM,NA ,90.0,No ,No,Online,30-Apr-2026 11:00 AM,Rourkela Municipal Corporation,Rourkela,769012.0,1.0,"27,75,000",AMULYA KUMAR SETHI,"2,774,776.06",Rejected-Technical,20-Jun-2026,Rourkela Municipal Corporation,True,"{'Flood': 0, 'Embankment': 0, 'embkt': 0, 'Relief': 0, 'Erosion': 0, 'SDRF': 0, 'Inundation': 0, 'Hydrology': 0, 'Silt': 0, 'Siltation': 0, 'Bund': 0, 'Trench': 0, 'Breach': 0, 'Culvert': 0, 'Sluice': 0, 'Dyke': 0, 'Storm water drain': 0, 'Emergency': 0, 'Immediate': 0, 'IM': 0, 'AE': 0, 'A E': 0, 'AAPDA MITRA': 0, 'flood': 0, 'Bridge': 0, 'River': 0, 'Drain': 1, 'Restoration': 0, 'Protection': 0, 'irr': 0, 'irrigation': 0, 'dam': 0, 'Nallah': 0, 'Retrofitting': 0, 'Pond': 0, 'Pokhari': 0, 'D/C': 0, 'Recharge shaft': 0, 'LFB': 0, 'RFB': 0}","{'Floodlight': 0, 'Flood Light': 0, 'GAS': 0, 'FIFA': 0, 'pipe': 0, 'pipes': 0, 'covid': 0, 'supply': 0, 'Beautification': 0, 'Installation': 0}",Pre-Monsoon,,False,True,Repair and Restoration,"{'repair': 1, 'renovation': 1, 'Drain': 1}"
2026_ORULB_125854_35,04/VNM/2025-26,Construction of new drain from Kangali Mahakud house to Dr. B.N Mohapatra house in ward no-23,Construction of new drain from Kangali Mahakud house to Dr. B.N Mohapatra house in ward no-23,Works,Open Tender,Percentage,Civil Works - Others,No,No,NA ,12-Feb-2026 11:00 AM,NA ,30.0,No ,No,Online,02-Mar-2026 11:00 AM,Municipal Bodies||Vyasanagar Municipality,vyasanagar municipality,755019.0,1.0,"4,24,007",KUMAR PRIYARANJAN,"423,032.12",Rejected-Finance,12-Jun-2026,Municipal Bodies||Vyasanagar Municipality,True,"{'Flood': 0, 'Embankment': 0, 'embkt': 0, 'Relief': 0, 'Erosion': 0, 'SDRF': 0, 'Inundation': 0, 'Hydrology': 0, 'Silt': 0, 'Siltation': 0, 'Bund': 0, 'Trench': 0, 'Breach': 0, 'Culvert': 0, 'Sluice': 0, 'Dyke': 0, 'Storm water drain': 0, 'Emergency': 0, 'Immediate': 0, 'IM': 0, 'AE': 0, 'A E': 0, 'AAPDA MITRA': 0, 'flood': 0, 'Bridge': 0, 'River': 0, 'Drain': 2, 'Restoration': 0, 'Protection': 0, 'irr': 0, 'irrigation': 0, 'dam': 0, 'Nallah': 0, 'Retrofitting': 0, 'Pond': 0, 'Pokhari': 0, 'D/C': 0, 'Recharge shaft': 0, 'LFB': 0, 'RFB': 0}","{'Floodlight': 0, 'Flood Light': 0, 'GAS': 0, 'FIFA': 0, 'pipe': 0, 'pipes': 0, 'covid': 0, 'supply': 0, 'Beautification': 0, 'Installation': 0}",Post-Monsoon,,False,True,Repair and Restoration,"{'Construction': 2, 'Drain': 2}"
2026_ORULB_125679_19,BMC-EE-Tender Cell-69/2025-26 Dt. 06.02.2026,Construction of road and drain from Isha Apartment to Nayapalli Pond in Ward No. 37,Construction of road and drain from Isha Apartment to Nayapalli Pond in Ward No. 37,Works,Open Tender,Percentage,Civil Works - Others,No,No,NA ,09-Feb-2026 10:30 AM,13-Feb-2026 04:00 PM ,120.0,No ,No,Online,20-Feb-2026 11:00 AM,Municipal Bodies||Bhubaneswar Municipal Corporation,BMC AREA,751022.0,1.0,"6,77,909",DEEPAK DAS,"759,936",Rejected-Finance,04-Jun-2026,Municipal Bodies||Bhubaneswar Municipal Corporation,True,"{'Flood': 0, 'Embankment': 0, 'embkt': 0, 'Relief': 0, 'Erosion': 0, 'SDRF': 0, 'Inundation': 0, 'Hydrology': 0, 'Silt': 0, 'Siltation': 0, 'Bund': 0, 'Trench': 0, 'Breach': 0, 'Culvert': 0, 'Sluice': 0, 'Dyke': 0, 'Storm water drain': 0, 'Emergency': 0, 'Immediate': 0, 'IM': 0, 'AE': 0, 'A E': 0, 'AAPDA MITRA': 0, 'flood': 0, 'Bridge': 0, 'River': 0, 'Drain': 2, 'Restoration': 0, 'Protection': 0, 'irr': 0, 'irrigation': 0, 'dam': 0, 'Nallah': 0, 'Retrofitting': 0, 'Pond': 2, 'Pokhari': 0, 'D/C': 0, 'Recharge shaft': 0, 'LFB': 0, 'RFB': 0}","{'Floodlight': 0, 'Flood Light': 0, 'GAS': 0, 'FIFA': 0, 'pipe': 0, 'pipes': 0, 'covid': 0, 'supply': 0, 'Beautification': 0, 'Installation': 0}",Post-Monsoon,,False,True,Repair and Restoration,"{'Construction': 2, 'Drain': 2}"
2026_ORULB_125747_5,32/SMC_SBP/2025-26,Construction of paver road and drain from Rudramani Churia house to Basudev Pradhan house in ward no.19,Construction of paver road and drain from Rudramani Churia house to Basudev Pradhan house in ward no.19,Works,Open Tender,Percentage,Civil Works - Others,No,No,NA ,13-Feb-2026 11:00 AM,NA ,120.0,No ,No,Online,24-Feb-2026 11:00 AM,Municipal Bodies||Sambalpur Municipal Corporation,SAMBALPUR MUNICIPAL CORPORATION,768006.0,1.0,"8,64,578",B. JAIKRISHNA,"864,578.17",Rejected-Technical,06-Jun-2026,Municipal Bodies||Sambalpur Municipal Corporation,True,"{'Flood': 0, 'Embankment': 0, 'embkt': 0, 'Relief': 0, 'Erosion': 0, 'SDRF': 0, 'Inundation': 0, 'Hydrology': 0, 'Silt': 0, 'Siltation': 0, 'Bund': 0, 'Trench': 0, 'Breach': 0, 'Culvert': 0, 'Sluice': 0, 'Dyke': 0, 'Storm water drain': 0, 'Emergency': 0, 'Immediate': 0, 'IM': 0, 'AE': 0, 'A E': 0, 'AAPDA MITRA': 0, 'flood': 0, 'Bridge': 0, 'River': 0, 'Drain': 2, 'Restoration': 0, 'Protection': 0, 'irr': 0, 'irrigation': 0, 'dam': 0, 'Nallah': 0, 'Retrofitting': 0, 'Pond': 0, 'Pokhari': 0, 'D/C': 0, 'Recharge shaft': 0, 'LFB': 0, 'RFB': 0}","{'Floodlight': 0, 'Flood Light': 0, 'GAS': 0, 'FIFA': 0, 'pipe': 0, 'pipes': 0, 'covid': 0, 'supply': 0, 'Beautification': 0, 'Installation': 0}",Post-Monsoon,,False,True,Repair and Restoration,"{'Construction': 2, 'Drain': 2}"
2026_DFOCU_124865_2,DFO-CTC-04 of 2025-26,SMC works such as Reinforced Cement Concrete Check Dam 28.0193 Mtr. Length of Kansa Section under Tomka Range in the District of Jajpur under OMBADC Scheme for the year 2025-26 DPR of 2023-24,Civil works,Works,National Competitive Bid,Percentage,Civil Works - Others,No,No,NA ,20-Jan-2026 05:00 PM,NA ,90.0,No ,No,Online,30-Jan-2026 11:00 AM,Forest Environment and Climate Change Department||RCCF Angul||DFO Cuttack,"DFO Cuttack Forest Division, Cuttack",753010.0,1.0,"25,91,337",Arpita Sahoo,"2,276,515",Rejected-Finance,18-Jun-2026,Forest Environment and Climate Change Department||RCCF Angul||DFO Cuttack,True,"{'Flood': 0, 'Embankment': 0, 'embkt': 0, 'Relief': 0, 'Erosion': 0, 'SDRF': 0, 'Inundation': 0, 'Hydrology': 0, 'Silt': 0, 'Siltation': 0, 'Bund': 0, 'Trench': 0, 'Breach': 0, 'Culvert': 0, 'Sluice': 0, 'Dyke': 0, 'Storm water drain': 0, 'Emergency': 0, 'Immediate': 0, 'IM': 0, 'AE': 0, 'A E': 0, 'AAPDA MITRA': 0, 'flood': 0, 'Bridge': 0, 'River': 0, 'Drain': 0, 'Restoration': 0, 'Protection': 0, 'irr': 0, 'irrigation': 0, 'dam': 1, 'Nallah': 0, 'Retrofitting': 0, 'Pond': 0, 'Pokhari': 0, 'D/C': 0, 'Recharge shaft': 0, 'LFB': 0, 'RFB': 0}","{'Floodlight': 0, 'Flood Light': 0, 'GAS': 0, 'FIFA': 0, 'pipe': 0, 'pipes': 0, 'covid': 0, 'supply': 0, 'Beautification': 0, 'Installation': 0}",Post-Monsoon,,False,False,Repair and Restoration,{'Check Dam': 1}
2026_ORULB_126653_15,PIPILI-NAC-6(17)/2025-26,Development of Thakurani Pokhari near Khandiagiri park in ward no-12,Development of Thakurani Pokhari near Khandiagiri park in ward no-12,Works,Open Tender,Percentage,Civil Works - Others,No,No,NA ,11-Mar-2026 12:00 PM,NA ,120.0,No ,No,Online,20-Mar-2026 11:00 AM,Municipal Bodies||Pipli NAC,Pipli NAC,752104.0,1.0,"10,00,000",Bharat Chandra Biswal,"817,046.63",Rejected-AOC,08-Jun-2026,Municipal Bodies||Pipli NAC,True,"{'Flood': 0, 'Embankment': 0, 'embkt': 0, 'Relief': 0, 'Erosion': 0, 'SDRF': 0, 'Inundation': 0, 'Hydrology': 0, 'Silt': 0, 'Siltation': 0, 'Bund': 0, 'Trench': 0, 'Breach': 0, 'Culvert': 0, 'Sluice': 0, 'Dyke': 0, 'Storm water drain': 0, 'Emergency': 0, 'Immediate': 0, 'IM': 0, 'AE': 0, 'A E': 0, 'AAPDA MITRA': 0, 'flood': 0, 'Bridge': 0, 'River': 0, 'Drain': 0, 'Restoration': 0, 'Protection': 0, 'irr': 0, 'irrigation': 0, 'dam': 0, 'Nallah': 0, 'Retrofitting': 0, 'Pond': 0, 'Pokhari': 2, 'D/C': 0, 'Recharge shaft': 0, 'LFB': 0, 'RFB': 0}","{'Floodlight': 0, 'Flood Light': 0, 'GAS': 0, 'FIFA': 0, 'pipe': 0, 'pipes': 0, 'covid': 0, 'supply': 0, 'Beautification': 0, 'Installation': 0}",Pre-Monsoon,,False,False,Others,
2026_ORULB_127548_14,BMC-EE-Tender Cell-85/2025-26 dt. 23.03.2026,"Annual Maintenance, Cleaning of water stretch and Main Drain No. 10 under BMC for 2026-27","Annual Maintenance, Cleaning of water stretch and Main Drain No. 10 under BMC for 2026-27",Works,Open Tender,Percentage,Civil Works - Others,No,No,NA ,26-Mar-2026 10:30 AM,02-Apr-2026 03:30 PM ,120.0,No ,No,Online,09-Apr-2026 03:30 PM,Municipal Bodies||Bhubaneswar Municipal Corporation,BMC AREA,751022.0,1.0,"37,82,749",BIBHU PRASAD SAHOO,"2,653,894",Accepted-AOC,09-Jun-2026,Municipal Bodies||Bhubaneswar Municipal Corporation,True,"{'Flood': 0, 'Embankment': 0, 'embkt': 0, 'Relief': 0, 'Erosion': 0, 'SDRF': 0, 'Inundation': 0, 'Hydrology': 0, 'Silt': 0, 'Siltation': 0, 'Bund': 0, 'Trench': 0, 'Breach': 0, 'Culvert': 0, 'Sluice': 0, 'Dyke': 0, 'Storm water drain': 0, 'Emergency': 0, 'Immediate': 0, 'IM': 0, 'AE': 0, 'A E': 0, 'AAPDA MITRA': 0, 'flood': 0, 'Bridge': 0, 'River': 0, 'Drain': 2, 'Restoration': 0, 'Protection': 0, 'irr': 0, 'irrigation': 0, 'dam': 0, 'Nallah': 0, 'Retrofitting': 0, 'Pond': 0, 'Pokhari': 0, 'D/C': 0, 'Recharge shaft': 0, 'LFB': 0, 'RFB': 0}","{'Floodlight': 0, 'Flood Light': 0, 'GAS': 0, 'FIFA': 0, 'pipe': 0, 'pipes': 0, 'covid': 0, 'supply': 0, 'Beautification': 0, 'Installation': 0}",Pre-Monsoon,,False,True,Repair and Restoration,{'Drain': 2}
2026_ORULB_125479_6,31/SMC_SBP/2025-26,Rejuvenation of Pond at Farm Road near C.B Steel,Rejuvenation of Pond at Farm Road near C.B Steel,Works,National Competitive Bid,Percentage,Civil Works - Others,No,No,NA ,07-Feb-2026 11:00 AM,NA ,120.0,No ,No,Online,02-Mar-2026 11:00 AM,Municipal Bodies||Sambalpur Municipal Corporation,SAMBALPUR MUNICIPAL CORPORATION,768006.0,2.0,"50,29,785",DEBASISH PADHAN,"5,029,785",Rejected-Finance,22-Jun-2026,Municipal Bodies||Sambalpur Municipal Corporation,True,"{'Flood': 0, 'Embankment': 0, 'embkt': 0, 'Relief': 0, 'Erosion': 0, 'SDRF': 0, 'Inundation': 0, 'Hydrology': 0, 'Silt': 0, 'Siltation': 0, 'Bund': 0, 'Trench': 0, 'Breach': 0, 'Culvert': 0, 'Sluice': 0, 'Dyke': 0, 'Storm water drain': 0, 'Emergency': 0, 'Immediate': 0, 'IM': 0, 'AE': 0, 'A E': 0, 'AAPDA MITRA': 0, 'flood': 0, 'Bridge': 0, 'River': 0, 'Drain': 0, 'Restoration': 0, 'Protection': 0, 'irr': 0, 'irrigation': 0, 'dam': 0, 'Nallah': 0, 'Retrofitting': 0, 'Pond': 2, 'Pokhari': 0, 'D/C': 0, 'Recharge shaft': 0, 'LFB': 0, 'RFB': 0}","{'Floodlight': 0, 'Flood Light': 0, 'GAS': 0, 'FIFA': 0, 'pipe': 0, 'pipes': 0, 'covid': 0, 'supply': 0, 'Beautification': 0, 'Installation': 0}",Post-Monsoon,,False,True,Others,
2026_ORULB_128192_3,BBLM-1/2026-27,"Construction of Check Dam on Thakurani nala near Saitan Chhak, Ward No.3, Barbil","Construction of Check Dam on Thakurani nala near Saitan Chhak, Ward No.3, Barbil",Works,Open Tender,Percentage,Civil Works - Others,No,No,NA ,20-Apr-2026 10:00 AM,NA ,180.0,No ,No,Online,04-May-2026 11:00 AM,Municipal Bodies||Barbil Municipality,Barbil,758035.0,2.0,"50,01,582",ARJUN SINGH SOREN,"4,099,351",Rejected-Finance,25-Jun-2026,Municipal Bodies||Barbil Municipality,True,"{'Flood': 0, 'Embankment': 0, 'embkt': 0, 'Relief': 0, 'Erosion': 0, 'SDRF': 0, 'Inundation': 0, 'Hydrology': 0, 'Silt': 0, 'Siltation': 0, 'Bund': 0, 'Trench': 0, 'Breach': 0, 'Culvert': 0, 'Sluice': 0, 'Dyke': 0, 'Storm water drain': 0, 'Emergency': 0, 'Immediate': 0, 'IM': 0, 'AE': 0, 'A E': 0, 'AAPDA MITRA': 0, 'flood': 0, 'Bridge': 0, 'River': 0, 'Drain': 0, 'Restoration': 0, 'Protection': 0, 'irr': 0, 'irrigation': 0, 'dam': 2, 'Nallah': 0, 'Retrofitting': 0, 'Pond': 0, 'Pokhari': 0, 'D/C': 0, 'Recharge shaft': 0, 'LFB': 0, 'RFB': 0}","{'Floodlight': 0, 'Flood Light': 0, 'GAS': 0, 'FIFA': 0, 'pipe': 0, 'pipes': 0, 'covid': 0, 'supply': 0, 'Beautification': 0, 'Installation': 0}",Pre-Monsoon,,False,False,Repair and Restoration,"{'Check Dam': 2, 'Construction': 2}"
2026_ORULB_125192_27,GUN-MUN-78/2025-26,Repair and Restoration of pothole and laying of drain cover slab in ward No.03,Repair and Restoration of pothole and laying of drain cover slab in ward No.03,Works,Open Tender,Percentage,Civil Works - Others,No,No,NA ,01-Feb-2026 11:00 AM,NA ,90.0,No ,No,Online,11-Feb-2026 11:00 AM,Municipal Bodies||Gunupur Municipal Council,Gunupur Municipality area,765022.0,1.0,"16,94,028",Anil Kumar Bishoyi,"1,998,951",Rejected-Finance,19-Jun-2026,Municipal Bodies||Gunupur Municipal Council,True,"{'Flood': 0, 'Embankment': 0, 'embkt': 0, 'Relief': 0, 'Erosion': 0, 'SDRF': 0, 'Inundation': 0, 'Hydrology': 0, 'Silt': 0, 'Siltation': 0, 'Bund': 0, 'Trench': 0, 'Breach': 0, 'Culvert': 0, 'Sluice': 0, 'Dyke': 0, 'Storm water drain': 0, 'Emergency': 0, 'Immediate': 0, 'IM': 0, 'AE': 0, 'A E': 0, 'AAPDA MITRA': 0, 'flood': 0, 'Bridge': 0, 'River': 0, 'Drain': 2, 'Restoration': 2, 'Protection': 0, 'irr': 0, 'irrigation': 0, 'dam': 0, 'Nallah': 0, 'Retrofitting': 0, 'Pond': 0, 'Pokhari': 0, 'D/C': 0, 'Recharge shaft': 0, 'LFB': 0, 'RFB': 0}","{'Floodlight': 0, 'Flood Light': 0, 'GAS': 0, 'FIFA': 0, 'pipe': 0, 'pipes': 0, 'covid': 0, 'supply': 0, 'Beautification': 0, 'Installation': 0}",Post-Monsoon,,False,True,Repair and Restoration,"{'repair': 2, 'restoration': 2, 'Drain': 2}"
2026_ORULB_126857_69,06/BGH- MUN/2025-26,"Construction of CC Road, Drain and slab at subashnagar w.no-14","Construction of CC Road, Drain and slab at subashnagar w.no-14",Works,Open Tender,Percentage,Civil Works - Others,No,No,NA ,06-Mar-2026 04:00 PM,NA ,90.0,No ,No,Online,17-Mar-2026 11:00 AM,Municipal Bodies||Bargarh Municipal Council,Bargarh,768028.0,1.0,"19,00,256",Neeraj Kumar Dash,"1,207,586.618",Rejected-Finance,10-Jun-2026,Municipal Bodies||Bargarh Municipal Council,True,"{'Flood': 0, 'Embankment': 0, 'embkt': 0, 'Relief': 0, 'Erosion': 0, 'SDRF': 0, 'Inundation': 0, 'Hydrology': 0, 'Silt': 0, 'Siltation': 0, 'Bund': 0, 'Trench': 0, 'Breach': 0, 'Culvert': 0, 'Sluice': 0, 'Dyke': 0, 'Storm water drain': 0, 'Emergency': 0, 'Immediate': 0, 'IM': 0, 'AE': 0, 'A E': 0, 'AAPDA MITRA': 0, 'flood': 0, 'Bridge': 0, 'River': 0, 'Drain': 2, 'Restoration': 0, 'Protection': 0, 'irr': 0, 'irrigation': 0, 'dam': 0, 'Nallah': 0, 'Retrofitting': 0, 'Pond': 0, 'Pokhari': 0, 'D/C': 0, 'Recharge shaft': 0, 'LFB': 0, 'RFB': 0}","{'Floodlight': 0, 'Flood Light': 0, 'GAS': 0, 'FIFA': 0, 'pipe': 0, 'pipes': 0, 'covid': 0, 'supply': 0, 'Beautification': 0, 'Installation': 0}",Pre-Monsoon,,False,True,Repair and Restoration,"{'Construction': 2, 'Drain': 2}"
2026_ORULB_126857_82,06/BGH- MUN/2025-26,Construction of CC Drain at Nigamananda Vihar gali no-01 w.no-01,Construction of CC Drain at Nigamananda Vihar gali no-01 w.no-01,Works,Open Tender,Percentage,Civil Works - Others,No,No,NA ,06-Mar-2026 04:00 PM,NA ,90.0,No ,No,Online,17-Mar-2026 11:00 AM,Municipal Bodies||Bargarh Municipal Council,Bargarh,768028.0,1.0,"2,09,422",AMIYA KUMAR DASH,"169,194.434",Accepted-AOC,04-Jun-2026,Municipal Bodies||Bargarh Municipal Council,True,"{'Flood': 0, 'Embankment': 0, 'embkt': 0, 'Relief': 0, 'Erosion': 0, 'SDRF': 0, 'Inundation': 0, 'Hydrology': 0, 'Silt': 0, 'Siltation': 0, 'Bund': 0, 'Trench': 0, 'Breach': 0, 'Culvert': 0, 'Sluice': 0, 'Dyke': 0, 'Storm water drain': 0, 'Emergency': 0, 'Immediate': 0, 'IM': 0, 'AE': 0, 'A E': 0, 'AAPDA MITRA': 0, 'flood': 0, 'Bridge': 0, 'River': 0, 'Drain': 2, 'Restoration': 0, 'Protection': 0, 'irr': 0, 'irrigation': 0, 'dam': 0, 'Nallah': 0, 'Retrofitting': 0, 'Pond': 0, 'Pokhari': 0, 'D/C': 0, 'Recharge shaft': 0, 'LFB': 0, 'RFB': 0}","{'Floodlight': 0, 'Flood Light': 0, 'GAS': 0, 'FIFA': 0, 'pipe': 0, 'pipes': 0, 'covid': 0, 'supply': 0, 'Beautification': 0, 'Installation': 0}",Pre-Monsoon,,False,True,Repair and Restoration,"{'Construction': 2, 'Drain': 2}"
2026_ORULB_124590_63,BBLM-6/2025-26,"Construction of drain from upstream of Basti dam to downstream of Basti dam at Mahanta basti, Ward No.7, Barbil","Construction of drain from upstream of Basti dam to downstream of Basti dam at Mahanta basti, Ward No.7, Barbil",Works,Open Tender,Percentage,Civil Works - Others,No,No,NA ,20-Jan-2026 10:00 AM,NA ,120.0,No ,No,Online,04-Feb-2026 11:00 AM,Municipal Bodies||Barbil Municipality,Barbil,758035.0,2.0,"60,77,622",AMIYA PRAKASH BEJ,"5,074,814",Rejected-Finance,02-Jun-2026,Municipal Bodies||Barbil Municipality,True,"{'Flood': 0, 'Embankment': 0, 'embkt': 0, 'Relief': 0, 'Erosion': 0, 'SDRF': 0, 'Inundation': 0, 'Hydrology': 0, 'Silt': 0, 'Siltation': 0, 'Bund': 0, 'Trench': 0, 'Breach': 0, 'Culvert': 0, 'Sluice': 0, 'Dyke': 0, 'Storm water drain': 0, 'Emergency': 0, 'Immediate': 0, 'IM': 0, 'AE': 0, 'A E': 0, 'AAPDA MITRA': 0, 'flood': 0, 'Bridge': 0, 'River': 0, 'Drain': 2, 'Restoration': 0, 'Protection': 0, 'irr': 0, 'irrigation': 0, 'dam': 4, 'Nallah': 0, 'Retrofitting': 0, 'Pond': 0, 'Pokhari': 0, 'D/C': 0, 'Recharge shaft': 0, 'LFB': 0, 'RFB': 0}","{'Floodlight': 0, 'Flood Light': 0, 'GAS': 0, 'FIFA': 0, 'pipe': 0, 'pipes': 0, 'covid': 0, 'supply': 0, 'Beautification': 0, 'Installation': 0}",Post-Monsoon,,False,True,Repair and Restoration,"{'Construction': 2, 'Drain': 2}"
2026_ORULB_125599_2,BMC-EE-Tender Cell-67/2025-26 dt. 05.02.2026,Renovation with peripheral development of Chilli Pokhari Pond in Ward No. 58,Renovation with peripheral development of Chilli Pokhari Pond in Ward No. 58,Works,Open Tender,Percentage,Civil Works - Others,No,No,NA ,07-Feb-2026 10:30 AM,13-Feb-2026 04:00 PM ,120.0,No ,No,Online,21-Feb-2026 03:30 PM,Municipal Bodies||Bhubaneswar Municipal Corporation,BMC AREA,751022.0,2.0,"50,84,401",BISWARANJAN MALLICK,"5,999,593",Accepted-AOC,01-Jun-2026,Municipal Bodies||Bhubaneswar Municipal Corporation,True,"{'Flood': 0, 'Embankment': 0, 'embkt': 0, 'Relief': 0, 'Erosion': 0, 'SDRF': 0, 'Inundation': 0, 'Hydrology': 0, 'Silt': 0, 'Siltation': 0, 'Bund': 0, 'Trench': 0, 'Breach': 0, 'Culvert': 0, 'Sluice': 0, 'Dyke': 0, 'Storm water drain': 0, 'Emergency': 0, 'Immediate': 0, 'IM': 0, 'AE': 0, 'A E': 0, 'AAPDA MITRA': 0, 'flood': 0, 'Bridge': 0, 'River': 0, 'Drain': 0, 'Restoration': 0, 'Protection': 0, 'irr': 0, 'irrigation': 0, 'dam': 0, 'Nallah': 0, 'Retrofitting': 0, 'Pond': 2, 'Pokhari': 2, 'D/C': 0, 'Recharge shaft': 0, 'LFB': 0, 'RFB': 0}","{'Floodlight': 0, 'Flood Light': 0, 'GAS': 0, 'FIFA': 0, 'pipe': 0, 'pipes': 0, 'covid': 0, 'supply': 0, 'Beautification': 0, 'Installation': 0}",Post-Monsoon,,False,False,Repair and Restoration,{'renovation': 2}
2026_ORULB_126552_17,06/PKDM-2025-26,"Construction of Cover plate over drain and repair of road at Kanaka Pronami street, Damping yard road, Gashi Sahi, Jagili Sahi area, Khandi Jagili Street, Om Shanti Colony-1,2 area, Ward No.1",Construction of Cover plate over drain and repair of road work,Works,Open Tender,Percentage,Civil Works - Others,No,No,NA ,27-Feb-2026 10:00 AM,NA ,90.0,No ,No,Online,13-Mar-2026 11:00 AM,Municipal Bodies||Parlakhemundi Municipal Council,Paralakhemundi Municipality,761200.0,1.0,"15,77,166",HARIS CHANDRA NAYAK,"1,561,394",Rejected-Technical,08-Jun-2026,Municipal Bodies||Parlakhemundi Municipal Council,True,"{'Flood': 0, 'Embankment': 0, 'embkt': 0, 'Relief': 0, 'Erosion': 0, 'SDRF': 0, 'Inundation': 0, 'Hydrology': 0, 'Silt': 0, 'Siltation': 0, 'Bund': 0, 'Trench': 0, 'Breach': 0, 'Culvert': 0, 'Sluice': 0, 'Dyke': 0, 'Storm water drain': 0, 'Emergency': 0, 'Immediate': 0, 'IM': 0, 'AE': 0, 'A E': 0, 'AAPDA MITRA': 0, 'flood': 0, 'Bridge': 0, 'River': 0, 'Drain': 2, 'Restoration': 0, 'Protection': 0, 'irr': 0, 'irrigation': 0, 'dam': 0, 'Nallah': 0, 'Retrofitting': 0, 'Pond': 0, 'Pokhari': 0, 'D/C': 0, 'Recharge shaft': 0, 'LFB': 0, 'RFB': 0}","{'Floodlight': 0, 'Flood Light': 0, 'GAS': 0, 'FIFA': 0, 'pipe': 0, 'pipes': 0, 'covid': 0, 'supply': 0, 'Beautification': 0, 'Installation': 0}",Post-Monsoon,,False,True,Repair and Restoration,"{'repair': 2, 'Construction': 2, 'Drain': 2}"
2026_ECCHA_126597_8,"e-Procurement Notice No.ACE, EC-II 11 of 2025-26","ACE, EC-II JKID 43 of 2025-26 Scoured Bank Protection to Kelua Right Embankment near village Mundamala on CE No.26A.",Embankment protection,Works,National Competitive Bid,Percentage,Civil Works - Others,No,No,NA ,25-Feb-2026 11:00 AM,NA ,90.0,No ,No,Online,12-Mar-2026 11:30 AM,CE AND BM MBBS CHANDIKOLE||EASTERN CIRCLE II CHANDIKOLE,Jaraka,755050.0,2.0,"2,50,29,366",ABHIJIT LENKA,"21,277,464",Rejected-Finance,21-Jun-2026,CE AND BM MBBS CHANDIKOLE||EASTERN CIRCLE II CHANDIKOLE,True,"{'Flood': 0, 'Embankment': 2, 'embkt': 0, 'Relief': 0, 'Erosion': 0, 'SDRF': 0, 'Inundation': 0, 'Hydrology': 0, 'Silt': 0, 'Siltation': 0, 'Bund': 0, 'Trench': 0, 'Breach': 0, 'Culvert': 0, 'Sluice': 0, 'Dyke': 0, 'Storm water drain': 0, 'Emergency': 0, 'Immediate': 0, 'IM': 0, 'AE': 0, 'A E': 0, 'AAPDA MITRA': 0, 'flood': 0, 'Bridge': 0, 'River': 0, 'Drain': 0, 'Restoration': 0, 'Protection': 2, 'irr': 0, 'irrigation': 0, 'dam': 0, 'Nallah': 0, 'Retrofitting': 0, 'Pond': 0, 'Pokhari': 0, 'D/C': 0, 'Recharge shaft': 0, 'LFB': 0, 'RFB': 0}","{'Floodlight': 0, 'Flood Light': 0, 'GAS': 0, 'FIFA': 0, 'pipe': 0, 'pipes': 0, 'covid': 0, 'supply': 0, 'Beautification': 0, 'Installation': 0}",Post-Monsoon,,False,True,Preparedness Measures,"{'Protection': 2, 'scoured': 1, 'Scoured bank': 1}"
2026_ORULB_128869_3,10/SMC_SBP/2026-27,Construction of Paver Road and Drain from Budharaja Mandir to Pinku Yadav house (WN-21),Construction of Paver Road and Drain from Budharaja Mandir to Pinku Yadav house (WN-21),Works,Open Tender,Percentage,Civil Works - Others,No,No,NA ,08-May-2026 11:00 AM,NA ,120.0,No ,No,Online,19-May-2026 11:00 AM,Municipal Bodies||Sambalpur Municipal Corporation,SAMBALPUR MUNICIPAL CORPORATION,768006.0,1.0,"12,68,944",ABHINAS NANDA,"1,268,979.03",Rejected-Technical,25-Jun-2026,Municipal Bodies||Sambalpur Municipal Corporation,True,"{'Flood': 0, 'Embankment': 0, 'embkt': 0, 'Relief': 0, 'Erosion': 0, 'SDRF': 0, 'Inundation': 0, 'Hydrology': 0, 'Silt': 0, 'Siltation': 0, 'Bund': 0, 'Trench': 0, 'Breach': 0, 'Culvert': 0, 'Sluice': 0, 'Dyke': 0, 'Storm water drain': 0, 'Emergency': 0, 'Immediate': 0, 'IM': 0, 'AE': 0, 'A E': 0, 'AAPDA MITRA': 0, 'flood': 0, 'Bridge': 0, 'River': 0, 'Drain': 2, 'Restoration': 0, 'Protection': 0, 'irr': 0, 'irrigation': 0, 'dam': 0, 'Nallah': 0, 'Retrofitting': 0, 'Pond': 0, 'Pokhari': 0, 'D/C': 0, 'Recharge shaft': 0, 'LFB': 0, 'RFB': 0}","{'Floodlight': 0, 'Flood Light': 0, 'GAS': 0, 'FIFA': 0, 'pipe': 0, 'pipes': 0, 'covid': 0, 'supply': 0, 'Beautification': 0, 'Installation': 0}",Pre-Monsoon,,False,True,Repair and Restoration,"{'Construction': 2, 'Drain': 2}"
2026_ORULB_126552_16,06/PKDM-2025-26,"Construction of Cover plate over drain and repair of road at Durgamapeta street area, Ram Nagar area, Ward No.1",Construction of Cover plate over drain and repair of road work,Works,Open Tender,Percentage,Civil Works - Others,No,No,NA ,27-Feb-2026 10:00 AM,NA ,90.0,No ,No,Online,13-Mar-2026 11:00 AM,Municipal Bodies||Parlakhemundi Municipal Council,Paralakhemundi Municipality,761200.0,1.0,"16,28,921",SANOJ KUMAR ADHIKARI,"1,612,631",Rejected-Technical,08-Jun-2026,Municipal Bodies||Parlakhemundi Municipal Council,True,"{'Flood': 0, 'Embankment': 0, 'embkt': 0, 'Relief': 0, 'Erosion': 0, 'SDRF': 0, 'Inundation': 0, 'Hydrology': 0, 'Silt': 0, 'Siltation': 0, 'Bund': 0, 'Trench': 0, 'Breach': 0, 'Culvert': 0, 'Sluice': 0, 'Dyke': 0, 'Storm water drain': 0, 'Emergency': 0, 'Immediate': 0, 'IM': 0, 'AE': 0, 'A E': 0, 'AAPDA MITRA': 0, 'flood': 0, 'Bridge': 0, 'River': 0, 'Drain': 2, 'Restoration': 0, 'Protection': 0, 'irr': 0, 'irrigation': 0, 'dam': 0, 'Nallah': 0, 'Retrofitting': 0, 'Pond': 0, 'Pokhari': 0, 'D/C': 0, 'Recharge shaft': 0, 'LFB': 0, 'RFB': 0}","{'Floodlight': 0, 'Flood Light': 0, 'GAS': 0, 'FIFA': 0, 'pipe': 0, 'pipes': 0, 'covid': 0, 'supply': 0, 'Beautification': 0, 'Installation': 0}",Post-Monsoon,,False,True,Repair and Restoration,"{'repair': 2, 'Construction': 2, 'Drain': 2}"
2026_ORULB_126857_81,06/BGH- MUN/2025-26,Construction of CC Drain at Nigamananda Vihar Gali no-04 w.no-01,Construction of CC Drain at Nigamananda Vihar Gali no-04 w.no-01,Works,Open Tender,Percentage,Civil Works - Others,No,No,NA ,06-Mar-2026 04:00 PM,NA ,90.0,No ,No,Online,17-Mar-2026 11:00 AM,Municipal Bodies||Bargarh Municipal Council,Bargarh,768028.0,1.0,"4,50,912",AMIYA KUMAR DASH,"363,023.47",Accepted-AOC,04-Jun-2026,Municipal Bodies||Bargarh Municipal Council,True,"{'Flood': 0, 'Embankment': 0, 'embkt': 0, 'Relief': 0, 'Erosion': 0, 'SDRF': 0, 'Inundation': 0, 'Hydrology': 0, 'Silt': 0, 'Siltation': 0, 'Bund': 0, 'Trench': 0, 'Breach': 0, 'Culvert': 0, 'Sluice': 0, 'Dyke': 0, 'Storm water drain': 0, 'Emergency': 0, 'Immediate': 0, 'IM': 0, 'AE': 0, 'A E': 0, 'AAPDA MITRA': 0, 'flood': 0, 'Bridge': 0, 'River': 0, 'Drain': 2, 'Restoration': 0, 'Protection': 0, 'irr': 0, 'irrigation': 0, 'dam': 0, 'Nallah': 0, 'Retrofitting': 0, 'Pond': 0, 'Pokhari': 0, 'D/C': 0, 'Recharge shaft': 0, 'LFB': 0, 'RFB': 0}","{'Floodlight': 0, 'Flood Light': 0, 'GAS': 0, 'FIFA': 0, 'pipe': 0, 'pipes': 0, 'covid': 0, 'supply': 0, 'Beautification': 0, 'Installation': 0}",Pre-Monsoon,,False,True,Repair and Restoration,"{'Construction': 2, 'Drain': 2}"
2026_ORULB_127863_19,SOROM_01_2026-27,Construction of Paver Road and Drain Infront of Itua Temple in Ward No.- 13,Construction work,Works,Open Tender,Percentage,Civil Works - Others,No,No,NA ,08-Apr-2026 10:00 AM,NA ,120.0,No ,No,Online,18-Apr-2026 09:00 AM,Municipal Bodies||Soro Municipality,"Soro Municipality, Soro",756045.0,1.0,"3,38,983",DURGAMADHAB MOHAPATRA,"338,983.06",Accepted-AOC,17-Jun-2026,Municipal Bodies||Soro Municipality,True,"{'Flood': 0, 'Embankment': 0, 'embkt': 0, 'Relief': 0, 'Erosion': 0, 'SDRF': 0, 'Inundation': 0, 'Hydrology': 0, 'Silt': 0, 'Siltation': 0, 'Bund': 0, 'Trench': 0, 'Breach': 0, 'Culvert': 0, 'Sluice': 0, 'Dyke': 0, 'Storm water drain': 0, 'Emergency': 0, 'Immediate': 0, 'IM': 0, 'AE': 0, 'A E': 0, 'AAPDA MITRA': 0, 'flood': 0, 'Bridge': 0, 'River': 0, 'Drain': 1, 'Restoration': 0, 'Protection': 0, 'irr': 0, 'irrigation': 0, 'dam': 0, 'Nallah': 0, 'Retrofitting': 0, 'Pond': 0, 'Pokhari': 0, 'D/C': 0, 'Recharge shaft': 0, 'LFB': 0, 'RFB': 0}","{'Floodlight': 0, 'Flood Light': 0, 'GAS': 0, 'FIFA': 0, 'pipe': 0, 'pipes': 0, 'covid': 0, 'supply': 0, 'Beautification': 0, 'Installation': 0}",Pre-Monsoon,,False,True,Repair and Restoration,"{'Construction': 2, 'Drain': 1}"
2026_ORULB_126552_28,06/PKDM-2025-26,"Construction of Cover plate over drain and repair of road at Boxi Street, Karan St., Sai Nagar, Gopini St., Sana Odia Street, Ward No.10 and 11.",Construction of Cover plate over drain and repair of road work,Works,Open Tender,Percentage,Civil Works - Others,No,No,NA ,27-Feb-2026 10:00 AM,NA ,90.0,No ,No,Online,13-Mar-2026 11:00 AM,Municipal Bodies||Parlakhemundi Municipal Council,Paralakhemundi Municipality,761200.0,1.0,"87,470",SASMITA KUMARI DAS,"87,461",Accepted-AOC,08-Jun-2026,Municipal Bodies||Parlakhemundi Municipal Council,True,"{'Flood': 0, 'Embankment': 0, 'embkt': 0, 'Relief': 0, 'Erosion': 0, 'SDRF': 0, 'Inundation': 0, 'Hydrology': 0, 'Silt': 0, 'Siltation': 0, 'Bund': 0, 'Trench': 0, 'Breach': 0, 'Culvert': 0, 'Sluice': 0, 'Dyke': 0, 'Storm water drain': 0, 'Emergency': 0, 'Immediate': 0, 'IM': 0, 'AE': 0, 'A E': 0, 'AAPDA MITRA': 0, 'flood': 0, 'Bridge': 0, 'River': 0, 'Drain': 2, 'Restoration': 0, 'Protection': 0, 'irr': 0, 'irrigation': 0, 'dam': 0, 'Nallah': 0, 'Retrofitting': 0, 'Pond': 0, 'Pokhari': 0, 'D/C': 0, 'Recharge shaft': 0, 'LFB': 0, 'RFB': 0}","{'Floodlight': 0, 'Flood Light': 0, 'GAS': 0, 'FIFA': 0, 'pipe': 0, 'pipes': 0, 'covid': 0, 'supply': 0, 'Beautification': 0, 'Installation': 0}",Post-Monsoon,,False,True,Repair and Restoration,"{'repair': 2, 'Construction': 2, 'Drain': 2}"
2026_ORULB_126552_29,06/PKDM-2025-26,"Construction of Cover plate over drain and repair of road at BB St. to Gopini St., Kampo Street, Municipality Colony, Kandra Street, main road, Durgamapeta Street, Ward No.12",Construction of Cover plate over drain and repair of road work,Works,Open Tender,Percentage,Civil Works - Others,No,No,NA ,27-Feb-2026 10:00 AM,NA ,90.0,No ,No,Online,13-Mar-2026 11:00 AM,Municipal Bodies||Parlakhemundi Municipal Council,Paralakhemundi Municipality,761200.0,1.0,"1,28,410",SANOJ KUMAR ADHIKARI,"128,282",Accepted-AOC,08-Jun-2026,Municipal Bodies||Parlakhemundi Municipal Council,True,"{'Flood': 0, 'Embankment': 0, 'embkt': 0, 'Relief': 0, 'Erosion': 0, 'SDRF': 0, 'Inundation': 0, 'Hydrology': 0, 'Silt': 0, 'Siltation': 0, 'Bund': 0, 'Trench': 0, 'Breach': 0, 'Culvert': 0, 'Sluice': 0, 'Dyke': 0, 'Storm water drain': 0, 'Emergency': 0, 'Immediate': 0, 'IM': 0, 'AE': 0, 'A E': 0, 'AAPDA MITRA': 0, 'flood': 0, 'Bridge': 0, 'River': 0, 'Drain': 2, 'Restoration': 0, 'Protection': 0, 'irr': 0, 'irrigation': 0, 'dam': 0, 'Nallah': 0, 'Retrofitting': 0, 'Pond': 0, 'Pokhari': 0, 'D/C': 0, 'Recharge shaft': 0, 'LFB': 0, 'RFB': 0}","{'Floodlight': 0, 'Flood Light': 0, 'GAS': 0, 'FIFA': 0, 'pipe': 0, 'pipes': 0, 'covid': 0, 'supply': 0, 'Beautification': 0, 'Installation': 0}",Post-Monsoon,,False,True,Repair and Restoration,"{'repair': 2, 'Construction': 2, 'Drain': 2}"
2026_ORULB_126857_80,06/BGH- MUN/2025-26,Construction of CC Drain at Nigamananda Vihar gali no-05 w.no-01,Construction of CC Drain at Nigamananda Vihar gali no-05 w.no-01,Works,Open Tender,Percentage,Civil Works - Others,No,No,NA ,06-Mar-2026 04:00 PM,NA ,90.0,No ,No,Online,17-Mar-2026 11:00 AM,Municipal Bodies||Bargarh Municipal Council,Bargarh,768028.0,1.0,"2,09,422",AMIYA KUMAR DASH,"169,192.242",Accepted-AOC,03-Jun-2026,Municipal Bodies||Bargarh Municipal Council,True,"{'Flood': 0, 'Embankment': 0, 'embkt': 0, 'Relief': 0, 'Erosion': 0, 'SDRF': 0, 'Inundation': 0, 'Hydrology': 0, 'Silt': 0, 'Siltation': 0, 'Bund': 0, 'Trench': 0, 'Breach': 0, 'Culvert': 0, 'Sluice': 0, 'Dyke': 0, 'Storm water drain': 0, 'Emergency': 0, 'Immediate': 0, 'IM': 0, 'AE': 0, 'A E': 0, 'AAPDA MITRA': 0, 'flood': 0, 'Bridge': 0, 'River': 0, 'Drain': 2, 'Restoration': 0, 'Protection': 0, 'irr': 0, 'irrigation': 0, 'dam': 0, 'Nallah': 0, 'Retrofitting': 0, 'Pond': 0, 'Pokhari': 0, 'D/C': 0, 'Recharge shaft': 0, 'LFB': 0, 'RFB': 0}","{'Floodlight': 0, 'Flood Light': 0, 'GAS': 0, 'FIFA': 0, 'pipe': 0, 'pipes': 0, 'covid': 0, 'supply': 0, 'Beautification': 0, 'Installation': 0}",Pre-Monsoon,,False,True,Repair and Restoration,"{'Construction': 2, 'Drain': 2}"
2026_STSCD_127876_11,BidIdentificationNo-01/2026-27,Construction of Bridge and CC road Bhudhikhamani to Sagjodi under Bisoi Block.,Construction of Bridge and CC road Bhudhikhamani to Sagjodi under Bisoi Block.,Works,Open Tender,Percentage,Civil Works - Bridges,No,No,NA ,07-Apr-2026 11:00 AM,NA ,90.0,No ,No,Online,22-Apr-2026 11:00 AM,ST and SC Development Deptt||ITDA Rairangpur,Bhudhikhamani to Sagjodi under Bisoi Block.,757033.0,1.0,"29,41,546",ABHISEK KUMAR MOHANTY,"2,926,838.27",Rejected-AOC,29-Jun-2026,ST and SC Development Deptt||ITDA Rairangpur,True,"{'Flood': 0, 'Embankment': 0, 'embkt': 0, 'Relief': 0, 'Erosion': 0, 'SDRF': 0, 'Inundation': 0, 'Hydrology': 0, 'Silt': 0, 'Siltation': 0, 'Bund': 0, 'Trench': 0, 'Breach': 0, 'Culvert': 0, 'Sluice': 0, 'Dyke': 0, 'Storm water drain': 0, 'Emergency': 0, 'Immediate': 0, 'IM': 0, 'AE': 0, 'A E': 0, 'AAPDA MITRA': 0, 'flood': 0, 'Bridge': 2, 'River': 0, 'Drain': 0, 'Restoration': 0, 'Protection': 0, 'irr': 0, 'irrigation': 0, 'dam': 0, 'Nallah': 0, 'Retrofitting': 0, 'Pond': 0, 'Pokhari': 0, 'D/C': 0, 'Recharge shaft': 0, 'LFB': 0, 'RFB': 0}","{'Floodlight': 0, 'Flood Light': 0, 'GAS': 0, 'FIFA': 0, 'pipe': 0, 'pipes': 0, 'covid': 0, 'supply': 0, 'Beautification': 0, 'Installation': 0}",Pre-Monsoon,,False,True,Repair and Restoration,"{'Construction': 2, 'Bridge': 2}"
2026_ORULB_124590_12,BBLM-6/2025-26,"Construction of drain from Sabita Samal house to Krishna Biswakarma house, Ward No.5, Barbil","Construction of drain from Sabita Samal house to Krishna Biswakarma house, Ward No.5, Barbil",Works,Open Tender,Percentage,Civil Works - Others,No,No,NA ,20-Jan-2026 10:00 AM,NA ,90.0,No ,No,Online,04-Feb-2026 11:00 AM,Municipal Bodies||Barbil Municipality,Barbil,758035.0,2.0,"5,36,000",BIKRAM KUMAR MOHANTY,"561,693",Rejected-Finance,12-Jun-2026,Municipal Bodies||Barbil Municipality,True,"{'Flood': 0, 'Embankment': 0, 'embkt': 0, 'Relief': 0, 'Erosion': 0, 'SDRF': 0, 'Inundation': 0, 'Hydrology': 0, 'Silt': 0, 'Siltation': 0, 'Bund': 0, 'Trench': 0, 'Breach': 0, 'Culvert': 0, 'Sluice': 0, 'Dyke': 0, 'Storm water drain': 0, 'Emergency': 0, 'Immediate': 0, 'IM': 0, 'AE': 0, 'A E': 0, 'AAPDA MITRA': 0, 'flood': 0, 'Bridge': 0, 'River': 0, 'Drain': 2, 'Restoration': 0, 'Protection': 0, 'irr': 0, 'irrigation': 0, 'dam': 0, 'Nallah': 0, 'Retrofitting': 0, 'Pond': 0, 'Pokhari': 0, 'D/C': 0, 'Recharge shaft': 0, 'LFB': 0, 'RFB': 0}","{'Floodlight': 0, 'Flood Light': 0, 'GAS': 0, 'FIFA': 0, 'pipe': 0, 'pipes': 0, 'covid': 0, 'supply': 0, 'Beautification': 0, 'Installation': 0}",Post-Monsoon,,False,True,Repair and Restoration,"{'Construction': 2, 'Drain': 2}"
2026_ORULB_124740_3,ATH-NAC-04/2025-26,Construction of RCC slab for covering the Drain from Dhalia Dutta house to Maa Tareni Verity store in wno 05,Construction of RCC slab for covering the Drain from Dhalia Dutta house to Maa Tareni Verity store in wno 05,Works,Open Tender,Percentage,Civil Works - Canal,No,No,NA ,20-Jan-2026 11:00 AM,NA ,30.0,No ,No,Online,03-Feb-2026 11:00 AM,Municipal Bodies||Athgarh NAC,ATHGARH,754029.0,1.0,"1,83,152",AJAYA KUMAR ROUT,"183,198.48",Rejected-AOC,11-Jun-2026,Municipal Bodies||Athgarh NAC,True,"{'Flood': 0, 'Embankment': 0, 'embkt': 0, 'Relief': 0, 'Erosion': 0, 'SDRF': 0, 'Inundation': 0, 'Hydrology': 0, 'Silt': 0, 'Siltation': 0, 'Bund': 0, 'Trench': 0, 'Breach': 0, 'Culvert': 0, 'Sluice': 0, 'Dyke': 0, 'Storm water drain': 0, 'Emergency': 0, 'Immediate': 0, 'IM': 0, 'AE': 0, 'A E': 0, 'AAPDA MITRA': 0, 'flood': 0, 'Bridge': 0, 'River': 0, 'Drain': 2, 'Restoration': 0, 'Protection': 0, 'irr': 0, 'irrigation': 0, 'dam': 0, 'Nallah': 0, 'Retrofitting': 0, 'Pond': 0, 'Pokhari': 0, 'D/C': 0, 'Recharge shaft': 0, 'LFB': 0, 'RFB': 0}","{'Floodlight': 0, 'Flood Light': 0, 'GAS': 0, 'FIFA': 0, 'pipe': 0, 'pipes': 0, 'covid': 0, 'supply': 0, 'Beautification': 0, 'Installation': 0}",Post-Monsoon,,False,True,Repair and Restoration,"{'Construction': 2, 'Drain': 2}"
2026_ORULB_126678_19,37/SMC_SBP/2025-26,Construction of Road and Drain from Kunu Dandpat Res to Susanta Acharya Res at Samaleswar Nagar in WNo.06,Construction of Road and Drain from Kunu Dandpat Res to Susanta Acharya Res at Samaleswar Nagar in WNo.06,Works,Open Tender,Percentage,Civil Works - Others,No,No,NA ,06-Mar-2026 11:00 AM,NA ,120.0,No ,No,Online,17-Mar-2026 11:00 AM,Municipal Bodies||Sambalpur Municipal Corporation,Sambalpur Municipal Corporation,768006.0,1.0,"16,93,400",BINOD KUMAR SAHU,"1,693,376",Rejected-Technical,05-Jun-2026,Municipal Bodies||Sambalpur Municipal Corporation,True,"{'Flood': 0, 'Embankment': 0, 'embkt': 0, 'Relief': 0, 'Erosion': 0, 'SDRF': 0, 'Inundation': 0, 'Hydrology': 0, 'Silt': 0, 'Siltation': 0, 'Bund': 0, 'Trench': 0, 'Breach': 0, 'Culvert': 0, 'Sluice': 0, 'Dyke': 0, 'Storm water drain': 0, 'Emergency': 0, 'Immediate': 0, 'IM': 0, 'AE': 0, 'A E': 0, 'AAPDA MITRA': 0, 'flood': 0, 'Bridge': 0, 'River': 0, 'Drain': 2, 'Restoration': 0, 'Protection': 0, 'irr': 0, 'irrigation': 0, 'dam': 0, 'Nallah': 0, 'Retrofitting': 0, 'Pond': 0, 'Pokhari': 0, 'D/C': 0, 'Recharge shaft': 0, 'LFB': 0, 'RFB': 0}","{'Floodlight': 0, 'Flood Light': 0, 'GAS': 0, 'FIFA': 0, 'pipe': 0, 'pipes': 0, 'covid': 0, 'supply': 0, 'Beautification': 0, 'Installation': 0}",Pre-Monsoon,,False,True,Repair and Restoration,"{'Construction': 2, 'Drain': 2}"
2026_KPRIP_128092_3,"SE,KRC AND BD-01(2026-27)","Construction of boundary wall of Community Centre along with Slab to Existing Drain and Approach road to community centre, anganwadi Centre and post Office at Dhoblabeda (Daduan) R and R Colony for the DPs of village Daduan of KIP","Construction of boundary wall of Community Centre along with Slab to Existing Drain and Approach road to community centre, anganwadi Centre and post Office at Dhoblabeda (Daduan) R and R Colony for the DPs of village Daduan of KIP",Works,National Competitive Bid,Percentage,Civil Works - Buildings,No,No,NA ,13-Apr-2026 10:00 AM,NA ,90.0,No ,No,Online,23-Apr-2026 11:00 AM,Kanupur Irrigation Project||CCE-Kanupur||Kanupur R C AND B,SE Kanupur Reh. C and B Division Basudevpur,758047.0,1.0,"22,43,090",DAYANIDHI PATRA,"1,783,256",Rejected-AOC,10-Jun-2026,Kanupur Irrigation Project||CCE-Kanupur||Kanupur R C AND B,True,"{'Flood': 0, 'Embankment': 0, 'embkt': 0, 'Relief': 0, 'Erosion': 0, 'SDRF': 0, 'Inundation': 0, 'Hydrology': 0, 'Silt': 0, 'Siltation': 0, 'Bund': 0, 'Trench': 0, 'Breach': 0, 'Culvert': 0, 'Sluice': 0, 'Dyke': 0, 'Storm water drain': 0, 'Emergency': 0, 'Immediate': 0, 'IM': 0, 'AE': 0, 'A E': 0, 'AAPDA MITRA': 0, 'flood': 0, 'Bridge': 0, 'River': 0, 'Drain': 2, 'Restoration': 0, 'Protection': 0, 'irr': 0, 'irrigation': 0, 'dam': 0, 'Nallah': 0, 'Retrofitting': 0, 'Pond': 0, 'Pokhari': 0, 'D/C': 0, 'Recharge shaft': 0, 'LFB': 0, 'RFB': 0}","{'Floodlight': 0, 'Flood Light': 0, 'GAS': 0, 'FIFA': 0, 'pipe': 0, 'pipes': 0, 'covid': 0, 'supply': 0, 'Beautification': 0, 'Installation': 0}",Pre-Monsoon,,False,True,Repair and Restoration,"{'Construction': 2, 'Drain': 2}"
2026_ORULB_127692_2,MC(CMC)CTC_Div-IIINo39/2025-26,"Desilting of MSWC-II from Nua Bazar culvert to Divine Nagar via Sidheswar Chack MSD Nayabazar culvert to Potapokhari Market complex, R.D.Office to Netaji Filed at Nayabazar and Binayak Nagar to Netaji field in Ward No.43.","Desilting of MSWC-II from Nua Bazar culvert to Divine Nagar via Sidheswar Chack MSD Nayabazar culvert to Potapokhari Market complex, R.D.Office to Netaji Filed at Nayabazar and Binayak Nagar to Netaji field in Ward No.43.",Works,Open Tender,Percentage,Civil Works - Others,No,No,NA ,31-Mar-2026 11:00 AM,NA ,60.0,No ,No,Online,10-Apr-2026 10:00 AM,Municipal Bodies||Cuttack Municipal Corporation,CMC,753012.0,1.0,"13,37,287",CHANDRA SEKHAR SAHOO,"1,337,287",Rejected-AOC,15-Jun-2026,Municipal Bodies||Cuttack Municipal Corporation,True,"{'Flood': 0, 'Embankment': 0, 'embkt': 0, 'Relief': 0, 'Erosion': 0, 'SDRF': 0, 'Inundation': 0, 'Hydrology': 0, 'Silt': 0, 'Siltation': 0, 'Bund': 0, 'Trench': 0, 'Breach': 0, 'Culvert': 4, 'Sluice': 0, 'Dyke': 0, 'Storm water drain': 0, 'Emergency': 0, 'Immediate': 0, 'IM': 0, 'AE': 0, 'A E': 0, 'AAPDA MITRA': 0, 'flood': 0, 'Bridge': 0, 'River': 0, 'Drain': 0, 'Restoration': 0, 'Protection': 0, 'irr': 0, 'irrigation': 0, 'dam': 0, 'Nallah': 0, 'Retrofitting': 0, 'Pond': 0, 'Pokhari': 0, 'D/C': 0, 'Recharge shaft': 0, 'LFB': 0, 'RFB': 0}","{'Floodlight': 0, 'Flood Light': 0, 'GAS': 0, 'FIFA': 0, 'pipe': 0, 'pipes': 0, 'covid': 0, 'supply': 0, 'Beautification': 0, 'Installation': 0}",Pre-Monsoon,,False,True,Others,
2026_ORULB_126678_18,37/SMC_SBP/2025-26,Construction of Road and Drain from Lakhan Kirana Road to Main Road Centreline in WNo.05,Construction of Road and Drain from Lakhan Kirana Road to Main Road Centreline in WNo.05,Works,Open Tender,Percentage,Civil Works - Others,No,No,NA ,06-Mar-2026 11:00 AM,NA ,120.0,No ,No,Online,17-Mar-2026 11:00 AM,Municipal Bodies||Sambalpur Municipal Corporation,Sambalpur Municipal Corporation,768006.0,1.0,"12,69,428",HARI OM MAHAKAAL CONSTRUCTION AND ORDER SUPPLY,"1,269,421.29",Rejected-Technical,05-Jun-2026,Municipal Bodies||Sambalpur Municipal Corporation,True,"{'Flood': 0, 'Embankment': 0, 'embkt': 0, 'Relief': 0, 'Erosion': 0, 'SDRF': 0, 'Inundation': 0, 'Hydrology': 0, 'Silt': 0, 'Siltation': 0, 'Bund': 0, 'Trench': 0, 'Breach': 0, 'Culvert': 0, 'Sluice': 0, 'Dyke': 0, 'Storm water drain': 0, 'Emergency': 0, 'Immediate': 0, 'IM': 0, 'AE': 0, 'A E': 0, 'AAPDA MITRA': 0, 'flood': 0, 'Bridge': 0, 'River': 0, 'Drain': 2, 'Restoration': 0, 'Protection': 0, 'irr': 0, 'irrigation': 0, 'dam': 0, 'Nallah': 0, 'Retrofitting': 0, 'Pond': 0, 'Pokhari': 0, 'D/C': 0, 'Recharge shaft': 0, 'LFB': 0, 'RFB': 0}","{'Floodlight': 0, 'Flood Light': 0, 'GAS': 0, 'FIFA': 0, 'pipe': 0, 'pipes': 0, 'covid': 0, 'supply': 0, 'Beautification': 0, 'Installation': 0}",Pre-Monsoon,,False,True,Repair and Restoration,"{'Construction': 2, 'Drain': 2}"
2026_ORULB_124740_2,ATH-NAC-04/2025-26,Construction of RCC slab for covering the drain from Satar Babu house to Mominee Babu house in wno 04,Construction of RCC slab for covering the drain from Satar Babu house to Mominee Babu house in wno 04,Works,Open Tender,Percentage,Civil Works - Canal,No,No,NA ,20-Jan-2026 11:00 AM,NA ,30.0,No ,No,Online,03-Feb-2026 11:00 AM,Municipal Bodies||Athgarh NAC,ATHGARH,754029.0,1.0,"1,69,070",AJAYA KUMAR ROUT,"169,098.73",Accepted-AOC,18-Jun-2026,Municipal Bodies||Athgarh NAC,True,"{'Flood': 0, 'Embankment': 0, 'embkt': 0, 'Relief': 0, 'Erosion': 0, 'SDRF': 0, 'Inundation': 0, 'Hydrology': 0, 'Silt': 0, 'Siltation': 0, 'Bund': 0, 'Trench': 0, 'Breach': 0, 'Culvert': 0, 'Sluice': 0, 'Dyke': 0, 'Storm water drain': 0, 'Emergency': 0, 'Immediate': 0, 'IM': 0, 'AE': 0, 'A E': 0, 'AAPDA MITRA': 0, 'flood': 0, 'Bridge': 0, 'River': 0, 'Drain': 2, 'Restoration': 0, 'Protection': 0, 'irr': 0, 'irrigation': 0, 'dam': 0, 'Nallah': 0, 'Retrofitting': 0, 'Pond': 0, 'Pokhari': 0, 'D/C': 0, 'Recharge shaft': 0, 'LFB': 0, 'RFB': 0}","{'Floodlight': 0, 'Flood Light': 0, 'GAS': 0, 'FIFA': 0, 'pipe': 0, 'pipes': 0, 'covid': 0, 'supply': 0, 'Beautification': 0, 'Installation': 0}",Post-Monsoon,,False,True,Repair and Restoration,"{'Construction': 2, 'Drain': 2}"
2026_STSCD_127876_10,BidIdentificationNo-01/2026-27,Construction of Road and Bridge at Badhuakacha to Saranda road under Bijatala Block.,Construction of Road and Bridge at Badhuakacha to Saranda road under Bijatala Block.,Works,Open Tender,Percentage,Civil Works - Roads,No,No,NA ,07-Apr-2026 11:00 AM,NA ,90.0,No ,No,Online,22-Apr-2026 11:00 AM,ST and SC Development Deptt||ITDA Rairangpur,Badhuakacha to Saranda road,757048.0,1.0,"58,83,034",Surendra Nath Tudu,"5,853,618.83",Rejected-AOC,26-Jun-2026,ST and SC Development Deptt||ITDA Rairangpur,True,"{'Flood': 0, 'Embankment': 0, 'embkt': 0, 'Relief': 0, 'Erosion': 0, 'SDRF': 0, 'Inundation': 0, 'Hydrology': 0, 'Silt': 0, 'Siltation': 0, 'Bund': 0, 'Trench': 0, 'Breach': 0, 'Culvert': 0, 'Sluice': 0, 'Dyke': 0, 'Storm water drain': 0, 'Emergency': 0, 'Immediate': 0, 'IM': 0, 'AE': 0, 'A E': 0, 'AAPDA MITRA': 0, 'flood': 0, 'Bridge': 2, 'River': 0, 'Drain': 0, 'Restoration': 0, 'Protection': 0, 'irr': 0, 'irrigation': 0, 'dam': 0, 'Nallah': 0, 'Retrofitting': 0, 'Pond': 0, 'Pokhari': 0, 'D/C': 0, 'Recharge shaft': 0, 'LFB': 0, 'RFB': 0}","{'Floodlight': 0, 'Flood Light': 0, 'GAS': 0, 'FIFA': 0, 'pipe': 0, 'pipes': 0, 'covid': 0, 'supply': 0, 'Beautification': 0, 'Installation': 0}",Pre-Monsoon,,False,True,Repair and Restoration,"{'Construction': 2, 'Bridge': 2}"
2026_ORULB_126857_25,06/BGH- MUN/2025-26,Construction of CC Road and drain cover slab from canal to meher house w.no-16,Construction of CC Road and drain cover slab from canal to meher house w.no-16,Works,Open Tender,Percentage,Civil Works - Others,No,No,NA ,06-Mar-2026 04:00 PM,NA ,90.0,No ,No,Online,17-Mar-2026 11:00 AM,Municipal Bodies||Bargarh Municipal Council,Bargarh,768028.0,1.0,"19,00,016",RANJAN SETH,"1,288,094.333",Rejected-Finance,06-Jun-2026,Municipal Bodies||Bargarh Municipal Council,True,"{'Flood': 0, 'Embankment': 0, 'embkt': 0, 'Relief': 0, 'Erosion': 0, 'SDRF': 0, 'Inundation': 0, 'Hydrology': 0, 'Silt': 0, 'Siltation': 0, 'Bund': 0, 'Trench': 0, 'Breach': 0, 'Culvert': 0, 'Sluice': 0, 'Dyke': 0, 'Storm water drain': 0, 'Emergency': 0, 'Immediate': 0, 'IM': 0, 'AE': 0, 'A E': 0, 'AAPDA MITRA': 0, 'flood': 0, 'Bridge': 0, 'River': 0, 'Drain': 2, 'Restoration': 0, 'Protection': 0, 'irr': 0, 'irrigation': 0, 'dam': 0, 'Nallah': 0, 'Retrofitting': 0, 'Pond': 0, 'Pokhari': 0, 'D/C': 0, 'Recharge shaft': 0, 'LFB': 0, 'RFB': 0}","{'Floodlight': 0, 'Flood Light': 0, 'GAS': 0, 'FIFA': 0, 'pipe': 0, 'pipes': 0, 'covid': 0, 'supply': 0, 'Beautification': 0, 'Installation': 0}",Pre-Monsoon,,False,True,Repair and Restoration,"{'Construction': 2, 'Drain': 2}"
2026_ORULB_126857_27,06/BGH- MUN/2025-26,"Const of Cc road and drain slab from Bihari house to Bagarti house, W.No.-16","Const of Cc road and drain slab from Bihari house to Bagarti house, W.No.-16",Works,Open Tender,Percentage,Civil Works - Others,No,No,NA ,06-Mar-2026 04:00 PM,NA ,90.0,No ,No,Online,17-Mar-2026 11:00 AM,Municipal Bodies||Bargarh Municipal Council,Bargarh,768028.0,1.0,"19,00,016",RANJAN SETH,"1,288,094.333",Accepted-AOC,09-Jun-2026,Municipal Bodies||Bargarh Municipal Council,True,"{'Flood': 0, 'Embankment': 0, 'embkt': 0, 'Relief': 0, 'Erosion': 0, 'SDRF': 0, 'Inundation': 0, 'Hydrology': 0, 'Silt': 0, 'Siltation': 0, 'Bund': 0, 'Trench': 0, 'Breach': 0, 'Culvert': 0, 'Sluice': 0, 'Dyke': 0, 'Storm water drain': 0, 'Emergency': 0, 'Immediate': 0, 'IM': 0, 'AE': 0, 'A E': 0, 'AAPDA MITRA': 0, 'flood': 0, 'Bridge': 0, 'River': 0, 'Drain': 2, 'Restoration': 0, 'Protection': 0, 'irr': 0, 'irrigation': 0, 'dam': 0, 'Nallah': 0, 'Retrofitting': 0, 'Pond': 0, 'Pokhari': 0, 'D/C': 0, 'Recharge shaft': 0, 'LFB': 0, 'RFB': 0}","{'Floodlight': 0, 'Flood Light': 0, 'GAS': 0, 'FIFA': 0, 'pipe': 0, 'pipes': 0, 'covid': 0, 'supply': 0, 'Beautification': 0, 'Installation': 0}",Pre-Monsoon,,False,True,Repair and Restoration,{'Drain': 2}
2026_STSCD_127876_12,BidIdentificationNo-01/2026-27,Construction of Culvert at Rehelagoda Kapilash Shamsundar Nalla under Kusumi Block.,Construction of Culvert at Rehelagoda Kapilash Shamsundar Nalla under Kusumi Block.,Works,Open Tender,Percentage,Civil Works - Roads,No,No,NA ,07-Apr-2026 11:00 AM,NA ,90.0,No ,No,Online,22-Apr-2026 11:00 AM,ST and SC Development Deptt||ITDA Rairangpur,Rehelagoda Kapilash Shamsundar Nalla,757050.0,1.0,"16,81,262",AMIT KUMAR MOHAKUD,"1,672,855.69",Rejected-AOC,29-Jun-2026,ST and SC Development Deptt||ITDA Rairangpur,True,"{'Flood': 0, 'Embankment': 0, 'embkt': 0, 'Relief': 0, 'Erosion': 0, 'SDRF': 0, 'Inundation': 0, 'Hydrology': 0, 'Silt': 0, 'Siltation': 0, 'Bund': 0, 'Trench': 0, 'Breach': 0, 'Culvert': 2, 'Sluice': 0, 'Dyke': 0, 'Storm water drain': 0, 'Emergency': 0, 'Immediate': 0, 'IM': 0, 'AE': 0, 'A E': 0, 'AAPDA MITRA': 0, 'flood': 0, 'Bridge': 0, 'River': 0, 'Drain': 0, 'Restoration': 0, 'Protection': 0, 'irr': 0, 'irrigation': 0, 'dam': 0, 'Nallah': 0, 'Retrofitting': 0, 'Pond': 0, 'Pokhari': 0, 'D/C': 0, 'Recharge shaft': 0, 'LFB': 0, 'RFB': 0}","{'Floodlight': 0, 'Flood Light': 0, 'GAS': 0, 'FIFA': 0, 'pipe': 0, 'pipes': 0, 'covid': 0, 'supply': 0, 'Beautification': 0, 'Installation': 0}",Pre-Monsoon,,False,True,Repair and Restoration,{'Construction': 2}
2026_ORULB_125854_2,04/VNM/2025-26,Construction of paver road in Pokhari Hatting Sahi in ward No-01.,Construction of paver road in Pokhari Hatting Sahi in ward No-01.,Works,Open Tender,Percentage,Civil Works - Roads,No,No,NA ,12-Feb-2026 11:00 AM,NA ,30.0,No ,No,Online,02-Mar-2026 11:00 AM,Municipal Bodies||Vyasanagar Municipality,vyasanagar municipality,755019.0,1.0,,CHANDAN KUMAR SAMAL,"255,248.31",Accepted-AOC,13-Jun-2026,Municipal Bodies||Vyasanagar Municipality,True,"{'Flood': 0, 'Embankment': 0, 'embkt': 0, 'Relief': 0, 'Erosion': 0, 'SDRF': 0, 'Inundation': 0, 'Hydrology': 0, 'Silt': 0, 'Siltation': 0, 'Bund': 0, 'Trench': 0, 'Breach': 0, 'Culvert': 0, 'Sluice': 0, 'Dyke': 0, 'Storm water drain': 0, 'Emergency': 0, 'Immediate': 0, 'IM': 0, 'AE': 0, 'A E': 0, 'AAPDA MITRA': 0, 'flood': 0, 'Bridge': 0, 'River': 0, 'Drain': 0, 'Restoration': 0, 'Protection': 0, 'irr': 0, 'irrigation': 0, 'dam': 0, 'Nallah': 0, 'Retrofitting': 0, 'Pond': 0, 'Pokhari': 2, 'D/C': 0, 'Recharge shaft': 0, 'LFB': 0, 'RFB': 0}","{'Floodlight': 0, 'Flood Light': 0, 'GAS': 0, 'FIFA': 0, 'pipe': 0, 'pipes': 0, 'covid': 0, 'supply': 0, 'Beautification': 0, 'Installation': 0}",Post-Monsoon,,False,True,Repair and Restoration,{'Construction': 2}
2026_ORULB_127071_10,KSNG-NAC-06/2025-26,REPAIR OF ROAD DRAIN AND COVER SLAB FROM SANANDA SETH HOUSE UP TO KODAPADA IN WARD NO 01,REPAIR OF ROAD DRAIN AND COVER SLAB FROM SANANDA SETH HOUSE UP TO KODAPADA IN WARD NO 01,Works,Open Tender,Percentage,Civil Works - Roads,No,No,NA ,10-Mar-2026 10:00 AM,NA ,90.0,No ,No,Online,23-Mar-2026 11:00 AM,Municipal Bodies||Kesinga NAC,KESINGA NAC,766012.0,1.0,"2,54,622",GOBARDHAN SIKA,"254,367.38",Rejected-Technical,05-Jun-2026,Municipal Bodies||Kesinga NAC,True,"{'Flood': 0, 'Embankment': 0, 'embkt': 0, 'Relief': 0, 'Erosion': 0, 'SDRF': 0, 'Inundation': 0, 'Hydrology': 0, 'Silt': 0, 'Siltation': 0, 'Bund': 0, 'Trench': 0, 'Breach': 0, 'Culvert': 0, 'Sluice': 0, 'Dyke': 0, 'Storm water drain': 0, 'Emergency': 0, 'Immediate': 0, 'IM': 0, 'AE': 0, 'A E': 0, 'AAPDA MITRA': 0, 'flood': 0, 'Bridge': 0, 'River': 0, 'Drain': 2, 'Restoration': 0, 'Protection': 0, 'irr': 0, 'irrigation': 0, 'dam': 0, 'Nallah': 0, 'Retrofitting': 0, 'Pond': 0, 'Pokhari': 0, 'D/C': 0, 'Recharge shaft': 0, 'LFB': 0, 'RFB': 0}","{'Floodlight': 0, 'Flood Light': 0, 'GAS': 0, 'FIFA': 0, 'pipe': 0, 'pipes': 0, 'covid': 0, 'supply': 0, 'Beautification': 0, 'Installation': 0}",Pre-Monsoon,,False,True,Repair and Restoration,"{'repair': 2, 'Drain': 2}"
2026_ORULB_127155_11,BMC-EE-Tender Cell-78/2025-26 Dt. 10.03.2026,"Restoration of Road and Drain from MIG-47 towards Sasaswati Sishu Vidya Mandir, Barabari in Ward No. 63","Restoration of Road and Drain from MIG-47 towards Sasaswati Sishu Vidya Mandir, Barabari in Ward No. 63",Works,Open Tender,Percentage,Civil Works - Others,No,No,NA ,13-Mar-2026 10:30 AM,18-Mar-2026 03:30 PM ,120.0,No ,No,Online,25-Mar-2026 11:00 AM,Municipal Bodies||Bhubaneswar Municipal Corporation,BMC AREA,751022.0,1.0,"42,37,048",BHABANI SANKAR MALLIA,"3,750,287",Rejected-Finance,23-Jun-2026,Municipal Bodies||Bhubaneswar Municipal Corporation,True,"{'Flood': 0, 'Embankment': 0, 'embkt': 0, 'Relief': 0, 'Erosion': 0, 'SDRF': 0, 'Inundation': 0, 'Hydrology': 0, 'Silt': 0, 'Siltation': 0, 'Bund': 0, 'Trench': 0, 'Breach': 0, 'Culvert': 0, 'Sluice': 0, 'Dyke': 0, 'Storm water drain': 0, 'Emergency': 0, 'Immediate': 0, 'IM': 0, 'AE': 0, 'A E': 0, 'AAPDA MITRA': 0, 'flood': 0, 'Bridge': 0, 'River': 0, 'Drain': 2, 'Restoration': 2, 'Protection': 0, 'irr': 0, 'irrigation': 0, 'dam': 0, 'Nallah': 0, 'Retrofitting': 0, 'Pond': 0, 'Pokhari': 0, 'D/C': 0, 'Recharge shaft': 0, 'LFB': 0, 'RFB': 0}","{'Floodlight': 0, 'Flood Light': 0, 'GAS': 0, 'FIFA': 0, 'pipe': 0, 'pipes': 0, 'covid': 0, 'supply': 0, 'Beautification': 0, 'Installation': 0}",Pre-Monsoon,,False,True,Repair and Restoration,"{'restoration': 2, 'Drain': 2}"
2026_ORULB_124467_3,BMC-EE-Tender Cell-61/2025-26 Dt. 09.01.2026,Development of road and drain from Prassana Kumar Khuntia to Gayatri Vihar via M.E School and Ranasinghpur in Ward No. 66,Development of road and drain from Prassana Kumar Khuntia to Gayatri Vihar via M.E School and Ranasinghpur in Ward No. 66,Works,Open Tender,Percentage,Civil Works - Roads,No,No,NA ,13-Jan-2026 10:30 AM,19-Jan-2026 04:00 PM ,120.0,No ,No,Online,29-Jan-2026 11:00 AM,Municipal Bodies||Bhubaneswar Municipal Corporation,BMC AREA,751022.0,2.0,"3,81,30,283",BICHITRANANDA SAMANTARAY,"35,994,988",Rejected-Technical,23-Jun-2026,Municipal Bodies||Bhubaneswar Municipal Corporation,True,"{'Flood': 0, 'Embankment': 0, 'embkt': 0, 'Relief': 0, 'Erosion': 0, 'SDRF': 0, 'Inundation': 0, 'Hydrology': 0, 'Silt': 0, 'Siltation': 0, 'Bund': 0, 'Trench': 0, 'Breach': 0, 'Culvert': 0, 'Sluice': 0, 'Dyke': 0, 'Storm water drain': 0, 'Emergency': 0, 'Immediate': 0, 'IM': 0, 'AE': 0, 'A E': 0, 'AAPDA MITRA': 0, 'flood': 0, 'Bridge': 0, 'River': 0, 'Drain': 2, 'Restoration': 0, 'Protection': 0, 'irr': 0, 'irrigation': 0, 'dam': 0, 'Nallah': 0, 'Retrofitting': 0, 'Pond': 0, 'Pokhari': 0, 'D/C': 0, 'Recharge shaft': 0, 'LFB': 0, 'RFB': 0}","{'Floodlight': 0, 'Flood Light': 0, 'GAS': 0, 'FIFA': 0, 'pipe': 0, 'pipes': 0, 'covid': 0, 'supply': 0, 'Beautification': 0, 'Installation': 0}",Post-Monsoon,,False,True,Repair and Restoration,{'Drain': 2}
2026_ORULB_127649_2,MC(CMC)CTC_Div-I_No.26/2025-26,Construction of RCC drain with cover slab from Ajay Senapati house to Jaydev Muduli house in Ward No. 01.,Construction of RCC drain with cover slab from Ajay Senapati house to Jaydev Muduli house in Ward No. 01.,Works,Open Tender,Percentage,Civil Works - Others,No,No,NA ,30-Mar-2026 03:00 PM,NA ,90.0,No ,No,Online,13-Apr-2026 11:00 AM,Municipal Bodies||Cuttack Municipal Corporation,CMC,753012.0,1.0,"5,87,600",ARPITA MOHANTY,"587,511",Rejected-AOC,24-Jun-2026,Municipal Bodies||Cuttack Municipal Corporation,True,"{'Flood': 0, 'Embankment': 0, 'embkt': 0, 'Relief': 0, 'Erosion': 0, 'SDRF': 0, 'Inundation': 0, 'Hydrology': 0, 'Silt': 0, 'Siltation': 0, 'Bund': 0, 'Trench': 0, 'Breach': 0, 'Culvert': 0, 'Sluice': 0, 'Dyke': 0, 'Storm water drain': 0, 'Emergency': 0, 'Immediate': 0, 'IM': 0, 'AE': 0, 'A E': 0, 'AAPDA MITRA': 0, 'flood': 0, 'Bridge': 0, 'River': 0, 'Drain': 2, 'Restoration': 0, 'Protection': 0, 'irr': 0, 'irrigation': 0, 'dam': 0, 'Nallah': 0, 'Retrofitting': 0, 'Pond': 0, 'Pokhari': 0, 'D/C': 0, 'Recharge shaft': 0, 'LFB': 0, 'RFB': 0}","{'Floodlight': 0, 'Flood Light': 0, 'GAS': 0, 'FIFA': 0, 'pipe': 0, 'pipes': 0, 'covid': 0, 'supply': 0, 'Beautification': 0, 'Installation': 0}",Pre-Monsoon,,False,True,Repair and Restoration,"{'Construction': 2, 'Drain': 2}"
2026_ORULB_126613_5,MC(CMC)CTC_Div-IINo.36/2025-26,Construction of culvert in different places at Arnapurna lane in Ward No. 29.,Construction of culvert in different places at Arnapurna lane in Ward No. 29.,Works,Open Tender,Percentage,Civil Works - Others,No,No,NA ,25-Mar-2026 02:00 PM,NA ,90.0,No ,No,Online,09-Apr-2026 11:00 AM,Municipal Bodies||Cuttack Municipal Corporation,CMC,753012.0,1.0,"12,06,000",PRADEEP KUMAR CHHATOI,"1,205,966",Rejected-AOC,02-Jun-2026,Municipal Bodies||Cuttack Municipal Corporation,True,"{'Flood': 0, 'Embankment': 0, 'embkt': 0, 'Relief': 0, 'Erosion': 0, 'SDRF': 0, 'Inundation': 0, 'Hydrology': 0, 'Silt': 0, 'Siltation': 0, 'Bund': 0, 'Trench': 0, 'Breach': 0, 'Culvert': 2, 'Sluice': 0, 'Dyke': 0, 'Storm water drain': 0, 'Emergency': 0, 'Immediate': 0, 'IM': 0, 'AE': 0, 'A E': 0, 'AAPDA MITRA': 0, 'flood': 0, 'Bridge': 0, 'River': 0, 'Drain': 0, 'Restoration': 0, 'Protection': 0, 'irr': 0, 'irrigation': 0, 'dam': 0, 'Nallah': 0, 'Retrofitting': 0, 'Pond': 0, 'Pokhari': 0, 'D/C': 0, 'Recharge shaft': 0, 'LFB': 0, 'RFB': 0}","{'Floodlight': 0, 'Flood Light': 0, 'GAS': 0, 'FIFA': 0, 'pipe': 0, 'pipes': 0, 'covid': 0, 'supply': 0, 'Beautification': 0, 'Installation': 0}",Pre-Monsoon,,False,True,Repair and Restoration,{'Construction': 2}
2026_ORULB_127155_10,BMC-EE-Tender Cell-78/2025-26 Dt. 10.03.2026,Restoration of Road and Drain from Khushi Hotel Jagamara Mangala Temple in Ward No. 63,Restoration of Road and Drain from Khushi Hotel Jagamara Mangala Temple in Ward No. 63,Works,Open Tender,Percentage,Civil Works - Others,No,No,NA ,13-Mar-2026 10:30 AM,18-Mar-2026 03:30 PM ,120.0,No ,No,Online,25-Mar-2026 11:00 AM,Municipal Bodies||Bhubaneswar Municipal Corporation,BMC AREA,751022.0,1.0,"42,37,180",RAJESH KUMAR PATRA,"3,750,404",Rejected-Finance,23-Jun-2026,Municipal Bodies||Bhubaneswar Municipal Corporation,True,"{'Flood': 0, 'Embankment': 0, 'embkt': 0, 'Relief': 0, 'Erosion': 0, 'SDRF': 0, 'Inundation': 0, 'Hydrology': 0, 'Silt': 0, 'Siltation': 0, 'Bund': 0, 'Trench': 0, 'Breach': 0, 'Culvert': 0, 'Sluice': 0, 'Dyke': 0, 'Storm water drain': 0, 'Emergency': 0, 'Immediate': 0, 'IM': 0, 'AE': 0, 'A E': 0, 'AAPDA MITRA': 0, 'flood': 0, 'Bridge': 0, 'River': 0, 'Drain': 2, 'Restoration': 2, 'Protection': 0, 'irr': 0, 'irrigation': 0, 'dam': 0, 'Nallah': 0, 'Retrofitting': 0, 'Pond': 0, 'Pokhari': 0, 'D/C': 0, 'Recharge shaft': 0, 'LFB': 0, 'RFB': 0}","{'Floodlight': 0, 'Flood Light': 0, 'GAS': 0, 'FIFA': 0, 'pipe': 0, 'pipes': 0, 'covid': 0, 'supply': 0, 'Beautification': 0, 'Installation': 0}",Pre-Monsoon,,False,True,Repair and Restoration,"{'restoration': 2, 'Drain': 2}"
2026_ORULB_124740_1,ATH-NAC-04/2025-26,Construction of RCC drain and culvert with cover slab from Runa Naik house to Sani Temple in ward no 04,Construction of RCC drain and culvert with cover slab from Runa Naik house to Sani Temple in ward no 04,Works,Open Tender,Percentage,Civil Works - Canal,No,No,NA ,20-Jan-2026 11:00 AM,NA ,30.0,No ,No,Online,03-Feb-2026 11:00 AM,Municipal Bodies||Athgarh NAC,ATHGARH,754029.0,1.0,"3,22,031",AJAYA KUMAR ROUT,"322,091.67",Rejected-AOC,11-Jun-2026,Municipal Bodies||Athgarh NAC,True,"{'Flood': 0, 'Embankment': 0, 'embkt': 0, 'Relief': 0, 'Erosion': 0, 'SDRF': 0, 'Inundation': 0, 'Hydrology': 0, 'Silt': 0, 'Siltation': 0, 'Bund': 0, 'Trench': 0, 'Breach': 0, 'Culvert': 2, 'Sluice': 0, 'Dyke': 0, 'Storm water drain': 0, 'Emergency': 0, 'Immediate': 0, 'IM': 0, 'AE': 0, 'A E': 0, 'AAPDA MITRA': 0, 'flood': 0, 'Bridge': 0, 'River': 0, 'Drain': 2, 'Restoration': 0, 'Protection': 0, 'irr': 0, 'irrigation': 0, 'dam': 0, 'Nallah': 0, 'Retrofitting': 0, 'Pond': 0, 'Pokhari': 0, 'D/C': 0, 'Recharge shaft': 0, 'LFB': 0, 'RFB': 0}","{'Floodlight': 0, 'Flood Light': 0, 'GAS': 0, 'FIFA': 0, 'pipe': 0, 'pipes': 0, 'covid': 0, 'supply': 0, 'Beautification': 0, 'Installation': 0}",Post-Monsoon,,False,True,Repair and Restoration,"{'Construction': 2, 'Drain': 2}"
2026_ORULB_127436_1,BMC-EE-Tender Cell-81/2025-26 Dt. 18.03.2026,Widening of drain from NH to Paika Nagar Chhak near Renault showroom and Munda Sahi.,Widening of drain from NH to Paika Nagar Chhak near Renault showroom and Munda Sahi.,Works,Open Tender,Percentage,Civil Works - Others,No,No,NA ,21-Mar-2026 10:30 AM,30-Mar-2026 03:30 PM ,120.0,No ,No,Online,07-Apr-2026 11:00 AM,Municipal Bodies||Bhubaneswar Municipal Corporation,BMC AREA,751022.0,2.0,"3,06,63,332",ASHOK KUMAR DASH,"29,820,359",Accepted-AOC,24-Jun-2026,Municipal Bodies||Bhubaneswar Municipal Corporation,True,"{'Flood': 0, 'Embankment': 0, 'embkt': 0, 'Relief': 0, 'Erosion': 0, 'SDRF': 0, 'Inundation': 0, 'Hydrology': 0, 'Silt': 0, 'Siltation': 0, 'Bund': 0, 'Trench': 0, 'Breach': 0, 'Culvert': 0, 'Sluice': 0, 'Dyke': 0, 'Storm water drain': 0, 'Emergency': 0, 'Immediate': 0, 'IM': 0, 'AE': 0, 'A E': 0, 'AAPDA MITRA': 0, 'flood': 0, 'Bridge': 0, 'River': 0, 'Drain': 2, 'Restoration': 0, 'Protection': 0, 'irr': 0, 'irrigation': 0, 'dam': 0, 'Nallah': 0, 'Retrofitting': 0, 'Pond': 0, 'Pokhari': 0, 'D/C': 0, 'Recharge shaft': 0, 'LFB': 0, 'RFB': 0}","{'Floodlight': 0, 'Flood Light': 0, 'GAS': 0, 'FIFA': 0, 'pipe': 0, 'pipes': 0, 'covid': 0, 'supply': 0, 'Beautification': 0, 'Installation': 0}",Pre-Monsoon,,False,True,Repair and Restoration,"{'widening': 2, 'Drain': 2}"
2026_PRNPA_124184_12,e-procurement Notice No.(PSNPD)01/2025-26 vide letter no.03 dt.01/01/2026,improvement of road and construction of culvert at kukurimundi nala at set jampani,improvement of road and construction of culvert at kukurimundi nala at set jampani,Works,Open Tender,Percentage,Civil Works - Bridges,No,No,NA ,05-Jan-2026 10:00 AM,NA ,90.0,No ,No,Online,21-Jan-2026 11:00 AM,Panchayati Raj and Drinking Water Department Odisha||Zilla Parisad Nuapada||NUAPADA Block,Nuapada,766105.0,1.0,"16,81,967",SUJIT KUMAR PUROHIT,"1,429,840",Rejected-Finance,13-May-2026,Panchayati Raj and Drinking Water Department Odisha||Zilla Parisad Nuapada||NUAPADA Block,True,"{'Flood': 0, 'Embankment': 0, 'embkt': 0, 'Relief': 0, 'Erosion': 0, 'SDRF': 0, 'Inundation': 0, 'Hydrology': 0, 'Silt': 0, 'Siltation': 0, 'Bund': 0, 'Trench': 0, 'Breach': 0, 'Culvert': 2, 'Sluice': 0, 'Dyke': 0, 'Storm water drain': 0, 'Emergency': 0, 'Immediate': 0, 'IM': 0, 'AE': 0, 'A E': 0, 'AAPDA MITRA': 0, 'flood': 0, 'Bridge': 0, 'River': 0, 'Drain': 0, 'Restoration': 0, 'Protection': 0, 'irr': 0, 'irrigation': 0, 'dam': 0, 'Nallah': 0, 'Retrofitting': 0, 'Pond': 0, 'Pokhari': 0, 'D/C': 0, 'Recharge shaft': 0, 'LFB': 0, 'RFB': 0}","{'Floodlight': 0, 'Flood Light': 0, 'GAS': 0, 'FIFA': 0, 'pipe': 0, 'pipes': 0, 'covid': 0, 'supply': 0, 'Beautification': 0, 'Installation': 0}",Post-Monsoon,,False,True,Repair and Restoration,"{'improvement': 2, 'Construction': 2}"
2026_ORULB_127071_11,KSNG-NAC-06/2025-26,CONSTRUCTION OF CULVERT AND APPROACH ROAD OF LIMPADAR ROAD IN WARD NO 02,CONSTRUCTION OF CULVERT AND APPROACH ROAD OF LIMPADAR ROAD IN WARD NO 02,Works,Open Tender,Percentage,Civil Works - Roads,No,No,NA ,10-Mar-2026 10:00 AM,NA ,90.0,No ,No,Online,23-Mar-2026 11:00 AM,Municipal Bodies||Kesinga NAC,KESINGA NAC,766012.0,1.0,"2,97,059",JYOTI RANJAN NANDA,"290,078.11",Rejected-Technical,05-Jun-2026,Municipal Bodies||Kesinga NAC,True,"{'Flood': 0, 'Embankment': 0, 'embkt': 0, 'Relief': 0, 'Erosion': 0, 'SDRF': 0, 'Inundation': 0, 'Hydrology': 0, 'Silt': 0, 'Siltation': 0, 'Bund': 0, 'Trench': 0, 'Breach': 0, 'Culvert': 2, 'Sluice': 0, 'Dyke': 0, 'Storm water drain': 0, 'Emergency': 0, 'Immediate': 0, 'IM': 0, 'AE': 0, 'A E': 0, 'AAPDA MITRA': 0, 'flood': 0, 'Bridge': 0, 'River': 0, 'Drain': 0, 'Restoration': 0, 'Protection': 0, 'irr': 0, 'irrigation': 0, 'dam': 0, 'Nallah': 0, 'Retrofitting': 0, 'Pond': 0, 'Pokhari': 0, 'D/C': 0, 'Recharge shaft': 0, 'LFB': 0, 'RFB': 0}","{'Floodlight': 0, 'Flood Light': 0, 'GAS': 0, 'FIFA': 0, 'pipe': 0, 'pipes': 0, 'covid': 0, 'supply': 0, 'Beautification': 0, 'Installation': 0}",Pre-Monsoon,,False,True,Repair and Restoration,{'Construction': 2}
2026_ECCHA_127145_12,"e-Procurement Notice No.ACE, EC-II 12 of 2025-26","ACE, EC-II JKID 52 of 2025-26 Scoured Bank protection and Restoration to Brahamani Right from Kalanda to Endaloba of Dharmasala Block.",Embankment protection,Works,National Competitive Bid,Percentage,Civil Works - Others,No,No,NA ,11-Mar-2026 10:00 AM,NA ,90.0,No ,No,Online,26-Mar-2026 11:30 AM,CE AND BM MBBS CHANDIKOLE||EASTERN CIRCLE II CHANDIKOLE,Jaraka,755050.0,2.0,"2,00,08,727",ABHAYA ROUT,"16,008,982",Accepted-AOC,21-Jun-2026,CE AND BM MBBS CHANDIKOLE||EASTERN CIRCLE II CHANDIKOLE,True,"{'Flood': 0, 'Embankment': 1, 'embkt': 0, 'Relief': 0, 'Erosion': 0, 'SDRF': 0, 'Inundation': 0, 'Hydrology': 0, 'Silt': 0, 'Siltation': 0, 'Bund': 0, 'Trench': 0, 'Breach': 0, 'Culvert': 0, 'Sluice': 0, 'Dyke': 0, 'Storm water drain': 0, 'Emergency': 0, 'Immediate': 0, 'IM': 0, 'AE': 0, 'A E': 0, 'AAPDA MITRA': 0, 'flood': 0, 'Bridge': 0, 'River': 0, 'Drain': 0, 'Restoration': 1, 'Protection': 2, 'irr': 0, 'irrigation': 0, 'dam': 0, 'Nallah': 0, 'Retrofitting': 0, 'Pond': 0, 'Pokhari': 0, 'D/C': 0, 'Recharge shaft': 0, 'LFB': 0, 'RFB': 0}","{'Floodlight': 0, 'Flood Light': 0, 'GAS': 0, 'FIFA': 0, 'pipe': 0, 'pipes': 0, 'covid': 0, 'supply': 0, 'Beautification': 0, 'Installation': 0}",Pre-Monsoon,,False,True,Repair and Restoration,{'restoration': 1}
2026_ORULB_125887_19,SOROM_07_2025-26,Construction of Drain from Ramjan House to Ambabadi Road in Ward No.-06,Construction Work,Works,Open Tender,Percentage,Civil Works - Others,No,No,NA ,18-Feb-2026 10:00 AM,NA ,120.0,No ,No,Online,26-Feb-2026 10:00 AM,Municipal Bodies||Soro Municipality,"Soro Municipality, Soro",756045.0,1.0,"2,96,610",NIKHAT JAHAN,"296,610",Accepted-AOC,04-Jun-2026,Municipal Bodies||Soro Municipality,True,"{'Flood': 0, 'Embankment': 0, 'embkt': 0, 'Relief': 0, 'Erosion': 0, 'SDRF': 0, 'Inundation': 0, 'Hydrology': 0, 'Silt': 0, 'Siltation': 0, 'Bund': 0, 'Trench': 0, 'Breach': 0, 'Culvert': 0, 'Sluice': 0, 'Dyke': 0, 'Storm water drain': 0, 'Emergency': 0, 'Immediate': 0, 'IM': 0, 'AE': 0, 'A E': 0, 'AAPDA MITRA': 0, 'flood': 0, 'Bridge': 0, 'River': 0, 'Drain': 1, 'Restoration': 0, 'Protection': 0, 'irr': 0, 'irrigation': 0, 'dam': 0, 'Nallah': 0, 'Retrofitting': 0, 'Pond': 0, 'Pokhari': 0, 'D/C': 0, 'Recharge shaft': 0, 'LFB': 0, 'RFB': 0}","{'Floodlight': 0, 'Flood Light': 0, 'GAS': 0, 'FIFA': 0, 'pipe': 0, 'pipes': 0, 'covid': 0, 'supply': 0, 'Beautification': 0, 'Installation': 0}",Post-Monsoon,,False,True,Repair and Restoration,"{'Construction': 2, 'Drain': 1}"
2026_ORULB_125854_3,04/VNM/2025-26,Construction of drain in adibasi sahi in ward no-01,Construction of drain in adibasi sahi in ward no-01,Works,Open Tender,Percentage,Civil Works - Roads,No,No,NA ,12-Feb-2026 11:00 AM,NA ,30.0,No ,No,Online,02-Mar-2026 11:00 AM,Municipal Bodies||Vyasanagar Municipality,vyasanagar municipality,755019.0,1.0,,CHANDAN KUMAR SAMAL,"508,293.39",Accepted-AOC,13-Jun-2026,Municipal Bodies||Vyasanagar Municipality,True,"{'Flood': 0, 'Embankment': 0, 'embkt': 0, 'Relief': 0, 'Erosion': 0, 'SDRF': 0, 'Inundation': 0, 'Hydrology': 0, 'Silt': 0, 'Siltation': 0, 'Bund': 0, 'Trench': 0, 'Breach': 0, 'Culvert': 0, 'Sluice': 0, 'Dyke': 0, 'Storm water drain': 0, 'Emergency': 0, 'Immediate': 0, 'IM': 0, 'AE': 0, 'A E': 0, 'AAPDA MITRA': 0, 'flood': 0, 'Bridge': 0, 'River': 0, 'Drain': 2, 'Restoration': 0, 'Protection': 0, 'irr': 0, 'irrigation': 0, 'dam': 0, 'Nallah': 0, 'Retrofitting': 0, 'Pond': 0, 'Pokhari': 0, 'D/C': 0, 'Recharge shaft': 0, 'LFB': 0, 'RFB': 0}","{'Floodlight': 0, 'Flood Light': 0, 'GAS': 0, 'FIFA': 0, 'pipe': 0, 'pipes': 0, 'covid': 0, 'supply': 0, 'Beautification': 0, 'Installation': 0}",Post-Monsoon,,False,True,Repair and Restoration,"{'Construction': 2, 'Drain': 2}"
2026_ORULB_124590_10,BBLM-6/2025-26,"Construction of drain near Shiva temple at Bhanja colony, Ward No.8, Barbil","Construction of drain near Shiva temple at Bhanja colony, Ward No.8, Barbil",Works,Open Tender,Percentage,Civil Works - Others,No,No,NA ,20-Jan-2026 10:00 AM,NA ,90.0,No ,No,Online,04-Feb-2026 11:00 AM,Municipal Bodies||Barbil Municipality,Barbil,758035.0,2.0,"7,22,000",ISWAR CHANDRA SAMAL,"756,780",Accepted-AOC,01-Jun-2026,Municipal Bodies||Barbil Municipality,True,"{'Flood': 0, 'Embankment': 0, 'embkt': 0, 'Relief': 0, 'Erosion': 0, 'SDRF': 0, 'Inundation': 0, 'Hydrology': 0, 'Silt': 0, 'Siltation': 0, 'Bund': 0, 'Trench': 0, 'Breach': 0, 'Culvert': 0, 'Sluice': 0, 'Dyke': 0, 'Storm water drain': 0, 'Emergency': 0, 'Immediate': 0, 'IM': 0, 'AE': 0, 'A E': 0, 'AAPDA MITRA': 0, 'flood': 0, 'Bridge': 0, 'River': 0, 'Drain': 2, 'Restoration': 0, 'Protection': 0, 'irr': 0, 'irrigation': 0, 'dam': 0, 'Nallah': 0, 'Retrofitting': 0, 'Pond': 0, 'Pokhari': 0, 'D/C': 0, 'Recharge shaft': 0, 'LFB': 0, 'RFB': 0}","{'Floodlight': 0, 'Flood Light': 0, 'GAS': 0, 'FIFA': 0, 'pipe': 0, 'pipes': 0, 'covid': 0, 'supply': 0, 'Beautification': 0, 'Installation': 0}",Post-Monsoon,,False,True,Repair and Restoration,"{'Construction': 2, 'Drain': 2}"
2026_ORULB_127509_2,BMC-EE-Tender Cell-84/2025-26 dt. 20.03.2026,"Repair and Restoration of Roads damaged by WATCO, TPCODL, Bharati Airtel Limited, BSNL and Reliance Jio in different wards i.e. from Ward No. 11 to 14, 16 to 21 and 26 of North Zone inside BMC Area","Repair and Restoration of Roads damaged by WATCO, TPCODL, Bharati Airtel Limited, BSNL and Reliance Jio in different wards i.e. from Ward No. 11 to 14, 16 to 21 and 26 of North Zone inside BMC Area",Works,Open Tender,Percentage,Civil Works - Roads,No,No,NA ,24-Mar-2026 11:00 AM,02-Apr-2026 04:30 PM ,120.0,No ,No,Online,10-Apr-2026 03:30 PM,Municipal Bodies||Bhubaneswar Municipal Corporation,BMC AREA,751022.0,2.0,"1,27,54,803",BHABANI SANKAR MALLIA,"10,791,329",Rejected-Finance,19-Jun-2026,Municipal Bodies||Bhubaneswar Municipal Corporation,True,"{'Flood': 0, 'Embankment': 0, 'embkt': 0, 'Relief': 0, 'Erosion': 0, 'SDRF': 0, 'Inundation': 0, 'Hydrology': 0, 'Silt': 0, 'Siltation': 0, 'Bund': 0, 'Trench': 0, 'Breach': 0, 'Culvert': 0, 'Sluice': 0, 'Dyke': 0, 'Storm water drain': 0, 'Emergency': 0, 'Immediate': 0, 'IM': 0, 'AE': 0, 'A E': 0, 'AAPDA MITRA': 0, 'flood': 0, 'Bridge': 0, 'River': 0, 'Drain': 0, 'Restoration': 2, 'Protection': 0, 'irr': 0, 'irrigation': 0, 'dam': 0, 'Nallah': 0, 'Retrofitting': 0, 'Pond': 0, 'Pokhari': 0, 'D/C': 0, 'Recharge shaft': 0, 'LFB': 0, 'RFB': 0}","{'Floodlight': 0, 'Flood Light': 0, 'GAS': 0, 'FIFA': 0, 'pipe': 0, 'pipes': 0, 'covid': 0, 'supply': 0, 'Beautification': 0, 'Installation': 0}",Pre-Monsoon,,False,True,Repair and Restoration,"{'repair': 2, 'restoration': 2}"
2026_ORULB_124590_8,BBLM-6/2025-26,"Construction of drain from Madhu Sahu house to Jalaram mandir, Ward No.6, Barbil","Construction of drain from Madhu Sahu house to Jalaram mandir, Ward No.6, Barbil",Works,Open Tender,Percentage,Civil Works - Others,No,No,NA ,20-Jan-2026 10:00 AM,NA ,90.0,No ,No,Online,04-Feb-2026 11:00 AM,Municipal Bodies||Barbil Municipality,Barbil,758035.0,2.0,"9,74,000",NARAYAN HEMBRAM,"1,021,018",Rejected-Finance,12-Jun-2026,Municipal Bodies||Barbil Municipality,True,"{'Flood': 0, 'Embankment': 0, 'embkt': 0, 'Relief': 0, 'Erosion': 0, 'SDRF': 0, 'Inundation': 0, 'Hydrology': 0, 'Silt': 0, 'Siltation': 0, 'Bund': 0, 'Trench': 0, 'Breach': 0, 'Culvert': 0, 'Sluice': 0, 'Dyke': 0, 'Storm water drain': 0, 'Emergency': 0, 'Immediate': 0, 'IM': 0, 'AE': 0, 'A E': 0, 'AAPDA MITRA': 0, 'flood': 0, 'Bridge': 0, 'River': 0, 'Drain': 2, 'Restoration': 0, 'Protection': 0, 'irr': 0, 'irrigation': 0, 'dam': 0, 'Nallah': 0, 'Retrofitting': 0, 'Pond': 0, 'Pokhari': 0, 'D/C': 0, 'Recharge shaft': 0, 'LFB': 0, 'RFB': 0}","{'Floodlight': 0, 'Flood Light': 0, 'GAS': 0, 'FIFA': 0, 'pipe': 0, 'pipes': 0, 'covid': 0, 'supply': 0, 'Beautification': 0, 'Installation': 0}",Post-Monsoon,,False,True,Repair and Restoration,"{'Construction': 2, 'Drain': 2}"
2026_ORULB_128191_6,4/SMC_SBP/2026-27,"Construction of Drain and Road From EX.MLA Backside to Coaching Center ,Ward no-21","Construction of Drain and Road From EX.MLA Backside to Coaching Center ,Ward no-21",Works,Open Tender,Percentage,Civil Works - Others,No,No,NA ,21-Apr-2026 11:00 AM,NA ,120.0,No ,No,Online,01-May-2026 11:00 AM,Municipal Bodies||Sambalpur Municipal Corporation,SAMBALPUR MUNICIPAL CORPORATION,768006.0,1.0,"12,68,439",MOHAMMED ALI HUSSAIN,"1,268,451.02",Accepted-AOC,11-Jun-2026,Municipal Bodies||Sambalpur Municipal Corporation,True,"{'Flood': 0, 'Embankment': 0, 'embkt': 0, 'Relief': 0, 'Erosion': 0, 'SDRF': 0, 'Inundation': 0, 'Hydrology': 0, 'Silt': 0, 'Siltation': 0, 'Bund': 0, 'Trench': 0, 'Breach': 0, 'Culvert': 0, 'Sluice': 0, 'Dyke': 0, 'Storm water drain': 0, 'Emergency': 0, 'Immediate': 0, 'IM': 0, 'AE': 0, 'A E': 0, 'AAPDA MITRA': 0, 'flood': 0, 'Bridge': 0, 'River': 0, 'Drain': 2, 'Restoration': 0, 'Protection': 0, 'irr': 0, 'irrigation': 0, 'dam': 0, 'Nallah': 0, 'Retrofitting': 0, 'Pond': 0, 'Pokhari': 0, 'D/C': 0, 'Recharge shaft': 0, 'LFB': 0, 'RFB': 0}","{'Floodlight': 0, 'Flood Light': 0, 'GAS': 0, 'FIFA': 0, 'pipe': 0, 'pipes': 0, 'covid': 0, 'supply': 0, 'Beautification': 0, 'Installation': 0}",Pre-Monsoon,,False,True,Repair and Restoration,"{'Construction': 2, 'Drain': 2}"
2026_ORULB_127548_6,BMC-EE-Tender Cell-85/2025-26 dt. 23.03.2026,"Annual Maintenance, Cleaning of water stretch and Main Drain No. 1 under BMC for 2026-27","Annual Maintenance, Cleaning of water stretch and Main Drain No. 1 under BMC for 2026-27",Works,Open Tender,Percentage,Civil Works - Others,No,No,NA ,26-Mar-2026 10:30 AM,02-Apr-2026 03:30 PM ,120.0,No ,No,Online,09-Apr-2026 03:30 PM,Municipal Bodies||Bhubaneswar Municipal Corporation,BMC AREA,751022.0,1.0,"39,94,565",AJAY KUMAR BEHERA,"3,102,482",Rejected-Finance,09-Jun-2026,Municipal Bodies||Bhubaneswar Municipal Corporation,True,"{'Flood': 0, 'Embankment': 0, 'embkt': 0, 'Relief': 0, 'Erosion': 0, 'SDRF': 0, 'Inundation': 0, 'Hydrology': 0, 'Silt': 0, 'Siltation': 0, 'Bund': 0, 'Trench': 0, 'Breach': 0, 'Culvert': 0, 'Sluice': 0, 'Dyke': 0, 'Storm water drain': 0, 'Emergency': 0, 'Immediate': 0, 'IM': 0, 'AE': 0, 'A E': 0, 'AAPDA MITRA': 0, 'flood': 0, 'Bridge': 0, 'River': 0, 'Drain': 2, 'Restoration': 0, 'Protection': 0, 'irr': 0, 'irrigation': 0, 'dam': 0, 'Nallah': 0, 'Retrofitting': 0, 'Pond': 0, 'Pokhari': 0, 'D/C': 0, 'Recharge shaft': 0, 'LFB': 0, 'RFB': 0}","{'Floodlight': 0, 'Flood Light': 0, 'GAS': 0, 'FIFA': 0, 'pipe': 0, 'pipes': 0, 'covid': 0, 'supply': 0, 'Beautification': 0, 'Installation': 0}",Pre-Monsoon,,False,True,Repair and Restoration,{'Drain': 2}
2026_ORULB_127265_6,SOROM_08_2025-26,Development and Maintenance of pothole free Roads and Cover Drain of Soro Municipality in Ward No-13 and 14.,Pothole free roads and cover drain,Works,Open Tender,Percentage,Civil Works - Others,No,No,NA ,16-Mar-2026 10:00 AM,NA ,120.0,No ,No,Online,25-Mar-2026 10:00 AM,Municipal Bodies||Soro Municipality,"Soro Municipality, Soro",756045.0,1.0,"4,05,932",Gouraranjan Das,"397,772.72",Rejected-Finance,06-Jun-2026,Municipal Bodies||Soro Municipality,True,"{'Flood': 0, 'Embankment': 0, 'embkt': 0, 'Relief': 0, 'Erosion': 0, 'SDRF': 0, 'Inundation': 0, 'Hydrology': 0, 'Silt': 0, 'Siltation': 0, 'Bund': 0, 'Trench': 0, 'Breach': 0, 'Culvert': 0, 'Sluice': 0, 'Dyke': 0, 'Storm water drain': 0, 'Emergency': 0, 'Immediate': 0, 'IM': 0, 'AE': 0, 'A E': 0, 'AAPDA MITRA': 0, 'flood': 0, 'Bridge': 0, 'River': 0, 'Drain': 2, 'Restoration': 0, 'Protection': 0, 'irr': 0, 'irrigation': 0, 'dam': 0, 'Nallah': 0, 'Retrofitting': 0, 'Pond': 0, 'Pokhari': 0, 'D/C': 0, 'Recharge shaft': 0, 'LFB': 0, 'RFB': 0}","{'Floodlight': 0, 'Flood Light': 0, 'GAS': 0, 'FIFA': 0, 'pipe': 0, 'pipes': 0, 'covid': 0, 'supply': 0, 'Beautification': 0, 'Installation': 0}",Pre-Monsoon,,False,True,Repair and Restoration,{'Drain': 2}
2026_EICCL_127625_1,IFB-SE PWD-29 OF 2025-26,"Construction of Drain with cover slab, Paver Block, Dismantling the old structures and Renovation to DDC and Matrumangal Unit at C.H.C., Bargarh for the year 2025-26",BUILDING WORK (CIVIL),Works,Open Tender,Percentage,Civil Works - Buildings,No,No,NA ,26-Mar-2026 11:00 AM,NA ,90.0,No ,No,Online,07-Apr-2026 11:30 AM,EIC-CIVIL||SERNB-CIRCLE-NORTHERN||EERNB-DIVN-BARGARH,BARGARH,768028.0,2.0,"84,02,767",DEBESH KUMAR SATPATHY,"7,982,628",Rejected-AOC,23-Jun-2026,EIC-CIVIL||SERNB-CIRCLE-NORTHERN||EERNB-DIVN-BARGARH,True,"{'Flood': 0, 'Embankment': 0, 'embkt': 0, 'Relief': 0, 'Erosion': 0, 'SDRF': 0, 'Inundation': 0, 'Hydrology': 0, 'Silt': 0, 'Siltation': 0, 'Bund': 0, 'Trench': 0, 'Breach': 0, 'Culvert': 0, 'Sluice': 0, 'Dyke': 0, 'Storm water drain': 0, 'Emergency': 0, 'Immediate': 0, 'IM': 0, 'AE': 0, 'A E': 0, 'AAPDA MITRA': 0, 'flood': 0, 'Bridge': 0, 'River': 0, 'Drain': 1, 'Restoration': 0, 'Protection': 0, 'irr': 0, 'irrigation': 0, 'dam': 0, 'Nallah': 0, 'Retrofitting': 0, 'Pond': 0, 'Pokhari': 0, 'D/C': 0, 'Recharge shaft': 0, 'LFB': 0, 'RFB': 0}","{'Floodlight': 0, 'Flood Light': 0, 'GAS': 0, 'FIFA': 0, 'pipe': 0, 'pipes': 0, 'covid': 0, 'supply': 0, 'Beautification': 0, 'Installation': 0}",Pre-Monsoon,,False,True,Repair and Restoration,"{'renovation': 1, 'Construction': 1, 'Drain': 1}"
2026_ORULB_126907_12,BBLM-7/2025-26,"Laying of paver block of gali roads and repair of drain at Chatei hutting and laying of paver block and construction of drain from Babulu house to Suban house at Laxmi nagar, Ward No.12, Barbil Municipality","Laying of paver block of gali roads and repair of drain at Chatei hutting and laying of paver block and construction of drain from Babulu house to Suban house at Laxmi nagar, Ward No.12, Barbil Municipality",Works,Open Tender,Percentage,Civil Works - Roads,No,No,NA ,09-Mar-2026 10:00 AM,NA ,90.0,No ,No,Online,20-Mar-2026 11:00 AM,Municipal Bodies||Barbil Municipality,Barbil,758035.0,2.0,"11,96,000",MANOJ SUNARI,"1,254,491",Rejected-Finance,25-Jun-2026,Municipal Bodies||Barbil Municipality,True,"{'Flood': 0, 'Embankment': 0, 'embkt': 0, 'Relief': 0, 'Erosion': 0, 'SDRF': 0, 'Inundation': 0, 'Hydrology': 0, 'Silt': 0, 'Siltation': 0, 'Bund': 0, 'Trench': 0, 'Breach': 0, 'Culvert': 0, 'Sluice': 0, 'Dyke': 0, 'Storm water drain': 0, 'Emergency': 0, 'Immediate': 0, 'IM': 0, 'AE': 0, 'A E': 0, 'AAPDA MITRA': 0, 'flood': 0, 'Bridge': 0, 'River': 0, 'Drain': 4, 'Restoration': 0, 'Protection': 0, 'irr': 0, 'irrigation': 0, 'dam': 0, 'Nallah': 0, 'Retrofitting': 0, 'Pond': 0, 'Pokhari': 0, 'D/C': 0, 'Recharge shaft': 0, 'LFB': 0, 'RFB': 0}","{'Floodlight': 0, 'Flood Light': 0, 'GAS': 0, 'FIFA': 0, 'pipe': 0, 'pipes': 0, 'covid': 0, 'supply': 0, 'Beautification': 0, 'Installation': 0}",Pre-Monsoon,,False,True,Repair and Restoration,"{'repair': 2, 'Construction': 2, 'Drain': 4}"
2026_ORULB_124740_4,ATH-NAC-04/2025-26,Construction of RCC slab for covering the drain from Madhab Mishra house to Srinibas Padhi house in ward no 05,Construction of RCC slab for covering the drain from Madhab Mishra house to Srinibas Padhi house in ward no 05,Works,Open Tender,Percentage,Civil Works - Canal,No,No,NA ,20-Jan-2026 11:00 AM,NA ,30.0,No ,No,Online,03-Feb-2026 11:00 AM,Municipal Bodies||Athgarh NAC,ATHGARH,754029.0,1.0,"2,19,751",AJAYA KUMAR ROUT,"219,708.53",Rejected-AOC,22-Jun-2026,Municipal Bodies||Athgarh NAC,True,"{'Flood': 0, 'Embankment': 0, 'embkt': 0, 'Relief': 0, 'Erosion': 0, 'SDRF': 0, 'Inundation': 0, 'Hydrology': 0, 'Silt': 0, 'Siltation': 0, 'Bund': 0, 'Trench': 0, 'Breach': 0, 'Culvert': 0, 'Sluice': 0, 'Dyke': 0, 'Storm water drain': 0, 'Emergency': 0, 'Immediate': 0, 'IM': 0, 'AE': 0, 'A E': 0, 'AAPDA MITRA': 0, 'flood': 0, 'Bridge': 0, 'River': 0, 'Drain': 2, 'Restoration': 0, 'Protection': 0, 'irr': 0, 'irrigation': 0, 'dam': 0, 'Nallah': 0, 'Retrofitting': 0, 'Pond': 0, 'Pokhari': 0, 'D/C': 0, 'Recharge shaft': 0, 'LFB': 0, 'RFB': 0}","{'Floodlight': 0, 'Flood Light': 0, 'GAS': 0, 'FIFA': 0, 'pipe': 0, 'pipes': 0, 'covid': 0, 'supply': 0, 'Beautification': 0, 'Installation': 0}",Post-Monsoon,,False,True,Repair and Restoration,"{'Construction': 2, 'Drain': 2}"
2026_ORULB_127071_14,KSNG-NAC-06/2025-26,REPAIR OF ROAD (PAVER ROAD) AND DRAIN NEAR YOUNG BLOOD PUBLIC SCHOOL IN WARD NO 05,REPAIR OF ROAD (PAVER ROAD) AND DRAIN NEAR YOUNG BLOOD PUBLIC SCHOOL IN WARD NO 05,Works,Open Tender,Percentage,Civil Works - Roads,No,No,NA ,10-Mar-2026 10:00 AM,NA ,90.0,No ,No,Online,23-Mar-2026 11:00 AM,Municipal Bodies||Kesinga NAC,KESINGA NAC,766012.0,1.0,"2,12,185",DEBARAJ MAJHI,"202,636.68",Rejected-Technical,04-Jun-2026,Municipal Bodies||Kesinga NAC,True,"{'Flood': 0, 'Embankment': 0, 'embkt': 0, 'Relief': 0, 'Erosion': 0, 'SDRF': 0, 'Inundation': 0, 'Hydrology': 0, 'Silt': 0, 'Siltation': 0, 'Bund': 0, 'Trench': 0, 'Breach': 0, 'Culvert': 0, 'Sluice': 0, 'Dyke': 0, 'Storm water drain': 0, 'Emergency': 0, 'Immediate': 0, 'IM': 0, 'AE': 0, 'A E': 0, 'AAPDA MITRA': 0, 'flood': 0, 'Bridge': 0, 'River': 0, 'Drain': 2, 'Restoration': 0, 'Protection': 0, 'irr': 0, 'irrigation': 0, 'dam': 0, 'Nallah': 0, 'Retrofitting': 0, 'Pond': 0, 'Pokhari': 0, 'D/C': 0, 'Recharge shaft': 0, 'LFB': 0, 'RFB': 0}","{'Floodlight': 0, 'Flood Light': 0, 'GAS': 0, 'FIFA': 0, 'pipe': 0, 'pipes': 0, 'covid': 0, 'supply': 0, 'Beautification': 0, 'Installation': 0}",Pre-Monsoon,,False,True,Repair and Restoration,"{'repair': 2, 'Drain': 2}"
2026_ORULB_128503_1,BMC-EE-Tender Cell-11/2026-27 dt. 24.04.2026,Providing Storm Water Drainage connectivity from near Jagannath Mandir and Z Padmanabha near NH-16 underpass up to final outfall at existing culvert near KIA Showroom on NH-16,Providing Storm Water Drainage connectivity from near Jagannath Mandir and Z Padmanabha near NH-16 underpass up to final outfall at existing culvert near KIA Showroom on NH-16,Works,Open Tender,Percentage,Civil Works - Others,No,No,NA ,28-Apr-2026 11:00 AM,04-May-2026 04:30 PM ,120.0,No ,No,Online,14-May-2026 03:30 PM,Municipal Bodies||Bhubaneswar Municipal Corporation,"BMC,AREA",751022.0,2.0,"1,13,99,078",AMIT KUMAR BISWAL,"13,148,267",Rejected-Technical,24-Jun-2026,Municipal Bodies||Bhubaneswar Municipal Corporation,True,"{'Flood': 0, 'Embankment': 0, 'embkt': 0, 'Relief': 0, 'Erosion': 0, 'SDRF': 0, 'Inundation': 0, 'Hydrology': 0, 'Silt': 0, 'Siltation': 0, 'Bund': 0, 'Trench': 0, 'Breach': 0, 'Culvert': 2, 'Sluice': 0, 'Dyke': 0, 'Storm water drain': 0, 'Emergency': 0, 'Immediate': 0, 'IM': 0, 'AE': 0, 'A E': 0, 'AAPDA MITRA': 0, 'flood': 0, 'Bridge': 0, 'River': 0, 'Drain': 0, 'Restoration': 0, 'Protection': 0, 'irr': 0, 'irrigation': 0, 'dam': 0, 'Nallah': 0, 'Retrofitting': 0, 'Pond': 0, 'Pokhari': 0, 'D/C': 0, 'Recharge shaft': 0, 'LFB': 0, 'RFB': 0}","{'Floodlight': 0, 'Flood Light': 0, 'GAS': 0, 'FIFA': 0, 'pipe': 0, 'pipes': 0, 'covid': 0, 'supply': 0, 'Beautification': 0, 'Installation': 0}",Pre-Monsoon,,False,True,Others,
2026_EICCL_128364_1,CCEEC-02/2026-27,Rehabilitation of old existing Bridge over river Jambhira Nallah at Chainage 3/359 Km on the Chitrada-Moroda-Amarda-Rajghat Road in the District of Mayurbhanj for the year 2026-27.,Bridge Work,Works,National Competitive Bid,Percentage,Civil Works - Bridges,No,No,NA ,24-Apr-2026 10:00 AM,NA ,90.0,No ,No,Online,05-May-2026 11:00 AM,EIC-CIVIL||SERNB-CIRCLE-EASTERN,Mayurbhanj,757001.0,2.0,"1,51,90,000",Basanta Kumar Paibarty,"15,644,133",Accepted-AOC,08-Jun-2026,EIC-CIVIL||SERNB-CIRCLE-EASTERN,True,"{'Flood': 0, 'Embankment': 0, 'embkt': 0, 'Relief': 0, 'Erosion': 0, 'SDRF': 0, 'Inundation': 0, 'Hydrology': 0, 'Silt': 0, 'Siltation': 0, 'Bund': 0, 'Trench': 0, 'Breach': 0, 'Culvert': 0, 'Sluice': 0, 'Dyke': 0, 'Storm water drain': 0, 'Emergency': 0, 'Immediate': 0, 'IM': 0, 'AE': 0, 'A E': 0, 'AAPDA MITRA': 0, 'flood': 0, 'Bridge': 2, 'River': 1, 'Drain': 0, 'Restoration': 0, 'Protection': 0, 'irr': 0, 'irrigation': 0, 'dam': 0, 'Nallah': 1, 'Retrofitting': 0, 'Pond': 0, 'Pokhari': 0, 'D/C': 0, 'Recharge shaft': 0, 'LFB': 0, 'RFB': 0}","{'Floodlight': 0, 'Flood Light': 0, 'GAS': 0, 'FIFA': 0, 'pipe': 0, 'pipes': 0, 'covid': 0, 'supply': 0, 'Beautification': 0, 'Installation': 0}",Pre-Monsoon,,False,True,Repair and Restoration,{'Bridge': 2}
2026_ORULB_124590_17,BBLM-6/2025-26,"Repair of drain and laying of cover slab at Paruti Mahala cover slab over drain in-front of Pratap Das house and cover slab over drain near Noorul brother house area, Ward No.6, Barbil","Repair of drain and laying of cover slab at Paruti Mahala cover slab over drain in-front of Pratap Das house and cover slab over drain near Noorul brother house area, Ward No.6, Barbil",Works,Open Tender,Percentage,Civil Works - Others,No,No,NA ,20-Jan-2026 10:00 AM,NA ,90.0,No ,No,Online,04-Feb-2026 11:00 AM,Municipal Bodies||Barbil Municipality,Barbil,758035.0,2.0,"4,96,000",NARAYAN HEMBRAM,"520,035",Rejected-Finance,12-Jun-2026,Municipal Bodies||Barbil Municipality,True,"{'Flood': 0, 'Embankment': 0, 'embkt': 0, 'Relief': 0, 'Erosion': 0, 'SDRF': 0, 'Inundation': 0, 'Hydrology': 0, 'Silt': 0, 'Siltation': 0, 'Bund': 0, 'Trench': 0, 'Breach': 0, 'Culvert': 0, 'Sluice': 0, 'Dyke': 0, 'Storm water drain': 0, 'Emergency': 0, 'Immediate': 0, 'IM': 0, 'AE': 0, 'A E': 0, 'AAPDA MITRA': 0, 'flood': 0, 'Bridge': 0, 'River': 0, 'Drain': 6, 'Restoration': 0, 'Protection': 0, 'irr': 0, 'irrigation': 0, 'dam': 0, 'Nallah': 0, 'Retrofitting': 0, 'Pond': 0, 'Pokhari': 0, 'D/C': 0, 'Recharge shaft': 0, 'LFB': 0, 'RFB': 0}","{'Floodlight': 0, 'Flood Light': 0, 'GAS': 0, 'FIFA': 0, 'pipe': 0, 'pipes': 0, 'covid': 0, 'supply': 0, 'Beautification': 0, 'Installation': 0}",Post-Monsoon,,False,True,Repair and Restoration,"{'repair': 2, 'Drain': 6}"
2026_ORULB_126636_11,BMC-EE-Tender Cell-73/2025-26 Dt. 25.02.2026,Improvement of road with drain at Jhara Pokhari plot no-544/1065 to 552/747 in Ward No. 62,Improvement of road with drain at Jhara Pokhari plot no-544/1065 to 552/747 in Ward No. 62,Works,Open Tender,Percentage,Civil Works - Roads,No,No,NA ,28-Feb-2026 10:30 AM,05-Mar-2026 04:00 PM ,120.0,No ,No,Online,12-Mar-2026 11:00 AM,Municipal Bodies||Bhubaneswar Municipal Corporation,BMC AREA,751022.0,1.0,"10,15,747",JITENDRA KUMAR MAHALI,"1,198,581",Accepted-AOC,04-Jun-2026,Municipal Bodies||Bhubaneswar Municipal Corporation,True,"{'Flood': 0, 'Embankment': 0, 'embkt': 0, 'Relief': 0, 'Erosion': 0, 'SDRF': 0, 'Inundation': 0, 'Hydrology': 0, 'Silt': 0, 'Siltation': 0, 'Bund': 0, 'Trench': 0, 'Breach': 0, 'Culvert': 0, 'Sluice': 0, 'Dyke': 0, 'Storm water drain': 0, 'Emergency': 0, 'Immediate': 0, 'IM': 0, 'AE': 0, 'A E': 0, 'AAPDA MITRA': 0, 'flood': 0, 'Bridge': 0, 'River': 0, 'Drain': 2, 'Restoration': 0, 'Protection': 0, 'irr': 0, 'irrigation': 0, 'dam': 0, 'Nallah': 0, 'Retrofitting': 0, 'Pond': 0, 'Pokhari': 2, 'D/C': 0, 'Recharge shaft': 0, 'LFB': 0, 'RFB': 0}","{'Floodlight': 0, 'Flood Light': 0, 'GAS': 0, 'FIFA': 0, 'pipe': 0, 'pipes': 0, 'covid': 0, 'supply': 0, 'Beautification': 0, 'Installation': 0}",Post-Monsoon,,False,True,Repair and Restoration,"{'improvement': 2, 'Drain': 2}"
2026_ORULB_127071_16,KSNG-NAC-06/2025-26,REPAIR OF ROAD AND COVER SLAB OVER DRAIN NEAR GOVT. WELL CULVERT IN WARD NO 07,REPAIR OF ROAD AND COVER SLAB OVER DRAIN NEAR GOVT. WELL CULVERT IN WARD NO 07,Works,Open Tender,Percentage,Civil Works - Roads,No,No,NA ,10-Mar-2026 10:00 AM,NA ,90.0,No ,No,Online,23-Mar-2026 11:00 AM,Municipal Bodies||Kesinga NAC,KESINGA NAC,766012.0,1.0,"2,54,622",BIKRAM KESHARI BARIK,"240,363.17",Rejected-Technical,04-Jun-2026,Municipal Bodies||Kesinga NAC,True,"{'Flood': 0, 'Embankment': 0, 'embkt': 0, 'Relief': 0, 'Erosion': 0, 'SDRF': 0, 'Inundation': 0, 'Hydrology': 0, 'Silt': 0, 'Siltation': 0, 'Bund': 0, 'Trench': 0, 'Breach': 0, 'Culvert': 2, 'Sluice': 0, 'Dyke': 0, 'Storm water drain': 0, 'Emergency': 0, 'Immediate': 0, 'IM': 0, 'AE': 0, 'A E': 0, 'AAPDA MITRA': 0, 'flood': 0, 'Bridge': 0, 'River': 0, 'Drain': 2, 'Restoration': 0, 'Protection': 0, 'irr': 0, 'irrigation': 0, 'dam': 0, 'Nallah': 0, 'Retrofitting': 0, 'Pond': 0, 'Pokhari': 0, 'D/C': 0, 'Recharge shaft': 0, 'LFB': 0, 'RFB': 0}","{'Floodlight': 0, 'Flood Light': 0, 'GAS': 0, 'FIFA': 0, 'pipe': 0, 'pipes': 0, 'covid': 0, 'supply': 0, 'Beautification': 0, 'Installation': 0}",Pre-Monsoon,,False,True,Repair and Restoration,"{'repair': 2, 'Drain': 2}"
2026_ORULB_126678_20,37/SMC_SBP/2025-26,Construction of Road and Drain from DAV School to Bhaska Raot Res at Kirba in WNo.07,Construction of Road and Drain from DAV School to Bhaska Raot Res at Kirba in WNo.07,Works,Open Tender,Percentage,Civil Works - Others,No,No,NA ,06-Mar-2026 11:00 AM,NA ,120.0,No ,No,Online,17-Mar-2026 11:00 AM,Municipal Bodies||Sambalpur Municipal Corporation,Sambalpur Municipal Corporation,768006.0,1.0,"12,69,428",BINOD KUMAR SAHU,"1,269,421.29",Rejected-Technical,19-Jun-2026,Municipal Bodies||Sambalpur Municipal Corporation,True,"{'Flood': 0, 'Embankment': 0, 'embkt': 0, 'Relief': 0, 'Erosion': 0, 'SDRF': 0, 'Inundation': 0, 'Hydrology': 0, 'Silt': 0, 'Siltation': 0, 'Bund': 0, 'Trench': 0, 'Breach': 0, 'Culvert': 0, 'Sluice': 0, 'Dyke': 0, 'Storm water drain': 0, 'Emergency': 0, 'Immediate': 0, 'IM': 0, 'AE': 0, 'A E': 0, 'AAPDA MITRA': 0, 'flood': 0, 'Bridge': 0, 'River': 0, 'Drain': 2, 'Restoration': 0, 'Protection': 0, 'irr': 0, 'irrigation': 0, 'dam': 0, 'Nallah': 0, 'Retrofitting': 0, 'Pond': 0, 'Pokhari': 0, 'D/C': 0, 'Recharge shaft': 0, 'LFB': 0, 'RFB': 0}","{'Floodlight': 0, 'Flood Light': 0, 'GAS': 0, 'FIFA': 0, 'pipe': 0, 'pipes': 0, 'covid': 0, 'supply': 0, 'Beautification': 0, 'Installation': 0}",Pre-Monsoon,,False,True,Repair and Restoration,"{'Construction': 2, 'Drain': 2}"
2026_ORULB_128276_18,03/BGH- MUN/2026-27,"Construction of CC Road, drain and slab at balance portion Jitu Sharma house to Jeeranadi Ward N0-1","Construction of CC Road, drain and slab at balance portion Jitu Sharma house to Jeeranadi Ward N0-1",Works,Open Tender,Percentage,Civil Works - Others,No,No,NA ,21-Apr-2026 01:00 PM,NA ,90.0,No ,No,Online,29-Apr-2026 11:00 AM,Municipal Bodies||Bargarh Municipal Council,Bargarh,768028.0,1.0,"15,00,000",RANJAN SETH,"1,269,457.476",Rejected-Finance,10-Jun-2026,Municipal Bodies||Bargarh Municipal Council,True,"{'Flood': 0, 'Embankment': 0, 'embkt': 0, 'Relief': 0, 'Erosion': 0, 'SDRF': 0, 'Inundation': 0, 'Hydrology': 0, 'Silt': 0, 'Siltation': 0, 'Bund': 0, 'Trench': 0, 'Breach': 0, 'Culvert': 0, 'Sluice': 0, 'Dyke': 0, 'Storm water drain': 0, 'Emergency': 0, 'Immediate': 0, 'IM': 0, 'AE': 0, 'A E': 0, 'AAPDA MITRA': 0, 'flood': 0, 'Bridge': 0, 'River': 0, 'Drain': 2, 'Restoration': 0, 'Protection': 0, 'irr': 0, 'irrigation': 0, 'dam': 0, 'Nallah': 0, 'Retrofitting': 0, 'Pond': 0, 'Pokhari': 0, 'D/C': 0, 'Recharge shaft': 0, 'LFB': 0, 'RFB': 0}","{'Floodlight': 0, 'Flood Light': 0, 'GAS': 0, 'FIFA': 0, 'pipe': 0, 'pipes': 0, 'covid': 0, 'supply': 0, 'Beautification': 0, 'Installation': 0}",Pre-Monsoon,,False,True,Repair and Restoration,"{'Construction': 2, 'Drain': 2}"
2026_ORULB_127265_5,SOROM_08_2025-26,"Development and Maintenance of pothole free Roads and Cover Drain of Soro Municipality in Ward No-10,11 and 12",Pothole free roads and cover drain,Works,Open Tender,Percentage,Civil Works - Others,No,No,NA ,16-Mar-2026 10:00 AM,NA ,120.0,No ,No,Online,25-Mar-2026 10:00 AM,Municipal Bodies||Soro Municipality,"Soro Municipality, Soro",756045.0,1.0,"3,90,678",JAJATIKESHARI PRADHAN,"390,678",Accepted-AOC,06-Jun-2026,Municipal Bodies||Soro Municipality,True,"{'Flood': 0, 'Embankment': 0, 'embkt': 0, 'Relief': 0, 'Erosion': 0, 'SDRF': 0, 'Inundation': 0, 'Hydrology': 0, 'Silt': 0, 'Siltation': 0, 'Bund': 0, 'Trench': 0, 'Breach': 0, 'Culvert': 0, 'Sluice': 0, 'Dyke': 0, 'Storm water drain': 0, 'Emergency': 0, 'Immediate': 0, 'IM': 0, 'AE': 0, 'A E': 0, 'AAPDA MITRA': 0, 'flood': 0, 'Bridge': 0, 'River': 0, 'Drain': 2, 'Restoration': 0, 'Protection': 0, 'irr': 0, 'irrigation': 0, 'dam': 0, 'Nallah': 0, 'Retrofitting': 0, 'Pond': 0, 'Pokhari': 0, 'D/C': 0, 'Recharge shaft': 0, 'LFB': 0, 'RFB': 0}","{'Floodlight': 0, 'Flood Light': 0, 'GAS': 0, 'FIFA': 0, 'pipe': 0, 'pipes': 0, 'covid': 0, 'supply': 0, 'Beautification': 0, 'Installation': 0}",Pre-Monsoon,,False,True,Repair and Restoration,{'Drain': 2}
2026_CERWI_125567_2,SERWDGH-Online-12 of 2025-26,Periodical Maintenance to Road from Madalia to Tainsira road via- Rengali through Jautuk Nallah and Kantia Nallahl under Additional AMP 2025-26 in the district of Deogarh,Road,Works,Open Tender,Percentage,Civil Works - Roads,No,No,NA ,05-Feb-2026 02:00 PM,NA ,90.0,No ,No,Online,11-Feb-2026 11:00 AM,CE RW I||RWCIRCLE-SAMBALPUR||RWDIVISION-DEOGARH,Deogarh,768119.0,1.0,"38,39,154",GAJENDRA PRASAD SAHU,"2,917,757",Accepted-AOC,21-Jun-2026,CE RW I||RWCIRCLE-SAMBALPUR||RWDIVISION-DEOGARH,True,"{'Flood': 0, 'Embankment': 0, 'embkt': 0, 'Relief': 0, 'Erosion': 0, 'SDRF': 0, 'Inundation': 0, 'Hydrology': 0, 'Silt': 0, 'Siltation': 0, 'Bund': 0, 'Trench': 0, 'Breach': 0, 'Culvert': 0, 'Sluice': 0, 'Dyke': 0, 'Storm water drain': 0, 'Emergency': 0, 'Immediate': 0, 'IM': 0, 'AE': 0, 'A E': 0, 'AAPDA MITRA': 0, 'flood': 0, 'Bridge': 0, 'River': 0, 'Drain': 0, 'Restoration': 0, 'Protection': 0, 'irr': 0, 'irrigation': 0, 'dam': 0, 'Nallah': 1, 'Retrofitting': 0, 'Pond': 0, 'Pokhari': 0, 'D/C': 0, 'Recharge shaft': 0, 'LFB': 0, 'RFB': 0}","{'Floodlight': 0, 'Flood Light': 0, 'GAS': 0, 'FIFA': 0, 'pipe': 0, 'pipes': 0, 'covid': 0, 'supply': 0, 'Beautification': 0, 'Installation': 0}",Post-Monsoon,,False,True,Others,
2026_ORULB_126678_21,37/SMC_SBP/2025-26,"Construction of Road and Drain from Duleswari Res Medical Boundary , Telgupada in WNo.07","Construction of Road and Drain from Duleswari Res Medical Boundary , Telgupada in WNo.07",Works,Open Tender,Percentage,Civil Works - Others,No,No,NA ,06-Mar-2026 11:00 AM,NA ,120.0,No ,No,Online,17-Mar-2026 11:00 AM,Municipal Bodies||Sambalpur Municipal Corporation,Sambalpur Municipal Corporation,768006.0,1.0,"12,69,952",MAMATA MANJARI SAHOO,"1,269,952",Rejected-Technical,08-Jun-2026,Municipal Bodies||Sambalpur Municipal Corporation,True,"{'Flood': 0, 'Embankment': 0, 'embkt': 0, 'Relief': 0, 'Erosion': 0, 'SDRF': 0, 'Inundation': 0, 'Hydrology': 0, 'Silt': 0, 'Siltation': 0, 'Bund': 0, 'Trench': 0, 'Breach': 0, 'Culvert': 0, 'Sluice': 0, 'Dyke': 0, 'Storm water drain': 0, 'Emergency': 0, 'Immediate': 0, 'IM': 0, 'AE': 0, 'A E': 0, 'AAPDA MITRA': 0, 'flood': 0, 'Bridge': 0, 'River': 0, 'Drain': 2, 'Restoration': 0, 'Protection': 0, 'irr': 0, 'irrigation': 0, 'dam': 0, 'Nallah': 0, 'Retrofitting': 0, 'Pond': 0, 'Pokhari': 0, 'D/C': 0, 'Recharge shaft': 0, 'LFB': 0, 'RFB': 0}","{'Floodlight': 0, 'Flood Light': 0, 'GAS': 0, 'FIFA': 0, 'pipe': 0, 'pipes': 0, 'covid': 0, 'supply': 0, 'Beautification': 0, 'Installation': 0}",Pre-Monsoon,,False,True,Repair and Restoration,"{'Construction': 2, 'Drain': 2}"
2026_ORULB_127071_17,KSNG-NAC-06/2025-26,CONSTRUCTION OF ROAD AND DRAIN NEAR PINTU HOUSE IN WARD NO 08,CONSTRUCTION OF ROAD AND DRAIN NEAR PINTU HOUSE IN WARD NO 08,Works,Open Tender,Percentage,Civil Works - Roads,No,No,NA ,10-Mar-2026 10:00 AM,NA ,90.0,No ,No,Online,23-Mar-2026 11:00 AM,Municipal Bodies||Kesinga NAC,KESINGA NAC,766012.0,1.0,"2,54,622",NARASINGH NIAL,"254,367.38",Rejected-Technical,05-Jun-2026,Municipal Bodies||Kesinga NAC,True,"{'Flood': 0, 'Embankment': 0, 'embkt': 0, 'Relief': 0, 'Erosion': 0, 'SDRF': 0, 'Inundation': 0, 'Hydrology': 0, 'Silt': 0, 'Siltation': 0, 'Bund': 0, 'Trench': 0, 'Breach': 0, 'Culvert': 0, 'Sluice': 0, 'Dyke': 0, 'Storm water drain': 0, 'Emergency': 0, 'Immediate': 0, 'IM': 0, 'AE': 0, 'A E': 0, 'AAPDA MITRA': 0, 'flood': 0, 'Bridge': 0, 'River': 0, 'Drain': 2, 'Restoration': 0, 'Protection': 0, 'irr': 0, 'irrigation': 0, 'dam': 0, 'Nallah': 0, 'Retrofitting': 0, 'Pond': 0, 'Pokhari': 0, 'D/C': 0, 'Recharge shaft': 0, 'LFB': 0, 'RFB': 0}","{'Floodlight': 0, 'Flood Light': 0, 'GAS': 0, 'FIFA': 0, 'pipe': 0, 'pipes': 0, 'covid': 0, 'supply': 0, 'Beautification': 0, 'Installation': 0}",Pre-Monsoon,,False,True,Repair and Restoration,"{'Construction': 2, 'Drain': 2}"
2026_ORULB_126857_34,06/BGH- MUN/2025-26,Construction of cc road and drain from mishra house to hrushikesh bhoi bharti nagar w.no-18,Construction of cc road and drain from mishra house to hrushikesh bhoi bharti nagar w.no-18,Works,Open Tender,Percentage,Civil Works - Others,No,No,NA ,06-Mar-2026 04:00 PM,NA ,90.0,No ,No,Online,17-Mar-2026 11:00 AM,Municipal Bodies||Bargarh Municipal Council,Bargarh,768028.0,1.0,"19,00,016",RANJAN SETH,"1,288,094.333",Rejected-Finance,08-Jun-2026,Municipal Bodies||Bargarh Municipal Council,True,"{'Flood': 0, 'Embankment': 0, 'embkt': 0, 'Relief': 0, 'Erosion': 0, 'SDRF': 0, 'Inundation': 0, 'Hydrology': 0, 'Silt': 0, 'Siltation': 0, 'Bund': 0, 'Trench': 0, 'Breach': 0, 'Culvert': 0, 'Sluice': 0, 'Dyke': 0, 'Storm water drain': 0, 'Emergency': 0, 'Immediate': 0, 'IM': 0, 'AE': 0, 'A E': 0, 'AAPDA MITRA': 0, 'flood': 0, 'Bridge': 0, 'River': 0, 'Drain': 2, 'Restoration': 0, 'Protection': 0, 'irr': 0, 'irrigation': 0, 'dam': 0, 'Nallah': 0, 'Retrofitting': 0, 'Pond': 0, 'Pokhari': 0, 'D/C': 0, 'Recharge shaft': 0, 'LFB': 0, 'RFB': 0}","{'Floodlight': 0, 'Flood Light': 0, 'GAS': 0, 'FIFA': 0, 'pipe': 0, 'pipes': 0, 'covid': 0, 'supply': 0, 'Beautification': 0, 'Installation': 0}",Pre-Monsoon,,False,True,Repair and Restoration,"{'Construction': 2, 'Drain': 2}"
