stationCode,Date,riverlevel_mean,riverlevel_min,riverlevel_max,name
001-ERDBWN,2026-07-01,36.54,36.52,36.56,Khunta
001-ERDBWN,2026-07-02,36.4575,36.4,36.52,Khunta
001-ERDBWN,2026-07-03,36.3675,36.34,36.44,Khunta
001-ERDBWN,2026-07-04,36.8175,36.46,37.28,Khunta
001-ERDBWN,2026-07-05,37.16833333333333,37.08,37.3,Khunta
001-ERDBWN,2026-07-06,37.30916666666666,37.0,37.48,Khunta
001-ERDBWN,2026-07-07,36.74,36.56,36.98,Khunta
001-ERDBWN,2026-07-08,36.47666666666667,36.4,36.56,Khunta
001-ERDBWN,2026-07-09,36.36083333333334,36.34,36.4,Khunta
001-ERDBWN,2026-07-10,36.365833333333335,36.36,36.38,Khunta
001-ERDBWN,2026-07-11,36.2975,36.24,36.36,Khunta
001-ERDBWN,2026-07-12,36.19,36.18,36.24,Khunta
001-ERDBWN,2026-07-13,36.175,36.16,36.18,Khunta
001-ERDBWN,2026-07-14,37.69416666666667,36.18,39.42,Khunta
001-ERDBWN,2026-07-15,37.94083333333334,37.28,39.28,Khunta
001-ERDBWN,2026-07-16,37.255833333333335,37.12,37.34,Khunta
001-ERDBWN,2026-07-17,36.905833333333334,36.8,37.1,Khunta
001-ERDBWN,2026-07-18,36.8325,36.74,36.88,Khunta
001-ERDBWN,2026-07-19,36.63,36.56,36.74,Khunta
001-ERDBWN,2026-07-20,36.571666666666665,36.5,36.8,Khunta
001-ERDBWN,2026-07-21,36.97,36.84,37.0,Khunta
001-ERDBWN,2026-07-22,37.23083333333333,36.96,37.34,Khunta
001-ERDBWN,2026-07-23,37.204166666666666,37.1,37.34,Khunta
001-ERDBWN,2026-07-24,37.23583333333333,37.08,37.34,Khunta
001-ERDBWN,2026-07-25,37.1425,36.92,37.4,Khunta
001-ERDBWN,2026-07-26,37.37833333333334,37.3,37.52,Khunta
001-ERDBWN,2026-07-27,37.774166666666666,37.62,37.98,Khunta
001-ERDBWN,2026-07-28,39.973333333333336,37.68,41.38,Khunta
001-ERDBWN,2026-07-29,38.94166666666667,38.22,39.8,Khunta
001-ERDBWN,2026-07-30,38.20916666666667,37.96,38.46,Khunta
001-ERDBWN,2026-07-31,37.9775,37.66,38.28,Khunta
001-ERDBWN,2026-08-01,37.652499999999996,37.52,38.08,Khunta
001-ERDBWN,2026-08-02,38.08,37.8,38.32,Khunta
001-ERDBWN,2026-08-03,37.53333333333333,37.42,37.78,Khunta
001-ERDBWN,2026-08-04,37.2525,37.12,37.48,Khunta
001-ERDBWN,2026-08-05,36.983333333333334,36.9,37.1,Khunta
001-ERDBWN,2026-08-06,36.98666666666667,36.9,37.02,Khunta
001-ERDBWN,2026-08-07,37.01833333333333,36.98,37.1,Khunta
001-ERDBWN,2026-08-08,37.623333333333335,37.02,37.98,Khunta
001-ERDBWN,2026-08-09,37.4125,37.18,37.68,Khunta
001-ERDBWN,2026-08-10,37.07666666666667,37.0,37.16,Khunta
001-ERDBWN,2026-08-11,36.990833333333335,36.98,37.0,Khunta
001-ERDBWN,2026-08-12,37.05083333333334,36.98,37.1,Khunta
001-ERDBWN,2026-08-13,38.435833333333335,37.02,39.4,Khunta
001-ERDBWN,2026-08-14,38.41916666666667,38.1,38.78,Khunta
001-ERDBWN,2026-08-15,38.07833333333333,37.7,38.62,Khunta
001-ERDBWN,2026-08-16,37.68,37.56,38.18,Khunta
001-ERDBWN,2026-08-17,39.130833333333335,38.36,39.9,Khunta
001-ERDBWN,2026-08-18,38.087916666666665,37.58,38.8,Khunta
001-ERDBWN,2026-08-19,37.39833333333333,37.26,37.54,Khunta
001-ERDBWN,2026-08-20,37.08166666666667,36.96,37.24,Khunta
001-ERDBWN,2026-08-21,36.94833333333333,36.86,37.16,Khunta
001-ERDBWN,2026-08-22,37.13916666666667,37.08,37.2,Khunta
001-ERDBWN,2026-08-23,37.44833333333333,37.08,38.52,Khunta
001-ERDBWN,2026-08-24,37.99916666666667,37.38,38.6,Khunta
001-ERDBWN,2026-08-25,37.223333333333336,37.04,37.34,Khunta
001-ERDBWN,2026-08-26,37.10916666666667,36.98,37.9,Khunta
001-ERDBWN,2026-08-27,37.68333333333333,37.26,38.1,Khunta
001-ERDBWN,2026-08-28,37.34583333333333,37.14,37.56,Khunta
001-ERDBWN,2026-08-29,37.2725,37.2,37.4,Khunta
001-ERDBWN,2026-08-30,37.61411764705882,37.44,37.76,Khunta
002-MDBURLA,2026-07-01,201.70714285714286,201.7,201.71,Thelkoloi
002-MDBURLA,2026-07-02,201.75041666666667,201.71,201.82,Thelkoloi
002-MDBURLA,2026-07-03,201.88916666666668,201.82,201.91,Thelkoloi
002-MDBURLA,2026-07-04,201.88916666666668,201.87,201.91,Thelkoloi
002-MDBURLA,2026-07-05,201.86583333333337,201.86,201.88,Thelkoloi
002-MDBURLA,2026-07-06,202.05708333333334,201.88,202.4,Thelkoloi
002-MDBURLA,2026-07-07,202.48458333333335,202.42,202.52,Thelkoloi
002-MDBURLA,2026-07-08,202.44000000000003,202.39,202.49,Thelkoloi
002-MDBURLA,2026-07-09,202.345,202.3,202.38,Thelkoloi
002-MDBURLA,2026-07-10,202.24791666666667,202.2,202.3,Thelkoloi
002-MDBURLA,2026-07-11,202.14,202.1,202.19,Thelkoloi
002-MDBURLA,2026-07-12,202.05583333333334,202.0,202.09,Thelkoloi
002-MDBURLA,2026-07-13,201.97333333333333,201.95,202.0,Thelkoloi
002-MDBURLA,2026-07-14,201.93166666666664,201.92,201.95,Thelkoloi
002-MDBURLA,2026-07-15,201.89916666666667,201.89,201.92,Thelkoloi
002-MDBURLA,2026-07-16,201.92416666666668,201.88,202.02,Thelkoloi
002-MDBURLA,2026-07-17,202.53958333333333,202.04,202.99,Thelkoloi
002-MDBURLA,2026-07-18,202.88833333333332,202.8,202.98,Thelkoloi
002-MDBURLA,2026-07-19,202.73375,202.66,202.79,Thelkoloi
002-MDBURLA,2026-07-20,202.55166666666665,202.48,202.64,Thelkoloi
002-MDBURLA,2026-07-21,202.77166666666665,202.45,203.18,Thelkoloi
002-MDBURLA,2026-07-22,203.37736842105264,203.18,203.68,Thelkoloi
002-MDBURLA,2026-07-23,203.67782608695651,203.58,203.79,Thelkoloi
002-MDBURLA,2026-07-24,203.69541666666666,203.56,203.8,Thelkoloi
002-MDBURLA,2026-07-25,203.47916666666666,203.4,203.56,Thelkoloi
002-MDBURLA,2026-07-26,203.34458333333336,203.14,203.5,Thelkoloi
002-MDBURLA,2026-07-27,203.05666666666664,203.0,203.12,Thelkoloi
002-MDBURLA,2026-07-28,203.64499999999998,203.0,205.44,Thelkoloi
002-MDBURLA,2026-07-29,207.83249999999998,205.76,208.7,Thelkoloi
002-MDBURLA,2026-07-30,206.5404166666667,205.55,207.64,Thelkoloi
002-MDBURLA,2026-07-31,205.06458333333333,204.7,205.5,Thelkoloi
002-MDBURLA,2026-08-01,203.50250000000003,202.95,204.6,Thelkoloi
002-MDBURLA,2026-08-02,202.875,202.78,202.95,Thelkoloi
002-MDBURLA,2026-08-03,202.72333333333333,202.67,202.78,Thelkoloi
002-MDBURLA,2026-08-04,202.905,202.66,203.29,Thelkoloi
002-MDBURLA,2026-08-05,203.2975,203.26,203.33,Thelkoloi
002-MDBURLA,2026-08-06,203.25958333333332,203.22,203.37,Thelkoloi
002-MDBURLA,2026-08-07,203.40166666666667,203.32,203.48,Thelkoloi
002-MDBURLA,2026-08-08,204.03583333333333,203.52,204.34,Thelkoloi
002-MDBURLA,2026-08-09,204.25208333333333,204.14,204.32,Thelkoloi
002-MDBURLA,2026-08-10,204.02083333333334,203.92,204.12,Thelkoloi
002-MDBURLA,2026-08-11,204.01125,203.83,204.22,Thelkoloi
002-MDBURLA,2026-08-12,203.4475,203.24,203.78,Thelkoloi
002-MDBURLA,2026-08-13,203.5404166666667,203.2,204.3,Thelkoloi
002-MDBURLA,2026-08-14,204.43791666666667,204.3,205.15,Thelkoloi
002-MDBURLA,2026-08-15,207.03166666666667,205.4,207.86,Thelkoloi
002-MDBURLA,2026-08-16,207.49791666666667,206.48,209.46,Thelkoloi
002-MDBURLA,2026-08-17,206.12458333333333,205.18,208.78,Thelkoloi
002-MDBURLA,2026-08-18,206.37666666666667,205.22,207.6,Thelkoloi
002-MDBURLA,2026-08-19,207.01375,206.7,207.45,Thelkoloi
002-MDBURLA,2026-08-20,206.45458333333332,206.09,206.7,Thelkoloi
002-MDBURLA,2026-08-21,205.81625,205.36,206.08,Thelkoloi
002-MDBURLA,2026-08-22,205.005,204.87,205.32,Thelkoloi
002-MDBURLA,2026-08-23,204.775,204.72,204.86,Thelkoloi
002-MDBURLA,2026-08-24,205.1833333333333,204.72,205.82,Thelkoloi
002-MDBURLA,2026-08-25,205.43083333333334,204.98,205.79,Thelkoloi
002-MDBURLA,2026-08-26,204.77416666666667,204.32,204.98,Thelkoloi
002-MDBURLA,2026-08-27,204.09166666666667,203.95,204.3,Thelkoloi
002-MDBURLA,2026-08-28,203.9020833333333,203.85,203.95,Thelkoloi
002-MDBURLA,2026-08-29,203.81916666666666,203.8,203.85,Thelkoloi
002-MDBURLA,2026-08-30,203.8870588235294,203.78,204.2,Thelkoloi
003-ERDBWN,2026-07-01,18.57428571428571,18.54,18.6,Udala
003-ERDBWN,2026-07-02,18.5125,18.5,18.54,Udala
003-ERDBWN,2026-07-03,18.5,18.5,18.5,Udala
003-ERDBWN,2026-07-04,18.5725,18.5,18.62,Udala
003-ERDBWN,2026-07-05,18.945,18.62,19.48,Udala
003-ERDBWN,2026-07-06,19.669166666666666,19.46,19.8,Udala
003-ERDBWN,2026-07-07,19.79375,19.32,20.12,Udala
003-ERDBWN,2026-07-08,19.25,19.0,19.88,Udala
003-ERDBWN,2026-07-09,18.836666666666666,18.72,19.0,Udala
003-ERDBWN,2026-07-10,18.601666666666667,18.54,18.7,Udala
003-ERDBWN,2026-07-11,18.529999999999998,18.52,18.54,Udala
003-ERDBWN,2026-07-12,18.476666666666667,18.44,18.52,Udala
003-ERDBWN,2026-07-13,18.49,18.44,18.5,Udala
003-ERDBWN,2026-07-14,19.8025,18.5,21.36,Udala
003-ERDBWN,2026-07-15,20.141666666666666,19.4,21.24,Udala
003-ERDBWN,2026-07-16,19.44333333333333,19.3,19.82,Udala
003-ERDBWN,2026-07-17,19.433333333333334,19.16,19.84,Udala
003-ERDBWN,2026-07-18,19.713333333333335,19.14,20.0,Udala
003-ERDBWN,2026-07-19,19.267500000000002,18.88,19.9,Udala
003-ERDBWN,2026-07-20,19.283333333333335,18.84,19.56,Udala
003-ERDBWN,2026-07-21,19.638333333333332,19.38,19.88,Udala
003-ERDBWN,2026-07-22,20.24,19.42,20.62,Udala
003-ERDBWN,2026-07-23,20.109166666666667,20.02,20.18,Udala
003-ERDBWN,2026-07-24,19.587500000000002,19.4,20.02,Udala
003-ERDBWN,2026-07-25,19.326666666666668,19.28,19.4,Udala
003-ERDBWN,2026-07-26,19.4575,19.38,19.54,Udala
003-ERDBWN,2026-07-27,19.700833333333332,19.58,19.86,Udala
003-ERDBWN,2026-07-28,22.34,19.6,24.04,Udala
003-ERDBWN,2026-07-29,21.346666666666668,20.8,22.18,Udala
003-ERDBWN,2026-07-30,20.57875,20.24,20.76,Udala
003-ERDBWN,2026-07-31,20.18166666666667,20.14,20.2,Udala
003-ERDBWN,2026-08-01,19.980833333333333,19.8,20.12,Udala
003-ERDBWN,2026-08-02,20.1825,19.78,20.36,Udala
003-ERDBWN,2026-08-03,19.733333333333334,19.62,19.86,Udala
003-ERDBWN,2026-08-04,19.48,19.38,19.62,Udala
003-ERDBWN,2026-08-05,19.3225,19.28,19.36,Udala
003-ERDBWN,2026-08-06,19.478333333333335,19.28,19.64,Udala
003-ERDBWN,2026-08-07,19.3525,19.24,19.8,Udala
003-ERDBWN,2026-08-08,20.43166666666667,20.0,20.68,Udala
003-ERDBWN,2026-08-09,20.329166666666666,20.18,20.5,Udala
003-ERDBWN,2026-08-10,20.114166666666666,19.86,20.4,Udala
003-ERDBWN,2026-08-11,19.663333333333334,19.52,19.82,Udala
003-ERDBWN,2026-08-12,19.4875,19.46,19.5,Udala
003-ERDBWN,2026-08-13,20.604166666666668,19.46,21.78,Udala
003-ERDBWN,2026-08-14,20.5575,19.98,21.42,Udala
003-ERDBWN,2026-08-15,19.80666666666667,19.5,19.96,Udala
003-ERDBWN,2026-08-16,20.105833333333333,19.46,20.92,Udala
003-ERDBWN,2026-08-17,21.90416666666667,20.94,22.42,Udala
003-ERDBWN,2026-08-18,20.901666666666667,20.34,21.52,Udala
003-ERDBWN,2026-08-19,19.895,19.66,20.3,Udala
003-ERDBWN,2026-08-20,19.5575,19.42,19.62,Udala
003-ERDBWN,2026-08-21,19.295,19.26,19.4,Udala
003-ERDBWN,2026-08-22,19.5725,19.26,19.76,Udala
003-ERDBWN,2026-08-23,19.531666666666666,19.38,20.1,Udala
003-ERDBWN,2026-08-24,20.215833333333332,19.9,20.4,Udala
003-ERDBWN,2026-08-25,19.61583333333333,19.5,19.86,Udala
003-ERDBWN,2026-08-26,19.410833333333333,19.26,19.48,Udala
003-ERDBWN,2026-08-27,19.181666666666665,19.04,19.24,Udala
003-ERDBWN,2026-08-28,19.01,19.0,19.02,Udala
003-ERDBWN,2026-08-29,19.729166666666668,19.0,20.0,Udala
003-ERDBWN,2026-08-30,20.15529411764706,19.92,20.28,Udala
003-lgdhyd,2026-07-01,549.935,549.935,549.935,Boriguma
003-lgdhyd,2026-07-02,549.925,549.925,549.925,Boriguma
003-lgdhyd,2026-07-03,549.9254166666666,549.925,549.935,Boriguma
003-lgdhyd,2026-07-04,550.0125,549.935,550.125,Boriguma
003-lgdhyd,2026-07-05,550.99625,550.175,551.465,Boriguma
003-lgdhyd,2026-07-06,551.5445833333333,551.405,551.615,Boriguma
003-lgdhyd,2026-07-07,551.08,550.815,551.375,Boriguma
003-lgdhyd,2026-07-08,550.5916666666667,550.445,550.785,Boriguma
003-lgdhyd,2026-07-09,550.365,550.315,550.435,Boriguma
003-lgdhyd,2026-07-10,550.3579166666667,550.305,550.405,Boriguma
003-lgdhyd,2026-07-11,550.52,550.405,550.565,Boriguma
003-lgdhyd,2026-07-12,550.53375,550.445,550.575,Boriguma
003-lgdhyd,2026-07-13,550.34375,550.275,550.435,Boriguma
003-lgdhyd,2026-07-14,550.2066666666666,550.155,550.275,Boriguma
003-lgdhyd,2026-07-15,550.1070833333333,550.075,550.155,Boriguma
003-lgdhyd,2026-07-16,550.0854166666667,550.065,550.145,Boriguma
003-lgdhyd,2026-07-17,550.3179166666666,550.155,550.615,Boriguma
003-lgdhyd,2026-07-18,552.3562499999999,550.765,553.075,Boriguma
003-lgdhyd,2026-07-19,552.2983333333333,551.895,552.665,Boriguma
003-lgdhyd,2026-07-20,551.4433333333333,551.195,551.845,Boriguma
003-lgdhyd,2026-07-21,551.3058333333333,551.215,551.365,Boriguma
003-lgdhyd,2026-07-22,551.25375,551.185,551.345,Boriguma
003-lgdhyd,2026-07-23,551.2129166666667,551.185,551.225,Boriguma
003-lgdhyd,2026-07-24,551.0129166666667,550.845,551.175,Boriguma
003-lgdhyd,2026-07-25,550.6558333333334,550.535,550.825,Boriguma
003-lgdhyd,2026-07-26,550.4704166666667,550.435,550.535,Boriguma
003-lgdhyd,2026-07-27,550.3891666666667,550.355,550.435,Boriguma
003-lgdhyd,2026-07-28,550.4854166666667,550.345,550.595,Boriguma
003-lgdhyd,2026-07-29,551.505,550.605,552.055,Boriguma
003-lgdhyd,2026-07-30,552.7333333333333,552.085,553.065,Boriguma
003-lgdhyd,2026-07-31,552.3245833333334,551.835,552.855,Boriguma
003-lgdhyd,2026-08-01,551.3770833333333,551.025,551.805,Boriguma
003-lgdhyd,2026-08-02,550.7970833333333,550.645,551.005,Boriguma
003-lgdhyd,2026-08-03,550.5825,550.545,550.635,Boriguma
003-lgdhyd,2026-08-04,550.5820833333333,550.555,550.625,Boriguma
003-lgdhyd,2026-08-05,550.7075,550.625,550.745,Boriguma
003-lgdhyd,2026-08-06,550.7233333333334,550.685,550.785,Boriguma
003-lgdhyd,2026-08-07,551.1775,550.805,551.815,Boriguma
003-lgdhyd,2026-08-08,552.38125,551.855,552.845,Boriguma
003-lgdhyd,2026-08-09,552.8395833333333,552.665,552.915,Boriguma
003-lgdhyd,2026-08-10,552.4454166666667,552.315,552.645,Boriguma
003-lgdhyd,2026-08-11,552.0608333333333,551.855,552.305,Boriguma
003-lgdhyd,2026-08-12,551.5904166666667,551.365,551.835,Boriguma
003-lgdhyd,2026-08-13,551.1229166666667,550.975,551.335,Boriguma
003-lgdhyd,2026-08-14,550.85,550.735,550.965,Boriguma
003-lgdhyd,2026-08-15,551.0141666666667,550.725,551.515,Boriguma
003-lgdhyd,2026-08-16,551.6141666666666,551.555,551.645,Boriguma
003-lgdhyd,2026-08-17,551.3179166666666,551.115,551.545,Boriguma
003-lgdhyd,2026-08-18,550.9991666666666,550.955,551.105,Boriguma
003-lgdhyd,2026-08-19,550.9445833333333,550.885,551.055,Boriguma
003-lgdhyd,2026-08-20,550.9445833333333,550.905,550.995,Boriguma
003-lgdhyd,2026-08-21,550.9575,550.935,550.995,Boriguma
003-lgdhyd,2026-08-22,551.775,551.005,552.785,Boriguma
003-lgdhyd,2026-08-23,555.6379166666667,552.865,557.485,Boriguma
003-lgdhyd,2026-08-24,556.36375,554.765,557.495,Boriguma
003-lgdhyd,2026-08-25,553.42625,552.825,554.625,Boriguma
003-lgdhyd,2026-08-26,552.7025,552.635,552.805,Boriguma
003-lgdhyd,2026-08-27,552.7770833333333,552.655,552.875,Boriguma
003-lgdhyd,2026-08-28,552.7391666666666,552.625,552.875,Boriguma
003-lgdhyd,2026-08-29,552.0320833333334,551.685,552.575,Boriguma
003-lgdhyd,2026-08-30,551.6532352941176,551.625,551.805,Boriguma
004-ERDBWN,2026-07-01,21.945714285714285,21.94,21.96,Baripada Town
004-ERDBWN,2026-07-02,21.8925,21.8,22.02,Baripada Town
004-ERDBWN,2026-07-03,21.955,21.9,22.04,Baripada Town
004-ERDBWN,2026-07-04,22.060833333333335,21.98,22.2,Baripada Town
004-ERDBWN,2026-07-05,22.40416666666667,22.2,22.62,Baripada Town
004-ERDBWN,2026-07-06,22.775000000000002,22.58,22.94,Baripada Town
004-ERDBWN,2026-07-07,22.223333333333333,21.98,22.54,Baripada Town
004-ERDBWN,2026-07-08,21.9525,21.94,21.96,Baripada Town
004-ERDBWN,2026-07-09,21.895833333333332,21.88,21.92,Baripada Town
004-ERDBWN,2026-07-10,21.844166666666666,21.78,21.92,Baripada Town
004-ERDBWN,2026-07-11,21.753333333333334,21.74,21.78,Baripada Town
004-ERDBWN,2026-07-12,21.67833333333333,21.62,21.74,Baripada Town
004-ERDBWN,2026-07-13,21.600000000000005,21.6,21.6,Baripada Town
004-ERDBWN,2026-07-14,21.912499999999998,21.58,22.56,Baripada Town
004-ERDBWN,2026-07-15,22.810833333333335,22.64,22.96,Baripada Town
004-ERDBWN,2026-07-16,22.551666666666666,22.44,22.78,Baripada Town
004-ERDBWN,2026-07-17,22.215833333333332,22.0,22.44,Baripada Town
004-ERDBWN,2026-07-18,22.1725,22.12,22.22,Baripada Town
004-ERDBWN,2026-07-19,22.008333333333336,21.98,22.12,Baripada Town
004-ERDBWN,2026-07-20,21.974166666666665,21.94,22.1,Baripada Town
004-ERDBWN,2026-07-21,22.4175,22.12,22.76,Baripada Town
004-ERDBWN,2026-07-22,22.549166666666665,22.44,22.68,Baripada Town
004-ERDBWN,2026-07-23,22.38416666666667,22.36,22.42,Baripada Town
004-ERDBWN,2026-07-24,22.3175,22.28,22.36,Baripada Town
004-ERDBWN,2026-07-25,22.309166666666666,22.14,23.1,Baripada Town
004-ERDBWN,2026-07-26,23.165833333333335,22.98,23.42,Baripada Town
004-ERDBWN,2026-07-27,22.838333333333335,22.78,22.98,Baripada Town
004-ERDBWN,2026-07-28,25.39,22.82,27.72,Baripada Town
004-ERDBWN,2026-07-29,24.9025,23.84,26.66,Baripada Town
004-ERDBWN,2026-07-30,23.710833333333337,23.62,23.82,Baripada Town
004-ERDBWN,2026-07-31,23.39833333333333,23.04,23.74,Baripada Town
004-ERDBWN,2026-08-01,22.66333333333333,22.44,23.0,Baripada Town
004-ERDBWN,2026-08-02,22.406666666666666,22.4,22.42,Baripada Town
004-ERDBWN,2026-08-03,22.405,22.36,22.42,Baripada Town
004-ERDBWN,2026-08-04,22.419166666666666,22.34,22.54,Baripada Town
004-ERDBWN,2026-08-05,22.331666666666667,22.26,22.38,Baripada Town
004-ERDBWN,2026-08-06,22.314166666666665,22.28,22.38,Baripada Town
004-ERDBWN,2026-08-07,22.2325,22.2,22.28,Baripada Town
004-ERDBWN,2026-08-08,22.186666666666667,22.16,22.24,Baripada Town
004-ERDBWN,2026-08-09,22.400833333333335,22.14,22.58,Baripada Town
004-ERDBWN,2026-08-10,22.265,22.16,22.44,Baripada Town
004-ERDBWN,2026-08-11,22.13416666666667,22.12,22.16,Baripada Town
004-ERDBWN,2026-08-12,22.338333333333335,22.12,22.54,Baripada Town
004-ERDBWN,2026-08-13,26.738333333333333,22.38,29.9,Baripada Town
004-ERDBWN,2026-08-14,25.772499999999997,23.78,29.2,Baripada Town
004-ERDBWN,2026-08-15,23.370833333333334,23.14,23.64,Baripada Town
004-ERDBWN,2026-08-16,23.2075,23.04,23.8,Baripada Town
004-ERDBWN,2026-08-17,25.209999999999997,24.1,25.96,Baripada Town
004-ERDBWN,2026-08-18,25.375833333333333,24.32,26.14,Baripada Town
004-ERDBWN,2026-08-19,23.9525,23.54,24.98,Baripada Town
004-ERDBWN,2026-08-20,23.1075,22.8,23.54,Baripada Town
004-ERDBWN,2026-08-21,22.598333333333333,22.52,22.78,Baripada Town
004-ERDBWN,2026-08-22,22.416666666666668,22.34,22.52,Baripada Town
004-ERDBWN,2026-08-23,22.515833333333333,22.26,23.48,Baripada Town
004-ERDBWN,2026-08-24,24.354166666666668,23.78,24.7,Baripada Town
004-ERDBWN,2026-08-25,23.364166666666666,22.96,23.88,Baripada Town
004-ERDBWN,2026-08-26,22.78916666666667,22.7,22.94,Baripada Town
004-ERDBWN,2026-08-27,22.670833333333334,22.56,22.84,Baripada Town
004-ERDBWN,2026-08-28,23.3475,22.92,23.7,Baripada Town
004-ERDBWN,2026-08-29,24.659166666666668,23.48,25.62,Baripada Town
004-ERDBWN,2026-08-30,23.311764705882354,23.04,23.78,Baripada Town
004-lgdhyd,2026-07-01,547.23,547.23,547.23,Kosagumuda
004-lgdhyd,2026-07-02,547.22,547.22,547.22,Kosagumuda
004-lgdhyd,2026-07-03,547.2295833333334,547.22,547.23,Kosagumuda
004-lgdhyd,2026-07-04,547.2504166666666,547.23,547.26,Kosagumuda
004-lgdhyd,2026-07-05,547.27,547.26,547.28,Kosagumuda
004-lgdhyd,2026-07-06,547.3029166666666,547.28,547.34,Kosagumuda
004-lgdhyd,2026-07-07,547.3883333333333,547.34,547.45,Kosagumuda
004-lgdhyd,2026-07-08,547.45,547.44,547.46,Kosagumuda
004-lgdhyd,2026-07-09,547.4633333333334,547.44,547.47,Kosagumuda
004-lgdhyd,2026-07-10,547.4754166666667,547.47,547.48,Kosagumuda
004-lgdhyd,2026-07-11,547.4779166666667,547.47,547.49,Kosagumuda
004-lgdhyd,2026-07-12,547.4783333333334,547.47,547.49,Kosagumuda
004-lgdhyd,2026-07-13,547.4425,547.39,547.47,Kosagumuda
004-lgdhyd,2026-07-14,547.2895833333333,547.23,547.38,Kosagumuda
004-lgdhyd,2026-07-15,547.2066666666667,547.19,547.23,Kosagumuda
004-lgdhyd,2026-07-16,547.1904166666667,547.17,547.21,Kosagumuda
004-lgdhyd,2026-07-17,547.21875,547.19,547.24,Kosagumuda
004-lgdhyd,2026-07-18,547.5608333333333,547.25,547.85,Kosagumuda
004-lgdhyd,2026-07-19,547.7383333333333,547.58,547.87,Kosagumuda
004-lgdhyd,2026-07-20,547.4941666666667,547.46,547.58,Kosagumuda
004-lgdhyd,2026-07-21,547.4229166666667,547.4,547.46,Kosagumuda
004-lgdhyd,2026-07-22,547.67125,547.43,547.99,Kosagumuda
004-lgdhyd,2026-07-23,547.9291666666667,547.89,547.98,Kosagumuda
004-lgdhyd,2026-07-24,547.7808333333334,547.75,547.88,Kosagumuda
004-lgdhyd,2026-07-25,547.6,547.51,547.75,Kosagumuda
004-lgdhyd,2026-07-26,547.4920833333333,547.47,547.51,Kosagumuda
004-lgdhyd,2026-07-27,547.5745833333334,547.5,547.62,Kosagumuda
004-lgdhyd,2026-07-28,547.5483333333333,547.52,547.58,Kosagumuda
004-lgdhyd,2026-07-29,548.61375,547.53,549.57,Kosagumuda
004-lgdhyd,2026-07-30,551.6883333333334,549.87,552.39,Kosagumuda
004-lgdhyd,2026-07-31,550.0758333333333,549.2,551.57,Kosagumuda
004-lgdhyd,2026-08-01,548.6829166666666,548.34,549.15,Kosagumuda
004-lgdhyd,2026-08-02,548.1683333333333,548.01,548.33,Kosagumuda
004-lgdhyd,2026-08-03,547.8366666666667,547.76,547.99,Kosagumuda
004-lgdhyd,2026-08-04,548.3041666666667,547.75,548.94,Kosagumuda
004-lgdhyd,2026-08-05,548.3129166666666,548.14,548.69,Kosagumuda
004-lgdhyd,2026-08-06,548.0016666666667,547.96,548.12,Kosagumuda
004-lgdhyd,2026-08-07,548.0041666666667,547.96,548.07,Kosagumuda
004-lgdhyd,2026-08-08,548.3945833333333,548.06,548.5,Kosagumuda
004-lgdhyd,2026-08-09,548.62875,548.5,548.76,Kosagumuda
004-lgdhyd,2026-08-10,548.70875,548.55,548.85,Kosagumuda
004-lgdhyd,2026-08-11,548.2975,548.1,548.58,Kosagumuda
004-lgdhyd,2026-08-12,547.9904166666666,547.91,548.09,Kosagumuda
004-lgdhyd,2026-08-13,547.8874999999999,547.85,547.91,Kosagumuda
004-lgdhyd,2026-08-14,547.7929166666667,547.76,547.84,Kosagumuda
004-lgdhyd,2026-08-15,547.7283333333334,547.7,547.76,Kosagumuda
004-lgdhyd,2026-08-16,547.8308333333333,547.7,547.96,Kosagumuda
004-lgdhyd,2026-08-17,547.795,547.75,547.88,Kosagumuda
004-lgdhyd,2026-08-18,547.775,547.75,547.8,Kosagumuda
004-lgdhyd,2026-08-19,547.6845833333333,547.64,547.78,Kosagumuda
004-lgdhyd,2026-08-20,547.6066666666667,547.6,547.64,Kosagumuda
004-lgdhyd,2026-08-21,547.7195833333334,547.6,547.9,Kosagumuda
004-lgdhyd,2026-08-22,547.56625,547.5,547.62,Kosagumuda
004-lgdhyd,2026-08-23,549.8945833333333,547.52,552.8,Kosagumuda
004-lgdhyd,2026-08-24,552.0641666666667,550.5,553.0,Kosagumuda
004-lgdhyd,2026-08-25,549.1945833333333,548.73,550.33,Kosagumuda
004-lgdhyd,2026-08-26,548.6329166666667,548.6,548.73,Kosagumuda
004-lgdhyd,2026-08-27,548.6325,548.6,548.67,Kosagumuda
004-lgdhyd,2026-08-28,548.5558333333333,548.51,548.65,Kosagumuda
004-lgdhyd,2026-08-29,548.37875,548.23,548.51,Kosagumuda
004-lgdhyd,2026-08-30,548.2529411764707,548.2,548.4,Kosagumuda
005-ERDBWN,2026-07-01,1.5314285714285714,1.42,1.7,Sahadevkhunta
005-ERDBWN,2026-07-02,1.755,1.08,2.42,Sahadevkhunta
005-ERDBWN,2026-07-03,1.6908333333333332,0.94,2.28,Sahadevkhunta
005-ERDBWN,2026-07-04,1.7183333333333335,0.96,2.5,Sahadevkhunta
005-ERDBWN,2026-07-05,2.3366666666666664,1.84,2.72,Sahadevkhunta
005-ERDBWN,2026-07-06,3.0574999999999997,2.36,3.46,Sahadevkhunta
005-ERDBWN,2026-07-07,3.315,3.1,3.46,Sahadevkhunta
005-ERDBWN,2026-07-08,2.7475,2.1,3.34,Sahadevkhunta
005-ERDBWN,2026-07-09,1.7433333333333334,1.36,2.08,Sahadevkhunta
005-ERDBWN,2026-07-10,1.4833333333333334,1.1,1.82,Sahadevkhunta
005-ERDBWN,2026-07-11,1.3949999999999998,1.0,1.78,Sahadevkhunta
005-ERDBWN,2026-07-12,1.3441666666666665,0.84,1.76,Sahadevkhunta
005-ERDBWN,2026-07-13,1.2558333333333334,0.84,1.74,Sahadevkhunta
005-ERDBWN,2026-07-14,2.0866666666666664,0.94,4.14,Sahadevkhunta
005-ERDBWN,2026-07-15,5.345,4.54,5.76,Sahadevkhunta
005-ERDBWN,2026-07-16,4.514166666666667,4.32,4.84,Sahadevkhunta
005-ERDBWN,2026-07-17,4.3133333333333335,3.78,4.52,Sahadevkhunta
005-ERDBWN,2026-07-18,3.5858333333333334,3.38,3.72,Sahadevkhunta
005-ERDBWN,2026-07-19,3.1008333333333336,2.24,3.64,Sahadevkhunta
005-ERDBWN,2026-07-20,2.2158333333333333,1.7,2.52,Sahadevkhunta
005-ERDBWN,2026-07-21,3.2191666666666667,2.44,3.6,Sahadevkhunta
005-ERDBWN,2026-07-22,3.985,3.52,4.64,Sahadevkhunta
005-ERDBWN,2026-07-23,4.345833333333333,4.06,4.64,Sahadevkhunta
005-ERDBWN,2026-07-24,3.840833333333333,3.5,4.04,Sahadevkhunta
005-ERDBWN,2026-07-25,3.2383333333333333,2.94,3.5,Sahadevkhunta
005-ERDBWN,2026-07-26,3.5583333333333336,2.92,4.26,Sahadevkhunta
005-ERDBWN,2026-07-27,4.619166666666667,4.28,4.82,Sahadevkhunta
005-ERDBWN,2026-07-28,6.760000000000001,4.82,8.44,Sahadevkhunta
005-ERDBWN,2026-07-29,8.47125,8.04,8.66,Sahadevkhunta
005-ERDBWN,2026-07-30,7.439166666666666,7.0,7.98,Sahadevkhunta
005-ERDBWN,2026-07-31,6.7683333333333335,6.42,6.96,Sahadevkhunta
005-ERDBWN,2026-08-01,5.916666666666667,5.34,6.38,Sahadevkhunta
005-ERDBWN,2026-08-02,5.308333333333334,4.96,5.46,Sahadevkhunta
005-ERDBWN,2026-08-03,4.755,4.58,4.92,Sahadevkhunta
005-ERDBWN,2026-08-04,4.329166666666667,4.08,4.56,Sahadevkhunta
005-ERDBWN,2026-08-05,3.8425,3.48,4.06,Sahadevkhunta
005-ERDBWN,2026-08-06,3.5725,3.42,3.78,Sahadevkhunta
005-ERDBWN,2026-08-07,3.515833333333333,3.3,3.78,Sahadevkhunta
005-ERDBWN,2026-08-08,4.245,3.28,4.96,Sahadevkhunta
005-ERDBWN,2026-08-09,4.675,4.5,4.98,Sahadevkhunta
005-ERDBWN,2026-08-10,4.573333333333333,4.28,4.72,Sahadevkhunta
005-ERDBWN,2026-08-11,3.9675,3.58,4.26,Sahadevkhunta
005-ERDBWN,2026-08-12,3.6675,3.56,3.82,Sahadevkhunta
005-ERDBWN,2026-08-13,5.5675,3.8,7.74,Sahadevkhunta
005-ERDBWN,2026-08-14,8.081249999999999,7.96,8.2,Sahadevkhunta
005-ERDBWN,2026-08-15,7.325,6.76,7.92,Sahadevkhunta
005-ERDBWN,2026-08-16,6.429166666666667,6.24,6.72,Sahadevkhunta
005-ERDBWN,2026-08-17,7.439166666666666,6.56,7.96,Sahadevkhunta
005-ERDBWN,2026-08-18,7.760833333333333,7.5,7.96,Sahadevkhunta
005-ERDBWN,2026-08-19,7.095833333333334,6.48,7.5,Sahadevkhunta
005-ERDBWN,2026-08-20,5.6308333333333325,4.92,6.42,Sahadevkhunta
005-ERDBWN,2026-08-21,4.184166666666667,3.58,4.88,Sahadevkhunta
005-ERDBWN,2026-08-22,3.4025,3.32,3.54,Sahadevkhunta
005-ERDBWN,2026-08-23,3.5766666666666667,3.06,4.5,Sahadevkhunta
005-ERDBWN,2026-08-24,5.845833333333334,4.62,6.38,Sahadevkhunta
005-ERDBWN,2026-08-25,5.895,5.4,6.38,Sahadevkhunta
005-ERDBWN,2026-08-26,4.706666666666667,4.2,5.36,Sahadevkhunta
005-ERDBWN,2026-08-27,3.83,3.52,4.16,Sahadevkhunta
005-ERDBWN,2026-08-28,3.9,3.46,4.42,Sahadevkhunta
005-ERDBWN,2026-08-29,5.1475,4.44,6.22,Sahadevkhunta
005-ERDBWN,2026-08-30,6.210588235294118,5.9,6.36,Sahadevkhunta
008-MDBURLA,2026-07-01,216.44,216.44,216.44,Sundargarh Town
008-MDBURLA,2026-07-02,216.4645833333333,216.44,216.53,Sundargarh Town
008-MDBURLA,2026-07-03,216.73041666666666,216.56,216.8,Sundargarh Town
008-MDBURLA,2026-07-04,216.79999999999998,216.77,216.82,Sundargarh Town
008-MDBURLA,2026-07-05,216.84333333333333,216.76,217.09,Sundargarh Town
008-MDBURLA,2026-07-06,217.47333333333333,217.13,217.71,Sundargarh Town
008-MDBURLA,2026-07-07,217.745,217.63,217.81,Sundargarh Town
008-MDBURLA,2026-07-08,217.48416666666665,217.35,217.61,Sundargarh Town
008-MDBURLA,2026-07-09,217.11875,216.96,217.33,Sundargarh Town
008-MDBURLA,2026-07-10,216.86374999999998,216.81,216.95,Sundargarh Town
008-MDBURLA,2026-07-11,217.03083333333333,216.88,217.1,Sundargarh Town
008-MDBURLA,2026-07-12,217.12333333333333,217.04,217.19,Sundargarh Town
008-MDBURLA,2026-07-13,216.89458333333334,216.77,217.03,Sundargarh Town
008-MDBURLA,2026-07-14,216.72708333333333,216.7,216.76,Sundargarh Town
008-MDBURLA,2026-07-15,216.65125,216.63,216.71,Sundargarh Town
008-MDBURLA,2026-07-16,216.62,216.6,216.7,Sundargarh Town
008-MDBURLA,2026-07-17,217.04791666666668,216.75,217.12,Sundargarh Town
008-MDBURLA,2026-07-18,217.04333333333332,217.02,217.1,Sundargarh Town
008-MDBURLA,2026-07-19,217.35458333333335,217.11,217.46,Sundargarh Town
008-MDBURLA,2026-07-20,217.3075,217.24,217.42,Sundargarh Town
008-MDBURLA,2026-07-21,217.98749999999998,217.3,218.73,Sundargarh Town
008-MDBURLA,2026-07-22,218.67041666666668,218.6,218.74,Sundargarh Town
008-MDBURLA,2026-07-23,218.31541666666666,218.01,218.59,Sundargarh Town
008-MDBURLA,2026-07-24,217.74375,217.64,217.98,Sundargarh Town
008-MDBURLA,2026-07-25,217.70000000000002,217.55,217.84,Sundargarh Town
008-MDBURLA,2026-07-26,217.66750000000002,217.53,217.89,Sundargarh Town
008-MDBURLA,2026-07-27,217.93583333333333,217.85,218.03,Sundargarh Town
008-MDBURLA,2026-07-28,218.35166666666666,217.96,218.7,Sundargarh Town
008-MDBURLA,2026-07-29,218.35916666666665,218.14,218.64,Sundargarh Town
008-MDBURLA,2026-07-30,218.14958333333334,217.96,218.22,Sundargarh Town
008-MDBURLA,2026-07-31,217.7408333333333,217.54,217.93,Sundargarh Town
008-MDBURLA,2026-08-01,217.38750000000002,217.27,217.52,Sundargarh Town
008-MDBURLA,2026-08-02,217.16416666666666,217.08,217.26,Sundargarh Town
008-MDBURLA,2026-08-03,217.02583333333334,216.97,217.08,Sundargarh Town
008-MDBURLA,2026-08-04,217.07833333333335,216.9,217.5,Sundargarh Town
008-MDBURLA,2026-08-05,217.38958333333335,217.34,217.46,Sundargarh Town
008-MDBURLA,2026-08-06,217.4675,217.42,217.55,Sundargarh Town
008-MDBURLA,2026-08-07,217.73000000000002,217.57,217.86,Sundargarh Town
008-MDBURLA,2026-08-08,218.0475,217.89,218.1,Sundargarh Town
008-MDBURLA,2026-08-09,218.13166666666666,218.1,218.17,Sundargarh Town
008-MDBURLA,2026-08-10,218.13125,217.92,218.22,Sundargarh Town
008-MDBURLA,2026-08-11,217.73874999999998,217.64,217.9,Sundargarh Town
008-MDBURLA,2026-08-12,217.90458333333333,217.72,218.0,Sundargarh Town
008-MDBURLA,2026-08-13,217.63833333333332,217.5,217.82,Sundargarh Town
008-MDBURLA,2026-08-14,217.88666666666666,217.55,218.46,Sundargarh Town
008-MDBURLA,2026-08-15,218.73749999999998,218.48,218.96,Sundargarh Town
008-MDBURLA,2026-08-16,218.81958333333333,218.46,219.15,Sundargarh Town
008-MDBURLA,2026-08-17,218.34,218.15,218.45,Sundargarh Town
008-MDBURLA,2026-08-18,219.25250000000003,218.24,220.22,Sundargarh Town
008-MDBURLA,2026-08-19,219.76833333333332,219.21,220.21,Sundargarh Town
008-MDBURLA,2026-08-20,218.75583333333336,218.4,219.17,Sundargarh Town
008-MDBURLA,2026-08-21,218.11333333333334,217.89,218.37,Sundargarh Town
008-MDBURLA,2026-08-22,217.73083333333332,217.59,217.87,Sundargarh Town
008-MDBURLA,2026-08-23,217.49333333333334,217.45,217.58,Sundargarh Town
008-MDBURLA,2026-08-24,218.02916666666667,217.47,218.85,Sundargarh Town
008-MDBURLA,2026-08-25,218.93166666666664,218.82,219.08,Sundargarh Town
008-MDBURLA,2026-08-26,218.56958333333333,218.26,218.88,Sundargarh Town
008-MDBURLA,2026-08-27,218.03,217.93,218.23,Sundargarh Town
008-MDBURLA,2026-08-28,218.08666666666667,217.86,218.31,Sundargarh Town
008-MDBURLA,2026-08-29,218.01874999999998,217.88,218.23,Sundargarh Town
008-MDBURLA,2026-08-30,218.00941176470587,217.91,218.05,Sundargarh Town
010-ERDBWN,2026-07-01,43.16857142857143,43.16,43.2,Jharpokharia
010-ERDBWN,2026-07-02,43.10833333333333,43.1,43.14,Jharpokharia
010-ERDBWN,2026-07-03,43.083333333333336,43.08,43.1,Jharpokharia
010-ERDBWN,2026-07-04,43.096666666666664,43.08,43.1,Jharpokharia
010-ERDBWN,2026-07-05,43.1625,43.1,43.22,Jharpokharia
010-ERDBWN,2026-07-06,43.25,43.22,43.26,Jharpokharia
010-ERDBWN,2026-07-07,43.38,43.28,43.42,Jharpokharia
010-ERDBWN,2026-07-08,43.92250000000001,43.38,44.6,Jharpokharia
010-ERDBWN,2026-07-09,44.385,44.3,44.6,Jharpokharia
010-ERDBWN,2026-07-10,44.1875,44.14,44.3,Jharpokharia
010-ERDBWN,2026-07-11,44.08083333333334,44.06,44.12,Jharpokharia
010-ERDBWN,2026-07-12,44.13583333333333,44.0,44.28,Jharpokharia
010-ERDBWN,2026-07-13,43.97666666666667,43.92,44.0,Jharpokharia
010-ERDBWN,2026-07-14,43.821666666666665,43.7,43.92,Jharpokharia
010-ERDBWN,2026-07-15,43.755833333333335,43.68,43.84,Jharpokharia
010-ERDBWN,2026-07-16,43.695,43.68,43.78,Jharpokharia
010-ERDBWN,2026-07-17,43.740833333333335,43.66,43.82,Jharpokharia
010-ERDBWN,2026-07-18,44.211666666666666,43.74,45.1,Jharpokharia
010-ERDBWN,2026-07-19,44.56916666666667,44.26,44.92,Jharpokharia
010-ERDBWN,2026-07-20,44.25,44.12,44.4,Jharpokharia
010-ERDBWN,2026-07-21,44.31916666666667,44.04,44.54,Jharpokharia
010-ERDBWN,2026-07-22,44.6,44.46,44.7,Jharpokharia
010-ERDBWN,2026-07-23,45.482499999999995,44.7,45.7,Jharpokharia
010-ERDBWN,2026-07-24,45.29666666666666,45.16,45.62,Jharpokharia
010-ERDBWN,2026-07-25,44.9275,44.84,45.14,Jharpokharia
010-ERDBWN,2026-07-26,44.840833333333336,44.7,44.9,Jharpokharia
010-ERDBWN,2026-07-27,45.29,44.7,45.6,Jharpokharia
010-ERDBWN,2026-07-28,45.905833333333334,45.6,46.52,Jharpokharia
010-ERDBWN,2026-07-29,47.32749999999999,46.64,47.88,Jharpokharia
010-ERDBWN,2026-07-30,46.593333333333334,46.02,47.52,Jharpokharia
010-ERDBWN,2026-07-31,45.90083333333333,45.64,46.08,Jharpokharia
010-ERDBWN,2026-08-01,45.315,45.02,45.62,Jharpokharia
010-ERDBWN,2026-08-02,44.755833333333335,44.44,45.02,Jharpokharia
010-ERDBWN,2026-08-03,44.23833333333334,44.0,44.44,Jharpokharia
010-ERDBWN,2026-08-04,44.19,44.0,44.4,Jharpokharia
010-ERDBWN,2026-08-05,44.035833333333336,43.84,44.28,Jharpokharia
010-ERDBWN,2026-08-06,44.267500000000005,43.84,44.8,Jharpokharia
010-ERDBWN,2026-08-07,44.79,44.68,45.12,Jharpokharia
010-ERDBWN,2026-08-08,45.57416666666666,45.16,45.8,Jharpokharia
010-ERDBWN,2026-08-09,46.350833333333334,45.62,46.8,Jharpokharia
010-ERDBWN,2026-08-10,45.81583333333333,45.46,46.28,Jharpokharia
010-ERDBWN,2026-08-11,45.5525,45.46,45.72,Jharpokharia
010-ERDBWN,2026-08-12,45.7925,45.52,46.02,Jharpokharia
010-ERDBWN,2026-08-13,45.90416666666667,45.76,46.02,Jharpokharia
010-ERDBWN,2026-08-14,48.555,45.8,50.74,Jharpokharia
010-ERDBWN,2026-08-15,48.879999999999995,47.56,50.68,Jharpokharia
010-ERDBWN,2026-08-16,47.54333333333333,47.44,47.72,Jharpokharia
010-ERDBWN,2026-08-17,47.744166666666665,47.44,48.14,Jharpokharia
010-ERDBWN,2026-08-18,49.07,47.5,50.76,Jharpokharia
010-ERDBWN,2026-08-19,51.637499999999996,50.26,52.3,Jharpokharia
010-ERDBWN,2026-08-20,48.74,47.9,50.08,Jharpokharia
010-ERDBWN,2026-08-21,47.395833333333336,47.06,47.86,Jharpokharia
010-ERDBWN,2026-08-22,46.42083333333333,45.82,47.04,Jharpokharia
010-ERDBWN,2026-08-23,45.60833333333333,45.32,45.92,Jharpokharia
010-ERDBWN,2026-08-24,45.288333333333334,45.2,45.5,Jharpokharia
010-ERDBWN,2026-08-25,45.8725,45.2,46.52,Jharpokharia
010-ERDBWN,2026-08-26,46.19,46.02,46.36,Jharpokharia
010-ERDBWN,2026-08-27,46.12916666666666,46.0,46.32,Jharpokharia
010-ERDBWN,2026-08-28,46.26833333333334,46.06,46.48,Jharpokharia
010-ERDBWN,2026-08-29,47.4775,46.24,48.06,Jharpokharia
010-ERDBWN,2026-08-30,47.96235294117647,47.68,48.2,Jharpokharia
012-MDBURLA,2026-07-01,183.07,183.07,183.07,Attabira
012-MDBURLA,2026-07-02,183.07875,183.07,183.09,Attabira
012-MDBURLA,2026-07-03,183.12249999999997,183.09,183.17,Attabira
012-MDBURLA,2026-07-04,183.34375,183.18,183.51,Attabira
012-MDBURLA,2026-07-05,183.61416666666665,183.52,183.79,Attabira
012-MDBURLA,2026-07-06,184.01416666666668,183.83,184.32,Attabira
012-MDBURLA,2026-07-07,184.92624999999998,184.36,185.64,Attabira
012-MDBURLA,2026-07-08,186.44291666666666,185.72,187.08,Attabira
012-MDBURLA,2026-07-09,187.4141666666667,187.12,187.55,Attabira
012-MDBURLA,2026-07-10,187.15125,186.87,187.42,Attabira
012-MDBURLA,2026-07-11,186.57916666666665,186.39,186.85,Attabira
012-MDBURLA,2026-07-12,186.2775,186.2,186.38,Attabira
012-MDBURLA,2026-07-13,186.13041666666666,186.07,186.19,Attabira
012-MDBURLA,2026-07-14,185.9958333333333,185.94,186.07,Attabira
012-MDBURLA,2026-07-15,185.89374999999998,185.85,185.94,Attabira
012-MDBURLA,2026-07-16,185.84083333333334,185.83,185.85,Attabira
012-MDBURLA,2026-07-17,185.85,185.85,185.85,Attabira
012-MDBURLA,2026-07-18,185.9595833333333,185.85,186.16,Attabira
012-MDBURLA,2026-07-19,186.48458333333335,186.19,186.69,Attabira
012-MDBURLA,2026-07-20,186.84916666666666,186.71,186.94,Attabira
012-MDBURLA,2026-07-21,186.96333333333334,186.92,187.0,Attabira
012-MDBURLA,2026-07-22,186.98208333333332,186.91,187.07,Attabira
012-MDBURLA,2026-07-23,187.24041666666668,187.08,187.3,Attabira
012-MDBURLA,2026-07-24,187.22,187.13,187.3,Attabira
012-MDBURLA,2026-07-25,186.98166666666668,186.81,187.12,Attabira
012-MDBURLA,2026-07-26,186.59333333333333,186.44,186.79,Attabira
012-MDBURLA,2026-07-27,186.41666666666666,186.32,186.59,Attabira
012-MDBURLA,2026-07-28,186.92041666666668,186.61,187.35,Attabira
012-MDBURLA,2026-07-29,188.0041666666667,187.39,188.6,Attabira
012-MDBURLA,2026-07-30,189.1,188.64,189.64,Attabira
012-MDBURLA,2026-07-31,190.26874999999998,189.7,190.59,Attabira
012-MDBURLA,2026-08-01,190.5975,190.46,190.64,Attabira
012-MDBURLA,2026-08-02,190.09333333333333,189.7,190.43,Attabira
012-MDBURLA,2026-08-03,189.22125000000003,188.8,189.66,Attabira
012-MDBURLA,2026-08-04,188.39916666666667,188.02,188.76,Attabira
012-MDBURLA,2026-08-05,187.6341666666667,187.4,187.98,Attabira
012-MDBURLA,2026-08-06,187.20666666666668,187.05,187.39,Attabira
012-MDBURLA,2026-08-07,186.95916666666668,186.91,187.05,Attabira
012-MDBURLA,2026-08-08,186.905,186.9,186.93,Attabira
012-MDBURLA,2026-08-09,187.07458333333332,186.94,187.11,Attabira
012-MDBURLA,2026-08-10,187.0716666666667,187.06,187.09,Attabira
012-MDBURLA,2026-08-11,187.10416666666666,187.09,187.11,Attabira
012-MDBURLA,2026-08-12,187.22166666666666,187.1,187.3,Attabira
012-MDBURLA,2026-08-13,187.3741666666667,187.3,187.46,Attabira
012-MDBURLA,2026-08-14,187.58833333333334,187.48,187.72,Attabira
012-MDBURLA,2026-08-15,187.83833333333334,187.73,188.0,Attabira
012-MDBURLA,2026-08-16,188.18708333333333,188.02,188.39,Attabira
012-MDBURLA,2026-08-17,188.67208333333335,188.42,188.83,Attabira
012-MDBURLA,2026-08-18,188.93041666666667,188.84,188.98,Attabira
012-MDBURLA,2026-08-19,189.08083333333332,188.94,189.28,Attabira
012-MDBURLA,2026-08-20,189.41083333333333,189.3,189.45,Attabira
012-MDBURLA,2026-08-21,189.46083333333334,189.42,189.58,Attabira
012-MDBURLA,2026-08-22,189.67916666666667,189.59,189.75,Attabira
012-MDBURLA,2026-08-23,189.80083333333334,189.76,189.82,Attabira
012-MDBURLA,2026-08-24,189.88916666666668,189.84,189.92,Attabira
012-MDBURLA,2026-08-25,189.85833333333335,189.84,189.9,Attabira
012-MDBURLA,2026-08-26,190.02083333333334,189.9,190.15,Attabira
012-MDBURLA,2026-08-27,190.19583333333333,190.16,190.24,Attabira
012-MDBURLA,2026-08-28,190.27958333333333,190.25,190.35,Attabira
012-MDBURLA,2026-08-29,190.42541666666668,190.35,190.5,Attabira
012-MDBURLA,2026-08-30,190.51529411764704,190.5,190.55,Attabira
012-erdbwn,2026-07-01,4.26,4.26,4.26,Jaleswar
012-erdbwn,2026-07-02,4.35875,4.25,4.43,Jaleswar
012-erdbwn,2026-07-03,4.347083333333333,4.27,4.43,Jaleswar
012-erdbwn,2026-07-04,4.207916666666667,4.18,4.27,Jaleswar
012-erdbwn,2026-07-05,4.165416666666666,4.14,4.19,Jaleswar
012-erdbwn,2026-07-06,4.182083333333334,4.14,4.22,Jaleswar
012-erdbwn,2026-07-07,4.256666666666667,4.22,4.27,Jaleswar
012-erdbwn,2026-07-08,4.260416666666667,4.25,4.27,Jaleswar
012-erdbwn,2026-07-09,4.304583333333333,4.25,4.59,Jaleswar
012-erdbwn,2026-07-10,5.1137500000000005,4.71,5.22,Jaleswar
012-erdbwn,2026-07-11,5.085833333333333,4.98,5.13,Jaleswar
012-erdbwn,2026-07-12,4.93625,4.92,4.98,Jaleswar
012-erdbwn,2026-07-13,4.990833333333334,4.92,5.08,Jaleswar
012-erdbwn,2026-07-14,4.958333333333333,4.92,5.04,Jaleswar
012-erdbwn,2026-07-15,5.105833333333334,4.97,5.24,Jaleswar
012-erdbwn,2026-07-16,5.2195833333333335,5.2,5.25,Jaleswar
012-erdbwn,2026-07-17,5.24125,5.16,5.3,Jaleswar
012-erdbwn,2026-07-18,5.175833333333333,5.16,5.2,Jaleswar
012-erdbwn,2026-07-19,5.22125,5.06,5.8,Jaleswar
012-erdbwn,2026-07-20,5.741666666666667,5.54,5.89,Jaleswar
012-erdbwn,2026-07-21,5.472083333333334,5.42,5.54,Jaleswar
012-erdbwn,2026-07-22,5.49125,5.35,5.73,Jaleswar
012-erdbwn,2026-07-23,5.858333333333333,5.75,5.94,Jaleswar
012-erdbwn,2026-07-24,6.578333333333333,5.95,6.79,Jaleswar
012-erdbwn,2026-07-25,6.465416666666666,6.28,6.76,Jaleswar
012-erdbwn,2026-07-26,6.095416666666666,6.01,6.27,Jaleswar
012-erdbwn,2026-07-27,6.091666666666666,6.03,6.14,Jaleswar
012-erdbwn,2026-07-28,6.6175,6.13,6.99,Jaleswar
012-erdbwn,2026-07-29,7.364999999999999,7.02,7.93,Jaleswar
012-erdbwn,2026-07-30,8.328333333333333,7.98,8.54,Jaleswar
012-erdbwn,2026-07-31,7.57125,7.22,8.19,Jaleswar
012-erdbwn,2026-08-01,7.085,6.9,7.21,Jaleswar
012-erdbwn,2026-08-02,6.622083333333333,6.32,6.89,Jaleswar
012-erdbwn,2026-08-03,6.065,5.81,6.3,Jaleswar
012-erdbwn,2026-08-04,5.65125,5.46,5.8,Jaleswar
012-erdbwn,2026-08-05,5.502083333333334,5.42,5.58,Jaleswar
012-erdbwn,2026-08-06,5.516666666666667,5.42,5.59,Jaleswar
012-erdbwn,2026-08-07,5.640416666666667,5.42,6.12,Jaleswar
012-erdbwn,2026-08-08,6.114583333333333,6.04,6.36,Jaleswar
012-erdbwn,2026-08-09,6.727083333333333,6.42,6.87,Jaleswar
012-erdbwn,2026-08-10,7.29375,6.87,7.49,Jaleswar
012-erdbwn,2026-08-11,6.865416666666667,6.61,7.19,Jaleswar
012-erdbwn,2026-08-12,6.607500000000001,6.57,6.66,Jaleswar
012-erdbwn,2026-08-13,7.0566666666666675,6.6,7.35,Jaleswar
012-erdbwn,2026-08-14,7.689583333333334,7.39,8.04,Jaleswar
012-erdbwn,2026-08-15,9.915416666666667,8.2,10.5,Jaleswar
012-erdbwn,2026-08-16,9.170416666666666,8.68,10.18,Jaleswar
012-erdbwn,2026-08-17,8.701666666666666,8.65,8.94,Jaleswar
012-erdbwn,2026-08-18,9.197916666666666,9.0,9.7,Jaleswar
012-erdbwn,2026-08-19,10.717500000000001,9.8,11.68,Jaleswar
012-erdbwn,2026-08-20,11.269166666666665,10.3,11.82,Jaleswar
012-erdbwn,2026-08-21,9.480833333333333,8.74,10.24,Jaleswar
012-erdbwn,2026-08-22,8.395416666666668,8.13,8.69,Jaleswar
012-erdbwn,2026-08-23,7.569166666666667,7.15,8.11,Jaleswar
012-erdbwn,2026-08-24,7.078749999999999,7.02,7.13,Jaleswar
012-erdbwn,2026-08-25,6.74625,6.59,7.0,Jaleswar
012-erdbwn,2026-08-26,7.22375,6.59,7.53,Jaleswar
012-erdbwn,2026-08-27,7.364583333333333,7.25,7.5,Jaleswar
012-erdbwn,2026-08-28,7.521666666666667,7.24,7.78,Jaleswar
012-erdbwn,2026-08-29,7.843333333333334,7.73,8.11,Jaleswar
012-erdbwn,2026-08-30,8.766470588235293,8.19,8.97,Jaleswar
013-ERDBWN,2026-07-01,306.34142857142854,306.33,306.36,Patana
013-ERDBWN,2026-07-02,306.5158333333333,306.4,306.64,Patana
013-ERDBWN,2026-07-03,306.4733333333333,306.25,306.66,Patana
013-ERDBWN,2026-07-04,306.445,306.24,306.58,Patana
013-ERDBWN,2026-07-05,306.5625,306.07,307.5,Patana
013-ERDBWN,2026-07-06,307.33416666666665,307.04,307.5,Patana
013-ERDBWN,2026-07-07,306.65791666666667,306.42,307.01,Patana
013-ERDBWN,2026-07-08,306.23625,306.1,306.4,Patana
013-ERDBWN,2026-07-09,306.0054166666667,305.92,306.1,Patana
013-ERDBWN,2026-07-10,305.9066666666667,305.86,305.98,Patana
013-ERDBWN,2026-07-11,305.9429166666667,305.86,305.99,Patana
013-ERDBWN,2026-07-12,305.9325,305.91,305.97,Patana
013-ERDBWN,2026-07-13,305.77500000000003,305.71,305.91,Patana
013-ERDBWN,2026-07-14,305.67958333333337,305.67,305.71,Patana
013-ERDBWN,2026-07-15,305.74916666666667,305.67,305.87,Patana
013-ERDBWN,2026-07-16,306.60291666666666,305.91,306.96,Patana
013-ERDBWN,2026-07-17,306.8283333333333,306.66,306.98,Patana
013-ERDBWN,2026-07-18,306.40708333333333,306.33,306.65,Patana
013-ERDBWN,2026-07-19,306.49666666666667,306.33,306.6,Patana
013-ERDBWN,2026-07-20,306.31,306.2,306.48,Patana
013-ERDBWN,2026-07-21,306.745,306.2,306.9,Patana
013-ERDBWN,2026-07-22,307.45625,306.9,307.79,Patana
013-ERDBWN,2026-07-23,307.4733333333333,307.36,307.79,Patana
013-ERDBWN,2026-07-24,307.22166666666664,306.95,307.49,Patana
013-ERDBWN,2026-07-25,306.77625,306.69,306.94,Patana
013-ERDBWN,2026-07-26,307.10541666666666,306.8,307.23,Patana
013-ERDBWN,2026-07-27,306.97875,306.95,307.06,Patana
013-ERDBWN,2026-07-28,310.02625,306.95,312.55,Patana
013-ERDBWN,2026-07-29,310.29333333333335,308.63,312.4,Patana
013-ERDBWN,2026-07-30,308.10875,307.48,308.85,Patana
013-ERDBWN,2026-07-31,308.23541666666665,307.73,308.85,Patana
013-ERDBWN,2026-08-01,307.38624999999996,307.23,307.7,Patana
013-ERDBWN,2026-08-02,307.3075,307.01,307.74,Patana
013-ERDBWN,2026-08-03,306.9270833333333,306.86,306.99,Patana
013-ERDBWN,2026-08-04,306.9666666666667,306.86,307.03,Patana
013-ERDBWN,2026-08-05,306.8595833333333,306.74,306.97,Patana
013-ERDBWN,2026-08-06,307.265,306.74,307.97,Patana
013-ERDBWN,2026-08-07,307.36833333333334,307.17,307.56,Patana
013-ERDBWN,2026-08-08,308.05041666666665,307.2,308.5,Patana
013-ERDBWN,2026-08-09,307.7241666666667,307.28,308.22,Patana
013-ERDBWN,2026-08-10,307.19166666666666,307.17,307.25,Patana
013-ERDBWN,2026-08-11,307.45958333333334,307.17,307.66,Patana
013-ERDBWN,2026-08-12,307.56583333333333,307.37,307.66,Patana
013-ERDBWN,2026-08-13,309.35041666666666,307.15,312.85,Patana
013-ERDBWN,2026-08-14,311.0266666666667,308.82,313.0,Patana
013-ERDBWN,2026-08-15,308.9245833333334,308.54,309.63,Patana
013-ERDBWN,2026-08-16,309.13416666666666,308.42,309.42,Patana
013-ERDBWN,2026-08-17,310.63666666666666,308.18,311.45,Patana
013-ERDBWN,2026-08-18,310.17333333333335,309.77,310.9,Patana
013-ERDBWN,2026-08-19,309.0425,308.52,309.81,Patana
013-ERDBWN,2026-08-20,308.07958333333335,307.61,308.48,Patana
013-ERDBWN,2026-08-21,307.38208333333336,307.26,307.57,Patana
013-ERDBWN,2026-08-22,307.3383333333333,307.24,307.63,Patana
013-ERDBWN,2026-08-23,307.4470833333333,307.14,308.46,Patana
013-ERDBWN,2026-08-24,309.8541666666667,308.82,310.49,Patana
013-ERDBWN,2026-08-25,308.77625,308.32,309.43,Patana
013-ERDBWN,2026-08-26,307.90375,307.63,308.29,Patana
013-ERDBWN,2026-08-27,307.575,307.51,307.62,Patana
013-ERDBWN,2026-08-28,307.7525,307.5,307.96,Patana
013-ERDBWN,2026-08-29,308.18666666666667,307.51,308.53,Patana
013-ERDBWN,2026-08-30,308.8935294117647,308.5,309.2,Patana
014-ERDBWN,2026-07-01,371.2742857142857,371.2,371.3,Champua
014-ERDBWN,2026-07-02,371.34291666666667,371.26,371.42,Champua
014-ERDBWN,2026-07-03,371.2425,371.21,371.32,Champua
014-ERDBWN,2026-07-04,371.25874999999996,371.21,371.31,Champua
014-ERDBWN,2026-07-05,371.5495833333334,371.29,371.82,Champua
014-ERDBWN,2026-07-06,371.7341666666666,371.7,371.77,Champua
014-ERDBWN,2026-07-07,371.705,371.7,371.72,Champua
014-ERDBWN,2026-07-08,371.69083333333333,371.68,371.7,Champua
014-ERDBWN,2026-07-09,371.6466666666667,371.62,371.68,Champua
014-ERDBWN,2026-07-10,371.62083333333334,371.62,371.63,Champua
014-ERDBWN,2026-07-11,371.61125,371.6,371.62,Champua
014-ERDBWN,2026-07-12,371.5954166666667,371.59,371.6,Champua
014-ERDBWN,2026-07-13,371.55916666666667,371.54,371.59,Champua
014-ERDBWN,2026-07-14,371.54875,371.51,371.63,Champua
014-ERDBWN,2026-07-15,371.64166666666665,371.62,371.66,Champua
014-ERDBWN,2026-07-16,371.855,371.62,371.92,Champua
014-ERDBWN,2026-07-17,371.80333333333334,371.76,371.87,Champua
014-ERDBWN,2026-07-18,371.74625,371.73,371.76,Champua
014-ERDBWN,2026-07-19,371.795,371.73,371.88,Champua
014-ERDBWN,2026-07-20,371.7270833333334,371.72,371.76,Champua
014-ERDBWN,2026-07-21,371.86875000000003,371.72,371.94,Champua
014-ERDBWN,2026-07-22,372.0466666666667,371.91,372.22,Champua
014-ERDBWN,2026-07-23,372.3225,372.22,372.38,Champua
014-ERDBWN,2026-07-24,372.31791666666663,372.28,372.37,Champua
014-ERDBWN,2026-07-25,372.2795833333333,372.26,372.3,Champua
014-ERDBWN,2026-07-26,372.3120833333333,372.28,372.34,Champua
014-ERDBWN,2026-07-27,372.35625,372.25,372.56,Champua
014-ERDBWN,2026-07-28,373.1325,372.6,373.52,Champua
014-ERDBWN,2026-07-29,372.7404166666667,372.52,373.12,Champua
014-ERDBWN,2026-07-30,373.8641666666667,372.45,375.5,Champua
014-ERDBWN,2026-07-31,374.0954166666667,373.71,374.6,Champua
014-ERDBWN,2026-08-01,373.355,373.15,373.7,Champua
014-ERDBWN,2026-08-02,372.965,372.85,373.14,Champua
014-ERDBWN,2026-08-03,372.7604166666667,372.72,372.85,Champua
014-ERDBWN,2026-08-04,372.71458333333334,372.7,372.72,Champua
014-ERDBWN,2026-08-05,372.75500000000005,372.7,372.8,Champua
014-ERDBWN,2026-08-06,372.74125000000004,372.72,372.85,Champua
014-ERDBWN,2026-08-07,372.89124999999996,372.8,373.13,Champua
014-ERDBWN,2026-08-08,373.2633333333333,373.02,373.55,Champua
014-ERDBWN,2026-08-09,372.8933333333334,372.81,373.0,Champua
014-ERDBWN,2026-08-10,372.80749999999995,372.76,372.89,Champua
014-ERDBWN,2026-08-11,372.79625000000004,372.73,372.9,Champua
014-ERDBWN,2026-08-12,372.7004166666666,372.67,372.73,Champua
014-ERDBWN,2026-08-13,374.6745833333334,372.67,377.42,Champua
014-ERDBWN,2026-08-14,373.5020833333333,373.33,374.1,Champua
014-ERDBWN,2026-08-15,373.27458333333334,373.22,373.33,Champua
014-ERDBWN,2026-08-16,373.6475,373.33,373.9,Champua
014-ERDBWN,2026-08-17,374.0275,373.58,374.47,Champua
014-ERDBWN,2026-08-18,373.8541666666667,373.56,374.14,Champua
014-ERDBWN,2026-08-19,373.84375,373.78,373.9,Champua
014-ERDBWN,2026-08-20,373.62416666666667,373.45,373.88,Champua
014-ERDBWN,2026-08-21,373.26416666666665,373.11,373.44,Champua
014-ERDBWN,2026-08-22,373.0233333333333,372.93,373.1,Champua
014-ERDBWN,2026-08-23,372.90291666666667,372.82,373.35,Champua
014-ERDBWN,2026-08-24,373.89708333333334,373.5,374.06,Champua
014-ERDBWN,2026-08-25,373.99625,373.85,374.14,Champua
014-ERDBWN,2026-08-26,373.69083333333333,373.46,373.94,Champua
014-ERDBWN,2026-08-27,373.3129166666667,373.21,373.44,Champua
014-ERDBWN,2026-08-28,373.1358333333333,372.99,373.35,Champua
014-ERDBWN,2026-08-29,373.0683333333333,372.98,373.21,Champua
014-ERDBWN,2026-08-30,373.1447058823529,373.07,373.23,Champua
014-MDBURLA,2026-07-01,129.61,129.61,129.61,Dunguripali
014-MDBURLA,2026-07-02,129.9466666666667,129.61,130.25,Dunguripali
014-MDBURLA,2026-07-03,130.29375,130.26,130.32,Dunguripali
014-MDBURLA,2026-07-04,130.95666666666668,130.26,131.77,Dunguripali
014-MDBURLA,2026-07-05,131.36916666666667,131.31,131.56,Dunguripali
014-MDBURLA,2026-07-06,133.33833333333334,131.54,134.54,Dunguripali
014-MDBURLA,2026-07-07,132.97708333333333,132.17,134.18,Dunguripali
014-MDBURLA,2026-07-08,131.5875,131.12,132.12,Dunguripali
014-MDBURLA,2026-07-09,130.91875000000002,130.78,131.09,Dunguripali
014-MDBURLA,2026-07-10,130.63833333333335,130.54,130.76,Dunguripali
014-MDBURLA,2026-07-11,130.44791666666666,130.41,130.53,Dunguripali
014-MDBURLA,2026-07-12,130.39916666666667,130.38,130.41,Dunguripali
014-MDBURLA,2026-07-13,130.28791666666666,130.24,130.37,Dunguripali
014-MDBURLA,2026-07-14,130.22958333333332,130.22,130.24,Dunguripali
014-MDBURLA,2026-07-15,130.18916666666667,130.15,130.22,Dunguripali
014-MDBURLA,2026-07-16,130.70541666666665,130.14,131.54,Dunguripali
014-MDBURLA,2026-07-17,131.74875,131.54,132.36,Dunguripali
014-MDBURLA,2026-07-18,132.22208333333333,131.9,132.4,Dunguripali
014-MDBURLA,2026-07-19,131.88125,131.76,131.9,Dunguripali
014-MDBURLA,2026-07-20,131.43625,131.19,131.72,Dunguripali
014-MDBURLA,2026-07-21,131.20874999999998,131.19,131.26,Dunguripali
014-MDBURLA,2026-07-22,131.77375,131.28,132.51,Dunguripali
014-MDBURLA,2026-07-23,132.22875000000002,132.05,132.51,Dunguripali
014-MDBURLA,2026-07-24,131.67,131.34,132.03,Dunguripali
014-MDBURLA,2026-07-25,131.1825,131.07,131.31,Dunguripali
014-MDBURLA,2026-07-26,133.18291666666667,131.13,135.06,Dunguripali
014-MDBURLA,2026-07-27,134.74,134.49,135.09,Dunguripali
014-MDBURLA,2026-07-28,133.9325,133.6,134.44,Dunguripali
014-MDBURLA,2026-07-29,136.31541666666666,134.32,137.18,Dunguripali
014-MDBURLA,2026-07-30,135.97458333333333,133.67,137.07,Dunguripali
014-MDBURLA,2026-07-31,132.58875,132.03,133.37,Dunguripali
014-MDBURLA,2026-08-01,131.59125,131.36,131.99,Dunguripali
014-MDBURLA,2026-08-02,131.14374999999998,131.02,131.35,Dunguripali
014-MDBURLA,2026-08-03,130.90625,130.81,131.02,Dunguripali
014-MDBURLA,2026-08-04,130.98749999999998,130.81,131.18,Dunguripali
014-MDBURLA,2026-08-05,131.10625000000002,131.05,131.2,Dunguripali
014-MDBURLA,2026-08-06,131.04749999999999,131.0,131.09,Dunguripali
014-MDBURLA,2026-08-07,131.90958333333333,131.09,132.17,Dunguripali
014-MDBURLA,2026-08-08,132.3425,131.87,133.17,Dunguripali
014-MDBURLA,2026-08-09,133.26375,132.77,133.57,Dunguripali
014-MDBURLA,2026-08-10,132.14124999999999,131.79,132.71,Dunguripali
014-MDBURLA,2026-08-11,131.43041666666667,131.27,131.75,Dunguripali
014-MDBURLA,2026-08-12,131.16416666666666,131.02,131.27,Dunguripali
014-MDBURLA,2026-08-13,130.92666666666665,130.84,131.01,Dunguripali
014-MDBURLA,2026-08-14,130.72,130.67,130.82,Dunguripali
014-MDBURLA,2026-08-15,130.67,130.67,130.67,Dunguripali
014-MDBURLA,2026-08-16,130.63666666666666,130.57,130.73,Dunguripali
014-MDBURLA,2026-08-17,130.84291666666667,130.73,131.02,Dunguripali
014-MDBURLA,2026-08-18,131.99416666666667,131.07,132.74,Dunguripali
014-MDBURLA,2026-08-19,132.17,131.78,132.56,Dunguripali
014-MDBURLA,2026-08-20,131.44875,131.19,131.75,Dunguripali
014-MDBURLA,2026-08-21,131.02416666666667,130.87,131.18,Dunguripali
014-MDBURLA,2026-08-22,130.81208333333333,130.73,130.87,Dunguripali
014-MDBURLA,2026-08-23,130.69125,130.67,130.73,Dunguripali
014-MDBURLA,2026-08-24,131.00958333333332,130.61,131.94,Dunguripali
014-MDBURLA,2026-08-25,132.08708333333334,131.96,132.2,Dunguripali
014-MDBURLA,2026-08-26,131.75125,131.42,132.08,Dunguripali
014-MDBURLA,2026-08-27,131.17125000000001,131.02,131.39,Dunguripali
014-MDBURLA,2026-08-28,130.76624999999999,130.0,130.98,Dunguripali
014-MDBURLA,2026-08-29,130.65958333333333,130.62,130.68,Dunguripali
014-MDBURLA,2026-08-30,130.5694117647059,130.55,130.6,Dunguripali
015-ERDBWN,2026-07-01,33.62,33.51,33.76,Anandapur
015-ERDBWN,2026-07-02,33.83291666666667,33.8,33.86,Anandapur
015-ERDBWN,2026-07-03,33.94916666666666,33.8,34.25,Anandapur
015-ERDBWN,2026-07-04,33.72375,33.02,34.0,Anandapur
015-ERDBWN,2026-07-05,34.128750000000004,33.86,35.52,Anandapur
015-ERDBWN,2026-07-06,36.00666666666667,35.53,36.8,Anandapur
015-ERDBWN,2026-07-07,34.67625,33.58,35.53,Anandapur
015-ERDBWN,2026-07-08,34.199999999999996,34.08,34.28,Anandapur
015-ERDBWN,2026-07-09,33.67625,33.39,34.07,Anandapur
015-ERDBWN,2026-07-10,33.42041666666667,33.39,33.44,Anandapur
015-ERDBWN,2026-07-11,33.413333333333334,33.4,33.43,Anandapur
015-ERDBWN,2026-07-12,33.209583333333335,33.07,33.4,Anandapur
015-ERDBWN,2026-07-13,33.13791666666666,32.9,33.41,Anandapur
015-ERDBWN,2026-07-14,33.46083333333333,33.38,33.57,Anandapur
015-ERDBWN,2026-07-15,33.4775,33.4,33.57,Anandapur
015-ERDBWN,2026-07-16,34.725,33.4,35.6,Anandapur
015-ERDBWN,2026-07-17,34.528333333333336,33.6,35.28,Anandapur
015-ERDBWN,2026-07-18,34.04375,33.8,34.44,Anandapur
015-ERDBWN,2026-07-19,33.84166666666667,33.84,33.85,Anandapur
015-ERDBWN,2026-07-20,33.87375,33.85,33.88,Anandapur
015-ERDBWN,2026-07-21,34.52041666666667,33.87,35.27,Anandapur
015-ERDBWN,2026-07-22,35.759166666666665,35.27,36.12,Anandapur
015-ERDBWN,2026-07-23,35.47416666666667,35.25,35.88,Anandapur
015-ERDBWN,2026-07-24,35.25125,34.95,35.41,Anandapur
015-ERDBWN,2026-07-25,34.43333333333333,33.98,34.93,Anandapur
015-ERDBWN,2026-07-26,34.73,34.32,35.2,Anandapur
015-ERDBWN,2026-07-27,34.67625,34.32,35.23,Anandapur
015-ERDBWN,2026-07-28,37.36,34.32,40.62,Anandapur
015-ERDBWN,2026-07-29,38.93666666666667,37.4,40.64,Anandapur
015-ERDBWN,2026-07-30,36.35166666666667,35.7,37.3,Anandapur
015-ERDBWN,2026-07-31,35.58416666666667,35.0,35.85,Anandapur
015-ERDBWN,2026-08-01,34.70708333333334,34.25,35.39,Anandapur
015-ERDBWN,2026-08-02,34.606249999999996,34.33,34.79,Anandapur
015-ERDBWN,2026-08-03,34.340833333333336,34.18,34.67,Anandapur
015-ERDBWN,2026-08-04,34.163333333333334,34.16,34.18,Anandapur
015-ERDBWN,2026-08-05,34.11125,34.08,34.16,Anandapur
015-ERDBWN,2026-08-06,34.147083333333335,34.05,34.43,Anandapur
015-ERDBWN,2026-08-07,35.504583333333336,34.43,36.62,Anandapur
015-ERDBWN,2026-08-08,36.170833333333334,35.51,36.68,Anandapur
015-ERDBWN,2026-08-09,35.95666666666667,35.44,36.5,Anandapur
015-ERDBWN,2026-08-10,35.28875,35.05,35.6,Anandapur
015-ERDBWN,2026-08-11,35.51541666666667,35.43,35.61,Anandapur
015-ERDBWN,2026-08-12,35.59083333333333,35.51,35.68,Anandapur
015-ERDBWN,2026-08-13,36.31041666666667,35.25,39.65,Anandapur
015-ERDBWN,2026-08-14,39.37083333333333,37.13,40.32,Anandapur
015-ERDBWN,2026-08-15,36.70166666666667,35.91,37.33,Anandapur
015-ERDBWN,2026-08-16,37.192083333333336,36.84,37.54,Anandapur
015-ERDBWN,2026-08-17,38.467083333333335,36.76,39.36,Anandapur
015-ERDBWN,2026-08-18,38.05375,37.62,38.97,Anandapur
015-ERDBWN,2026-08-19,36.97833333333333,36.39,37.92,Anandapur
015-ERDBWN,2026-08-20,35.790416666666665,35.3,36.36,Anandapur
015-ERDBWN,2026-08-21,35.54708333333333,35.28,35.71,Anandapur
015-ERDBWN,2026-08-22,35.06041666666667,34.86,36.02,Anandapur
015-ERDBWN,2026-08-23,35.71083333333333,35.4,36.3,Anandapur
015-ERDBWN,2026-08-24,37.254583333333336,36.22,37.7,Anandapur
015-ERDBWN,2026-08-25,36.604166666666664,36.2,37.53,Anandapur
015-ERDBWN,2026-08-26,35.62291666666667,35.32,36.2,Anandapur
015-ERDBWN,2026-08-27,35.42791666666667,35.33,35.62,Anandapur
015-ERDBWN,2026-08-28,35.469166666666666,35.32,35.75,Anandapur
015-ERDBWN,2026-08-29,35.62916666666667,35.36,36.09,Anandapur
015-ERDBWN,2026-08-30,36.46058823529412,36.08,36.83,Anandapur
016-ERDBWN,2026-07-01,15.11,15.05,15.17,Bhandari Pokhari
016-ERDBWN,2026-07-02,15.72375,15.19,16.63,Bhandari Pokhari
016-ERDBWN,2026-07-03,16.620833333333334,16.3,16.85,Bhandari Pokhari
016-ERDBWN,2026-07-04,16.673750000000002,16.28,16.82,Bhandari Pokhari
016-ERDBWN,2026-07-05,16.66208333333333,16.48,16.93,Bhandari Pokhari
016-ERDBWN,2026-07-06,17.974166666666665,17.0,18.27,Bhandari Pokhari
016-ERDBWN,2026-07-07,17.528333333333332,16.86,17.97,Bhandari Pokhari
016-ERDBWN,2026-07-08,16.967499999999998,16.8,17.04,Bhandari Pokhari
016-ERDBWN,2026-07-09,16.865,16.65,17.0,Bhandari Pokhari
016-ERDBWN,2026-07-10,16.72375,16.42,17.2,Bhandari Pokhari
016-ERDBWN,2026-07-11,17.0125,16.81,17.23,Bhandari Pokhari
016-ERDBWN,2026-07-12,17.164583333333333,17.0,17.32,Bhandari Pokhari
016-ERDBWN,2026-07-13,17.077083333333334,16.87,17.32,Bhandari Pokhari
016-ERDBWN,2026-07-14,16.90875,16.34,17.38,Bhandari Pokhari
016-ERDBWN,2026-07-15,16.370833333333334,16.32,16.4,Bhandari Pokhari
016-ERDBWN,2026-07-16,16.90875,16.39,17.95,Bhandari Pokhari
016-ERDBWN,2026-07-17,17.83375,17.39,17.99,Bhandari Pokhari
016-ERDBWN,2026-07-18,17.302083333333332,17.06,17.41,Bhandari Pokhari
016-ERDBWN,2026-07-19,16.942916666666665,16.89,17.04,Bhandari Pokhari
016-ERDBWN,2026-07-20,16.87375,16.85,16.91,Bhandari Pokhari
016-ERDBWN,2026-07-21,16.940416666666668,16.85,17.48,Bhandari Pokhari
016-ERDBWN,2026-07-22,17.764583333333334,17.56,18.03,Bhandari Pokhari
016-ERDBWN,2026-07-23,17.827916666666667,17.64,18.04,Bhandari Pokhari
016-ERDBWN,2026-07-24,17.707916666666666,17.64,17.74,Bhandari Pokhari
016-ERDBWN,2026-07-25,17.475833333333334,17.22,17.66,Bhandari Pokhari
016-ERDBWN,2026-07-26,17.224999999999998,17.08,17.44,Bhandari Pokhari
016-ERDBWN,2026-07-27,17.492916666666666,17.33,17.59,Bhandari Pokhari
016-ERDBWN,2026-07-28,18.06416666666667,17.31,19.69,Bhandari Pokhari
016-ERDBWN,2026-07-29,19.965833333333332,19.27,20.36,Bhandari Pokhari
016-ERDBWN,2026-07-30,18.36583333333333,17.97,19.2,Bhandari Pokhari
016-ERDBWN,2026-07-31,17.877916666666668,17.73,18.04,Bhandari Pokhari
016-ERDBWN,2026-08-01,17.593333333333334,17.26,17.78,Bhandari Pokhari
016-ERDBWN,2026-08-02,17.356666666666666,17.24,17.57,Bhandari Pokhari
016-ERDBWN,2026-08-03,17.419999999999998,17.23,17.58,Bhandari Pokhari
016-ERDBWN,2026-08-04,17.19,17.18,17.22,Bhandari Pokhari
016-ERDBWN,2026-08-05,17.161666666666665,17.13,17.18,Bhandari Pokhari
016-ERDBWN,2026-08-06,17.097916666666666,17.05,17.16,Bhandari Pokhari
016-ERDBWN,2026-08-07,17.549583333333334,17.17,18.05,Bhandari Pokhari
016-ERDBWN,2026-08-08,17.878333333333334,17.68,18.27,Bhandari Pokhari
016-ERDBWN,2026-08-09,18.056250000000002,17.79,18.28,Bhandari Pokhari
016-ERDBWN,2026-08-10,17.5975,17.43,17.77,Bhandari Pokhari
016-ERDBWN,2026-08-11,17.6375,17.49,17.73,Bhandari Pokhari
016-ERDBWN,2026-08-12,17.5925,17.54,17.62,Bhandari Pokhari
016-ERDBWN,2026-08-13,17.493333333333332,17.33,18.45,Bhandari Pokhari
016-ERDBWN,2026-08-14,19.502916666666668,18.76,19.76,Bhandari Pokhari
016-ERDBWN,2026-08-15,18.354583333333334,18.06,19.23,Bhandari Pokhari
016-ERDBWN,2026-08-16,18.412916666666668,18.2,18.55,Bhandari Pokhari
016-ERDBWN,2026-08-17,18.722083333333334,18.2,19.38,Bhandari Pokhari
016-ERDBWN,2026-08-18,19.1325,18.74,19.43,Bhandari Pokhari
016-ERDBWN,2026-08-19,18.523333333333333,18.1,18.79,Bhandari Pokhari
016-ERDBWN,2026-08-20,17.830416666666668,17.51,18.1,Bhandari Pokhari
016-ERDBWN,2026-08-21,17.60125,17.49,17.64,Bhandari Pokhari
016-ERDBWN,2026-08-22,17.32125,17.18,17.48,Bhandari Pokhari
016-ERDBWN,2026-08-23,17.590833333333332,17.18,17.82,Bhandari Pokhari
016-ERDBWN,2026-08-24,18.188333333333333,17.44,18.69,Bhandari Pokhari
016-ERDBWN,2026-08-25,18.309166666666666,17.94,18.69,Bhandari Pokhari
016-ERDBWN,2026-08-26,17.719166666666666,17.48,17.94,Bhandari Pokhari
016-ERDBWN,2026-08-27,17.487083333333334,17.45,17.51,Bhandari Pokhari
016-ERDBWN,2026-08-28,17.47791666666667,17.42,17.54,Bhandari Pokhari
016-ERDBWN,2026-08-29,17.532916666666665,17.47,17.62,Bhandari Pokhari
016-ERDBWN,2026-08-30,17.856470588235293,17.66,18.11,Bhandari Pokhari
017-ERDBWN,2026-07-01,458.55428571428575,458.52,458.58,Kendujhar Town
017-ERDBWN,2026-07-02,458.56166666666667,458.48,458.64,Kendujhar Town
017-ERDBWN,2026-07-03,458.48,458.48,458.48,Kendujhar Town
017-ERDBWN,2026-07-04,458.4266666666667,458.38,458.48,Kendujhar Town
017-ERDBWN,2026-07-05,458.9529166666667,458.48,459.4,Kendujhar Town
017-ERDBWN,2026-07-06,459.0058333333333,458.6,459.54,Kendujhar Town
017-ERDBWN,2026-07-07,458.52708333333334,458.46,458.58,Kendujhar Town
017-ERDBWN,2026-07-08,458.4475,458.42,458.46,Kendujhar Town
017-ERDBWN,2026-07-09,458.41,458.37,458.47,Kendujhar Town
017-ERDBWN,2026-07-10,458.46250000000003,458.37,458.72,Kendujhar Town
017-ERDBWN,2026-07-11,458.6233333333333,458.58,458.73,Kendujhar Town
017-ERDBWN,2026-07-12,458.49500000000006,458.46,458.58,Kendujhar Town
017-ERDBWN,2026-07-13,458.43125000000003,458.42,458.46,Kendujhar Town
017-ERDBWN,2026-07-14,458.4025,458.38,458.42,Kendujhar Town
017-ERDBWN,2026-07-15,458.43625,458.42,458.47,Kendujhar Town
017-ERDBWN,2026-07-16,458.6641666666667,458.48,458.74,Kendujhar Town
017-ERDBWN,2026-07-17,458.64916666666664,458.56,458.7,Kendujhar Town
017-ERDBWN,2026-07-18,458.5179166666667,458.49,458.55,Kendujhar Town
017-ERDBWN,2026-07-19,458.47583333333336,458.47,458.48,Kendujhar Town
017-ERDBWN,2026-07-20,458.49291666666664,458.46,458.65,Kendujhar Town
017-ERDBWN,2026-07-21,458.72541666666666,458.67,458.86,Kendujhar Town
017-ERDBWN,2026-07-22,458.88041666666663,458.78,458.96,Kendujhar Town
017-ERDBWN,2026-07-23,458.8304166666667,458.78,458.9,Kendujhar Town
017-ERDBWN,2026-07-24,458.67291666666665,458.56,458.8,Kendujhar Town
017-ERDBWN,2026-07-25,458.7366666666667,458.52,459.03,Kendujhar Town
017-ERDBWN,2026-07-26,458.79833333333335,458.65,459.04,Kendujhar Town
017-ERDBWN,2026-07-27,458.6270833333333,458.58,458.67,Kendujhar Town
017-ERDBWN,2026-07-28,461.0172727272727,458.7,463.81,Kendujhar Town
017-ERDBWN,2026-07-29,459.61478260869563,459.04,461.13,Kendujhar Town
017-ERDBWN,2026-07-30,458.9166666666667,458.84,459.02,Kendujhar Town
017-ERDBWN,2026-07-31,458.78541666666666,458.69,458.84,Kendujhar Town
017-ERDBWN,2026-08-01,458.64916666666664,458.61,458.67,Kendujhar Town
017-ERDBWN,2026-08-02,458.64208333333335,458.6,458.7,Kendujhar Town
017-ERDBWN,2026-08-03,458.59041666666667,458.56,458.6,Kendujhar Town
017-ERDBWN,2026-08-04,458.5408333333333,458.52,458.59,Kendujhar Town
017-ERDBWN,2026-08-05,458.53749999999997,458.5,458.6,Kendujhar Town
017-ERDBWN,2026-08-06,458.5208333333333,458.51,458.57,Kendujhar Town
017-ERDBWN,2026-08-07,458.71875,458.52,458.79,Kendujhar Town
017-ERDBWN,2026-08-08,458.71250000000003,458.69,458.76,Kendujhar Town
017-ERDBWN,2026-08-09,458.62000000000006,458.6,458.7,Kendujhar Town
017-ERDBWN,2026-08-10,458.84666666666664,458.58,459.36,Kendujhar Town
017-ERDBWN,2026-08-11,458.86375,458.76,459.04,Kendujhar Town
017-ERDBWN,2026-08-12,458.69958333333335,458.61,458.83,Kendujhar Town
017-ERDBWN,2026-08-13,459.31333333333333,458.6,460.32,Kendujhar Town
017-ERDBWN,2026-08-14,458.9270833333333,458.8,459.15,Kendujhar Town
017-ERDBWN,2026-08-15,459.80333333333334,458.8,462.12,Kendujhar Town
017-ERDBWN,2026-08-16,459.3020833333333,459.01,459.8,Kendujhar Town
017-ERDBWN,2026-08-17,459.0291666666667,458.9,459.18,Kendujhar Town
017-ERDBWN,2026-08-18,458.9841666666667,458.87,459.08,Kendujhar Town
017-ERDBWN,2026-08-19,458.78875,458.69,458.86,Kendujhar Town
017-ERDBWN,2026-08-20,458.6691666666666,458.6,458.7,Kendujhar Town
017-ERDBWN,2026-08-21,458.6029166666667,458.6,458.62,Kendujhar Town
017-ERDBWN,2026-08-22,458.6345833333333,458.6,458.74,Kendujhar Town
017-ERDBWN,2026-08-23,458.74875,458.66,459.04,Kendujhar Town
017-ERDBWN,2026-08-24,459.24583333333334,458.9,459.72,Kendujhar Town
017-ERDBWN,2026-08-25,458.80958333333336,458.74,458.88,Kendujhar Town
017-ERDBWN,2026-08-26,458.6929166666667,458.65,458.74,Kendujhar Town
017-ERDBWN,2026-08-27,458.6308333333333,458.62,458.64,Kendujhar Town
017-ERDBWN,2026-08-28,458.63875,458.61,458.7,Kendujhar Town
017-ERDBWN,2026-08-29,458.6695833333333,458.66,458.68,Kendujhar Town
017-ERDBWN,2026-08-30,458.6447058823529,458.64,458.66,Kendujhar Town
018-ERDBWN,2026-07-01,45.08,45.06,45.1,Kamakshyanagar
018-ERDBWN,2026-07-02,45.130833333333335,44.98,45.42,Kamakshyanagar
018-ERDBWN,2026-07-03,44.99208333333333,44.92,45.15,Kamakshyanagar
018-ERDBWN,2026-07-04,45.14333333333334,45.05,45.26,Kamakshyanagar
018-ERDBWN,2026-07-05,45.76458333333333,45.1,46.6,Kamakshyanagar
018-ERDBWN,2026-07-06,46.04541666666666,45.6,46.48,Kamakshyanagar
018-ERDBWN,2026-07-07,45.27875,45.14,45.56,Kamakshyanagar
018-ERDBWN,2026-07-08,45.030833333333334,44.98,45.12,Kamakshyanagar
018-ERDBWN,2026-07-09,44.96208333333333,44.94,44.99,Kamakshyanagar
018-ERDBWN,2026-07-10,44.9,44.86,44.96,Kamakshyanagar
018-ERDBWN,2026-07-11,44.82583333333333,44.82,44.85,Kamakshyanagar
018-ERDBWN,2026-07-12,44.785,44.77,44.82,Kamakshyanagar
018-ERDBWN,2026-07-13,44.76791666666667,44.76,44.77,Kamakshyanagar
018-ERDBWN,2026-07-14,44.76291666666666,44.76,44.77,Kamakshyanagar
018-ERDBWN,2026-07-15,44.778333333333336,44.76,44.78,Kamakshyanagar
018-ERDBWN,2026-07-16,46.35333333333333,44.78,47.28,Kamakshyanagar
018-ERDBWN,2026-07-17,45.48791666666667,45.29,45.85,Kamakshyanagar
018-ERDBWN,2026-07-18,45.15416666666667,45.09,45.28,Kamakshyanagar
018-ERDBWN,2026-07-19,45.0275,45.0,45.09,Kamakshyanagar
018-ERDBWN,2026-07-20,45.132083333333334,45.07,45.18,Kamakshyanagar
018-ERDBWN,2026-07-21,45.82416666666666,45.2,46.1,Kamakshyanagar
018-ERDBWN,2026-07-22,46.00625,45.7,46.32,Kamakshyanagar
018-ERDBWN,2026-07-23,45.469166666666666,45.32,45.7,Kamakshyanagar
018-ERDBWN,2026-07-24,45.224583333333335,45.15,45.32,Kamakshyanagar
018-ERDBWN,2026-07-25,45.22083333333333,45.1,46.5,Kamakshyanagar
018-ERDBWN,2026-07-26,46.87916666666666,46.62,47.1,Kamakshyanagar
018-ERDBWN,2026-07-27,46.32083333333333,45.77,46.61,Kamakshyanagar
018-ERDBWN,2026-07-28,47.16708333333333,46.06,48.88,Kamakshyanagar
018-ERDBWN,2026-07-29,48.08541666666667,47.38,48.9,Kamakshyanagar
018-ERDBWN,2026-07-30,46.62958333333333,45.62,47.32,Kamakshyanagar
018-ERDBWN,2026-07-31,45.48333333333333,45.39,45.6,Kamakshyanagar
018-ERDBWN,2026-08-01,45.43875,45.29,45.7,Kamakshyanagar
018-ERDBWN,2026-08-02,45.574999999999996,45.4,45.74,Kamakshyanagar
018-ERDBWN,2026-08-03,45.42250000000001,45.2,46.04,Kamakshyanagar
018-ERDBWN,2026-08-04,45.584583333333335,45.36,46.1,Kamakshyanagar
018-ERDBWN,2026-08-05,45.28,45.25,45.34,Kamakshyanagar
018-ERDBWN,2026-08-06,45.71,45.24,46.2,Kamakshyanagar
018-ERDBWN,2026-08-07,45.94583333333333,45.62,46.42,Kamakshyanagar
018-ERDBWN,2026-08-08,46.95083333333333,46.82,47.12,Kamakshyanagar
018-ERDBWN,2026-08-09,46.64666666666667,45.9,47.0,Kamakshyanagar
018-ERDBWN,2026-08-10,45.557500000000005,45.39,45.84,Kamakshyanagar
018-ERDBWN,2026-08-11,45.528333333333336,45.38,45.73,Kamakshyanagar
018-ERDBWN,2026-08-12,45.626666666666665,45.42,45.86,Kamakshyanagar
018-ERDBWN,2026-08-13,45.77666666666667,45.42,46.28,Kamakshyanagar
018-ERDBWN,2026-08-14,47.34291666666667,45.9,49.46,Kamakshyanagar
018-ERDBWN,2026-08-15,48.67958333333333,47.96,49.5,Kamakshyanagar
018-ERDBWN,2026-08-16,47.60958333333334,47.21,47.9,Kamakshyanagar
018-ERDBWN,2026-08-17,47.245000000000005,46.91,47.88,Kamakshyanagar
018-ERDBWN,2026-08-18,46.54125,45.95,47.7,Kamakshyanagar
018-ERDBWN,2026-08-19,45.784166666666664,45.66,45.92,Kamakshyanagar
018-ERDBWN,2026-08-20,45.583333333333336,45.5,45.68,Kamakshyanagar
018-ERDBWN,2026-08-21,45.45333333333334,45.42,45.49,Kamakshyanagar
018-ERDBWN,2026-08-22,45.387499999999996,45.38,45.42,Kamakshyanagar
018-ERDBWN,2026-08-23,45.36833333333333,45.36,45.43,Kamakshyanagar
018-ERDBWN,2026-08-24,46.87041666666667,45.01,47.34,Kamakshyanagar
018-ERDBWN,2026-08-25,46.409166666666664,45.64,46.9,Kamakshyanagar
018-ERDBWN,2026-08-26,45.497083333333336,45.42,45.62,Kamakshyanagar
018-ERDBWN,2026-08-27,45.37291666666667,45.36,45.41,Kamakshyanagar
018-ERDBWN,2026-08-28,45.29,45.28,45.36,Kamakshyanagar
018-ERDBWN,2026-08-29,45.24416666666667,45.24,45.28,Kamakshyanagar
018-ERDBWN,2026-08-30,45.28411764705883,45.24,45.38,Kamakshyanagar
019-ERDBWN,2026-07-01,171.3114285714286,171.29,171.34,Raurkela (M)
019-ERDBWN,2026-07-02,171.33666666666667,171.27,171.44,Raurkela (M)
019-ERDBWN,2026-07-03,171.26833333333332,171.22,171.32,Raurkela (M)
019-ERDBWN,2026-07-04,171.33333333333334,171.31,171.37,Raurkela (M)
019-ERDBWN,2026-07-05,171.5475,171.33,171.65,Raurkela (M)
019-ERDBWN,2026-07-06,171.98375,171.65,172.1,Raurkela (M)
019-ERDBWN,2026-07-07,172.23874999999998,172.09,172.3,Raurkela (M)
019-ERDBWN,2026-07-08,172.43083333333334,172.28,172.72,Raurkela (M)
019-ERDBWN,2026-07-09,172.46875,172.4,172.52,Raurkela (M)
019-ERDBWN,2026-07-10,172.05583333333334,171.83,172.38,Raurkela (M)
019-ERDBWN,2026-07-11,171.79875,171.76,171.87,Raurkela (M)
019-ERDBWN,2026-07-12,171.83833333333334,171.8,171.88,Raurkela (M)
019-ERDBWN,2026-07-13,171.7904166666667,171.74,171.82,Raurkela (M)
019-ERDBWN,2026-07-14,171.73125000000002,171.64,171.82,Raurkela (M)
019-ERDBWN,2026-07-15,171.56541666666666,171.53,171.64,Raurkela (M)
019-ERDBWN,2026-07-16,171.56833333333336,171.52,171.62,Raurkela (M)
019-ERDBWN,2026-07-17,172.02541666666664,171.63,172.27,Raurkela (M)
019-ERDBWN,2026-07-18,172.53875000000002,172.27,173.01,Raurkela (M)
019-ERDBWN,2026-07-19,173.13875,172.88,173.38,Raurkela (M)
019-ERDBWN,2026-07-20,172.80583333333334,172.48,173.22,Raurkela (M)
019-ERDBWN,2026-07-21,172.49041666666665,172.34,172.8,Raurkela (M)
019-ERDBWN,2026-07-22,174.22916666666666,172.85,175.15,Raurkela (M)
019-ERDBWN,2026-07-23,174.34916666666666,173.7,174.91,Raurkela (M)
019-ERDBWN,2026-07-24,173.36374999999998,173.09,173.67,Raurkela (M)
019-ERDBWN,2026-07-25,173.2025,173.07,173.3,Raurkela (M)
019-ERDBWN,2026-07-26,173.66583333333332,173.14,174.31,Raurkela (M)
019-ERDBWN,2026-07-27,172.89791666666667,172.53,173.42,Raurkela (M)
019-ERDBWN,2026-07-28,173.4104166666667,172.51,174.76,Raurkela (M)
019-ERDBWN,2026-07-29,174.38250000000002,173.55,174.94,Raurkela (M)
019-ERDBWN,2026-07-30,173.12833333333333,172.85,173.5,Raurkela (M)
019-ERDBWN,2026-07-31,172.72583333333333,172.63,172.85,Raurkela (M)
019-ERDBWN,2026-08-01,172.41083333333333,172.22,172.62,Raurkela (M)
019-ERDBWN,2026-08-02,172.13666666666666,172.09,172.21,Raurkela (M)
019-ERDBWN,2026-08-03,172.03458333333333,172.0,172.08,Raurkela (M)
019-ERDBWN,2026-08-04,172.12875,172.05,172.21,Raurkela (M)
019-ERDBWN,2026-08-05,172.23666666666668,172.22,172.31,Raurkela (M)
019-ERDBWN,2026-08-06,172.45916666666668,172.37,172.56,Raurkela (M)
019-ERDBWN,2026-08-07,173.09541666666667,172.5,173.42,Raurkela (M)
019-ERDBWN,2026-08-08,173.49041666666665,173.19,174.47,Raurkela (M)
019-ERDBWN,2026-08-09,174.42958333333334,174.04,174.7,Raurkela (M)
019-ERDBWN,2026-08-10,173.51250000000002,173.2,174.01,Raurkela (M)
019-ERDBWN,2026-08-11,173.67458333333332,173.2,173.95,Raurkela (M)
019-ERDBWN,2026-08-12,173.92083333333335,173.7,174.25,Raurkela (M)
019-ERDBWN,2026-08-13,174.46875,173.45,175.5,Raurkela (M)
019-ERDBWN,2026-08-14,175.28583333333333,175.1,175.44,Raurkela (M)
019-ERDBWN,2026-08-15,175.22375,174.95,175.61,Raurkela (M)
019-ERDBWN,2026-08-16,175.26416666666668,175.0,175.45,Raurkela (M)
019-ERDBWN,2026-08-17,174.40125,173.85,175.0,Raurkela (M)
019-ERDBWN,2026-08-18,175.19000000000003,173.74,176.58,Raurkela (M)
019-ERDBWN,2026-08-19,176.19541666666666,175.84,176.63,Raurkela (M)
019-ERDBWN,2026-08-20,175.32333333333335,174.88,175.81,Raurkela (M)
019-ERDBWN,2026-08-21,174.15083333333334,173.54,174.85,Raurkela (M)
019-ERDBWN,2026-08-22,173.25666666666666,173.02,173.5,Raurkela (M)
019-ERDBWN,2026-08-23,172.91583333333332,172.79,173.01,Raurkela (M)
019-ERDBWN,2026-08-24,173.69291666666666,172.82,174.22,Raurkela (M)
019-ERDBWN,2026-08-25,173.88791666666668,173.69,174.24,Raurkela (M)
019-ERDBWN,2026-08-26,173.705,173.67,173.74,Raurkela (M)
019-ERDBWN,2026-08-27,173.54666666666665,173.31,173.66,Raurkela (M)
019-ERDBWN,2026-08-28,173.46083333333334,173.29,173.53,Raurkela (M)
019-ERDBWN,2026-08-29,173.66625,173.52,173.85,Raurkela (M)
019-ERDBWN,2026-08-30,174.3029411764706,173.87,174.47,Raurkela (M)
020-ERDBWN,2026-07-01,138.87285714285713,138.67,139.13,Lahunipara
020-ERDBWN,2026-07-02,139.0,138.86,139.18,Lahunipara
020-ERDBWN,2026-07-03,138.86166666666665,138.84,138.9,Lahunipara
020-ERDBWN,2026-07-04,138.87625,138.85,138.96,Lahunipara
020-ERDBWN,2026-07-05,138.99958333333333,138.96,139.12,Lahunipara
020-ERDBWN,2026-07-06,139.45250000000001,139.12,139.91,Lahunipara
020-ERDBWN,2026-07-07,139.96291666666667,139.93,140.08,Lahunipara
020-ERDBWN,2026-07-08,140.12416666666667,140.1,140.2,Lahunipara
020-ERDBWN,2026-07-09,140.26375,140.21,140.3,Lahunipara
020-ERDBWN,2026-07-10,140.09958333333333,139.96,140.24,Lahunipara
020-ERDBWN,2026-07-11,139.72625,139.59,139.95,Lahunipara
020-ERDBWN,2026-07-12,139.65625,139.59,139.68,Lahunipara
020-ERDBWN,2026-07-13,139.70833333333334,139.65,139.72,Lahunipara
020-ERDBWN,2026-07-14,139.61291666666668,139.58,139.72,Lahunipara
020-ERDBWN,2026-07-15,139.47125,139.44,139.58,Lahunipara
020-ERDBWN,2026-07-16,139.44333333333333,139.42,139.45,Lahunipara
020-ERDBWN,2026-07-17,139.57916666666668,139.42,139.92,Lahunipara
020-ERDBWN,2026-07-18,140.10999999999999,139.95,140.18,Lahunipara
020-ERDBWN,2026-07-19,140.61291666666668,140.15,140.89,Lahunipara
020-ERDBWN,2026-07-20,140.82,140.57,140.95,Lahunipara
020-ERDBWN,2026-07-21,140.44291666666666,140.37,140.55,Lahunipara
020-ERDBWN,2026-07-22,141.50291666666666,140.49,142.48,Lahunipara
020-ERDBWN,2026-07-23,142.1925,141.74,142.51,Lahunipara
020-ERDBWN,2026-07-24,141.26208333333332,140.94,141.71,Lahunipara
020-ERDBWN,2026-07-25,141.01958333333332,140.86,141.44,Lahunipara
020-ERDBWN,2026-07-26,141.37708333333333,141.16,141.56,Lahunipara
020-ERDBWN,2026-07-27,140.94875,140.66,141.29,Lahunipara
020-ERDBWN,2026-07-28,141.74166666666667,140.63,142.71,Lahunipara
020-ERDBWN,2026-07-29,142.57083333333335,141.84,142.87,Lahunipara
020-ERDBWN,2026-07-30,141.23333333333332,140.87,141.74,Lahunipara
020-ERDBWN,2026-07-31,140.70000000000002,140.57,140.84,Lahunipara
020-ERDBWN,2026-08-01,140.43416666666667,140.31,140.56,Lahunipara
020-ERDBWN,2026-08-02,140.13666666666668,140.03,140.3,Lahunipara
020-ERDBWN,2026-08-03,139.97541666666666,139.95,140.02,Lahunipara
020-ERDBWN,2026-08-04,139.98208333333332,139.95,140.04,Lahunipara
020-ERDBWN,2026-08-05,140.24458333333334,140.05,140.34,Lahunipara
020-ERDBWN,2026-08-06,140.38791666666665,140.26,140.46,Lahunipara
020-ERDBWN,2026-08-07,140.75625,140.43,141.0,Lahunipara
020-ERDBWN,2026-08-08,141.09875,140.94,141.49,Lahunipara
020-ERDBWN,2026-08-09,141.99791666666667,141.57,142.21,Lahunipara
020-ERDBWN,2026-08-10,141.48291666666668,141.16,141.63,Lahunipara
020-ERDBWN,2026-08-11,141.28083333333333,141.04,141.68,Lahunipara
020-ERDBWN,2026-08-12,141.65333333333334,141.44,141.73,Lahunipara
020-ERDBWN,2026-08-13,142.27458333333334,141.36,143.75,Lahunipara
020-ERDBWN,2026-08-14,142.935,142.6,143.55,Lahunipara
020-ERDBWN,2026-08-15,142.6975,142.51,142.99,Lahunipara
020-ERDBWN,2026-08-16,143.85583333333332,142.99,144.84,Lahunipara
020-ERDBWN,2026-08-17,142.43125,141.63,143.14,Lahunipara
020-ERDBWN,2026-08-18,142.89583333333334,141.58,143.78,Lahunipara
020-ERDBWN,2026-08-19,144.01166666666668,143.62,144.14,Lahunipara
020-ERDBWN,2026-08-20,143.18458333333334,142.8,143.54,Lahunipara
020-ERDBWN,2026-08-21,142.06291666666667,141.49,142.75,Lahunipara
020-ERDBWN,2026-08-22,141.18083333333334,140.99,141.43,Lahunipara
020-ERDBWN,2026-08-23,140.90708333333333,140.87,140.95,Lahunipara
020-ERDBWN,2026-08-24,141.1775,140.86,141.89,Lahunipara
020-ERDBWN,2026-08-25,141.87875,141.54,142.18,Lahunipara
020-ERDBWN,2026-08-26,141.46291666666664,141.42,141.52,Lahunipara
020-ERDBWN,2026-08-27,141.39583333333334,141.3,141.48,Lahunipara
020-ERDBWN,2026-08-28,141.30125,141.24,141.48,Lahunipara
020-ERDBWN,2026-08-29,141.32000000000002,141.24,141.58,Lahunipara
020-ERDBWN,2026-08-30,142.0494117647059,141.62,142.23,Lahunipara
022-ERDBWN,2026-07-01,53.4,53.4,53.4,Talcher Sadar
022-ERDBWN,2026-07-02,53.419999999999995,53.4,53.43,Talcher Sadar
022-ERDBWN,2026-07-03,53.40625,53.4,53.43,Talcher Sadar
022-ERDBWN,2026-07-04,53.4675,53.4,53.58,Talcher Sadar
022-ERDBWN,2026-07-05,53.844166666666666,53.58,54.2,Talcher Sadar
022-ERDBWN,2026-07-06,54.61083333333334,53.75,55.94,Talcher Sadar
022-ERDBWN,2026-07-07,54.68083333333333,54.29,55.94,Talcher Sadar
022-ERDBWN,2026-07-08,54.098749999999995,53.78,54.29,Talcher Sadar
022-ERDBWN,2026-07-09,53.706250000000004,53.7,53.75,Talcher Sadar
022-ERDBWN,2026-07-10,53.77291666666667,53.7,53.83,Talcher Sadar
022-ERDBWN,2026-07-11,53.800000000000004,53.67,53.83,Talcher Sadar
022-ERDBWN,2026-07-12,53.58041666666667,53.57,53.65,Talcher Sadar
022-ERDBWN,2026-07-13,53.482499999999995,53.29,53.57,Talcher Sadar
022-ERDBWN,2026-07-14,53.260416666666664,53.26,53.27,Talcher Sadar
022-ERDBWN,2026-07-15,53.31166666666667,53.26,53.34,Talcher Sadar
022-ERDBWN,2026-07-16,54.20875,53.34,54.54,Talcher Sadar
022-ERDBWN,2026-07-17,54.60541666666666,54.04,55.3,Talcher Sadar
022-ERDBWN,2026-07-18,54.046666666666674,54.02,54.17,Talcher Sadar
022-ERDBWN,2026-07-19,54.04208333333333,53.74,54.19,Talcher Sadar
022-ERDBWN,2026-07-20,53.69083333333333,53.52,53.75,Talcher Sadar
022-ERDBWN,2026-07-21,53.65,53.5,53.75,Talcher Sadar
022-ERDBWN,2026-07-22,54.26708333333334,53.75,54.7,Talcher Sadar
022-ERDBWN,2026-07-23,54.6525,54.38,55.0,Talcher Sadar
022-ERDBWN,2026-07-24,54.17333333333334,54.0,54.37,Talcher Sadar
022-ERDBWN,2026-07-25,54.01416666666666,54.0,54.13,Talcher Sadar
022-ERDBWN,2026-07-26,55.0825,54.17,56.03,Talcher Sadar
022-ERDBWN,2026-07-27,55.72875,55.2,56.05,Talcher Sadar
022-ERDBWN,2026-07-28,56.074999999999996,55.18,58.1,Talcher Sadar
022-ERDBWN,2026-07-29,59.20166666666666,57.9,60.04,Talcher Sadar
022-ERDBWN,2026-07-30,56.580000000000005,55.78,57.7,Talcher Sadar
022-ERDBWN,2026-07-31,56.46125,55.55,56.85,Talcher Sadar
022-ERDBWN,2026-08-01,56.756249999999994,56.65,56.8,Talcher Sadar
022-ERDBWN,2026-08-02,56.585,56.45,56.65,Talcher Sadar
022-ERDBWN,2026-08-03,56.45708333333334,56.41,56.5,Talcher Sadar
022-ERDBWN,2026-08-04,56.51208333333333,56.5,56.59,Talcher Sadar
022-ERDBWN,2026-08-05,56.53875,56.25,56.76,Talcher Sadar
022-ERDBWN,2026-08-06,56.56333333333333,56.3,56.62,Talcher Sadar
022-ERDBWN,2026-08-07,55.98333333333333,55.62,56.72,Talcher Sadar
022-ERDBWN,2026-08-08,55.94166666666666,55.6,56.45,Talcher Sadar
022-ERDBWN,2026-08-09,56.53,56.15,56.86,Talcher Sadar
022-ERDBWN,2026-08-10,55.99916666666667,55.84,56.4,Talcher Sadar
022-ERDBWN,2026-08-11,56.68625,56.4,56.85,Talcher Sadar
022-ERDBWN,2026-08-12,56.800000000000004,56.65,57.02,Talcher Sadar
022-ERDBWN,2026-08-13,56.94875,56.65,57.29,Talcher Sadar
022-ERDBWN,2026-08-14,58.33541666666667,57.26,59.03,Talcher Sadar
022-ERDBWN,2026-08-15,58.650416666666665,58.36,59.11,Talcher Sadar
022-ERDBWN,2026-08-16,59.16958333333333,58.6,59.52,Talcher Sadar
022-ERDBWN,2026-08-17,59.23791666666667,59.19,59.28,Talcher Sadar
022-ERDBWN,2026-08-18,58.932916666666664,58.5,59.19,Talcher Sadar
022-ERDBWN,2026-08-19,58.20249999999999,58.14,58.4,Talcher Sadar
022-ERDBWN,2026-08-20,58.513749999999995,58.13,58.73,Talcher Sadar
022-ERDBWN,2026-08-21,58.126666666666665,57.94,58.74,Talcher Sadar
022-ERDBWN,2026-08-22,57.95374999999999,57.89,57.98,Talcher Sadar
022-ERDBWN,2026-08-23,57.82875000000001,57.38,57.89,Talcher Sadar
022-ERDBWN,2026-08-24,57.240833333333335,57.0,58.05,Talcher Sadar
022-ERDBWN,2026-08-25,58.02166666666667,57.9,58.1,Talcher Sadar
022-ERDBWN,2026-08-26,57.91708333333333,57.8,58.06,Talcher Sadar
022-ERDBWN,2026-08-27,57.77666666666667,57.7,57.86,Talcher Sadar
022-ERDBWN,2026-08-28,57.64124999999999,57.57,57.7,Talcher Sadar
022-ERDBWN,2026-08-29,57.2825,56.65,57.56,Talcher Sadar
022-ERDBWN,2026-08-30,56.64176470588235,56.58,56.8,Talcher Sadar
022-MDBURLA,2026-07-01,168.81428571428572,168.81,168.83,Kesinga
022-MDBURLA,2026-07-02,168.905,168.84,168.92,Kesinga
022-MDBURLA,2026-07-03,168.875,168.84,168.92,Kesinga
022-MDBURLA,2026-07-04,168.9125,168.87,168.94,Kesinga
022-MDBURLA,2026-07-05,169.13666666666666,168.95,169.78,Kesinga
022-MDBURLA,2026-07-06,170.33166666666668,169.9,170.46,Kesinga
022-MDBURLA,2026-07-07,170.28291666666667,170.08,170.4,Kesinga
022-MDBURLA,2026-07-08,169.89374999999998,169.77,170.06,Kesinga
022-MDBURLA,2026-07-09,169.53625,169.35,169.76,Kesinga
022-MDBURLA,2026-07-10,169.29125000000002,169.25,169.34,Kesinga
022-MDBURLA,2026-07-11,169.19375,169.13,169.25,Kesinga
022-MDBURLA,2026-07-12,169.1425,169.11,169.16,Kesinga
022-MDBURLA,2026-07-13,169.0533333333333,169.04,169.1,Kesinga
022-MDBURLA,2026-07-14,169.03958333333333,169.03,169.06,Kesinga
022-MDBURLA,2026-07-15,168.99375,168.97,169.03,Kesinga
022-MDBURLA,2026-07-16,169.00166666666667,168.97,169.05,Kesinga
022-MDBURLA,2026-07-17,169.26833333333335,169.05,169.74,Kesinga
022-MDBURLA,2026-07-18,170.06125,169.8,170.13,Kesinga
022-MDBURLA,2026-07-19,170.02875,169.87,170.13,Kesinga
022-MDBURLA,2026-07-20,169.80208333333334,169.73,169.91,Kesinga
022-MDBURLA,2026-07-21,169.87541666666667,169.84,169.98,Kesinga
022-MDBURLA,2026-07-22,170.3675,170.02,170.62,Kesinga
022-MDBURLA,2026-07-23,170.51666666666668,170.35,170.62,Kesinga
022-MDBURLA,2026-07-24,170.11583333333334,169.92,170.34,Kesinga
022-MDBURLA,2026-07-25,169.76916666666668,169.68,169.9,Kesinga
022-MDBURLA,2026-07-26,169.62125,169.59,169.68,Kesinga
022-MDBURLA,2026-07-27,169.82874999999999,169.62,170.14,Kesinga
022-MDBURLA,2026-07-28,170.44,170.16,170.7,Kesinga
022-MDBURLA,2026-07-29,171.75833333333333,170.72,174.55,Kesinga
022-MDBURLA,2026-07-30,175.65666666666667,174.36,176.52,Kesinga
022-MDBURLA,2026-07-31,172.75750000000002,171.72,174.16,Kesinga
022-MDBURLA,2026-08-01,171.13541666666666,170.76,171.66,Kesinga
022-MDBURLA,2026-08-02,170.42375,170.2,170.72,Kesinga
022-MDBURLA,2026-08-03,170.0275,169.96,170.18,Kesinga
022-MDBURLA,2026-08-04,169.895,169.82,169.97,Kesinga
022-MDBURLA,2026-08-05,169.90541666666667,169.85,169.99,Kesinga
022-MDBURLA,2026-08-06,169.94958333333332,169.87,170.08,Kesinga
022-MDBURLA,2026-08-07,170.25666666666666,170.08,170.4,Kesinga
022-MDBURLA,2026-08-08,170.45624999999998,170.4,170.54,Kesinga
022-MDBURLA,2026-08-09,170.52041666666665,170.41,170.7,Kesinga
022-MDBURLA,2026-08-10,170.49708333333334,170.36,170.66,Kesinga
022-MDBURLA,2026-08-11,170.14208333333332,169.95,170.4,Kesinga
022-MDBURLA,2026-08-12,169.83875,169.77,169.94,Kesinga
022-MDBURLA,2026-08-13,169.69625,169.67,169.76,Kesinga
022-MDBURLA,2026-08-14,169.67833333333334,169.67,169.68,Kesinga
022-MDBURLA,2026-08-15,169.67583333333332,169.66,169.72,Kesinga
022-MDBURLA,2026-08-16,169.77625,169.72,169.81,Kesinga
022-MDBURLA,2026-08-17,169.85458333333335,169.8,169.98,Kesinga
022-MDBURLA,2026-08-18,170.08875,169.99,170.18,Kesinga
022-MDBURLA,2026-08-19,170.53041666666667,170.2,170.77,Kesinga
022-MDBURLA,2026-08-20,170.36375,170.04,170.68,Kesinga
022-MDBURLA,2026-08-21,169.80125,169.63,170.02,Kesinga
022-MDBURLA,2026-08-22,169.57375,169.54,169.63,Kesinga
022-MDBURLA,2026-08-23,170.23958333333334,169.54,171.52,Kesinga
022-MDBURLA,2026-08-24,172.451625,171.58,173.16,Kesinga
022-MDBURLA,2026-08-25,172.40875000000003,172.0,172.98,Kesinga
022-MDBURLA,2026-08-26,171.40916666666666,170.96,171.96,Kesinga
022-MDBURLA,2026-08-27,170.64583333333334,170.52,170.93,Kesinga
022-MDBURLA,2026-08-28,170.38166666666666,170.25,170.52,Kesinga
022-MDBURLA,2026-08-29,170.26791666666665,170.09,170.39,Kesinga
022-MDBURLA,2026-08-30,170.01823529411763,169.89,170.09,Kesinga
023-ERDBWN,2026-07-01,17.812857142857144,17.79,17.84,Jenapur
023-ERDBWN,2026-07-02,17.851666666666667,17.78,17.92,Jenapur
023-ERDBWN,2026-07-03,17.857916666666668,17.73,17.92,Jenapur
023-ERDBWN,2026-07-04,17.785416666666666,17.73,17.91,Jenapur
023-ERDBWN,2026-07-05,18.166666666666668,17.92,18.53,Jenapur
023-ERDBWN,2026-07-06,19.14125,18.54,19.39,Jenapur
023-ERDBWN,2026-07-07,19.273333333333333,19.08,19.53,Jenapur
023-ERDBWN,2026-07-08,18.99,18.6,19.53,Jenapur
023-ERDBWN,2026-07-09,18.212500000000002,18.01,18.59,Jenapur
023-ERDBWN,2026-07-10,17.93166666666667,17.88,18.0,Jenapur
023-ERDBWN,2026-07-11,17.8175,17.8,17.88,Jenapur
023-ERDBWN,2026-07-12,17.75,17.72,17.8,Jenapur
023-ERDBWN,2026-07-13,17.55,17.48,17.72,Jenapur
023-ERDBWN,2026-07-14,17.420416666666668,17.35,17.48,Jenapur
023-ERDBWN,2026-07-15,17.33625,17.33,17.35,Jenapur
023-ERDBWN,2026-07-16,17.713333333333335,17.33,18.32,Jenapur
023-ERDBWN,2026-07-17,20.245416666666667,18.4,20.74,Jenapur
023-ERDBWN,2026-07-18,19.590833333333332,18.93,20.3,Jenapur
023-ERDBWN,2026-07-19,18.7,18.6,18.9,Jenapur
023-ERDBWN,2026-07-20,18.49125,18.45,18.6,Jenapur
023-ERDBWN,2026-07-21,18.59,18.45,18.81,Jenapur
023-ERDBWN,2026-07-22,18.98375,18.83,19.33,Jenapur
023-ERDBWN,2026-07-23,19.390833333333333,19.21,19.49,Jenapur
023-ERDBWN,2026-07-24,19.08416666666667,18.86,19.19,Jenapur
023-ERDBWN,2026-07-25,18.57875,18.4,18.84,Jenapur
023-ERDBWN,2026-07-26,18.47625,18.28,18.81,Jenapur
023-ERDBWN,2026-07-27,19.871666666666666,18.83,20.55,Jenapur
023-ERDBWN,2026-07-28,20.259583333333335,20.1,20.57,Jenapur
023-ERDBWN,2026-07-29,21.268333333333334,20.22,22.36,Jenapur
023-ERDBWN,2026-07-30,21.916666666666668,21.0,22.46,Jenapur
023-ERDBWN,2026-07-31,20.415416666666665,20.18,20.95,Jenapur
023-ERDBWN,2026-08-01,20.361666666666665,20.24,20.4,Jenapur
023-ERDBWN,2026-08-02,20.317083333333333,20.25,20.34,Jenapur
023-ERDBWN,2026-08-03,20.188333333333333,20.1,20.31,Jenapur
023-ERDBWN,2026-08-04,20.09125,20.09,20.1,Jenapur
023-ERDBWN,2026-08-05,20.12125,20.0,20.33,Jenapur
023-ERDBWN,2026-08-06,20.264166666666668,20.12,20.46,Jenapur
023-ERDBWN,2026-08-07,20.385833333333334,20.18,20.48,Jenapur
023-ERDBWN,2026-08-08,19.944583333333334,19.9,20.16,Jenapur
023-ERDBWN,2026-08-09,20.383333333333333,19.9,20.85,Jenapur
023-ERDBWN,2026-08-10,20.323333333333334,19.96,20.85,Jenapur
023-ERDBWN,2026-08-11,19.9975,19.86,20.36,Jenapur
023-ERDBWN,2026-08-12,20.337083333333336,20.28,20.46,Jenapur
023-ERDBWN,2026-08-13,20.341666666666665,20.25,20.47,Jenapur
023-ERDBWN,2026-08-14,20.845833333333335,20.39,21.4,Jenapur
023-ERDBWN,2026-08-15,21.90833333333333,21.45,22.14,Jenapur
023-ERDBWN,2026-08-16,21.963333333333335,21.86,22.12,Jenapur
023-ERDBWN,2026-08-17,22.118750000000002,22.01,22.14,Jenapur
023-ERDBWN,2026-08-18,22.06625,21.96,22.13,Jenapur
023-ERDBWN,2026-08-19,21.66416666666667,21.38,21.94,Jenapur
023-ERDBWN,2026-08-20,21.31625,21.22,21.38,Jenapur
023-ERDBWN,2026-08-21,21.317083333333333,21.09,21.45,Jenapur
023-ERDBWN,2026-08-22,20.995833333333334,20.98,21.07,Jenapur
023-ERDBWN,2026-08-23,20.945833333333333,20.93,21.0,Jenapur
023-ERDBWN,2026-08-24,20.8975,20.75,20.98,Jenapur
023-ERDBWN,2026-08-25,20.922083333333333,20.74,21.28,Jenapur
023-ERDBWN,2026-08-26,21.124583333333334,21.07,21.3,Jenapur
023-ERDBWN,2026-08-27,20.929583333333333,20.89,21.07,Jenapur
023-ERDBWN,2026-08-28,20.812916666666666,20.76,20.89,Jenapur
023-ERDBWN,2026-08-29,20.719166666666666,20.67,20.76,Jenapur
023-ERDBWN,2026-08-30,20.505294117647058,20.37,20.66,Jenapur
023-LGDHYD,2026-07-01,227.15,227.12,227.18,Mathili
023-LGDHYD,2026-07-02,227.19916666666666,227.18,227.23,Mathili
023-LGDHYD,2026-07-03,227.26478260869567,227.24,227.35,Mathili
023-LGDHYD,2026-07-04,227.41791666666666,227.31,227.75,Mathili
023-LGDHYD,2026-07-05,228.86041666666665,227.84,229.56,Mathili
023-LGDHYD,2026-07-06,229.11833333333334,228.74,229.53,Mathili
023-LGDHYD,2026-07-07,228.42916666666667,228.2,228.71,Mathili
023-LGDHYD,2026-07-08,227.98458333333335,227.85,228.18,Mathili
023-LGDHYD,2026-07-09,227.68666666666664,227.6,227.84,Mathili
023-LGDHYD,2026-07-10,227.69833333333335,227.65,227.74,Mathili
023-LGDHYD,2026-07-11,227.68541666666667,227.61,227.72,Mathili
023-LGDHYD,2026-07-12,227.44208333333333,227.33,227.6,Mathili
023-LGDHYD,2026-07-13,227.24,227.19,227.32,Mathili
023-LGDHYD,2026-07-14,227.1795833333333,227.14,227.22,Mathili
023-LGDHYD,2026-07-15,227.13250000000002,227.07,227.18,Mathili
023-LGDHYD,2026-07-16,227.08375,227.03,227.18,Mathili
023-LGDHYD,2026-07-17,227.18458333333334,227.08,227.3,Mathili
023-LGDHYD,2026-07-18,227.2825,227.21,227.37,Mathili
023-LGDHYD,2026-07-19,227.49,227.38,227.71,Mathili
023-LGDHYD,2026-07-20,227.8225,227.72,228.0,Mathili
023-LGDHYD,2026-07-21,228.5475,228.03,228.87,Mathili
023-LGDHYD,2026-07-22,228.75166666666667,228.68,228.8,Mathili
023-LGDHYD,2026-07-23,228.63083333333336,228.57,228.67,Mathili
023-LGDHYD,2026-07-24,228.36625,228.16,228.56,Mathili
023-LGDHYD,2026-07-25,227.99916666666664,227.78,228.15,Mathili
023-LGDHYD,2026-07-26,227.5975,227.43,227.77,Mathili
023-LGDHYD,2026-07-27,227.31791666666666,227.26,227.42,Mathili
023-LGDHYD,2026-07-28,227.32958333333332,227.26,227.41,Mathili
023-LGDHYD,2026-07-29,227.67083333333335,227.42,228.27,Mathili
023-LGDHYD,2026-07-30,229.5091666666667,228.36,230.37,Mathili
023-LGDHYD,2026-07-31,229.74791666666667,229.27,230.33,Mathili
023-LGDHYD,2026-08-01,228.9275,228.0,229.24,Mathili
023-LGDHYD,2026-08-02,228.33708333333334,228.2,228.57,Mathili
023-LGDHYD,2026-08-03,228.1158333333333,228.0,228.19,Mathili
023-LGDHYD,2026-08-04,228.12250000000003,228.04,228.15,Mathili
023-LGDHYD,2026-08-05,227.96624999999997,227.91,228.03,Mathili
023-LGDHYD,2026-08-06,228.01166666666666,227.93,228.05,Mathili
023-LGDHYD,2026-08-07,228.155,228.01,228.27,Mathili
023-LGDHYD,2026-08-08,228.48125000000002,228.28,228.77,Mathili
023-LGDHYD,2026-08-09,229.10166666666666,228.81,229.19,Mathili
023-LGDHYD,2026-08-10,229.39166666666665,229.2,229.48,Mathili
023-LGDHYD,2026-08-11,229.06625,228.8,229.34,Mathili
023-LGDHYD,2026-08-12,228.68499999999997,228.52,228.78,Mathili
023-LGDHYD,2026-08-13,228.59166666666667,228.5,228.76,Mathili
023-LGDHYD,2026-08-14,228.66875000000002,228.45,228.82,Mathili
023-LGDHYD,2026-08-15,228.3166666666667,228.21,228.44,Mathili
023-LGDHYD,2026-08-16,228.47916666666666,228.33,228.65,Mathili
023-LGDHYD,2026-08-17,228.60708333333332,228.57,228.65,Mathili
023-LGDHYD,2026-08-18,228.8083333333333,228.66,228.94,Mathili
023-LGDHYD,2026-08-19,228.85833333333335,228.83,228.89,Mathili
023-LGDHYD,2026-08-20,228.71791666666664,228.52,228.9,Mathili
023-LGDHYD,2026-08-21,228.41208333333336,228.32,228.51,Mathili
023-LGDHYD,2026-08-22,228.38916666666668,228.33,228.45,Mathili
023-LGDHYD,2026-08-23,228.78166666666667,228.46,229.53,Mathili
023-LGDHYD,2026-08-24,231.36749999999998,229.62,232.58,Mathili
023-LGDHYD,2026-08-25,231.67958333333334,231.02,232.56,Mathili
023-LGDHYD,2026-08-26,230.5575,224.97,231.0,Mathili
023-LGDHYD,2026-08-27,230.44333333333336,230.19,230.7,Mathili
023-LGDHYD,2026-08-28,230.33124999999998,230.2,230.55,Mathili
023-LGDHYD,2026-08-29,229.6641666666667,229.24,230.3,Mathili
023-LGDHYD,2026-08-30,229.35647058823528,229.31,229.39,Mathili
023-MDBURLA,2026-07-01,119.87428571428572,119.83,119.93,Kantamal
023-MDBURLA,2026-07-02,119.75958333333334,119.72,119.82,Kantamal
023-MDBURLA,2026-07-03,120.0825,119.86,120.26,Kantamal
023-MDBURLA,2026-07-04,120.34041666666667,120.26,120.54,Kantamal
023-MDBURLA,2026-07-05,121.92375,120.57,124.02,Kantamal
023-MDBURLA,2026-07-06,124.5968181818182,124.1,124.8,Kantamal
023-MDBURLA,2026-07-07,123.55833333333334,122.7,124.65,Kantamal
023-MDBURLA,2026-07-08,122.28875,121.83,122.65,Kantamal
023-MDBURLA,2026-07-09,121.60625,121.2,121.81,Kantamal
023-MDBURLA,2026-07-10,120.9425,120.78,121.15,Kantamal
023-MDBURLA,2026-07-11,120.62875000000001,120.52,120.77,Kantamal
023-MDBURLA,2026-07-12,120.47333333333334,120.42,120.52,Kantamal
023-MDBURLA,2026-07-13,120.34791666666666,120.31,120.41,Kantamal
023-MDBURLA,2026-07-14,120.25958333333334,120.2,120.31,Kantamal
023-MDBURLA,2026-07-15,120.22208333333333,120.19,120.24,Kantamal
023-MDBURLA,2026-07-16,120.43333333333334,120.14,121.2,Kantamal
023-MDBURLA,2026-07-17,121.99833333333333,121.3,122.39,Kantamal
023-MDBURLA,2026-07-18,122.34500000000001,122.19,122.42,Kantamal
023-MDBURLA,2026-07-19,122.39291666666666,122.23,122.47,Kantamal
023-MDBURLA,2026-07-20,122.05874999999999,121.86,122.26,Kantamal
023-MDBURLA,2026-07-21,122.03625,121.84,122.32,Kantamal
023-MDBURLA,2026-07-22,122.21249999999999,122.16,122.31,Kantamal
023-MDBURLA,2026-07-23,122.55958333333332,122.25,122.65,Kantamal
023-MDBURLA,2026-07-24,122.31,121.98,122.59,Kantamal
023-MDBURLA,2026-07-25,121.68874999999998,121.47,121.95,Kantamal
023-MDBURLA,2026-07-26,121.86791666666666,121.49,122.44,Kantamal
023-MDBURLA,2026-07-27,123.2475,122.51,123.91,Kantamal
023-MDBURLA,2026-07-28,124.04416666666667,123.91,124.12,Kantamal
023-MDBURLA,2026-07-29,125.51541666666667,124.11,126.9,Kantamal
023-MDBURLA,2026-07-30,128.41958333333335,127.0,129.39,Kantamal
023-MDBURLA,2026-07-31,127.02958333333333,124.8,129.39,Kantamal
023-MDBURLA,2026-08-01,123.73916666666666,123.09,124.7,Kantamal
023-MDBURLA,2026-08-02,122.65875,122.22,123.04,Kantamal
023-MDBURLA,2026-08-03,122.02708333333334,121.92,122.17,Kantamal
023-MDBURLA,2026-08-04,121.73791666666666,121.63,121.91,Kantamal
023-MDBURLA,2026-08-05,121.86041666666667,121.69,121.99,Kantamal
023-MDBURLA,2026-08-06,121.78833333333334,121.74,121.9,Kantamal
023-MDBURLA,2026-08-07,122.93958333333335,121.95,124.15,Kantamal
023-MDBURLA,2026-08-08,123.67,123.16,124.15,Kantamal
023-MDBURLA,2026-08-09,123.39458333333333,123.16,123.7,Kantamal
023-MDBURLA,2026-08-10,123.15333333333332,122.8,123.46,Kantamal
023-MDBURLA,2026-08-11,122.86291666666666,122.51,123.03,Kantamal
023-MDBURLA,2026-08-12,122.2375,121.95,122.48,Kantamal
023-MDBURLA,2026-08-13,121.72958333333334,121.61,121.92,Kantamal
023-MDBURLA,2026-08-14,121.61666666666667,121.51,121.8,Kantamal
023-MDBURLA,2026-08-15,121.76916666666666,121.65,121.82,Kantamal
023-MDBURLA,2026-08-16,121.59583333333335,121.52,121.71,Kantamal
023-MDBURLA,2026-08-17,122.12291666666665,121.74,122.3,Kantamal
023-MDBURLA,2026-08-18,122.45291666666667,122.31,122.55,Kantamal
023-MDBURLA,2026-08-19,122.69125000000001,122.57,122.75,Kantamal
023-MDBURLA,2026-08-20,122.9375,122.7,123.06,Kantamal
023-MDBURLA,2026-08-21,122.32125,121.94,122.73,Kantamal
023-MDBURLA,2026-08-22,121.70541666666666,121.55,121.92,Kantamal
023-MDBURLA,2026-08-23,121.4825,121.44,121.54,Kantamal
023-MDBURLA,2026-08-24,123.19041666666668,121.55,125.1,Kantamal
023-MDBURLA,2026-08-25,125.59125,125.06,125.92,Kantamal
023-MDBURLA,2026-08-26,124.14375,123.6,124.96,Kantamal
023-MDBURLA,2026-08-27,122.97375,122.51,123.55,Kantamal
023-MDBURLA,2026-08-28,122.22250000000001,122.07,122.48,Kantamal
023-MDBURLA,2026-08-29,121.935,121.86,122.06,Kantamal
023-MDBURLA,2026-08-30,122.23705882352942,121.98,122.42,Kantamal
028ERDBWN,2026-07-01,76.24,76.24,76.24,Surada
028ERDBWN,2026-07-02,76.22083333333333,76.21,76.26,Surada
028ERDBWN,2026-07-03,76.28625000000001,76.28,76.33,Surada
028ERDBWN,2026-07-04,76.33041666666666,76.31,76.34,Surada
028ERDBWN,2026-07-05,76.96541666666667,76.34,77.3,Surada
028ERDBWN,2026-07-06,76.7775,76.64,77.12,Surada
028ERDBWN,2026-07-07,76.62666666666667,76.59,76.64,Surada
028ERDBWN,2026-07-08,76.505,76.44,76.59,Surada
028ERDBWN,2026-07-09,76.42958333333333,76.41,76.44,Surada
028ERDBWN,2026-07-10,76.37416666666667,76.35,76.41,Surada
028ERDBWN,2026-07-11,76.33041666666666,76.33,76.34,Surada
028ERDBWN,2026-07-12,76.32208333333332,76.32,76.33,Surada
028ERDBWN,2026-07-13,76.30958333333334,76.3,76.32,Surada
028ERDBWN,2026-07-14,76.28875000000001,76.28,76.3,Surada
028ERDBWN,2026-07-15,76.28,76.28,76.28,Surada
028ERDBWN,2026-07-16,76.28,76.28,76.28,Surada
028ERDBWN,2026-07-17,76.36625,76.28,76.4,Surada
028ERDBWN,2026-07-18,76.33166666666666,76.29,76.37,Surada
028ERDBWN,2026-07-19,76.30291666666666,76.29,76.31,Surada
028ERDBWN,2026-07-20,76.29208333333334,76.29,76.3,Surada
028ERDBWN,2026-07-21,76.2825,76.28,76.29,Surada
028ERDBWN,2026-07-22,76.43208333333334,76.28,76.48,Surada
028ERDBWN,2026-07-23,76.46541666666666,76.46,76.47,Surada
028ERDBWN,2026-07-24,76.41250000000001,76.39,76.46,Surada
028ERDBWN,2026-07-25,76.35041666666667,76.34,76.39,Surada
028ERDBWN,2026-07-26,76.36916666666667,76.34,76.41,Surada
028ERDBWN,2026-07-27,76.56375,76.41,76.59,Surada
028ERDBWN,2026-07-28,76.57458333333334,76.57,76.59,Surada
028ERDBWN,2026-07-29,76.59374999999999,76.57,76.6,Surada
028ERDBWN,2026-07-30,76.67083333333333,76.6,76.7,Surada
028ERDBWN,2026-07-31,76.70375,76.68,76.71,Surada
028ERDBWN,2026-08-01,76.66375000000001,76.65,76.71,Surada
028ERDBWN,2026-08-02,76.65,76.65,76.65,Surada
028ERDBWN,2026-08-03,76.61874999999999,76.61,76.65,Surada
028ERDBWN,2026-08-04,76.63083333333334,76.6,76.65,Surada
028ERDBWN,2026-08-05,76.64458333333333,76.6,76.67,Surada
028ERDBWN,2026-08-06,76.585,76.57,76.63,Surada
028ERDBWN,2026-08-07,76.77374999999999,76.57,76.83,Surada
028ERDBWN,2026-08-08,76.83708333333333,76.82,76.86,Surada
028ERDBWN,2026-08-09,76.82125,76.81,76.84,Surada
028ERDBWN,2026-08-10,76.78458333333333,76.75,76.81,Surada
028ERDBWN,2026-08-11,76.68875,76.63,76.81,Surada
028ERDBWN,2026-08-12,76.55041666666666,76.52,76.62,Surada
028ERDBWN,2026-08-13,76.53791666666667,76.52,76.55,Surada
028ERDBWN,2026-08-14,76.54,76.54,76.54,Surada
028ERDBWN,2026-08-15,76.50875,76.5,76.54,Surada
028ERDBWN,2026-08-16,76.47375,76.47,76.5,Surada
028ERDBWN,2026-08-17,76.46499999999999,76.46,76.47,Surada
028ERDBWN,2026-08-18,76.43375,76.43,76.46,Surada
028ERDBWN,2026-08-19,76.41708333333334,76.41,76.43,Surada
028ERDBWN,2026-08-20,76.49875,76.41,76.6,Surada
028ERDBWN,2026-08-21,76.58333333333333,76.58,76.6,Surada
028ERDBWN,2026-08-22,76.56166666666667,76.55,76.58,Surada
028ERDBWN,2026-08-23,76.625,76.56,76.64,Surada
028ERDBWN,2026-08-24,76.68583333333333,76.63,76.72,Surada
028ERDBWN,2026-08-25,76.56791666666668,76.53,76.62,Surada
028ERDBWN,2026-08-26,76.505,76.48,76.52,Surada
028ERDBWN,2026-08-27,76.45041666666667,76.44,76.48,Surada
028ERDBWN,2026-08-28,76.40541666666667,76.39,76.44,Surada
028ERDBWN,2026-08-29,76.41,76.37,76.48,Surada
028ERDBWN,2026-08-30,76.53764705882352,76.48,76.57,Surada
029-ERDBWN,2026-07-01,11.44,11.44,11.44,Purusottampur
029-ERDBWN,2026-07-02,11.391666666666667,11.38,11.44,Purusottampur
029-ERDBWN,2026-07-03,11.397916666666667,11.38,11.4,Purusottampur
029-ERDBWN,2026-07-04,11.427916666666667,11.4,11.44,Purusottampur
029-ERDBWN,2026-07-05,11.557916666666666,11.44,11.72,Purusottampur
029-ERDBWN,2026-07-06,12.949166666666665,11.72,13.53,Purusottampur
029-ERDBWN,2026-07-07,12.970416666666667,12.78,13.18,Purusottampur
029-ERDBWN,2026-07-08,12.465416666666668,12.27,12.78,Purusottampur
029-ERDBWN,2026-07-09,12.08625,11.9,12.27,Purusottampur
029-ERDBWN,2026-07-10,11.761666666666668,11.74,11.9,Purusottampur
029-ERDBWN,2026-07-11,11.717500000000001,11.71,11.74,Purusottampur
029-ERDBWN,2026-07-12,11.67375,11.64,11.71,Purusottampur
029-ERDBWN,2026-07-13,11.58875,11.58,11.64,Purusottampur
029-ERDBWN,2026-07-14,11.544166666666667,11.53,11.58,Purusottampur
029-ERDBWN,2026-07-15,11.521666666666667,11.52,11.53,Purusottampur
029-ERDBWN,2026-07-16,11.542499999999999,11.52,11.55,Purusottampur
029-ERDBWN,2026-07-17,11.550416666666665,11.52,11.56,Purusottampur
029-ERDBWN,2026-07-18,11.510416666666666,11.47,11.54,Purusottampur
029-ERDBWN,2026-07-19,11.67125,11.54,11.85,Purusottampur
029-ERDBWN,2026-07-20,11.728333333333333,11.68,11.85,Purusottampur
029-ERDBWN,2026-07-21,11.664583333333333,11.62,11.7,Purusottampur
029-ERDBWN,2026-07-22,11.730416666666665,11.7,11.78,Purusottampur
029-ERDBWN,2026-07-23,12.190416666666666,11.78,12.64,Purusottampur
029-ERDBWN,2026-07-24,12.4525,12.28,12.64,Purusottampur
029-ERDBWN,2026-07-25,12.063749999999999,11.95,12.28,Purusottampur
029-ERDBWN,2026-07-26,11.893749999999999,11.86,11.95,Purusottampur
029-ERDBWN,2026-07-27,11.701666666666666,11.62,11.86,Purusottampur
029-ERDBWN,2026-07-28,11.623333333333333,11.58,11.66,Purusottampur
029-ERDBWN,2026-07-29,11.5725,11.54,11.66,Purusottampur
029-ERDBWN,2026-07-30,11.573333333333332,11.54,11.58,Purusottampur
029-ERDBWN,2026-07-31,11.587083333333332,11.58,11.59,Purusottampur
029-ERDBWN,2026-08-01,11.598333333333334,11.59,11.6,Purusottampur
029-ERDBWN,2026-08-02,11.595833333333333,11.59,11.6,Purusottampur
029-ERDBWN,2026-08-03,11.802916666666667,11.6,11.85,Purusottampur
029-ERDBWN,2026-08-04,11.97625,11.78,12.09,Purusottampur
029-ERDBWN,2026-08-05,12.370416666666666,12.09,12.48,Purusottampur
029-ERDBWN,2026-08-06,12.402083333333332,12.27,12.55,Purusottampur
029-ERDBWN,2026-08-07,12.325833333333334,12.27,12.35,Purusottampur
029-ERDBWN,2026-08-08,13.244583333333333,12.32,13.65,Purusottampur
029-ERDBWN,2026-08-09,13.705833333333333,13.67,13.74,Purusottampur
029-ERDBWN,2026-08-10,13.495,13.42,13.75,Purusottampur
029-ERDBWN,2026-08-11,13.295833333333334,13.02,13.42,Purusottampur
029-ERDBWN,2026-08-12,12.74375,12.51,13.02,Purusottampur
029-ERDBWN,2026-08-13,12.363750000000001,12.31,12.51,Purusottampur
029-ERDBWN,2026-08-14,12.45875,12.31,12.49,Purusottampur
029-ERDBWN,2026-08-15,12.354583333333332,12.25,12.48,Purusottampur
029-ERDBWN,2026-08-16,12.357083333333334,12.31,12.39,Purusottampur
029-ERDBWN,2026-08-17,12.219999999999999,12.0,12.52,Purusottampur
029-ERDBWN,2026-08-18,12.015416666666667,11.96,12.06,Purusottampur
029-ERDBWN,2026-08-19,11.890416666666667,11.84,11.96,Purusottampur
029-ERDBWN,2026-08-20,11.806666666666667,11.71,11.84,Purusottampur
029-ERDBWN,2026-08-21,11.697916666666666,11.64,11.73,Purusottampur
029-ERDBWN,2026-08-22,11.679166666666667,11.63,11.78,Purusottampur
029-ERDBWN,2026-08-23,12.192916666666667,11.77,12.55,Purusottampur
029-ERDBWN,2026-08-24,12.572083333333333,12.54,12.6,Purusottampur
029-ERDBWN,2026-08-25,12.502916666666666,12.49,12.54,Purusottampur
029-ERDBWN,2026-08-26,12.355833333333335,12.27,12.49,Purusottampur
029-ERDBWN,2026-08-27,12.05375,11.86,12.27,Purusottampur
029-ERDBWN,2026-08-28,11.784166666666666,11.73,11.86,Purusottampur
029-ERDBWN,2026-08-29,11.674166666666666,11.6,11.73,Purusottampur
029-ERDBWN,2026-08-30,11.582941176470587,11.58,11.6,Purusottampur
029-MDBURLA,2026-07-01,183.08,183.08,183.08,Hirakud
029-MDBURLA,2026-07-02,183.08,183.08,183.08,Hirakud
029-MDBURLA,2026-07-03,183.1,183.1,183.1,Hirakud
029-MDBURLA,2026-07-04,183.2775,183.26,183.28,Hirakud
029-MDBURLA,2026-07-05,183.57500000000002,183.54,183.58,Hirakud
029-MDBURLA,2026-07-06,183.92083333333335,183.86,183.96,Hirakud
029-MDBURLA,2026-07-07,184.92,184.64,185.2,Hirakud
029-MDBURLA,2026-07-08,186.50333333333333,186.14,186.81,Hirakud
029-MDBURLA,2026-07-09,187.455,187.32,187.54,Hirakud
029-MDBURLA,2026-07-10,187.0825,186.97,187.21,Hirakud
029-MDBURLA,2026-07-11,186.51083333333335,186.4,186.63,Hirakud
029-MDBURLA,2026-07-12,186.22083333333333,186.18,186.27,Hirakud
029-MDBURLA,2026-07-13,186.07666666666668,186.04,186.11,Hirakud
029-MDBURLA,2026-07-14,185.955,185.94,185.97,Hirakud
029-MDBURLA,2026-07-15,185.85500000000002,185.84,185.87,Hirakud
029-MDBURLA,2026-07-16,185.795,185.79,185.8,Hirakud
029-MDBURLA,2026-07-17,185.79,185.79,185.79,Hirakud
029-MDBURLA,2026-07-18,185.865,185.86,185.87,Hirakud
029-MDBURLA,2026-07-19,186.5525,186.38,186.7,Hirakud
029-MDBURLA,2026-07-20,186.88,186.83,186.92,Hirakud
029-MDBURLA,2026-07-21,186.975,186.96,186.99,Hirakud
029-MDBURLA,2026-07-22,186.99,186.99,186.99,Hirakud
029-MDBURLA,2026-07-23,187.38250000000002,187.28,187.46,Hirakud
029-MDBURLA,2026-07-24,187.19583333333333,187.15,187.24,Hirakud
029-MDBURLA,2026-07-25,186.965,186.91,187.02,Hirakud
029-MDBURLA,2026-07-26,186.625,186.57,186.68,Hirakud
029-MDBURLA,2026-07-27,186.265,186.21,186.32,Hirakud
029-MDBURLA,2026-07-28,187.01,186.84,187.2,Hirakud
029-MDBURLA,2026-07-29,188.04,187.84,188.3,Hirakud
029-MDBURLA,2026-07-30,189.1475,188.94,189.39,Hirakud
029-MDBURLA,2026-07-31,190.40333333333334,190.14,190.62,Hirakud
029-MDBURLA,2026-08-01,190.70333333333335,190.65,190.72,Hirakud
029-MDBURLA,2026-08-02,190.14583333333334,189.97,190.27,Hirakud
029-MDBURLA,2026-08-03,189.2175,189.05,189.4,Hirakud
029-MDBURLA,2026-08-04,188.3841666666667,188.21,188.55,Hirakud
029-MDBURLA,2026-08-05,187.535,187.37,187.7,Hirakud
029-MDBURLA,2026-08-06,187.15583333333333,187.11,187.2,Hirakud
029-MDBURLA,2026-08-07,186.92583333333334,186.88,186.97,Hirakud
029-MDBURLA,2026-08-08,186.865,186.86,186.87,Hirakud
029-MDBURLA,2026-08-09,187.03,187.02,187.04,Hirakud
029-MDBURLA,2026-08-10,187.02,187.02,187.02,Hirakud
029-MDBURLA,2026-08-11,187.00750000000002,187.0,187.01,Hirakud
029-MDBURLA,2026-08-12,187.1725,187.13,187.21,Hirakud
029-MDBURLA,2026-08-13,187.285,187.28,187.29,Hirakud
029-MDBURLA,2026-08-14,187.55916666666667,187.49,187.62,Hirakud
029-MDBURLA,2026-08-15,187.76333333333332,187.73,187.8,Hirakud
029-MDBURLA,2026-08-16,188.15833333333333,188.06,188.24,Hirakud
029-MDBURLA,2026-08-17,188.73333333333335,188.63,188.81,Hirakud
029-MDBURLA,2026-08-18,188.97,188.94,188.99,Hirakud
029-MDBURLA,2026-08-19,189.06500000000003,189.05,189.08,Hirakud
029-MDBURLA,2026-08-20,189.45083333333332,189.38,189.5,Hirakud
029-MDBURLA,2026-08-21,189.4275,189.42,189.45,Hirakud
029-MDBURLA,2026-08-22,189.725,189.67,189.78,Hirakud
029-MDBURLA,2026-08-23,189.84,189.83,189.85,Hirakud
029-MDBURLA,2026-08-24,189.92499999999998,189.91,189.94,Hirakud
029-MDBURLA,2026-08-25,189.885,189.88,189.89,Hirakud
029-MDBURLA,2026-08-26,190.0625,190.01,190.14,Hirakud
029-MDBURLA,2026-08-27,190.235,190.22,190.25,Hirakud
029-MDBURLA,2026-08-28,190.285,190.28,190.29,Hirakud
029-MDBURLA,2026-08-29,190.44333333333336,190.4,190.49,Hirakud
029-MDBURLA,2026-08-30,190.572,190.56,190.59,Hirakud
030-ERDBWN,2026-07-01,55.92,55.92,55.92,Bellaguntha
030-ERDBWN,2026-07-02,56.02166666666667,55.92,56.1,Bellaguntha
030-ERDBWN,2026-07-03,56.00666666666667,56.0,56.02,Bellaguntha
030-ERDBWN,2026-07-04,56.364583333333336,56.02,56.42,Bellaguntha
030-ERDBWN,2026-07-05,56.595,56.42,56.68,Bellaguntha
030-ERDBWN,2026-07-06,56.66,56.66,56.66,Bellaguntha
030-ERDBWN,2026-07-07,56.66,56.66,56.66,Bellaguntha
030-ERDBWN,2026-07-08,56.526250000000005,56.42,56.66,Bellaguntha
030-ERDBWN,2026-07-09,56.31125,56.3,56.42,Bellaguntha
030-ERDBWN,2026-07-10,56.256249999999994,56.15,56.3,Bellaguntha
030-ERDBWN,2026-07-11,56.15,56.15,56.15,Bellaguntha
030-ERDBWN,2026-07-12,56.03875,56.02,56.15,Bellaguntha
030-ERDBWN,2026-07-13,56.07125,56.02,56.08,Bellaguntha
030-ERDBWN,2026-07-14,56.02875,56.02,56.08,Bellaguntha
030-ERDBWN,2026-07-15,55.942499999999995,55.9,56.02,Bellaguntha
030-ERDBWN,2026-07-16,56.01500000000001,55.96,56.11,Bellaguntha
030-ERDBWN,2026-07-17,56.514166666666675,56.11,56.6,Bellaguntha
030-ERDBWN,2026-07-18,56.50958333333333,56.45,56.56,Bellaguntha
030-ERDBWN,2026-07-19,56.37291666666667,56.32,56.45,Bellaguntha
030-ERDBWN,2026-07-20,56.29624999999999,56.27,56.32,Bellaguntha
030-ERDBWN,2026-07-21,56.22666666666667,56.2,56.3,Bellaguntha
030-ERDBWN,2026-07-22,56.73125000000001,56.28,56.84,Bellaguntha
030-ERDBWN,2026-07-23,56.69583333333333,56.6,56.84,Bellaguntha
030-ERDBWN,2026-07-24,56.51291666666666,56.44,56.6,Bellaguntha
030-ERDBWN,2026-07-25,56.20416666666667,56.0,56.44,Bellaguntha
030-ERDBWN,2026-07-26,55.99791666666667,55.9,56.15,Bellaguntha
030-ERDBWN,2026-07-27,55.946666666666665,55.9,55.98,Bellaguntha
030-ERDBWN,2026-07-28,55.91916666666666,55.9,55.94,Bellaguntha
030-ERDBWN,2026-07-29,55.9,55.9,55.9,Bellaguntha
030-ERDBWN,2026-07-30,55.9,55.9,55.9,Bellaguntha
030-ERDBWN,2026-07-31,55.9,55.9,55.9,Bellaguntha
030-ERDBWN,2026-08-01,55.9,55.9,55.9,Bellaguntha
030-ERDBWN,2026-08-02,55.9,55.9,55.9,Bellaguntha
030-ERDBWN,2026-08-03,55.953333333333326,55.9,56.0,Bellaguntha
030-ERDBWN,2026-08-04,56.09652173913044,56.02,56.12,Bellaguntha
030-ERDBWN,2026-08-05,56.04791666666667,56.0,56.12,Bellaguntha
030-ERDBWN,2026-08-06,56.025000000000006,56.02,56.04,Bellaguntha
030-ERDBWN,2026-08-07,56.15782608695652,56.04,56.3,Bellaguntha
030-ERDBWN,2026-08-08,56.35833333333333,56.3,56.4,Bellaguntha
030-ERDBWN,2026-08-09,56.28333333333333,56.14,56.4,Bellaguntha
030-ERDBWN,2026-08-10,56.095,56.08,56.14,Bellaguntha
030-ERDBWN,2026-08-11,56.06583333333333,56.06,56.08,Bellaguntha
030-ERDBWN,2026-08-12,55.97625,55.9,56.06,Bellaguntha
030-ERDBWN,2026-08-13,55.9,55.9,55.9,Bellaguntha
030-ERDBWN,2026-08-14,55.9,55.9,55.9,Bellaguntha
030-ERDBWN,2026-08-15,55.9,55.9,55.9,Bellaguntha
030-ERDBWN,2026-08-16,55.9,55.9,55.9,Bellaguntha
030-ERDBWN,2026-08-17,55.9,55.9,55.9,Bellaguntha
030-ERDBWN,2026-08-18,55.86625,55.09,55.9,Bellaguntha
030-ERDBWN,2026-08-19,55.9,55.9,55.9,Bellaguntha
030-ERDBWN,2026-08-20,55.9,55.9,55.9,Bellaguntha
030-ERDBWN,2026-08-21,55.9,55.9,55.9,Bellaguntha
030-ERDBWN,2026-08-22,55.9,55.9,55.9,Bellaguntha
030-ERDBWN,2026-08-23,55.9,55.9,55.9,Bellaguntha
030-ERDBWN,2026-08-24,55.9,55.9,55.9,Bellaguntha
030-ERDBWN,2026-08-25,55.9,55.9,55.9,Bellaguntha
030-ERDBWN,2026-08-26,55.9,55.9,55.9,Bellaguntha
030-ERDBWN,2026-08-27,55.9,55.9,55.9,Bellaguntha
030-ERDBWN,2026-08-28,55.895833333333336,55.88,55.9,Bellaguntha
030-ERDBWN,2026-08-29,55.88,55.88,55.88,Bellaguntha
030-ERDBWN,2026-08-30,55.88,55.88,55.88,Bellaguntha
030-MDBURLA,2026-07-01,120.27571428571427,120.27,120.28,Burla
030-MDBURLA,2026-07-02,120.31,120.29,120.33,Burla
030-MDBURLA,2026-07-03,120.39375,120.32,120.49,Burla
030-MDBURLA,2026-07-04,120.51083333333334,120.47,120.6,Burla
030-MDBURLA,2026-07-05,120.66458333333333,120.6,120.79,Burla
030-MDBURLA,2026-07-06,122.07541666666667,120.81,122.98,Burla
030-MDBURLA,2026-07-07,121.32458333333334,121.12,122.05,Burla
030-MDBURLA,2026-07-08,121.06,121.01,121.11,Burla
030-MDBURLA,2026-07-09,120.99791666666665,120.94,121.46,Burla
030-MDBURLA,2026-07-10,124.33708333333334,121.76,124.88,Burla
030-MDBURLA,2026-07-11,124.39208333333333,124.25,124.6,Burla
030-MDBURLA,2026-07-12,122.64666666666666,121.71,124.2,Burla
030-MDBURLA,2026-07-13,121.66291666666666,121.61,121.71,Burla
030-MDBURLA,2026-07-14,121.5675,121.54,121.61,Burla
030-MDBURLA,2026-07-15,121.55166666666668,121.54,121.58,Burla
030-MDBURLA,2026-07-16,121.8,121.59,122.44,Burla
030-MDBURLA,2026-07-17,122.39083333333333,121.97,122.64,Burla
030-MDBURLA,2026-07-18,121.85833333333333,121.78,121.95,Burla
030-MDBURLA,2026-07-19,121.7925,121.7,122.05,Burla
030-MDBURLA,2026-07-20,122.19875,122.1,122.24,Burla
030-MDBURLA,2026-07-21,122.35458333333334,122.24,122.6,Burla
030-MDBURLA,2026-07-22,124.07541666666667,122.65,125.28,Burla
030-MDBURLA,2026-07-23,125.55291666666666,125.29,125.98,Burla
030-MDBURLA,2026-07-24,125.84916666666668,125.35,125.98,Burla
030-MDBURLA,2026-07-25,125.08375,124.98,125.28,Burla
030-MDBURLA,2026-07-26,125.29,124.98,125.48,Burla
030-MDBURLA,2026-07-27,124.75583333333333,123.94,125.5,Burla
030-MDBURLA,2026-07-28,123.72458333333333,123.5,124.0,Burla
030-MDBURLA,2026-07-29,124.36166666666666,124.05,124.85,Burla
030-MDBURLA,2026-07-30,123.085,122.78,124.0,Burla
030-MDBURLA,2026-07-31,123.30541666666666,122.7,125.9,Burla
030-MDBURLA,2026-08-01,126.75791666666667,126.0,127.0,Burla
030-MDBURLA,2026-08-02,126.83666666666666,126.65,126.9,Burla
030-MDBURLA,2026-08-03,126.1125,125.7,126.65,Burla
030-MDBURLA,2026-08-04,124.60041666666666,124.26,125.6,Burla
030-MDBURLA,2026-08-05,124.09875,123.7,124.25,Burla
030-MDBURLA,2026-08-06,123.38833333333334,123.28,123.65,Burla
030-MDBURLA,2026-08-07,124.41083333333334,123.6,124.7,Burla
030-MDBURLA,2026-08-08,124.66875,124.5,124.94,Burla
030-MDBURLA,2026-08-09,125.00083333333333,124.96,125.2,Burla
030-MDBURLA,2026-08-10,124.93208333333332,124.5,125.18,Burla
030-MDBURLA,2026-08-11,125.06708333333334,125.0,125.1,Burla
030-MDBURLA,2026-08-12,124.5175,123.98,125.05,Burla
030-MDBURLA,2026-08-13,123.91333333333334,123.88,123.97,Burla
030-MDBURLA,2026-08-14,123.75625000000001,123.0,123.95,Burla
030-MDBURLA,2026-08-15,122.4825,122.22,122.95,Burla
030-MDBURLA,2026-08-16,122.16166666666668,122.15,122.21,Burla
030-MDBURLA,2026-08-17,122.19708333333334,122.17,122.24,Burla
030-MDBURLA,2026-08-18,122.84041666666667,122.24,124.4,Burla
030-MDBURLA,2026-08-19,125.60833333333333,124.6,125.8,Burla
030-MDBURLA,2026-08-20,125.76041666666667,125.75,125.8,Burla
030-MDBURLA,2026-08-21,125.69166666666666,125.2,125.8,Burla
030-MDBURLA,2026-08-22,124.37291666666665,124.1,125.1,Burla
030-MDBURLA,2026-08-23,123.94791666666667,123.85,124.1,Burla
030-MDBURLA,2026-08-24,123.82291666666667,123.7,123.9,Burla
030-MDBURLA,2026-08-25,124.71249999999999,123.9,126.0,Burla
030-MDBURLA,2026-08-26,125.49791666666665,124.85,126.0,Burla
030-MDBURLA,2026-08-27,124.65208333333334,124.6,124.85,Burla
030-MDBURLA,2026-08-28,124.72833333333334,124.6,124.8,Burla
030-MDBURLA,2026-08-29,124.73791666666666,124.7,124.78,Burla
030-MDBURLA,2026-08-30,123.93235294117646,123.35,124.7,Burla
031-ERDBWN,2026-07-01,560.48,560.48,560.48,R.Udayagiri
031-ERDBWN,2026-07-02,560.5029166666667,560.48,560.53,R.Udayagiri
031-ERDBWN,2026-07-03,560.5812500000001,560.53,560.65,R.Udayagiri
031-ERDBWN,2026-07-04,560.7295833333334,560.66,560.8,R.Udayagiri
031-ERDBWN,2026-07-05,560.8166666666667,560.8,560.82,R.Udayagiri
031-ERDBWN,2026-07-06,560.8016666666666,560.79,560.82,R.Udayagiri
031-ERDBWN,2026-07-07,560.7666666666667,560.76,560.79,R.Udayagiri
031-ERDBWN,2026-07-08,560.7504166666666,560.74,560.76,R.Udayagiri
031-ERDBWN,2026-07-09,560.7,560.68,560.74,R.Udayagiri
031-ERDBWN,2026-07-10,560.6566666666666,560.65,560.68,R.Udayagiri
031-ERDBWN,2026-07-11,560.65,560.65,560.65,R.Udayagiri
031-ERDBWN,2026-07-12,560.6366666666667,560.63,560.65,R.Udayagiri
031-ERDBWN,2026-07-13,560.6141666666666,560.6,560.63,R.Udayagiri
031-ERDBWN,2026-07-14,560.5783333333334,560.57,560.6,R.Udayagiri
031-ERDBWN,2026-07-15,560.5591666666666,560.55,560.57,R.Udayagiri
031-ERDBWN,2026-07-16,560.5524999999999,560.55,560.56,R.Udayagiri
031-ERDBWN,2026-07-17,560.5925000000001,560.56,560.6,R.Udayagiri
031-ERDBWN,2026-07-18,560.5916666666667,560.59,560.6,R.Udayagiri
031-ERDBWN,2026-07-19,560.5829166666667,560.57,560.59,R.Udayagiri
031-ERDBWN,2026-07-20,560.5616666666666,560.56,560.57,R.Udayagiri
031-ERDBWN,2026-07-21,560.5570833333333,560.55,560.57,R.Udayagiri
031-ERDBWN,2026-07-22,560.6354166666666,560.58,560.66,R.Udayagiri
031-ERDBWN,2026-07-23,560.6,560.57,560.64,R.Udayagiri
031-ERDBWN,2026-07-24,560.5604166666667,560.55,560.57,R.Udayagiri
031-ERDBWN,2026-07-25,560.5416666666666,560.54,560.55,R.Udayagiri
031-ERDBWN,2026-07-26,560.54,560.54,560.54,R.Udayagiri
031-ERDBWN,2026-07-27,560.5316666666666,560.53,560.54,R.Udayagiri
031-ERDBWN,2026-07-28,560.53,560.53,560.53,R.Udayagiri
031-ERDBWN,2026-07-29,560.53,560.53,560.53,R.Udayagiri
031-ERDBWN,2026-07-30,560.53,560.53,560.53,R.Udayagiri
031-ERDBWN,2026-07-31,560.5370833333333,560.52,560.62,R.Udayagiri
031-ERDBWN,2026-08-01,560.5145833333333,560.51,560.52,R.Udayagiri
031-ERDBWN,2026-08-02,560.505,560.5,560.51,R.Udayagiri
031-ERDBWN,2026-08-03,560.5,560.5,560.5,R.Udayagiri
031-ERDBWN,2026-08-04,560.5,560.5,560.5,R.Udayagiri
031-ERDBWN,2026-08-05,560.5066666666667,560.5,560.51,R.Udayagiri
031-ERDBWN,2026-08-06,560.5158333333333,560.51,560.52,R.Udayagiri
031-ERDBWN,2026-08-07,560.5558333333333,560.51,560.59,R.Udayagiri
031-ERDBWN,2026-08-08,560.5983333333334,560.59,560.6,R.Udayagiri
031-ERDBWN,2026-08-09,560.5808333333333,560.57,560.6,R.Udayagiri
031-ERDBWN,2026-08-10,560.5616666666666,560.56,560.57,R.Udayagiri
031-ERDBWN,2026-08-11,560.58,560.56,560.59,R.Udayagiri
031-ERDBWN,2026-08-12,560.5708333333333,560.55,560.59,R.Udayagiri
031-ERDBWN,2026-08-13,560.6558333333334,560.55,560.7,R.Udayagiri
031-ERDBWN,2026-08-14,560.61,560.59,560.65,R.Udayagiri
031-ERDBWN,2026-08-15,560.59,560.59,560.59,R.Udayagiri
031-ERDBWN,2026-08-16,560.59625,560.59,560.61,R.Udayagiri
031-ERDBWN,2026-08-17,560.62125,560.61,560.63,R.Udayagiri
031-ERDBWN,2026-08-18,560.62375,560.6,560.63,R.Udayagiri
031-ERDBWN,2026-08-19,560.605,560.59,560.62,R.Udayagiri
031-ERDBWN,2026-08-20,560.5845833333334,560.58,560.59,R.Udayagiri
031-ERDBWN,2026-08-21,560.5633333333333,560.56,560.58,R.Udayagiri
031-ERDBWN,2026-08-22,560.5583333333333,560.55,560.58,R.Udayagiri
031-ERDBWN,2026-08-23,561.0658333333333,560.59,561.29,R.Udayagiri
031-ERDBWN,2026-08-24,561.1220833333333,561.07,561.25,R.Udayagiri
031-ERDBWN,2026-08-25,561.0116666666667,560.99,561.06,R.Udayagiri
031-ERDBWN,2026-08-26,560.9545833333333,560.92,560.99,R.Udayagiri
031-ERDBWN,2026-08-27,560.8979166666667,560.88,560.92,R.Udayagiri
031-ERDBWN,2026-08-28,560.8466666666667,560.83,560.88,R.Udayagiri
031-ERDBWN,2026-08-29,560.8058333333333,560.79,560.83,R.Udayagiri
031-ERDBWN,2026-08-30,560.7811764705882,560.77,560.79,R.Udayagiri
031-MDBURLA,2026-07-01,99.92428571428572,99.92,99.94,Manamunda
031-MDBURLA,2026-07-02,100.03875,99.95,100.09,Manamunda
031-MDBURLA,2026-07-03,100.22375,100.1,100.44,Manamunda
031-MDBURLA,2026-07-04,101.05416666666667,100.52,101.38,Manamunda
031-MDBURLA,2026-07-05,101.88791666666667,101.44,102.17,Manamunda
031-MDBURLA,2026-07-06,103.48227272727273,102.27,104.26,Manamunda
031-MDBURLA,2026-07-07,103.86083333333333,103.31,104.26,Manamunda
031-MDBURLA,2026-07-08,102.41583333333334,102.0,103.21,Manamunda
031-MDBURLA,2026-07-09,101.68,101.5,101.97,Manamunda
031-MDBURLA,2026-07-10,102.53416666666668,101.49,103.31,Manamunda
031-MDBURLA,2026-07-11,103.00166666666667,102.77,103.25,Manamunda
031-MDBURLA,2026-07-12,102.45333333333333,101.94,102.76,Manamunda
031-MDBURLA,2026-07-13,101.81375000000001,101.68,101.93,Manamunda
031-MDBURLA,2026-07-14,101.47250000000001,101.32,101.66,Manamunda
031-MDBURLA,2026-07-15,101.08333333333333,101.03,101.29,Manamunda
031-MDBURLA,2026-07-16,100.98833333333334,100.92,101.34,Manamunda
031-MDBURLA,2026-07-17,102.82375,101.54,103.19,Manamunda
031-MDBURLA,2026-07-18,102.83708333333334,102.41,103.19,Manamunda
031-MDBURLA,2026-07-19,102.25375000000001,102.18,102.39,Manamunda
031-MDBURLA,2026-07-20,102.48041666666667,102.18,102.65,Manamunda
031-MDBURLA,2026-07-21,102.68875000000001,102.61,103.0,Manamunda
031-MDBURLA,2026-07-22,103.8525,103.1,104.25,Manamunda
031-MDBURLA,2026-07-23,104.24624999999999,104.2,104.26,Manamunda
031-MDBURLA,2026-07-24,104.32041666666667,104.2,104.39,Manamunda
031-MDBURLA,2026-07-25,103.89125,103.69,104.23,Manamunda
031-MDBURLA,2026-07-26,104.1875,103.69,104.81,Manamunda
031-MDBURLA,2026-07-27,104.72291666666666,104.56,104.82,Manamunda
031-MDBURLA,2026-07-28,104.23125,104.16,104.51,Manamunda
031-MDBURLA,2026-07-29,105.46166666666666,104.34,106.11,Manamunda
031-MDBURLA,2026-07-30,105.89041666666667,105.61,106.11,Manamunda
031-MDBURLA,2026-07-31,104.81,104.16,105.57,Manamunda
031-MDBURLA,2026-08-01,104.95416666666667,104.43,105.24,Manamunda
031-MDBURLA,2026-08-02,104.83875,104.79,104.96,Manamunda
031-MDBURLA,2026-08-03,104.49208333333333,104.12,104.78,Manamunda
031-MDBURLA,2026-08-04,103.92375,103.82,104.1,Manamunda
031-MDBURLA,2026-08-05,103.8175,103.76,103.82,Manamunda
031-MDBURLA,2026-08-06,103.2975,103.19,103.7,Manamunda
031-MDBURLA,2026-08-07,103.64791666666667,103.34,103.96,Manamunda
031-MDBURLA,2026-08-08,104.03208333333333,103.96,104.16,Manamunda
031-MDBURLA,2026-08-09,104.18791666666668,104.02,104.34,Manamunda
031-MDBURLA,2026-08-10,104.2275,104.07,104.34,Manamunda
031-MDBURLA,2026-08-11,103.96083333333333,103.87,104.06,Manamunda
031-MDBURLA,2026-08-12,103.57666666666667,103.2,103.86,Manamunda
031-MDBURLA,2026-08-13,103.02666666666666,102.77,103.19,Manamunda
031-MDBURLA,2026-08-14,102.2575,102.06,102.72,Manamunda
031-MDBURLA,2026-08-15,102.14125,102.07,102.16,Manamunda
031-MDBURLA,2026-08-16,102.14,102.12,102.16,Manamunda
031-MDBURLA,2026-08-17,102.38083333333333,102.15,102.5,Manamunda
031-MDBURLA,2026-08-18,103.31875000000001,102.55,103.79,Manamunda
031-MDBURLA,2026-08-19,104.34041666666667,103.89,104.5,Manamunda
031-MDBURLA,2026-08-20,104.4525,104.35,104.48,Manamunda
031-MDBURLA,2026-08-21,104.17166666666667,103.79,104.44,Manamunda
031-MDBURLA,2026-08-22,103.22083333333335,103.03,103.7,Manamunda
031-MDBURLA,2026-08-23,102.90125,102.71,103.02,Manamunda
031-MDBURLA,2026-08-24,102.915,102.69,103.45,Manamunda
031-MDBURLA,2026-08-25,104.855,103.55,105.29,Manamunda
031-MDBURLA,2026-08-26,104.76416666666667,104.55,105.09,Manamunda
031-MDBURLA,2026-08-27,104.3575,104.26,104.53,Manamunda
031-MDBURLA,2026-08-28,103.72375,103.4,104.19,Manamunda
031-MDBURLA,2026-08-29,103.0,102.77,103.37,Manamunda
031-MDBURLA,2026-08-30,102.75999999999999,102.74,102.84,Manamunda
032-ERDBWN,2026-07-01,454.63,454.63,454.63,Mohana
032-ERDBWN,2026-07-02,454.625,454.62,454.63,Mohana
032-ERDBWN,2026-07-03,454.70208333333335,454.62,454.82,Mohana
032-ERDBWN,2026-07-04,454.82,454.81,454.85,Mohana
032-ERDBWN,2026-07-05,454.8875,454.85,454.9,Mohana
032-ERDBWN,2026-07-06,454.8725,454.86,454.89,Mohana
032-ERDBWN,2026-07-07,454.8533333333333,454.85,454.86,Mohana
032-ERDBWN,2026-07-08,454.8433333333333,454.84,454.85,Mohana
032-ERDBWN,2026-07-09,454.83375,454.83,454.84,Mohana
032-ERDBWN,2026-07-10,454.8233333333333,454.82,454.83,Mohana
032-ERDBWN,2026-07-11,454.81583333333333,454.81,454.82,Mohana
032-ERDBWN,2026-07-12,454.80541666666664,454.8,454.81,Mohana
032-ERDBWN,2026-07-13,454.79583333333335,454.79,454.8,Mohana
032-ERDBWN,2026-07-14,454.78375,454.78,454.79,Mohana
032-ERDBWN,2026-07-15,454.7733333333333,454.77,454.78,Mohana
032-ERDBWN,2026-07-16,454.76458333333335,454.76,454.77,Mohana
032-ERDBWN,2026-07-17,454.7558333333333,454.75,454.76,Mohana
032-ERDBWN,2026-07-18,454.74625,454.74,454.75,Mohana
032-ERDBWN,2026-07-19,454.7383333333334,454.73,454.74,Mohana
032-ERDBWN,2026-07-20,454.72333333333336,454.72,454.73,Mohana
032-ERDBWN,2026-07-21,454.72208333333333,454.71,454.77,Mohana
032-ERDBWN,2026-07-22,454.75541666666663,454.74,454.77,Mohana
032-ERDBWN,2026-07-23,454.73375000000004,454.73,454.74,Mohana
032-ERDBWN,2026-07-24,454.72208333333333,454.71,454.73,Mohana
032-ERDBWN,2026-07-25,454.7083333333333,454.7,454.71,Mohana
032-ERDBWN,2026-07-26,454.7283333333333,454.7,454.77,Mohana
032-ERDBWN,2026-07-27,454.75666666666666,454.75,454.77,Mohana
032-ERDBWN,2026-07-28,454.74583333333334,454.74,454.75,Mohana
032-ERDBWN,2026-07-29,454.7754166666667,454.74,454.8,Mohana
032-ERDBWN,2026-07-30,454.78249999999997,454.77,454.79,Mohana
032-ERDBWN,2026-07-31,454.7658333333333,454.76,454.77,Mohana
032-ERDBWN,2026-08-01,454.75458333333336,454.75,454.76,Mohana
032-ERDBWN,2026-08-02,454.74333333333334,454.74,454.75,Mohana
032-ERDBWN,2026-08-03,454.73625,454.73,454.74,Mohana
032-ERDBWN,2026-08-04,454.7245833333334,454.72,454.73,Mohana
032-ERDBWN,2026-08-05,454.71333333333337,454.7,454.72,Mohana
032-ERDBWN,2026-08-06,454.6983333333333,454.69,454.7,Mohana
032-ERDBWN,2026-08-07,454.6879166666667,454.68,454.69,Mohana
032-ERDBWN,2026-08-08,454.71958333333333,454.68,454.85,Mohana
032-ERDBWN,2026-08-09,454.8825,454.84,454.94,Mohana
032-ERDBWN,2026-08-10,454.9258333333334,454.92,454.93,Mohana
032-ERDBWN,2026-08-11,454.9120833333333,454.9,454.92,Mohana
032-ERDBWN,2026-08-12,454.89333333333326,454.89,454.9,Mohana
032-ERDBWN,2026-08-13,454.8845833333333,454.88,454.89,Mohana
032-ERDBWN,2026-08-14,454.86875000000003,454.86,454.88,Mohana
032-ERDBWN,2026-08-15,454.85583333333335,454.85,454.86,Mohana
032-ERDBWN,2026-08-16,454.83958333333334,454.83,454.85,Mohana
032-ERDBWN,2026-08-17,454.82708333333335,454.82,454.83,Mohana
032-ERDBWN,2026-08-18,454.8325,454.82,454.86,Mohana
032-ERDBWN,2026-08-19,454.8441666666667,454.84,454.85,Mohana
032-ERDBWN,2026-08-20,454.82708333333335,454.82,454.83,Mohana
032-ERDBWN,2026-08-21,454.81625,454.81,454.82,Mohana
032-ERDBWN,2026-08-22,454.82874999999996,454.8,454.88,Mohana
032-ERDBWN,2026-08-23,454.89875,454.87,454.93,Mohana
032-ERDBWN,2026-08-24,454.9433333333333,454.93,454.96,Mohana
032-ERDBWN,2026-08-25,454.9179166666667,454.91,454.93,Mohana
032-ERDBWN,2026-08-26,454.90333333333336,454.9,454.91,Mohana
032-ERDBWN,2026-08-27,454.8908333333333,454.87,454.9,Mohana
032-ERDBWN,2026-08-28,454.86625000000004,454.86,454.87,Mohana
032-ERDBWN,2026-08-29,454.8533333333333,454.85,454.86,Mohana
032-ERDBWN,2026-08-30,454.8417647058823,454.84,454.85,Mohana
032-MDBURLA,2026-07-01,-0.04,-0.1,0.02,Marsaghai
032-MDBURLA,2026-07-02,0.54,-0.04,1.04,Marsaghai
032-MDBURLA,2026-07-03,0.5672727272727273,-0.14,1.06,Marsaghai
032-MDBURLA,2026-07-04,0.6745454545454546,-0.18,1.38,Marsaghai
032-MDBURLA,2026-07-05,0.055999999999999994,-0.14,0.42,Marsaghai
032-MDBURLA,2026-07-06,0.6,-0.12,1.38,Marsaghai
032-MDBURLA,2026-07-07,2.152727272727273,1.66,2.56,Marsaghai
032-MDBURLA,2026-07-08,3.7436363636363637,3.48,3.94,Marsaghai
032-MDBURLA,2026-07-09,3.4600000000000004,3.08,3.78,Marsaghai
032-MDBURLA,2026-07-10,2.2054545454545456,1.94,2.58,Marsaghai
032-MDBURLA,2026-07-11,1.5163636363636364,1.32,1.8,Marsaghai
032-MDBURLA,2026-07-12,1.3781818181818182,1.3,1.48,Marsaghai
032-MDBURLA,2026-07-13,2.0327272727272727,1.34,2.38,Marsaghai
032-MDBURLA,2026-07-14,2.149090909090909,1.82,2.34,Marsaghai
032-MDBURLA,2026-07-15,1.8563636363636364,1.56,2.1,Marsaghai
032-MDBURLA,2026-07-16,1.3963636363636363,0.98,1.8,Marsaghai
032-MDBURLA,2026-07-17,1.32,0.94,1.82,Marsaghai
032-MDBURLA,2026-07-18,1.5636363636363635,1.02,1.86,Marsaghai
032-MDBURLA,2026-07-19,2.432727272727273,2.02,2.78,Marsaghai
032-MDBURLA,2026-07-20,2.5872727272727274,2.46,2.68,Marsaghai
032-MDBURLA,2026-07-21,1.9872727272727273,1.96,2.02,Marsaghai
032-MDBURLA,2026-07-22,1.970909090909091,1.92,2.0,Marsaghai
032-MDBURLA,2026-07-23,2.398181818181818,2.3,2.46,Marsaghai
032-MDBURLA,2026-07-24,3.083636363636364,2.3,3.56,Marsaghai
032-MDBURLA,2026-07-25,3.8963636363636365,3.8,3.96,Marsaghai
032-MDBURLA,2026-07-26,4.098181818181818,4.02,4.16,Marsaghai
032-MDBURLA,2026-07-27,3.64,3.6,3.7,Marsaghai
032-MDBURLA,2026-07-28,4.28,4.18,4.38,Marsaghai
032-MDBURLA,2026-07-29,4.66,4.58,4.78,Marsaghai
032-MDBURLA,2026-07-30,4.516363636363637,4.16,4.76,Marsaghai
032-MDBURLA,2026-07-31,5.076363636363636,4.96,5.16,Marsaghai
032-MDBURLA,2026-08-01,5.0218181818181815,4.96,5.06,Marsaghai
032-MDBURLA,2026-08-02,4.11090909090909,3.96,4.24,Marsaghai
032-MDBURLA,2026-08-03,4.303636363636364,4.08,4.42,Marsaghai
032-MDBURLA,2026-08-04,4.163636363636363,4.04,4.22,Marsaghai
032-MDBURLA,2026-08-05,3.9545454545454546,3.88,4.0,Marsaghai
032-MDBURLA,2026-08-06,3.669090909090909,3.64,3.72,Marsaghai
032-MDBURLA,2026-08-07,3.674545454545455,3.62,3.7,Marsaghai
032-MDBURLA,2026-08-08,3.341818181818182,3.3,3.4,Marsaghai
032-MDBURLA,2026-08-09,3.7509090909090905,3.68,3.84,Marsaghai
032-MDBURLA,2026-08-10,4.032727272727272,3.98,4.1,Marsaghai
032-MDBURLA,2026-08-11,4.252727272727273,4.08,4.34,Marsaghai
032-MDBURLA,2026-08-12,4.054545454545455,3.88,4.14,Marsaghai
032-MDBURLA,2026-08-13,3.6290909090909094,3.52,3.68,Marsaghai
032-MDBURLA,2026-08-14,3.3272727272727276,3.08,3.46,Marsaghai
032-MDBURLA,2026-08-15,2.709090909090909,2.46,2.8,Marsaghai
032-MDBURLA,2026-08-16,2.143636363636364,1.98,2.28,Marsaghai
032-MDBURLA,2026-08-17,1.8581818181818184,1.7,1.98,Marsaghai
032-MDBURLA,2026-08-18,1.729090909090909,1.58,1.8,Marsaghai
032-MDBURLA,2026-08-19,1.7254545454545456,1.54,1.82,Marsaghai
032-MDBURLA,2026-08-20,2.867272727272727,2.58,3.34,Marsaghai
032-MDBURLA,2026-08-21,3.9127272727272726,3.84,3.98,Marsaghai
032-MDBURLA,2026-08-22,4.014545454545455,3.98,4.04,Marsaghai
032-MDBURLA,2026-08-23,3.6654545454545455,3.52,3.82,Marsaghai
032-MDBURLA,2026-08-24,2.8654545454545453,2.62,3.04,Marsaghai
032-MDBURLA,2026-08-25,2.3327272727272725,2.2,2.44,Marsaghai
032-MDBURLA,2026-08-26,2.7654545454545456,2.5,3.08,Marsaghai
032-MDBURLA,2026-08-27,3.7018181818181817,3.52,3.78,Marsaghai
032-MDBURLA,2026-08-28,3.498181818181818,3.26,3.62,Marsaghai
032-MDBURLA,2026-08-29,3.1,2.8,3.18,Marsaghai
032-MDBURLA,2026-08-30,2.611111111111111,2.56,2.66,Marsaghai
033-ERDBWN,2026-07-01,257.68,257.67,257.69,Muniguda
033-ERDBWN,2026-07-02,258.0366666666667,257.67,258.19,Muniguda
033-ERDBWN,2026-07-03,258.10083333333336,258.07,258.18,Muniguda
033-ERDBWN,2026-07-04,258.0975,258.07,258.18,Muniguda
033-ERDBWN,2026-07-05,258.3641666666667,258.19,258.7,Muniguda
033-ERDBWN,2026-07-06,258.49875000000003,258.38,258.7,Muniguda
033-ERDBWN,2026-07-07,258.3075,258.21,258.38,Muniguda
033-ERDBWN,2026-07-08,258.09999999999997,258.05,258.2,Muniguda
033-ERDBWN,2026-07-09,258.03458333333333,258.03,258.05,Muniguda
033-ERDBWN,2026-07-10,258.04791666666665,258.02,258.13,Muniguda
033-ERDBWN,2026-07-11,258.1745833333334,258.14,258.2,Muniguda
033-ERDBWN,2026-07-12,258.10833333333335,258.07,258.15,Muniguda
033-ERDBWN,2026-07-13,258.01666666666665,257.99,258.07,Muniguda
033-ERDBWN,2026-07-14,257.9804166666667,257.98,257.99,Muniguda
033-ERDBWN,2026-07-15,258.12624999999997,257.98,258.34,Muniguda
033-ERDBWN,2026-07-16,258.43625000000003,258.36,258.55,Muniguda
033-ERDBWN,2026-07-17,258.41625,258.24,258.57,Muniguda
033-ERDBWN,2026-07-18,258.2254166666667,258.22,258.23,Muniguda
033-ERDBWN,2026-07-19,258.2058333333333,258.2,258.22,Muniguda
033-ERDBWN,2026-07-20,258.18874999999997,258.17,258.2,Muniguda
033-ERDBWN,2026-07-21,258.2054166666667,258.16,258.28,Muniguda
033-ERDBWN,2026-07-22,258.38,258.28,258.43,Muniguda
033-ERDBWN,2026-07-23,258.3233333333333,258.24,258.43,Muniguda
033-ERDBWN,2026-07-24,258.20708333333334,258.19,258.24,Muniguda
033-ERDBWN,2026-07-25,258.18083333333334,258.17,258.19,Muniguda
033-ERDBWN,2026-07-26,258.18583333333333,258.16,258.33,Muniguda
033-ERDBWN,2026-07-27,258.40500000000003,258.33,258.49,Muniguda
033-ERDBWN,2026-07-28,258.4533333333333,258.39,258.52,Muniguda
033-ERDBWN,2026-07-29,258.715,258.54,259.09,Muniguda
033-ERDBWN,2026-07-30,258.67958333333337,258.47,259.14,Muniguda
033-ERDBWN,2026-07-31,258.41833333333335,258.38,258.46,Muniguda
033-ERDBWN,2026-08-01,258.27375,258.2,258.38,Muniguda
033-ERDBWN,2026-08-02,258.18583333333333,258.18,258.2,Muniguda
033-ERDBWN,2026-08-03,258.19666666666666,258.18,258.23,Muniguda
033-ERDBWN,2026-08-04,258.17,258.17,258.17,Muniguda
033-ERDBWN,2026-08-05,258.12291666666664,258.1,258.17,Muniguda
033-ERDBWN,2026-08-06,258.06458333333336,258.05,258.1,Muniguda
033-ERDBWN,2026-08-07,258.47583333333336,258.05,258.94,Muniguda
033-ERDBWN,2026-08-08,258.51625,258.37,258.73,Muniguda
033-ERDBWN,2026-08-09,258.6383333333333,258.37,258.78,Muniguda
033-ERDBWN,2026-08-10,258.5079166666667,258.37,258.7,Muniguda
033-ERDBWN,2026-08-11,258.25708333333336,258.2,258.36,Muniguda
033-ERDBWN,2026-08-12,258.1645833333333,258.15,258.2,Muniguda
033-ERDBWN,2026-08-13,258.09999999999997,258.06,258.15,Muniguda
033-ERDBWN,2026-08-14,258.05041666666665,258.05,258.06,Muniguda
033-ERDBWN,2026-08-15,258.03,258.02,258.05,Muniguda
033-ERDBWN,2026-08-16,258.07125,258.02,258.11,Muniguda
033-ERDBWN,2026-08-17,258.06625,258.05,258.11,Muniguda
033-ERDBWN,2026-08-18,258.0841666666667,258.04,258.18,Muniguda
033-ERDBWN,2026-08-19,258.25875,258.19,258.31,Muniguda
033-ERDBWN,2026-08-20,258.19083333333333,258.13,258.25,Muniguda
033-ERDBWN,2026-08-21,258.06125000000003,258.04,258.13,Muniguda
033-ERDBWN,2026-08-22,258.08375,258.04,258.18,Muniguda
033-ERDBWN,2026-08-23,258.305,258.19,258.42,Muniguda
033-ERDBWN,2026-08-24,258.6920833333333,258.43,259.05,Muniguda
033-ERDBWN,2026-08-25,258.86,258.63,259.07,Muniguda
033-ERDBWN,2026-08-26,258.45666666666665,258.39,258.61,Muniguda
033-ERDBWN,2026-08-27,258.36291666666665,258.32,258.39,Muniguda
033-ERDBWN,2026-08-28,258.27833333333336,258.24,258.32,Muniguda
033-ERDBWN,2026-08-29,258.2366666666667,258.22,258.26,Muniguda
033-ERDBWN,2026-08-30,258.2541176470588,258.24,258.28,Muniguda
034-ERDBWN,2026-07-01,113.81000000000002,113.81,113.81,Gudari
034-ERDBWN,2026-07-02,113.85875,113.81,113.92,Gudari
034-ERDBWN,2026-07-03,113.86125,113.84,113.92,Gudari
034-ERDBWN,2026-07-04,113.91541666666666,113.84,113.98,Gudari
034-ERDBWN,2026-07-05,114.14541666666666,113.99,114.46,Gudari
034-ERDBWN,2026-07-06,114.71958333333333,114.49,114.8,Gudari
034-ERDBWN,2026-07-07,114.64333333333333,114.57,114.69,Gudari
034-ERDBWN,2026-07-08,114.395,114.28,114.56,Gudari
034-ERDBWN,2026-07-09,114.16291666666666,114.07,114.27,Gudari
034-ERDBWN,2026-07-10,114.075,114.04,114.12,Gudari
034-ERDBWN,2026-07-11,114.15499999999999,114.04,114.33,Gudari
034-ERDBWN,2026-07-12,114.2625,114.24,114.29,Gudari
034-ERDBWN,2026-07-13,114.14875,114.07,114.24,Gudari
034-ERDBWN,2026-07-14,114.02875,114.0,114.07,Gudari
034-ERDBWN,2026-07-15,114.04625,114.0,114.13,Gudari
034-ERDBWN,2026-07-16,114.19666666666666,114.13,114.28,Gudari
034-ERDBWN,2026-07-17,114.84458333333333,114.28,115.18,Gudari
034-ERDBWN,2026-07-18,114.60708333333334,114.54,114.72,Gudari
034-ERDBWN,2026-07-19,114.46375,114.42,114.54,Gudari
034-ERDBWN,2026-07-20,114.35208333333333,114.3,114.42,Gudari
034-ERDBWN,2026-07-21,114.30416666666667,114.23,114.45,Gudari
034-ERDBWN,2026-07-22,114.49791666666665,114.41,114.74,Gudari
034-ERDBWN,2026-07-23,114.605,114.54,114.76,Gudari
034-ERDBWN,2026-07-24,114.48916666666666,114.41,114.54,Gudari
034-ERDBWN,2026-07-25,114.30125,114.24,114.4,Gudari
034-ERDBWN,2026-07-26,114.21458333333334,114.19,114.24,Gudari
034-ERDBWN,2026-07-27,114.39916666666666,114.19,114.56,Gudari
034-ERDBWN,2026-07-28,114.72500000000001,114.57,114.8,Gudari
034-ERDBWN,2026-07-29,114.81083333333333,114.73,115.02,Gudari
034-ERDBWN,2026-07-30,115.14875,114.96,115.28,Gudari
034-ERDBWN,2026-07-31,114.87541666666668,114.83,114.94,Gudari
034-ERDBWN,2026-08-01,114.65625,114.59,114.8,Gudari
034-ERDBWN,2026-08-02,114.50583333333333,114.45,114.59,Gudari
034-ERDBWN,2026-08-03,114.4925,114.43,114.53,Gudari
034-ERDBWN,2026-08-04,114.38583333333332,114.35,114.42,Gudari
034-ERDBWN,2026-08-05,114.38958333333333,114.16,114.46,Gudari
034-ERDBWN,2026-08-06,114.3625,114.34,114.39,Gudari
034-ERDBWN,2026-08-07,114.65125,114.32,115.42,Gudari
034-ERDBWN,2026-08-08,115.18916666666667,114.94,115.55,Gudari
034-ERDBWN,2026-08-09,114.82249999999999,114.74,114.95,Gudari
034-ERDBWN,2026-08-10,114.81541666666668,114.71,114.98,Gudari
034-ERDBWN,2026-08-11,114.60666666666667,114.49,114.7,Gudari
034-ERDBWN,2026-08-12,114.46708333333333,114.43,114.49,Gudari
034-ERDBWN,2026-08-13,114.47166666666668,114.4,114.55,Gudari
034-ERDBWN,2026-08-14,114.40916666666668,114.34,114.49,Gudari
034-ERDBWN,2026-08-15,114.31583333333333,114.3,114.34,Gudari
034-ERDBWN,2026-08-16,114.34958333333333,114.33,114.37,Gudari
034-ERDBWN,2026-08-17,114.31374999999998,114.3,114.33,Gudari
034-ERDBWN,2026-08-18,114.35791666666667,114.29,114.4,Gudari
034-ERDBWN,2026-08-19,114.445,114.35,114.5,Gudari
034-ERDBWN,2026-08-20,114.47791666666666,114.44,114.53,Gudari
034-ERDBWN,2026-08-21,114.46416666666666,114.45,114.49,Gudari
034-ERDBWN,2026-08-22,114.44791666666667,114.38,114.67,Gudari
034-ERDBWN,2026-08-23,114.75124999999998,114.7,114.88,Gudari
034-ERDBWN,2026-08-24,114.81416666666667,114.59,115.16,Gudari
034-ERDBWN,2026-08-25,114.95791666666668,114.76,115.18,Gudari
034-ERDBWN,2026-08-26,114.65625,114.58,114.75,Gudari
034-ERDBWN,2026-08-27,114.53708333333333,114.51,114.57,Gudari
034-ERDBWN,2026-08-28,114.49416666666667,114.48,114.51,Gudari
034-ERDBWN,2026-08-29,114.45791666666666,114.44,114.47,Gudari
034-ERDBWN,2026-08-30,114.42647058823529,114.4,114.44,Gudari
034-MDBURLA,2026-07-01,54.300000000000004,54.27,54.33,Purunakot
034-MDBURLA,2026-07-02,54.50541666666667,54.34,54.7,Purunakot
034-MDBURLA,2026-07-03,55.302083333333336,54.72,55.95,Purunakot
034-MDBURLA,2026-07-04,56.153333333333336,56.0,56.3,Purunakot
034-MDBURLA,2026-07-05,57.9125,56.35,60.8,Purunakot
034-MDBURLA,2026-07-06,61.812083333333334,61.0,63.7,Purunakot
034-MDBURLA,2026-07-07,64.33666666666666,63.2,64.86,Purunakot
034-MDBURLA,2026-07-08,61.02916666666667,59.55,63.0,Purunakot
034-MDBURLA,2026-07-09,58.607499999999995,57.85,59.45,Purunakot
034-MDBURLA,2026-07-10,57.5375,57.45,57.8,Purunakot
034-MDBURLA,2026-07-11,60.21458333333334,57.53,60.85,Purunakot
034-MDBURLA,2026-07-12,60.106249999999996,59.75,60.6,Purunakot
034-MDBURLA,2026-07-13,58.67124999999999,57.85,59.7,Purunakot
034-MDBURLA,2026-07-14,57.67666666666667,57.4,57.82,Purunakot
034-MDBURLA,2026-07-15,56.92083333333333,56.75,57.34,Purunakot
034-MDBURLA,2026-07-16,57.15291666666667,56.75,57.76,Purunakot
034-MDBURLA,2026-07-17,58.55875,57.6,60.8,Purunakot
034-MDBURLA,2026-07-18,60.9925,60.2,61.35,Purunakot
034-MDBURLA,2026-07-19,59.6325,59.12,60.15,Purunakot
034-MDBURLA,2026-07-20,58.93958333333333,58.84,59.2,Purunakot
034-MDBURLA,2026-07-21,59.77041666666667,59.3,59.88,Purunakot
034-MDBURLA,2026-07-22,60.87291666666667,59.9,62.8,Purunakot
034-MDBURLA,2026-07-23,63.379999999999995,62.9,63.7,Purunakot
034-MDBURLA,2026-07-24,63.93416666666667,63.71,64.22,Purunakot
034-MDBURLA,2026-07-25,63.35,62.85,63.85,Purunakot
034-MDBURLA,2026-07-26,63.11666666666667,62.5,64.8,Purunakot
034-MDBURLA,2026-07-27,65.875,65.0,66.17,Purunakot
034-MDBURLA,2026-07-28,64.94666666666667,64.22,65.8,Purunakot
034-MDBURLA,2026-07-29,66.52791666666667,64.22,68.8,Purunakot
034-MDBURLA,2026-07-30,69.21833333333333,68.85,69.5,Purunakot
034-MDBURLA,2026-07-31,67.69541666666667,65.6,68.8,Purunakot
034-MDBURLA,2026-08-01,64.45,63.0,66.0,Purunakot
034-MDBURLA,2026-08-02,65.66958333333334,65.28,66.0,Purunakot
034-MDBURLA,2026-08-03,65.0,64.37,65.26,Purunakot
034-MDBURLA,2026-08-04,63.638749999999995,63.2,64.3,Purunakot
034-MDBURLA,2026-08-05,62.862500000000004,62.8,63.15,Purunakot
034-MDBURLA,2026-08-06,62.312083333333334,61.55,62.8,Purunakot
034-MDBURLA,2026-08-07,61.91625,61.55,62.63,Purunakot
034-MDBURLA,2026-08-08,63.29333333333333,62.68,63.77,Purunakot
034-MDBURLA,2026-08-09,63.90541666666667,63.53,64.47,Purunakot
034-MDBURLA,2026-08-10,64.53833333333334,64.09,64.78,Purunakot
034-MDBURLA,2026-08-11,63.22416666666667,62.84,64.0,Purunakot
034-MDBURLA,2026-08-12,62.576249999999995,62.1,62.82,Purunakot
034-MDBURLA,2026-08-13,61.236250000000005,60.91,62.0,Purunakot
034-MDBURLA,2026-08-14,60.595,60.25,60.89,Purunakot
034-MDBURLA,2026-08-15,59.51541666666666,59.22,60.2,Purunakot
034-MDBURLA,2026-08-16,59.23333333333333,59.16,59.27,Purunakot
034-MDBURLA,2026-08-17,59.23166666666666,59.12,59.37,Purunakot
034-MDBURLA,2026-08-18,60.17541666666667,59.35,61.95,Purunakot
034-MDBURLA,2026-08-19,63.2075,62.05,64.28,Purunakot
034-MDBURLA,2026-08-20,64.20041666666667,64.03,64.32,Purunakot
034-MDBURLA,2026-08-21,64.08125,63.73,64.31,Purunakot
034-MDBURLA,2026-08-22,62.719166666666666,61.4,63.68,Purunakot
034-MDBURLA,2026-08-23,60.63125,60.45,61.3,Purunakot
034-MDBURLA,2026-08-24,60.66083333333333,60.54,60.73,Purunakot
034-MDBURLA,2026-08-25,63.28958333333333,60.8,66.6,Purunakot
034-MDBURLA,2026-08-26,66.08749999999999,65.0,66.8,Purunakot
034-MDBURLA,2026-08-27,64.55208333333333,64.1,64.9,Purunakot
034-MDBURLA,2026-08-28,63.41375,62.5,64.05,Purunakot
034-MDBURLA,2026-08-29,61.69375,61.0,62.4,Purunakot
034-MDBURLA,2026-08-30,60.288235294117655,60.05,60.9,Purunakot
035-ERDBWN,2026-07-01,79.52,79.52,79.52,Gunupur
035-ERDBWN,2026-07-02,79.52,79.52,79.52,Gunupur
035-ERDBWN,2026-07-03,79.565,79.52,79.58,Gunupur
035-ERDBWN,2026-07-04,79.69583333333334,79.58,79.77,Gunupur
035-ERDBWN,2026-07-05,79.93458333333334,79.78,80.02,Gunupur
035-ERDBWN,2026-07-06,80.35208333333334,80.03,80.57,Gunupur
035-ERDBWN,2026-07-07,80.33333333333333,80.25,80.53,Gunupur
035-ERDBWN,2026-07-08,80.10375,79.99,80.25,Gunupur
035-ERDBWN,2026-07-09,79.96291666666667,79.92,80.05,Gunupur
035-ERDBWN,2026-07-10,79.96,79.92,80.07,Gunupur
035-ERDBWN,2026-07-11,79.91083333333334,79.89,79.95,Gunupur
035-ERDBWN,2026-07-12,79.96958333333333,79.89,80.0,Gunupur
035-ERDBWN,2026-07-13,79.86791666666666,79.8,79.95,Gunupur
035-ERDBWN,2026-07-14,79.79666666666667,79.74,79.85,Gunupur
035-ERDBWN,2026-07-15,79.74,79.74,79.74,Gunupur
035-ERDBWN,2026-07-16,79.77208333333333,79.74,79.82,Gunupur
035-ERDBWN,2026-07-17,80.13541666666667,79.82,80.34,Gunupur
035-ERDBWN,2026-07-18,80.24708333333334,80.17,80.34,Gunupur
035-ERDBWN,2026-07-19,80.09583333333333,80.03,80.17,Gunupur
035-ERDBWN,2026-07-20,79.98833333333333,79.94,80.02,Gunupur
035-ERDBWN,2026-07-21,79.9175,79.91,79.94,Gunupur
035-ERDBWN,2026-07-22,80.0525,79.94,80.27,Gunupur
035-ERDBWN,2026-07-23,80.465,80.31,80.54,Gunupur
035-ERDBWN,2026-07-24,80.28125,80.21,80.38,Gunupur
035-ERDBWN,2026-07-25,80.12375,80.06,80.2,Gunupur
035-ERDBWN,2026-07-26,80.04625,80.03,80.07,Gunupur
035-ERDBWN,2026-07-27,80.13416666666667,80.04,80.36,Gunupur
035-ERDBWN,2026-07-28,80.43333333333334,80.38,80.5,Gunupur
035-ERDBWN,2026-07-29,80.50958333333334,80.5,80.51,Gunupur
035-ERDBWN,2026-07-30,80.8425,80.51,81.05,Gunupur
035-ERDBWN,2026-07-31,80.8,80.64,81.06,Gunupur
035-ERDBWN,2026-08-01,80.51958333333333,80.44,80.63,Gunupur
035-ERDBWN,2026-08-02,80.31529411764706,80.3,80.34,Gunupur
035-ERDBWN,2026-08-03,80.32625,80.3,80.34,Gunupur
035-ERDBWN,2026-08-04,80.23708333333333,80.18,80.3,Gunupur
035-ERDBWN,2026-08-05,80.21363636363637,80.17,80.24,Gunupur
035-ERDBWN,2026-08-06,80.25500000000001,80.23,80.27,Gunupur
035-ERDBWN,2026-08-07,80.26458333333333,80.22,80.63,Gunupur
035-ERDBWN,2026-08-08,81.08791666666666,80.88,81.17,Gunupur
035-ERDBWN,2026-08-09,80.88000000000001,80.73,81.12,Gunupur
035-ERDBWN,2026-08-10,80.77166666666666,80.66,80.85,Gunupur
035-ERDBWN,2026-08-11,80.63083333333334,80.6,80.65,Gunupur
035-ERDBWN,2026-08-12,80.47833333333334,80.4,80.6,Gunupur
035-ERDBWN,2026-08-13,80.43083333333333,80.36,80.55,Gunupur
035-ERDBWN,2026-08-14,80.44250000000001,80.39,80.55,Gunupur
035-ERDBWN,2026-08-15,80.375,80.36,80.38,Gunupur
035-ERDBWN,2026-08-16,80.37166666666667,80.36,80.43,Gunupur
035-ERDBWN,2026-08-17,80.395,80.34,80.44,Gunupur
035-ERDBWN,2026-08-18,80.32458333333334,80.3,80.38,Gunupur
035-ERDBWN,2026-08-19,80.4,80.38,80.45,Gunupur
035-ERDBWN,2026-08-20,80.45625,80.39,80.48,Gunupur
035-ERDBWN,2026-08-21,80.38083333333334,80.34,80.4,Gunupur
035-ERDBWN,2026-08-22,80.71,80.31,81.3,Gunupur
035-ERDBWN,2026-08-23,81.26958333333333,81.22,81.33,Gunupur
035-ERDBWN,2026-08-24,81.17,81.04,81.51,Gunupur
035-ERDBWN,2026-08-25,81.48916666666666,81.26,81.61,Gunupur
035-ERDBWN,2026-08-26,81.09,80.98,81.24,Gunupur
035-ERDBWN,2026-08-27,80.87791666666666,80.83,80.97,Gunupur
035-ERDBWN,2026-08-28,80.74041666666666,80.65,80.83,Gunupur
035-ERDBWN,2026-08-29,80.61583333333333,80.58,80.64,Gunupur
035-ERDBWN,2026-08-30,80.56294117647059,80.54,80.57,Gunupur
035-MDBURLA,2026-07-01,34.97,34.97,34.97,Ranapur
035-MDBURLA,2026-07-02,35.13363636363636,35.1,35.18,Ranapur
035-MDBURLA,2026-07-03,35.39181818181818,35.3,35.5,Ranapur
035-MDBURLA,2026-07-04,36.233636363636364,35.97,36.5,Ranapur
035-MDBURLA,2026-07-05,36.98727272727273,36.81,37.16,Ranapur
035-MDBURLA,2026-07-06,38.49181818181818,37.88,39.4,Ranapur
035-MDBURLA,2026-07-07,41.93,41.65,42.22,Ranapur
035-MDBURLA,2026-07-08,40.79363636363637,40.48,41.1,Ranapur
035-MDBURLA,2026-07-09,40.018181818181816,39.8,40.23,Ranapur
035-MDBURLA,2026-07-10,38.13454545454545,38.08,38.22,Ranapur
035-MDBURLA,2026-07-11,37.61272727272728,37.5,37.74,Ranapur
035-MDBURLA,2026-07-12,39.905454545454546,39.6,40.05,Ranapur
035-MDBURLA,2026-07-13,39.07727272727273,38.9,39.23,Ranapur
035-MDBURLA,2026-07-14,38.231818181818184,38.0,38.4,Ranapur
035-MDBURLA,2026-07-15,37.481818181818184,37.36,37.64,Ranapur
035-MDBURLA,2026-07-16,37.44,37.4,37.52,Ranapur
035-MDBURLA,2026-07-17,38.24727272727273,38.18,38.3,Ranapur
035-MDBURLA,2026-07-18,39.99818181818182,39.73,40.2,Ranapur
035-MDBURLA,2026-07-19,39.45636363636363,39.1,39.73,Ranapur
035-MDBURLA,2026-07-20,38.79363636363637,38.68,38.93,Ranapur
035-MDBURLA,2026-07-21,38.96818181818182,38.88,39.02,Ranapur
035-MDBURLA,2026-07-22,39.74818181818182,39.55,39.88,Ranapur
035-MDBURLA,2026-07-23,41.21727272727273,41.0,41.42,Ranapur
035-MDBURLA,2026-07-24,41.64090909090909,41.6,41.69,Ranapur
035-MDBURLA,2026-07-25,41.623636363636365,41.53,41.69,Ranapur
035-MDBURLA,2026-07-26,40.78272727272727,40.66,40.95,Ranapur
035-MDBURLA,2026-07-27,42.625454545454545,42.25,42.9,Ranapur
035-MDBURLA,2026-07-28,42.42181818181818,42.2,42.6,Ranapur
035-MDBURLA,2026-07-29,42.195454545454545,42.17,42.32,Ranapur
035-MDBURLA,2026-07-30,43.847272727272724,43.7,43.9,Ranapur
035-MDBURLA,2026-07-31,43.46909090909091,43.23,43.63,Ranapur
035-MDBURLA,2026-08-01,41.72272727272727,41.4,42.12,Ranapur
035-MDBURLA,2026-08-02,42.68818181818182,42.58,42.73,Ranapur
035-MDBURLA,2026-08-03,42.21363636363637,42.0,42.4,Ranapur
035-MDBURLA,2026-08-04,41.64727272727273,41.45,41.8,Ranapur
035-MDBURLA,2026-08-05,41.06636363636364,40.96,41.2,Ranapur
035-MDBURLA,2026-08-06,40.88,40.86,40.9,Ranapur
035-MDBURLA,2026-08-07,40.196363636363635,40.1,40.33,Ranapur
035-MDBURLA,2026-08-08,40.17181818181818,40.1,40.36,Ranapur
035-MDBURLA,2026-08-09,41.53090909090909,41.45,41.56,Ranapur
035-MDBURLA,2026-08-10,41.98909090909091,41.95,42.0,Ranapur
035-MDBURLA,2026-08-11,41.53909090909091,41.25,41.83,Ranapur
035-MDBURLA,2026-08-12,40.983636363636364,40.96,41.02,Ranapur
035-MDBURLA,2026-08-13,40.42545454545455,40.35,40.52,Ranapur
035-MDBURLA,2026-08-14,40.11727272727273,40.02,40.2,Ranapur
035-MDBURLA,2026-08-15,39.730909090909094,39.6,39.84,Ranapur
035-MDBURLA,2026-08-16,38.985454545454544,38.88,39.11,Ranapur
035-MDBURLA,2026-08-17,38.60181818181818,38.6,38.61,Ranapur
035-MDBURLA,2026-08-18,39.14,38.98,39.33,Ranapur
035-MDBURLA,2026-08-19,40.658181818181816,40.4,40.95,Ranapur
035-MDBURLA,2026-08-20,41.64636363636363,41.61,41.66,Ranapur
035-MDBURLA,2026-08-21,41.78545454545454,41.75,41.8,Ranapur
035-MDBURLA,2026-08-22,41.25272727272727,41.05,41.4,Ranapur
035-MDBURLA,2026-08-23,40.650909090909096,40.52,40.84,Ranapur
035-MDBURLA,2026-08-24,40.39454545454545,40.38,40.41,Ranapur
035-MDBURLA,2026-08-25,40.00181818181818,39.97,40.1,Ranapur
035-MDBURLA,2026-08-26,42.92272727272727,42.83,42.96,Ranapur
035-MDBURLA,2026-08-27,42.050000000000004,41.8,42.3,Ranapur
035-MDBURLA,2026-08-28,41.553636363636365,41.45,41.63,Ranapur
035-MDBURLA,2026-08-29,40.586363636363636,40.53,40.67,Ranapur
035-MDBURLA,2026-08-30,40.14,40.06,40.22,Ranapur
036-ERDBWN,2026-07-01,51.67,51.67,51.67,Kashinagar
036-ERDBWN,2026-07-02,51.718333333333334,51.67,51.77,Kashinagar
036-ERDBWN,2026-07-03,51.750416666666666,51.75,51.76,Kashinagar
036-ERDBWN,2026-07-04,51.80916666666667,51.75,51.89,Kashinagar
036-ERDBWN,2026-07-05,51.975,51.89,52.04,Kashinagar
036-ERDBWN,2026-07-06,52.23041666666666,52.04,52.37,Kashinagar
036-ERDBWN,2026-07-07,52.57749999999999,52.37,52.68,Kashinagar
036-ERDBWN,2026-07-08,52.39666666666667,52.3,52.49,Kashinagar
036-ERDBWN,2026-07-09,52.17124999999999,52.1,52.29,Kashinagar
036-ERDBWN,2026-07-10,52.18,52.1,52.25,Kashinagar
036-ERDBWN,2026-07-11,52.125,52.11,52.14,Kashinagar
036-ERDBWN,2026-07-12,52.126666666666665,52.09,52.18,Kashinagar
036-ERDBWN,2026-07-13,52.10541666666666,52.04,52.17,Kashinagar
036-ERDBWN,2026-07-14,52.00666666666667,51.97,52.04,Kashinagar
036-ERDBWN,2026-07-15,51.944583333333334,51.93,51.97,Kashinagar
036-ERDBWN,2026-07-16,51.93,51.93,51.93,Kashinagar
036-ERDBWN,2026-07-17,52.04791666666667,51.93,52.32,Kashinagar
036-ERDBWN,2026-07-18,52.455000000000005,52.34,52.53,Kashinagar
036-ERDBWN,2026-07-19,52.33833333333333,52.29,52.42,Kashinagar
036-ERDBWN,2026-07-20,52.23333333333333,52.2,52.28,Kashinagar
036-ERDBWN,2026-07-21,52.1575,52.12,52.2,Kashinagar
036-ERDBWN,2026-07-22,52.09166666666667,52.06,52.12,Kashinagar
036-ERDBWN,2026-07-23,52.465833333333336,52.06,52.66,Kashinagar
036-ERDBWN,2026-07-24,52.48374999999999,52.42,52.66,Kashinagar
036-ERDBWN,2026-07-25,52.282916666666665,52.22,52.42,Kashinagar
036-ERDBWN,2026-07-26,52.18833333333333,52.17,52.22,Kashinagar
036-ERDBWN,2026-07-27,52.17166666666666,52.15,52.23,Kashinagar
036-ERDBWN,2026-07-28,52.44541666666667,52.24,52.52,Kashinagar
036-ERDBWN,2026-07-29,52.59916666666666,52.49,52.65,Kashinagar
036-ERDBWN,2026-07-30,52.79916666666667,52.61,53.11,Kashinagar
036-ERDBWN,2026-07-31,53.059583333333336,52.96,53.12,Kashinagar
036-ERDBWN,2026-08-01,52.69958333333333,52.57,52.95,Kashinagar
036-ERDBWN,2026-08-02,52.45375000000001,52.38,52.56,Kashinagar
036-ERDBWN,2026-08-03,52.37041666666667,52.36,52.38,Kashinagar
036-ERDBWN,2026-08-04,52.33583333333333,52.31,52.36,Kashinagar
036-ERDBWN,2026-08-05,52.26791666666667,52.24,52.31,Kashinagar
036-ERDBWN,2026-08-06,52.27625,52.24,52.3,Kashinagar
036-ERDBWN,2026-08-07,52.27791666666667,52.26,52.3,Kashinagar
036-ERDBWN,2026-08-08,52.86416666666667,52.26,53.34,Kashinagar
036-ERDBWN,2026-08-09,53.225833333333334,53.03,53.35,Kashinagar
036-ERDBWN,2026-08-10,52.875416666666666,52.84,53.01,Kashinagar
036-ERDBWN,2026-08-11,52.749583333333334,52.7,52.84,Kashinagar
036-ERDBWN,2026-08-12,52.6,52.52,52.7,Kashinagar
036-ERDBWN,2026-08-13,52.43416666666667,52.4,52.51,Kashinagar
036-ERDBWN,2026-08-14,52.49625,52.4,52.54,Kashinagar
036-ERDBWN,2026-08-15,52.442083333333336,52.42,52.49,Kashinagar
036-ERDBWN,2026-08-16,52.41708333333333,52.41,52.42,Kashinagar
036-ERDBWN,2026-08-17,52.402499999999996,52.39,52.41,Kashinagar
036-ERDBWN,2026-08-18,52.36333333333334,52.35,52.39,Kashinagar
036-ERDBWN,2026-08-19,52.367916666666666,52.35,52.38,Kashinagar
036-ERDBWN,2026-08-20,52.41708333333333,52.37,52.46,Kashinagar
036-ERDBWN,2026-08-21,52.37916666666666,52.35,52.45,Kashinagar
036-ERDBWN,2026-08-22,52.529583333333335,52.33,53.31,Kashinagar
036-ERDBWN,2026-08-23,53.72666666666667,53.39,53.85,Kashinagar
036-ERDBWN,2026-08-24,53.55041666666667,53.38,53.8,Kashinagar
036-ERDBWN,2026-08-25,53.668749999999996,53.42,53.82,Kashinagar
036-ERDBWN,2026-08-26,53.357499999999995,53.27,53.53,Kashinagar
036-ERDBWN,2026-08-27,53.098749999999995,52.96,53.26,Kashinagar
036-ERDBWN,2026-08-28,52.85666666666666,52.8,52.95,Kashinagar
036-ERDBWN,2026-08-29,52.70916666666667,52.65,52.8,Kashinagar
036-ERDBWN,2026-08-30,52.620588235294115,52.6,52.65,Kashinagar
036-MDBURLA,2026-07-01,20.8,20.8,20.8,Barang
036-MDBURLA,2026-07-02,20.831666666666667,20.8,20.85,Barang
036-MDBURLA,2026-07-03,20.955416666666668,20.86,21.06,Barang
036-MDBURLA,2026-07-04,21.21375,21.07,21.43,Barang
036-MDBURLA,2026-07-05,21.867500000000003,21.46,22.13,Barang
036-MDBURLA,2026-07-06,22.893333333333334,22.16,24.0,Barang
036-MDBURLA,2026-07-07,24.68625,24.05,25.41,Barang
036-MDBURLA,2026-07-08,25.32166666666667,24.9,25.55,Barang
036-MDBURLA,2026-07-09,24.08666666666667,23.6,24.8,Barang
036-MDBURLA,2026-07-10,23.24083333333333,22.98,23.55,Barang
036-MDBURLA,2026-07-11,22.750833333333333,22.6,22.96,Barang
036-MDBURLA,2026-07-12,23.812083333333334,22.84,24.2,Barang
036-MDBURLA,2026-07-13,23.7975,23.69,23.96,Barang
036-MDBURLA,2026-07-14,23.250833333333333,22.93,23.65,Barang
036-MDBURLA,2026-07-15,22.72375,22.59,22.91,Barang
036-MDBURLA,2026-07-16,22.538749999999997,22.48,22.61,Barang
036-MDBURLA,2026-07-17,22.665000000000003,22.62,22.71,Barang
036-MDBURLA,2026-07-18,23.211249999999996,22.72,24.24,Barang
036-MDBURLA,2026-07-19,24.274583333333336,23.99,24.4,Barang
036-MDBURLA,2026-07-20,23.634583333333335,23.48,23.94,Barang
036-MDBURLA,2026-07-21,23.375833333333333,23.29,23.48,Barang
036-MDBURLA,2026-07-22,23.756666666666664,23.51,23.87,Barang
036-MDBURLA,2026-07-23,24.381666666666664,23.88,24.9,Barang
036-MDBURLA,2026-07-24,25.097916666666666,24.92,25.26,Barang
036-MDBURLA,2026-07-25,25.331666666666667,25.27,25.36,Barang
036-MDBURLA,2026-07-26,25.0175,24.8,25.26,Barang
036-MDBURLA,2026-07-27,25.40041666666667,24.99,25.8,Barang
036-MDBURLA,2026-07-28,25.9575,25.83,26.08,Barang
036-MDBURLA,2026-07-29,25.74,25.62,25.94,Barang
036-MDBURLA,2026-07-30,26.35875,25.94,26.61,Barang
036-MDBURLA,2026-07-31,26.482916666666668,26.44,26.56,Barang
036-MDBURLA,2026-08-01,26.025833333333335,25.38,26.45,Barang
036-MDBURLA,2026-08-02,25.604583333333334,25.15,25.89,Barang
036-MDBURLA,2026-08-03,25.765,25.67,25.89,Barang
036-MDBURLA,2026-08-04,25.514583333333334,25.26,25.67,Barang
036-MDBURLA,2026-08-05,25.087083333333336,25.02,25.24,Barang
036-MDBURLA,2026-08-06,25.075416666666666,25.03,25.16,Barang
036-MDBURLA,2026-08-07,24.947083333333335,24.8,25.16,Barang
036-MDBURLA,2026-08-08,25.010833333333334,24.84,25.1,Barang
036-MDBURLA,2026-08-09,25.285833333333333,25.12,25.34,Barang
036-MDBURLA,2026-08-10,25.490416666666665,25.32,25.57,Barang
036-MDBURLA,2026-08-11,25.551666666666666,25.33,25.64,Barang
036-MDBURLA,2026-08-12,25.089583333333334,24.97,25.3,Barang
036-MDBURLA,2026-08-13,24.895,24.82,24.96,Barang
036-MDBURLA,2026-08-14,24.57375,24.29,24.81,Barang
036-MDBURLA,2026-08-15,24.040000000000003,23.81,24.27,Barang
036-MDBURLA,2026-08-16,23.574166666666667,23.42,23.79,Barang
036-MDBURLA,2026-08-17,23.39333333333333,23.37,23.42,Barang
036-MDBURLA,2026-08-18,23.473333333333333,23.39,23.54,Barang
036-MDBURLA,2026-08-19,23.951666666666668,23.56,24.43,Barang
036-MDBURLA,2026-08-20,25.104583333333334,24.5,25.32,Barang
036-MDBURLA,2026-08-21,25.351249999999997,25.32,25.38,Barang
036-MDBURLA,2026-08-22,25.26125,25.06,25.38,Barang
036-MDBURLA,2026-08-23,24.808333333333334,24.54,25.04,Barang
036-MDBURLA,2026-08-24,24.1825,24.0,24.5,Barang
036-MDBURLA,2026-08-25,23.936666666666667,23.87,24.1,Barang
036-MDBURLA,2026-08-26,25.270416666666666,24.15,26.04,Barang
036-MDBURLA,2026-08-27,25.878333333333334,25.74,26.03,Barang
036-MDBURLA,2026-08-28,25.532083333333333,25.36,25.73,Barang
036-MDBURLA,2026-08-29,25.096249999999998,24.9,25.34,Barang
036-MDBURLA,2026-08-30,24.74823529411765,24.55,24.89,Barang
037-MDBURLA,2026-07-01,1.6557142857142857,1.65,1.67,Naugaon
037-MDBURLA,2026-07-02,1.6458333333333333,1.64,1.66,Naugaon
037-MDBURLA,2026-07-03,1.6666666666666667,1.65,1.71,Naugaon
037-MDBURLA,2026-07-04,1.76625,1.71,1.88,Naugaon
037-MDBURLA,2026-07-05,2.07125,1.89,2.19,Naugaon
037-MDBURLA,2026-07-06,2.105,1.96,2.2,Naugaon
037-MDBURLA,2026-07-07,3.97,2.08,5.57,Naugaon
037-MDBURLA,2026-07-08,6.415833333333333,5.7,6.7,Naugaon
037-MDBURLA,2026-07-09,5.357499999999999,4.55,6.2,Naugaon
037-MDBURLA,2026-07-10,3.885,3.66,4.47,Naugaon
037-MDBURLA,2026-07-11,3.3891666666666667,3.18,3.65,Naugaon
037-MDBURLA,2026-07-12,3.4499999999999997,3.03,4.25,Naugaon
037-MDBURLA,2026-07-13,4.335416666666666,4.23,4.37,Naugaon
037-MDBURLA,2026-07-14,3.73375,3.37,4.19,Naugaon
037-MDBURLA,2026-07-15,3.111666666666667,2.96,3.34,Naugaon
037-MDBURLA,2026-07-16,2.857083333333333,2.82,2.94,Naugaon
037-MDBURLA,2026-07-17,2.799583333333333,2.77,2.83,Naugaon
037-MDBURLA,2026-07-18,3.54875,2.86,3.97,Naugaon
037-MDBURLA,2026-07-19,4.7004166666666665,4.02,4.95,Naugaon
037-MDBURLA,2026-07-20,4.27625,4.12,4.76,Naugaon
037-MDBURLA,2026-07-21,3.9775000000000005,3.92,4.11,Naugaon
037-MDBURLA,2026-07-22,4.105833333333334,3.93,4.27,Naugaon
037-MDBURLA,2026-07-23,4.588333333333334,4.28,5.32,Naugaon
037-MDBURLA,2026-07-24,6.0616666666666665,5.42,6.39,Naugaon
037-MDBURLA,2026-07-25,6.49875,6.39,6.64,Naugaon
037-MDBURLA,2026-07-26,6.5425,6.11,6.74,Naugaon
037-MDBURLA,2026-07-27,6.030833333333334,5.72,6.89,Naugaon
037-MDBURLA,2026-07-28,7.7245833333333325,7.02,8.01,Naugaon
037-MDBURLA,2026-07-29,7.41875,7.16,7.69,Naugaon
037-MDBURLA,2026-07-30,8.346666666666666,7.18,9.72,Naugaon
037-MDBURLA,2026-07-31,10.083333333333334,9.79,10.22,Naugaon
037-MDBURLA,2026-08-01,9.379166666666666,8.4,9.92,Naugaon
037-MDBURLA,2026-08-02,7.824583333333333,7.48,8.31,Naugaon
037-MDBURLA,2026-08-03,8.078333333333333,7.97,8.15,Naugaon
037-MDBURLA,2026-08-04,7.778333333333333,7.46,7.96,Naugaon
037-MDBURLA,2026-08-05,7.040833333333333,6.62,7.42,Naugaon
037-MDBURLA,2026-08-06,6.13625,5.94,6.57,Naugaon
037-MDBURLA,2026-08-07,5.632916666666667,5.25,5.92,Naugaon
037-MDBURLA,2026-08-08,5.235416666666667,5.1,5.57,Naugaon
037-MDBURLA,2026-08-09,6.168333333333333,5.62,6.52,Naugaon
037-MDBURLA,2026-08-10,6.660833333333334,6.52,6.97,Naugaon
037-MDBURLA,2026-08-11,7.019583333333333,6.84,7.09,Naugaon
037-MDBURLA,2026-08-12,6.504166666666666,6.24,6.8,Naugaon
037-MDBURLA,2026-08-13,5.951250000000001,5.43,6.22,Naugaon
037-MDBURLA,2026-08-14,5.074166666666667,4.7,5.39,Naugaon
037-MDBURLA,2026-08-15,4.5925,4.35,4.69,Naugaon
037-MDBURLA,2026-08-16,4.166666666666667,4.11,4.32,Naugaon
037-MDBURLA,2026-08-17,4.08375,4.08,4.11,Naugaon
037-MDBURLA,2026-08-18,4.091666666666667,4.08,4.12,Naugaon
037-MDBURLA,2026-08-19,4.285416666666666,4.12,4.9,Naugaon
037-MDBURLA,2026-08-20,5.676666666666667,4.98,6.46,Naugaon
037-MDBURLA,2026-08-21,6.609166666666667,6.5,6.67,Naugaon
037-MDBURLA,2026-08-22,6.6475,6.53,6.68,Naugaon
037-MDBURLA,2026-08-23,6.020833333333333,5.3,6.5,Naugaon
037-MDBURLA,2026-08-24,4.85875,4.67,5.25,Naugaon
037-MDBURLA,2026-08-25,4.6433333333333335,4.41,4.75,Naugaon
037-MDBURLA,2026-08-26,5.81125,4.41,7.42,Naugaon
037-MDBURLA,2026-08-27,7.72125,7.48,7.86,Naugaon
037-MDBURLA,2026-08-28,7.052916666666667,6.73,7.45,Naugaon
037-MDBURLA,2026-08-29,6.39375,5.98,6.7,Naugaon
037-MDBURLA,2026-08-30,5.456470588235295,5.13,5.94,Naugaon
038-MDBURLA,2026-07-01,46.215,46.21,46.22,Khandapada
038-MDBURLA,2026-07-02,46.29363636363637,46.24,46.32,Khandapada
038-MDBURLA,2026-07-03,46.42545454545455,46.36,46.54,Khandapada
038-MDBURLA,2026-07-04,47.10909090909092,46.9,47.31,Khandapada
038-MDBURLA,2026-07-05,48.79454545454546,47.98,49.44,Khandapada
038-MDBURLA,2026-07-06,49.345454545454544,49.21,49.42,Khandapada
038-MDBURLA,2026-07-07,48.73363636363637,48.62,48.87,Khandapada
038-MDBURLA,2026-07-08,48.25181818181818,48.03,48.4,Khandapada
038-MDBURLA,2026-07-09,47.391818181818174,47.33,47.5,Khandapada
038-MDBURLA,2026-07-10,47.058181818181815,46.97,47.18,Khandapada
038-MDBURLA,2026-07-11,46.845454545454544,46.81,46.89,Khandapada
038-MDBURLA,2026-07-12,47.01363636363636,46.92,47.08,Khandapada
038-MDBURLA,2026-07-13,47.190000000000005,47.13,47.22,Khandapada
038-MDBURLA,2026-07-14,46.870000000000005,46.82,46.95,Khandapada
038-MDBURLA,2026-07-15,46.43909090909091,46.4,46.52,Khandapada
038-MDBURLA,2026-07-16,46.46727272727273,46.37,46.76,Khandapada
038-MDBURLA,2026-07-17,49.82909090909091,49.42,50.08,Khandapada
038-MDBURLA,2026-07-18,48.74636363636364,48.67,48.85,Khandapada
038-MDBURLA,2026-07-19,48.16636363636364,48.06,48.29,Khandapada
038-MDBURLA,2026-07-20,47.64909090909091,47.48,47.79,Khandapada
038-MDBURLA,2026-07-21,47.13181818181818,47.06,47.28,Khandapada
038-MDBURLA,2026-07-22,48.73909090909091,48.64,48.8,Khandapada
038-MDBURLA,2026-07-23,48.95636363636363,48.9,48.99,Khandapada
038-MDBURLA,2026-07-24,48.197272727272725,48.06,48.36,Khandapada
038-MDBURLA,2026-07-25,47.74727272727273,47.66,47.81,Khandapada
038-MDBURLA,2026-07-26,47.13999999999999,47.09,47.21,Khandapada
038-MDBURLA,2026-07-27,47.722727272727276,47.62,47.78,Khandapada
038-MDBURLA,2026-07-28,47.85636363636363,47.8,48.0,Khandapada
038-MDBURLA,2026-07-29,48.371818181818185,48.2,48.47,Khandapada
038-MDBURLA,2026-07-30,48.59818181818182,48.3,48.74,Khandapada
038-MDBURLA,2026-07-31,47.95272727272727,47.9,48.01,Khandapada
038-MDBURLA,2026-08-01,47.54272727272728,47.49,47.62,Khandapada
038-MDBURLA,2026-08-02,46.86181818181819,46.78,47.0,Khandapada
038-MDBURLA,2026-08-03,48.38545454545454,48.29,48.44,Khandapada
038-MDBURLA,2026-08-04,48.31545454545455,48.29,48.35,Khandapada
038-MDBURLA,2026-08-05,48.153636363636366,48.08,48.22,Khandapada
038-MDBURLA,2026-08-06,47.804545454545455,47.72,47.9,Khandapada
038-MDBURLA,2026-08-07,48.31818181818182,47.96,49.12,Khandapada
038-MDBURLA,2026-08-08,50.17909090909091,50.12,50.28,Khandapada
038-MDBURLA,2026-08-09,50.445454545454545,50.35,50.5,Khandapada
038-MDBURLA,2026-08-10,49.346363636363634,49.22,49.48,Khandapada
038-MDBURLA,2026-08-11,49.22727272727273,49.01,49.4,Khandapada
038-MDBURLA,2026-08-12,48.722727272727276,48.64,48.86,Khandapada
038-MDBURLA,2026-08-13,47.61636363636364,47.58,47.65,Khandapada
038-MDBURLA,2026-08-14,47.78363636363636,47.74,47.81,Khandapada
038-MDBURLA,2026-08-15,48.22,48.13,48.3,Khandapada
038-MDBURLA,2026-08-16,48.31545454545455,48.18,48.37,Khandapada
038-MDBURLA,2026-08-17,48.48909090909091,48.42,48.56,Khandapada
038-MDBURLA,2026-08-18,48.43454545454545,48.38,48.49,Khandapada
038-MDBURLA,2026-08-19,47.82,47.75,47.86,Khandapada
038-MDBURLA,2026-08-20,47.209999999999994,47.19,47.24,Khandapada
038-MDBURLA,2026-08-21,48.13999999999999,47.99,48.26,Khandapada
038-MDBURLA,2026-08-22,48.24636363636364,48.14,48.32,Khandapada
038-MDBURLA,2026-08-23,47.86818181818182,47.84,47.89,Khandapada
038-MDBURLA,2026-08-24,48.193636363636365,48.1,48.32,Khandapada
038-MDBURLA,2026-08-25,48.196363636363635,48.18,48.22,Khandapada
038-MDBURLA,2026-08-26,47.76818181818182,47.75,47.79,Khandapada
038-MDBURLA,2026-08-27,47.608181818181826,47.57,47.64,Khandapada
038-MDBURLA,2026-08-28,47.41181818181818,47.39,47.45,Khandapada
038-MDBURLA,2026-08-29,47.35181818181818,47.32,47.4,Khandapada
038-MDBURLA,2026-08-30,47.101111111111116,47.08,47.13,Khandapada
039-mdburla,2026-07-01,2.64,2.64,2.64,Nimapada
039-mdburla,2026-07-02,2.6758333333333333,2.64,2.7,Nimapada
039-mdburla,2026-07-03,2.7191666666666667,2.7,2.72,Nimapada
039-mdburla,2026-07-04,2.8183333333333334,2.72,2.98,Nimapada
039-mdburla,2026-07-05,3.1158333333333332,2.98,3.28,Nimapada
039-mdburla,2026-07-06,3.5991666666666666,3.3,3.8,Nimapada
039-mdburla,2026-07-07,3.7708333333333335,3.72,3.8,Nimapada
039-mdburla,2026-07-08,3.6533333333333338,3.56,3.72,Nimapada
039-mdburla,2026-07-09,3.445,3.32,3.56,Nimapada
039-mdburla,2026-07-10,3.2283333333333335,3.18,3.32,Nimapada
039-mdburla,2026-07-11,3.18,3.18,3.18,Nimapada
039-mdburla,2026-07-12,3.18,3.18,3.18,Nimapada
039-mdburla,2026-07-13,3.191666666666667,3.18,3.2,Nimapada
039-mdburla,2026-07-14,3.233333333333334,3.2,3.24,Nimapada
039-mdburla,2026-07-15,3.310833333333333,3.24,3.34,Nimapada
039-mdburla,2026-07-16,3.4941666666666666,3.34,3.54,Nimapada
039-mdburla,2026-07-17,3.6825000000000006,3.54,3.72,Nimapada
039-mdburla,2026-07-18,3.895,3.72,3.96,Nimapada
039-mdburla,2026-07-19,3.9933333333333336,3.96,4.0,Nimapada
039-mdburla,2026-07-20,3.8616666666666664,3.78,4.0,Nimapada
039-mdburla,2026-07-21,3.7541666666666664,3.74,3.78,Nimapada
039-mdburla,2026-07-22,3.6950000000000003,3.68,3.74,Nimapada
039-mdburla,2026-07-23,3.625833333333333,3.6,3.68,Nimapada
039-mdburla,2026-07-24,3.535,3.48,3.6,Nimapada
039-mdburla,2026-07-25,3.4299999999999997,3.42,3.48,Nimapada
039-mdburla,2026-07-26,3.65,3.42,3.88,Nimapada
039-mdburla,2026-07-27,4.016666666666667,3.9,4.04,Nimapada
039-mdburla,2026-07-28,4.035833333333334,4.0,4.06,Nimapada
039-mdburla,2026-07-29,4.6325,4.0,5.28,Nimapada
039-mdburla,2026-07-30,5.2091666666666665,4.66,6.94,Nimapada
039-mdburla,2026-07-31,8.62,7.3,9.04,Nimapada
039-mdburla,2026-08-01,8.6325,7.82,9.04,Nimapada
039-mdburla,2026-08-02,6.206666666666667,5.18,7.68,Nimapada
039-mdburla,2026-08-03,5.475833333333333,5.16,5.68,Nimapada
039-mdburla,2026-08-04,5.478333333333333,5.18,5.7,Nimapada
039-mdburla,2026-08-05,4.779166666666667,4.44,5.16,Nimapada
039-mdburla,2026-08-06,4.215,4.08,4.42,Nimapada
039-mdburla,2026-08-07,3.9933333333333336,3.9,4.08,Nimapada
039-mdburla,2026-08-08,3.845833333333333,3.82,3.9,Nimapada
039-mdburla,2026-08-09,3.7558333333333334,3.68,3.82,Nimapada
039-mdburla,2026-08-10,3.6491666666666664,3.64,3.68,Nimapada
039-mdburla,2026-08-11,3.611666666666667,3.6,3.64,Nimapada
039-mdburla,2026-08-12,3.765833333333333,3.6,3.9,Nimapada
039-mdburla,2026-08-13,3.7641666666666667,3.68,3.88,Nimapada
039-mdburla,2026-08-14,3.68,3.68,3.68,Nimapada
039-mdburla,2026-08-15,3.6333333333333333,3.6,3.68,Nimapada
039-mdburla,2026-08-16,3.6833333333333336,3.6,3.76,Nimapada
039-mdburla,2026-08-17,3.76,3.74,3.8,Nimapada
039-mdburla,2026-08-18,3.704166666666667,3.7,3.74,Nimapada
039-mdburla,2026-08-19,3.5591666666666666,3.46,3.7,Nimapada
039-mdburla,2026-08-20,3.4791666666666665,3.46,3.48,Nimapada
039-mdburla,2026-08-21,3.4491666666666667,3.44,3.48,Nimapada
039-mdburla,2026-08-22,3.44,3.44,3.44,Nimapada
039-mdburla,2026-08-23,3.484166666666667,3.44,3.62,Nimapada
039-mdburla,2026-08-24,3.7183333333333337,3.64,3.74,Nimapada
039-mdburla,2026-08-25,3.6908333333333334,3.64,3.72,Nimapada
039-mdburla,2026-08-26,3.605,3.58,3.64,Nimapada
039-mdburla,2026-08-27,3.6275,3.58,4.02,Nimapada
039-mdburla,2026-08-28,4.664166666666667,4.18,4.84,Nimapada
039-mdburla,2026-08-29,4.219166666666667,3.96,4.54,Nimapada
039-mdburla,2026-08-30,3.8388235294117643,3.8,3.94,Nimapada
042-erdbwn,2026-07-01,26.56,26.56,26.56,Seragad
042-erdbwn,2026-07-02,26.56,26.56,26.56,Seragad
042-erdbwn,2026-07-03,26.56,26.56,26.56,Seragad
042-erdbwn,2026-07-04,26.56,26.56,26.56,Seragad
042-erdbwn,2026-07-05,26.609166666666667,26.56,26.66,Seragad
042-erdbwn,2026-07-06,27.609583333333333,26.66,28.3,Seragad
042-erdbwn,2026-07-07,28.0125,27.7,28.3,Seragad
042-erdbwn,2026-07-08,27.412499999999998,27.1,27.7,Seragad
042-erdbwn,2026-07-09,27.060833333333335,27.0,27.1,Seragad
042-erdbwn,2026-07-10,27.0,27.0,27.0,Seragad
042-erdbwn,2026-07-11,27.0,27.0,27.0,Seragad
042-erdbwn,2026-07-12,27.0,27.0,27.0,Seragad
042-erdbwn,2026-07-13,27.0,27.0,27.0,Seragad
042-erdbwn,2026-07-14,27.0,27.0,27.0,Seragad
042-erdbwn,2026-07-15,27.0,27.0,27.0,Seragad
042-erdbwn,2026-07-16,27.0,27.0,27.0,Seragad
042-erdbwn,2026-07-17,27.0,27.0,27.0,Seragad
042-erdbwn,2026-07-18,27.0,27.0,27.0,Seragad
042-erdbwn,2026-07-19,27.0,27.0,27.0,Seragad
042-erdbwn,2026-07-20,27.0,27.0,27.0,Seragad
042-erdbwn,2026-07-21,27.0,27.0,27.0,Seragad
042-erdbwn,2026-07-22,27.0,27.0,27.0,Seragad
042-erdbwn,2026-07-23,27.102500000000003,27.0,27.2,Seragad
042-erdbwn,2026-07-24,27.150000000000002,27.0,27.2,Seragad
042-erdbwn,2026-07-25,27.2,27.2,27.2,Seragad
042-erdbwn,2026-07-26,27.2,27.2,27.2,Seragad
042-erdbwn,2026-07-27,27.2,27.2,27.2,Seragad
042-erdbwn,2026-07-28,27.2,27.2,27.2,Seragad
042-erdbwn,2026-07-29,27.2,27.2,27.2,Seragad
042-erdbwn,2026-07-30,27.2,27.2,27.2,Seragad
042-erdbwn,2026-07-31,27.2,27.2,27.2,Seragad
042-erdbwn,2026-08-01,27.141666666666666,27.0,27.2,Seragad
042-erdbwn,2026-08-02,27.2,27.2,27.2,Seragad
042-erdbwn,2026-08-03,27.241666666666664,27.2,27.3,Seragad
042-erdbwn,2026-08-04,27.385833333333334,27.2,27.54,Seragad
042-erdbwn,2026-08-05,27.540000000000003,27.54,27.54,Seragad
042-erdbwn,2026-08-06,27.540000000000003,27.54,27.54,Seragad
042-erdbwn,2026-08-07,27.655,27.54,27.78,Seragad
042-erdbwn,2026-08-08,28.03,27.78,28.38,Seragad
042-erdbwn,2026-08-09,28.63,28.38,28.8,Seragad
042-erdbwn,2026-08-10,28.397499999999997,27.96,28.8,Seragad
042-erdbwn,2026-08-11,27.959999999999997,27.96,27.96,Seragad
042-erdbwn,2026-08-12,27.959999999999997,27.96,27.96,Seragad
042-erdbwn,2026-08-13,27.959999999999997,27.96,27.96,Seragad
042-erdbwn,2026-08-14,27.959999999999997,27.96,27.96,Seragad
042-erdbwn,2026-08-15,27.959999999999997,27.96,27.96,Seragad
042-erdbwn,2026-08-16,27.959999999999997,27.96,27.96,Seragad
042-erdbwn,2026-08-17,27.959999999999997,27.96,27.96,Seragad
042-erdbwn,2026-08-18,27.865416666666665,27.2,27.97,Seragad
042-erdbwn,2026-08-19,27.959999999999997,27.96,27.96,Seragad
042-erdbwn,2026-08-20,27.959999999999997,27.96,27.96,Seragad
042-erdbwn,2026-08-21,27.959999999999997,27.96,27.96,Seragad
042-erdbwn,2026-08-22,27.959999999999997,27.96,27.96,Seragad
042-erdbwn,2026-08-23,27.959999999999997,27.96,27.96,Seragad
042-erdbwn,2026-08-24,28.324166666666667,27.96,28.68,Seragad
042-erdbwn,2026-08-25,28.555000000000003,28.38,28.68,Seragad
042-erdbwn,2026-08-26,28.258333333333336,28.08,28.38,Seragad
042-erdbwn,2026-08-27,27.885,27.72,28.08,Seragad
042-erdbwn,2026-08-28,27.72,27.72,27.72,Seragad
042-erdbwn,2026-08-29,27.72,27.72,27.72,Seragad
042-erdbwn,2026-08-30,27.72,27.72,27.72,Seragad
046-MDBURLA,2026-07-01,10.625,10.62,10.63,Kishannagar
046-MDBURLA,2026-07-02,10.383636363636363,10.37,10.42,Kishannagar
046-MDBURLA,2026-07-03,10.617272727272727,10.5,10.73,Kishannagar
046-MDBURLA,2026-07-04,10.752727272727272,10.7,10.86,Kishannagar
046-MDBURLA,2026-07-05,11.22181818181818,11.08,11.32,Kishannagar
046-MDBURLA,2026-07-06,11.568181818181818,11.53,11.6,Kishannagar
046-MDBURLA,2026-07-07,13.57,13.38,13.8,Kishannagar
046-MDBURLA,2026-07-08,14.415454545454544,14.36,14.45,Kishannagar
046-MDBURLA,2026-07-09,13.44909090909091,13.21,13.75,Kishannagar
046-MDBURLA,2026-07-10,12.832727272727272,12.72,12.96,Kishannagar
046-MDBURLA,2026-07-11,12.462727272727273,12.38,12.56,Kishannagar
046-MDBURLA,2026-07-12,12.92,12.62,13.29,Kishannagar
046-MDBURLA,2026-07-13,13.135454545454547,13.06,13.24,Kishannagar
046-MDBURLA,2026-07-14,12.80909090909091,12.64,12.96,Kishannagar
046-MDBURLA,2026-07-15,12.425454545454546,12.35,12.52,Kishannagar
046-MDBURLA,2026-07-16,12.32090909090909,12.31,12.33,Kishannagar
046-MDBURLA,2026-07-17,12.32909090909091,12.28,12.48,Kishannagar
046-MDBURLA,2026-07-18,12.63,12.61,12.7,Kishannagar
046-MDBURLA,2026-07-19,13.57181818181818,13.47,13.61,Kishannagar
046-MDBURLA,2026-07-20,13.075454545454546,12.97,13.2,Kishannagar
046-MDBURLA,2026-07-21,12.83090909090909,12.79,12.88,Kishannagar
046-MDBURLA,2026-07-22,13.156363636363636,13.1,13.21,Kishannagar
046-MDBURLA,2026-07-23,13.604545454545455,13.51,13.68,Kishannagar
046-MDBURLA,2026-07-24,14.12,14.02,14.22,Kishannagar
046-MDBURLA,2026-07-25,14.340909090909092,14.26,14.4,Kishannagar
046-MDBURLA,2026-07-26,14.17090909090909,14.08,14.26,Kishannagar
046-MDBURLA,2026-07-27,14.259090909090908,14.14,14.37,Kishannagar
046-MDBURLA,2026-07-28,14.694545454545453,14.64,14.76,Kishannagar
046-MDBURLA,2026-07-29,14.482727272727272,14.4,14.58,Kishannagar
046-MDBURLA,2026-07-30,14.960909090909091,14.9,15.0,Kishannagar
046-MDBURLA,2026-07-31,15.084545454545456,15.02,15.17,Kishannagar
046-MDBURLA,2026-08-01,14.786363636363637,14.62,14.93,Kishannagar
046-MDBURLA,2026-08-02,14.313636363636363,14.21,14.49,Kishannagar
046-MDBURLA,2026-08-03,14.530000000000001,14.49,14.55,Kishannagar
046-MDBURLA,2026-08-04,14.360909090909091,14.32,14.41,Kishannagar
046-MDBURLA,2026-08-05,14.140909090909092,14.06,14.2,Kishannagar
046-MDBURLA,2026-08-06,14.112727272727273,14.05,14.14,Kishannagar
046-MDBURLA,2026-08-07,13.978181818181817,13.89,14.03,Kishannagar
046-MDBURLA,2026-08-08,14.05909090909091,13.96,14.15,Kishannagar
046-MDBURLA,2026-08-09,14.314545454545454,14.24,14.35,Kishannagar
046-MDBURLA,2026-08-10,14.397272727272728,14.38,14.43,Kishannagar
046-MDBURLA,2026-08-11,14.534545454545453,14.47,14.56,Kishannagar
046-MDBURLA,2026-08-12,14.17,14.12,14.22,Kishannagar
046-MDBURLA,2026-08-13,14.09818181818182,14.07,14.17,Kishannagar
046-MDBURLA,2026-08-14,13.760000000000002,13.71,13.84,Kishannagar
046-MDBURLA,2026-08-15,13.469999999999999,13.42,13.52,Kishannagar
046-MDBURLA,2026-08-16,13.240909090909092,13.22,13.28,Kishannagar
046-MDBURLA,2026-08-17,13.161818181818182,13.12,13.19,Kishannagar
046-MDBURLA,2026-08-18,13.193636363636363,13.17,13.2,Kishannagar
046-MDBURLA,2026-08-19,13.298181818181819,13.26,13.32,Kishannagar
046-MDBURLA,2026-08-20,14.22272727272727,14.08,14.35,Kishannagar
046-MDBURLA,2026-08-21,14.373636363636365,14.34,14.4,Kishannagar
046-MDBURLA,2026-08-22,14.365454545454547,14.1,14.4,Kishannagar
046-MDBURLA,2026-08-23,14.123636363636363,14.07,14.2,Kishannagar
046-MDBURLA,2026-08-24,13.573636363636364,13.49,13.63,Kishannagar
046-MDBURLA,2026-08-25,13.425454545454546,13.4,13.46,Kishannagar
046-MDBURLA,2026-08-26,14.32181818181818,13.9,14.66,Kishannagar
046-MDBURLA,2026-08-27,14.703636363636365,14.62,14.75,Kishannagar
046-MDBURLA,2026-08-28,14.539090909090909,14.52,14.55,Kishannagar
046-MDBURLA,2026-08-29,14.263636363636364,14.2,14.3,Kishannagar
046-MDBURLA,2026-08-30,14.001111111111111,13.99,14.01,Kishannagar
047-MDBURLA,2026-07-01,6.41,6.41,6.41,Jagatsinghapur
047-MDBURLA,2026-07-02,6.170909090909091,6.17,6.18,Jagatsinghapur
047-MDBURLA,2026-07-03,6.329999999999999,6.31,6.35,Jagatsinghapur
047-MDBURLA,2026-07-04,6.370000000000001,6.37,6.37,Jagatsinghapur
047-MDBURLA,2026-07-05,7.107272727272728,6.87,7.24,Jagatsinghapur
047-MDBURLA,2026-07-06,7.429090909090909,7.4,7.48,Jagatsinghapur
047-MDBURLA,2026-07-07,8.973636363636363,8.82,9.26,Jagatsinghapur
047-MDBURLA,2026-07-08,10.04,9.97,10.08,Jagatsinghapur
047-MDBURLA,2026-07-09,9.145454545454545,8.84,9.47,Jagatsinghapur
047-MDBURLA,2026-07-10,8.37,8.19,8.52,Jagatsinghapur
047-MDBURLA,2026-07-11,7.882727272727272,7.8,7.99,Jagatsinghapur
047-MDBURLA,2026-07-12,8.200909090909091,7.77,8.72,Jagatsinghapur
047-MDBURLA,2026-07-13,8.68090909090909,8.55,8.8,Jagatsinghapur
047-MDBURLA,2026-07-14,8.35909090909091,8.19,8.49,Jagatsinghapur
047-MDBURLA,2026-07-15,7.816363636363636,7.75,7.85,Jagatsinghapur
047-MDBURLA,2026-07-16,7.6863636363636365,7.67,7.7,Jagatsinghapur
047-MDBURLA,2026-07-17,7.623636363636364,7.59,7.66,Jagatsinghapur
047-MDBURLA,2026-07-18,7.988181818181818,7.95,8.04,Jagatsinghapur
047-MDBURLA,2026-07-19,9.034545454545455,8.96,9.08,Jagatsinghapur
047-MDBURLA,2026-07-20,8.68090909090909,8.53,8.89,Jagatsinghapur
047-MDBURLA,2026-07-21,8.27818181818182,8.19,8.34,Jagatsinghapur
047-MDBURLA,2026-07-22,8.537272727272727,8.43,8.66,Jagatsinghapur
047-MDBURLA,2026-07-23,8.981818181818182,8.87,9.12,Jagatsinghapur
047-MDBURLA,2026-07-24,9.67,9.58,9.79,Jagatsinghapur
047-MDBURLA,2026-07-25,10.012727272727274,9.94,10.05,Jagatsinghapur
047-MDBURLA,2026-07-26,9.935454545454546,9.74,10.07,Jagatsinghapur
047-MDBURLA,2026-07-27,9.84,9.72,9.99,Jagatsinghapur
047-MDBURLA,2026-07-28,10.368181818181817,10.32,10.41,Jagatsinghapur
047-MDBURLA,2026-07-29,10.305454545454545,10.24,10.39,Jagatsinghapur
047-MDBURLA,2026-07-30,10.64,10.48,10.71,Jagatsinghapur
047-MDBURLA,2026-07-31,10.804545454545455,10.8,10.82,Jagatsinghapur
047-MDBURLA,2026-08-01,10.610909090909091,10.49,10.71,Jagatsinghapur
047-MDBURLA,2026-08-02,9.905454545454544,9.83,10.08,Jagatsinghapur
047-MDBURLA,2026-08-03,10.277272727272727,10.24,10.31,Jagatsinghapur
047-MDBURLA,2026-08-04,10.147272727272728,10.1,10.24,Jagatsinghapur
047-MDBURLA,2026-08-05,9.862727272727271,9.78,9.94,Jagatsinghapur
047-MDBURLA,2026-08-06,9.817272727272728,9.79,9.85,Jagatsinghapur
047-MDBURLA,2026-08-07,9.75,9.6,9.85,Jagatsinghapur
047-MDBURLA,2026-08-08,9.66909090909091,9.55,9.81,Jagatsinghapur
047-MDBURLA,2026-08-09,9.925454545454546,9.84,10.0,Jagatsinghapur
047-MDBURLA,2026-08-10,10.124545454545455,10.0,10.21,Jagatsinghapur
047-MDBURLA,2026-08-11,10.254545454545454,10.21,10.27,Jagatsinghapur
047-MDBURLA,2026-08-12,9.901818181818182,9.82,10.0,Jagatsinghapur
047-MDBURLA,2026-08-13,9.709090909090909,9.69,9.75,Jagatsinghapur
047-MDBURLA,2026-08-14,9.356363636363637,9.28,9.46,Jagatsinghapur
047-MDBURLA,2026-08-15,8.984545454545454,8.93,9.05,Jagatsinghapur
047-MDBURLA,2026-08-16,8.57,8.55,8.59,Jagatsinghapur
047-MDBURLA,2026-08-17,8.455454545454545,8.43,8.47,Jagatsinghapur
047-MDBURLA,2026-08-18,8.57,8.53,8.61,Jagatsinghapur
047-MDBURLA,2026-08-19,8.758181818181818,8.7,8.89,Jagatsinghapur
047-MDBURLA,2026-08-20,9.758181818181818,9.51,9.97,Jagatsinghapur
047-MDBURLA,2026-08-21,10.05909090909091,10.04,10.07,Jagatsinghapur
047-MDBURLA,2026-08-22,10.05909090909091,10.04,10.07,Jagatsinghapur
047-MDBURLA,2026-08-23,9.651818181818182,9.51,9.82,Jagatsinghapur
047-MDBURLA,2026-08-24,9.096363636363636,9.03,9.19,Jagatsinghapur
047-MDBURLA,2026-08-25,8.91909090909091,8.9,8.96,Jagatsinghapur
047-MDBURLA,2026-08-26,9.735454545454546,9.25,10.25,Jagatsinghapur
047-MDBURLA,2026-08-27,10.549090909090909,10.48,10.59,Jagatsinghapur
047-MDBURLA,2026-08-28,10.295454545454545,10.27,10.34,Jagatsinghapur
047-MDBURLA,2026-08-29,9.963636363636363,9.84,10.09,Jagatsinghapur
047-MDBURLA,2026-08-30,9.657777777777778,9.57,9.73,Jagatsinghapur
048-ERDBWN,2026-07-01,152.74285714285716,152.73,152.76,Seskhal
048-ERDBWN,2026-07-02,152.66166666666666,152.62,152.73,Seskhal
048-ERDBWN,2026-07-03,152.71458333333334,152.62,152.74,Seskhal
048-ERDBWN,2026-07-04,152.85791666666668,152.72,152.91,Seskhal
048-ERDBWN,2026-07-05,153.37791666666666,152.88,154.1,Seskhal
048-ERDBWN,2026-07-06,153.39625,152.9,154.15,Seskhal
048-ERDBWN,2026-07-07,152.82541666666665,152.78,152.9,Seskhal
048-ERDBWN,2026-07-08,152.70708333333332,152.64,152.78,Seskhal
048-ERDBWN,2026-07-09,152.57791666666665,152.54,152.64,Seskhal
048-ERDBWN,2026-07-10,152.61249999999998,152.54,152.68,Seskhal
048-ERDBWN,2026-07-11,152.8075,152.64,152.94,Seskhal
048-ERDBWN,2026-07-12,152.58416666666668,152.54,152.7,Seskhal
048-ERDBWN,2026-07-13,152.51416666666668,152.5,152.54,Seskhal
048-ERDBWN,2026-07-14,152.4775,152.46,152.5,Seskhal
048-ERDBWN,2026-07-15,152.4625,152.44,152.48,Seskhal
048-ERDBWN,2026-07-16,152.43416666666667,152.42,152.46,Seskhal
048-ERDBWN,2026-07-17,152.49583333333334,152.42,152.58,Seskhal
048-ERDBWN,2026-07-18,153.03708333333333,152.58,153.24,Seskhal
048-ERDBWN,2026-07-19,152.88,152.8,153.04,Seskhal
048-ERDBWN,2026-07-20,152.67708333333334,152.64,152.8,Seskhal
048-ERDBWN,2026-07-21,152.61416666666665,152.6,152.64,Seskhal
048-ERDBWN,2026-07-22,152.59125,152.54,152.66,Seskhal
048-ERDBWN,2026-07-23,153.17291666666668,152.66,153.5,Seskhal
048-ERDBWN,2026-07-24,153.28166666666667,153.22,153.3,Seskhal
048-ERDBWN,2026-07-25,153.17249999999999,153.08,153.2,Seskhal
048-ERDBWN,2026-07-26,153.07458333333335,153.06,153.08,Seskhal
048-ERDBWN,2026-07-27,153.11625,153.03,153.24,Seskhal
048-ERDBWN,2026-07-28,153.24541666666667,153.18,153.36,Seskhal
048-ERDBWN,2026-07-29,153.65875,153.38,153.9,Seskhal
048-ERDBWN,2026-07-30,154.1425,153.7,154.4,Seskhal
048-ERDBWN,2026-07-31,153.24541666666667,153.12,153.6,Seskhal
048-ERDBWN,2026-08-01,152.96,152.88,153.12,Seskhal
048-ERDBWN,2026-08-02,152.7675,152.7,152.88,Seskhal
048-ERDBWN,2026-08-03,152.6625,152.61,152.7,Seskhal
048-ERDBWN,2026-08-04,152.65791666666667,152.61,152.68,Seskhal
048-ERDBWN,2026-08-05,152.61499999999998,152.6,152.63,Seskhal
048-ERDBWN,2026-08-06,152.58208333333334,152.55,152.6,Seskhal
048-ERDBWN,2026-08-07,152.54333333333332,152.54,152.55,Seskhal
048-ERDBWN,2026-08-08,152.64124999999999,152.54,152.72,Seskhal
048-ERDBWN,2026-08-09,152.76333333333332,152.72,152.78,Seskhal
048-ERDBWN,2026-08-10,152.78208333333333,152.76,152.8,Seskhal
048-ERDBWN,2026-08-11,152.76791666666665,152.7,152.79,Seskhal
048-ERDBWN,2026-08-12,152.69208333333333,152.68,152.7,Seskhal
048-ERDBWN,2026-08-13,152.64208333333332,152.6,152.68,Seskhal
048-ERDBWN,2026-08-14,152.64583333333334,152.6,152.7,Seskhal
048-ERDBWN,2026-08-15,152.82500000000002,152.7,152.88,Seskhal
048-ERDBWN,2026-08-16,152.77208333333334,152.74,152.82,Seskhal
048-ERDBWN,2026-08-17,152.68333333333334,152.66,152.74,Seskhal
048-ERDBWN,2026-08-18,152.6470833333333,152.64,152.66,Seskhal
048-ERDBWN,2026-08-19,152.70291666666665,152.64,152.76,Seskhal
048-ERDBWN,2026-08-20,152.6833333333333,152.64,152.76,Seskhal
048-ERDBWN,2026-08-21,152.62833333333333,152.6,152.64,Seskhal
048-ERDBWN,2026-08-22,152.68875,152.6,152.84,Seskhal
048-ERDBWN,2026-08-23,153.22333333333333,152.84,153.6,Seskhal
048-ERDBWN,2026-08-24,153.56541666666666,153.1,154.22,Seskhal
048-ERDBWN,2026-08-25,153.755,153.44,154.22,Seskhal
048-ERDBWN,2026-08-26,153.29708333333335,153.23,153.42,Seskhal
048-ERDBWN,2026-08-27,153.10125,153.05,153.22,Seskhal
048-ERDBWN,2026-08-28,152.97208333333333,152.95,153.04,Seskhal
048-ERDBWN,2026-08-29,152.97083333333333,152.94,153.0,Seskhal
048-ERDBWN,2026-08-30,152.94882352941178,152.93,152.97,Seskhal
048-MDBURLA,2026-07-01,13.08,13.08,13.08,Cuttack (M.Corp.) P.S
048-MDBURLA,2026-07-02,13.094166666666666,13.08,13.1,Cuttack (M.Corp.) P.S
048-MDBURLA,2026-07-03,13.113333333333332,13.1,13.14,Cuttack (M.Corp.) P.S
048-MDBURLA,2026-07-04,13.173333333333334,13.14,13.22,Cuttack (M.Corp.) P.S
048-MDBURLA,2026-07-05,13.319166666666668,13.22,13.4,Cuttack (M.Corp.) P.S
048-MDBURLA,2026-07-06,13.54,13.4,14.18,Cuttack (M.Corp.) P.S
048-MDBURLA,2026-07-07,15.9425,14.38,17.24,Cuttack (M.Corp.) P.S
048-MDBURLA,2026-07-08,17.241666666666667,16.76,17.38,Cuttack (M.Corp.) P.S
048-MDBURLA,2026-07-09,16.0425,15.36,16.7,Cuttack (M.Corp.) P.S
048-MDBURLA,2026-07-10,15.061666666666667,14.92,15.32,Cuttack (M.Corp.) P.S
048-MDBURLA,2026-07-11,14.76,14.58,14.92,Cuttack (M.Corp.) P.S
048-MDBURLA,2026-07-12,14.955,14.62,15.24,Cuttack (M.Corp.) P.S
048-MDBURLA,2026-07-13,15.176363636363636,15.12,15.24,Cuttack (M.Corp.) P.S
048-MDBURLA,2026-07-14,14.875833333333333,14.7,15.06,Cuttack (M.Corp.) P.S
048-MDBURLA,2026-07-15,14.518333333333333,14.4,14.68,Cuttack (M.Corp.) P.S
048-MDBURLA,2026-07-16,14.324166666666665,14.26,14.4,Cuttack (M.Corp.) P.S
048-MDBURLA,2026-07-17,14.355833333333335,14.26,14.44,Cuttack (M.Corp.) P.S
048-MDBURLA,2026-07-18,14.908333333333333,14.44,15.68,Cuttack (M.Corp.) P.S
048-MDBURLA,2026-07-19,15.8775,15.72,16.0,Cuttack (M.Corp.) P.S
048-MDBURLA,2026-07-20,15.2325,14.86,15.68,Cuttack (M.Corp.) P.S
048-MDBURLA,2026-07-21,14.71,14.66,14.84,Cuttack (M.Corp.) P.S
048-MDBURLA,2026-07-22,15.133333333333333,14.74,15.44,Cuttack (M.Corp.) P.S
048-MDBURLA,2026-07-23,15.754166666666668,15.46,16.38,Cuttack (M.Corp.) P.S
048-MDBURLA,2026-07-24,16.9525,16.5,17.1,Cuttack (M.Corp.) P.S
048-MDBURLA,2026-07-25,17.150000000000002,17.12,17.18,Cuttack (M.Corp.) P.S
048-MDBURLA,2026-07-26,16.940833333333334,16.78,17.1,Cuttack (M.Corp.) P.S
048-MDBURLA,2026-07-27,17.02,16.6,17.86,Cuttack (M.Corp.) P.S
048-MDBURLA,2026-07-28,18.180833333333336,17.86,18.44,Cuttack (M.Corp.) P.S
048-MDBURLA,2026-07-29,17.710833333333333,17.56,17.84,Cuttack (M.Corp.) P.S
048-MDBURLA,2026-07-30,19.247916666666665,17.8,20.12,Cuttack (M.Corp.) P.S
048-MDBURLA,2026-07-31,20.211666666666666,19.92,20.4,Cuttack (M.Corp.) P.S
048-MDBURLA,2026-08-01,19.341666666666665,17.96,19.9,Cuttack (M.Corp.) P.S
048-MDBURLA,2026-08-02,18.049166666666668,17.88,18.62,Cuttack (M.Corp.) P.S
048-MDBURLA,2026-08-03,18.49,18.36,18.7,Cuttack (M.Corp.) P.S
048-MDBURLA,2026-08-04,18.18166666666667,17.86,18.34,Cuttack (M.Corp.) P.S
048-MDBURLA,2026-08-05,17.470833333333335,17.18,17.82,Cuttack (M.Corp.) P.S
048-MDBURLA,2026-08-06,16.80333333333333,16.64,17.14,Cuttack (M.Corp.) P.S
048-MDBURLA,2026-08-07,16.455833333333334,16.24,16.62,Cuttack (M.Corp.) P.S
048-MDBURLA,2026-08-08,16.455833333333334,16.12,17.06,Cuttack (M.Corp.) P.S
048-MDBURLA,2026-08-09,17.160833333333333,17.06,17.24,Cuttack (M.Corp.) P.S
048-MDBURLA,2026-08-10,17.355833333333333,17.24,17.68,Cuttack (M.Corp.) P.S
048-MDBURLA,2026-08-11,17.679166666666667,17.36,17.84,Cuttack (M.Corp.) P.S
048-MDBURLA,2026-08-12,17.037499999999998,16.86,17.32,Cuttack (M.Corp.) P.S
048-MDBURLA,2026-08-13,16.6175,16.22,16.84,Cuttack (M.Corp.) P.S
048-MDBURLA,2026-08-14,15.943333333333333,15.78,16.18,Cuttack (M.Corp.) P.S
048-MDBURLA,2026-08-15,15.695833333333333,15.58,15.78,Cuttack (M.Corp.) P.S
048-MDBURLA,2026-08-16,15.35,15.22,15.56,Cuttack (M.Corp.) P.S
048-MDBURLA,2026-08-17,15.210833333333333,15.2,15.22,Cuttack (M.Corp.) P.S
048-MDBURLA,2026-08-18,15.290416666666667,15.2,15.38,Cuttack (M.Corp.) P.S
048-MDBURLA,2026-08-19,15.5725,15.38,16.0,Cuttack (M.Corp.) P.S
048-MDBURLA,2026-08-20,16.698333333333334,16.06,17.38,Cuttack (M.Corp.) P.S
048-MDBURLA,2026-08-21,17.328333333333333,17.26,17.4,Cuttack (M.Corp.) P.S
048-MDBURLA,2026-08-22,17.196666666666665,17.04,17.26,Cuttack (M.Corp.) P.S
048-MDBURLA,2026-08-23,16.468333333333334,15.9,17.0,Cuttack (M.Corp.) P.S
048-MDBURLA,2026-08-24,15.756666666666666,15.7,15.86,Cuttack (M.Corp.) P.S
048-MDBURLA,2026-08-25,15.6075,15.56,15.7,Cuttack (M.Corp.) P.S
048-MDBURLA,2026-08-26,16.93916666666667,15.64,18.42,Cuttack (M.Corp.) P.S
048-MDBURLA,2026-08-27,18.094166666666666,17.6,18.42,Cuttack (M.Corp.) P.S
048-MDBURLA,2026-08-28,17.400000000000002,17.24,17.56,Cuttack (M.Corp.) P.S
048-MDBURLA,2026-08-29,16.945,16.48,17.22,Cuttack (M.Corp.) P.S
048-MDBURLA,2026-08-30,16.06823529411765,15.84,16.42,Cuttack (M.Corp.) P.S
049-ERDBWN,2026-07-01,23.404285714285713,23.36,23.43,Bhuban
049-ERDBWN,2026-07-02,23.463333333333335,23.43,23.51,Bhuban
049-ERDBWN,2026-07-03,23.482083333333335,23.44,23.51,Bhuban
049-ERDBWN,2026-07-04,23.462500000000002,23.4,23.5,Bhuban
049-ERDBWN,2026-07-05,23.732083333333335,23.51,24.07,Bhuban
049-ERDBWN,2026-07-06,24.837500000000002,24.09,25.39,Bhuban
049-ERDBWN,2026-07-07,25.10875,24.67,25.43,Bhuban
049-ERDBWN,2026-07-08,24.86708333333333,24.33,25.49,Bhuban
049-ERDBWN,2026-07-09,24.01375,23.76,24.32,Bhuban
049-ERDBWN,2026-07-10,23.6825,23.64,23.75,Bhuban
049-ERDBWN,2026-07-11,23.603333333333335,23.57,23.64,Bhuban
049-ERDBWN,2026-07-12,23.491249999999997,23.42,23.57,Bhuban
049-ERDBWN,2026-07-13,23.296666666666667,23.16,23.42,Bhuban
049-ERDBWN,2026-07-14,23.08125,23.03,23.18,Bhuban
049-ERDBWN,2026-07-15,23.045416666666668,23.03,23.06,Bhuban
049-ERDBWN,2026-07-16,23.645458333333334,23.06,24.91,Bhuban
049-ERDBWN,2026-07-17,26.25916666666667,24.93,26.8,Bhuban
049-ERDBWN,2026-07-18,25.558333333333334,25.07,26.1,Bhuban
049-ERDBWN,2026-07-19,24.66416666666667,24.45,25.01,Bhuban
049-ERDBWN,2026-07-20,24.31958333333333,24.28,24.45,Bhuban
049-ERDBWN,2026-07-21,24.43041666666667,24.28,24.74,Bhuban
049-ERDBWN,2026-07-22,25.07041666666667,24.8,25.52,Bhuban
049-ERDBWN,2026-07-23,25.51,25.26,25.69,Bhuban
049-ERDBWN,2026-07-24,25.152083333333334,24.74,25.3,Bhuban
049-ERDBWN,2026-07-25,24.443749999999998,24.19,24.72,Bhuban
049-ERDBWN,2026-07-26,24.48375,24.07,24.94,Bhuban
049-ERDBWN,2026-07-27,26.24208333333333,24.99,26.67,Bhuban
049-ERDBWN,2026-07-28,26.435000000000002,26.35,26.66,Bhuban
049-ERDBWN,2026-07-29,28.068749999999998,26.52,29.3,Bhuban
049-ERDBWN,2026-07-30,28.359583333333333,27.3,29.33,Bhuban
049-ERDBWN,2026-07-31,26.596666666666668,26.4,27.2,Bhuban
049-ERDBWN,2026-08-01,26.59375,26.48,26.67,Bhuban
049-ERDBWN,2026-08-02,26.553749999999997,26.5,26.57,Bhuban
049-ERDBWN,2026-08-03,26.435833333333335,26.37,26.56,Bhuban
049-ERDBWN,2026-08-04,26.36916666666667,26.35,26.39,Bhuban
049-ERDBWN,2026-08-05,26.41625,26.33,26.57,Bhuban
049-ERDBWN,2026-08-06,26.440833333333334,26.35,26.6,Bhuban
049-ERDBWN,2026-08-07,26.535833333333333,26.37,26.69,Bhuban
049-ERDBWN,2026-08-08,26.22083333333333,26.1,26.36,Bhuban
049-ERDBWN,2026-08-09,26.580416666666668,26.17,27.04,Bhuban
049-ERDBWN,2026-08-10,26.55458333333333,26.15,27.0,Bhuban
049-ERDBWN,2026-08-11,26.242500000000003,26.01,26.73,Bhuban
049-ERDBWN,2026-08-12,26.642083333333332,26.47,26.84,Bhuban
049-ERDBWN,2026-08-13,26.625,26.45,26.88,Bhuban
049-ERDBWN,2026-08-14,27.337500000000002,26.62,28.0,Bhuban
049-ERDBWN,2026-08-15,28.542916666666667,28.05,28.75,Bhuban
049-ERDBWN,2026-08-16,28.454583333333332,28.31,28.7,Bhuban
049-ERDBWN,2026-08-17,28.61375,28.58,28.69,Bhuban
049-ERDBWN,2026-08-18,28.48875,28.34,28.59,Bhuban
049-ERDBWN,2026-08-19,27.965416666666666,27.71,28.3,Bhuban
049-ERDBWN,2026-08-20,27.66625,27.55,27.78,Bhuban
049-ERDBWN,2026-08-21,27.719583333333333,27.5,27.88,Bhuban
049-ERDBWN,2026-08-22,27.40833333333333,27.38,27.5,Bhuban
049-ERDBWN,2026-08-23,27.302916666666665,27.27,27.38,Bhuban
049-ERDBWN,2026-08-24,27.270833333333332,27.22,27.31,Bhuban
049-ERDBWN,2026-08-25,27.33375,27.2,27.63,Bhuban
049-ERDBWN,2026-08-26,27.444166666666664,27.37,27.64,Bhuban
049-ERDBWN,2026-08-27,27.24875,27.2,27.45,Bhuban
049-ERDBWN,2026-08-28,27.09958333333333,27.05,27.24,Bhuban
049-ERDBWN,2026-08-29,26.991249999999997,26.94,27.04,Bhuban
049-ERDBWN,2026-08-30,26.61176470588235,26.5,26.93,Bhuban
049-MDBURLA,2026-07-01,9.12,9.12,9.12,Balianta
049-MDBURLA,2026-07-02,9.1,9.1,9.1,Balianta
049-MDBURLA,2026-07-03,9.081818181818182,9.08,9.1,Balianta
049-MDBURLA,2026-07-04,9.138181818181819,9.12,9.14,Balianta
049-MDBURLA,2026-07-05,9.212727272727273,9.18,9.22,Balianta
049-MDBURLA,2026-07-06,9.24,9.24,9.24,Balianta
049-MDBURLA,2026-07-07,9.216363636363637,9.2,9.22,Balianta
049-MDBURLA,2026-07-08,9.194545454545453,9.18,9.2,Balianta
049-MDBURLA,2026-07-09,9.172727272727274,9.16,9.18,Balianta
049-MDBURLA,2026-07-10,9.16,9.16,9.16,Balianta
049-MDBURLA,2026-07-11,9.154545454545454,9.14,9.16,Balianta
049-MDBURLA,2026-07-12,9.132727272727273,9.12,9.14,Balianta
049-MDBURLA,2026-07-13,9.114545454545453,9.1,9.12,Balianta
049-MDBURLA,2026-07-14,9.118181818181817,9.1,9.12,Balianta
049-MDBURLA,2026-07-15,9.14,9.14,9.14,Balianta
049-MDBURLA,2026-07-16,9.185454545454546,9.16,9.22,Balianta
049-MDBURLA,2026-07-17,9.22,9.22,9.22,Balianta
049-MDBURLA,2026-07-18,9.24,9.24,9.24,Balianta
049-MDBURLA,2026-07-19,9.24,9.24,9.24,Balianta
049-MDBURLA,2026-07-20,9.236363636363636,9.22,9.24,Balianta
049-MDBURLA,2026-07-21,9.24,9.24,9.24,Balianta
049-MDBURLA,2026-07-22,9.24,9.24,9.24,Balianta
049-MDBURLA,2026-07-23,9.227272727272727,9.22,9.24,Balianta
049-MDBURLA,2026-07-24,9.24,9.24,9.24,Balianta
049-MDBURLA,2026-07-25,9.245454545454546,9.24,9.26,Balianta
049-MDBURLA,2026-07-26,9.465454545454545,9.42,9.62,Balianta
049-MDBURLA,2026-07-27,9.72181818181818,9.7,9.74,Balianta
049-MDBURLA,2026-07-28,11.307272727272727,11.2,11.36,Balianta
049-MDBURLA,2026-07-29,10.638181818181819,10.52,10.74,Balianta
049-MDBURLA,2026-07-30,11.894545454545455,10.98,13.14,Balianta
049-MDBURLA,2026-07-31,13.934545454545455,13.8,14.0,Balianta
049-MDBURLA,2026-08-01,12.82,12.32,13.24,Balianta
049-MDBURLA,2026-08-02,10.73090909090909,10.6,11.02,Balianta
049-MDBURLA,2026-08-03,11.299999999999999,11.22,11.38,Balianta
049-MDBURLA,2026-08-04,10.916363636363636,10.8,11.02,Balianta
049-MDBURLA,2026-08-05,10.149090909090908,10.06,10.22,Balianta
049-MDBURLA,2026-08-06,9.727272727272727,9.64,9.8,Balianta
049-MDBURLA,2026-08-07,9.549090909090909,9.52,9.6,Balianta
049-MDBURLA,2026-08-08,9.489090909090908,9.48,9.5,Balianta
049-MDBURLA,2026-08-09,9.42,9.42,9.42,Balianta
049-MDBURLA,2026-08-10,9.536363636363635,9.52,9.54,Balianta
049-MDBURLA,2026-08-11,10.08,10.02,10.12,Balianta
049-MDBURLA,2026-08-12,9.681818181818182,9.62,9.76,Balianta
049-MDBURLA,2026-08-13,9.458181818181819,9.44,9.48,Balianta
049-MDBURLA,2026-08-14,9.370909090909091,9.36,9.38,Balianta
049-MDBURLA,2026-08-15,9.354545454545454,9.34,9.36,Balianta
049-MDBURLA,2026-08-16,9.358181818181817,9.34,9.36,Balianta
049-MDBURLA,2026-08-17,9.34,9.34,9.34,Balianta
049-MDBURLA,2026-08-18,9.33090909090909,9.32,9.34,Balianta
049-MDBURLA,2026-08-19,9.32,9.32,9.32,Balianta
049-MDBURLA,2026-08-20,9.3,9.3,9.3,Balianta
049-MDBURLA,2026-08-21,9.321818181818182,9.3,9.38,Balianta
049-MDBURLA,2026-08-22,9.578181818181818,9.56,9.58,Balianta
049-MDBURLA,2026-08-23,9.483636363636364,9.46,9.5,Balianta
049-MDBURLA,2026-08-24,9.374545454545455,9.36,9.38,Balianta
049-MDBURLA,2026-08-25,9.34909090909091,9.34,9.36,Balianta
049-MDBURLA,2026-08-26,9.36,9.36,9.36,Balianta
049-MDBURLA,2026-08-27,10.96,10.9,11.02,Balianta
049-MDBURLA,2026-08-28,10.08909090909091,9.98,10.2,Balianta
049-MDBURLA,2026-08-29,9.621818181818183,9.58,9.66,Balianta
049-MDBURLA,2026-08-30,9.48,9.48,9.48,Balianta
050-ERDBWN,2026-07-01,133.13285714285715,133.07,133.24,Banei
050-ERDBWN,2026-07-02,133.47958333333335,133.3,133.6,Banei
050-ERDBWN,2026-07-03,133.35541666666666,133.35,133.39,Banei
050-ERDBWN,2026-07-04,133.39,133.39,133.39,Banei
050-ERDBWN,2026-07-05,133.49333333333334,133.39,133.65,Banei
050-ERDBWN,2026-07-06,133.87291666666667,133.65,134.33,Banei
050-ERDBWN,2026-07-07,134.49708333333334,134.39,134.61,Banei
050-ERDBWN,2026-07-08,134.72708333333333,134.64,134.8,Banei
050-ERDBWN,2026-07-09,134.92499999999998,134.81,134.98,Banei
050-ERDBWN,2026-07-10,134.74375,134.52,134.92,Banei
050-ERDBWN,2026-07-11,134.26874999999998,134.15,134.5,Banei
050-ERDBWN,2026-07-12,134.19166666666666,134.15,134.2,Banei
050-ERDBWN,2026-07-13,134.26041666666666,134.2,134.29,Banei
050-ERDBWN,2026-07-14,134.12625,134.08,134.25,Banei
050-ERDBWN,2026-07-15,133.94875,133.87,134.08,Banei
050-ERDBWN,2026-07-16,133.93875,133.87,133.98,Banei
050-ERDBWN,2026-07-17,134.02291666666667,133.91,134.25,Banei
050-ERDBWN,2026-07-18,134.67041666666668,134.27,134.85,Banei
050-ERDBWN,2026-07-19,135.33458333333334,134.87,135.51,Banei
050-ERDBWN,2026-07-20,135.56375,135.25,135.7,Banei
050-ERDBWN,2026-07-21,135.15416666666667,135.15,135.21,Banei
050-ERDBWN,2026-07-22,136.25,135.15,137.36,Banei
050-ERDBWN,2026-07-23,137.1025,136.67,137.42,Banei
050-ERDBWN,2026-07-24,136.17875,135.84,136.63,Banei
050-ERDBWN,2026-07-25,135.78,135.7,136.07,Banei
050-ERDBWN,2026-07-26,136.30083333333332,136.1,136.56,Banei
050-ERDBWN,2026-07-27,135.80833333333334,135.46,136.36,Banei
050-ERDBWN,2026-07-28,136.41,135.4,137.55,Banei
050-ERDBWN,2026-07-29,137.51458333333332,136.87,137.77,Banei
050-ERDBWN,2026-07-30,136.18625,135.78,136.77,Banei
050-ERDBWN,2026-07-31,135.4725,135.29,135.74,Banei
050-ERDBWN,2026-08-01,135.10583333333332,135.0,135.27,Banei
050-ERDBWN,2026-08-02,134.72166666666666,134.57,134.98,Banei
050-ERDBWN,2026-08-03,134.4675,134.42,134.56,Banei
050-ERDBWN,2026-08-04,134.43499999999997,134.42,134.5,Banei
050-ERDBWN,2026-08-05,134.79666666666665,134.51,134.93,Banei
050-ERDBWN,2026-08-06,134.98291666666668,134.7,135.19,Banei
050-ERDBWN,2026-08-07,135.47708333333333,135.19,135.84,Banei
050-ERDBWN,2026-08-08,136.01083333333335,135.86,136.36,Banei
050-ERDBWN,2026-08-09,136.90375,136.44,137.09,Banei
050-ERDBWN,2026-08-10,136.4,136.06,136.73,Banei
050-ERDBWN,2026-08-11,136.07208333333332,135.84,136.5,Banei
050-ERDBWN,2026-08-12,136.50041666666667,136.38,136.56,Banei
050-ERDBWN,2026-08-13,137.09666666666666,136.25,139.02,Banei
050-ERDBWN,2026-08-14,138.03041666666667,137.52,139.02,Banei
050-ERDBWN,2026-08-15,137.63291666666666,137.48,138.02,Banei
050-ERDBWN,2026-08-16,139.21458333333334,138.12,140.0,Banei
050-ERDBWN,2026-08-17,137.41416666666666,136.48,138.35,Banei
050-ERDBWN,2026-08-18,137.82333333333332,136.38,138.88,Banei
050-ERDBWN,2026-08-19,139.21958333333333,138.92,139.33,Banei
050-ERDBWN,2026-08-20,138.15083333333334,137.6,138.98,Banei
050-ERDBWN,2026-08-21,137.01708333333332,136.21,137.58,Banei
050-ERDBWN,2026-08-22,135.92416666666665,135.71,136.09,Banei
050-ERDBWN,2026-08-23,135.50083333333333,135.4,135.69,Banei
050-ERDBWN,2026-08-24,135.74125,135.38,136.72,Banei
050-ERDBWN,2026-08-25,136.80958333333334,136.48,137.09,Banei
050-ERDBWN,2026-08-26,136.30875,136.24,136.47,Banei
050-ERDBWN,2026-08-27,136.17999999999998,136.13,136.24,Banei
050-ERDBWN,2026-08-28,136.115,136.08,136.24,Banei
050-ERDBWN,2026-08-29,136.10375000000002,136.08,136.24,Banei
050-ERDBWN,2026-08-30,136.82,136.28,137.09,Banei
050-MDBURLA,2026-07-01,10.5,10.5,10.5,Uttara P.S
050-MDBURLA,2026-07-02,10.5,10.5,10.5,Uttara P.S
050-MDBURLA,2026-07-03,10.52,10.52,10.52,Uttara P.S
050-MDBURLA,2026-07-04,10.545454545454545,10.54,10.56,Uttara P.S
050-MDBURLA,2026-07-05,10.56,10.56,10.56,Uttara P.S
050-MDBURLA,2026-07-06,10.5875,10.58,10.6,Uttara P.S
050-MDBURLA,2026-07-07,11.19818181818182,11.0,11.22,Uttara P.S
050-MDBURLA,2026-07-08,12.07090909090909,11.96,12.12,Uttara P.S
050-MDBURLA,2026-07-09,11.44909090909091,11.3,11.56,Uttara P.S
050-MDBURLA,2026-07-10,10.81909090909091,10.76,10.99,Uttara P.S
050-MDBURLA,2026-07-11,10.552727272727273,10.54,10.58,Uttara P.S
050-MDBURLA,2026-07-12,10.496363636363638,10.44,10.7,Uttara P.S
050-MDBURLA,2026-07-13,10.94,10.9,10.96,Uttara P.S
050-MDBURLA,2026-07-14,10.68,10.68,10.68,Uttara P.S
050-MDBURLA,2026-07-15,10.501818181818182,10.46,10.54,Uttara P.S
050-MDBURLA,2026-07-16,10.403636363636364,10.4,10.42,Uttara P.S
050-MDBURLA,2026-07-17,10.365,10.36,10.38,Uttara P.S
050-MDBURLA,2026-07-18,10.608,10.58,10.66,Uttara P.S
050-MDBURLA,2026-07-19,11.185,11.14,11.22,Uttara P.S
050-MDBURLA,2026-07-20,10.992727272727272,10.94,11.02,Uttara P.S
050-MDBURLA,2026-07-21,10.7575,10.74,10.78,Uttara P.S
050-MDBURLA,2026-07-22,10.821818181818182,10.8,10.84,Uttara P.S
050-MDBURLA,2026-07-23,11.218181818181817,11.02,11.6,Uttara P.S
050-MDBURLA,2026-07-24,11.96,11.9,12.0,Uttara P.S
050-MDBURLA,2026-07-25,12.07272727272727,12.04,12.1,Uttara P.S
050-MDBURLA,2026-07-26,11.967272727272729,11.94,12.0,Uttara P.S
050-MDBURLA,2026-07-27,11.587272727272726,11.56,11.6,Uttara P.S
050-MDBURLA,2026-07-28,13.212727272727273,13.18,13.24,Uttara P.S
050-MDBURLA,2026-07-29,12.654545454545454,12.52,12.72,Uttara P.S
050-MDBURLA,2026-07-30,14.009090909090908,13.3,14.7,Uttara P.S
050-MDBURLA,2026-07-31,15.276363636363635,15.18,15.36,Uttara P.S
050-MDBURLA,2026-08-01,14.607272727272727,14.28,14.88,Uttara P.S
050-MDBURLA,2026-08-02,12.954545454545455,12.8,13.18,Uttara P.S
050-MDBURLA,2026-08-03,13.392727272727273,13.36,13.42,Uttara P.S
050-MDBURLA,2026-08-04,13.158181818181818,13.1,13.18,Uttara P.S
050-MDBURLA,2026-08-05,12.31090909090909,12.28,12.36,Uttara P.S
050-MDBURLA,2026-08-06,11.7575,11.74,11.78,Uttara P.S
050-MDBURLA,2026-08-07,11.59,11.54,11.62,Uttara P.S
050-MDBURLA,2026-08-08,11.42909090909091,11.38,11.5,Uttara P.S
050-MDBURLA,2026-08-09,11.9825,11.96,12.0,Uttara P.S
050-MDBURLA,2026-08-10,12.092727272727274,12.06,12.12,Uttara P.S
050-MDBURLA,2026-08-11,12.396363636363638,12.38,12.4,Uttara P.S
050-MDBURLA,2026-08-12,11.961818181818183,11.9,12.0,Uttara P.S
050-MDBURLA,2026-08-13,11.768181818181818,11.7,11.82,Uttara P.S
050-MDBURLA,2026-08-14,11.294545454545455,11.22,11.36,Uttara P.S
050-MDBURLA,2026-08-15,11.05090909090909,11.0,11.1,Uttara P.S
050-MDBURLA,2026-08-16,10.867272727272727,10.84,10.9,Uttara P.S
050-MDBURLA,2026-08-17,10.88,10.88,10.88,Uttara P.S
050-MDBURLA,2026-08-18,10.88,10.88,10.88,Uttara P.S
050-MDBURLA,2026-08-19,10.88,10.88,10.88,Uttara P.S
050-MDBURLA,2026-08-20,10.947272727272727,10.92,10.96,Uttara P.S
050-MDBURLA,2026-08-21,12.70909090909091,12.12,12.98,Uttara P.S
050-MDBURLA,2026-08-22,11.996363636363638,11.94,12.04,Uttara P.S
050-MDBURLA,2026-08-23,11.734545454545456,11.66,11.8,Uttara P.S
050-MDBURLA,2026-08-24,11.025454545454545,10.94,11.08,Uttara P.S
050-MDBURLA,2026-08-25,11.063636363636364,11.04,11.08,Uttara P.S
050-MDBURLA,2026-08-26,10.994545454545454,10.74,11.3,Uttara P.S
050-MDBURLA,2026-08-27,13.055454545454547,12.98,13.1,Uttara P.S
050-MDBURLA,2026-08-28,12.267272727272728,12.24,12.34,Uttara P.S
050-MDBURLA,2026-08-29,11.885454545454547,11.8,11.94,Uttara P.S
050-MDBURLA,2026-08-30,11.29875,11.24,11.34,Uttara P.S
051-ERDBWN,2026-07-01,154.02142857142857,154.02,154.03,Reamal
051-ERDBWN,2026-07-02,153.99458333333334,153.96,154.02,Reamal
051-ERDBWN,2026-07-03,154.14458333333334,154.0,154.19,Reamal
051-ERDBWN,2026-07-04,153.89958333333334,153.8,154.1,Reamal
051-ERDBWN,2026-07-05,153.7325,153.71,153.8,Reamal
051-ERDBWN,2026-07-06,154.02875,153.71,154.32,Reamal
051-ERDBWN,2026-07-07,154.31875,154.2,154.4,Reamal
051-ERDBWN,2026-07-08,153.8575,153.61,154.19,Reamal
051-ERDBWN,2026-07-09,153.525,153.47,153.59,Reamal
051-ERDBWN,2026-07-10,153.47,153.47,153.47,Reamal
051-ERDBWN,2026-07-11,153.50125,153.47,153.53,Reamal
051-ERDBWN,2026-07-12,153.47625,153.47,153.5,Reamal
051-ERDBWN,2026-07-13,153.33875,153.29,153.47,Reamal
051-ERDBWN,2026-07-14,153.28208333333333,153.28,153.29,Reamal
051-ERDBWN,2026-07-15,153.33125,153.28,153.34,Reamal
051-ERDBWN,2026-07-16,153.48458333333335,153.34,153.56,Reamal
051-ERDBWN,2026-07-17,153.74958333333333,153.56,153.84,Reamal
051-ERDBWN,2026-07-18,153.72,153.66,153.84,Reamal
051-ERDBWN,2026-07-19,153.53333333333333,153.46,153.66,Reamal
051-ERDBWN,2026-07-20,153.40083333333334,153.37,153.46,Reamal
051-ERDBWN,2026-07-21,154.23625,153.42,154.91,Reamal
051-ERDBWN,2026-07-22,155.3425,154.92,155.46,Reamal
051-ERDBWN,2026-07-23,154.8175,154.59,155.34,Reamal
051-ERDBWN,2026-07-24,154.28791666666666,154.14,154.59,Reamal
051-ERDBWN,2026-07-25,154.13583333333335,154.12,154.15,Reamal
051-ERDBWN,2026-07-26,155.09375,154.15,155.38,Reamal
051-ERDBWN,2026-07-27,154.59,154.42,155.11,Reamal
051-ERDBWN,2026-07-28,155.71125,154.42,158.5,Reamal
051-ERDBWN,2026-07-29,157.08625,155.29,158.5,Reamal
051-ERDBWN,2026-07-30,154.49625,154.49,154.54,Reamal
051-ERDBWN,2026-07-31,155.725,154.55,156.95,Reamal
051-ERDBWN,2026-08-01,154.69,154.64,154.75,Reamal
051-ERDBWN,2026-08-02,154.72125,154.67,154.73,Reamal
051-ERDBWN,2026-08-03,154.43458333333334,154.18,154.73,Reamal
051-ERDBWN,2026-08-04,154.23666666666665,154.16,154.27,Reamal
051-ERDBWN,2026-08-05,154.46291666666667,154.27,154.5,Reamal
051-ERDBWN,2026-08-06,154.3675,154.32,154.5,Reamal
051-ERDBWN,2026-08-07,155.64875,154.38,156.48,Reamal
051-ERDBWN,2026-08-08,155.53958333333335,154.86,156.22,Reamal
051-ERDBWN,2026-08-09,155.635,154.88,156.38,Reamal
051-ERDBWN,2026-08-10,154.63,154.39,154.88,Reamal
051-ERDBWN,2026-08-11,154.29291666666668,154.24,154.37,Reamal
051-ERDBWN,2026-08-12,154.24,154.24,154.24,Reamal
051-ERDBWN,2026-08-13,154.155,154.12,154.24,Reamal
051-ERDBWN,2026-08-14,154.78,154.18,155.74,Reamal
051-ERDBWN,2026-08-15,155.65791666666667,155.08,156.07,Reamal
051-ERDBWN,2026-08-16,155.14708333333334,155.0,155.8,Reamal
051-ERDBWN,2026-08-17,155.64583333333334,155.04,156.02,Reamal
051-ERDBWN,2026-08-18,154.88375,154.74,155.04,Reamal
051-ERDBWN,2026-08-19,154.7575,154.5,155.55,Reamal
051-ERDBWN,2026-08-20,155.37375,154.79,155.96,Reamal
051-ERDBWN,2026-08-21,154.4375,154.09,154.77,Reamal
051-ERDBWN,2026-08-22,153.865,153.78,154.08,Reamal
051-ERDBWN,2026-08-23,153.82125,153.81,153.87,Reamal
051-ERDBWN,2026-08-24,154.46,153.87,154.69,Reamal
051-ERDBWN,2026-08-25,155.10375,154.71,155.91,Reamal
051-ERDBWN,2026-08-26,155.7175,154.77,156.12,Reamal
051-ERDBWN,2026-08-27,154.26125,154.09,154.77,Reamal
051-ERDBWN,2026-08-28,154.07875,154.07,154.08,Reamal
051-ERDBWN,2026-08-29,154.05666666666667,154.05,154.07,Reamal
051-ERDBWN,2026-08-30,154.0658823529412,154.05,154.08,Reamal
051-MDBURLA,2026-07-01,3.4,3.4,3.4,Pipili
051-MDBURLA,2026-07-02,3.4,3.4,3.4,Pipili
051-MDBURLA,2026-07-03,3.4,3.4,3.4,Pipili
051-MDBURLA,2026-07-04,3.4145454545454546,3.4,3.42,Pipili
051-MDBURLA,2026-07-05,3.42,3.42,3.42,Pipili
051-MDBURLA,2026-07-06,3.583636363636364,3.52,3.64,Pipili
051-MDBURLA,2026-07-07,3.809090909090909,3.76,3.84,Pipili
051-MDBURLA,2026-07-08,7.6909090909090905,7.12,7.88,Pipili
051-MDBURLA,2026-07-09,6.596363636363637,6.42,6.86,Pipili
051-MDBURLA,2026-07-10,5.38,5.28,5.48,Pipili
051-MDBURLA,2026-07-11,4.82,4.72,4.92,Pipili
051-MDBURLA,2026-07-12,4.118181818181818,4.04,4.26,Pipili
051-MDBURLA,2026-07-13,4.6054545454545455,4.32,4.96,Pipili
051-MDBURLA,2026-07-14,5.076363636363637,5.04,5.08,Pipili
051-MDBURLA,2026-07-15,4.916363636363636,4.72,5.08,Pipili
051-MDBURLA,2026-07-16,4.354545454545455,4.16,4.52,Pipili
051-MDBURLA,2026-07-17,3.78,3.58,3.98,Pipili
051-MDBURLA,2026-07-18,3.6072727272727274,3.6,3.64,Pipili
051-MDBURLA,2026-07-19,4.3999999999999995,4.2,4.6,Pipili
051-MDBURLA,2026-07-20,5.461818181818182,5.4,5.48,Pipili
051-MDBURLA,2026-07-21,5.256363636363637,5.22,5.3,Pipili
051-MDBURLA,2026-07-22,5.081818181818182,5.06,5.1,Pipili
051-MDBURLA,2026-07-23,5.401818181818182,5.38,5.42,Pipili
051-MDBURLA,2026-07-24,7.0636363636363635,6.9,7.26,Pipili
051-MDBURLA,2026-07-25,7.7727272727272725,7.7,7.8,Pipili
051-MDBURLA,2026-07-26,7.754545454545454,7.74,7.76,Pipili
051-MDBURLA,2026-07-27,7.167272727272728,6.96,7.72,Pipili
051-MDBURLA,2026-07-28,9.24,8.98,9.36,Pipili
051-MDBURLA,2026-07-29,8.872727272727273,8.74,8.96,Pipili
051-MDBURLA,2026-07-30,9.545454545454545,8.92,10.2,Pipili
051-MDBURLA,2026-07-31,11.270909090909091,11.2,11.3,Pipili
051-MDBURLA,2026-08-01,10.927272727272728,10.78,11.02,Pipili
051-MDBURLA,2026-08-02,9.04,8.92,9.16,Pipili
051-MDBURLA,2026-08-03,9.536363636363635,9.52,9.54,Pipili
051-MDBURLA,2026-08-04,9.252727272727272,9.16,9.32,Pipili
051-MDBURLA,2026-08-05,8.398181818181818,8.3,8.48,Pipili
051-MDBURLA,2026-08-06,7.278181818181818,7.18,7.36,Pipili
051-MDBURLA,2026-08-07,6.821818181818182,6.8,6.88,Pipili
051-MDBURLA,2026-08-08,6.098181818181818,6.08,6.12,Pipili
051-MDBURLA,2026-08-09,7.1,7.0,7.2,Pipili
051-MDBURLA,2026-08-10,7.78,7.68,7.88,Pipili
051-MDBURLA,2026-08-11,8.365454545454547,8.3,8.4,Pipili
051-MDBURLA,2026-08-12,7.803636363636364,7.76,7.84,Pipili
051-MDBURLA,2026-08-13,7.221818181818182,7.2,7.24,Pipili
051-MDBURLA,2026-08-14,6.318181818181818,6.28,6.34,Pipili
051-MDBURLA,2026-08-15,5.798181818181818,5.76,5.86,Pipili
051-MDBURLA,2026-08-16,5.452727272727273,5.4,5.5,Pipili
051-MDBURLA,2026-08-17,5.3127272727272725,5.26,5.34,Pipili
051-MDBURLA,2026-08-18,5.26,5.26,5.26,Pipili
051-MDBURLA,2026-08-19,5.250909090909091,5.24,5.26,Pipili
051-MDBURLA,2026-08-20,6.127272727272728,6.08,6.2,Pipili
051-MDBURLA,2026-08-21,7.3927272727272735,7.34,7.48,Pipili
051-MDBURLA,2026-08-22,7.836363636363637,7.8,7.86,Pipili
051-MDBURLA,2026-08-23,7.427272727272728,7.4,7.44,Pipili
051-MDBURLA,2026-08-24,6.007272727272727,5.92,6.06,Pipili
051-MDBURLA,2026-08-25,5.736363636363636,5.72,5.76,Pipili
051-MDBURLA,2026-08-26,5.923636363636363,5.9,5.98,Pipili
051-MDBURLA,2026-08-27,9.22,9.18,9.24,Pipili
051-MDBURLA,2026-08-28,8.507272727272728,8.42,8.56,Pipili
051-MDBURLA,2026-08-29,7.638181818181818,7.54,7.72,Pipili
051-MDBURLA,2026-08-30,6.566666666666666,6.5,6.6,Pipili
052-ERDBWN,2026-07-01,37.778571428571425,37.74,37.81,Tumusingha
052-ERDBWN,2026-07-02,37.869166666666665,37.82,37.94,Tumusingha
052-ERDBWN,2026-07-03,37.84,37.84,37.84,Tumusingha
052-ERDBWN,2026-07-04,37.92583333333334,37.84,38.03,Tumusingha
052-ERDBWN,2026-07-05,38.543749999999996,38.04,39.16,Tumusingha
052-ERDBWN,2026-07-06,39.12166666666666,39.0,39.23,Tumusingha
052-ERDBWN,2026-07-07,39.46458333333333,38.95,40.1,Tumusingha
052-ERDBWN,2026-07-08,38.672916666666666,38.44,39.18,Tumusingha
052-ERDBWN,2026-07-09,38.354166666666664,38.3,38.44,Tumusingha
052-ERDBWN,2026-07-10,38.276666666666664,38.26,38.32,Tumusingha
052-ERDBWN,2026-07-11,38.218333333333334,38.12,38.32,Tumusingha
052-ERDBWN,2026-07-12,37.965833333333336,37.85,38.1,Tumusingha
052-ERDBWN,2026-07-13,37.755833333333335,37.7,37.84,Tumusingha
052-ERDBWN,2026-07-14,37.69166666666666,37.66,37.8,Tumusingha
052-ERDBWN,2026-07-15,37.862500000000004,37.66,37.95,Tumusingha
052-ERDBWN,2026-07-16,39.91375,37.96,41.32,Tumusingha
052-ERDBWN,2026-07-17,40.52833333333333,39.82,41.32,Tumusingha
052-ERDBWN,2026-07-18,39.21208333333333,39.04,39.8,Tumusingha
052-ERDBWN,2026-07-19,38.87166666666666,38.67,39.04,Tumusingha
052-ERDBWN,2026-07-20,38.6725,38.66,38.71,Tumusingha
052-ERDBWN,2026-07-21,38.64875,38.53,38.88,Tumusingha
052-ERDBWN,2026-07-22,39.3975,38.92,40.1,Tumusingha
052-ERDBWN,2026-07-23,39.503750000000004,39.24,39.94,Tumusingha
052-ERDBWN,2026-07-24,39.080000000000005,38.85,39.46,Tumusingha
052-ERDBWN,2026-07-25,38.64541666666667,38.58,38.84,Tumusingha
052-ERDBWN,2026-07-26,39.30166666666667,38.58,40.12,Tumusingha
052-ERDBWN,2026-07-27,40.615833333333335,40.22,40.86,Tumusingha
052-ERDBWN,2026-07-28,40.35375,40.08,41.02,Tumusingha
052-ERDBWN,2026-07-29,42.583333333333336,41.21,43.15,Tumusingha
052-ERDBWN,2026-07-30,41.309999999999995,40.62,42.58,Tumusingha
052-ERDBWN,2026-07-31,40.80916666666666,40.58,41.0,Tumusingha
052-ERDBWN,2026-08-01,40.90541666666667,40.85,41.0,Tumusingha
052-ERDBWN,2026-08-02,40.81791666666667,40.72,40.86,Tumusingha
052-ERDBWN,2026-08-03,40.69583333333333,40.66,40.76,Tumusingha
052-ERDBWN,2026-08-04,40.650416666666665,40.61,40.71,Tumusingha
052-ERDBWN,2026-08-05,40.816250000000004,40.5,41.1,Tumusingha
052-ERDBWN,2026-08-06,40.709583333333335,40.46,40.8,Tumusingha
052-ERDBWN,2026-08-07,40.42625,40.15,40.67,Tumusingha
052-ERDBWN,2026-08-08,40.21208333333333,40.0,40.46,Tumusingha
052-ERDBWN,2026-08-09,40.932916666666664,40.39,41.42,Tumusingha
052-ERDBWN,2026-08-10,40.5025,40.34,40.74,Tumusingha
052-ERDBWN,2026-08-11,40.81875,40.34,41.02,Tumusingha
052-ERDBWN,2026-08-12,40.92875,40.76,41.08,Tumusingha
052-ERDBWN,2026-08-13,40.87833333333334,40.74,41.22,Tumusingha
052-ERDBWN,2026-08-14,41.815,41.24,42.24,Tumusingha
052-ERDBWN,2026-08-15,42.33708333333333,42.14,42.48,Tumusingha
052-ERDBWN,2026-08-16,42.43208333333333,42.18,42.7,Tumusingha
052-ERDBWN,2026-08-17,42.56541666666667,42.52,42.59,Tumusingha
052-ERDBWN,2026-08-18,42.47708333333333,42.32,42.58,Tumusingha
052-ERDBWN,2026-08-19,42.06666666666667,41.9,42.3,Tumusingha
052-ERDBWN,2026-08-20,42.041666666666664,41.82,42.26,Tumusingha
052-ERDBWN,2026-08-21,41.84458333333333,41.68,42.3,Tumusingha
052-ERDBWN,2026-08-22,41.70333333333333,41.64,41.72,Tumusingha
052-ERDBWN,2026-08-23,41.64375,41.62,41.68,Tumusingha
052-ERDBWN,2026-08-24,41.24333333333333,41.02,41.7,Tumusingha
052-ERDBWN,2026-08-25,41.74708333333333,41.36,41.88,Tumusingha
052-ERDBWN,2026-08-26,41.711666666666666,41.58,41.8,Tumusingha
052-ERDBWN,2026-08-27,41.55166666666667,41.47,41.6,Tumusingha
052-ERDBWN,2026-08-28,41.439166666666665,41.41,41.47,Tumusingha
052-ERDBWN,2026-08-29,41.29625,41.02,41.42,Tumusingha
052-ERDBWN,2026-08-30,40.6664705882353,40.54,41.0,Tumusingha
052-mdburla,2026-07-01,8.78,8.78,8.78,Bhubaneswar (M.Corp.)
052-mdburla,2026-07-02,8.78,8.78,8.78,Bhubaneswar (M.Corp.)
052-mdburla,2026-07-03,8.78,8.78,8.78,Bhubaneswar (M.Corp.)
052-mdburla,2026-07-04,8.78,8.78,8.78,Bhubaneswar (M.Corp.)
052-mdburla,2026-07-05,8.78,8.78,8.78,Bhubaneswar (M.Corp.)
052-mdburla,2026-07-06,8.78,8.78,8.78,Bhubaneswar (M.Corp.)
052-mdburla,2026-07-07,10.67090909090909,10.6,10.72,Bhubaneswar (M.Corp.)
052-mdburla,2026-07-08,11.872727272727273,11.76,11.92,Bhubaneswar (M.Corp.)
052-mdburla,2026-07-09,11.009090909090908,10.86,11.12,Bhubaneswar (M.Corp.)
052-mdburla,2026-07-10,10.33090909090909,10.28,10.42,Bhubaneswar (M.Corp.)
052-mdburla,2026-07-11,10.032727272727273,10.02,10.06,Bhubaneswar (M.Corp.)
052-mdburla,2026-07-12,10.034545454545453,9.98,10.24,Bhubaneswar (M.Corp.)
052-mdburla,2026-07-13,10.54,10.5,10.56,Bhubaneswar (M.Corp.)
052-mdburla,2026-07-14,10.28,10.28,10.28,Bhubaneswar (M.Corp.)
052-mdburla,2026-07-15,10.041818181818183,9.96,10.08,Bhubaneswar (M.Corp.)
052-mdburla,2026-07-16,9.883636363636365,9.88,9.9,Bhubaneswar (M.Corp.)
052-mdburla,2026-07-17,9.805,9.8,9.82,Bhubaneswar (M.Corp.)
052-mdburla,2026-07-18,10.128,10.1,10.18,Bhubaneswar (M.Corp.)
052-mdburla,2026-07-19,10.785,10.74,10.82,Bhubaneswar (M.Corp.)
052-mdburla,2026-07-20,10.592727272727272,10.54,10.62,Bhubaneswar (M.Corp.)
052-mdburla,2026-07-21,10.3575,10.34,10.38,Bhubaneswar (M.Corp.)
052-mdburla,2026-07-22,10.481818181818182,10.46,10.5,Bhubaneswar (M.Corp.)
052-mdburla,2026-07-23,10.67090909090909,10.62,10.8,Bhubaneswar (M.Corp.)
052-mdburla,2026-07-24,11.639999999999999,11.58,11.68,Bhubaneswar (M.Corp.)
052-mdburla,2026-07-25,11.872727272727273,11.84,11.9,Bhubaneswar (M.Corp.)
052-mdburla,2026-07-26,11.75090909090909,11.7,11.8,Bhubaneswar (M.Corp.)
052-mdburla,2026-07-27,11.267272727272728,11.24,11.28,Bhubaneswar (M.Corp.)
052-mdburla,2026-07-28,13.058181818181817,13.02,13.1,Bhubaneswar (M.Corp.)
052-mdburla,2026-07-29,12.507272727272728,12.34,12.6,Bhubaneswar (M.Corp.)
052-mdburla,2026-07-30,13.856363636363636,13.06,14.68,Bhubaneswar (M.Corp.)
052-mdburla,2026-07-31,15.258181818181818,15.16,15.34,Bhubaneswar (M.Corp.)
052-mdburla,2026-08-01,14.516363636363637,14.18,14.82,Bhubaneswar (M.Corp.)
052-mdburla,2026-08-02,12.787272727272727,12.68,12.96,Bhubaneswar (M.Corp.)
052-mdburla,2026-08-03,13.187272727272727,13.14,13.22,Bhubaneswar (M.Corp.)
052-mdburla,2026-08-04,12.903636363636364,12.78,12.98,Bhubaneswar (M.Corp.)
052-mdburla,2026-08-05,12.210909090909091,12.18,12.26,Bhubaneswar (M.Corp.)
052-mdburla,2026-08-06,11.477500000000001,11.46,11.5,Bhubaneswar (M.Corp.)
052-mdburla,2026-08-07,11.290000000000001,11.24,11.32,Bhubaneswar (M.Corp.)
052-mdburla,2026-08-08,10.94909090909091,10.9,11.02,Bhubaneswar (M.Corp.)
052-mdburla,2026-08-09,11.745,11.7,11.78,Bhubaneswar (M.Corp.)
052-mdburla,2026-08-10,11.872727272727273,11.84,11.9,Bhubaneswar (M.Corp.)
052-mdburla,2026-08-11,12.196363636363635,12.18,12.2,Bhubaneswar (M.Corp.)
052-mdburla,2026-08-12,11.761818181818182,11.7,11.8,Bhubaneswar (M.Corp.)
052-mdburla,2026-08-13,11.452727272727273,11.28,11.54,Bhubaneswar (M.Corp.)
052-mdburla,2026-08-14,10.794545454545455,10.72,10.86,Bhubaneswar (M.Corp.)
052-mdburla,2026-08-15,10.55090909090909,10.5,10.6,Bhubaneswar (M.Corp.)
052-mdburla,2026-08-16,10.367272727272727,10.34,10.4,Bhubaneswar (M.Corp.)
052-mdburla,2026-08-17,10.5,10.5,10.5,Bhubaneswar (M.Corp.)
052-mdburla,2026-08-18,10.516363636363636,10.5,10.52,Bhubaneswar (M.Corp.)
052-mdburla,2026-08-19,10.5,10.5,10.5,Bhubaneswar (M.Corp.)
052-mdburla,2026-08-20,10.687272727272727,10.66,10.7,Bhubaneswar (M.Corp.)
052-mdburla,2026-08-21,12.47090909090909,11.88,12.76,Bhubaneswar (M.Corp.)
052-mdburla,2026-08-22,11.856363636363637,11.8,11.9,Bhubaneswar (M.Corp.)
052-mdburla,2026-08-23,11.598181818181818,11.52,11.68,Bhubaneswar (M.Corp.)
052-mdburla,2026-08-24,10.765454545454546,10.68,10.82,Bhubaneswar (M.Corp.)
052-mdburla,2026-08-25,10.695454545454545,10.66,10.72,Bhubaneswar (M.Corp.)
052-mdburla,2026-08-26,10.652727272727274,10.36,11.0,Bhubaneswar (M.Corp.)
052-mdburla,2026-08-27,12.850909090909092,12.6,12.96,Bhubaneswar (M.Corp.)
052-mdburla,2026-08-28,11.978181818181817,11.96,12.04,Bhubaneswar (M.Corp.)
052-mdburla,2026-08-29,11.587272727272726,11.5,11.66,Bhubaneswar (M.Corp.)
052-mdburla,2026-08-30,10.99,10.9,11.08,Bhubaneswar (M.Corp.)
053-ERDBWN,2026-07-01,191.76,191.76,191.76,Debagarh
053-ERDBWN,2026-07-02,191.96583333333334,191.76,192.16,Debagarh
053-ERDBWN,2026-07-03,192.00750000000002,191.98,192.02,Debagarh
053-ERDBWN,2026-07-04,191.87791666666666,191.8,191.98,Debagarh
053-ERDBWN,2026-07-05,191.82791666666665,191.8,191.88,Debagarh
053-ERDBWN,2026-07-06,191.82625,191.82,191.85,Debagarh
053-ERDBWN,2026-07-07,191.96083333333334,191.82,192.02,Debagarh
053-ERDBWN,2026-07-08,191.91,191.87,191.96,Debagarh
053-ERDBWN,2026-07-09,191.8204166666667,191.8,191.87,Debagarh
053-ERDBWN,2026-07-10,191.77083333333334,191.75,191.8,Debagarh
053-ERDBWN,2026-07-11,191.74041666666668,191.74,191.75,Debagarh
053-ERDBWN,2026-07-12,191.73041666666666,191.73,191.74,Debagarh
053-ERDBWN,2026-07-13,191.73708333333335,191.73,191.74,Debagarh
053-ERDBWN,2026-07-14,191.73166666666665,191.73,191.74,Debagarh
053-ERDBWN,2026-07-15,191.73291666666668,191.72,191.74,Debagarh
053-ERDBWN,2026-07-16,191.74,191.74,191.74,Debagarh
053-ERDBWN,2026-07-17,191.75166666666667,191.73,191.76,Debagarh
053-ERDBWN,2026-07-18,191.75041666666667,191.75,191.76,Debagarh
053-ERDBWN,2026-07-19,191.74166666666667,191.74,191.75,Debagarh
053-ERDBWN,2026-07-20,191.73458333333335,191.73,191.75,Debagarh
053-ERDBWN,2026-07-21,192.27083333333334,191.75,192.5,Debagarh
053-ERDBWN,2026-07-22,192.44625,192.35,192.53,Debagarh
053-ERDBWN,2026-07-23,192.2825,192.22,192.34,Debagarh
053-ERDBWN,2026-07-24,192.12291666666667,192.06,192.21,Debagarh
053-ERDBWN,2026-07-25,192.16750000000002,192.04,192.4,Debagarh
053-ERDBWN,2026-07-26,192.37708333333333,192.13,192.58,Debagarh
053-ERDBWN,2026-07-27,192.12958333333333,192.1,192.22,Debagarh
053-ERDBWN,2026-07-28,192.64,192.23,192.9,Debagarh
053-ERDBWN,2026-07-29,192.45125,192.35,192.76,Debagarh
053-ERDBWN,2026-07-30,192.21166666666667,192.11,192.34,Debagarh
053-ERDBWN,2026-07-31,192.14874999999998,192.11,192.17,Debagarh
053-ERDBWN,2026-08-01,192.17666666666665,192.09,192.48,Debagarh
053-ERDBWN,2026-08-02,192.23291666666668,192.12,192.51,Debagarh
053-ERDBWN,2026-08-03,192.08166666666668,192.05,192.12,Debagarh
053-ERDBWN,2026-08-04,192.11791666666667,192.02,192.41,Debagarh
053-ERDBWN,2026-08-05,192.15458333333333,192.1,192.41,Debagarh
053-ERDBWN,2026-08-06,192.11249999999998,192.08,192.15,Debagarh
053-ERDBWN,2026-08-07,192.09833333333333,192.05,192.17,Debagarh
053-ERDBWN,2026-08-08,192.205,192.05,192.42,Debagarh
053-ERDBWN,2026-08-09,192.3658333333333,192.19,192.69,Debagarh
053-ERDBWN,2026-08-10,192.135,192.1,192.17,Debagarh
053-ERDBWN,2026-08-11,192.16166666666666,192.1,192.19,Debagarh
053-ERDBWN,2026-08-12,192.0979166666667,192.06,192.14,Debagarh
053-ERDBWN,2026-08-13,192.10916666666665,192.03,192.21,Debagarh
053-ERDBWN,2026-08-14,192.25666666666666,192.18,192.31,Debagarh
053-ERDBWN,2026-08-15,192.18041666666667,192.16,192.21,Debagarh
053-ERDBWN,2026-08-16,192.39958333333334,192.22,192.47,Debagarh
053-ERDBWN,2026-08-17,192.2275,192.17,192.38,Debagarh
053-ERDBWN,2026-08-18,192.30625,192.17,192.38,Debagarh
053-ERDBWN,2026-08-19,192.29,192.26,192.31,Debagarh
053-ERDBWN,2026-08-20,192.18583333333333,192.15,192.26,Debagarh
053-ERDBWN,2026-08-21,192.10416666666666,192.07,192.15,Debagarh
053-ERDBWN,2026-08-22,192.0666666666667,192.06,192.07,Debagarh
053-ERDBWN,2026-08-23,192.04083333333332,192.02,192.08,Debagarh
053-ERDBWN,2026-08-24,192.23041666666666,192.1,192.4,Debagarh
053-ERDBWN,2026-08-25,192.26083333333335,192.15,192.42,Debagarh
053-ERDBWN,2026-08-26,192.1258333333333,192.09,192.14,Debagarh
053-ERDBWN,2026-08-27,192.08208333333334,192.07,192.09,Debagarh
053-ERDBWN,2026-08-28,192.05958333333334,192.05,192.07,Debagarh
053-ERDBWN,2026-08-29,192.02041666666665,192.01,192.05,Debagarh
053-ERDBWN,2026-08-30,192.00588235294117,192.0,192.01,Debagarh
055-erdbwn,2026-07-02,74.0,74.0,74.0,Soso
055-erdbwn,2026-07-03,73.9,73.9,73.9,Soso
055-erdbwn,2026-07-04,74.0,74.0,74.0,Soso
055-erdbwn,2026-07-05,74.0,74.0,74.0,Soso
055-erdbwn,2026-07-06,74.3,74.3,74.3,Soso
055-erdbwn,2026-07-07,75.0,75.0,75.0,Soso
055-erdbwn,2026-07-08,75.1,75.1,75.1,Soso
055-erdbwn,2026-07-09,75.15,75.15,75.15,Soso
055-erdbwn,2026-07-10,75.2,75.2,75.2,Soso
055-erdbwn,2026-07-11,75.25,75.25,75.25,Soso
055-erdbwn,2026-07-12,75.3,75.3,75.3,Soso
055-erdbwn,2026-07-13,75.3,75.3,75.3,Soso
055-erdbwn,2026-07-14,75.25,75.25,75.25,Soso
055-erdbwn,2026-07-15,75.3,75.3,75.3,Soso
055-erdbwn,2026-07-16,75.3,75.3,75.3,Soso
055-erdbwn,2026-07-17,75.8,75.8,75.8,Soso
055-erdbwn,2026-07-18,76.0,76.0,76.0,Soso
055-erdbwn,2026-07-19,76.2,76.2,76.2,Soso
055-erdbwn,2026-07-20,76.1,76.1,76.1,Soso
055-erdbwn,2026-07-21,76.4,76.4,76.4,Soso
055-erdbwn,2026-07-22,77.0,77.0,77.0,Soso
055-erdbwn,2026-07-23,77.3,77.3,77.3,Soso
055-erdbwn,2026-07-24,77.5,77.5,77.5,Soso
055-erdbwn,2026-07-25,77.5,77.5,77.5,Soso
055-erdbwn,2026-07-26,77.45,77.45,77.45,Soso
055-erdbwn,2026-07-27,77.4,77.4,77.4,Soso
055-erdbwn,2026-07-28,77.9,77.9,77.9,Soso
055-erdbwn,2026-07-29,79.62,79.62,79.62,Soso
055-erdbwn,2026-07-30,79.69,79.69,79.69,Soso
055-erdbwn,2026-07-31,79.62,79.62,79.62,Soso
055-erdbwn,2026-08-01,79.69,79.69,79.69,Soso
055-erdbwn,2026-08-02,79.75,79.75,79.75,Soso
055-erdbwn,2026-08-03,79.58,79.58,79.58,Soso
055-erdbwn,2026-08-04,79.3,79.3,79.3,Soso
055-erdbwn,2026-08-05,79.0,79.0,79.0,Soso
055-erdbwn,2026-08-06,78.7,78.7,78.7,Soso
055-erdbwn,2026-08-07,78.45,78.45,78.45,Soso
055-erdbwn,2026-08-08,78.4,78.4,78.4,Soso
055-erdbwn,2026-08-09,78.6,78.6,78.6,Soso
055-erdbwn,2026-08-10,78.48,78.48,78.48,Soso
055-erdbwn,2026-08-11,78.28,78.28,78.28,Soso
055-erdbwn,2026-08-12,78.08,78.08,78.08,Soso
055-erdbwn,2026-08-13,77.78,77.78,77.78,Soso
055-erdbwn,2026-08-14,78.4,78.4,78.4,Soso
055-erdbwn,2026-08-15,78.45,78.45,78.45,Soso
055-erdbwn,2026-08-16,78.8,78.8,78.8,Soso
055-erdbwn,2026-08-17,78.98,78.98,78.98,Soso
055-erdbwn,2026-08-18,79.3,79.3,79.3,Soso
055-erdbwn,2026-08-19,79.16,79.16,79.16,Soso
055-erdbwn,2026-08-20,78.99,78.99,78.99,Soso
055-erdbwn,2026-08-21,78.75,78.75,78.75,Soso
055-erdbwn,2026-08-22,78.4,78.4,78.4,Soso
055-erdbwn,2026-08-23,78.11,78.11,78.11,Soso
055-erdbwn,2026-08-24,77.8,77.8,77.8,Soso
055-erdbwn,2026-08-25,77.74,77.74,77.74,Soso
055-erdbwn,2026-08-26,77.58,77.58,77.58,Soso
055-erdbwn,2026-08-27,77.3,77.3,77.3,Soso
055-erdbwn,2026-08-28,77.3,77.3,77.3,Soso
055-erdbwn,2026-08-29,76.73,76.73,76.73,Soso
055-erdbwn,2026-08-30,76.58,76.58,76.58,Soso
057-MDBURLA,2026-07-01,81.02714285714286,81.0,81.07,Kiakata
057-MDBURLA,2026-07-02,81.35041666666667,81.09,81.76,Kiakata
057-MDBURLA,2026-07-03,82.17791666666666,81.79,82.69,Kiakata
057-MDBURLA,2026-07-04,82.70208333333333,82.5,83.11,Kiakata
057-MDBURLA,2026-07-05,83.82625,83.16,84.53,Kiakata
057-MDBURLA,2026-07-06,85.27833333333334,84.53,86.6,Kiakata
057-MDBURLA,2026-07-07,85.88833333333334,84.55,86.74,Kiakata
057-MDBURLA,2026-07-08,84.03750000000001,83.72,84.45,Kiakata
057-MDBURLA,2026-07-09,83.4975,83.25,83.78,Kiakata
057-MDBURLA,2026-07-10,83.50750000000001,83.05,84.55,Kiakata
057-MDBURLA,2026-07-11,84.40541666666667,84.18,84.54,Kiakata
057-MDBURLA,2026-07-12,84.03916666666667,83.8,84.17,Kiakata
057-MDBURLA,2026-07-13,83.5025,83.32,83.75,Kiakata
057-MDBURLA,2026-07-14,83.17666666666666,83.02,83.31,Kiakata
057-MDBURLA,2026-07-15,82.89125,82.85,83.0,Kiakata
057-MDBURLA,2026-07-16,82.93708333333333,82.84,83.3,Kiakata
057-MDBURLA,2026-07-17,84.26541666666667,83.4,84.9,Kiakata
057-MDBURLA,2026-07-18,84.21875,83.97,84.6,Kiakata
057-MDBURLA,2026-07-19,83.89041666666667,83.84,83.95,Kiakata
057-MDBURLA,2026-07-20,83.98625,83.79,84.32,Kiakata
057-MDBURLA,2026-07-21,84.34333333333333,84.32,84.42,Kiakata
057-MDBURLA,2026-07-22,84.75541666666668,84.23,85.54,Kiakata
057-MDBURLA,2026-07-23,86.1175,85.65,86.47,Kiakata
057-MDBURLA,2026-07-24,86.38791666666667,86.25,86.47,Kiakata
057-MDBURLA,2026-07-25,85.53958333333333,85.21,86.2,Kiakata
057-MDBURLA,2026-07-26,86.07375,85.15,87.2,Kiakata
057-MDBURLA,2026-07-27,87.10625,86.83,87.22,Kiakata
057-MDBURLA,2026-07-28,86.51958333333333,86.32,86.76,Kiakata
057-MDBURLA,2026-07-29,87.94041666666668,86.67,88.77,Kiakata
057-MDBURLA,2026-07-30,88.13125000000001,87.56,88.67,Kiakata
057-MDBURLA,2026-07-31,86.75708333333334,85.83,87.51,Kiakata
057-MDBURLA,2026-08-01,86.19625,85.54,86.59,Kiakata
057-MDBURLA,2026-08-02,86.27208333333334,86.16,86.44,Kiakata
057-MDBURLA,2026-08-03,85.91166666666668,85.56,86.15,Kiakata
057-MDBURLA,2026-08-04,85.32333333333334,85.18,85.54,Kiakata
057-MDBURLA,2026-08-05,85.04375,84.97,85.16,Kiakata
057-MDBURLA,2026-08-06,84.81583333333333,84.57,84.96,Kiakata
057-MDBURLA,2026-08-07,84.28208333333333,84.13,84.6,Kiakata
057-MDBURLA,2026-08-08,85.02958333333333,84.7,85.15,Kiakata
057-MDBURLA,2026-08-09,85.55583333333334,85.2,85.69,Kiakata
057-MDBURLA,2026-08-10,85.65375,85.33,85.88,Kiakata
057-MDBURLA,2026-08-11,85.2125,85.14,85.32,Kiakata
057-MDBURLA,2026-08-12,85.11791666666666,85.04,85.14,Kiakata
057-MDBURLA,2026-08-13,84.73041666666667,84.35,85.01,Kiakata
057-MDBURLA,2026-08-14,84.17416666666666,83.52,84.44,Kiakata
057-MDBURLA,2026-08-15,83.27541666666666,83.13,83.49,Kiakata
057-MDBURLA,2026-08-16,83.16791666666667,83.13,83.18,Kiakata
057-MDBURLA,2026-08-17,83.33208333333333,83.19,83.52,Kiakata
057-MDBURLA,2026-08-18,83.915,83.54,84.5,Kiakata
057-MDBURLA,2026-08-19,85.46458333333334,84.65,85.86,Kiakata
057-MDBURLA,2026-08-20,85.77499999999999,85.72,85.86,Kiakata
057-MDBURLA,2026-08-21,85.66000000000001,85.53,85.78,Kiakata
057-MDBURLA,2026-08-22,85.27708333333334,84.83,85.51,Kiakata
057-MDBURLA,2026-08-23,84.64208333333333,84.4,84.8,Kiakata
057-MDBURLA,2026-08-24,83.74249999999999,83.0,84.33,Kiakata
057-MDBURLA,2026-08-25,85.47375,83.9,86.16,Kiakata
057-MDBURLA,2026-08-26,86.16583333333334,86.08,86.2,Kiakata
057-MDBURLA,2026-08-27,85.83083333333333,85.67,86.04,Kiakata
057-MDBURLA,2026-08-28,85.62625000000001,85.5,85.67,Kiakata
057-MDBURLA,2026-08-29,84.955,84.1,85.45,Kiakata
057-MDBURLA,2026-08-30,83.92411764705882,83.85,84.07,Kiakata
058-MDBURLA,2026-07-01,170.62000000000003,170.62,170.62,Padmapur
058-MDBURLA,2026-07-02,170.62958333333333,170.62,170.63,Padmapur
058-MDBURLA,2026-07-03,171.13541666666666,170.63,172.19,Padmapur
058-MDBURLA,2026-07-04,172.665,172.29,172.88,Padmapur
058-MDBURLA,2026-07-05,172.84625000000003,172.67,173.36,Padmapur
058-MDBURLA,2026-07-06,175.01625,173.51,175.91,Padmapur
058-MDBURLA,2026-07-07,175.2775,174.6,175.91,Padmapur
058-MDBURLA,2026-07-08,173.71166666666667,173.23,174.5,Padmapur
058-MDBURLA,2026-07-09,172.98291666666668,172.85,173.2,Padmapur
058-MDBURLA,2026-07-10,172.75083333333336,172.67,172.84,Padmapur
058-MDBURLA,2026-07-11,172.50875,172.44,172.65,Padmapur
058-MDBURLA,2026-07-12,172.37791666666666,172.32,172.43,Padmapur
058-MDBURLA,2026-07-13,172.27583333333334,172.24,172.32,Padmapur
058-MDBURLA,2026-07-14,172.21875,172.2,172.24,Padmapur
058-MDBURLA,2026-07-15,172.24416666666664,172.22,172.27,Padmapur
058-MDBURLA,2026-07-16,172.50583333333336,172.26,172.82,Padmapur
058-MDBURLA,2026-07-17,173.75166666666667,172.88,175.01,Padmapur
058-MDBURLA,2026-07-18,174.56500000000003,174.23,175.01,Padmapur
058-MDBURLA,2026-07-19,174.41166666666666,174.25,174.54,Padmapur
058-MDBURLA,2026-07-20,173.69083333333333,173.46,174.21,Padmapur
058-MDBURLA,2026-07-21,173.50875,173.4,173.63,Padmapur
058-MDBURLA,2026-07-22,174.1425,173.55,174.54,Padmapur
058-MDBURLA,2026-07-23,174.29999999999998,174.13,174.52,Padmapur
058-MDBURLA,2026-07-24,173.85,173.61,174.12,Padmapur
058-MDBURLA,2026-07-25,173.2904166666667,173.12,173.58,Padmapur
058-MDBURLA,2026-07-26,175.07708333333335,173.2,178.4,Padmapur
058-MDBURLA,2026-07-27,177.76833333333332,176.94,178.45,Padmapur
058-MDBURLA,2026-07-28,176.08624999999998,175.61,176.86,Padmapur
058-MDBURLA,2026-07-29,179.14208333333332,176.06,182.88,Padmapur
058-MDBURLA,2026-07-30,180.14791666666667,176.77,183.13,Padmapur
058-MDBURLA,2026-07-31,175.21791666666664,174.45,176.57,Padmapur
058-MDBURLA,2026-08-01,173.85083333333333,173.5,174.4,Padmapur
058-MDBURLA,2026-08-02,173.38,173.28,173.48,Padmapur
058-MDBURLA,2026-08-03,173.15083333333334,173.03,173.27,Padmapur
058-MDBURLA,2026-08-04,173.00541666666666,172.98,173.02,Padmapur
058-MDBURLA,2026-08-05,172.93541666666667,172.86,173.11,Padmapur
058-MDBURLA,2026-08-06,173.26125000000002,173.15,173.37,Padmapur
058-MDBURLA,2026-08-07,173.5583333333333,173.37,173.75,Padmapur
058-MDBURLA,2026-08-08,174.01458333333335,173.77,174.3,Padmapur
058-MDBURLA,2026-08-09,174.55041666666668,174.32,174.87,Padmapur
058-MDBURLA,2026-08-10,174.62208333333334,174.16,174.9,Padmapur
058-MDBURLA,2026-08-11,173.71291666666664,173.59,174.12,Padmapur
058-MDBURLA,2026-08-12,173.40875000000003,173.22,173.59,Padmapur
058-MDBURLA,2026-08-13,172.9725,172.77,173.2,Padmapur
058-MDBURLA,2026-08-14,172.9020833333333,172.77,172.98,Padmapur
058-MDBURLA,2026-08-15,172.75666666666666,172.69,172.86,Padmapur
058-MDBURLA,2026-08-16,172.7125,172.69,172.75,Padmapur
058-MDBURLA,2026-08-17,172.67041666666668,172.49,172.85,Padmapur
058-MDBURLA,2026-08-18,174.98458333333335,172.88,176.15,Padmapur
058-MDBURLA,2026-08-19,174.77874999999997,174.55,175.2,Padmapur
058-MDBURLA,2026-08-20,174.26333333333332,173.9,174.54,Padmapur
058-MDBURLA,2026-08-21,173.5625,173.3,173.87,Padmapur
058-MDBURLA,2026-08-22,173.17499999999998,173.06,173.29,Padmapur
058-MDBURLA,2026-08-23,172.93499999999997,172.82,173.05,Padmapur
058-MDBURLA,2026-08-24,173.20166666666668,172.78,174.22,Padmapur
058-MDBURLA,2026-08-25,174.96541666666667,174.32,175.3,Padmapur
058-MDBURLA,2026-08-26,174.79166666666666,174.35,175.24,Padmapur
058-MDBURLA,2026-08-27,173.76125000000002,173.38,174.32,Padmapur
058-MDBURLA,2026-08-28,173.2125,173.14,173.36,Padmapur
058-MDBURLA,2026-08-29,173.04250000000002,172.95,173.13,Padmapur
058-MDBURLA,2026-08-30,172.94941176470587,172.94,172.95,Padmapur
059-MDBURLA,2026-07-01,123.5,123.5,123.5,Thakurgarh
059-MDBURLA,2026-07-02,123.17727272727274,123.0,123.5,Thakurgarh
059-MDBURLA,2026-07-03,123.16,123.02,123.3,Thakurgarh
059-MDBURLA,2026-07-04,123.33363636363637,123.3,123.5,Thakurgarh
059-MDBURLA,2026-07-05,124.1,123.6,124.6,Thakurgarh
059-MDBURLA,2026-07-06,124.62625,124.4,124.72,Thakurgarh
059-MDBURLA,2026-07-07,123.99545454545455,123.7,124.4,Thakurgarh
059-MDBURLA,2026-07-08,123.4090909090909,123.31,123.6,Thakurgarh
059-MDBURLA,2026-07-09,123.2209090909091,123.17,123.28,Thakurgarh
059-MDBURLA,2026-07-10,123.07,123.02,123.12,Thakurgarh
059-MDBURLA,2026-07-11,122.94,122.9,123.0,Thakurgarh
059-MDBURLA,2026-07-12,122.86363636363636,122.85,122.88,Thakurgarh
059-MDBURLA,2026-07-13,122.78363636363635,122.77,122.8,Thakurgarh
059-MDBURLA,2026-07-14,122.72363636363637,122.71,122.74,Thakurgarh
059-MDBURLA,2026-07-15,122.67454545454547,122.67,122.68,Thakurgarh
059-MDBURLA,2026-07-16,123.63636363636364,122.8,125.0,Thakurgarh
059-MDBURLA,2026-07-17,124.63272727272728,124.4,124.8,Thakurgarh
059-MDBURLA,2026-07-18,123.7409090909091,123.6,123.95,Thakurgarh
059-MDBURLA,2026-07-19,123.21545454545453,123.19,123.28,Thakurgarh
059-MDBURLA,2026-07-20,123.16818181818184,123.15,123.2,Thakurgarh
059-MDBURLA,2026-07-21,123.16636363636363,123.16,123.18,Thakurgarh
059-MDBURLA,2026-07-22,123.61090909090909,123.45,123.75,Thakurgarh
059-MDBURLA,2026-07-23,123.74545454545455,123.68,123.8,Thakurgarh
059-MDBURLA,2026-07-24,123.58363636363637,123.57,123.6,Thakurgarh
059-MDBURLA,2026-07-25,123.41363636363636,123.35,123.5,Thakurgarh
059-MDBURLA,2026-07-26,126.13636363636364,125.0,127.4,Thakurgarh
059-MDBURLA,2026-07-27,124.71272727272726,124.6,125.0,Thakurgarh
059-MDBURLA,2026-07-28,124.70545454545454,124.58,125.0,Thakurgarh
059-MDBURLA,2026-07-29,126.34545454545454,125.2,128.0,Thakurgarh
059-MDBURLA,2026-07-30,124.79363636363637,124.55,125.0,Thakurgarh
059-MDBURLA,2026-07-31,124.11363636363636,124.05,124.2,Thakurgarh
059-MDBURLA,2026-08-01,123.904375,123.89,123.95,Thakurgarh
059-MDBURLA,2026-08-02,123.83684210526316,123.77,123.88,Thakurgarh
059-MDBURLA,2026-08-03,123.71181818181817,123.66,123.75,Thakurgarh
059-MDBURLA,2026-08-04,123.63545454545455,123.59,123.7,Thakurgarh
059-MDBURLA,2026-08-05,123.43727272727273,123.38,123.5,Thakurgarh
059-MDBURLA,2026-08-06,123.29181818181819,123.2,123.35,Thakurgarh
059-MDBURLA,2026-08-07,123.24363636363637,123.19,123.28,Thakurgarh
059-MDBURLA,2026-08-10,123.1288888888889,123.11,123.15,Thakurgarh
059-MDBURLA,2026-08-11,123.11454545454545,123.09,123.14,Thakurgarh
059-MDBURLA,2026-08-12,123.37545454545456,123.06,123.65,Thakurgarh
059-MDBURLA,2026-08-13,123.6309090909091,123.62,123.64,Thakurgarh
059-MDBURLA,2026-08-14,123.7690909090909,123.72,123.81,Thakurgarh
059-MDBURLA,2026-08-15,123.80636363636363,123.75,123.85,Thakurgarh
059-MDBURLA,2026-08-16,123.82181818181817,123.77,123.86,Thakurgarh
059-MDBURLA,2026-08-17,123.94909090909091,123.9,123.99,Thakurgarh
059-MDBURLA,2026-08-18,124.07,124.03,124.09,Thakurgarh
059-MDBURLA,2026-08-19,124.02999999999999,124.01,124.05,Thakurgarh
059-MDBURLA,2026-08-20,124.02090909090909,124.0,124.05,Thakurgarh
059-MDBURLA,2026-08-21,124.07727272727271,124.05,124.1,Thakurgarh
059-MDBURLA,2026-08-22,124.06272727272727,124.03,124.09,Thakurgarh
059-MDBURLA,2026-08-23,123.94454545454546,123.82,124.02,Thakurgarh
059-MDBURLA,2026-08-24,122.70818181818181,122.59,122.95,Thakurgarh
059-MDBURLA,2026-08-25,122.9590909090909,122.94,122.98,Thakurgarh
059-MDBURLA,2026-08-26,122.87909090909092,122.84,122.92,Thakurgarh
059-MDBURLA,2026-08-27,122.70454545454545,122.65,122.76,Thakurgarh
059-MDBURLA,2026-08-28,122.59818181818181,122.56,122.63,Thakurgarh
059-MDBURLA,2026-08-29,122.52,122.5,122.54,Thakurgarh
059-MDBURLA,2026-08-30,122.5488888888889,122.52,122.58,Thakurgarh
060-erdbwn,2026-07-01,5.86,5.72,5.98,Basta
060-erdbwn,2026-07-02,4.87,4.61,5.64,Basta
060-erdbwn,2026-07-03,4.326874999999999,4.31,4.4,Basta
060-erdbwn,2026-07-04,4.665384615384616,4.33,5.1,Basta
060-erdbwn,2026-07-05,5.58375,5.57,5.6,Basta
060-erdbwn,2026-07-06,4.818,4.77,4.9,Basta
060-erdbwn,2026-07-07,4.516,4.45,4.54,Basta
060-erdbwn,2026-07-08,4.203,3.99,4.38,Basta
060-erdbwn,2026-07-09,3.663333333333333,3.59,3.77,Basta
060-erdbwn,2026-07-10,3.9335714285714287,3.59,4.2,Basta
060-erdbwn,2026-07-11,3.8869999999999996,3.79,4.0,Basta
060-erdbwn,2026-07-12,3.7,3.7,3.7,Basta
060-erdbwn,2026-07-13,3.7,3.7,3.7,Basta
060-erdbwn,2026-07-14,4.552777777777778,3.7,6.0,Basta
060-erdbwn,2026-07-15,6.347916666666666,6.1,6.43,Basta
060-erdbwn,2026-07-16,6.4316666666666675,6.4,6.52,Basta
060-erdbwn,2026-07-17,6.423749999999999,6.08,6.52,Basta
060-erdbwn,2026-07-18,5.890909090909091,5.8,6.03,Basta
060-erdbwn,2026-07-19,5.186999999999999,5.01,5.4,Basta
060-erdbwn,2026-07-20,4.34,4.34,4.34,Basta
060-erdbwn,2026-07-21,5.64625,4.9,5.78,Basta
060-erdbwn,2026-07-22,5.2,5.2,5.2,Basta
060-erdbwn,2026-07-23,4.431333333333333,4.32,4.9,Basta
060-erdbwn,2026-07-24,5.321,4.95,5.6,Basta
060-erdbwn,2026-07-25,5.849375,5.75,5.87,Basta
060-erdbwn,2026-07-26,5.6,5.6,5.6,Basta
060-erdbwn,2026-07-27,6.06,5.54,6.37,Basta
060-erdbwn,2026-07-28,6.54625,6.4,6.68,Basta
060-erdbwn,2026-07-29,6.785,6.72,6.86,Basta
060-erdbwn,2026-07-30,6.604166666666667,6.44,6.72,Basta
060-erdbwn,2026-07-31,6.310833333333334,6.2,6.42,Basta
060-erdbwn,2026-08-01,6.0925,6.04,6.2,Basta
060-erdbwn,2026-08-02,6.09875,6.04,6.17,Basta
060-erdbwn,2026-08-03,6.224166666666666,6.17,6.28,Basta
060-erdbwn,2026-08-04,6.355416666666667,6.28,6.49,Basta
060-erdbwn,2026-08-05,6.385416666666667,6.31,6.49,Basta
060-erdbwn,2026-08-06,6.351666666666667,6.28,6.46,Basta
060-erdbwn,2026-08-07,6.51875,6.46,6.56,Basta
060-erdbwn,2026-08-08,6.436666666666667,6.4,6.52,Basta
060-erdbwn,2026-08-09,6.363333333333333,6.32,6.4,Basta
060-erdbwn,2026-08-10,6.054545454545454,5.82,6.3,Basta
060-erdbwn,2026-08-11,5.837647058823529,5.72,5.88,Basta
060-erdbwn,2026-08-12,6.154117647058824,6.0,6.2,Basta
060-erdbwn,2026-08-13,6.567083333333333,6.18,7.22,Basta
060-erdbwn,2026-08-14,7.32,7.16,7.4,Basta
060-erdbwn,2026-08-15,6.810833333333334,6.6,7.16,Basta
060-erdbwn,2026-08-16,6.5058333333333325,6.46,6.6,Basta
060-erdbwn,2026-08-17,6.601666666666667,6.48,6.84,Basta
060-erdbwn,2026-08-18,6.815,6.68,6.92,Basta
060-erdbwn,2026-08-19,6.571666666666666,6.48,6.68,Basta
060-erdbwn,2026-08-20,6.283333333333334,6.14,6.48,Basta
060-erdbwn,2026-08-21,5.7973684210526315,5.56,6.1,Basta
060-erdbwn,2026-08-22,5.077,5.0,5.24,Basta
060-erdbwn,2026-08-23,6.120588235294117,5.9,6.18,Basta
060-erdbwn,2026-08-24,6.422499999999999,6.18,6.64,Basta
060-erdbwn,2026-08-25,6.558333333333334,6.46,6.64,Basta
060-erdbwn,2026-08-26,6.2075,5.96,6.44,Basta
060-erdbwn,2026-08-27,5.697272727272727,5.6,5.94,Basta
060-erdbwn,2026-08-28,6.089411764705882,5.9,6.22,Basta
060-erdbwn,2026-08-29,6.300000000000001,6.22,6.32,Basta
060-erdbwn,2026-08-30,6.292941176470588,6.28,6.32,Basta
061-ERDBWN,2026-07-02,109.83,109.83,109.83,Rengali Damsite
061-ERDBWN,2026-07-03,109.9,109.9,109.9,Rengali Damsite
061-ERDBWN,2026-07-04,109.97,109.97,109.97,Rengali Damsite
061-ERDBWN,2026-07-05,110.13,110.13,110.13,Rengali Damsite
061-ERDBWN,2026-07-06,110.44,110.44,110.44,Rengali Damsite
061-ERDBWN,2026-07-07,110.67,110.67,110.67,Rengali Damsite
061-ERDBWN,2026-07-08,110.96,110.96,110.96,Rengali Damsite
061-ERDBWN,2026-07-09,111.33,111.33,111.33,Rengali Damsite
061-ERDBWN,2026-07-10,111.76,111.76,111.76,Rengali Damsite
061-ERDBWN,2026-07-11,112.14,112.14,112.14,Rengali Damsite
061-ERDBWN,2026-07-12,112.38,112.38,112.38,Rengali Damsite
061-ERDBWN,2026-07-13,112.59,112.59,112.59,Rengali Damsite
061-ERDBWN,2026-07-14,112.71,112.71,112.71,Rengali Damsite
061-ERDBWN,2026-07-15,112.9,112.9,112.9,Rengali Damsite
061-ERDBWN,2026-07-16,113.1,113.1,113.1,Rengali Damsite
061-ERDBWN,2026-07-17,113.32,113.32,113.32,Rengali Damsite
061-ERDBWN,2026-07-18,113.53,113.53,113.53,Rengali Damsite
061-ERDBWN,2026-07-19,113.8,113.8,113.8,Rengali Damsite
061-ERDBWN,2026-07-20,114.18,114.18,114.18,Rengali Damsite
061-ERDBWN,2026-07-21,114.85,114.85,114.85,Rengali Damsite
061-ERDBWN,2026-07-22,115.44,115.44,115.44,Rengali Damsite
061-ERDBWN,2026-07-23,116.44,116.44,116.44,Rengali Damsite
061-ERDBWN,2026-07-24,117.54,117.54,117.54,Rengali Damsite
061-ERDBWN,2026-07-25,118.17,118.17,118.17,Rengali Damsite
061-ERDBWN,2026-07-26,118.92,118.92,118.92,Rengali Damsite
061-ERDBWN,2026-07-27,119.49,119.49,119.49,Rengali Damsite
061-ERDBWN,2026-07-28,119.86,119.86,119.86,Rengali Damsite
061-ERDBWN,2026-07-29,121.18,121.18,121.18,Rengali Damsite
061-ERDBWN,2026-07-30,122.15,122.15,122.15,Rengali Damsite
061-ERDBWN,2026-07-31,122.28,122.28,122.28,Rengali Damsite
061-ERDBWN,2026-08-01,122.09,122.09,122.09,Rengali Damsite
061-ERDBWN,2026-08-02,121.86,121.86,121.86,Rengali Damsite
061-ERDBWN,2026-08-03,121.56,121.56,121.56,Rengali Damsite
061-ERDBWN,2026-08-04,121.29,121.29,121.29,Rengali Damsite
061-ERDBWN,2026-08-05,120.97,120.97,120.97,Rengali Damsite
061-ERDBWN,2026-08-06,120.68,120.68,120.68,Rengali Damsite
061-ERDBWN,2026-08-07,120.6,120.6,120.6,Rengali Damsite
061-ERDBWN,2026-08-08,120.96,120.96,120.96,Rengali Damsite
061-ERDBWN,2026-08-09,121.45,121.45,121.45,Rengali Damsite
061-ERDBWN,2026-08-10,122.06,122.06,122.06,Rengali Damsite
061-ERDBWN,2026-08-11,122.19,122.19,122.19,Rengali Damsite
061-ERDBWN,2026-08-12,122.24,122.24,122.24,Rengali Damsite
061-ERDBWN,2026-08-13,122.31,122.31,122.31,Rengali Damsite
061-ERDBWN,2026-08-14,122.48,122.48,122.48,Rengali Damsite
061-ERDBWN,2026-08-15,122.66,122.66,122.66,Rengali Damsite
061-ERDBWN,2026-08-16,122.71,122.71,122.71,Rengali Damsite
061-ERDBWN,2026-08-17,123.24,123.24,123.24,Rengali Damsite
061-ERDBWN,2026-08-18,122.85,122.85,122.85,Rengali Damsite
061-ERDBWN,2026-08-19,123.09,123.09,123.09,Rengali Damsite
061-ERDBWN,2026-08-20,123.49,123.49,123.49,Rengali Damsite
061-ERDBWN,2026-08-21,123.36,123.36,123.36,Rengali Damsite
061-ERDBWN,2026-08-22,123.24,123.24,123.24,Rengali Damsite
061-ERDBWN,2026-08-23,122.79,122.79,122.79,Rengali Damsite
061-ERDBWN,2026-08-24,122.57,122.57,122.57,Rengali Damsite
061-ERDBWN,2026-08-25,122.51,122.51,122.51,Rengali Damsite
061-ERDBWN,2026-08-26,122.44,122.44,122.44,Rengali Damsite
061-ERDBWN,2026-08-27,122.18,122.18,122.18,Rengali Damsite
061-ERDBWN,2026-08-28,121.86,121.86,121.86,Rengali Damsite
061-ERDBWN,2026-08-29,121.54,121.54,121.54,Rengali Damsite
061-ERDBWN,2026-08-30,121.54,121.54,121.54,Rengali Damsite
065-ERDBWN,2026-07-01,162.3557142857143,162.33,162.37,Lathikata
065-ERDBWN,2026-07-02,162.29416666666665,162.26,162.32,Lathikata
065-ERDBWN,2026-07-03,162.2775,162.22,162.32,Lathikata
065-ERDBWN,2026-07-04,162.33374999999998,162.22,162.38,Lathikata
065-ERDBWN,2026-07-05,162.53666666666666,162.39,162.68,Lathikata
065-ERDBWN,2026-07-06,163.13666666666668,162.69,163.48,Lathikata
065-ERDBWN,2026-07-07,163.53583333333333,163.49,163.55,Lathikata
065-ERDBWN,2026-07-08,163.72208333333333,163.54,163.87,Lathikata
065-ERDBWN,2026-07-09,163.86375,163.79,163.94,Lathikata
065-ERDBWN,2026-07-10,163.46666666666667,163.28,163.78,Lathikata
065-ERDBWN,2026-07-11,163.14541666666668,163.08,163.27,Lathikata
065-ERDBWN,2026-07-12,163.1525,163.08,163.3,Lathikata
065-ERDBWN,2026-07-13,163.27,163.24,163.32,Lathikata
065-ERDBWN,2026-07-14,163.08375,163.03,163.23,Lathikata
065-ERDBWN,2026-07-15,162.965,162.92,163.05,Lathikata
065-ERDBWN,2026-07-16,162.86166666666665,162.84,162.93,Lathikata
065-ERDBWN,2026-07-17,163.18291666666667,162.86,163.39,Lathikata
065-ERDBWN,2026-07-18,163.7475,163.36,164.37,Lathikata
065-ERDBWN,2026-07-19,164.54291666666666,164.28,164.84,Lathikata
065-ERDBWN,2026-07-20,164.33208333333332,163.89,164.66,Lathikata
065-ERDBWN,2026-07-21,163.83833333333334,163.72,164.1,Lathikata
065-ERDBWN,2026-07-22,165.5625,164.12,166.42,Lathikata
065-ERDBWN,2026-07-23,165.88583333333335,165.39,166.41,Lathikata
065-ERDBWN,2026-07-24,164.97458333333333,164.65,165.37,Lathikata
065-ERDBWN,2026-07-25,164.79458333333335,164.63,164.97,Lathikata
065-ERDBWN,2026-07-26,165.25833333333333,164.78,165.62,Lathikata
065-ERDBWN,2026-07-27,164.51500000000001,164.14,164.97,Lathikata
065-ERDBWN,2026-07-28,165.05875,164.13,166.2,Lathikata
065-ERDBWN,2026-07-29,165.99166666666667,165.27,166.35,Lathikata
065-ERDBWN,2026-07-30,164.81625,164.45,165.22,Lathikata
065-ERDBWN,2026-07-31,164.30833333333334,164.16,164.44,Lathikata
065-ERDBWN,2026-08-01,163.95708333333332,163.73,164.15,Lathikata
065-ERDBWN,2026-08-02,163.64208333333332,163.55,163.7,Lathikata
065-ERDBWN,2026-08-03,163.475,163.45,163.53,Lathikata
065-ERDBWN,2026-08-04,163.56875,163.47,163.67,Lathikata
065-ERDBWN,2026-08-05,163.71041666666667,163.68,163.76,Lathikata
065-ERDBWN,2026-08-06,163.93958333333333,163.77,164.07,Lathikata
065-ERDBWN,2026-08-07,164.53625,163.9,164.8,Lathikata
065-ERDBWN,2026-08-08,164.99,164.7,165.74,Lathikata
065-ERDBWN,2026-08-09,165.80583333333334,165.55,166.08,Lathikata
065-ERDBWN,2026-08-10,165.14416666666668,164.64,165.53,Lathikata
065-ERDBWN,2026-08-11,165.12125,164.6,165.39,Lathikata
065-ERDBWN,2026-08-12,165.43625,165.27,165.6,Lathikata
065-ERDBWN,2026-08-13,166.02958333333333,165.12,167.06,Lathikata
065-ERDBWN,2026-08-14,166.69166666666666,166.42,166.9,Lathikata
065-ERDBWN,2026-08-15,166.72375,166.41,167.21,Lathikata
065-ERDBWN,2026-08-16,167.02833333333334,166.93,167.15,Lathikata
065-ERDBWN,2026-08-17,165.94,165.3,166.92,Lathikata
065-ERDBWN,2026-08-18,166.77333333333334,165.72,168.0,Lathikata
065-ERDBWN,2026-08-19,167.84708333333333,167.51,168.09,Lathikata
065-ERDBWN,2026-08-20,167.03166666666667,166.59,167.49,Lathikata
065-ERDBWN,2026-08-21,165.81875,165.23,166.52,Lathikata
065-ERDBWN,2026-08-22,164.89291666666668,164.58,165.2,Lathikata
065-ERDBWN,2026-08-23,164.52166666666668,164.41,164.56,Lathikata
065-ERDBWN,2026-08-24,165.17333333333332,164.39,165.83,Lathikata
065-ERDBWN,2026-08-25,165.52125,165.32,165.82,Lathikata
065-ERDBWN,2026-08-26,165.32375,165.29,165.35,Lathikata
065-ERDBWN,2026-08-27,165.21541666666667,165.08,165.34,Lathikata
065-ERDBWN,2026-08-28,165.105,165.05,165.13,Lathikata
065-ERDBWN,2026-08-29,165.28375,165.12,165.65,Lathikata
065-ERDBWN,2026-08-30,165.99764705882353,165.7,166.1,Lathikata
067-ERDBWN,2026-07-01,314.69571428571425,314.69,314.7,Mahuldiha
067-ERDBWN,2026-07-02,314.74708333333336,314.69,314.78,Mahuldiha
067-ERDBWN,2026-07-03,314.72625,314.7,314.77,Mahuldiha
067-ERDBWN,2026-07-04,314.76375,314.74,314.78,Mahuldiha
067-ERDBWN,2026-07-05,314.82374999999996,314.76,314.95,Mahuldiha
067-ERDBWN,2026-07-06,315.3279166666667,314.97,316.2,Mahuldiha
067-ERDBWN,2026-07-07,314.90958333333333,314.87,314.99,Mahuldiha
067-ERDBWN,2026-07-08,314.82958333333335,314.79,314.9,Mahuldiha
067-ERDBWN,2026-07-09,314.8879166666666,314.88,314.9,Mahuldiha
067-ERDBWN,2026-07-10,314.8591666666667,314.84,314.88,Mahuldiha
067-ERDBWN,2026-07-11,314.81874999999997,314.81,314.83,Mahuldiha
067-ERDBWN,2026-07-12,314.7929166666667,314.78,314.8,Mahuldiha
067-ERDBWN,2026-07-13,314.76124999999996,314.75,314.78,Mahuldiha
067-ERDBWN,2026-07-14,314.77000000000004,314.75,314.8,Mahuldiha
067-ERDBWN,2026-07-15,314.7945833333333,314.78,314.82,Mahuldiha
067-ERDBWN,2026-07-16,314.86541666666665,314.83,314.92,Mahuldiha
067-ERDBWN,2026-07-17,314.9320833333333,314.89,314.97,Mahuldiha
067-ERDBWN,2026-07-18,314.85625,314.84,314.89,Mahuldiha
067-ERDBWN,2026-07-19,314.8275,314.82,314.84,Mahuldiha
067-ERDBWN,2026-07-20,314.8575,314.84,314.89,Mahuldiha
067-ERDBWN,2026-07-21,315.15416666666664,314.89,316.51,Mahuldiha
067-ERDBWN,2026-07-22,315.31374999999997,315.04,315.88,Mahuldiha
067-ERDBWN,2026-07-23,315.02375,315.0,315.05,Mahuldiha
067-ERDBWN,2026-07-24,314.99625,314.97,315.02,Mahuldiha
067-ERDBWN,2026-07-25,315.0425,314.94,315.11,Mahuldiha
067-ERDBWN,2026-07-26,314.98083333333335,314.93,315.04,Mahuldiha
067-ERDBWN,2026-07-27,314.9329166666667,314.91,315.03,Mahuldiha
067-ERDBWN,2026-07-28,316.81666666666666,315.07,317.6,Mahuldiha
067-ERDBWN,2026-07-29,315.88208333333336,315.46,316.83,Mahuldiha
067-ERDBWN,2026-07-30,315.32416666666666,315.18,315.44,Mahuldiha
067-ERDBWN,2026-07-31,315.1816666666667,315.0,315.3,Mahuldiha
067-ERDBWN,2026-08-01,315.0441666666666,315.01,315.08,Mahuldiha
067-ERDBWN,2026-08-02,314.97791666666666,314.95,315.0,Mahuldiha
067-ERDBWN,2026-08-03,314.92583333333334,314.91,314.95,Mahuldiha
067-ERDBWN,2026-08-04,314.8925,314.88,314.9,Mahuldiha
067-ERDBWN,2026-08-05,314.875,314.87,314.88,Mahuldiha
067-ERDBWN,2026-08-06,314.92875,314.87,314.95,Mahuldiha
067-ERDBWN,2026-08-07,315.1145833333333,314.91,315.7,Mahuldiha
067-ERDBWN,2026-08-08,315.16333333333336,315.08,315.31,Mahuldiha
067-ERDBWN,2026-08-09,315.05333333333334,315.0,315.12,Mahuldiha
067-ERDBWN,2026-08-10,315.01666666666665,314.98,315.13,Mahuldiha
067-ERDBWN,2026-08-11,315.19541666666663,315.0,315.62,Mahuldiha
067-ERDBWN,2026-08-12,315.0983333333333,315.0,315.26,Mahuldiha
067-ERDBWN,2026-08-13,316.24,315.0,318.08,Mahuldiha
067-ERDBWN,2026-08-14,315.47791666666666,315.31,315.81,Mahuldiha
067-ERDBWN,2026-08-15,315.74083333333334,315.36,315.91,Mahuldiha
067-ERDBWN,2026-08-16,315.5420833333333,315.35,315.89,Mahuldiha
067-ERDBWN,2026-08-17,316.205,315.85,316.75,Mahuldiha
067-ERDBWN,2026-08-18,315.57625,315.35,315.88,Mahuldiha
067-ERDBWN,2026-08-19,315.22291666666666,315.14,315.34,Mahuldiha
067-ERDBWN,2026-08-20,315.0804166666667,315.04,315.13,Mahuldiha
067-ERDBWN,2026-08-21,315.04249999999996,315.0,315.12,Mahuldiha
067-ERDBWN,2026-08-22,315.00416666666666,314.97,315.09,Mahuldiha
067-ERDBWN,2026-08-23,315.04875,314.95,315.32,Mahuldiha
067-ERDBWN,2026-08-24,315.1275,315.05,315.4,Mahuldiha
067-ERDBWN,2026-08-25,315.0266666666667,315.0,315.05,Mahuldiha
067-ERDBWN,2026-08-26,314.9870833333334,314.97,315.0,Mahuldiha
067-ERDBWN,2026-08-27,314.96583333333336,314.96,314.97,Mahuldiha
067-ERDBWN,2026-08-28,314.94625,314.94,314.96,Mahuldiha
067-ERDBWN,2026-08-29,314.9941666666667,314.96,315.03,Mahuldiha
067-ERDBWN,2026-08-30,315.0005882352941,314.99,315.01,Mahuldiha
068-ERDBWN,2026-07-01,290.9,290.87,290.93,Mahuldiha
068-ERDBWN,2026-07-02,290.9166666666667,290.91,290.93,Mahuldiha
068-ERDBWN,2026-07-03,290.95458333333335,290.91,291.02,Mahuldiha
068-ERDBWN,2026-07-04,291.03458333333333,291.02,291.05,Mahuldiha
068-ERDBWN,2026-07-05,291.04291666666666,291.03,291.13,Mahuldiha
068-ERDBWN,2026-07-06,291.3979166666667,291.13,291.55,Mahuldiha
068-ERDBWN,2026-07-07,291.22166666666664,291.15,291.29,Mahuldiha
068-ERDBWN,2026-07-08,291.12708333333336,291.12,291.15,Mahuldiha
068-ERDBWN,2026-07-09,291.1033333333333,291.08,291.12,Mahuldiha
068-ERDBWN,2026-07-10,291.06666666666666,291.05,291.08,Mahuldiha
068-ERDBWN,2026-07-11,291.0283333333333,291.02,291.05,Mahuldiha
068-ERDBWN,2026-07-12,290.99791666666664,290.99,291.02,Mahuldiha
068-ERDBWN,2026-07-13,290.9766666666667,290.97,290.99,Mahuldiha
068-ERDBWN,2026-07-14,290.9941666666667,290.97,291.05,Mahuldiha
068-ERDBWN,2026-07-15,291.02208333333334,291.0,291.05,Mahuldiha
068-ERDBWN,2026-07-16,291.16249999999997,291.0,291.42,Mahuldiha
068-ERDBWN,2026-07-17,291.26,291.19,291.4,Mahuldiha
068-ERDBWN,2026-07-18,291.17375,291.15,291.19,Mahuldiha
068-ERDBWN,2026-07-19,291.1295833333333,291.11,291.15,Mahuldiha
068-ERDBWN,2026-07-20,291.3,291.13,291.4,Mahuldiha
068-ERDBWN,2026-07-21,291.36875,291.32,291.44,Mahuldiha
068-ERDBWN,2026-07-22,291.7008333333333,291.49,291.8,Mahuldiha
068-ERDBWN,2026-07-23,291.54791666666665,291.51,291.63,Mahuldiha
068-ERDBWN,2026-07-24,291.42333333333335,291.35,291.51,Mahuldiha
068-ERDBWN,2026-07-25,291.3475,291.31,291.38,Mahuldiha
068-ERDBWN,2026-07-26,291.3183333333333,291.29,291.35,Mahuldiha
068-ERDBWN,2026-07-27,291.26916666666665,291.23,291.38,Mahuldiha
068-ERDBWN,2026-07-28,292.6790909090909,291.48,293.17,Mahuldiha
068-ERDBWN,2026-07-29,292.31625,291.97,292.94,Mahuldiha
068-ERDBWN,2026-07-30,291.8041666666667,291.65,291.95,Mahuldiha
068-ERDBWN,2026-07-31,291.72291666666666,291.65,291.78,Mahuldiha
068-ERDBWN,2026-08-01,291.5495833333333,291.46,291.65,Mahuldiha
068-ERDBWN,2026-08-02,291.38,291.34,291.43,Mahuldiha
068-ERDBWN,2026-08-03,291.2729166666667,291.23,291.33,Mahuldiha
068-ERDBWN,2026-08-04,291.2075,291.19,291.22,Mahuldiha
068-ERDBWN,2026-08-05,291.1691666666667,291.16,291.18,Mahuldiha
068-ERDBWN,2026-08-06,291.15458333333333,291.15,291.16,Mahuldiha
068-ERDBWN,2026-08-07,291.20125,291.15,291.36,Mahuldiha
068-ERDBWN,2026-08-08,291.40458333333333,291.32,291.54,Mahuldiha
068-ERDBWN,2026-08-09,291.5054166666667,291.34,291.78,Mahuldiha
068-ERDBWN,2026-08-10,291.63875,291.57,291.78,Mahuldiha
068-ERDBWN,2026-08-11,291.55083333333334,291.48,291.65,Mahuldiha
068-ERDBWN,2026-08-12,291.43916666666667,291.38,291.48,Mahuldiha
068-ERDBWN,2026-08-13,292.36125,291.38,293.45,Mahuldiha
068-ERDBWN,2026-08-14,291.89208333333335,291.73,292.22,Mahuldiha
068-ERDBWN,2026-08-15,292.19958333333335,291.73,292.41,Mahuldiha
068-ERDBWN,2026-08-16,291.88875,291.71,292.14,Mahuldiha
068-ERDBWN,2026-08-17,292.1658333333333,291.71,292.48,Mahuldiha
068-ERDBWN,2026-08-18,291.8483333333333,291.69,292.04,Mahuldiha
068-ERDBWN,2026-08-19,291.58625,291.5,291.69,Mahuldiha
068-ERDBWN,2026-08-20,291.4120833333333,291.35,291.5,Mahuldiha
068-ERDBWN,2026-08-21,291.3641666666667,291.32,291.47,Mahuldiha
068-ERDBWN,2026-08-22,291.34041666666667,291.31,291.44,Mahuldiha
068-ERDBWN,2026-08-23,291.2975,291.27,291.43,Mahuldiha
068-ERDBWN,2026-08-24,291.59250000000003,291.51,291.78,Mahuldiha
068-ERDBWN,2026-08-25,291.6879166666667,291.6,291.84,Mahuldiha
068-ERDBWN,2026-08-26,291.4904166666667,291.41,291.6,Mahuldiha
068-ERDBWN,2026-08-27,291.39124999999996,291.37,291.41,Mahuldiha
068-ERDBWN,2026-08-28,291.3175,291.28,291.37,Mahuldiha
068-ERDBWN,2026-08-29,291.28625,291.27,291.33,Mahuldiha
068-ERDBWN,2026-08-30,291.32882352941175,291.28,291.9,Mahuldiha
47-LGDHYD,2026-07-01,628.47,628.47,628.47,Khatiguda
47-LGDHYD,2026-07-02,628.47,628.47,628.47,Khatiguda
47-LGDHYD,2026-07-03,628.48875,628.48,628.5,Khatiguda
47-LGDHYD,2026-07-04,628.5224999999999,628.5,628.6,Khatiguda
47-LGDHYD,2026-07-05,628.9758333333333,628.65,629.13,Khatiguda
47-LGDHYD,2026-07-06,629.1925,629.14,629.25,Khatiguda
47-LGDHYD,2026-07-07,629.30625,629.26,629.35,Khatiguda
47-LGDHYD,2026-07-08,629.3858333333334,629.35,629.4,Khatiguda
47-LGDHYD,2026-07-09,629.4045833333333,629.4,629.43,Khatiguda
47-LGDHYD,2026-07-10,629.5533333333334,629.45,629.58,Khatiguda
47-LGDHYD,2026-07-11,629.57375,629.57,629.58,Khatiguda
47-LGDHYD,2026-07-12,629.6191666666667,629.58,629.65,Khatiguda
47-LGDHYD,2026-07-13,629.6679166666667,629.65,629.68,Khatiguda
47-LGDHYD,2026-07-14,629.6295833333334,629.6,629.67,Khatiguda
47-LGDHYD,2026-07-15,629.5904166666667,629.58,629.6,Khatiguda
47-LGDHYD,2026-07-16,629.5324999999999,629.51,629.57,Khatiguda
47-LGDHYD,2026-07-17,629.5804166666667,629.55,629.65,Khatiguda
47-LGDHYD,2026-07-18,629.91375,629.67,630.02,Khatiguda
47-LGDHYD,2026-07-19,630.0425,630.02,630.1,Khatiguda
47-LGDHYD,2026-07-20,630.1191666666667,630.1,630.18,Khatiguda
47-LGDHYD,2026-07-21,630.4054166666666,630.21,630.54,Khatiguda
47-LGDHYD,2026-07-22,630.7020833333333,630.56,630.8,Khatiguda
47-LGDHYD,2026-07-23,630.9225,630.81,630.99,Khatiguda
47-LGDHYD,2026-07-24,631.0529166666666,631.0,631.09,Khatiguda
47-LGDHYD,2026-07-25,631.1366666666667,631.09,631.17,Khatiguda
47-LGDHYD,2026-07-26,631.1858333333333,631.17,631.21,Khatiguda
47-LGDHYD,2026-07-27,631.32,631.21,631.46,Khatiguda
47-LGDHYD,2026-07-28,631.8020833333334,631.51,631.93,Khatiguda
47-LGDHYD,2026-07-29,632.2162500000001,631.95,632.45,Khatiguda
47-LGDHYD,2026-07-30,632.6758333333333,632.48,632.75,Khatiguda
47-LGDHYD,2026-07-31,632.9129166666667,632.76,632.98,Khatiguda
47-LGDHYD,2026-08-01,633.0179166666667,632.98,633.07,Khatiguda
47-LGDHYD,2026-08-02,633.12875,632.22,633.23,Khatiguda
47-LGDHYD,2026-08-03,633.2395833333334,633.23,633.26,Khatiguda
47-LGDHYD,2026-08-04,633.2933333333333,633.27,633.31,Khatiguda
47-LGDHYD,2026-08-05,633.2975,633.29,633.31,Khatiguda
47-LGDHYD,2026-08-06,633.2904166666666,633.29,633.3,Khatiguda
47-LGDHYD,2026-08-07,633.3691666666667,633.29,633.41,Khatiguda
47-LGDHYD,2026-08-08,633.505,633.42,633.61,Khatiguda
47-LGDHYD,2026-08-09,633.6858333333333,633.62,633.73,Khatiguda
47-LGDHYD,2026-08-10,633.8037499999999,633.73,633.88,Khatiguda
47-LGDHYD,2026-08-11,633.9358333333333,633.89,633.97,Khatiguda
47-LGDHYD,2026-08-12,634.005,633.98,634.03,Khatiguda
47-LGDHYD,2026-08-13,634.04875,634.04,634.07,Khatiguda
47-LGDHYD,2026-08-14,634.06125,634.05,634.08,Khatiguda
47-LGDHYD,2026-08-15,634.17125,634.08,634.22,Khatiguda
47-LGDHYD,2026-08-16,634.29125,634.22,634.33,Khatiguda
47-LGDHYD,2026-08-17,634.41125,634.33,634.46,Khatiguda
47-LGDHYD,2026-08-18,634.5008333333334,634.46,634.58,Khatiguda
47-LGDHYD,2026-08-19,634.65,634.59,634.72,Khatiguda
47-LGDHYD,2026-08-20,634.7379166666667,634.72,634.76,Khatiguda
47-LGDHYD,2026-08-21,634.8120833333334,634.77,634.84,Khatiguda
47-LGDHYD,2026-08-22,635.0129166666667,634.85,635.22,Khatiguda
47-LGDHYD,2026-08-23,635.8866666666667,635.25,636.85,Khatiguda
47-LGDHYD,2026-08-24,637.4129166666667,637.0,637.77,Khatiguda
47-LGDHYD,2026-08-25,638.14625,637.8,638.46,Khatiguda
47-LGDHYD,2026-08-26,638.50375,638.48,638.55,Khatiguda
47-LGDHYD,2026-08-27,638.79125,638.55,638.9,Khatiguda
47-LGDHYD,2026-08-28,639.0066666666667,638.9,639.08,Khatiguda
47-LGDHYD,2026-08-29,639.2020833333333,639.09,639.29,Khatiguda
47-LGDHYD,2026-08-30,639.3623529411765,639.3,639.43,Khatiguda
48-lgdhyd,2026-07-01,847.0514285714286,847.05,847.06,Koraput
48-lgdhyd,2026-07-02,847.07125,847.06,847.09,Koraput
48-lgdhyd,2026-07-03,847.1283333333334,847.09,847.15,Koraput
48-lgdhyd,2026-07-04,847.2312499999999,847.15,847.28,Koraput
48-lgdhyd,2026-07-05,847.6708333333332,847.34,847.77,Koraput
48-lgdhyd,2026-07-06,848.0716666666667,847.81,848.17,Koraput
48-lgdhyd,2026-07-07,848.2370833333333,848.18,848.27,Koraput
48-lgdhyd,2026-07-08,848.3191666666667,848.28,848.34,Koraput
48-lgdhyd,2026-07-09,848.3708333333334,848.34,848.39,Koraput
48-lgdhyd,2026-07-10,848.4120833333333,848.39,848.43,Koraput
48-lgdhyd,2026-07-11,848.4491666666668,848.43,848.46,Koraput
48-lgdhyd,2026-07-12,848.4520833333335,848.45,848.46,Koraput
48-lgdhyd,2026-07-13,848.4662500000001,848.45,848.47,Koraput
48-lgdhyd,2026-07-14,848.4779166666667,848.47,848.48,Koraput
48-lgdhyd,2026-07-15,848.48,848.48,848.48,Koraput
48-lgdhyd,2026-07-16,848.48375,848.48,848.49,Koraput
48-lgdhyd,2026-07-17,848.5308333333332,848.5,848.55,Koraput
48-lgdhyd,2026-07-18,848.5729166666666,848.55,848.59,Koraput
48-lgdhyd,2026-07-19,848.60125,848.59,848.61,Koraput
48-lgdhyd,2026-07-20,848.6145833333334,848.61,848.62,Koraput
48-lgdhyd,2026-07-21,848.6816666666667,848.62,848.72,Koraput
48-lgdhyd,2026-07-22,848.7508333333334,848.72,848.77,Koraput
48-lgdhyd,2026-07-23,848.8208333333333,848.78,848.84,Koraput
48-lgdhyd,2026-07-24,848.855,848.84,848.87,Koraput
48-lgdhyd,2026-07-25,848.8920833333333,848.87,848.91,Koraput
48-lgdhyd,2026-07-26,848.9237499999999,848.91,848.94,Koraput
48-lgdhyd,2026-07-27,848.9445833333334,848.94,848.95,Koraput
48-lgdhyd,2026-07-28,849.1170833333334,848.98,849.18,Koraput
48-lgdhyd,2026-07-29,849.2795833333333,849.19,849.35,Koraput
48-lgdhyd,2026-07-30,849.4566666666666,849.37,849.49,Koraput
48-lgdhyd,2026-07-31,849.6245833333332,849.5,849.67,Koraput
48-lgdhyd,2026-08-01,849.71875,849.67,849.75,Koraput
48-lgdhyd,2026-08-02,849.7883333333333,849.75,849.81,Koraput
48-lgdhyd,2026-08-03,849.8649999999999,849.81,849.89,Koraput
48-lgdhyd,2026-08-04,849.9108333333334,849.89,849.92,Koraput
48-lgdhyd,2026-08-05,849.96,849.92,849.98,Koraput
48-lgdhyd,2026-08-06,849.98625,849.98,850.0,Koraput
48-lgdhyd,2026-08-07,850.0069565217391,850.0,850.02,Koraput
48-lgdhyd,2026-08-08,850.0526086956521,850.02,850.08,Koraput
48-lgdhyd,2026-08-09,850.1141666666667,850.08,850.14,Koraput
48-lgdhyd,2026-08-10,850.17625,850.14,850.19,Koraput
48-lgdhyd,2026-08-11,850.2012500000001,850.19,850.21,Koraput
48-lgdhyd,2026-08-12,850.2204166666667,850.21,850.23,Koraput
48-lgdhyd,2026-08-13,850.2508333333334,850.23,850.26,Koraput
48-lgdhyd,2026-08-14,850.2925,850.26,850.31,Koraput
48-lgdhyd,2026-08-15,850.3645833333334,850.31,850.4,Koraput
48-lgdhyd,2026-08-16,850.4308333333333,850.4,850.45,Koraput
48-lgdhyd,2026-08-17,850.48625,850.45,850.52,Koraput
48-lgdhyd,2026-08-18,850.5637499999999,850.52,850.6,Koraput
48-lgdhyd,2026-08-19,850.6316666666667,850.6,850.66,Koraput
48-lgdhyd,2026-08-20,850.6629166666667,850.66,850.67,Koraput
48-lgdhyd,2026-08-21,850.6920833333334,850.67,850.71,Koraput
48-lgdhyd,2026-08-22,850.7820833333334,850.71,850.86,Koraput
48-lgdhyd,2026-08-23,851.01125,850.87,851.08,Koraput
48-lgdhyd,2026-08-24,851.3000000000001,851.09,851.39,Koraput
48-lgdhyd,2026-08-25,851.6112499999999,851.41,851.69,Koraput
48-lgdhyd,2026-08-26,818.285652173913,81.74,851.79,Koraput
48-lgdhyd,2026-08-27,851.9304347826088,851.81,851.99,Koraput
48-lgdhyd,2026-08-28,851.9883333333333,851.98,852.01,Koraput
48-lgdhyd,2026-08-29,852.0658333333334,852.01,852.11,Koraput
48-lgdhyd,2026-08-30,852.1276470588235,852.11,852.15,Koraput
50-LGDHYD,2026-07-01,444.18942857142855,444.185,444.216,Chitrakonda
50-LGDHYD,2026-07-02,444.1485,444.124,444.185,Chitrakonda
50-LGDHYD,2026-07-03,444.10533333333336,444.094,444.155,Chitrakonda
50-LGDHYD,2026-07-04,444.11170833333335,444.094,444.185,Chitrakonda
50-LGDHYD,2026-07-05,444.42758333333336,444.216,444.612,Chitrakonda
50-LGDHYD,2026-07-06,444.74399999999997,444.642,444.795,Chitrakonda
50-LGDHYD,2026-07-07,444.815,444.795,444.825,Chitrakonda
50-LGDHYD,2026-07-08,444.81491666666665,444.764,444.825,Chitrakonda
50-LGDHYD,2026-07-09,444.71729166666665,444.642,444.764,Chitrakonda
50-LGDHYD,2026-07-10,444.60154166666666,444.551,444.642,Chitrakonda
50-LGDHYD,2026-07-11,444.52416666666664,444.459,444.551,Chitrakonda
50-LGDHYD,2026-07-12,444.4034583333333,444.337,444.459,Chitrakonda
50-LGDHYD,2026-07-13,444.261125,444.185,444.337,Chitrakonda
50-LGDHYD,2026-07-14,444.101375,444.033,444.155,Chitrakonda
50-LGDHYD,2026-07-15,444.0035833333333,443.972,444.033,Chitrakonda
50-LGDHYD,2026-07-16,443.89799999999997,443.85,443.941,Chitrakonda
50-LGDHYD,2026-07-17,443.76966666666664,443.697,443.85,Chitrakonda
50-LGDHYD,2026-07-18,443.64275,443.606,443.697,Chitrakonda
50-LGDHYD,2026-07-19,443.55608333333333,443.514,443.606,Chitrakonda
50-LGDHYD,2026-07-20,443.565,443.545,443.575,Chitrakonda
50-LGDHYD,2026-07-21,443.60058333333336,443.575,443.636,Chitrakonda
50-LGDHYD,2026-07-22,443.6743333333333,443.636,443.697,Chitrakonda
50-LGDHYD,2026-07-23,443.7150833333333,443.697,443.728,Chitrakonda
50-LGDHYD,2026-07-24,443.74174999999997,443.728,443.758,Chitrakonda
50-LGDHYD,2026-07-25,443.7722083333333,443.758,443.789,Chitrakonda
50-LGDHYD,2026-07-26,443.7877083333333,443.758,443.789,Chitrakonda
50-LGDHYD,2026-07-27,443.77866666666665,443.758,443.789,Chitrakonda
50-LGDHYD,2026-07-28,443.799,443.789,443.819,Chitrakonda
50-LGDHYD,2026-07-29,443.91704166666665,443.819,444.002,Chitrakonda
50-LGDHYD,2026-07-30,444.18758333333335,444.002,444.337,Chitrakonda
50-LGDHYD,2026-07-31,444.49483333333336,444.337,444.612,Chitrakonda
50-LGDHYD,2026-08-01,444.68420833333334,444.612,444.734,Chitrakonda
50-LGDHYD,2026-08-02,444.824,444.764,444.856,Chitrakonda
50-LGDHYD,2026-08-03,444.93054166666667,444.886,444.978,Chitrakonda
50-LGDHYD,2026-08-04,445.0181666666667,444.978,445.069,Chitrakonda
50-LGDHYD,2026-08-05,445.045875,445.008,445.069,Chitrakonda
50-LGDHYD,2026-08-06,445.0867083333333,445.069,445.13,Chitrakonda
50-LGDHYD,2026-08-07,445.1805,445.13,445.221,Chitrakonda
50-LGDHYD,2026-08-08,445.2644583333333,445.221,445.282,Chitrakonda
50-LGDHYD,2026-08-09,445.3610416666667,445.282,445.435,Chitrakonda
50-LGDHYD,2026-08-10,445.4805416666666,445.435,445.557,Chitrakonda
50-LGDHYD,2026-08-11,445.59495833333335,445.557,445.648,Chitrakonda
50-LGDHYD,2026-08-12,445.6775,445.648,445.709,Chitrakonda
50-LGDHYD,2026-08-13,445.80791666666664,445.709,445.861,Chitrakonda
50-LGDHYD,2026-08-14,445.9882916666667,445.861,446.166,Chitrakonda
50-LGDHYD,2026-08-15,446.32508333333334,446.166,446.441,Chitrakonda
50-LGDHYD,2026-08-16,446.57508333333334,446.471,446.684,Chitrakonda
50-LGDHYD,2026-08-17,446.735125,446.623,446.837,Chitrakonda
50-LGDHYD,2026-08-18,446.9155416666667,446.837,446.989,Chitrakonda
50-LGDHYD,2026-08-19,447.03879166666667,446.989,447.111,Chitrakonda
50-LGDHYD,2026-08-20,447.15054166666664,447.111,447.172,Chitrakonda
50-LGDHYD,2026-08-21,447.2129583333333,447.172,447.233,Chitrakonda
50-LGDHYD,2026-08-22,447.32954166666667,447.233,447.446,Chitrakonda
50-LGDHYD,2026-08-23,447.61400000000003,447.446,447.782,Chitrakonda
50-LGDHYD,2026-08-24,448.00779166666666,447.843,448.208,Chitrakonda
50-LGDHYD,2026-08-25,448.39508333333333,448.239,448.544,Chitrakonda
50-LGDHYD,2026-08-26,448.65562500000004,448.544,448.727,Chitrakonda
50-LGDHYD,2026-08-27,448.910625,448.757,449.275,Chitrakonda
50-LGDHYD,2026-08-28,449.0847083333333,449.001,449.184,Chitrakonda
50-LGDHYD,2026-08-29,449.25741666666664,449.184,449.336,Chitrakonda
50-LGDHYD,2026-08-30,449.3901176470588,449.336,449.428,Chitrakonda
