Tender ID,tender_externalreference,tender_title,Work Description,Tender Category,Tender Type,Form of contract,Product Category,Is Multi Currency Allowed For BOQ,Allow Two Stage Bidding,Independent External Monitor/Remarks,Published Date,Pre Bid Meeting Date,Bid Validity(Days),Should Allow NDA Tender,Allow Preferential Bidder,Payment Mode,Bid Opening Date,Organisation Chain,location,Pincode,No of Bids Received,Tender Value in ₹,Bidder Name,Awarded Value,Status,Contract Date :,Department
2026_ORULB_127140_12,BM_14_2025_26,CONSTRUCTION OF MAHANAL PROTECTION WALL NEAR SARASWATI SHISU MANDIR LANE IN WARD NO. 27,CONSTRUCTION OF MAHANAL PROTECTION WALL NEAR SARASWATI SHISU MANDIR LANE IN WARD NO. 27,Works,Open Tender,Percentage,Civil Works - Others,No,No,NA ,11-Mar-2026 11:00 AM,NA ,90.0,No ,No,Online,23-Mar-2026 11:00 AM,Municipal Bodies||Balasore Municipality,Balasore Municipality,756003.0,1.0,"43,83,051",ASHIS SAHU,"3,539,313.94",Accepted-AOC,17-Jul-2026,Municipal Bodies||Balasore Municipality
2026_CEMIB_128417_1,"SE,MID,SBP/02/2026-27",Improvement to Headworks of Balam MIP (Diversion Weir) in Naktideul Block of Sambalpur District under Improvement to Diversion Weir scheme for 2026-27.,Improvement to Headworks of Balam MIP (Diversion Weir) in Naktideul Block of Sambalpur District under Improvement to Diversion Weir scheme for 2026-27.,Works,Open Tender,Percentage,Civil Works - Others,No,No,NA ,24-Apr-2026 11:00 AM,NA ,90.0,No ,No,Online,05-May-2026 10:00 AM,"CE,Minor Irrigation,BBSR||SENMIC-SAMBALPUR||SAMBALPUR",Sambalpur,768001.0,1.0,"46,00,761",ROHIT KUMAR BEHERA,"4,600,760.43",Rejected-AOC,04-Jun-2026,"CE,Minor Irrigation,BBSR||SENMIC-SAMBALPUR||SAMBALPUR"
2026_ORULB_128801_6,MC(CMC)CTC_Div-IINo9/2026-27,Repair and Renovation of Daragha Bazar U.P. School at Kathagada Sahi in Ward No. 26.,Repair and Renovation of Daragha Bazar U.P. School at Kathagada Sahi in Ward No. 26.,Works,Open Tender,Percentage,Civil Works - Others,No,No,NA ,21-May-2026 03:00 PM,NA ,90.0,No ,No,Online,04-Jun-2026 11:00 AM,Municipal Bodies||Cuttack Municipal Corporation,CMC,753012.0,1.0,"24,70,701",DILIP KUMAR NANDA,"2,470,702",Rejected-AOC,18-Jul-2026,Municipal Bodies||Cuttack Municipal Corporation
2026_CEMIB_128063_4,MIDGJP-02/2026-27,Improvement to Sana Nalla Check Dam near village Harishchandrapur in Gosani Block of Gajapati District under Imp. to Check Dam for the year-2026-27.,Improvement to Sana Nalla Check Dam near village Harishchandrapur in Gosani Block of Gajapati District under Imp. to Check Dam for the year-2026-27.,Works,Open Tender,Percentage,Civil Works - Others,No,No,NA ,10-Apr-2026 06:55 PM,NA ,90.0,No ,No,Online,21-Apr-2026 11:00 AM,"CE,Minor Irrigation,BBSR||SESMIC-BERHAMPUR||GAJAPATI",Gajapati,761200.0,1.0,"4,20,000",Purnachandra Biswal,"419,868.59",Rejected-AOC,11-Jul-2026,"CE,Minor Irrigation,BBSR||SESMIC-BERHAMPUR||GAJAPATI"
2025_CERWI_122874_11,Tender Online RCK-20/25,Construction of Road from Pentua to Panturi via Malua under MMSY-TRIP in the Dist. of Kendrapara for the year 2025-26.,Construction of road works,Works,National Competitive Bid,Percentage,Civil Works - Roads,No,No,NA ,15-Dec-2025 04:30 PM,NA ,90.0,No ,No,Online,13-Jan-2026 11:00 AM,CE RW I||RWCIRCLE-KENDRAPARA,Kendrapara,754211.0,2.0,"3,91,85,950",AMBIKA PRASAD SINGH,"39,185,950",Rejected-Finance,07-Jul-2026,CE RW I||RWCIRCLE-KENDRAPARA
2026_CERWI_131088_1,Online Tender 04/2026-27,R.I. Office Chamakhandi _building,R.I. Office Chamakhandi _building,Works,National Competitive Bid,Percentage,Civil Works - Buildings,No,No,NA ,04-Jun-2026 04:00 PM,NA ,90.0,No ,No,Online,18-Jun-2026 11:00 AM,CE RW I||RWCIRCLE-BERHAMPUR||RWDIVISION-GANJAM - II,Ganjam,760011.0,1.0,"4,20,398",B RAKESH PATRA,"302,687",Rejected-AOC,20-Jul-2026,CE RW I||RWCIRCLE-BERHAMPUR||RWDIVISION-GANJAM - II
2026_PIWT_129369_1,FED-07/2026-2027,CLIMATE RESILIENT COASTAL FISHERMEN VILLAGE (CRCFV) AT AMARNAGAR IN BHADRAK DISTRICT ODISHA UNDER PMMSY 2024-25 CIVIL ELECTRICAL AND PLUMBING WORK,Construction Works,Works,Open Tender,Percentage,Civil Works - Buildings,No,No,NA ,15-May-2026 05:00 PM,NA ,90.0,No ,No,Online,30-May-2026 03:30 PM,"Directorate of Ports and IWT||Directorate of Ports and IWT||EE Fisheries Engg Divn,Bhubaneswar",AMARNAGAR,756171.0,2.0,"98,60,757",Akash Kumar Nath,"8,874,681.29",Accepted-AOC,07-Jul-2026,"Directorate of Ports and IWT||Directorate of Ports and IWT||EE Fisheries Engg Divn,Bhubaneswar"
2026_BDABU_128182_1,"252/EM/BDA/2026-27, Dated-10/04/2026","Construction of 11KV Line and LT Line towards shifting of existing lines coming on the drain and Footpath along with Illumination of the road from Damana-DAV to Road at Niladri Vihar near Sani Temple, Bhubaneswar","Construction of 11KV Line and LT Line towards shifting of existing lines coming on the drain and Footpath along with Illumination of the road from Damana-DAV to Road at Niladri Vihar near Sani Temple, Bhubaneswar",Works,Open Tender,Percentage,Electrical Works,No,No,NA ,16-Apr-2026 06:00 PM,NA ,90.0,No ,No,Online,30-Apr-2026 11:30 AM,Bhubaneswar Development Authority||Bhubaneswar Development Authority||EE BDA Division IV,Bhubaneswar,751001.0,2.0,"1,00,55,697",MODERN WINDING AND ELECTRICALS,"10,054,691",Rejected-Technical,31-Jul-2026,Bhubaneswar Development Authority||Bhubaneswar Development Authority||EE BDA Division IV
2025_CERWI_121530_13,Tender Online RWC-24-25,Improvement to Sampur Bhagabanpur road in the District of Jagatsinghpurunder MMSY-Improvement Existing RD road for the year 2025-26,Improvement to Sampur Bhagabanpur road in the District of Jagatsinghpurunder MMSY-Improvement Existing RD road for the year 2025-26,Works,National Competitive Bid,Percentage,Civil Works - Roads,No,No,NA ,21-Nov-2025 06:00 PM,NA ,90.0,No ,No,Online,05-Dec-2025 11:30 AM,CE RW I||RWCIRCLE-CUTTACK,Jagatsinghpur,754102.0,2.0,"6,97,95,202",DEBASIS PATI,"69,795,203",Rejected-Finance,10-Jul-2026,CE RW I||RWCIRCLE-CUTTACK
2025_ORULB_120037_3,PM_02/2025-26,Upgradation of Crematorium in Ward No-01,Upgradation of Crematorium in Ward No-01,Works,Open Limited,Percentage,Civil Works - Others,No,No,NA ,25-Oct-2025 06:00 PM,NA ,90.0,No ,No,Online,15-Nov-2025 11:00 AM,Municipal Bodies||Pattamundai Municipality,Pattamundai,754215.0,1.0,"12,19,342",PRANATI BEHERA,"1,223,144",Rejected-AOC,22-Jul-2026,Municipal Bodies||Pattamundai Municipality
2025_PRRNP_118020_6,Online Tender-01-2025-26,Construction of GPLF building at Khatia,Construction of GPLF building at Khatia,Works,Open Tender,Percentage,Civil Works - Buildings,No,No,NA ,15-Sep-2025 10:00 AM,NA ,180.0,No ,No,Online,24-Sep-2025 11:00 AM,Panchayati Raj and Drinking Water Department Odisha||Zilla Parisad Nayagarh||RANAPUR Block,Ranpur,752026.0,1.0,"25,17,000",SAMEER PATTANAIK,"2,139,863.11",Rejected-AOC,22-Jul-2026,Panchayati Raj and Drinking Water Department Odisha||Zilla Parisad Nayagarh||RANAPUR Block
2026_PZPRM_128688_3,"BDO, Ramanaguda-online-01/2026-27",Construction of GPLFs Office Building with Market Complex at Sundhidhamuni,Construction of GPLFs Office Building with Market Complex at Sundhidhamuni,Works,Open Tender,Percentage,Civil Works - Buildings,No,No,NA ,02-May-2026 10:00 AM,NA ,90.0,No ,No,Online,25-May-2026 11:30 AM,Panchayati Raj and Drinking Water Department Odisha||Zilla Parisad Rayagada||RAMANAGUDA Block,Sundhidhamuni,765029.0,1.0,"21,61,511",NIRUPAMA GOUDA,"2,161,510",Rejected-Finance,01-Jul-2026,Panchayati Raj and Drinking Water Department Odisha||Zilla Parisad Rayagada||RAMANAGUDA Block
2026_WATCO_127782_1,WATCO (W)-30(03)/2025-26 Dtd.23.03.2026,"Design, Drawing, Const. Testing and Comm. of S/S, 160 KLD Sewage Treatment Plant (STP) and 40 KLD Effluent Treatment Plant (ETP) for District Head Quarter Hospital (City Hospital) in Cuttack including Operation and Maint. for a period of Five Years","Design, Drawing, Const. Testing and Comm. of S/S, 160 KLD Sewage Treatment Plant (STP) and 40 KLD Effluent Treatment Plant (ETP) for District Head Quarter Hospital (City Hospital) in Cuttack including Operation and Maint. for a period of Five Years",Works,National Competitive Bid,Percentage,Civil Works - Water Works,No,No,NA ,06-Apr-2026 05:00 PM,NA ,120.0,No ,No,Online,02-May-2026 12:30 PM,WATCO Bhubaneswar,"District Head Quarter Hospital, Cuttack",753002.0,2.0,"4,02,47,000",SURYA KANTA NAYAK,"36,226,222",Rejected-AOC,31-Jul-2026,WATCO Bhubaneswar
2026_EICCL_128892_2,SE DKL (R and B) 05/2026-27,"Construction of two disabled-friendly toilet and ramp for PWD students (Female) at Dhenkanal Mahila Mahavidyalaya College, Dhenkanal","Construction of two disabled-friendly toilet and ramp for PWD students (Female) at Dhenkanal Mahila Mahavidyalaya College, Dhenkanal",Works,Open Tender,Percentage,Civil Works - Buildings,No,No,NA ,07-May-2026 09:00 AM,NA ,90.0,No ,No,Online,22-May-2026 11:00 AM,EIC-CIVIL||SERNB-CIRCLE-DHENKANAL||EERNB-DIVN-DHENKANAL,Dhenkanal,759001.0,1.0,"5,41,016",BODHINATH JAGADISH CHANDRA,"541,016",Rejected-AOC,27-Jul-2026,EIC-CIVIL||SERNB-CIRCLE-DHENKANAL||EERNB-DIVN-DHENKANAL
2026_ORULB_128319_1,07/SMC_SBP/2026-27,"Construction of road from SH to Kamakya Vihar ward no-28 under SMC, Sambalpu","Construction of road from SH to Kamakya Vihar ward no-28 under SMC, Sambalpu",Works,Open Tender,Percentage,Civil Works - Others,No,No,NA ,23-Apr-2026 11:00 AM,NA ,120.0,No ,No,Online,03-May-2026 11:00 AM,Municipal Bodies||Sambalpur Municipal Corporation,SAMBALPUR MUNICIPAL CORPORATION,768006.0,1.0,"33,89,480",M/s Himansu Sekhar Samal,"3,389,479",Rejected-Technical,11-Jul-2026,Municipal Bodies||Sambalpur Municipal Corporation
2025_EICCL_123568_11,CCEEC-13/2025-26,Construction of 6 Nos. F-type quarters (G plus 2) for Staff of Rairangpur (R and B) Division in the District of Mayurbhanj for the year 2025-26.,Building Work,Works,National Competitive Bid,Percentage,Civil Works - Buildings,No,No,NA ,20-Dec-2025 06:55 PM,NA ,90.0,No ,No,Online,05-Jan-2026 11:00 AM,EIC-CIVIL||SERNB-CIRCLE-EASTERN,Rairangpur,757043.0,2.0,"1,14,13,235",BARENDRA KRISHNA MATAGAJSINGH,"9,702,391",Rejected-Finance,15-Jul-2026,EIC-CIVIL||SERNB-CIRCLE-EASTERN
2026_ORULB_127814_3,MC(CMC)CTC_Div-IIiNo2/2026-27,Reconstruction of road from LIC Office Chhack to Jagannath Temple in Ward No.34.,Reconstruction of road from LIC Office Chhack to Jagannath Temple in Ward No.34.,Works,Open Tender,Percentage,Civil Works - Others,No,No,NA ,27-Apr-2026 02:00 PM,NA ,105.0,No ,No,Online,13-May-2026 10:00 AM,Municipal Bodies||Cuttack Municipal Corporation,CMC,753001.0,1.0,"29,35,707",BIJAYANANDA KAHALI,"2,876,993",Rejected-AOC,27-Jul-2026,Municipal Bodies||Cuttack Municipal Corporation
2026_ORULB_126953_4,EOBRP/07/2025-26,Covering of drain from Oram seth to sai mandir in ward no 1,Covering of drain from Oram seth to sai mandir in ward no 1,Works,Open Tender,Percentage,Civil Works - Others,No,No,NA ,07-Mar-2026 11:00 AM,NA ,90.0,No ,No,Online,16-Mar-2026 03:00 PM,Municipal Bodies||Barpali NAC,Barpali,768029.0,1.0,"6,72,438",SHIBARATRI SETH (SC),"500,962.79",Rejected-AOC,17-Jul-2026,Municipal Bodies||Barpali NAC
2026_CERWI_125076_22,RWDKNJ-15/25-26,Periodical Maintenance such as SDBC forKathunuagaon to panposei Roadfor the year 2025-26,Periodical Maintenance such as SDBC for Kathunuagaon to panposei Road for the year 2025-26,Works,Open Tender,Percentage,Civil Works - Roads,No,No,NA ,28-Jan-2026 11:00 AM,NA ,90.0,No ,No,Online,03-Feb-2026 11:00 AM,CE RW I||RWCIRCLE-BARIPADA||RW Division Karanjia,karanjia,757037.0,1.0,"13,44,237",BAIDYANATH HEMBRAM,"1,075,524",Accepted-AOC,28-Jul-2026,CE RW I||RWCIRCLE-BARIPADA||RW Division Karanjia
2026_CEBMB_128949_12,SE-HID-ADV-02/2026-27,Desilting to Kadaguda distributary from RD 00 to 16770 m of Harbhangi Irrigation Project,DESILTING OF CANAL,Works,National Competitive Bid,Percentage,Civil Works - Others,No,No,NA ,11-May-2026 11:00 AM,NA ,90.0,No ,No,Online,25-May-2026 11:00 AM,"CE-BM,RVN Basin,Berhampur||SE Southern Irr Circle II Paralakhemundi||EE Harabhangi Irr Divn Adava",ADAVA,761217.0,1.0,"17,69,842",Ajit Kumar Gouda,"1,145,973",Rejected-Finance,24-Jun-2026,"CE-BM,RVN Basin,Berhampur||SE Southern Irr Circle II Paralakhemundi||EE Harabhangi Irr Divn Adava"
2025_EICCL_120884_4,CCENC (R AND B) /13/ 2025-26,Improvement of PWD road Baradunguri Chowk to Bhoimunda via Tabdabahal Pandripali Lal Bridge from 0-000 Km to 5-800 km in the district of Sambalpur under State Plan for the year 2025-26.,ROAD WORK,Works,National Competitive Bid,Percentage,Civil Works - Roads,No,No,NA ,07-Nov-2025 05:00 PM,NA ,90.0,No ,No,Online,25-Nov-2025 11:00 AM,EIC-CIVIL||SERNB-CIRCLE-NORTHERN,SAMBALPUR,768001.0,2.0,"7,17,66,329",SAYED ABDUL SIRAJ,"61,008,556",Rejected-Finance,09-Jul-2026,EIC-CIVIL||SERNB-CIRCLE-NORTHERN
2026_STSCD_125431_3,ITDAKPD-04/2025-26,Const. of Addl. Class Room at Itagarh Ashram School under Kaptipada Block,Const. of Addl. Class Room at Itagarh Ashram School under Kaptipada Block,Works,National Competitive Bid,Percentage,Civil Works - Buildings,No,No,NA ,12-Feb-2026 10:00 AM,NA ,90.0,No ,No,Online,23-Feb-2026 11:00 AM,ST and SC Development Deptt||ITDA Kaptipada,Kaptipada,757041.0,1.0,"16,80,609",RANJAN KUMAR PATRA,"1,238,609",Rejected-AOC,11-Jul-2026,ST and SC Development Deptt||ITDA Kaptipada
2026_CEBMB_128759_9,e-CHID-01/2026-27,Construction of toe drains of Service road of Right Main Canal within RD 23.50Km to 24.50Km of Ghodahada Irrigation Poroject.,Improvement of Canal system,Works,Open Tender,Percentage,Civil Works - Canal,No,No,NA ,06-May-2026 10:00 AM,NA ,90.0,No ,No,Online,22-May-2026 11:30 AM,"CE-BM,RVN Basin,Berhampur||S.E. Southern Irr. Circle I Berhampur||EE Chikiti Irrigation Divn Berhampur",Berhampur,760004.0,1.0,"8,72,000",RAJESH KUMAR SAHU,"872,366",Accepted-AOC,24-Jul-2026,"CE-BM,RVN Basin,Berhampur||S.E. Southern Irr. Circle I Berhampur||EE Chikiti Irrigation Divn Berhampur"
2026_GWCDB_128347_1,GMWATCO-I/05(01)/2026-27 Dt.16.04.2026,"Provision for laying of 100mm dia water supply pipeline with installation valves and ancillary work to NCC Directorate, Chandrasekharpur, Bhubaneswar","Provision for laying of 100mm dia water supply pipeline with installation valves and ancillary work to NCC Directorate, Chandrasekharpur, Bhubaneswar",Works,National Competitive Bid,Percentage,Civil Works - Water Works,No,No,NA ,22-Apr-2026 11:00 AM,NA ,120.0,No ,No,Online,14-May-2026 12:30 PM,WATCO Bhubaneswar||Director (Operation) Watco||GM WATCO DIVISION-I BBSR,"Chandrasekharpur, Bhubaneswar",751016.0,1.0,"10,15,000",SNEHANJALI JENA,"690,246",Rejected-AOC,28-Jul-2026,WATCO Bhubaneswar||Director (Operation) Watco||GM WATCO DIVISION-I BBSR
2025_CERWI_122125_24,TCN 15 of 2025-26,Construction of 1 no F type quarter at PHC Guamal under Tihidi Block for the Year 2025-26,Construction of Buildings,Works,Open Tender,Percentage,Civil Works - Buildings,No,No,NA ,28-Nov-2025 06:55 PM,NA ,90.0,No ,No,Online,06-Dec-2025 11:00 AM,CE RW I||RWCIRCLE-BALASORE||RWDIVISION-BHADRAK,Bhadrak,756100.0,1.0,"19,38,997",BASANTA KUMAR MAHARANA,"1,648,342",Rejected-AOC,20-Jul-2026,CE RW I||RWCIRCLE-BALASORE||RWDIVISION-BHADRAK
2026_ORULB_127140_8,BM_14_2025_26,CONSTRUCTION OF DRAIN WITH COVER SLAB AND CULVERT FROM MIHIR BARIK HOUSE TO OLANDAZ CANAL IN WARD NO 24,CONSTRUCTION OF DRAIN WITH COVER SLAB AND CULVERT FROM MIHIR BARIK HOUSE TO OLANDAZ CANAL IN WARD NO 24,Works,Open Tender,Percentage,Civil Works - Others,No,No,NA ,11-Mar-2026 11:00 AM,NA ,90.0,No ,No,Online,23-Mar-2026 11:00 AM,Municipal Bodies||Balasore Municipality,Balasore Municipality,756003.0,1.0,"33,89,831",BISWAJIT KHATUA,"2,712,204.1",Accepted-AOC,17-Jul-2026,Municipal Bodies||Balasore Municipality
2026_CERWI_126535_51,Tender Online RWC-27-25,Construction of road from Vaishnab Pani ITI Center to Mulabasanta Badheisahi via Kuhunda Kacheri road in the District of Cuttack for the year 2025-26,Construction of road from Vaishnab Pani ITI Center to Mulabasanta Badheisahi via Kuhunda Kacheri road in the District of Cuttack for the year 2025-26,Works,National Competitive Bid,Percentage,Civil Works - Roads,No,No,NA ,02-Mar-2026 12:00 PM,NA ,90.0,No ,No,Online,12-Mar-2026 11:30 AM,CE RW I||RWCIRCLE-CUTTACK,Cuttack,753004.0,2.0,"4,95,73,830",ANANTA PRASAD MALIK,"46,842,313",Accepted-AOC,18-Jul-2026,CE RW I||RWCIRCLE-CUTTACK
2025_ORULB_123966_3,ATH-NAC-03/2025-26,Construction of Paver Block road from Daka Nayak house to Nakula Nayak house at Guhalapadia in wno1,Construction of Paver Block road from Daka Nayak house to Nakula Nayak house at Guhalapadia in wno1,Works,Open Tender,Percentage,Civil Works - Roads,No,No,NA ,01-Jan-2026 11:00 AM,NA ,30.0,No ,No,Online,12-Jan-2026 11:00 AM,Municipal Bodies||Athgarh NAC,ATHGARH,754029.0,1.0,"2,42,663",MINATI JENA,"242,638.87",Rejected-AOC,29-Jul-2026,Municipal Bodies||Athgarh NAC
2026_CEMIB_130096_2,SECMID_05/2026-27,Improvement to JharananallaMIP(Diversion Weir) in Baramba Block of Cuttack District under Improvement to Diversion Weir Scheme for the Year 2026-27.,Improvement to JharananallaMIP(Diversion Weir) in Baramba Block of Cuttack District under Improvement to Diversion Weir Scheme for the Year 2026-27.,Works,Open Tender,Percentage,Civil Works - Canal,No,No,NA ,30-May-2026 10:00 AM,NA ,90.0,No ,No,Online,09-Jun-2026 11:00 AM,"CE,Minor Irrigation,BBSR||SECMIC-BHUBANESWAR||CUTTACK",Baramba,754031.0,1.0,"35,15,517",KUNJABIHARI DAS,"3,515,516.96",Rejected-Finance,27-Jul-2026,"CE,Minor Irrigation,BBSR||SECMIC-BHUBANESWAR||CUTTACK"
2026_ORULB_128734_13,SNP-MUN-37/2026-27,Resatoration of Drain and Road from Mithun Munda House to Ganesh Munda House,Resatoration of Drain and Road from Mithun Munda House to Ganesh Munda House,Works,Open Tender,Percentage,Civil Works - Others,No,No,NA ,05-May-2026 11:00 AM,NA ,60.0,No ,No,Online,16-May-2026 11:00 AM,Municipal Bodies||Sonepur Municipal Council,Sonepur Municipality,767017.0,1.0,"14,04,549",BIKRAM KUMAR AGRAWAL,"1,404,549",Rejected-Technical,26-Jul-2026,Municipal Bodies||Sonepur Municipal Council
2025_EICCL_117887_13,CE-ROADS-I-12/2025-26,Improvement of Karlaga Road from to NH-53 Khairpali via Palsama College from 0/000 km to 5/405 km in the district of Deogarh under State Plan,Improvement of Karlaga Road from to NH-53 Khairpali via Palsama College from 0/000 km to 5/405 km in the district of Deogarh under State Plan,Works,Open Tender,Percentage,Civil Works - Roads,No,No,NA ,11-Sep-2025 06:55 PM,NA ,90.0,No ,No,Online,26-Sep-2025 11:30 AM,EIC-CIVIL,Deogarh Division,751001.0,2.0,"15,89,42,645",BRANZO PROJECTS PRIVATE LIMITED,"135,117,143",Rejected-Technical,02-Jul-2026,EIC-CIVIL
2026_CEMIB_124862_4,Bid ID No. 09 SEMID (KJR/ 2025-2026) Dt. 08.01.2026,Improvement to Ganiabarei MIP in Saharapada Block of Keonjhar District under ERM Scheme for the year 2025-2026,Improvement to Ganiabarei MIP in Saharapada Block of Keonjhar District under ERM Scheme for the year 2025-2026,Works,National Competitive Bid,Percentage,Civil Works - Others,No,No,NA ,20-Jan-2026 02:00 PM,NA ,90.0,No ,No,Online,30-Jan-2026 11:00 AM,"CE,Minor Irrigation,BBSR||SE,Eastern Minor Irr.Circle,Keonjhar||EE M.I. Division Keonjhar",Saharapada Block of Keonjhar District,758001.0,2.0,"16,79,000",NIHAR RANJAN MAHAKUD,"1,258,623.16",Rejected-AOC,29-Jul-2026,"CE,Minor Irrigation,BBSR||SE,Eastern Minor Irr.Circle,Keonjhar||EE M.I. Division Keonjhar"
2026_CEBMB_128759_22,e-CHID-01/2026-27,Improvement to Canal lining in between RD 2448m to RD 2500m of Left Main Canal of Bahuda Irrigation Project.,Improvement of Canal system,Works,Open Tender,Percentage,Civil Works - Canal,No,No,NA ,06-May-2026 10:00 AM,NA ,90.0,No ,No,Online,22-May-2026 11:30 AM,"CE-BM,RVN Basin,Berhampur||S.E. Southern Irr. Circle I Berhampur||EE Chikiti Irrigation Divn Berhampur",Berhampur,760004.0,1.0,"8,46,000",Barika Sethi,"759,902",Rejected-AOC,24-Jul-2026,"CE-BM,RVN Basin,Berhampur||S.E. Southern Irr. Circle I Berhampur||EE Chikiti Irrigation Divn Berhampur"
2025_CERWI_120439_7,Online Tender/13/RWDBNJ/2025-26,S/R to PWD road to Taladantilingi to Upper Dantilingi road under periodical Maintenance for the year 2025-26.,S/R to PWD road to Taladantilingi to Upper Dantilingi road under periodical Maintenance for the year 2025-26.,Works,National Competitive Bid,Percentage,Civil Works - Roads,No,No,NA ,31-Oct-2025 06:55 PM,NA ,90.0,No ,No,Online,11-Nov-2025 11:00 AM,CE RW I||RWCIRCLE-BERHAMPUR||RW Division Bhanjanagar,Bhanjanagar,761126.0,1.0,"34,06,923",Balya Ram Dalai,"2,896,226",Rejected-AOC,28-Jul-2026,CE RW I||RWCIRCLE-BERHAMPUR||RW Division Bhanjanagar
2025_EICCL_115772_3,CE-ROADS-I-06/2025-26,Improvement of Goppili on PWD (SH-4) to Kinchilingi road from 0/000 km to 7/421 km in the district of Gajapati under State Plan,Improvement of Goppili on PWD (SH-4) to Kinchilingi road from 0/000 km to 7/421 km in the district of Gajapati under State Plan,Works,Open Tender,Percentage,Civil Works - Roads,No,No,NA ,19-Jul-2025 06:30 PM,NA ,90.0,No ,No,Online,08-Aug-2025 11:30 AM,EIC-CIVIL,Paralakhemundi Divn.,751001.0,2.0,"12,53,09,003",Subrat Kumar Patro,"106,525,183",Rejected-Technical,17-Jul-2026,EIC-CIVIL
2026_EICCL_128355_2,Bid Identification No-SE-RandB-JSG-20- OF 2025-26,"Renovation of Class rooms and Laboratories at Laxminarayan College, Jharsuguda for the year 2025-26","Renovation of Class rooms and Laboratories at Laxminarayan College, Jharsuguda for the year 2025-26",Works,Open Tender,Percentage,Civil Works - Buildings,No,No,NA ,07-May-2026 04:00 PM,NA ,90.0,No ,No,Online,14-May-2026 11:00 AM,EIC-CIVIL||SERNB-CIRCLE-NORTHERN||EERNB-DIVN-JHARSUGUDA,Jharsuguda,768201.0,1.0,"41,96,688",SABITRI MEHER,"4,196,688",Not Admitted-Fee/PreQual/Technical/Finance,09-Jul-2026,EIC-CIVIL||SERNB-CIRCLE-NORTHERN||EERNB-DIVN-JHARSUGUDA
2026_ORULB_125759_15,BLGR MPTY/10(01-60)/2025-26,"Construction of Paver Blok Road from Sonu res to Siba res,W.No3",Road Work,Works,Open Tender,Percentage,Civil Works - Roads,No,No,NA ,10-Feb-2026 11:00 AM,NA ,180.0,No ,No,Online,05-Mar-2026 11:00 AM,Municipal Bodies||Balangir Municipality,Balangir,767001.0,1.0,"3,38,013",MANABHANJAN PADHI,"337,675.16",Accepted-AOC,22-Jul-2026,Municipal Bodies||Balangir Municipality
2025_ORULB_115623_10,JM-01/2025-26,Construction of Paver Road from Mania Munda House to Anganwadi Centre in Ward No13 Joda Municipality 15th FCUntied,WORKS,Works,Open Tender,Percentage,Civil Works - Others,No,No,NA ,17-Jul-2025 10:00 AM,NA ,120.0,No ,No,Online,31-Jul-2025 11:00 AM,Municipal Bodies||Joda Municipality,JODA MUNICIPALITY AT PO BANEIKALA JODA KEONJHAR,758038.0,1.0,"4,23,730",BHAGYADHAR SETHY,"500,000",Accepted-AOC,22-Jul-2026,Municipal Bodies||Joda Municipality
2026_CEBMB_128730_1,HID-04/2026-27,Repair and Maintenance of protection Wall of approach Channel near village Gundiripadar of HIP,FLOOD PROTECTION WORK,Works,National Competitive Bid,Percentage,Civil Works - Others,No,No,NA ,04-May-2026 11:00 AM,NA ,90.0,No ,No,Online,25-May-2026 11:00 AM,"CE-BM,RVN Basin,Berhampur||SE Southern Irr Circle II Paralakhemundi||EE Harabhangi Irr Divn Adava",ADAVA,761217.0,1.0,"12,58,437",MANOJ KUMAR PANIGRAHY,"999,199",Rejected-Finance,22-Jul-2026,"CE-BM,RVN Basin,Berhampur||SE Southern Irr Circle II Paralakhemundi||EE Harabhangi Irr Divn Adava"
2026_ORULB_129180_1,12/SMC_SBP/2026-27,"Construction of Paver road and drain from Jagannath Mandir to Jogeswar Baba Mandir, Modipada Ward No 22","Construction of Paver road and drain from Jagannath Mandir to Jogeswar Baba Mandir, Modipada Ward No 22",Works,Open Tender,Percentage,Civil Works - Others,No,No,NA ,14-May-2026 11:00 AM,NA ,90.0,No ,No,Online,26-May-2026 11:00 AM,Municipal Bodies||Sambalpur Municipal Corporation,SAMBALPUR MUNICIPAL CORPORATION,768006.0,1.0,"16,91,402","M/s. SURVEILLANCE SYSTEM, PROPRIETOR- ESHA JHAJHARIA","1,692,400.39",Rejected-Technical,08-Jul-2026,Municipal Bodies||Sambalpur Municipal Corporation
2026_STSCD_125431_14,ITDAKPD-04/2025-26,Const. of 40 seated Dormitory at ANWESHA Boys Hostel under Udala Block,Const. of 40 seated Dormitory at ANWESHA Boys Hostel under Udala Block,Works,National Competitive Bid,Percentage,Civil Works - Buildings,No,No,NA ,12-Feb-2026 10:00 AM,NA ,90.0,No ,No,Online,23-Feb-2026 11:00 AM,ST and SC Development Deptt||ITDA Kaptipada,Udala,757041.0,1.0,"38,31,066",AJIT KUMAR BEHERA,"2,601,294",Rejected-AOC,13-Jul-2026,ST and SC Development Deptt||ITDA Kaptipada
2025_PRTRB_124032_1,PS-THRMPR-T-2/2025-26,Construction of 50 MT Godown and one office building in PACS Th Rampur under Th Rampur Block,Construction of 50 MT Godown and one office building in PACS Th Rampur under Th Rampur Block,Works,National Competitive Bid,Percentage,Civil Works - Buildings,No,No,NA ,01-Jan-2026 11:00 AM,NA ,180.0,No ,No,Online,15-Jan-2026 11:00 AM,Panchayati Raj and Drinking Water Department Odisha||Zilla Parisad Kalahandi||THUAMUL RAMPUR Block,"Th.Rampur, Kalahandi",766037.0,2.0,"21,32,416",Prakash Chandra Naik,"1,994,021",Rejected-Finance,23-Jul-2026,Panchayati Raj and Drinking Water Department Odisha||Zilla Parisad Kalahandi||THUAMUL RAMPUR Block
2025_PHEO_120231_1,SEPHBBSR-37(01)/2025-26 DTD.27.10.2025,"Procurement, Installation and Testing of DG sets under P.H. Section, Khandapada","Procurement, Installation and Testing of DG sets under P.H. Section, Khandapada",Works,National Competitive Bid,Percentage,Civil Works - Water Works,No,No,NA ,30-Oct-2025 05:00 PM,NA ,120.0,No ,No,Online,11-Nov-2025 12:30 PM,PHEO||SEPH-CIRCLE-BBSR||EE P.H. Division Bhubaneswar,"Khandapada, Nayagarh",752077.0,1.0,"39,50,000",GSP POWER PROJECTS RETAIL DIVISION,"3,357,869",Rejected-AOC,10-Jul-2026,PHEO||SEPH-CIRCLE-BBSR||EE P.H. Division Bhubaneswar
2026_CERWI_124633_20,NCB-24/RWCRGDA/2025-26,Construction of RD Road to Kesariguda via Litiguda Gobel under the MMSY CMRL Scheme in the District of Gajapati for the year 2025 26.,Construction of RD Road to Kesariguda via Litiguda Gobel under the MMSY CMRL Scheme in the District of Gajapati for the year 2025 26.,Works,National Competitive Bid,Percentage,Civil Works - Roads,No,No,NA ,16-Jan-2026 10:00 AM,NA ,90.0,No ,No,Online,13-Feb-2026 11:00 AM,CE RW I||RWCIRCLE-RAYAGADA,EE RW DIVISION MOHANA,761015.0,2.0,"6,48,37,500",ALLAPA AKHIL KUMAR,"55,118,021.73",Rejected-Finance,23-Jul-2026,CE RW I||RWCIRCLE-RAYAGADA
2026_CEBMB_129576_6,SE-HID-ADV-03/2026-27,"M/R to Padmapur Minor, Sidhapur Minor, Sandhikendu Minor, Surekhadeipur S/M, Tentulikhunti S/M,SarabadiI Minor, Patrapur S/M, Khariguda S/M and Chakunda S/M Under Harabhangi Irrigation Project",DESILTING OF CANAL WORK,Works,National Competitive Bid,Percentage,Civil Works - Others,No,No,NA ,25-May-2026 11:00 AM,NA ,90.0,No ,No,Online,06-Jun-2026 11:00 AM,"CE-BM,RVN Basin,Berhampur||SE Southern Irr Circle II Paralakhemundi||EE Harabhangi Irr Divn Adava",BADAGADA,761109.0,1.0,"9,19,076",Gouri Sankar Pradhan,"624,972",Rejected-Finance,25-Jun-2026,"CE-BM,RVN Basin,Berhampur||SE Southern Irr Circle II Paralakhemundi||EE Harabhangi Irr Divn Adava"
2026_CEBBS_129635_11,SE-AID-3/2026-27,Improvement to Nuapada Minor Construction of Guard wall in between RD 1560m to 2450m of Derjang Irrigation Project,Improvement to Nuapada Minor Construction of Guard wall in between RD 1560m to 2450m of Derjang Irrigation Project,Works,Open Tender,Percentage,Civil Works - Canal,No,No,NA ,25-May-2026 11:00 AM,NA ,90.0,No ,No,Online,04-Jun-2026 09:00 AM,CE and BM Brahmani Basin Samal||SE Angul Irrigation Circle Angul||EE Angul Irrigation Division Angul,Angul,759143.0,1.0,,BAPUJI KUMAR SAHOO,"847,520",Rejected-Finance,15-Nov-2026,CE and BM Brahmani Basin Samal||SE Angul Irrigation Circle Angul||EE Angul Irrigation Division Angul
2026_EICCL_124464_1,NOTICE NO.S.E. JSPR (R-B)-10 OF 2025-26_8,Upgradation of Infrastructure of Brahmandih PHC under AMA HOSPITAL (2nd Phase) in the District of Jagatsinghpur for the year 2025-26,Upgradation of Infrastructure of Brahmandih PHC under AMA HOSPITAL (2nd Phase) in the District of Jagatsinghpur for the year 2025-26,Works,Open Tender,Percentage,Civil Works - Buildings,No,No,NA ,12-Jan-2026 06:00 PM,NA ,90.0,No ,No,Online,22-Jan-2026 11:00 AM,EIC-CIVIL||SERNB-CIRCLE-CUTTACK||EERNB-DIVN-JAGATSINGPUR,Jagatsinghpur,754103.0,2.0,"72,75,000",ANUPAM SWAIN,"6,184,477",Rejected-Finance,29-Jul-2026,EIC-CIVIL||SERNB-CIRCLE-CUTTACK||EERNB-DIVN-JAGATSINGPUR
2026_EICCL_128371_3,TCN-54/25-26,"S/R to MPH, Khordha such as providing wooden flooring","S/R to MPH, Khordha such as providing wooden flooring",Works,Open Tender,Percentage,Civil Works - Buildings,No,No,NA ,23-Apr-2026 11:00 AM,NA ,90.0,No ,No,Online,06-May-2026 11:30 AM,EIC-CIVIL||SERNB-CIRCLE-KHURDA||EERNB DIVN KHURDA,Khordha,752056.0,1.0,"4,20,457",BISWANATH SETHI,"323,752",Rejected-Finance,25-Jun-2026,EIC-CIVIL||SERNB-CIRCLE-KHURDA||EERNB DIVN KHURDA
2026_UPIDB_129389_1,SEUKID-01/2026-27 (SL02),Renovation of fall No. 5 at RD 1.005 km of Sankarda Distributary.,CANAL STRUCTURAL WORK,Works,Open Tender,Percentage,Civil Works - Canal,No,No,NA ,20-May-2026 11:00 AM,NA ,90.0,No ,No,Online,01-Jun-2026 11:00 AM,CE AND BM IK BASIN BARINIPUT JEYPORE||Upper Kolab Project Bariniput||Upper Kolab Irrigation Division Borigumma,BORIGUMMA,764056.0,1.0,"12,06,176",NITYANANDA MAJHI,"1,170,111",Rejected-Finance,24-Jun-2026,CE AND BM IK BASIN BARINIPUT JEYPORE||Upper Kolab Project Bariniput||Upper Kolab Irrigation Division Borigumma
2026_EICCL_127567_12,SE R and B Divn NoI Bam 69 /2025-26,"Repair work of Zonal Office Building BSE, Odisha, ambapua, Berhampur.","Repair work of Zonal Office Building BSE, Odisha, ambapua, Berhampur.",Works,Open Tender,Percentage,Civil Works - Buildings,No,No,NA ,24-Mar-2026 06:50 PM,NA ,90.0,No ,No,Online,31-Mar-2026 11:30 AM,EIC-CIVIL||SERNB-CIRCLE-BERHAMPUR||EERNB-DIVN-GANJAM I,Berhampur,760005.0,1.0,"17,03,671",Dandapani Pradhan,"1,005,166",Accepted-AOC,02-Jul-2026,EIC-CIVIL||SERNB-CIRCLE-BERHAMPUR||EERNB-DIVN-GANJAM I
2026_CEMWR_127662_1,ACEM/MDL-59/2025-26,"Supply, fabrication, and erection of Gate and Hoist of Jamdapatpur Check Dam of Bijatala Block under minor Irrigation Division Jashipur for the year-2025-26.","Supply, fabrication, and erection of Gate and Hoist of Jamdapatpur Check Dam of Bijatala Block under minor Irrigation Division Jashipur for the year-2025-26.",Works,Open Tender,Percentage,Mechanical Works,No,No,NA ,30-Mar-2026 10:00 AM,NA ,90.0,No ,No,Online,17-Apr-2026 11:00 AM,Chief Engineer Mech - WR Bhubaneswar||SE Mechanical Circle Bhubaneswar,"BIJATALA BLOCK, JASHIPUR",757048.0,1.0,"11,81,519",SUSHIL KUMAR DAS,"1,181,519",Rejected-Finance,07-Jul-2026,Chief Engineer Mech - WR Bhubaneswar||SE Mechanical Circle Bhubaneswar
2026_ORULB_126276_2,EO/AGLM-12/2025-26,Construction of road from Raghu tea stall to Gandhi Marg PWD road and culvert at Hotel Imagine in ward No.,Construction of road from Raghu tea stall to Gandhi Marg PWD road and culvert at Hotel Imagine in ward No.,Works,Open Tender,Percentage,Civil Works - Others,No,No,NA ,21-Feb-2026 10:00 AM,NA ,90.0,No ,No,Online,05-Mar-2026 11:00 AM,Municipal Bodies||Angul Municipality,Angul,759122.0,1.0,"6,66,996",BRAJA MOHAN NAIK (SC),"666,930",Rejected-AOC,07-Jul-2026,Municipal Bodies||Angul Municipality
2026_ORULB_124113_8,EO/ PDPM/ W_05_MSBY/ 2025-26,Construction of community hall at ajbeste colony in Ward No. 06,Construction of community hall at ajbeste colony in Ward No. 06,Works,Open Tender,Percentage,Civil Works - Others,No,No,NA ,03-Jan-2026 05:30 PM,NA ,120.0,No ,No,Online,15-Jan-2026 11:30 AM,Municipal Bodies||Paradeep Municipality,Paradeep Municipality,754142.0,1.0,"7,56,325",SARBESWAR JENA,"865,800",Rejected-Finance,08-Jul-2026,Municipal Bodies||Paradeep Municipality
2026_CEBBS_129635_10,SE-AID-3/2026-27,Construction of CC Guard Wall Left bank in between RD 390m to 490m of Nuapada Distributary of Derjang Irrigation Project Working RD 390m to 498m,Construction of CC Guard Wall Left bank in between RD 390m to 490m of Nuapada Distributary of Derjang Irrigation Project Working RD 390m to 498m,Works,Open Tender,Percentage,Civil Works - Canal,No,No,NA ,25-May-2026 11:00 AM,NA ,90.0,No ,No,Online,04-Jun-2026 09:00 AM,CE and BM Brahmani Basin Samal||SE Angul Irrigation Circle Angul||EE Angul Irrigation Division Angul,Angul,759143.0,1.0,,UMESH CHANDRA SAHU,"506,467",Rejected-Finance,15-Nov-2026,CE and BM Brahmani Basin Samal||SE Angul Irrigation Circle Angul||EE Angul Irrigation Division Angul
2026_CEBBS_129136_18,SE-AID-2/2026-27,Protection to right scoured bank of river Bauli US of bridge near village Inkarbandha of Angul Block.,Protection to right scoured bank of river Bauli US of bridge near village Inkarbandha of Angul Block.,Works,Open Tender,Percentage,Civil Works - Others,No,No,NA ,13-May-2026 11:00 AM,NA ,90.0,No ,No,Online,25-May-2026 09:00 AM,CE and BM Brahmani Basin Samal||SE Angul Irrigation Circle Angul||EE Angul Irrigation Division Angul,Angul,759143.0,1.0,,SANJAYA KUMAR JENA,"1,694,137",Rejected-Finance,24-Jun-2026,CE and BM Brahmani Basin Samal||SE Angul Irrigation Circle Angul||EE Angul Irrigation Division Angul
2026_CERWI_130171_1,RWKHR-01/2026-27(ONLINE),RD Road to Babnijhola Road,RD Road to Babnijhola Road,Works,Open Tender,Percentage,Civil Works - Roads,No,No,NA ,30-May-2026 04:00 PM,NA ,90.0,No ,No,Online,11-Jun-2026 11:00 AM,CE RW I||RWCIRCLE-BHAWANIPATNA||RW Division Khariar,Khariar,766107.0,2.0,"93,82,245",RAJENDRA PRASAD MEHER,"9,372,863",Rejected-AOC,31-Jul-2026,CE RW I||RWCIRCLE-BHAWANIPATNA||RW Division Khariar
2026_CENH_128111_1,01/SENHKSNG of 2026-27,"Construction of New RCC drain near Paramanandapur , Bhawanipatna Town , along NH-26 From Km 176/440 to 176/750 (LHS) for the year 2025-26","Construction of New RCC drain near Paramanandapur , Bhawanipatna Town , along NH-26 From Km 176/440 to 176/750 (LHS) for the year 2025-26",Works,Open Tender,Percentage,Civil Works - Roads,No,No,NA ,15-Apr-2026 11:00 AM,NA ,90.0,No ,No,Online,08-May-2026 11:30 AM,CE-NH||NHCIRCLE-SAMBALPUR||EENH-DIVN-KESINGA,KESINGA/KALAHANDI,766012.0,1.0,"35,42,553",SAROJ KANTA NAIK,"2,437,276.51",Rejected-AOC,29-Jul-2026,CE-NH||NHCIRCLE-SAMBALPUR||EENH-DIVN-KESINGA
2026_CEBMT_127866_1,EEBOD-01/26-27,Construction of CC lining to left main canal inbetween RD 22.500KM to 24.00km under BIP.,Repair of Canal Structure,Works,Open Tender,Percentage,Civil Works - Canal,No,No,NA ,10-Apr-2026 11:00 AM,NA ,90.0,No ,No,Online,27-Apr-2026 11:00 AM,"CE-BM, Tel Basin,Bhawanipatna||SE Balangir Irr Circle Balangir||EE Boudh Irr Divn Boudh",Boudh,762014.0,1.0,"37,60,000",TILARANJAN PRADHAN,"3,756,903.52",Rejected-Finance,07-Jul-2026,"CE-BM, Tel Basin,Bhawanipatna||SE Balangir Irr Circle Balangir||EE Boudh Irr Divn Boudh"
2026_CERWI_124668_1,SE/BDK-II/TCN-24/2025-26,S/R to T4 to Kulana for the year 2025-26 in the District of Bhadrak,S/R to T4 to Kulana for the year 2025-26 in the District of Bhadrak,Works,Open Tender,Percentage,Civil Works - Roads,No,No,NA ,16-Jan-2026 06:00 PM,NA ,90.0,No ,No,Online,28-Jan-2026 11:00 AM,CE RW I||RWCIRCLE-BALASORE||RWDIVISION-BHADRAK-II,Bhadrak,756100.0,1.0,"38,14,000",CHITTARANJAN GHOSH,"2,326,647.87",Rejected-AOC,30-Jul-2026,CE RW I||RWCIRCLE-BALASORE||RWDIVISION-BHADRAK-II
2026_STSCD_125431_15,ITDAKPD-04/2025-26,Const. of 40 seated Dormitory at Kaptipada Girls High School under Kaptipada Block,Const. of 40 seated Dormitory at Kaptipada Girls High School under Kaptipada Block,Works,National Competitive Bid,Percentage,Civil Works - Buildings,No,No,NA ,12-Feb-2026 10:00 AM,NA ,90.0,No ,No,Online,23-Feb-2026 11:00 AM,ST and SC Development Deptt||ITDA Kaptipada,Kaptipada,757041.0,1.0,"38,31,327",Biswajit Pramanik,"2,643,999",Rejected-AOC,13-Jul-2026,ST and SC Development Deptt||ITDA Kaptipada
2026_ORULB_127482_6,BLGR MPTY/13(01-73)/2025-26,"Constrcution of Paver Road infront of Bishnu Sai res, Kandhaplaipada,W.No.2",Paver Road Work,Works,Open Tender,Percentage,Civil Works - Roads,No,No,NA ,24-Mar-2026 11:00 AM,NA ,180.0,No ,No,Online,06-Apr-2026 11:00 AM,Municipal Bodies||Balangir Municipality,Balangir,767001.0,1.0,"12,70,304",DEEPAK KUMAR NAG,"1,206,916.24",Accepted-AOC,27-Jul-2026,Municipal Bodies||Balangir Municipality
2026_CERWI_127233_1,EEPTNG-online-22/2025-26,"Construction of R.W.Sub-Division office Building at R.W. Sub-Division, Belpada for the year 2025-26","Construction of R.W.Sub-Division office Building at R.W. Sub-Division, Belpada for the year 2025-26",Works,Open Tender,Percentage,Civil Works - Buildings,No,No,NA ,13-Mar-2026 11:00 AM,NA ,90.0,No ,No,Online,19-Mar-2026 11:00 AM,CE RW I||RWCIRCLE-BALANGIR||RW Division Patnagarh,Patnagarh,767025.0,1.0,"45,61,000",KISHOR KUMAR SETH,"4,556,319",Rejected-Finance,07-Jul-2026,CE RW I||RWCIRCLE-BALANGIR||RW Division Patnagarh
2025_ORULB_120762_2,PM_03/2025-26,Construction of RCC drain With Cover Slab from Dharani Patra house to Hari Sahoo house in Ward No-1,Construction of RCC drain With Cover Slab from Dharani Patra house to Hari Sahoo house in Ward No-1,Works,Open Tender,Percentage,Civil Works - Others,No,No,NA ,04-Nov-2025 05:00 PM,NA ,90.0,No ,No,Online,15-Nov-2025 11:00 AM,Municipal Bodies||Pattamundai Municipality,Executive Officer Pattamundai Municipality,754215.0,1.0,"14,58,310",PRANATI BEHERA,"1,462,857",Rejected-AOC,22-Jul-2026,Municipal Bodies||Pattamundai Municipality
2025_OLIC_123977_23,OLIC-BPT-05/2025-26 Dt.24.12.2025,INSTALLATION AND ENERGISATION OF BALIGUDA-II L.I. PROJECT UNDER M.RAMPUR BLOCK IN KALAHANDI DISTRICT OUT OF RIDF-2025-26,INSTALLATION AND ENERGISATION OF BALIGUDA-II L.I. PROJECT UNDER M.RAMPUR BLOCK IN KALAHANDI DISTRICT OUT OF RIDF-2025-26,Works,National Competitive Bid,Percentage,Civil Works - Lift Irrigation Schemes,No,No,NA ,01-Jan-2026 11:00 AM,NA ,90.0,No ,No,Online,31-Jan-2026 11:00 AM,Orissa Lift Irrigation Corporation||LI Western Circle Bhawanipatna||LI Division Bhawanipatna,M.RAMPUR,766102.0,1.0,"29,85,633",PRADEEP KUMAR AGRAWALLA,"2,538,087",Rejected-Finance,28-Apr-2026,Orissa Lift Irrigation Corporation||LI Western Circle Bhawanipatna||LI Division Bhawanipatna
2026_CERWI_127276_1,RWCCESNG-38 of 2025-26,Ranipia Khalko pada RD road chowk to Ramlata via Ahirpada,Ranipia Khalko pada RD road chowk to Ramlata via Ahirpada,Works,National Competitive Bid,Percentage,Civil Works - Roads,No,No,NA ,13-Mar-2026 06:00 PM,NA ,90.0,No ,No,Online,31-Mar-2026 11:00 AM,CE RW I||RW-CIRCLE-SUNDARGARH,Sundergarh,770020.0,2.0,"4,10,60,004",BIJAY KUMAR AGRAWAL,"41,018,944.187",Accepted-AOC,07-Jul-2026,CE RW I||RW-CIRCLE-SUNDARGARH
2026_CERWI_125943_1,RWCCESNG-32 of 2025-26,Construction of road from Nakakhandi RD Road to Ranto Oram tola via Saliatola,Construction of road from Nakakhandi RD Road to Ranto Oram tola via Saliatola,Works,National Competitive Bid,Percentage,Civil Works - Roads,No,No,NA ,12-Feb-2026 04:00 PM,NA ,90.0,No ,No,Online,05-Mar-2026 11:00 AM,CE RW I||RW-CIRCLE-SUNDARGARH,Rourkela,769004.0,2.0,"3,98,15,475",PRASAD KUMAR SAHOO,"39,815,475.056",Rejected-Technical,08-Jul-2026,CE RW I||RW-CIRCLE-SUNDARGARH
2025_ORULB_115623_11,JM-01/2025-26,Construction of Paver Block Road from Rama Munda House to Late Ajay Sethy House in Ward No13 Joda Municipality 15th FCUntied,WORKS,Works,Open Tender,Percentage,Civil Works - Others,No,No,NA ,17-Jul-2025 10:00 AM,NA ,120.0,No ,No,Online,31-Jul-2025 11:00 AM,Municipal Bodies||Joda Municipality,JODA MUNICIPALITY AT PO BANEIKALA JODA KEONJHAR,758038.0,1.0,"4,23,863",BHAGYADHAR SETHY,"500,000",Accepted-AOC,18-Jul-2026,Municipal Bodies||Joda Municipality
2026_ORULB_125759_14,BLGR MPTY/10(01-60)/2025-26,"Const. of Drain with Cover Slab from Mishra babu res to Ajit patel res,CS Nagar,W.No.2",Drain with Cove rSlab Work,Works,Open Tender,Percentage,Civil Works - Others,No,No,NA ,10-Feb-2026 11:00 AM,NA ,180.0,No ,No,Online,05-Mar-2026 11:00 AM,Municipal Bodies||Balangir Municipality,Balangir,767001.0,1.0,"12,69,668",Deepak Kumar Nag,"1,203,010.63",Accepted-AOC,27-Jul-2026,Municipal Bodies||Balangir Municipality
2026_ORULB_129864_2,13/SMC_SBP/2026-27,"Construction of Paver road and drain from Manabi Ray house to Harihar Mishra house, Mahanadi Vihar, Ward No 20 under SMC Sambalpur","Construction of Paver road and drain from Manabi Ray house to Harihar Mishra house, Mahanadi Vihar, Ward No 20 under SMC Sambalpur",Works,Open Tender,Percentage,Civil Works - Others,No,No,NA ,30-May-2026 11:00 AM,NA ,90.0,No ,No,Online,09-Jun-2026 11:00 AM,Municipal Bodies||Sambalpur Municipal Corporation,SAMBALPUR MUNICIPAL CORPORATION,768004.0,1.0,"12,69,494",RAMESH CHANDRA MAHAKUD,"1,269,480",Rejected-Technical,24-Jul-2026,Municipal Bodies||Sambalpur Municipal Corporation
2025_ORULB_117940_3,NLGN _05/2025-26,"Constr. Of C.C road from Binod Panda house to Srimati Nayak house, W.No.1","Constr. Of C.C road from Binod Panda house to Srimati Nayak house, W.No.1",Works,Open Tender,Percentage,Civil Works - Roads,No,No,NA ,13-Sep-2025 10:00 AM,NA ,120.0,No ,No,Online,25-Sep-2025 11:00 AM,Municipal Bodies||Nilgiri NAC,Nilgiri NAC,756040.0,1.0,"1,69,491",KRUTIBASH NANDA,"169,491",Rejected-AOC,14-Jul-2026,Municipal Bodies||Nilgiri NAC
2026_CERWI_126097_1,RWCCESNG-32 of 2025-26,Construction of road from Ghogar TB bridge to Kinkibandh via Bijagarh,Construction of road from Ghogar TB bridge to Kinkibandh via Bijagarh,Works,National Competitive Bid,Percentage,Civil Works - Roads,No,No,NA ,16-Feb-2026 11:00 AM,NA ,90.0,No ,No,Online,05-Mar-2026 11:00 AM,CE RW I||RW-CIRCLE-SUNDARGARH,Sundergarh,770020.0,2.0,"3,49,80,978",MESSERS S K CONSTRUCTION,"34,945,997.377",Rejected-Finance,03-Jul-2026,CE RW I||RW-CIRCLE-SUNDARGARH
2025_OSCSC_116054_1,3584/2025,Selection and appointment of Level-II Transport Contractor for the biennial year 2025-27 of Nuagaon Block.,Selection and appointment of Level-II Transport Contractor for the biennial year 2025-27 of Nuagaon Block.,Services,Open Tender,Percentage,Handling and Transportation,No,No,NA ,25-Jul-2025 10:00 AM,30-Jul-2025 11:00 AM ,45.0,No ,No,Online,12-Aug-2025 11:00 AM,Odisha State Civil Supplies Corp. Ltd.||CSO cum DM Nayagarh,From RRC-cum-DSC to FPSs point,752090.0,2.0,"18,96,757",DILLIP KUMAR PANDA,19.7,Accepted-AOC,31-Jul-2026,Odisha State Civil Supplies Corp. Ltd.||CSO cum DM Nayagarh
2025_CERWI_120439_6,Online Tender/13/RWDBNJ/2025-26,S/R to Golapada to Gopinathpur road under periodical Maintenance for the year 2025-26.,S/R to Golapada to Gopinathpur road under periodical Maintenance for the year 2025-26.,Works,National Competitive Bid,Percentage,Civil Works - Roads,No,No,NA ,31-Oct-2025 06:55 PM,NA ,90.0,No ,No,Online,11-Nov-2025 11:00 AM,CE RW I||RWCIRCLE-BERHAMPUR||RW Division Bhanjanagar,Bhanjanagar,761126.0,1.0,"16,26,740",ARUN NAIK,"1,516,285",Accepted-AOC,28-Jul-2026,CE RW I||RWCIRCLE-BERHAMPUR||RW Division Bhanjanagar
2026_CEMIB_124778_11,"SE,MID,SBP/16/2025-26",Construction of Khandital Check Dam over local nalla in Naktideul Block of Sambalpur District under MATY 2025-26.,Construction of Khandital Check Dam over local nalla in Naktideul Block of Sambalpur District under MATY 2025-26.,Works,Open Tender,Percentage,Civil Works - Water Works,No,No,NA ,19-Jan-2026 11:00 AM,NA ,90.0,No ,No,Online,02-Feb-2026 10:00 AM,"CE,Minor Irrigation,BBSR||SENMIC-SAMBALPUR||SAMBALPUR",Sambalpur,768001.0,1.0,"34,44,483",HAREKRUSHNA PRADHAN,"3,441,037.86",Rejected-AOC,20-Feb-2026,"CE,Minor Irrigation,BBSR||SENMIC-SAMBALPUR||SAMBALPUR"
2026_CEMIB_124862_5,Bid ID No. 09 SEMID (KJR/ 2025-2026) Dt. 08.01.2026,Construction of Rajabandha Check Dam over Badamgarh Nallah near village Murusuan in Banspal Block of Keonjhar District under MATY for the year 2025-2026,Construction of Rajabandha Check Dam over Badamgarh Nallah near village Murusuan in Banspal Block of Keonjhar District under MATY for the year 2025-2026,Works,National Competitive Bid,Percentage,Civil Works - Others,No,No,NA ,20-Jan-2026 03:00 PM,NA ,90.0,No ,No,Online,30-Jan-2026 11:00 AM,"CE,Minor Irrigation,BBSR||SE,Eastern Minor Irr.Circle,Keonjhar||EE M.I. Division Keonjhar",Banspal Block of Keonjhar District,758001.0,2.0,"52,70,000",Rajendra Dhar,"4,099,709.39",Rejected-AOC,28-Jul-2026,"CE,Minor Irrigation,BBSR||SE,Eastern Minor Irr.Circle,Keonjhar||EE M.I. Division Keonjhar"
2026_ORULB_125609_3,KNK-2(12)-2025-26,Construction of crematorium centre at Dalimbgoradi main road in ward no -5,Construction of crematorium centre at Dalimbgoradi main road in ward no -5,Works,Open Tender,Percentage,Civil Works - Others,No,No,NA ,07-Feb-2026 12:00 PM,NA ,120.0,No ,No,Online,23-Feb-2026 11:30 AM,Municipal Bodies||Konark NAC,Konark NAC,752111.0,1.0,"7,16,710",SANATAN KANDI,"710,403",Accepted-AOC,13-Jul-2026,Municipal Bodies||Konark NAC
2026_ORULB_126761_1,EO/JMC/14/2025-26,"Development of Multi Utility Commercial Complex at Hatlipada in W. No. -19, Jharsuguda.",MULTI UTILITY COMMERCIAL COMPLEX,Works,Open Tender,Percentage,Civil Works - Others,No,No,NA ,02-Mar-2026 06:00 PM,NA ,90.0,No ,No,Online,06-Apr-2026 03:30 PM,Municipal Bodies||Jharsuguda Municipality,HATLIPADA,768201.0,2.0,"4,77,44,000",VISHAL RATHORE,"38,677,297.934",Rejected-AOC,22-Jul-2026,Municipal Bodies||Jharsuguda Municipality
2026_ORULB_128734_12,SNP-MUN-37/2026-27,Construction of Drain at Jhupudipada Club to Ganesh Chhatria House W.No-1,Construction of Drain at Jhupudipada Club to Ganesh Chhatria House W.No-1,Works,Open Tender,Percentage,Civil Works - Others,No,No,NA ,05-May-2026 11:00 AM,NA ,45.0,No ,No,Online,16-May-2026 11:00 AM,Municipal Bodies||Sonepur Municipal Council,Sonepur Municipality,767017.0,1.0,"1,84,120",BIKRAM KUMAR AGRAWAL,"184,120",Accepted-AOC,20-Jul-2026,Municipal Bodies||Sonepur Municipal Council
2026_CERWI_126535_50,Tender Online RWC-27-25,Construction of road from Manijori Sundareswar Mahadev Temple to Jira via Debario Jhinkadi in the District of Cuttack for the year 2025-26,Construction of road from Manijori Sundareswar Mahadev Temple to Jira via Debario Jhinkadi in the District of Cuttack for the year 2025-26,Works,National Competitive Bid,Percentage,Civil Works - Roads,No,No,NA ,02-Mar-2026 12:00 PM,NA ,90.0,No ,No,Online,12-Mar-2026 11:30 AM,CE RW I||RWCIRCLE-CUTTACK,Cuttack,753004.0,2.0,"5,50,78,610",ANANTA PRASAD MALIK,"52,043,779",Accepted-AOC,29-Jul-2026,CE RW I||RWCIRCLE-CUTTACK
2026_ORULB_127308_1,EO/BPHM/07/25-26,Wall painting work at Crematorium in W.N.-3,Wall painting work at Crematorium in W.N.-3,Works,Open Tender,Percentage,Civil Works - Others,No,No,NA ,18-Mar-2026 10:00 AM,NA ,90.0,No ,No,Online,31-Mar-2026 11:00 AM,Municipal Bodies||Belpahar Municipal Council,Belpahar Municipality,768218.0,1.0,"12,00,000",BIKASH KUMAR AGRAWAL,0.0,Accepted-AOC,23-Jul-2026,Municipal Bodies||Belpahar Municipal Council
2026_CEMIB_129185_3,"SE,MID,SBP/04/2026-27",Improvement to Head works of Digijharan MIP(D/W) in Jujumura Block of Sambalpur District under Improvement to Diversion Wier Scheme for 2026-27.,Improvement to Head works of Digijharan MIP(D/W) in Jujumura Block of Sambalpur District under Improvement to Diversion Wier Scheme for 2026-27.,Works,Open Tender,Percentage,Civil Works - Others,No,No,NA ,12-May-2026 11:00 AM,NA ,90.0,No ,No,Online,22-May-2026 10:00 AM,"CE,Minor Irrigation,BBSR||SENMIC-SAMBALPUR||SAMBALPUR",Sambalpur,768001.0,1.0,"47,27,605",SOURAV KUMAR PUJARI,"4,727,604.2",Rejected-AOC,12-Jun-2026,"CE,Minor Irrigation,BBSR||SENMIC-SAMBALPUR||SAMBALPUR"
2026_CERWI_125098_1,Online AGL-34/2025-2026,Old CS Road to Kottam via Rathiapal Road,Old CS Road to Kottam via Rathiapal Road,Works,National Competitive Bid,Percentage,Civil Works - Roads,No,No,NA ,29-Jan-2026 10:00 AM,NA ,90.0,No ,No,Online,12-Feb-2026 10:00 AM,CE RW I||RWCIRCLE-ANGUL,Dhenkanal,759013.0,2.0,"3,97,72,013",M/S SANJAYA KUMAR BINAYAK,"39,772,013",Rejected-AOC,15-Jul-2026,CE RW I||RWCIRCLE-ANGUL
2026_STSCD_125431_2,ITDAKPD-04/2025-26,Const. of Addl. Class Room at Sarat High School under Kaptipada Block,Const. of Addl. Class Room at Sarat High School under Kaptipada Block,Works,National Competitive Bid,Percentage,Civil Works - Buildings,No,No,NA ,12-Feb-2026 10:00 AM,NA ,90.0,No ,No,Online,23-Feb-2026 11:00 AM,ST and SC Development Deptt||ITDA Kaptipada,Kaptipada,757041.0,1.0,"16,80,378",RANJAN KUMAR PATRA,"1,203,151",Rejected-AOC,11-Jul-2026,ST and SC Development Deptt||ITDA Kaptipada
2026_UPIDB_129405_1,SEUKID-01/2026-27 (SL16),Construction of R.C.C. trough wall from RD 0.212 km to 0.412 km of Miriguda sub minor.,CANAL STRUCTURAL WORK,Works,Open Tender,Percentage,Civil Works - Canal,No,No,NA ,20-May-2026 11:00 AM,NA ,90.0,No ,No,Online,01-Jun-2026 11:00 AM,CE AND BM IK BASIN BARINIPUT JEYPORE||Upper Kolab Project Bariniput||Upper Kolab Irrigation Division Borigumma,BORIGUMMA,764056.0,1.0,"9,73,025",UMESH CHANDRA BRAMHA,"973,025",Rejected-AOC,24-Jun-2026,CE AND BM IK BASIN BARINIPUT JEYPORE||Upper Kolab Project Bariniput||Upper Kolab Irrigation Division Borigumma
2025_CERWI_121642_1,Tender Online RWC-24-25,Construction of road from Pratapnagari to Sankhataras on left Embankment of KBC in the District of Cuttack for the year 2025-26.,Construction of road from Pratapnagari to Sankhataras on left Embankment of KBC in the District of Cuttack for the year 2025-26.,Works,National Competitive Bid,Percentage,Civil Works - Roads,No,No,NA ,20-Nov-2025 06:00 PM,NA ,90.0,No ,No,Online,05-Dec-2025 11:30 AM,CE RW I||RWCIRCLE-CUTTACK,Cuttack,753004.0,2.0,"9,91,27,574",OM MAA CONSTRUCTION,"89,224,574",Accepted-AOC,18-Jul-2026,CE RW I||RWCIRCLE-CUTTACK
2026_CEBMB_128949_13,SE-HID-ADV-02/2026-27,Desilting to Karadakana distributary from RD 00 m to 9950 m of Harbhangi Irrigation Project.,DESILTING OF CANAL,Works,National Competitive Bid,Percentage,Civil Works - Others,No,No,NA ,11-May-2026 11:00 AM,NA ,90.0,No ,No,Online,25-May-2026 11:00 AM,"CE-BM,RVN Basin,Berhampur||SE Southern Irr Circle II Paralakhemundi||EE Harabhangi Irr Divn Adava",ADAVA,761217.0,1.0,"7,96,401",BIJAYA KUMAR BEHERA,"515,670",Rejected-Finance,24-Jun-2026,"CE-BM,RVN Basin,Berhampur||SE Southern Irr Circle II Paralakhemundi||EE Harabhangi Irr Divn Adava"
2025_CERWI_121677_8,CCE-BLS-NCB-39 of 2025-26,Construction of road from Ganijanga-Ramakrishnapur Road in the District of Bhadrak under MMSY-Improvement to Existing RD Roads for the year 2025-26,Construction of road from Ganijanga-Ramakrishnapur Road in the District of Bhadrak under MMSY-Improvement to Existing RD Roads for the year 2025-26,Works,National Competitive Bid,Percentage,Civil Works - Roads,No,No,NA ,21-Nov-2025 01:00 PM,NA ,90.0,No ,No,Online,02-Dec-2025 11:00 AM,CE RW I||RWCIRCLE-BALASORE,Bhadrak,756100.0,2.0,"7,16,36,000",Lambodhar Sankhua,"60,897,801",Rejected-AOC,14-Jul-2026,CE RW I||RWCIRCLE-BALASORE
2026_CERWI_129107_1,Online Tender 01 RWD Kuchinda 2026-27,S/R to Police Station Building at Govindpur in the District of Sambalpur for the year 2026-27.,S/R to Police Station Building at Govindpur in the District of Sambalpur for the year 2026-27.,Works,Open Tender,Percentage,Civil Works - Buildings,No,No,NA ,11-May-2026 11:00 AM,NA ,90.0,No ,No,Online,22-May-2026 11:00 AM,CE RW I||RWCIRCLE-SAMBALPUR||RW Division Kuchinda,Kuchinda,768222.0,1.0,"6,77,890",ARABINDA SAHOO,"671,111",Rejected-Finance,08-Jul-2026,CE RW I||RWCIRCLE-SAMBALPUR||RW Division Kuchinda
2026_CERWI_129593_1,Online Tender 01 RWD SBD 2026 27,SR to RW Circle office building at Sunabeda for the year 2026-27_building,SR to RW Circle office building at Sunabeda for the year 2026-27_building,Works,Open Tender,Percentage,Civil Works - Buildings,No,No,NA ,22-May-2026 11:00 AM,NA ,90.0,No ,No,Online,05-Jun-2026 11:00 AM,CE RW I||RWCIRCLE-SUNABEDA||RWDIVISION-SUNABEDA,Sunabeda,763001.0,1.0,"12,71,227",Sunita Kuldeep,"1,271,227",Rejected-AOC,12-Jul-2026,CE RW I||RWCIRCLE-SUNABEDA||RWDIVISION-SUNABEDA
2026_CERWI_126057_1,12 OF 2025-26,Construction of Sub- Centre Building at Jaisol in the District of Jagatsinghpur,Construction of Sub- Centre Building at Jaisol in the District of Jagatsinghpur,Works,Open Tender,Percentage,Civil Works - Buildings,No,No,NA ,16-Feb-2026 11:00 AM,NA ,60.0,No ,No,Online,28-Feb-2026 11:00 AM,CE RW I||RWCIRCLE-CUTTACK||RWDIVISION-JAGATSINGHPUR,Jagatsinghpur,754294.0,1.0,"36,92,076",SARADA PRASAD DAS,"3,433,630",Rejected-Technical,14-Jul-2026,CE RW I||RWCIRCLE-CUTTACK||RWDIVISION-JAGATSINGHPUR
2026_ORULB_126953_5,EOBRP/07/2025-26,Covering of drain from kheda meher to gokul Gahir in ward no 1,Covering of drain from kheda meher to gokul Gahir in ward no 1,Works,Open Tender,Percentage,Civil Works - Others,No,No,NA ,07-Mar-2026 11:00 AM,NA ,90.0,No ,No,Online,16-Mar-2026 03:00 PM,Municipal Bodies||Barpali NAC,Barpali,768029.0,1.0,"8,06,847",JITEN SUNA,"643,844.43",Accepted-AOC,17-Jul-2026,Municipal Bodies||Barpali NAC
2026_OPEPA_129643_7,DPC/SS/SNG/13OF2026-27,"INFRASTRUCTURE DEVELOPMENT OF GOVT PRIMARY. SCHOOL PAHADITOLA, GOVT. UPPER PRIMARY SCHOOL PATRATOLA UNDER LATHIKATA BLOCK (2)","INFRASTRUCTURE DEVELOPMENT OF GOVT PRIMARY. SCHOOL PAHADITOLA, GOVT. UPPER PRIMARY SCHOOL PATRATOLA UNDER LATHIKATA BLOCK (2)",Works,Open Tender,Percentage,Civil Works - Buildings,No,No,NA ,25-May-2026 09:00 AM,NA ,90.0,No ,No,Online,16-Jun-2026 05:30 PM,OPEPA Bhubaneswar||Samagra Shiksha Sundargarh,SUNDARGARH,770001.0,2.0,"4,68,61,172",SRIJAN CONSTRUCTION,"46,861,172.76",Rejected-Technical,06-Jul-2026,OPEPA Bhubaneswar||Samagra Shiksha Sundargarh
2026_ORULB_128169_12,SNP-MUN-36/2025-26,Improvement of Road from Yatrinivas towards Rameswar in ward -06,Improvement of Road from Yatrinivas towards Rameswar in ward -06,Works,Open Tender,Percentage,Civil Works - Others,No,No,NA ,17-Apr-2026 11:00 AM,NA ,45.0,No ,No,Online,28-Apr-2026 11:00 AM,Municipal Bodies||Sonepur Municipal Council,Sonepur Municipality,767017.0,1.0,"6,77,047",Uma Bhoi,"677,047.22",Rejected-Technical,14-Jul-2026,Municipal Bodies||Sonepur Municipal Council
2025_CERWI_120972_32,EEPTNG-online-12/2025-26,S/R to Sunamudi-Deolgaon for the year 2025-26,S/R to Sunamudi-Deolgaon for the year 2025-26,Works,Open Tender,Percentage,Civil Works - Roads,No,No,NA ,10-Nov-2025 11:00 AM,NA ,90.0,No ,No,Online,24-Nov-2025 11:00 AM,CE RW I||RWCIRCLE-BALANGIR||RW Division Patnagarh,Patnagarh,767025.0,1.0,"6,78,000",RAJ KUMAR KUDEI,"576,361.21",Rejected-Finance,01-Jul-2026,CE RW I||RWCIRCLE-BALANGIR||RW Division Patnagarh
2025_ORULB_123980_1,KMPLTY/07/2025-26,Redevelopment of Mini Park at Gandhi Padia in W.No. 05,Redevelopment of Mini Park at Gandhi Padia in W.No. 05.,Works,Open Tender,Percentage,Civil Works - Others,No,No,NA ,01-Jan-2026 11:00 AM,NA ,30.0,No ,No,Online,13-Jan-2026 11:00 AM,Municipal Bodies||Khordha Municipality,Khordha Municipality,752055.0,1.0,"5,54,363",ANUJ PANKAJ PATRA,"554,363",Accepted-AOC,02-Jul-2026,Municipal Bodies||Khordha Municipality
2026_CERWI_125065_1,Online AGL-34/2025-26,Construction of road from Bankidi to Jhadubereni vi Kundeswar temple,Construction of road from Bankidi to Jhadubereni vi Kundeswar temple,Works,National Competitive Bid,Percentage,Civil Works - Roads,No,No,NA ,29-Jan-2026 10:00 AM,NA ,90.0,No ,No,Online,12-Feb-2026 10:00 AM,CE RW I||RWCIRCLE-ANGUL,Dhenkanal,759143.0,2.0,"3,98,86,457",Pramod Kumar Das,"39,886,457",Rejected-AOC,24-Jul-2026,CE RW I||RWCIRCLE-ANGUL
2025_CERWI_124035_9,Tender Online RCK-21/25,Construction of Karilopatana PMGSY Road to Basapur Bridge Approach Road under MMSY-CMRL in the Dist. of Kendrapara for the year 2025-26.,Construction of road work,Works,National Competitive Bid,Percentage,Civil Works - Roads,No,No,NA ,02-Jan-2026 04:55 PM,NA ,90.0,No ,No,Online,31-Jan-2026 11:00 AM,CE RW I||RWCIRCLE-KENDRAPARA,Kendrapara,754211.0,2.0,"2,01,85,717",DIPTIREKHA BEHERA,"20,185,717",Rejected-Finance,07-Jul-2026,CE RW I||RWCIRCLE-KENDRAPARA
2025_ORULB_120037_2,PM_02/2025-26,Development of open Space near Shiva Mandir in Ward No-01,Development of open Space near Shiva Mandir in Ward No-01,Works,Open Limited,Percentage,Civil Works - Others,No,No,NA ,25-Oct-2025 06:00 PM,NA ,90.0,No ,No,Online,15-Nov-2025 11:00 AM,Municipal Bodies||Pattamundai Municipality,Pattamundai,754215.0,1.0,"15,87,874",UTTAM KUMAR BISWAL,"1,592,825",Rejected-AOC,22-Jul-2026,Municipal Bodies||Pattamundai Municipality
2026_PZPRM_128688_2,"BDO, Ramanaguda-online-01/2026-27",Construction of GPLFs Office Building with Market Complex at Nilamguda,Construction of GPLFs Office Building with Market Complex at Nilamguda,Works,Open Tender,Percentage,Civil Works - Buildings,No,No,NA ,02-May-2026 10:00 AM,NA ,90.0,No ,No,Online,25-May-2026 11:30 AM,Panchayati Raj and Drinking Water Department Odisha||Zilla Parisad Rayagada||RAMANAGUDA Block,Nilamguda,765029.0,1.0,"21,61,511",SRIKANTA PALKA,"2,031,819",Rejected-Finance,01-Jul-2026,Panchayati Raj and Drinking Water Department Odisha||Zilla Parisad Rayagada||RAMANAGUDA Block
2026_CEDC_129054_3,e-Procurement Notice NO-01/2026-27,"Decongestion and Improvement of Bahana Nalla, Sapua Nalla and their link drains in Berhampur Town for 2026-27.",DECONGESTION,Works,National Competitive Bid,Percentage,Civil Works - Others,No,No,NA ,11-May-2026 10:00 AM,NA ,90.0,No ,No,Online,28-May-2026 11:30 AM,"CE,Drainage,Cuttack||SE Drainage Circle Bhubaneswar||EE Drainage Divn. Berhampur",GANJAM,760004.0,2.0,"58,36,818",N.Susanta Reddy,"4,027,404",Rejected-Finance,30-Jul-2026,"CE,Drainage,Cuttack||SE Drainage Circle Bhubaneswar||EE Drainage Divn. Berhampur"
2025_CERWI_122874_10,Tender Online RCK-20/25,"Construction of Road from Chanchol Laxminarayan Jew Mahapurusa (Korua Hurasahi RD road) to Kulasahi Bangalpur via Basudeipur, Chanpur, Jhurasahi Bandhasahi road under MMSY-TRIP in the Dist. of Kendrapara for the year 2025-26.",Construction of road works,Works,National Competitive Bid,Percentage,Civil Works - Roads,No,No,NA ,15-Dec-2025 04:30 PM,NA ,90.0,No ,No,Online,13-Jan-2026 11:00 AM,CE RW I||RWCIRCLE-KENDRAPARA,Kendrapara,754211.0,2.0,"4,91,43,098",SRI PRAVAS BEHERA,"49,143,098",Rejected-Technical,13-Jul-2026,CE RW I||RWCIRCLE-KENDRAPARA
2026_ORULB_127372_25,ODULB_KGM_22/2025-2026,Special repair of Road and Drain from Sathigharsahi to NH-20 in Ward No-02,Special repair of Road and Drain from Sathigharsahi to NH-20 in Ward No-02,Works,Open Tender,Percentage,Civil Works - Others,No,No,NA ,19-Mar-2026 03:00 PM,NA ,120.0,No ,No,Online,31-Mar-2026 11:00 AM,Municipal Bodies||Keonjhargarh Municipal Council,KEONJHAR,758001.0,1.0,"8,00,000",DEBA PRASAD KHAMARI,"583,168.06",Accepted-AOC,22-Jul-2026,Municipal Bodies||Keonjhargarh Municipal Council
2025_ORULB_120037_14,PM_02/2025-26,Construction of Road from Cuttack Chandabali Road to Sudarsan Mallik and Laxman Sahoo House Road and Development of Culvert near Danda In Ward No- 05,Construction of Road from Cuttack Chandabali Road to Sudarsan Mallik and Laxman Sahoo House Road and Development of Culvert near Danda In Ward No- 05,Works,Open Limited,Percentage,Civil Works - Others,No,No,NA ,25-Oct-2025 06:00 PM,NA ,90.0,No ,No,Online,15-Nov-2025 11:00 AM,Municipal Bodies||Pattamundai Municipality,Pattamundai,754215.0,1.0,"12,88,792",SUSHREE SUSMITA MALIK,"1,292,810",Rejected-AOC,25-Jul-2026,Municipal Bodies||Pattamundai Municipality
2025_ECCHA_116176_4,"e-Procurement Notice No.ACE, EC-II 05 of 2025-26","ACE, EC-II KID 15 OF 2025-26 Canal Lining from RD 1100 to 2078 mtr. on Disty. No.13 1/2 of Pattamundai Canal.",Canal lining,Works,National Competitive Bid,Percentage,Civil Works - Canal,No,No,NA ,28-Jul-2025 10:00 AM,NA ,90.0,No ,No,Online,12-Aug-2025 11:30 AM,CE AND BM MBBS CHANDIKOLE||EASTERN CIRCLE II CHANDIKOLE,Kendrapara,754211.0,2.0,"2,51,83,513",SATYAJIT MALLICK,"25,262,035",Rejected-Finance,13-Jul-2026,CE AND BM MBBS CHANDIKOLE||EASTERN CIRCLE II CHANDIKOLE
2025_ORULB_120037_28,PM_02/2025-26,Construction of CC Road at Kakudipalli Sethi Sahi Club to Kanak Durga Temple In Ward No- 09,Construction of CC Road at Kakudipalli Sethi Sahi Club to Kanak Durga Temple In Ward No- 09,Works,Open Limited,Percentage,Civil Works - Others,No,No,NA ,31-Oct-2025 06:00 PM,NA ,90.0,No ,No,Online,15-Nov-2025 11:00 AM,Municipal Bodies||Pattamundai Municipality,Pattamundai,754215.0,1.0,"13,05,181",ANIL KANTA DAS,"1,540,099",Accepted-AOC,25-Jul-2026,Municipal Bodies||Pattamundai Municipality
2026_OMC_126318_1,NIT No.07/OMC/CIVIL/2026,"External repair and Painting work to OMC Head Office (Campus-I) in Unit-IV, Bhubaneswar in the district of Khordha.","External repair and Painting work to OMC Head Office (Campus-I) in Unit-IV, Bhubaneswar in the district of Khordha.",Works,Open Tender,Percentage,Civil Works - Others,No,No,NA ,20-Feb-2026 10:00 AM,NA ,180.0,No ,No,Online,05-Mar-2026 11:00 AM,Orissa Mining Corporation,UNIT -IV BHUBANESWAR,751001.0,2.0,"37,71,000",SHIVA JYOTI MOTORS,"2,828,063.5",Rejected-Finance,15-Jul-2026,Orissa Mining Corporation
2026_CEMIB_134508_5,SEMIDBLS-03/2026-27,Improvement to Baulabandh Check Dam in Remuna Block of Balasore District under Improvement to Check Dam Scheme for the FY 2026-27,Improvement to Baulabandh Check Dam in Remuna Block of Balasore District under Improvement to Check Dam Scheme for the FY 2026-27,Works,Open Tender,Percentage,Civil Works - Others,No,No,NA ,08-Jul-2026 10:00 AM,NA ,90.0,No ,No,Online,20-Jul-2026 11:00 AM,"CE,Minor Irrigation,BBSR||Baripada Minor Irrigation Circle Baripada||MI Division Balasore",Remuna Block,756019.0,1.0,"7,91,000",KHITISH KUMAR NAYAK,"791,000",Accepted-AOC,31-Jul-2026,"CE,Minor Irrigation,BBSR||Baripada Minor Irrigation Circle Baripada||MI Division Balasore"
2026_CERWI_125004_2,CCE-BLS-NCB-51 of 2025-26,Construction of road Road from ChiteiBudhi Mandir to Batagram R.I Office Via-Radha Krushna Mandir and harijan sahisamaj Badi in the District of Balasore under MMSY TRIP for the year 2025-26,Construction of road Road from ChiteiBudhi Mandir to Batagram R.I Office Via-Radha Krushna Mandir and harijan sahisamaj Badi in the District of Balasore under MMSY TRIP for the year 2025-26,Works,National Competitive Bid,Percentage,Civil Works - Roads,No,No,NA ,23-Jan-2026 09:00 AM,NA ,90.0,No ,No,Online,09-Feb-2026 01:00 PM,CE RW I||RWCIRCLE-BALASORE,Balasore,756001.0,2.0,"3,50,33,000",MANOJ KUMAR GHOSH,"29,781,814",Rejected-AOC,29-Jul-2026,CE RW I||RWCIRCLE-BALASORE
2026_CEBMB_128949_9,SE-HID-ADV-02/2026-27,Desilting to common main canal from RD 00 to 2515 m of Harbhangi Irrigation Project.,DESILTING OF CANAL,Works,National Competitive Bid,Percentage,Civil Works - Others,No,No,NA ,11-May-2026 11:00 AM,NA ,90.0,No ,No,Online,25-May-2026 11:00 AM,"CE-BM,RVN Basin,Berhampur||SE Southern Irr Circle II Paralakhemundi||EE Harabhangi Irr Divn Adava",ADAVA,761217.0,1.0,"7,07,790",BIJAYA KUMAR BEHERA,"529,073",Rejected-Finance,24-Jun-2026,"CE-BM,RVN Basin,Berhampur||SE Southern Irr Circle II Paralakhemundi||EE Harabhangi Irr Divn Adava"
2026_EICCL_127002_2,CCEKC - 21 / 2025-26,Improvement such as widening and strengthening of SH-10 Kutra Chowk to Kalapani via Khatkutbahal Raibahal road from 0/000 km to 8/900 Km (except from 0/560 km to 0/827 Km) in the district of Sundargarh under State Plan for the year 2025-26,Improvement such as widening and strengthening of SH-10 Kutra Chowk to Kalapani via Khatkutbahal Raibahal road from 0/000 km to 8/900 Km (except from 0/560 km to 0/827 Km) in the district of Sundargarh under State Plan for the year 2025-26,Works,Open Tender,Percentage,Civil Works - Roads,No,No,NA ,10-Mar-2026 11:00 AM,NA ,90.0,No ,No,Online,25-Mar-2026 11:30 AM,EIC-CIVIL||SERNB-CIRCLE-KEONJHAR,Sundargarh,770001.0,2.0,"9,57,86,942",BIJAY KUMAR AGRAWAL,"95,691,154",Accepted-AOC,13-Jul-2026,EIC-CIVIL||SERNB-CIRCLE-KEONJHAR
2026_ORULB_127140_11,BM_14_2025_26,CONSTRUCTION OF DRAIN WITH COVER SLAB AND CULVERT FROM BISWAGURU PRESS TO ANANDA BAZAR VIA LOKANATH TEMPLE MARKET COMPLEX IN WARD NO 22 AND 23,CONSTRUCTION OF DRAIN WITH COVER SLAB AND CULVERT FROM BISWAGURU PRESS TO ANANDA BAZAR VIA LOKANATH TEMPLE MARKET COMPLEX IN WARD NO 22 AND 23,Works,Open Tender,Percentage,Civil Works - Others,No,No,NA ,11-Mar-2026 11:00 AM,NA ,90.0,No ,No,Online,23-Mar-2026 11:00 AM,Municipal Bodies||Balasore Municipality,Balasore Municipality,756003.0,1.0,"42,37,288",ASHIS SAHU,"3,389,830.35",Rejected-Technical,17-Jul-2026,Municipal Bodies||Balasore Municipality
2026_CERWI_125067_1,Online AGL-34/2025-26,Construction of road from Chandrasekharprasad RD Road to Jandapasi Tanlashi,Construction of road from Chandrasekharprasad RD Road to Jandapasi Tanlashi,Works,National Competitive Bid,Percentage,Civil Works - Roads,No,No,NA ,29-Jan-2026 10:00 AM,NA ,90.0,No ,No,Online,12-Feb-2026 10:00 AM,CE RW I||RWCIRCLE-ANGUL,Dhenkanal,759143.0,2.0,"3,48,55,725",DILLIP KUMAR SAHOO,"34,855,725",Rejected-AOC,15-Jul-2026,CE RW I||RWCIRCLE-ANGUL
2026_ORULB_127816_2,MC(CMC)CTC_Div-IIiNo4/2026-27,Desilting of MSWC drain from Ananta Nageswar temple to Matrubhawan gate to Link road Petrol Pump front culvert in Ward No.37.,Desilting of MSWC drain from Ananta Nageswar temple to Matrubhawan gate to Link road Petrol Pump front culvert in Ward No.37.,Works,Open Tender,Percentage,Civil Works - Others,No,No,NA ,02-May-2026 11:00 AM,NA ,90.0,No ,No,Online,14-May-2026 10:00 AM,Municipal Bodies||Cuttack Municipal Corporation,CMC,753012.0,1.0,"49,28,935",RASHMI RANJAN ROUT,"4,928,935",Rejected-AOC,25-Jul-2026,Municipal Bodies||Cuttack Municipal Corporation
2025_EICCL_124057_1,"CCE, SC (RandB)-BAM-10/2025-26",Construction of Rest Shed at Tilisingi in the District of Ganjam for the year 2024-25,Construction of Rest Shed at Tilisingi in the District of Ganjam for the year 2024-25,Works,Open Tender,Percentage,Civil Works - Buildings,No,No,NA ,01-Jan-2026 10:55 AM,NA ,90.0,No ,No,Online,16-Jan-2026 11:30 AM,EIC-CIVIL||SERNB-CIRCLE-BERHAMPUR,"Tilisingi, Ganjam",761131.0,2.0,"1,14,53,041",MS JAYARAM PRADHAN,"11,739,366",Rejected-AOC,20-Jul-2026,EIC-CIVIL||SERNB-CIRCLE-BERHAMPUR
2026_UPIDB_129392_1,SEUKID-01/2026-27 (SL04),Construction of R.C.C. trough from RD 0.00km to 0.160 km of Amta minor.,CANAL STRUCTURAL WORK,Works,Open Tender,Percentage,Civil Works - Canal,No,No,NA ,20-May-2026 11:00 AM,NA ,90.0,No ,No,Online,01-Jun-2026 11:00 AM,CE AND BM IK BASIN BARINIPUT JEYPORE||Upper Kolab Project Bariniput||Upper Kolab Irrigation Division Borigumma,BORIGUMMA,764056.0,1.0,"10,46,489",KRUSHNA BAGH,"1,011,641",Rejected-Finance,24-Jun-2026,CE AND BM IK BASIN BARINIPUT JEYPORE||Upper Kolab Project Bariniput||Upper Kolab Irrigation Division Borigumma
2026_OTDC_126861_1,BP-I/29/2025-26 Dt. 25.02.2026,Selection of Agency for O and M of Musical Fountain and Laser Show at Bindusagar Lake Bhubaneswar,Selection of Agency for O and M of Musical Fountain and Laser Show at Bindusagar Lake Bhubaneswar,Services,National Competitive Bid,Item Rate,Miscellaneous Services,No,No,NA ,03-Mar-2026 01:30 PM,NA ,90.0,No ,No,Online,16-Mar-2026 11:30 AM,Odisha Tourism Devl. Corp.,Bhubaneswar,751002.0,1.0,,PREMIER ASSOCIATES,"3,000,000",Accepted-AOC,21-Jul-2026,Odisha Tourism Devl. Corp.
2026_CERWI_126479_1,Tender Online RCK-03/26,"Construction of Kustira Cyclone Centre, Crossing Kustira Garh Madhupur RD Road Connecting Khaparanali Road upto Antia Upper Sahi Village Road in the Dist. of Jajpur for the year 2025-26.",Construction of road works,Works,National Competitive Bid,Percentage,Civil Works - Roads,No,No,NA ,23-Feb-2026 03:00 PM,NA ,90.0,No ,No,Online,06-Mar-2026 11:00 AM,CE RW I||RWCIRCLE-KENDRAPARA,Jajpur,755001.0,2.0,"3,43,10,419",KALPATARU SAHOO,"32,598,330",Rejected-Finance,07-Jul-2026,CE RW I||RWCIRCLE-KENDRAPARA
2025_CERWI_121530_10,Tender Online RWC-24-25,Improvement to Demando Arei road in the district of Cuttack under MMSY-Improvement Existing RD road for the year 2025-26,Improvement to Demando Arei road in the district of Cuttack under MMSY-Improvement Existing RD road for the year 2025-26,Works,National Competitive Bid,Percentage,Civil Works - Roads,No,No,NA ,21-Nov-2025 06:00 PM,NA ,90.0,No ,No,Online,05-Dec-2025 11:30 AM,CE RW I||RWCIRCLE-CUTTACK,Cuttack,753004.0,2.0,"6,73,35,289",HIMANSU SEKHAR MOHANTY,"60,608,494",Accepted-AOC,18-Jul-2026,CE RW I||RWCIRCLE-CUTTACK
2026_CERWI_126055_1,12 OF 2025-26,Construction of Sub- Centre Building at Daradagram in the District of Jagatsinghpur,Construction of Sub- Centre Building at Daradagram in the District of Jagatsinghpur,Works,Open Tender,Percentage,Civil Works - Buildings,No,No,NA ,16-Feb-2026 11:00 AM,NA ,60.0,No ,No,Online,28-Feb-2026 11:00 AM,CE RW I||RWCIRCLE-CUTTACK||RWDIVISION-JAGATSINGHPUR,Jagatsinghpur,754103.0,1.0,"36,92,460",indurekha sahoo,"3,397,063",Rejected-Technical,14-Jul-2026,CE RW I||RWCIRCLE-CUTTACK||RWDIVISION-JAGATSINGHPUR
2025_ORULB_115623_3,JM-01/2025-26,Repair and Renovation of Road from KM Behera House to Sarat Barik House via Khirod Barik House at Sastrinagar in Ward No 01 Joda Municipality,WORKS,Works,Open Tender,Percentage,Civil Works - Others,No,No,NA ,17-Jul-2025 10:00 AM,NA ,120.0,No ,No,Online,31-Jul-2025 11:00 AM,Municipal Bodies||Joda Municipality,JODA MUNICIPALITY AT PO BANEIKALA JODA KEONJHAR,758038.0,1.0,"3,38,994",ABHIJEET NAYAK,"380,073",Accepted-AOC,22-Jul-2026,Municipal Bodies||Joda Municipality
2026_UPIDB_129407_1,SEUKID-01/2026-27 (SL18),Construction of trough wall from RD 1.900 km to 2.200 km of Semila minor.,CANAL STRUCTURAL WORK,Works,Open Tender,Percentage,Civil Works - Canal,No,No,NA ,20-May-2026 11:00 AM,NA ,90.0,No ,No,Online,01-Jun-2026 11:00 AM,CE AND BM IK BASIN BARINIPUT JEYPORE||Upper Kolab Project Bariniput||Upper Kolab Irrigation Division Borigumma,BORIGUMMA,764056.0,1.0,"8,76,710",NITYANANDA MAJHI,"848,743",Rejected-Finance,24-Jun-2026,CE AND BM IK BASIN BARINIPUT JEYPORE||Upper Kolab Project Bariniput||Upper Kolab Irrigation Division Borigumma
2026_CERWI_129105_1,Online Tender 01 RWD Kuchinda 2026-27,S/R to Tahasil Office Building at Jamankira in the District of Sambalpur for the year 2026-27.,S/R to Tahasil Office Building at Jamankira in the District of Sambalpur for the year 2026-27.,Works,Open Tender,Percentage,Civil Works - Buildings,No,No,NA ,11-May-2026 11:00 AM,NA ,90.0,No ,No,Online,22-May-2026 11:00 AM,CE RW I||RWCIRCLE-SAMBALPUR||RW Division Kuchinda,Kuchinda,768222.0,1.0,"8,47,465",PRAKASH TANDIA (S.C),"847,465",Rejected-AOC,29-Jun-2026,CE RW I||RWCIRCLE-SAMBALPUR||RW Division Kuchinda
2026_CERWI_129591_1,Online Tender 01 RWD SBD 2026 27,SR to RW Sub-Division office Building at Pottangi for the year 2026-27_building,SR to RW Sub-Division office Building at Pottangi for the year 2026-27_building,Works,Open Tender,Percentage,Civil Works - Buildings,No,No,NA ,22-May-2026 11:00 AM,NA ,90.0,No ,No,Online,05-Jun-2026 11:00 AM,CE RW I||RWCIRCLE-SUNABEDA||RWDIVISION-SUNABEDA,Sunabeda,763001.0,1.0,"3,39,005",Sunita Kuldeep,"305,443",Rejected-AOC,12-Jul-2026,CE RW I||RWCIRCLE-SUNABEDA||RWDIVISION-SUNABEDA
2026_ORULB_127521_2,45/SMC_SBP/2025-26,"Construction of additional works of UHWC at old building of Kainsir GP, Kainsir ward no-20 under SMC Sambalpur","Construction of additional works of UHWC at old building of Kainsir GP, Kainsir ward no-20 under SMC Sambalpur",Works,Open Tender,Percentage,Civil Works - Others,No,No,NA ,25-Mar-2026 11:00 AM,NA ,120.0,No ,No,Online,05-Apr-2026 11:00 AM,Municipal Bodies||Sambalpur Municipal Corporation,SAMBALPUR MUNICIPAL CORPORATION,768006.0,1.0,"7,61,370",M/s Kashish constructions Prop-Priyanshu Agrawal,"761,369.93",Rejected-Technical,24-Jul-2026,Municipal Bodies||Sambalpur Municipal Corporation
2025_CERWI_120356_26,BLGR-Online-28/2025-26,Construction of Road from Komna Border to Bhalukuna via Kharli road in the district of Bolangir under MMSY-CMRL for the year 2025-26,Construction of Road from Komna Border to Bhalukuna via Kharli road in the district of Bolangir under MMSY-CMRL for the year 2025-26,Works,National Competitive Bid,Percentage,Civil Works - Roads,No,No,NA ,07-Nov-2025 06:55 PM,NA ,90.0,No ,No,Online,20-Nov-2025 11:00 AM,CE RW I||RWCIRCLE-BALANGIR,Titilagarh,767033.0,2.0,"5,33,66,000",ABDUL RAFIK,"53,365,899",Rejected-Technical,01-Jul-2026,CE RW I||RWCIRCLE-BALANGIR
2026_ORULB_128169_10,SNP-MUN-36/2025-26,"Construction of Bhagbata Tungi at Talapada , ward no-6","Construction of Bhagbata Tungi at Talapada , ward no-6",Works,Open Tender,Percentage,Civil Works - Others,No,No,NA ,17-Apr-2026 11:00 AM,NA ,120.0,No ,No,Online,28-Apr-2026 11:00 AM,Municipal Bodies||Sonepur Municipal Council,Sonepur Municipality,767017.0,1.0,"4,22,003",BIKRAM KUMAR AGRAWAL,"423,968",Accepted-AOC,29-Jul-2026,Municipal Bodies||Sonepur Municipal Council
2025_ORULB_123980_3,KMPLTY/07/2025-26,Renovation and Restoration of Jayeerajguru Park in W.No. 12,Renovation and Restoration of Jayeerajguru Park in W.No. 12,Works,Open Tender,Percentage,Civil Works - Others,No,No,NA ,01-Jan-2026 11:00 AM,NA ,30.0,No ,No,Online,13-Jan-2026 11:00 AM,Municipal Bodies||Khordha Municipality,Khordha Municipality,752055.0,1.0,"13,25,497",SANDIP KUMAR BARMAN,"1,325,497",Rejected-Finance,13-Jul-2026,Municipal Bodies||Khordha Municipality
2026_EICCL_128892_1,SE DKL (R and B) 05/2026-27,"Construction of two disabled-friendly toilet and ramp for PWD students (Male and Female) at Dhenkanal Autonomous College, Dhenkanal","Construction of two disabled-friendly toilet and ramp for PWD students (Male and Female) at Dhenkanal Autonomous College, Dhenkanal",Works,Open Tender,Percentage,Civil Works - Buildings,No,No,NA ,07-May-2026 09:00 AM,NA ,90.0,No ,No,Online,22-May-2026 11:00 AM,EIC-CIVIL||SERNB-CIRCLE-DHENKANAL||EERNB-DIVN-DHENKANAL,Dhenkanal,759001.0,1.0,"5,41,016",Jyoti Ranjan Mohapatra,"541,016",Rejected-AOC,27-Jul-2026,EIC-CIVIL||SERNB-CIRCLE-DHENKANAL||EERNB-DIVN-DHENKANAL
2026_ORULB_126953_7,EOBRP/07/2025-26,Covering of drain from Ashok meher house to aju meher house in ward no 1,Covering of drain from Ashok meher house to aju meher house in ward no 1,Works,Open Tender,Percentage,Civil Works - Others,No,No,NA ,07-Mar-2026 11:00 AM,NA ,90.0,No ,No,Online,16-Mar-2026 03:00 PM,Municipal Bodies||Barpali NAC,Barpali,768029.0,1.0,"1,34,700",JITEN SUNA,"107,119.33",Accepted-AOC,17-Jul-2026,Municipal Bodies||Barpali NAC
2026_PRBNA_128329_1,TENDER CALL NOTICE NO. BDO/NPS-02 of 2026-27,"Construction of Additional Classroom at G.S Govt High School, Tiruna GP, Naugaon Block","Construction of Additional Classroom at G.S Govt High School, Tiruna GP, Naugaon Block",Works,Open Tender,Percentage,Civil Works - Buildings,No,No,NA ,22-Apr-2026 10:00 AM,NA ,90.0,No ,No,Online,07-May-2026 11:30 AM,Panchayati Raj and Drinking Water Department Odisha||Zilla Parisad Jagatsinghpur||NAUGAON Block,Naugaon,754113.0,1.0,"16,90,124",JITENDRA KUMAR MAHALI,"1,335,198",Rejected-Finance,24-Jul-2026,Panchayati Raj and Drinking Water Department Odisha||Zilla Parisad Jagatsinghpur||NAUGAON Block
2026_OPEPA_129643_5,DPC/SS/SNG/13OF2026-27,"INFRASTRUCTURE DEVELOPMENT OF GOVT. UPPER PRIMARY SCHOOL, TAINDABARILAPTA UPPER PRIMARY SCHOOLUNDER NUAGAON BLOCK (2)","INFRASTRUCTURE DEVELOPMENT OF GOVT. UPPER PRIMARY SCHOOL, TAINDABARILAPTA UPPER PRIMARY SCHOOLUNDER NUAGAON BLOCK (2)",Works,Open Tender,Percentage,Civil Works - Buildings,No,No,NA ,25-May-2026 09:00 AM,NA ,90.0,No ,No,Online,16-Jun-2026 05:30 PM,OPEPA Bhubaneswar||Samagra Shiksha Sundargarh,SUNDARGARH,770001.0,2.0,"5,54,82,104",JEETAN JAIN,"55,482,103.5",Rejected-Technical,06-Jul-2026,OPEPA Bhubaneswar||Samagra Shiksha Sundargarh
2026_CERWI_126564_1,TENDER ONLINE RCK-03/26,"Construction of Haripur to Nuahat Khadiang RD Road via Saika, Gargali, Chhotaraypur, Musalman Sahi in the Dist. of Jajpur for the year 2025-26.",Construction of road works,Works,National Competitive Bid,Percentage,Civil Works - Roads,No,No,NA ,24-Feb-2026 05:30 PM,NA ,90.0,No ,No,Online,06-Mar-2026 11:00 AM,CE RW I||RWCIRCLE-KENDRAPARA,Jajpur,755001.0,2.0,"3,96,59,578",DEBABRATA SAMAL,"35,213,739",Rejected-Finance,31-Jul-2026,CE RW I||RWCIRCLE-KENDRAPARA
2026_CEBMB_128949_11,SE-HID-ADV-02/2026-27,M/R to Baharapur Distributary in between RD 00 m to 6540 m under Harbhangi Irrigation Project.,DESILTING OF CANAL,Works,National Competitive Bid,Percentage,Civil Works - Others,No,No,NA ,11-May-2026 11:00 AM,NA ,90.0,No ,No,Online,25-May-2026 11:00 AM,"CE-BM,RVN Basin,Berhampur||SE Southern Irr Circle II Paralakhemundi||EE Harabhangi Irr Divn Adava",ADAVA,761217.0,1.0,"7,07,749",Ajit Kumar Gouda,"529,042",Rejected-Finance,24-Jun-2026,"CE-BM,RVN Basin,Berhampur||SE Southern Irr Circle II Paralakhemundi||EE Harabhangi Irr Divn Adava"
2025_CERWI_122879_1,NCB 401,Construction of HL Bridge over Khadkhai river at 2nd km on Manada to Mahiskudar road in the District of Mayurbhanj under Setu Bandhan Yojana for the year 2024-25,Construction of HL Bridge over Khadkhai river at 2nd km on Manada to Mahiskudar road in the District of Mayurbhanj under Setu Bandhan Yojana for the year 2024-25,Works,National Competitive Bid,Percentage,Civil Works - Bridges,No,No,NA ,09-Dec-2025 06:55 PM,NA ,90.0,No ,No,Online,22-Dec-2025 11:00 AM,CE RW I||RWCIRCLE-BARIPADA,Mayurbhanj,757105.0,2.0,"9,71,17,000",M/S BIG BUILD INFRASTRUCTURE & CO,"82,558,971",Rejected-AOC,06-Jul-2026,CE RW I||RWCIRCLE-BARIPADA
2026_EICCL_127961_2,18/KBJ/2025-26,Construction of Section Office at Bangomunda in the district of Balangir,Construction of Section Office at Bangomunda in the district of Balangir,Works,National Competitive Bid,Percentage,Civil Works - Buildings,No,No,NA ,15-Apr-2026 11:30 AM,NA ,90.0,No ,No,Online,23-Apr-2026 11:30 AM,EIC-CIVIL||SERNB-CIRCLE-BOLANGIR||EERNB-DIVISION-KANTABANJI,KANTABANJI,767039.0,1.0,"43,75,771",Tushar Kanta Sahu,"4,371,395",Rejected-Finance,17-Jul-2026,EIC-CIVIL||SERNB-CIRCLE-BOLANGIR||EERNB-DIVISION-KANTABANJI
2026_EICCL_126590_1,SE RandB BDK-39/2025-26-12,"Supply and Installation of 100 KVA Transformer of 11/ 0.4 KV (AL) Pole mounted Sub -Station at Odisha Adarsha Vidyalaya,Palasagadia under Bonth Block, Bhadrak","Supply and Installation of 100 KVA Transformer of 11/ 0.4 KV (AL) Pole mounted Sub -Station at Odisha Adarsha Vidyalaya,Palasagadia under Bonth Block, Bhadrak",Works,Open Tender,Percentage,Electrical Works,No,No,NA ,25-Feb-2026 09:00 AM,NA ,90.0,No ,No,Online,04-Mar-2026 11:30 AM,EIC-CIVIL||SERNB-CIRCLE-EASTERN||EERNB-DIVN-BHADRAK,Bhadrak,756100.0,1.0,,POWERTECH ENGINEERING.TAPAS RANJAN PATI,"613,723.74",Rejected-Finance,04-Jul-2026,EIC-CIVIL||SERNB-CIRCLE-EASTERN||EERNB-DIVN-BHADRAK
2026_CERWI_125941_1,RWCCESNG-32 of 2025-26,Construction of road from Badkulagaja Bhatitoli RD Road to Sankulagaja Purubtoli,Construction of road from Badkulagaja Bhatitoli RD Road to Sankulagaja Purubtoli,Works,National Competitive Bid,Percentage,Civil Works - Roads,No,No,NA ,12-Feb-2026 04:00 PM,NA ,90.0,No ,No,Online,05-Mar-2026 11:00 AM,CE RW I||RW-CIRCLE-SUNDARGARH,Rourkela,769004.0,2.0,"3,58,18,009",PRASAD KUMAR SAHOO,"35,818,008.519",Rejected-Technical,08-Jul-2026,CE RW I||RW-CIRCLE-SUNDARGARH
2026_CERWI_126535_46,Tender Online RWC-27-25,Construction of road from Ghusuripadia to Jhadeswarpur via Narijanga Canal in the District of Cuttack for the year 2025-26,Construction of road from Ghusuripadia to Jhadeswarpur via Narijanga Canal in the District of Cuttack for the year 2025-26,Works,National Competitive Bid,Percentage,Civil Works - Roads,No,No,NA ,28-Feb-2026 10:00 AM,NA ,90.0,No ,No,Online,12-Mar-2026 11:30 AM,CE RW I||RWCIRCLE-CUTTACK,Cuttack,753004.0,2.0,"3,91,36,598",ANANTA PRASAD MALIK,"37,062,358",Accepted-AOC,29-Jul-2026,CE RW I||RWCIRCLE-CUTTACK
2026_CERWI_126559_1,Tender Online Divn.NPR-18/2025-26,Infrastructural Development of Lankeswari Mahila Higher Secondary School at Beraboi under Nimapara Block in the dist. of Puri for the year 2025-26,Building,Works,Open Tender,Percentage,Civil Works - Buildings,No,No,NA ,24-Feb-2026 05:30 PM,NA ,90.0,No ,No,Online,06-Mar-2026 11:00 AM,CE RW I||RWCIRCLE-BHUBANESWAR||RWDIVISION-NIMAPADA,Nimapara,752106.0,1.0,"23,28,000",CHANDRAKANT RAY,"1,862,684.69",Accepted-AOC,01-Jul-2026,CE RW I||RWCIRCLE-BHUBANESWAR||RWDIVISION-NIMAPADA
2026_ORULB_128734_10,SNP-MUN-37/2026-27,Construction of Drain at Pintu samal House Main Road infront of DHH in W.No-1,Construction of Drain at Pintu samal House Main Road infront of DHH in W.No-1,Works,Open Tender,Percentage,Civil Works - Others,No,No,NA ,05-May-2026 11:00 AM,NA ,60.0,No ,No,Online,16-May-2026 11:00 AM,Municipal Bodies||Sonepur Municipal Council,Sonepur Municipality,767017.0,1.0,"2,07,713",BIKRAM KUMAR AGRAWAL,"107,917",Rejected-Technical,20-Jul-2026,Municipal Bodies||Sonepur Municipal Council
2025_EICCL_117887_10,CE-ROADS-I-12/2025-26,Improvement of Dhenkikote -Barhatipura-Gopinathpur road from 0/000 km to 16/852 km in the district of Keonjhar under State Plan,Improvement of Dhenkikote -Barhatipura-Gopinathpur road from 0/000 km to 16/852 km in the district of Keonjhar under State Plan,Works,Open Tender,Percentage,Civil Works - Roads,No,No,NA ,11-Sep-2025 06:30 PM,NA ,90.0,No ,No,Online,26-Sep-2025 11:30 AM,EIC-CIVIL,Ghatagaon Division,751001.0,2.0,"20,44,40,312",Bhagabati build and constructions Pvt Ltd,"173,794,709",Rejected-AOC,07-Jul-2026,EIC-CIVIL
2026_CEMIB_130096_1,SECMID_05/2026-27,Improvement to Janalabadia MIP (Diversion Weir) in Baramba Block of Cuttack District under Improvement to Diversion Weir Scheme for the Year 2026-27.,Improvement to Janalabadia MIP (Diversion Weir) in Baramba Block of Cuttack District under Improvement to Diversion Weir Scheme for the Year 2026-27.,Works,Open Tender,Percentage,Civil Works - Canal,No,No,NA ,30-May-2026 10:00 AM,NA ,90.0,No ,No,Online,09-Jun-2026 11:00 AM,"CE,Minor Irrigation,BBSR||SECMIC-BHUBANESWAR||CUTTACK",Baramba,754031.0,1.0,"40,12,385",SUSARYA KUMAR PRATIHARI,"4,012,385.38",Rejected-Finance,28-Jul-2026,"CE,Minor Irrigation,BBSR||SECMIC-BHUBANESWAR||CUTTACK"
2025_ORULB_122821_7,BMC-EE-Tender Cell-53/2025-26 Dt. 08.12.2025,"Development of road from Subash Pradhan House Braja Swain House, Baramunda in ward no. 50","Development of road from Subash Pradhan House Braja Swain House, Baramunda in ward no. 50",Works,Open Tender,Percentage,Civil Works - Roads,No,No,NA ,10-Dec-2025 11:00 AM,16-Dec-2025 04:30 PM ,120.0,No ,No,Online,23-Dec-2025 11:00 AM,Municipal Bodies||Bhubaneswar Municipal Corporation,BMC AREA,751022.0,1.0,"8,47,552",SANTOSH KUMAR BISWAL,"850,194",Rejected-Finance,08-Jul-2026,Municipal Bodies||Bhubaneswar Municipal Corporation
2026_SCDBH_127609_41,e-Procurement Notice-SAL-BDK-4-P1 OF 2025-26,(41) Improvement to Salandi Right on ds of Belda V.R.Bridge,Embankment protection,Works,Open Tender,Percentage,Civil Works - Others,No,No,NA ,26-Mar-2026 11:00 AM,NA ,90.0,No ,No,Online,10-Apr-2026 11:00 AM,CE BM Baitarani Basin Kenojhar||Addl CE Salapada Irrigation Circle Salapada||SE Salandi Canal Division Bhadrak,Bhadrak,756100.0,1.0,"13,17,918",Ajit Kumar Lenka,"1,120,632",Rejected-Technical,20-Jul-2026,CE BM Baitarani Basin Kenojhar||Addl CE Salapada Irrigation Circle Salapada||SE Salandi Canal Division Bhadrak
2026_OCCL_127610_1,e-procurement Notice No.63/OCCL/2025-26(on-line),Bid identification No.OCCL-HQP/16/2025-26,"Supplying, Installation, Testing and Commissioning of Fire Hydrant, Fire Alarm, Public Address, Fire Extinguishers and Safety Signage at OCAC Tower, Bhubaneswar.",Works,Open Tender,Percentage,Civil Works - Others,No,No,NA ,25-Mar-2026 03:30 PM,NA ,90.0,No ,No,Online,16-Apr-2026 12:00 PM,ODISHA CONSTRUCTION CORPORATION LTD,Bhubaneswar city in Khordha district.,751001.0,2.0,"3,37,27,958",TOSHALI INDUSTRIES PRIVATE LIMITED,"26,233,606",Rejected-Finance,22-Jul-2026,ODISHA CONSTRUCTION CORPORATION LTD
2026_ORULB_125609_1,KNK-2(12)-2025-26,Construction of community centre at Rudrani temple in ward No-1,Construction of community centre at Rudrani temple in ward No-1,Works,Open Tender,Percentage,Civil Works - Others,No,No,NA ,07-Feb-2026 12:00 PM,NA ,120.0,No ,No,Online,23-Feb-2026 11:30 AM,Municipal Bodies||Konark NAC,Konark NAC,752111.0,1.0,"5,45,176",DEBENDRANATH MAHARI,"546,876",Accepted-AOC,13-Jul-2026,Municipal Bodies||Konark NAC
2026_EICCL_128355_1,Bid Identification No-SE-RandB-JSG-20- OF 2025-26,"Improvement to Civil work for Administrative Building (GF) and Workshop building at Govt. ITI, Jharsuguda in the District of Jharsuguda for the year 2025-26","Improvement to Civil work for Administrative Building (GF) and Workshop building at Govt. ITI, Jharsuguda in the District of Jharsuguda for the year 2025-26",Works,Open Tender,Percentage,Civil Works - Buildings,No,No,NA ,07-May-2026 04:00 PM,NA ,90.0,No ,No,Online,14-May-2026 11:00 AM,EIC-CIVIL||SERNB-CIRCLE-NORTHERN||EERNB-DIVN-JHARSUGUDA,Jharsuguda,768201.0,1.0,"7,00,852",M/s Pramod Kumar Sahoo,"700,852",Rejected-AOC,09-Jul-2026,EIC-CIVIL||SERNB-CIRCLE-NORTHERN||EERNB-DIVN-JHARSUGUDA
2025_CERWI_120439_4,Online Tender/13/RWDBNJ/2025-26,S/R to Buguda-Motabadi-Ambapua road under periodical Maintenance for the year 2025-26.,S/R to Buguda-Motabadi-Ambapua road under periodical Maintenance for the year 2025-26.,Works,National Competitive Bid,Percentage,Civil Works - Roads,No,No,NA ,31-Oct-2025 06:55 PM,NA ,90.0,No ,No,Online,11-Nov-2025 11:00 AM,CE RW I||RWCIRCLE-BERHAMPUR||RW Division Bhanjanagar,Bhanjanagar,761126.0,1.0,"44,49,059",AKASH CHANDRA DASH,"3,782,145",Accepted-AOC,28-Jul-2026,CE RW I||RWCIRCLE-BERHAMPUR||RW Division Bhanjanagar
2025_ORULB_110470_2,MC(CMC)CTC_Div-I_No.25/2024-25,Repair of road from Plot No. E/1 to E/38 in Sec-7 in Ward No.05.,Repair of road from Plot No. E/1 to E/38 in Sec-7 in Ward No.05.,Works,Open Tender,Percentage,Civil Works - Others,No,No,NA ,13-Feb-2025 03:00 PM,NA ,90.0,No ,No,Online,28-Feb-2025 11:00 AM,Municipal Bodies||Cuttack Municipal Corporation,CMC,753012.0,1.0,"23,26,000",MD AZHAR,"1,977,310",Rejected-AOC,01-Jul-2026,Municipal Bodies||Cuttack Municipal Corporation
2026_CEBMB_128759_21,e-CHID-01/2026-27,Improvement to Canal lining in between RD 2882m to RD 2990m of Left Main Canal of Bahuda Irrigation Project.,Improvement of Canal system,Works,Open Tender,Percentage,Civil Works - Canal,No,No,NA ,06-May-2026 10:00 AM,NA ,90.0,No ,No,Online,22-May-2026 11:30 AM,"CE-BM,RVN Basin,Berhampur||S.E. Southern Irr. Circle I Berhampur||EE Chikiti Irrigation Divn Berhampur",Berhampur,760004.0,1.0,"8,47,000",Barika Sethi,"760,840",Rejected-AOC,24-Jul-2026,"CE-BM,RVN Basin,Berhampur||S.E. Southern Irr. Circle I Berhampur||EE Chikiti Irrigation Divn Berhampur"
2025_CERWI_123050_20,NCB-32/RWCKJR/2025-26,Construction of Kodagadia Bus Stand to Sarasaposi PS road under MMSY-TRIP in the District of Keonjhar.,Construction of Kodagadia Bus Stand to Sarasaposi PS road under MMSY-TRIP in the District of Keonjhar.,Works,National Competitive Bid,Percentage,Civil Works - Roads,No,No,NA ,13-Dec-2025 04:45 PM,NA ,90.0,No ,No,Online,30-Dec-2025 11:00 AM,CE RW I||RWCIRCLE-KEONJHAR,Keonjhar,758001.0,2.0,"2,98,14,808",DILESWAR PRADHAN,"32,033,028.78",Rejected-AOC,11-Jun-2026,CE RW I||RWCIRCLE-KEONJHAR
2026_CERWI_129615_1,Online Tender 01 RWD SBD 2026 27,SR to Excise office building at Narayanpatna for the year 2026-27_building,SR to Excise office building at Narayanpatna for the year 2026-27_building,Works,Open Tender,Percentage,Civil Works - Buildings,No,No,NA ,22-May-2026 11:00 AM,NA ,90.0,No ,No,Online,05-Jun-2026 11:00 AM,CE RW I||RWCIRCLE-SUNABEDA||RWDIVISION-SUNABEDA,Sunabeda,763001.0,1.0,"4,23,747",ANU RANA,"249,587",Accepted-AOC,12-Jul-2026,CE RW I||RWCIRCLE-SUNABEDA||RWDIVISION-SUNABEDA
2026_ORULB_125759_16,BLGR MPTY/10(01-60)/2025-26,"Construction of Paver Blok Road from Patel resto Subash Tripathy res,W.No.3",Road Work,Works,Open Tender,Percentage,Civil Works - Roads,No,No,NA ,10-Feb-2026 11:00 AM,NA ,180.0,No ,No,Online,05-Mar-2026 11:00 AM,Municipal Bodies||Balangir Municipality,Balangir,767001.0,1.0,"4,22,199",MANABHANJAN PADHI,"421,776.74",Accepted-AOC,22-Jul-2026,Municipal Bodies||Balangir Municipality
2026_CERWI_128650_1,Online 01 of 2026-27,Construction of Revenue Rest Shed IB Building at Gaisilet,Construction of Revenue Rest Shed IB Building at Gaisilet,Works,Open Tender,Percentage,Civil Works - Buildings,No,No,NA ,30-Apr-2026 10:00 AM,NA ,90.0,No ,No,Online,08-May-2026 10:00 AM,CE RW I||RWCIRCLE-SAMBALPUR||RWDIVISION-PADMAPUR,Padampur,768036.0,2.0,"68,96,623",BAMADEB DUDUKA,"5,966,268",Rejected-Finance,01-Jul-2026,CE RW I||RWCIRCLE-SAMBALPUR||RWDIVISION-PADMAPUR
2025_ORULB_115623_13,JM-01/2025-26,Repair of CDPO office Room building meeting Hall Joda Municipality,WORKS,Works,Open Tender,Percentage,Civil Works - Others,No,No,NA ,17-Jul-2025 10:00 AM,NA ,120.0,No ,No,Online,31-Jul-2025 11:00 AM,Municipal Bodies||Joda Municipality,JODA MUNICIPALITY AT PO BANEIKALA JODA KEONJHAR,758038.0,1.0,"3,89,848",ABHIJEET NAYAK,"391,066",Accepted-AOC,04-Jul-2026,Municipal Bodies||Joda Municipality
2025_CERWI_121196_7,Tender Online C.C-28 of 2025,"Const. of Patapur Balanga to Existing RD road via. Chakarakuda Rice mill, Kanyakuda Siva temple, Gadachhandapur Harijan Sahi, Dasapurusottampur Majhi sahi road in the Dist. of Puri under MMSY-TRIP for the year 2024-25","Const. of Patapur Balanga to Existing RD road via. Chakarakuda Rice mill, Kanyakuda Siva temple, Gadachhandapur Harijan Sahi, Dasapurusottampur Majhi sahi road in the Dist. of Puri under MMSY-TRIP for the year 2024-25",Works,National Competitive Bid,Percentage,Civil Works - Roads,No,No,NA ,05-Feb-2026 05:30 PM,NA ,90.0,No ,No,Online,21-Feb-2026 11:00 AM,CE RW I||RWCIRCLE-BHUBANESWAR,Nimapara,752106.0,2.0,"5,22,95,225",RAMACHANDRA SAMANTA SINGHAR,"51,301,616",Rejected-Finance,28-Jul-2026,CE RW I||RWCIRCLE-BHUBANESWAR
2026_PZPRG_133920_1,"02/2026-27 of Panchayat samiti ,Gudari",CONSTRUCTION OF BDO QUARTER AT GUDARI,CONSTRUCTION OF BDO QUARTER AT GUDARI,Works,Open Tender,Percentage,Civil Works - Buildings,No,No,NA ,02-Jul-2026 11:00 AM,NA ,90.0,No ,No,Online,18-Jul-2026 11:00 AM,Panchayati Raj and Drinking Water Department Odisha||Zilla Parisad Rayagada||GUDARI,CONSTRUCTION OF BDO QUARTER AT GUDARI,765026.0,1.0,"11,84,522",Pramod Kumar Pati,"1,184,522.4",Rejected-Finance,29-Jul-2026,Panchayati Raj and Drinking Water Department Odisha||Zilla Parisad Rayagada||GUDARI
2025_ORULB_112423_30,BM-BDK-01-2025-26,Construction of Road from Sk Hakim house towards Mairaj Khan house in ward No.16.,Construction of Road from Sk Hakim house towards Mairaj Khan house in ward No.16.,Works,Open Tender,Percentage,Civil Works - Others,No,No,NA ,17-Apr-2025 10:00 AM,NA ,90.0,No ,No,Online,29-Apr-2025 11:00 AM,Municipal Bodies||Bhadrak Municipality,Bhadrak Municipality,756100.0,1.0,"1,09,033",BIDYADHAR BEHERA,"105,773",Rejected-AOC,03-Jul-2026,Municipal Bodies||Bhadrak Municipality
2025_NLUO_118718_1,NLUO/Admin/House Keeping /2025 Dt. 26.09.2025,Providing Housekeeping Service to NLUO Cuttack.,Providing Housekeeping Service to NLUO Cuttack.,Services,Open Tender,Item Rate,Miscellaneous Services,No,No,NA ,26-Sep-2025 03:00 PM,09-Oct-2025 11:00 AM ,60.0,No ,No,Online,16-Oct-2025 03:00 PM,National Law University Odisha,"NLUO,CUTTACK",753015.0,2.0,"2,00,00,000",G.MANJU SERVICES PRIVATE LIMITED,"9,589,120",Rejected-AOC,04-Jul-2026,National Law University Odisha
2026_CEBMT_127866_3,EEBOD-01/26-27,Constrution of cc lining to Right Main Canal inbetween RD 15990M to RD 16300M under BIP,Repair of canal structure,Works,Open Tender,Percentage,Civil Works - Canal,No,No,NA ,10-Apr-2026 11:00 AM,NA ,90.0,No ,No,Online,27-Apr-2026 11:00 AM,"CE-BM, Tel Basin,Bhawanipatna||SE Balangir Irr Circle Balangir||EE Boudh Irr Divn Boudh",Boudh,762014.0,1.0,"29,43,000",RAMESH KUMAR AGRAWAL,"2,939,834.31",Rejected-Finance,09-Jul-2026,"CE-BM, Tel Basin,Bhawanipatna||SE Balangir Irr Circle Balangir||EE Boudh Irr Divn Boudh"
2025_ORULB_123942_1,KMPLTY/06/2025-26,Wall Paintings at Various Public Places in W.No. 1 to 22,Wall Paintings at Various Public Places in Ward.No. 1 to 22,Works,Open Tender,Percentage,Miscellaneous Works,No,No,NA ,31-Dec-2025 11:00 AM,NA ,60.0,No ,No,Online,12-Jan-2026 11:00 AM,Municipal Bodies||Khordha Municipality,Khordha Municipality,752055.0,1.0,"25,42,389",MANIJ ART WORKSHOP,"2,161,285",Rejected-Technical,24-Jul-2026,Municipal Bodies||Khordha Municipality
2026_CERWI_125092_8,CCERWCSBD Online - 26/2025-26,Improvement to L043-PL road to Deulapara Road in the District of Nabarangpur under MMSY-Improvement to Existing RD Road for the year 2025-26,Improvement to L043-PL road to Deulapara Road in the District of Nabarangpur under MMSY-Improvement to Existing RD Road for the year 2025-26,Works,National Competitive Bid,Percentage,Civil Works - Roads,No,No,NA ,28-Jan-2026 05:30 PM,NA ,90.0,No ,No,Online,04-Feb-2026 11:00 AM,CE RW I||RWCIRCLE-SUNABEDA,UMERKOTE,764073.0,2.0,"1,29,35,000",SAHIL KHAN,"12,289,221.36",Rejected-AOC,23-Jul-2026,CE RW I||RWCIRCLE-SUNABEDA
2026_ORULB_129180_2,12/SMC_SBP/2026-27,"Construction of Road and Drain of AN Guha Lane Main Road, Ward No 26 under SMC Sambalpur","Construction of Road and Drain of AN Guha Lane Main Road, Ward No 26 under SMC Sambalpur Ward No 22",Works,Open Tender,Percentage,Civil Works - Others,No,No,NA ,14-May-2026 11:00 AM,NA ,90.0,No ,No,Online,26-May-2026 11:00 AM,Municipal Bodies||Sambalpur Municipal Corporation,SAMBALPUR MUNICIPAL CORPORATION,768006.0,1.0,"33,88,203","M/s. SURVEILLANCE SYSTEM, PROPRIETOR- ESHA JHAJHARIA","3,388,203.3",Rejected-Technical,08-Jul-2026,Municipal Bodies||Sambalpur Municipal Corporation
2025_EICCL_114434_2,SE DKL (R and B) 08/ 2025-26,Shifting and Construction of 3ph 3W 33KV Line and erection of 33KV poles for heightening of existing line due to Improvement such as widening and strengthening of Dhenkanal Bhapur road from 0/00 Km to 14/550 (except NH portion from 0/852 Km to 0/900,Shifting and Construction of 3ph 3W 33KV Line and erection of 33KV poles for heightening of existing line due to Improvement such as widening and strengthening of Dhenkanal Bhapur road from 0/00 Km to 14/550 (except NH portion from 0/852 Km to 0/900,Works,Open Tender,Percentage,Electrical Works,No,No,NA ,13-Jun-2025 09:00 AM,NA ,90.0,No ,No,Online,25-Jun-2025 11:00 AM,EIC-CIVIL||SERNB-CIRCLE-DHENKANAL||EERNB-DIVN-DHENKANAL,Dhenkanal,759001.0,1.0,"43,45,410",SWASTIKI ELECTRICAL AND CIVIL CONSTRUCTION,"3,694,033",Rejected-Technical,22-Jul-2026,EIC-CIVIL||SERNB-CIRCLE-DHENKANAL||EERNB-DIVN-DHENKANAL
2025_EICCL_122498_3,CCENC (R AND B) /17/ 2025-26,Construction of 4 nos F-Type Quarters for Court Complex at Rairakhol in the district of Sambalpur Block-B,BUILDING WORK,Works,National Competitive Bid,Percentage,Civil Works - Buildings,No,No,NA ,03-Dec-2025 06:30 PM,NA ,90.0,No ,No,Online,19-Dec-2025 11:00 AM,EIC-CIVIL||SERNB-CIRCLE-NORTHERN,"SAMBALPUR, RAIRKHOL",768106.0,2.0,"1,36,96,324",Apurba Kumar Dhar,"11,643,245",Rejected-Technical,21-Jul-2026,EIC-CIVIL||SERNB-CIRCLE-NORTHERN
2026_CERWI_127095_1,Online SEJSG 16 of 2025-26,Repair and Renovation of Tahasil office at Laikera for the year 2025-26,Repair and Renovation of Tahasil office at Laikera for the year 2025-26,Works,Open Tender,Percentage,Civil Works - Buildings,No,No,NA ,10-Mar-2026 11:00 AM,NA ,90.0,No ,No,Online,17-Mar-2026 11:00 AM,CE RW I||RW-CIRCLE-SUNDARGARH||RW-Division-Jharsuguda,Jharsuguda,768204.0,1.0,"40,72,534",PURUSOTTAM SHARMA,"2,964,805",Rejected-AOC,26-May-2026,CE RW I||RW-CIRCLE-SUNDARGARH||RW-Division-Jharsuguda
2026_CERWI_125732_1,EERWGNP-Online-11/2025-26,Repair and Maintenance of Putasingi Nuagada 10.000 to 20.000 Km Road in the district of Rayagada for the year 2025 26,Repair and Maintenance of Putasingi Nuagada 10.000 to 20.000 Km Road in the district of Rayagada for the year 2025 26,Works,Open Tender,Percentage,Civil Works - Roads,No,No,NA ,09-Feb-2026 09:00 AM,NA ,90.0,No ,No,Online,17-Feb-2026 11:00 AM,CE RW I||RWCIRCLE-RAYAGADA||RWDIVISION-GUNUPUR,Gunupur,764062.0,2.0,"72,03,074",BEJJIPURAPU NABIN,"7,203,074",Rejected-Technical,10-Jul-2026,CE RW I||RWCIRCLE-RAYAGADA||RWDIVISION-GUNUPUR
2026_EICCL_127567_11,SE R and B Divn NoI Bam 69 /2025-26,"S/R to Utkala Balashram such as raising of compound wall and fixing of Razor wire concertina coil at Gosaninuagaon, Berhampur","S/R to Utkala Balashram such as raising of compound wall and fixing of Razor wire concertina coil at Gosaninuagaon, Berhampur",Works,Open Tender,Percentage,Civil Works - Buildings,No,No,NA ,24-Mar-2026 06:50 PM,NA ,90.0,No ,No,Online,31-Mar-2026 11:30 AM,EIC-CIVIL||SERNB-CIRCLE-BERHAMPUR||EERNB-DIVN-GANJAM I,Berhampur,760005.0,1.0,"16,14,266",Dandapani Pradhan,"952,417",Accepted-AOC,02-Jul-2026,EIC-CIVIL||SERNB-CIRCLE-BERHAMPUR||EERNB-DIVN-GANJAM I
2025_CERWI_121709_13,CCE-BLS-NCB-39 of 2025-26,Construction of road from L026-Astia to Biranchipur Road in the District of Balasore under MMSY-Improvement to Existing RD Roads for the year 2025-26,Construction of road from L026-Astia to Biranchipur Road in the District of Balasore under MMSY-Improvement to Existing RD Roads for the year 2025-26,Works,National Competitive Bid,Percentage,Civil Works - Roads,No,No,NA ,25-Nov-2025 02:00 PM,NA ,90.0,No ,No,Online,02-Dec-2025 11:00 AM,CE RW I||RWCIRCLE-BALASORE,Balasore,756001.0,2.0,"4,91,66,000",JAGANNTH BEHERA,"42,528,817",Rejected-Finance,07-Jul-2026,CE RW I||RWCIRCLE-BALASORE
2026_CERWI_126095_1,RWCCESNG-32 of 2025-26,Construction of road from Khutlapali to Raidihi via Champasara,Construction of road from Khutlapali to Raidihi via Champasara,Works,National Competitive Bid,Percentage,Civil Works - Roads,No,No,NA ,16-Feb-2026 11:00 AM,NA ,90.0,No ,No,Online,05-Mar-2026 11:00 AM,CE RW I||RW-CIRCLE-SUNDARGARH,Sundergarh,770020.0,2.0,"2,99,61,029",MESSERS MOHAN KUMAR PATEL,"29,931,068.429",Rejected-Technical,13-Jul-2026,CE RW I||RW-CIRCLE-SUNDARGARH
2026_EICCL_128210_4,SE DKL (R and B) 01/2026-27,Supply and Installation of 30 KVA Silent 3 phase DG set with AMF Panel at the residence of the Collector and District Magistrate Dhenkanal,Supply and Installation of 30 KVA Silent 3 phase DG set with AMF Panel at the residence of the Collector and District Magistrate Dhenkanal,Works,Open Tender,Percentage,Electrical Works,No,No,NA ,18-Apr-2026 09:00 AM,NA ,90.0,No ,No,Online,30-Apr-2026 11:00 AM,EIC-CIVIL||SERNB-CIRCLE-DHENKANAL||EERNB-DIVN-DHENKANAL,Dhenkanal,759001.0,1.0,"10,20,444",MPower Energy Solutions,"1,020,444",Rejected-AOC,20-Jul-2026,EIC-CIVIL||SERNB-CIRCLE-DHENKANAL||EERNB-DIVN-DHENKANAL
2026_CERWI_124633_23,NCB-24/RWCRGDA/2025-26,Construction of road from Pipalpanga to Panchubadi under the MMSY CMRL Scheme in the District of Rayagada for the year 2025 26.,Construction of road from Pipalpanga to Panchubadi under the MMSY CMRL Scheme in the District of Rayagada for the year 2025 26.,Works,National Competitive Bid,Percentage,Civil Works - Roads,No,No,NA ,16-Jan-2026 10:00 AM,NA ,90.0,No ,No,Online,05-Feb-2026 11:00 AM,CE RW I||RWCIRCLE-RAYAGADA,EE RW DIVISION RAYAGADA,765001.0,2.0,"2,55,31,000",GOURINATH MOHAPATRA,"21,703,797.4",Accepted-AOC,01-Jul-2026,CE RW I||RWCIRCLE-RAYAGADA
2026_OMC_125503_2,NIT No.05/OMC/CIVIL/2026,"Renovation to existing old building for proposed Crache at Head Office campus-ll, Ashoka Nagar, Bhubaneswar in the district of Khordha","Renovation to existing old building for proposed Crache at Head Office campus-ll, Ashoka Nagar, Bhubaneswar in the district of Khordha",Works,Open Tender,Percentage,Civil Works - Others,No,No,NA ,04-Feb-2026 02:00 PM,NA ,180.0,No ,No,Online,17-Feb-2026 11:00 AM,Orissa Mining Corporation,ASHOK NAGAR BHUBANESWAR,751009.0,2.0,"16,35,000",SUDEEP KUMAR NAYAK,"1,360,161.54",Rejected-Finance,15-Jul-2026,Orissa Mining Corporation
2026_CEBMB_129576_5,SE-HID-ADV-03/2026-27,"M/R to Batasasan S/M, Gangapur S/M I and II, Sidhapur S/M, Kalakhadi Sub-Minor,Goparalundi S/M I and II and Lembakhumpa S/M Under Harabhangi Irrigation Project.",DESILTING OF CANAL WORK,Works,National Competitive Bid,Percentage,Civil Works - Others,No,No,NA ,25-May-2026 11:00 AM,NA ,90.0,No ,No,Online,06-Jun-2026 11:00 AM,"CE-BM,RVN Basin,Berhampur||SE Southern Irr Circle II Paralakhemundi||EE Harabhangi Irr Divn Adava",BADAGADA,761109.0,1.0,"5,97,273",B RAKESH PATRA,"459,900",Rejected-Finance,30-Jun-2026,"CE-BM,RVN Basin,Berhampur||SE Southern Irr Circle II Paralakhemundi||EE Harabhangi Irr Divn Adava"
2026_CEBMB_129576_4,SE-HID-ADV-03/2026-27,"M/R to Lokamari Sub- Minor, Lokamari Sub-Minor-II, Saranauti Sub-Minor,Chaulikhai Sub-Minor,Takarada Sub-Minor, Rajapur Sub-Minor and Kusamagadia S/M, Raibandha Minor Under HarabhangiI Irrigation Project.",DESILTING OF CANAL WORK,Works,National Competitive Bid,Percentage,Civil Works - Others,No,No,NA ,25-May-2026 11:00 AM,NA ,90.0,No ,No,Online,06-Jun-2026 11:00 AM,"CE-BM,RVN Basin,Berhampur||SE Southern Irr Circle II Paralakhemundi||EE Harabhangi Irr Divn Adava",BADAGADA,761109.0,1.0,"7,19,408",Gouri Sankar Pradhan,"502,866",Rejected-Finance,25-Jun-2026,"CE-BM,RVN Basin,Berhampur||SE Southern Irr Circle II Paralakhemundi||EE Harabhangi Irr Divn Adava"
2026_ORULB_126276_1,EO/AGLM-12/2025-26,Repairing of drain and road from Prafulla Sahu house to Nanu Sahu house in ward No.17,Repairing of drain and road from Prafulla Sahu house to Nanu Sahu house in ward No.17,Works,Open Tender,Percentage,Civil Works - Others,No,No,NA ,21-Feb-2026 10:00 AM,NA ,90.0,No ,No,Online,05-Mar-2026 11:00 AM,Municipal Bodies||Angul Municipality,Angul,759122.0,1.0,"5,27,820",SAROJ KUMAR NAIK,"527,767",Rejected-AOC,07-Jul-2026,Municipal Bodies||Angul Municipality
2025_EICCL_122498_2,CCENC (R AND B) /17/ 2025-26,Construction of 4 nos F-Type Quarters for Court Complex at Rairakhol in the district of Sambalpur Block-A,BUILDING WORK,Works,National Competitive Bid,Percentage,Civil Works - Buildings,No,No,NA ,03-Dec-2025 06:30 PM,NA ,90.0,No ,No,Online,19-Dec-2025 11:00 AM,EIC-CIVIL||SERNB-CIRCLE-NORTHERN,"SAMBALPUR, RAIRKHOL",768106.0,2.0,"1,36,96,324",Arun Kumar Sukla,"11,643,245",Rejected-Technical,21-Jul-2026,EIC-CIVIL||SERNB-CIRCLE-NORTHERN
2026_ORULB_128333_12,MC(CMC)CTC_Div-I_No.1/2026-27,Mehendipur Sunadei Temple to Prajatantra MSD in Ward No. 13.,Mehendipur Sunadei Temple to Prajatantra MSD in Ward No. 13.,Works,Open Tender,Percentage,Civil Works - Others,No,No,NA ,23-Apr-2026 01:00 PM,NA ,90.0,No ,No,Online,07-May-2026 11:00 AM,Municipal Bodies||Cuttack Municipal Corporation,CMC,753012.0,1.0,"4,19,500",SHIBA SANKAR SETHI,"419,418",Rejected-AOC,21-Jul-2026,Municipal Bodies||Cuttack Municipal Corporation
2025_EICCL_114434_3,SE DKL (R and B) 08/ 2025-26,Shifting and construction of 3 ph. 3W 11KV Line-cum-LT Line due to Improvement such as widening and strengthening to Gudiakateni -Hindol road at Khajuriakata Market in Dhenkanal District,Shifting and construction of 3 ph. 3W 11KV Line-cum-LT Line due to Improvement such as widening and strengthening to Gudiakateni -Hindol road at Khajuriakata Market in Dhenkanal District,Works,Open Tender,Percentage,Electrical Works,No,No,NA ,13-Jun-2025 09:00 AM,NA ,90.0,No ,No,Online,25-Jun-2025 11:00 AM,EIC-CIVIL||SERNB-CIRCLE-DHENKANAL||EERNB-DIVN-DHENKANAL,Dhenkanal,759001.0,1.0,"39,35,984",SWASTIKI ELECTRICAL AND CIVIL CONSTRUCTION,"3,345,980",Rejected-Technical,22-Jul-2026,EIC-CIVIL||SERNB-CIRCLE-DHENKANAL||EERNB-DIVN-DHENKANAL
2026_ORULB_129180_3,12/SMC_SBP/2026-27,"Construction of Paver road and drain from Sakhipada Shiv Mandir to Seva Nursing Home near Shakhipada Pond, W No -26 under SMC Sambalpur","Construction of Paver road and drain from Sakhipada Shiv Mandir to Seva Nursing Home near Shakhipada Pond, W No -26 under SMC Sambalpur",Works,Open Tender,Percentage,Civil Works - Others,No,No,NA ,14-May-2026 11:00 AM,NA ,90.0,No ,No,Online,26-May-2026 11:00 AM,Municipal Bodies||Sambalpur Municipal Corporation,SAMBALPUR MUNICIPAL CORPORATION,768006.0,1.0,"8,46,071",Kishore Kumar Bag,"846,070.58",Rejected-Technical,08-Jul-2026,Municipal Bodies||Sambalpur Municipal Corporation
2026_CEBMT_127866_2,EEBOD-01/26-27,Construction of CC lining to Bilaspur minor inbetween RD 2.500KM TO RD 3.500KM under BIP.,Repair of canal structure,Works,Open Tender,Percentage,Civil Works - Canal,No,No,NA ,10-Apr-2026 11:00 AM,NA ,90.0,No ,No,Online,27-Apr-2026 11:00 AM,"CE-BM, Tel Basin,Bhawanipatna||SE Balangir Irr Circle Balangir||EE Boudh Irr Divn Boudh",Boudh,762014.0,1.0,"21,72,000",Naresh Chandra Luha,"2,170,203.63",Rejected-AOC,07-Jul-2026,"CE-BM, Tel Basin,Bhawanipatna||SE Balangir Irr Circle Balangir||EE Boudh Irr Divn Boudh"
2026_ORULB_129864_1,13/SMC_SBP/2026-27,Construction of Paver road from Satya Meher house towards main road St. John School at Ward No-29 under SMC Sambalpur,Construction of Paver road from Satya Meher house towards main road St. John School at Ward No-29 under SMC Sambalpur,Works,Open Tender,Percentage,Civil Works - Others,No,No,NA ,30-May-2026 11:00 AM,NA ,90.0,No ,No,Online,09-Jun-2026 11:00 AM,Municipal Bodies||Sambalpur Municipal Corporation,Sambalpur,768006.0,1.0,"18,62,834",SAROJ ROUT,"1,862,834",Rejected-Technical,31-Jul-2026,Municipal Bodies||Sambalpur Municipal Corporation
2025_ORULB_115623_12,JM-01/2025-26,Construction of Paver Block Road from Goutam Sahoo Shop to Laxmi Priya Pattnaik House in Ward No06 Joda Municipality SFC MV Tax,WORKS,Works,Open Tender,Percentage,Civil Works - Others,No,No,NA ,17-Jul-2025 10:00 AM,NA ,120.0,No ,No,Online,31-Jul-2025 11:00 AM,Municipal Bodies||Joda Municipality,JODA MUNICIPALITY AT PO BANEIKALA JODA KEONJHAR,758038.0,1.0,"4,23,862",PLABAN MOHANTY,"500,000",Accepted-AOC,08-Jul-2026,Municipal Bodies||Joda Municipality
2025_OLIC_123977_34,OLIC-BPT-05/2025-26 Dt.24.12.2025,INSTALLATION AND ENERGISATION OF BAGPUR-VI L.I. PROJECT UNDER NARLA BLOCK IN KALAHANDI DISTRICT OUT OF RIDF-2025-26,INSTALLATION AND ENERGISATION OF BAGPUR-VI L.I. PROJECT UNDER NARLA BLOCK IN KALAHANDI DISTRICT OUT OF RIDF-2025-26,Works,National Competitive Bid,Percentage,Civil Works - Lift Irrigation Schemes,No,No,NA ,01-Jan-2026 11:00 AM,NA ,90.0,No ,No,Online,31-Jan-2026 11:00 AM,Orissa Lift Irrigation Corporation||LI Western Circle Bhawanipatna||LI Division Bhawanipatna,NARLA,766100.0,1.0,"36,42,881",sangram keshari pradhan,"3,096,813",Rejected-Finance,28-Apr-2026,Orissa Lift Irrigation Corporation||LI Western Circle Bhawanipatna||LI Division Bhawanipatna
2026_EICCL_131163_1,SC RandB GM-II-5/2026-27,S/R to buildings such as Provision of lightening arrester system at Boys Hostel No.3 of Prala Maharaja Engineering College at Berhampur (Sitalapalli),S/R to buildings such as Provision of lightening arrester system at Boys Hostel No.3 of Prala Maharaja Engineering College at Berhampur (Sitalapalli),Works,Open Tender,Percentage,Electrical Works,No,No,NA ,05-Jun-2026 11:00 AM,NA ,90.0,No ,No,Online,12-Jun-2026 11:30 AM,EIC-CIVIL||SERNB-CIRCLE-BERHAMPUR||EERNB-DIVN-GANJAM II,Ganjam,760005.0,1.0,"3,91,838",SUJIT KUMAR NAHAK,"249,601",Rejected-AOC,26-Jul-2026,EIC-CIVIL||SERNB-CIRCLE-BERHAMPUR||EERNB-DIVN-GANJAM II
2026_CERWI_125965_1,RWCCESNG-32 OF 2025-26,Construction of road from Sargipali to Kuarbaga via Chanaguda,Construction of road from Sargipali to Kuarbaga via Chanaguda,Works,National Competitive Bid,Percentage,Civil Works - Roads,No,No,NA ,13-Feb-2026 11:00 AM,NA ,90.0,No ,No,Online,05-Mar-2026 11:00 AM,CE RW I||RW-CIRCLE-SUNDARGARH,Sundergarh,770020.0,2.0,"3,49,81,256",MESSERS MOHAN KUMAR PATEL,"34,946,274.332",Rejected-Technical,13-Jul-2026,CE RW I||RW-CIRCLE-SUNDARGARH
2026_ORULB_125759_17,BLGR MPTY/10(01-60)/2025-26,"Construction of Paver Blok Road from Punam res to Suna Babu res,W.No.3",Road Work,Works,Open Tender,Percentage,Civil Works - Roads,No,No,NA ,10-Feb-2026 11:00 AM,NA ,180.0,No ,No,Online,05-Mar-2026 11:00 AM,Municipal Bodies||Balangir Municipality,Balangir,767001.0,1.0,"3,38,013",MANABHANJAN PADHI,"337,675.16",Accepted-AOC,22-Jul-2026,Municipal Bodies||Balangir Municipality
2025_ORULB_120762_1,PM_03/2025-26,Construction of RCC drain With Cover Slab from Purasttam Sahoo house to Mihir Biswal house in Ward No-1,Construction of RCC drain With Cover Slab from Purasttam Sahoo house to Mihir Biswal house in Ward No-1,Works,Open Tender,Percentage,Civil Works - Others,No,No,NA ,04-Nov-2025 05:00 PM,NA ,90.0,No ,No,Online,15-Nov-2025 11:00 AM,Municipal Bodies||Pattamundai Municipality,Executive Officer Pattamundai Municipality,754215.0,1.0,"14,79,953",ABHAYA KUMAR DAS,"1,484,567",Accepted-AOC,22-Jul-2026,Municipal Bodies||Pattamundai Municipality
2026_CERWI_125092_13,CCERWCSBD Online - 26/2025-26,Improvement to L061- Dongripara Road in the District of Nabarangpur under MMSY-Impvt. to Existing RD Road for the year 2025-26,Improvement to L061- Dongripara Road in the District of Nabarangpur under MMSY-Impvt. to Existing RD Road for the year 2025-26,Works,National Competitive Bid,Percentage,Civil Works - Roads,No,No,NA ,29-Jan-2026 09:00 AM,NA ,90.0,No ,No,Online,04-Feb-2026 11:00 AM,CE RW I||RWCIRCLE-SUNABEDA,UMERKOTE,764073.0,2.0,"2,68,22,000",ALOK KUMAR BISOYI,"25,483,632.35",Rejected-AOC,23-Jul-2026,CE RW I||RWCIRCLE-SUNABEDA
2026_OSAMB_125918_1,01/OSAMB/2025-26,"Construction of 2500 MT Godown at Batagaon, Jamankira PACS of Sambalpur District and 1000 MT Godown at Chadeimara PACS of Deogarh District","Construction of 2500 MT Godown at Batagaon, Jamankira PACS of Sambalpur District and 1000 MT Godown at Chadeimara PACS of Deogarh District",Works,Open Tender,Percentage,Civil Works - Others,No,No,NA ,13-Feb-2026 10:00 AM,NA ,90.0,No ,No,Online,02-Mar-2026 11:30 AM,Odisha State Agricultural Marketing Board,Sambalpur and Deogarh District,751030.0,2.0,"4,95,60,927",SATYA PRAKASH AGRAWAL,"49,313,123.13",Accepted-AOC,04-Jul-2026,Odisha State Agricultural Marketing Board
2026_EICCL_126384_1,CCERANDBPLB 21OF2025 26,Construction of HL Bridge over Local Nallah at Ch 15/680 km on Balliguda to Budaguda via Rutungia road in the District of Kandhamal for the year 2025_26,Construction of HL Bridge over Local Nallah at Ch 15/680 km on Balliguda to Budaguda via Rutungia road in the District of Kandhamal for the year 2025_26,Works,Open Tender,Percentage,Civil Works - Bridges,No,No,NA ,21-Feb-2026 10:00 AM,NA ,90.0,No ,No,Online,09-Mar-2026 11:00 AM,EIC-CIVIL||SERNB-CIRCLE-PHULBANI,Balliguda,762103.0,2.0,"5,21,99,031",SANDEEP ALOK BHOI,"43,539,212",Rejected-Finance,09-Jul-2026,EIC-CIVIL||SERNB-CIRCLE-PHULBANI
2026_SERIF_130479_1,VI-10(10)/SERIFED/2026-27/745,Setting up of Production and Sale Centre at Sohella Bargarh,Setting up of Production and Sale Centre at Sohella Bargarh,Works,Open Tender,Item Rate,Civil Works - Others,No,No,NA ,02-Jun-2026 12:00 PM,NA ,90.0,No ,No,Online,11-Jun-2026 11:30 AM,Odisha Cooperative Tasar and Silk Federation LTD,Sohela Bargarh,768033.0,2.0,,M/S SIDHESWAR ENTERPRISES PROP.MANOJ KUMAR MOHAPATRA,"9,072,003",Rejected-AOC,17-Jul-2026,Odisha Cooperative Tasar and Silk Federation LTD
2026_ORULB_125679_9,BMC-EE-Tender Cell-69/2025-26 Dt. 06.02.2026,Repair of Road from Babi Das House up to Purnachandra Bhoi House in Ward No. 03,Repair of Road from Babi Das House up to Purnachandra Bhoi House in Ward No. 03,Works,Open Tender,Percentage,Civil Works - Roads,No,No,NA ,09-Feb-2026 10:30 AM,13-Feb-2026 04:00 PM ,120.0,No ,No,Online,20-Feb-2026 11:00 AM,Municipal Bodies||Bhubaneswar Municipal Corporation,BMC AREA,751022.0,1.0,"7,46,168",DEEPAK DAS,"880,478",Accepted-AOC,03-Jul-2026,Municipal Bodies||Bhubaneswar Municipal Corporation
2026_CEMIB_124862_6,Bid ID No. 09 SEMID (KJR/ 2025-2026) Dt. 08.01.2026,Construction of Luhakala Check Dam over Rakumo Nallah near village Luhakala in Banspal Block of Keonjhar District under MATY for the year 2025-2026,Construction of Luhakala Check Dam over Rakumo Nallah near village Luhakala in Banspal Block of Keonjhar District under MATY for the year 2025-2026,Works,National Competitive Bid,Percentage,Civil Works - Others,No,No,NA ,20-Jan-2026 03:00 PM,NA ,90.0,No ,No,Online,30-Jan-2026 11:00 AM,"CE,Minor Irrigation,BBSR||SE,Eastern Minor Irr.Circle,Keonjhar||EE M.I. Division Keonjhar",Banspal Block of Keonjhar District,758001.0,2.0,"79,74,000",ATISH KUMAR SAHOO,"5,953,859.32",Accepted-AOC,28-Jul-2026,"CE,Minor Irrigation,BBSR||SE,Eastern Minor Irr.Circle,Keonjhar||EE M.I. Division Keonjhar"
2025_CERWI_122103_1,Tender Online RCK-18/25,Impvt. to PWD Road Katiachhaka-Nayakasahi Road in the Dist. of Jajpur under MMSY-Impvt. to Existing RD Roads for the year 2024-25.,Construction of road works,Works,National Competitive Bid,Percentage,Civil Works - Roads,No,No,NA ,01-Dec-2025 09:00 AM,NA ,90.0,No ,No,Online,12-Dec-2025 11:00 AM,CE RW I||RWCIRCLE-KENDRAPARA,Jajpur,755001.0,2.0,"9,36,29,328",SRI KRISHNA CONSTRUCTION,"79,594,292",Rejected-Technical,17-Jul-2026,CE RW I||RWCIRCLE-KENDRAPARA
2025_CERWI_124039_18,Online-12 Dt.13.11.2025,Construction of Sub-Centre Building at Ketakipatana under Satyabadi Block in the District of Puri for the year 2023-24.,Construction of Sub-Centre Building at Ketakipatana under Satyabadi Block in the District of Puri for the year 2023-24.,Works,National Competitive Bid,Percentage,Civil Works - Buildings,No,No,NA ,01-Jan-2026 11:00 AM,NA ,90.0,No ,No,Online,08-Jan-2026 12:00 PM,CE RW I||RWCIRCLE-BHUBANESWAR||RWDIVISION-PURI,Puri,752001.0,2.0,"56,68,000",Subrata Kumar Pradhan,"5,667,787",Rejected-Finance,07-Jul-2026,CE RW I||RWCIRCLE-BHUBANESWAR||RWDIVISION-PURI
2026_EICCL_127504_38,RC(RANDB)RGD24/2025-26,"External painting to the Govt. ITI Rayagada Building, Administration, Workshop, Compound wall and gate such as weather coat, Plastic emulsion paint, putty, Enamel paint and other ancillary items of work in the Dist. of Rayagada.","External painting to the Govt. ITI Rayagada Building, Administration, Workshop, Compound wall and gate such as weather coat, Plastic emulsion paint, putty, Enamel paint and other ancillary items of work in the Dist. of Rayagada.",Works,Open Tender,Percentage,Civil Works - Buildings,No,No,NA ,01-Apr-2026 10:00 AM,NA ,90.0,No ,No,Online,15-Apr-2026 11:30 AM,EIC-CIVIL||SERNB-CIRCLE-RAYAGADA||EERNB DIVN RAYAGADA I,"RAYAGADA R AND B DIVISION I, RAYAGADA",765001.0,1.0,"41,22,431",DEBASHISH DAS,"3,029,986.56",Rejected-AOC,23-Jul-2026,EIC-CIVIL||SERNB-CIRCLE-RAYAGADA||EERNB DIVN RAYAGADA I
2025_ORULB_122821_6,BMC-EE-Tender Cell-53/2025-26 Dt. 08.12.2025,"Development of road and drain from Sarat Bhaina House to Narahari Senapati House, Baramunda in Ward No. 50","Development of road and drain from Sarat Bhaina House to Narahari Senapati House, Baramunda in Ward No. 50",Works,Open Tender,Percentage,Civil Works - Others,No,No,NA ,10-Dec-2025 11:00 AM,16-Dec-2025 04:30 PM ,120.0,No ,No,Online,23-Dec-2025 11:00 AM,Municipal Bodies||Bhubaneswar Municipal Corporation,BMC AREA,751022.0,1.0,"10,16,178",SANTOSH KUMAR BISWAL,"1,019,346",Rejected-Finance,08-Jul-2026,Municipal Bodies||Bhubaneswar Municipal Corporation
2026_EICCL_127454_1,SE PKD RandB DIVN 22/2025 26,"Supply, Installation, Testing and Commissioning of Fire Fighting system at Urban PHC ,Paralakhemundi as per order No. 2231 Dt. 28.01.2026 of DHSO Buildings.","Supply, Installation, Testing and Commissioning of Fire Fighting system at Urban PHC ,Paralakhemundi as per order No. 2231 Dt. 28.01.2026 of DHSO Buildings.",Works,Open Tender,Percentage,Electrical Works,No,No,NA ,24-Mar-2026 10:00 AM,NA ,90.0,No ,No,Online,08-Apr-2026 12:00 PM,EIC-CIVIL||SERNB-CIRCLE-RAYAGADA||EERNB DIVN PARALAKHEMUNDI,Gajapati,761200.0,1.0,"14,86,768",KIKSHORE MOHAN PANI,"1,486,768",Accepted-AOC,06-Jul-2026,EIC-CIVIL||SERNB-CIRCLE-RAYAGADA||EERNB DIVN PARALAKHEMUNDI
2026_CERWI_124885_1,CCERWCSBD - Online- 42 2025-26,Construction of SH-39 to Jharigam Chowk to Chargam Road in the District of Nabarangpur under MMSY-Transferred road Improvement programme (MMSY-TRIP) for the year 2025-26.,Construction of SH-39 to Jharigam Chowk to Chargam Road in the District of Nabarangpur under MMSY-Transferred road Improvement programme (MMSY-TRIP) for the year 2025-26.,Works,National Competitive Bid,Percentage,Civil Works - Roads,No,No,NA ,20-Jan-2026 06:00 PM,NA ,90.0,No ,No,Online,29-Jan-2026 11:00 AM,CE RW I||RWCIRCLE-SUNABEDA,UMERKOTE,764073.0,2.0,"5,83,57,000",PRABHAT KUMAR BISOYI,"58,356,663.965",Rejected-AOC,30-Jul-2026,CE RW I||RWCIRCLE-SUNABEDA
2026_ORULB_128734_11,SNP-MUN-37/2026-27,Construction of Drain Thibur dang House to Rama Kahanr House in W.No-1,Construction of Drain Thibur dang House to Rama Kahanr House in W.No-1,Works,Open Tender,Percentage,Civil Works - Others,No,No,NA ,05-May-2026 11:00 AM,NA ,60.0,No ,No,Online,16-May-2026 11:00 AM,Municipal Bodies||Sonepur Municipal Council,Sonepur Municipality,767017.0,1.0,"2,77,033",JYOTSNARANI PADHAN,"277,033.46",Rejected-Technical,20-Jul-2026,Municipal Bodies||Sonepur Municipal Council
2025_CERWI_124035_18,Tender Online RCK-21/25,"Construction of Road from Amiyapala to Batira vi Tikhiri, Dhaniapada under MMSY-CMRL in the Dist. of Kendrapara for the year 2025-26.",Construction of road work,Works,National Competitive Bid,Percentage,Civil Works - Roads,No,No,NA ,03-Jan-2026 06:15 PM,NA ,90.0,No ,No,Online,31-Jan-2026 11:00 AM,CE RW I||RWCIRCLE-KENDRAPARA,Kendrapara,754211.0,2.0,"3,69,93,921",ANANTA PRASAD MALIK,"36,993,921",Rejected-Finance,07-Jul-2026,CE RW I||RWCIRCLE-KENDRAPARA
2026_CEBMB_128949_10,SE-HID-ADV-02/2026-27,Desilting to right distributary from RD 00 to 11580 m of Harbhangi Irrigation Project.,DESILTING OF CANAL,Works,National Competitive Bid,Percentage,Civil Works - Others,No,No,NA ,11-May-2026 11:00 AM,NA ,90.0,No ,No,Online,25-May-2026 11:00 AM,"CE-BM,RVN Basin,Berhampur||SE Southern Irr Circle II Paralakhemundi||EE Harabhangi Irr Divn Adava",ADAVA,761217.0,1.0,"6,19,444",BAINATH NAIK,"495,617",Accepted-AOC,01-Jul-2026,"CE-BM,RVN Basin,Berhampur||SE Southern Irr Circle II Paralakhemundi||EE Harabhangi Irr Divn Adava"
2026_STSCD_125431_1,ITDAKPD-04/2025-26,Const. of Addl. Class Room of Bahubandh Ashram School under Udala Block,Const. of Addl. Class Room of Bahubandh Ashram School under Udala Block,Works,National Competitive Bid,Percentage,Civil Works - Buildings,No,No,NA ,12-Feb-2026 10:00 AM,NA ,90.0,No ,No,Online,23-Feb-2026 11:00 AM,ST and SC Development Deptt||ITDA Kaptipada,Udala,757041.0,1.0,"23,65,086",Biswajit Pramanik,"1,672,116",Accepted-AOC,11-Jul-2026,ST and SC Development Deptt||ITDA Kaptipada
2026_CERWI_125076_34,RWDKNJ-15/25-26,Periodical Maintenance such as SDBC for Champabalda to Dhulia Road for the year 2025-26,Periodical Maintenance such as SDBC for Champabalda to Dhulia Road for the year 2025-26,Works,Open Tender,Percentage,Civil Works - Roads,No,No,NA ,28-Jan-2026 12:00 PM,NA ,90.0,No ,No,Online,03-Feb-2026 11:00 AM,CE RW I||RWCIRCLE-BARIPADA||RW Division Karanjia,karanjia,757037.0,1.0,"37,81,855",SAROJ KUMAR SETHI,"3,781,477",Rejected-AOC,08-Jul-2026,CE RW I||RWCIRCLE-BARIPADA||RW Division Karanjia
2026_OPEPA_129643_4,DPC/SS/SNG/13OF2026-27,"KARANJIA MISSION PRIMARY SCHOOL, LALEIKHAMAN MISSION PRY. SCHOOL UNDER NUAGAON BLOCK (2)","KARANJIA MISSION PRIMARY SCHOOL, LALEIKHAMAN MISSION PRY. SCHOOL UNDER NUAGAON BLOCK (2)",Works,Open Tender,Percentage,Civil Works - Buildings,No,No,NA ,25-May-2026 09:00 AM,NA ,90.0,No ,No,Online,16-Jun-2026 05:30 PM,OPEPA Bhubaneswar||Samagra Shiksha Sundargarh,SUNDARGARH,770001.0,2.0,"5,35,27,901",BIJAYA KUMARA JAISWAL,"53,527,901.38",Rejected-Technical,06-Jul-2026,OPEPA Bhubaneswar||Samagra Shiksha Sundargarh
2026_ORULB_125939_3,MC(CMC)CTC_Div-I_No.23/2025-26,Construction of C.C. drain and culvert from Subala Shop to Chandu res in Ward No. 13.,Construction of C.C. drain and culvert from Subala Shop to Chandu res in Ward No. 13.,Works,Open Tender,Percentage,Civil Works - Others,No,No,NA ,16-Feb-2026 03:00 PM,NA ,90.0,No ,No,Online,27-Feb-2026 11:00 AM,Municipal Bodies||Cuttack Municipal Corporation,CMC,753012.0,1.0,"10,07,000",chandra sekhar behera,"956,570",Rejected-AOC,14-Jul-2026,Municipal Bodies||Cuttack Municipal Corporation
2026_EICCL_128581_1,2.0,Repair to District Tahasildar Office at Bhadrak Such as Colouring New Flus door and Plastering of Building for the year 2025-2026 in the district of Bhadrak,Repair to District Tahasildar Office at Bhadrak Such as Colouring New Flus door and Plastering of Building for the year 2025-2026 in the district of Bhadrak,Works,Open Tender,Percentage,Civil Works - Buildings,No,No,NA ,29-Apr-2026 11:00 AM,NA ,90.0,No ,No,Online,08-May-2026 11:30 AM,EIC-CIVIL||SERNB-CIRCLE-EASTERN||EERNB-DIVN-BHADRAK,Bhadrak,756100.0,1.0,"13,75,807",SANTOSH KUMAR ROUT,"1,169,574",Rejected-Finance,14-Jul-2026,EIC-CIVIL||SERNB-CIRCLE-EASTERN||EERNB-DIVN-BHADRAK
2026_CEDC_128419_1,ACEDCBLS/DDBDK-02-02/2026-27,"Improvement to DC from Motel Chhak to Dholi Nallah and its Link Drains, Construction of 6 nos Farm Land Bridges and protection walls near Chandigaon Check Dam over Dholi Nallah in Salandi-Mantei DOAB No-XII",IMPROVEMENT WORKS TO DRAINAGE CHANNEL,Works,National Competitive Bid,Percentage,Civil Works - Others,No,No,NA ,24-Apr-2026 10:00 AM,NA ,90.0,No ,No,Online,11-May-2026 11:30 AM,"CE,Drainage,Cuttack||SE,Drainage,Balasore",Bhadrak,756100.0,2.0,"2,04,65,025",ASHOK KUMAR ROUT,"17,395,271.16",Rejected-Finance,09-Jul-2026,"CE,Drainage,Cuttack||SE,Drainage,Balasore"
2026_ORULB_126953_6,EOBRP/07/2025-26,Covering of drain from Lilabati complex to hetu meher in ward no 1,Covering of drain from Lilabati complex to hetu meher in ward no 1,Works,Open Tender,Percentage,Civil Works - Others,No,No,NA ,07-Mar-2026 11:00 AM,NA ,90.0,No ,No,Online,16-Mar-2026 03:00 PM,Municipal Bodies||Barpali NAC,Barpali,768029.0,1.0,"14,79,220",JITEN SUNA,"1,175,907.47",Rejected-AOC,17-Jul-2026,Municipal Bodies||Barpali NAC
2026_ORULB_128169_11,SNP-MUN-36/2025-26,Restoration of Omkareswar Temple ward no-06,Restoration of Omkareswar Temple ward no-06,Works,Open Tender,Percentage,Civil Works - Others,No,No,NA ,17-Apr-2026 11:00 AM,NA ,60.0,No ,No,Online,28-Apr-2026 11:00 AM,Municipal Bodies||Sonepur Municipal Council,Sonepur Municipality,767017.0,1.0,"4,24,233",GOPAL CHANDRA MEHER,"424,233",Rejected-Technical,27-Jul-2026,Municipal Bodies||Sonepur Municipal Council
2026_PZPRM_128688_1,"BDO, Ramanaguda-online-01/2026-27",Construction of GPLFs Office Building with Market Complex at Gumuda,Construction of GPLFs Office Building with Market Complex at Gumuda,Works,Open Tender,Percentage,Civil Works - Buildings,No,No,NA ,02-May-2026 10:00 AM,NA ,90.0,No ,No,Online,25-May-2026 11:30 AM,Panchayati Raj and Drinking Water Department Odisha||Zilla Parisad Rayagada||RAMANAGUDA Block,Gumuda,765022.0,1.0,"21,61,511",Dileep Kumar Choudhury,"2,161,510",Rejected-Finance,01-Jul-2026,Panchayati Raj and Drinking Water Department Odisha||Zilla Parisad Rayagada||RAMANAGUDA Block
2026_CERWI_126540_1,TENDER ONLINE RCK-03/26,Construction of R and B Road to Bangali Sahi Polar Gangadharpur GP in the Dist. of Jajpur for the year 2025-26.,Construction of road works,Works,National Competitive Bid,Percentage,Civil Works - Roads,No,No,NA ,24-Feb-2026 04:00 PM,NA ,90.0,No ,No,Online,06-Mar-2026 11:00 AM,CE RW I||RWCIRCLE-KENDRAPARA,Jajpur,755001.0,2.0,"3,05,68,757",SAI KRISHNA CONSTRUCTION,"31,849,588",Rejected-Finance,14-Jul-2026,CE RW I||RWCIRCLE-KENDRAPARA
2026_CERWI_125636_1,DMGH / Online-14 of 2025-26,Construction of 1 Nos F type Qtr. Building at Mahaling PHC N for the year 2025-26,Construction of 1 Nos F type Qtr. Building at Mahaling PHC N for the year 2025-26,Works,National Competitive Bid,Percentage,Civil Works - Buildings,No,No,NA ,06-Feb-2026 10:00 AM,NA ,90.0,No ,No,Online,19-Feb-2026 11:00 AM,CE RW I||RWCIRCLE-BHAWANIPATNA||RWDIVISION-DHARMAGARH,Kalahandi,766015.0,1.0,"25,41,682",PRAMOD KUMAR SAHU,"2,539,140",Rejected-Technical,03-Jun-2026,CE RW I||RWCIRCLE-BHAWANIPATNA||RWDIVISION-DHARMAGARH
2026_CERWI_127171_4,Tender Online 22 JJPT of 2025-26,S/R to Singhpur High School to Tina Road in the District of Jajpur for the Year 2025-26,S/R to Singhpur High School to Tina Road in the District of Jajpur for the Year 2025-26,Works,Open Tender,Percentage,Civil Works - Roads,No,No,NA ,11-Mar-2026 04:00 PM,NA ,30.0,No ,No,Online,19-Mar-2026 11:30 AM,CE RW I||RWCIRCLE-KENDRAPARA||RWDIVISION I JAJPUR,JAJPUR,755007.0,1.0,"3,00,016",CHIITA RANJAN NAYAK,"180,039.8",Rejected-AOC,17-Jul-2026,CE RW I||RWCIRCLE-KENDRAPARA||RWDIVISION I JAJPUR
2026_EICCL_127158_1,SE R and B Divn NoI Bam 67 /2025-26,Supply and fixing of air condition at Sub collector office building and other deptt. offc at BAM,Supply and fixing of air condition at Sub collector office building and other deptt. offc at BAM,Works,Open Tender,Percentage,Electrical Works,No,No,NA ,11-Mar-2026 03:00 PM,NA ,90.0,No ,No,Online,18-Mar-2026 11:30 AM,EIC-CIVIL||SERNB-CIRCLE-BERHAMPUR||EERNB-DIVN-GANJAM I,Ganjam,760005.0,1.0,"8,20,850",CHINMAYA KUMAR PRAHARAJ,"570,491",Accepted-AOC,15-Jul-2026,EIC-CIVIL||SERNB-CIRCLE-BERHAMPUR||EERNB-DIVN-GANJAM I
2026_WATCO_125979_1,WATCO (W)-28/2025-26 Dt.12.02.2026,Request for Proposal (RFP) for Selection of Chartered Accountant Firms for Engagement of Divisional Accounts Officer in WATCO,Consultancy Services,Works,National Competitive Bid,Lump-sum,Civil Works - Water Works,No,No,NA ,18-Feb-2026 11:00 AM,27-Feb-2026 03:30 PM ,120.0,No ,No,Online,30-Mar-2026 11:30 AM,WATCO Bhubaneswar,Bhubaneswar,751007.0,2.0,,RAGHU NATH RAI AND CO,"6,609,600",Rejected-AOC,02-Jul-2026,WATCO Bhubaneswar
2025_CERWI_121709_8,CCE-BLS-NCB-39 of 2025-26,Construction of road from Bisol-Jhutana Road in the District of Bhadrak under MMSY-Improvement to Existing RD Roads for the year 2025-26,Construction of road from Bisol-Jhutana Road in the District of Bhadrak under MMSY-Improvement to Existing RD Roads for the year 2025-26,Works,National Competitive Bid,Percentage,Civil Works - Roads,No,No,NA ,21-Nov-2025 02:00 PM,NA ,90.0,No ,No,Online,02-Dec-2025 11:00 AM,CE RW I||RWCIRCLE-BALASORE,Bhadrak,756100.0,2.0,"5,57,95,000",Jaladhar Sahoo,"47,430,869",Rejected-AOC,07-Jul-2026,CE RW I||RWCIRCLE-BALASORE
2026_ORULB_127372_26,ODULB_KGM_22/2025-2026,Special repair of Crematorium at Hundadwara Sahi in Ward No-02,Special repair of Crematorium at Hundadwara Sahi in Ward No-02,Works,Open Tender,Percentage,Civil Works - Others,No,No,NA ,19-Mar-2026 03:00 PM,NA ,120.0,No ,No,Online,31-Mar-2026 11:00 AM,Municipal Bodies||Keonjhargarh Municipal Council,KEONJHAR,758001.0,1.0,"34,14,195",BIJAYA KUMAR BEHERA,"2,430,895.75",Accepted-AOC,22-Jul-2026,Municipal Bodies||Keonjhargarh Municipal Council
2025_ORULB_121303_8,MC(CMC)CTC_Div-IIINo.27/25-25,Re-construction of RCC Drain with Cover slab and CC Road from Abandhuta Sahoo house to Bibhudatta Senapati house and by lane at Matha Sahi in Ward No.42,Re-construction of RCC Drain with Cover slab and CC Road from Abandhuta Sahoo house to Bibhudatta Senapati house and by lane at Matha Sahi in Ward No.42,Works,Open Tender,Percentage,Civil Works - Others,No,No,NA ,18-Dec-2025 11:00 AM,NA ,120.0,No ,No,Online,31-Dec-2025 10:00 AM,Municipal Bodies||Cuttack Municipal Corporation,CMC,753012.0,1.0,"12,60,493",BICHITRA NANDA BEHERA,"1,071,534",Accepted-AOC,08-Jul-2026,Municipal Bodies||Cuttack Municipal Corporation
2026_CEBMB_128949_8,SE-HID-ADV-02/2026-27,Desilting to right distributary from RD 11580 m to 21470 m of Harbhangi Irrigation Project.,DESILTING OF CANAL,Works,National Competitive Bid,Percentage,Civil Works - Others,No,No,NA ,11-May-2026 11:00 AM,NA ,90.0,No ,No,Online,25-May-2026 11:00 AM,"CE-BM,RVN Basin,Berhampur||SE Southern Irr Circle II Paralakhemundi||EE Harabhangi Irr Divn Adava",ADAVA,761217.0,1.0,"8,84,744",BAINATH NAIK,"707,884",Accepted-AOC,01-Jul-2026,"CE-BM,RVN Basin,Berhampur||SE Southern Irr Circle II Paralakhemundi||EE Harabhangi Irr Divn Adava"
2026_CERWI_128754_1,01/2026-27,Construction of 1 NO of D TYPE QUARTER BUILDINGS AT MANYAMKONDA PHC(N),Construction of 1 NO of D TYPE QUARTER BUILDINGS AT MANYAMKONDA PHC(N),Works,Open Tender,Percentage,Civil Works - Buildings,No,No,NA ,05-May-2026 11:00 AM,NA ,90.0,No ,No,Online,14-May-2026 11:00 AM,CE RW I||RWCIRCLE-SUNABEDA||RWDIVISION-MALKANGIRI - II,Malkangiri,764048.0,1.0,"33,61,702",ANJAN KESHARI ROUT,"3,361,702",Accepted-AOC,20-Jul-2026,CE RW I||RWCIRCLE-SUNABEDA||RWDIVISION-MALKANGIRI - II
2026_ORULB_127140_10,BM_14_2025_26,CONSTRUCTION OF DRAIN WITH COVER SLAB AND CULVERT AT GUDIPADA IN WARD NO 21,CONSTRUCTION OF DRAIN WITH COVER SLAB AND CULVERT AT GUDIPADA IN WARD NO 21,Works,Open Tender,Percentage,Civil Works - Others,No,No,NA ,11-Mar-2026 11:00 AM,NA ,90.0,No ,No,Online,23-Mar-2026 11:00 AM,Municipal Bodies||Balasore Municipality,Balasore Municipality,756003.0,1.0,"42,37,288",DINESH KUMAR BEHERA,"3,389,830.11",Accepted-AOC,17-Jul-2026,Municipal Bodies||Balasore Municipality
2026_CEMIB_128417_3,"SE,MID,SBP/02/2026-27",Improvement to Headworks of Chinimahul MIP (Diversion Weir) in Jamankira Block of Sambalpur District under Improvement to Diversion Weir scheme for 2026-27.,Improvement to Headworks of Chinimahul MIP (Diversion Weir) in Jamankira Block of Sambalpur District under Improvement to Diversion Weir scheme for 2026-27.,Works,Open Tender,Percentage,Civil Works - Others,No,No,NA ,24-Apr-2026 11:00 AM,NA ,90.0,No ,No,Online,05-May-2026 10:00 AM,"CE,Minor Irrigation,BBSR||SENMIC-SAMBALPUR||SAMBALPUR",Sambalpur,768001.0,1.0,"25,47,097",ARIN PRADHAN,"2,547,096.9",Rejected-AOC,01-Jun-2026,"CE,Minor Irrigation,BBSR||SENMIC-SAMBALPUR||SAMBALPUR"
2026_ORULB_128186_1,BMC-EE-Tender Cell-04/2026-27 dt. 15.04.2026,"Construction of Shed for Non-Veg Vending Zone at Tarini Market, Bharatpur in Ward No. 22","Construction of Shed for Non-Veg Vending Zone at Tarini Market, Bharatpur in Ward No. 22",Works,Open Tender,Percentage,Civil Works - Others,No,No,NA ,17-Apr-2026 02:00 PM,27-Apr-2026 04:30 PM ,120.0,No ,No,Online,04-May-2026 11:00 AM,Municipal Bodies||Bhubaneswar Municipal Corporation,BMC AREA,751022.0,2.0,"91,89,018",MANIMALA MALLICK,"10,843,041",Rejected-Technical,28-Jul-2026,Municipal Bodies||Bhubaneswar Municipal Corporation
2026_CEMIB_128063_2,MIDGJP-02/2026-27,Improvement to Gupta Mahendra Nalla Check Dam near village Andharijhola in Gosani Block of Gajapati District under Imp. to Check Dam for the year-2026-27.,Improvement to Gupta Mahendra Nalla Check Dam near village Andharijhola in Gosani Block of Gajapati District under Imp. to Check Dam for the year-2026-27.,Works,Open Tender,Percentage,Civil Works - Others,No,No,NA ,10-Apr-2026 06:55 PM,NA ,90.0,No ,No,Online,21-Apr-2026 11:00 AM,"CE,Minor Irrigation,BBSR||SESMIC-BERHAMPUR||GAJAPATI",Gajapati,761200.0,1.0,"8,30,000",PODANI VIJAYA KUMAR,"829,757.39",Rejected-AOC,10-Jul-2026,"CE,Minor Irrigation,BBSR||SESMIC-BERHAMPUR||GAJAPATI"
2026_CEMIB_128417_7,"SE,MID,SBP/02/2026-27",Construction of Tudukanalla-I Check Dam over local nalla in Bamra Block of Sambalpur District under MATY 2026-27.,Construction of Tudukanalla-I Check Dam over local nalla in Bamra Block of Sambalpur District under MATY 2026-27.,Works,Open Tender,Percentage,Civil Works - Others,No,No,NA ,24-Apr-2026 11:00 AM,NA ,90.0,No ,No,Online,05-May-2026 10:00 AM,"CE,Minor Irrigation,BBSR||SENMIC-SAMBALPUR||SAMBALPUR",Sambalpur,768001.0,1.0,"48,11,565",YASH MOHAPATRA,"4,811,564.95",Rejected-AOC,04-Jun-2026,"CE,Minor Irrigation,BBSR||SENMIC-SAMBALPUR||SAMBALPUR"
2026_OSCSC_131748_1,2429 Dt 09.06.2026,"Selection and appointment of Transport Contractor for Transportation of LPG Cylinder from Maitree Gas Godown ,Khordha to consumer for the Year 2026-27 and 2027-28.","Selection and appointment of Transport Contractor for Transportation of LPG Cylinder from Maitree Gas Godown ,Khordha to consumers House with Khordha Mplty and nearby localities for the Year 2026-27 and 2027-28.",Services,Open Tender,Percentage,Handling and Transportation,No,No,NA ,10-Jun-2026 03:00 PM,NA ,180.0,No ,No,Online,19-Jun-2026 01:00 PM,Odisha State Civil Supplies Corp. Ltd.||CSO cum DM Khurda,Khordha,752056.0,2.0,"53,53,079",KUSHAL SHARMA,"5,353,079",Accepted-AOC,20-Jul-2026,Odisha State Civil Supplies Corp. Ltd.||CSO cum DM Khurda
2026_EICCL_129169_1,TCN 01/2026-27,Upgradation and Renovation works of Gunupur Urban Public Health Centre Building under AMA Hospital initiatives under Rayagada District for the year 2025-26,Upgradation and Renovation works of Gunupur Urban Public Health Centre Building under AMA Hospital initiatives under Rayagada District for the year 2025-26,Works,Open Tender,Percentage,Civil Works - Buildings,No,No,NA ,12-May-2026 11:00 AM,NA ,90.0,No ,No,Online,26-May-2026 11:00 AM,EIC-CIVIL||SERNB-CIRCLE-RAYAGADA||EERNB-DIVN-RAYAGADA NEW,Rayagada,765017.0,2.0,"71,19,403",RAGHUNATH KONDAGORI,"7,119,403",Rejected-AOC,21-Jul-2026,EIC-CIVIL||SERNB-CIRCLE-RAYAGADA||EERNB-DIVN-RAYAGADA NEW
2026_CERWI_126421_1,01/2025-26 (buildings),Construction of block level stadium with Indoor hall building in Kusumi Block Mayurbhanj,Construction of block level stadium with Indoor hall building in Kusumi Block Mayurbhanj,Works,National Competitive Bid,Percentage,Civil Works - Buildings,No,No,NA ,23-Feb-2026 10:00 AM,NA ,90.0,No ,No,Online,12-Mar-2026 11:00 AM,CE RW I,Mayurbhanj,751001.0,2.0,"17,23,58,752",NIRAKAR SAMAL,"141,196,290",Accepted-AOC,08-Jul-2026,CE RW I
2026_PZPRM_128688_5,"BDO, Ramanaguda-online-01/2026-27",Renovation of Amrit Sarvar Tank at Gulunthi,Renovation of Amrit Sarvar Tank at Gulunthi,Works,Open Tender,Percentage,Civil Works - Buildings,No,No,NA ,02-May-2026 10:00 AM,NA ,90.0,No ,No,Online,25-May-2026 11:30 AM,Panchayati Raj and Drinking Water Department Odisha||Zilla Parisad Rayagada||RAMANAGUDA Block,Gulunthi,765029.0,1.0,"15,55,529",DURJADHANA MAJHI,"1,555,528",Rejected-Finance,01-Jul-2026,Panchayati Raj and Drinking Water Department Odisha||Zilla Parisad Rayagada||RAMANAGUDA Block
2025_RWSS_111808_3,BID NO 22 OF 2024 - 25,"Supply all materials labour T and P erection testing and commissioning of external power supply of RPWS to village Mirdhapali_Tulandi, Gandhrel, Bijilimunda under Balangir Block in Balangir District","Supply all materials labour T and P erection testing and commissioning of external power supply of RPWS to village Mirdhapali_Tulandi, Gandhrel, Bijilimunda under Balangir Block in Balangir District",Works,National Competitive Bid,Percentage,Electrical Works,No,No,NA ,21-Mar-2025 11:00 AM,NA ,90.0,No ,No,Online,29-Mar-2025 11:00 AM,Rural Water Supply and Sanitation||RWSS Circle Bolangir||RWSS Division Bolangir,mirdhapali tulandi under balangir block,767001.0,1.0,"26,50,886",M/S K.P. ELECTRICAL AND ENGINEERS,"2,253,518",Rejected-Finance,18-Jul-2026,Rural Water Supply and Sanitation||RWSS Circle Bolangir||RWSS Division Bolangir
2026_ORULB_126636_33,BMC-EE-Tender Cell-73/2025-26 Dt. 25.02.2026,Renovation with peripheral development of Sukhmeswar Pond in Ward No. 59,Renovation with peripheral development of Sukhmeswar Pond in Ward No. 59,Works,Open Tender,Percentage,Civil Works - Others,No,No,NA ,28-Feb-2026 10:30 AM,05-Mar-2026 04:00 PM ,120.0,No ,No,Online,12-Mar-2026 11:00 AM,Municipal Bodies||Bhubaneswar Municipal Corporation,BMC AREA,751022.0,1.0,"42,37,154",BIBEKANANDA MISHRA,"3,996,373",Rejected-Finance,10-Jul-2026,Municipal Bodies||Bhubaneswar Municipal Corporation
2026_EICCL_127550_4,SE R and B Divn NoI Bam 70/2025-26,"SITC of Fire fighting, Addressable Fire Detection and Manual Fire alarm system, Emergency Evacuation System, Fire Extinguisher and Signage System at Academic and ophtha (G Plush 1) Building, MKCG Berhampur.","SITC of Fire fighting, Addressable Fire Detection and Manual Fire alarm system, Emergency Evacuation System, Fire Extinguisher and Signage System at Academic and ophtha (G Plush 1) Building, MKCG Berhampur.",Works,Open Tender,Percentage,Electrical Works,No,No,NA ,24-Mar-2026 04:00 PM,NA ,90.0,No ,No,Online,31-Mar-2026 11:30 AM,EIC-CIVIL||SERNB-CIRCLE-BERHAMPUR||EERNB-DIVN-GANJAM I,Berhampur,760005.0,1.0,"24,62,357",HAREKRUSHNA INDUSTRIES PROP. SURENDRA KUMAR JENA,"1,888,628",Accepted-AOC,22-Jul-2026,EIC-CIVIL||SERNB-CIRCLE-BERHAMPUR||EERNB-DIVN-GANJAM I
2026_CEMWR_127190_1,SE/MDA-08(8)/2025-26,HYDROMECHANICAL GATE WORK,"Supply, Fabrication and Erection of 3 HR Gates and Hoists of Totaguda Check Dam at Korukonda Block of Malkangiri District under Minor Irrigation Division, Malkangiri",Works,Open Tender,Percentage,Mechanical Works,No,No,NA ,12-Mar-2026 10:00 AM,NA ,90.0,No ,No,Online,23-Mar-2026 12:00 PM,Chief Engineer Mech - WR Bhubaneswar||SE Mechanical Circle Bhubaneswar||EE Mechanical Division Berhampur,"Korukonda Block, Malkanagiri",764045.0,1.0,"6,13,403","ACHYUTA NANDA SWAIN ,PROPRIETOR M/S. ADITYA ENTERPRISER.","613,403",Accepted-AOC,04-Jul-2026,Chief Engineer Mech - WR Bhubaneswar||SE Mechanical Circle Bhubaneswar||EE Mechanical Division Berhampur
2026_CERWI_126579_1,RCK 03/26,Construction of Balia Bandha to Kabata R and B road in the Dist. of Jajpur for the year 2025-26.,Construction of road works,Works,Open Tender,Percentage,Civil Works - Roads,No,No,NA ,24-Feb-2026 06:30 PM,NA ,90.0,No ,No,Online,06-Mar-2026 11:00 AM,CE RW I||RWCIRCLE-KENDRAPARA,Jajpur,755001.0,2.0,"2,83,48,228",CHITTA RANJAN MUDULI,"28,348,227",Accepted-AOC,14-Jul-2026,CE RW I||RWCIRCLE-KENDRAPARA
2026_ORULB_127071_6,KSNG-NAC-06/2025-26,SPECIAL REPAIR WITH SHED AT BORINGPADAR KALYAN MANDAP IN WARD O 08,SPECIAL REPAIR WITH SHED AT BORINGPADAR KALYAN MANDAP IN WARD O 08,Works,Open Tender,Percentage,Civil Works - Others,No,No,NA ,10-Mar-2026 10:00 AM,NA ,90.0,No ,No,Online,23-Mar-2026 11:00 AM,Municipal Bodies||Kesinga NAC,KESINGA NAC,766012.0,1.0,"12,73,109",DEBARAJ MAJHI,"1,228,550",Accepted-AOC,04-Jul-2026,Municipal Bodies||Kesinga NAC
2025_CERWI_120972_21,EEPTNG-online-12/2025-26,Periodical Maintenance to Sarmuhan Sunamudi for the year 2025-26,Periodical Maintenance to Sarmuhan Sunamudi for the year 2025-26,Works,Open Tender,Percentage,Civil Works - Roads,No,No,NA ,10-Nov-2025 11:00 AM,NA ,90.0,No ,No,Online,24-Nov-2025 11:00 AM,CE RW I||RWCIRCLE-BALANGIR||RW Division Patnagarh,Patnagarh,767025.0,1.0,"40,68,000",AKASH MEHER,"3,458,158.41",Rejected-Finance,01-Jul-2026,CE RW I||RWCIRCLE-BALANGIR||RW Division Patnagarh
2026_EICCL_127161_1,SE R and B Divn. No.I BAM 67 /2025-26,Supply and installation of 1.5 ton and 2 ton ac at different building ganjam 1 div,Supply and installation of 1.5 ton and 2 ton ac at different building ganjam 1 div,Works,Open Tender,Percentage,Electrical Works,No,No,NA ,11-Mar-2026 03:00 PM,NA ,90.0,No ,No,Online,18-Mar-2026 11:30 AM,EIC-CIVIL||SERNB-CIRCLE-BERHAMPUR||EERNB-DIVN-GANJAM I,Ganjam,760005.0,1.0,"14,74,440",CHINMAYA KUMAR PRAHARAJ,"1,068,969",Accepted-AOC,15-Jul-2026,EIC-CIVIL||SERNB-CIRCLE-BERHAMPUR||EERNB-DIVN-GANJAM I
2026_STSCD_125431_5,ITDAKPD-04/2025-26,Const. of 2 Nos. Addl. Class Room at Badsimulia GHS under Kaptipada Block,Const. of 2 Nos. Addl. Class Room at Badsimulia GHS under Kaptipada Block,Works,National Competitive Bid,Percentage,Civil Works - Buildings,No,No,NA ,12-Feb-2026 10:00 AM,NA ,90.0,No ,No,Online,23-Feb-2026 11:00 AM,ST and SC Development Deptt||ITDA Kaptipada,Kaptipada,757041.0,1.0,"32,11,089",Biswajit Pramanik,"2,248,083",Rejected-AOC,11-Jul-2026,ST and SC Development Deptt||ITDA Kaptipada
2026_ORULB_129735_7,BBLM-2/2026-27,"Construction of pedestrian path from Kiriburu chhak to Indoor stadium in Ward No.15, Barbil Municipality","Construction of pedestrian path from Kiriburu chhak to Indoor stadium in Ward No.15, Barbil Municipality",Works,Open Tender,Percentage,Civil Works - Others,No,No,NA ,26-May-2026 10:00 AM,NA ,90.0,No ,No,Online,11-Jun-2026 11:00 AM,Municipal Bodies||Barbil Municipality,Barbil,758035.0,2.0,"10,00,000",BALARAM SAHOO,"837,965",Accepted-AOC,08-Jul-2026,Municipal Bodies||Barbil Municipality
2025_CERWI_121468_40,Tender Online RCK-17/25,Improvement to road NH-200 at (Sanasailo Chhaka) to Mirigchara via Olia Bhalukanthia Road under MMSY Impvt. to-Existing RD Road in the Dist. of Jajpur for the year 2025-26.,Construction of road works,Works,National Competitive Bid,Percentage,Civil Works - Roads,No,No,NA ,25-Nov-2025 05:30 PM,NA ,90.0,No ,No,Online,06-Dec-2025 11:00 AM,CE RW I||RWCIRCLE-KENDRAPARA,Jajpur,755001.0,2.0,"9,25,91,625",Amar Pratap Singh,"78,712,140",Rejected-Technical,21-Jul-2026,CE RW I||RWCIRCLE-KENDRAPARA
2025_CERWI_122436_1,Bridge Online-AGL-24/2025-26,Construction of Bridge over Sapua Nallah at 0.800 Km on Ghodadian to Kathakhumpa Road in the District of Dhenkanal under SBY for the year 2024-25,Construction of Bridge over Sapua Nallah at 0.800 Km on Ghodadian to Kathakhumpa Road in the District of Dhenkanal under SBY for the year 2024-25,Works,National Competitive Bid,Percentage,Civil Works - Bridges,No,No,NA ,02-Dec-2025 01:00 PM,NA ,90.0,No ,No,Online,16-Dec-2025 10:00 AM,CE RW I||RWCIRCLE-ANGUL,Dhenkanal,759013.0,2.0,"5,45,75,000",Bhagaban Nath,"46,393,839",Rejected-AOC,03-Jul-2026,CE RW I||RWCIRCLE-ANGUL
2026_CEBMB_128949_28,SE-HID-ADV-02/2026-27,Improvement to Khilingrai Minor in between RD 70m to 260m of B.I.P (C.C wall lining),MAINTENANCE WORK,Works,National Competitive Bid,Percentage,Civil Works - Others,No,No,NA ,11-May-2026 11:00 AM,NA ,90.0,No ,No,Online,25-May-2026 11:00 AM,"CE-BM,RVN Basin,Berhampur||SE Southern Irr Circle II Paralakhemundi||EE Harabhangi Irr Divn Adava",ADAVA,761217.0,1.0,"15,81,855",Abani Ranjan Panigrahi,"1,581,855",Accepted-AOC,20-Jul-2026,"CE-BM,RVN Basin,Berhampur||SE Southern Irr Circle II Paralakhemundi||EE Harabhangi Irr Divn Adava"
2025_EICCL_117481_5,CE-ROADS-I-11/2025-26,"Improvement of Junadihi to Laida via Kinaloi, Marapatra, Rengoli road from 0/000 km to 12/372 km in the district of Sambalpur under State Plan","Improvement of Junadihi to Laida via Kinaloi, Marapatra, Rengoli road from 0/000 km to 12/372 km in the district of Sambalpur under State Plan",Works,Open Tender,Percentage,Civil Works - Roads,No,No,NA ,01-Sep-2025 02:00 PM,NA ,90.0,No ,No,Online,16-Sep-2025 11:30 AM,EIC-CIVIL,Sambalpur-II Division,751001.0,2.0,"21,34,56,259",MITTAL INFRAPROJECTS,"181,459,166",Rejected-AOC,20-Jul-2026,EIC-CIVIL
2026_ORULB_128734_15,SNP-MUN-37/2026-27,Construction of Drain from AWC center to pimple Tree in ward no-12,Construction of Drain from AWC center to pimple Tree in ward no-12,Works,Open Tender,Percentage,Civil Works - Others,No,No,NA ,05-May-2026 11:00 AM,NA ,60.0,No ,No,Online,16-May-2026 11:00 AM,Municipal Bodies||Sonepur Municipal Council,Sonepur Municipality,767017.0,1.0,"4,30,027",BIKRAM KUMAR AGRAWAL,"430,026",Accepted-AOC,24-Jul-2026,Municipal Bodies||Sonepur Municipal Council
2026_EICCL_127500_8,eTCN11 of 2025-2026,"Provision of fire down cumer system Booster pump, fire detection and alarm system, fire extinguisher and Signages at CHC Madhyakhanda in the district of Nayagarh.","Provision of fire down cumer system Booster pump, fire detection and alarm system, fire extinguisher and Signages at CHC Madhyakhanda in the district of Nayagarh.",Works,Open Tender,Percentage,Electrical Works,No,No,NA ,23-Mar-2026 10:30 AM,NA ,90.0,No ,No,Online,04-Apr-2026 11:00 AM,EIC-CIVIL||SERNB-CIRCLE-KHURDA||EE Nayagarh Rnb Division,Nayagarh,752069.0,1.0,"16,54,457",M/S JAGANNATH FIRE SERVICES,"1,096,905",Rejected-Finance,02-Jul-2026,EIC-CIVIL||SERNB-CIRCLE-KHURDA||EE Nayagarh Rnb Division
2026_EICCL_131533_1,CCENC (R AND B) / 01/ 2026-27,Improvement of Chowkipada towards Ekatali via Dipupada road ODR from 0-000 Km to 2-177 Km in the District of Jharsuguda under State Plan,ROAD WORK,Works,National Competitive Bid,Percentage,Civil Works - Roads,No,No,NA ,09-Jun-2026 10:00 AM,NA ,90.0,No ,No,Online,25-Jun-2026 11:00 AM,EIC-CIVIL||SERNB-CIRCLE-NORTHERN,"CHOWKIPADA, JHARSUGUDA",768201.0,2.0,"4,39,10,925",SANDIP SHARMA,"43,910,925",Rejected-Finance,17-Jul-2026,EIC-CIVIL||SERNB-CIRCLE-NORTHERN
2026_EICCL_129348_1,SC RandB GM-II-4/2026-27,"S/R to E.I. such as supply and fixing of 4 Nos of AC and Inverter at Tahasil office Chatrapur , Khallikote and Kodala in the District of Ganjam","S/R to E.I. such as supply and fixing of 4 Nos of AC and Inverter at Tahasil office Chatrapur , Khallikote and Kodala in the District of Ganjam",Works,Open Tender,Percentage,Electrical Works,No,No,NA ,15-May-2026 10:00 AM,NA ,90.0,No ,No,Online,28-May-2026 11:30 AM,EIC-CIVIL||SERNB-CIRCLE-BERHAMPUR||EERNB-DIVN-GANJAM II,Ganjam,760005.0,1.0,"4,19,756",KANHU CHARAN MAHAPATRA,"314,817",Accepted-AOC,31-Jul-2026,EIC-CIVIL||SERNB-CIRCLE-BERHAMPUR||EERNB-DIVN-GANJAM II
2025_CERWI_120972_5,EEPTNG-online-12/2025-26,Periodical Maintenance to PWD Road to Kanheital for the year 2025-26,Periodical Maintenance to PWD Road to Kanheital for the year 2025-26,Works,Open Tender,Percentage,Civil Works - Roads,No,No,NA ,08-Nov-2025 06:00 PM,NA ,90.0,No ,No,Online,24-Nov-2025 11:00 AM,CE RW I||RWCIRCLE-BALANGIR||RW Division Patnagarh,Patnagarh,767025.0,1.0,"38,14,000",PRASANNA KUMAR PARIDA,"3,242,232.66",Rejected-Finance,01-Jul-2026,CE RW I||RWCIRCLE-BALANGIR||RW Division Patnagarh
2026_ORULB_128734_29,SNP-MUN-37/2026-27,Restoration of Drain Dadhibaman Kalyan Mandap front to Himanshu Satpathy in ward no-03,Restoration of Drain Dadhibaman Kalyan Mandap front to Himanshu Satpathy in ward no-03,Works,Open Tender,Percentage,Civil Works - Others,No,No,NA ,05-May-2026 11:00 AM,NA ,60.0,No ,No,Online,16-May-2026 11:00 AM,Municipal Bodies||Sonepur Municipal Council,Sonepur Municipality,767017.0,1.0,"2,72,219",BIBHUTI BHUSAN DASH,"272,219",Rejected-Technical,26-Jul-2026,Municipal Bodies||Sonepur Municipal Council
2026_EICCL_126268_8,SE(RandB)BLS-Divn-1-47/2025-26,"Supply, Installation, Testing and Commissioning of Fire Fighting system at CHC Berhampur Balasore For the year 2025-26","Supply, Installation, Testing and Commissioning of Fire Fighting system at CHC Berhampur Balasore For the year 2025-26",Works,Open Tender,Percentage,Electrical Works,No,No,NA ,19-Feb-2026 10:00 AM,19-Feb-2026 10:00 AM ,90.0,No ,No,Online,02-Mar-2026 10:00 AM,EIC-CIVIL||SERNB-CIRCLE-EASTERN||EERNB-DIVN-BALASORE,Balasore,756001.0,1.0,,VACRON TECHNOLOGY PRIVATE LIMITED,"1,696,016",Rejected-Technical,01-Aug-2026,EIC-CIVIL||SERNB-CIRCLE-EASTERN||EERNB-DIVN-BALASORE
2025_EICCL_122056_1,SE CBT (R and B)-19/2025-26,Shifting of existing lines and sub-station (from Gopinathpur Singhanath road Chhak to Gopinathpur Bridge) due to widening and strengthening of Gopamathura Bangurusingha road from 0.00 km to 5.00 km for the year 2025-26,Shifting of existing lines and sub-station (from Gopinathpur Singhanath road Chhak to Gopinathpur Bridge) due to widening and strengthening of Gopamathura Bangurusingha road from 0.00 km to 5.00 km for the year 2025-26,Works,National Competitive Bid,Percentage,Electrical Works,No,No,NA ,27-Nov-2025 10:00 AM,NA ,90.0,No ,No,Online,08-Dec-2025 11:00 AM,EIC-CIVIL||SERNB-CIRCLE-DHENKANAL||EERNB DIVN CHARBATIA,Narasinghpur,754032.0,1.0,"37,90,459",BABA ELECTRICAL CONSTRUCTION,"3,222,269",Accepted-AOC,27-Jul-2026,EIC-CIVIL||SERNB-CIRCLE-DHENKANAL||EERNB DIVN CHARBATIA
2026_ORULB_126678_16,37/SMC_SBP/2025-26,Construction of Road and Drain from Laxmipuja Chowk to Ajay Vig Residence in WNo.04,Construction of Road and Drain from Laxmipuja Chowk to Ajay Vig Residence in WNo.04,Works,Open Tender,Percentage,Civil Works - Others,No,No,NA ,06-Mar-2026 11:00 AM,NA ,120.0,No ,No,Online,17-Mar-2026 11:00 AM,Municipal Bodies||Sambalpur Municipal Corporation,Sambalpur Municipal Corporation,768006.0,1.0,"16,93,400",BINOD KUMAR SAHU,"1,693,376.17",Rejected-Technical,10-Jul-2026,Municipal Bodies||Sambalpur Municipal Corporation
2026_WCUTT_131411_1,GMWATCO (W)-05(5)/2026-27 Dtd.02.06.2026,"Construction of DRINKING WATER KIOSK in Ward No- 56 under WATCO Section, Chhatrabazar-II, Cuttack","Construction of DRINKING WATER KIOSK in Ward No- 56 under WATCO Section, Chhatrabazar-II, Cuttack",Works,National Competitive Bid,Percentage,Civil Works - Water Works,No,No,NA ,06-Jun-2026 06:05 PM,NA ,120.0,No ,No,Online,18-Jun-2026 12:30 PM,WATCO Bhubaneswar||Director (Operation) Watco||WATCO Division Cuttack,Cuttack,753003.0,1.0,"7,31,518",PRAVAT BARIK,"731,518",Rejected-AOC,22-Jul-2026,WATCO Bhubaneswar||Director (Operation) Watco||WATCO Division Cuttack
2026_CEBMB_128759_24,e-CHID-01/2026-27,Improvement to Right Main Canal between RD 00mt to tail of Poichandia Irrigation Project.,Improvement of Canal system,Works,Open Tender,Percentage,Civil Works - Canal,No,No,NA ,06-May-2026 10:00 AM,NA ,90.0,No ,No,Online,22-May-2026 11:30 AM,"CE-BM,RVN Basin,Berhampur||S.E. Southern Irr. Circle I Berhampur||EE Chikiti Irrigation Divn Berhampur",Berhampur,760004.0,1.0,"8,89,000",Barika Sethi,"755,852",Rejected-AOC,24-Jul-2026,"CE-BM,RVN Basin,Berhampur||S.E. Southern Irr. Circle I Berhampur||EE Chikiti Irrigation Divn Berhampur"
2026_PRZSU_129269_4,1/PSS/2026-27,"Improvement of Singarmunda Tank at village subdega,Block subdega","Improvement of Singarmunda Tank at village subdega,Block subdega",Works,Open Tender,Percentage,Civil Works - Others,No,No,NA ,14-May-2026 09:00 AM,NA ,120.0,No ,No,Offline,21-May-2026 09:00 AM,Panchayati Raj and Drinking Water Department Odisha||Zilla Parisad Sundargarh||SUBDEGA Block,SUBDEGA,770014.0,2.0,"62,85,313",JAYANTA KUMAR NAIK,"6,279,027.52",Rejected-AOC,03-Jun-2026,Panchayati Raj and Drinking Water Department Odisha||Zilla Parisad Sundargarh||SUBDEGA Block
2026_CEMIB_124862_2,Bid ID No. 09 SEMID (KJR/ 2025-2026) Dt. 08.01.2026,Improvement to Saleikana MIP in Telkoi Block of Keonjhar District under ERM Scheme for the year 2025-2026,Improvement to Saleikana MIP in Telkoi Block of Keonjhar District under ERM Scheme for the year 2025-2026,Works,National Competitive Bid,Percentage,Civil Works - Others,No,No,NA ,20-Jan-2026 02:00 PM,NA ,90.0,No ,No,Online,30-Jan-2026 11:00 AM,"CE,Minor Irrigation,BBSR||SE,Eastern Minor Irr.Circle,Keonjhar||EE M.I. Division Keonjhar",Telkoi Block of Keonjhar District,758001.0,2.0,"41,90,000",DEBASISH SAMAL,"2,890,372.38",Rejected-AOC,29-Jul-2026,"CE,Minor Irrigation,BBSR||SE,Eastern Minor Irr.Circle,Keonjhar||EE M.I. Division Keonjhar"
2026_CEBMB_128759_18,e-CHID-01/2026-27,Improvement to Right Main Canal between RD 15960mt to 16150mt of Bahuda Irrigation Project,Improvement of Canal system,Works,Open Tender,Percentage,Civil Works - Canal,No,No,NA ,06-May-2026 10:00 AM,NA ,90.0,No ,No,Online,22-May-2026 11:30 AM,"CE-BM,RVN Basin,Berhampur||S.E. Southern Irr. Circle I Berhampur||EE Chikiti Irrigation Divn Berhampur",Berhampur,760004.0,1.0,"12,85,000",ARJAYA KUMAR SETHI,"1,092,742",Rejected-AOC,24-Jul-2026,"CE-BM,RVN Basin,Berhampur||S.E. Southern Irr. Circle I Berhampur||EE Chikiti Irrigation Divn Berhampur"
2026_OSAMB_125921_1,01/OSAMB/2025-26,Construction of 2500 MT Godown at Burda and Saintala PACS of Balangir District and Badcheragaon PACS of Kalahandi District,Construction of 2500 MT Godown at Burda and Saintala PACS of Balangir District and Badcheragaon PACS of Kalahandi District,Works,Open Tender,Percentage,Civil Works - Others,No,No,NA ,13-Feb-2026 10:00 AM,NA ,90.0,No ,No,Online,02-Mar-2026 11:30 AM,Odisha State Agricultural Marketing Board,Balangir and Kalahandi District,751030.0,2.0,"5,65,62,643",SRI SUBASH CHANDRA SAHU,"55,397,453.33",Rejected-Finance,04-Jul-2026,Odisha State Agricultural Marketing Board
2026_OHPCL_125495_1,RHEP/ TCN No.-56/2025-26,"Providing and fixing ACP cladding with fixing steel letter to the front face of Rengali Power House, Rengali.","Providing and fixing ACP cladding with fixing steel letter to the front face of Rengali Power House, Rengali.",Works,Open Tender,Percentage,Civil Works - Others,No,No,NA ,05-Feb-2026 10:00 AM,NA ,120.0,No ,No,Online,26-Feb-2026 11:30 AM,Odisha Hydro Power Corporation Ltd||Rengali H.E. Project Rengali,"RHEP, Rengali",759105.0,2.0,,Mahadev Constructions,"8,892,093",Rejected-Technical,17-Jul-2026,Odisha Hydro Power Corporation Ltd||Rengali H.E. Project Rengali
2026_STSCD_125431_12,ITDAKPD-04/2025-26,Const. of 1 No. Addl. Class Room at Sarasbilla Ashram School Under Udala Block,Const. of 1 No. Addl. Class Room at Sarasbilla Ashram School Under Udala Block,Works,National Competitive Bid,Percentage,Civil Works - Buildings,No,No,NA ,12-Feb-2026 10:00 AM,NA ,90.0,No ,No,Online,23-Feb-2026 11:00 AM,ST and SC Development Deptt||ITDA Kaptipada,Udala,757041.0,1.0,"20,00,262",Biswajit Pramanik,"1,402,184",Rejected-AOC,13-Jul-2026,ST and SC Development Deptt||ITDA Kaptipada
2026_ORULB_127482_1,BLGR MPTY/13(01-73)/2025-26,"Const. of Drain with Cover Slab from Birendra Pradhan Res to Uni Bideshi Patra Res Shantipara, W.No.2",Drain with Cover Slab Work,Works,Open Tender,Percentage,Civil Works - Others,No,No,NA ,24-Mar-2026 11:00 AM,NA ,180.0,No ,No,Online,06-Apr-2026 11:00 AM,Municipal Bodies||Balangir Municipality,Balangir,767001.0,1.0,"12,69,197",DEEPAK KUMAR NAG,"1,205,864.07",Accepted-AOC,27-Jul-2026,Municipal Bodies||Balangir Municipality
2026_ORULB_125759_13,BLGR MPTY/10(01-60)/2025-26,"Const. of Paver Road at Satrughan Panigrahi Gali, Koshalnagar,W.No.2",Road Work,Works,Open Tender,Percentage,Civil Works - Roads,No,No,NA ,10-Feb-2026 11:00 AM,NA ,180.0,No ,No,Online,05-Mar-2026 11:00 AM,Municipal Bodies||Balangir Municipality,Balangir,767001.0,1.0,"10,16,026",Deepak Kumar Nag,"962,684.19",Accepted-AOC,27-Jul-2026,Municipal Bodies||Balangir Municipality
2025_ORULB_115623_16,JM-01/2025-26,Construction of Drain with Cover slab from Tukuna Sahu House to Nanda Lohar House Ward No01 Joda Municipality SFC Devolution,WORKS,Works,Open Tender,Percentage,Civil Works - Others,No,No,NA ,17-Jul-2025 10:00 AM,NA ,120.0,No ,No,Online,31-Jul-2025 11:00 AM,Municipal Bodies||Joda Municipality,JODA MUNICIPALITY AT PO BANEIKALA JODA KEONJHAR,758038.0,1.0,"16,94,876",ABHIJEET NAYAK,"1,900,233",Accepted-AOC,23-Jul-2026,Municipal Bodies||Joda Municipality
2026_ORULB_126536_9,RNP NAC -07/2025-26,CONSTRUCTION OF CC DRAIN WITH COVER SLAB FOR UNCOVERED DRAIN FROM POST OFFICE TO BAGHA SAMANTA FIELD IN WN -12 OF RANPUR NAC,CONSTRUCTION OF CC DRAIN WITH COVER SLAB FOR UNCOVERED DRAIN FROM POST OFFICE TO BAGHA SAMANTA FIELD IN WN -12 OF RANPUR NAC,Works,Open Tender,Percentage,Civil Works - Others,No,No,NA ,28-Feb-2026 11:00 AM,NA ,60.0,No ,No,Online,10-Mar-2026 11:30 AM,Municipal Bodies||Ranpur NAC,NAC RANPUR,752026.0,1.0,"10,16,950",SARASI BALA PATTANAIK,"691,525.76",Rejected-Finance,07-Jul-2026,Municipal Bodies||Ranpur NAC
2025_EICCL_122498_6,CCENC (R AND B) /17/ 2025-26,Construction of Taluk Courts Bar Association Cum Canteen Building at Rairakhol in the district of Sambalpur,BUILDING WORK,Works,National Competitive Bid,Percentage,Civil Works - Buildings,No,No,NA ,03-Dec-2025 06:30 PM,NA ,90.0,No ,No,Online,19-Dec-2025 11:00 AM,EIC-CIVIL||SERNB-CIRCLE-NORTHERN,"SAMBALPUR, RAIRKHOL",768106.0,2.0,"1,47,50,907",Apurba Kumar Dhar,"12,539,745",Rejected-Technical,21-Jul-2026,EIC-CIVIL||SERNB-CIRCLE-NORTHERN
2025_EICCL_120927_5,CCE DKL R and B/10-2025-26,Improvement such as widening and strengthening of Nuntikiri Barapada road (ODR) from 0/000 km to 9/210 km (excluding from 2/100 km to 3/350 km and from 4/900 km to 6/500 km)in the district of Cuttack under State plan for the year 2025-26,Improvement such as widening and strengthening of Nuntikiri Barapada road (ODR) from 0/000 km to 9/210 km (excluding from 2/100 km to 3/350 km and from 4/900 km to 6/500 km)in the district of Cuttack under State plan for the year 2025-26,Works,Open Tender,Percentage,Civil Works - Roads,No,No,NA ,07-Nov-2025 05:00 PM,NA ,90.0,No ,No,Online,24-Nov-2025 11:00 AM,EIC-CIVIL||SERNB-CIRCLE-DHENKANAL,Choudwar,754025.0,2.0,"7,63,67,212",OM MAA CONSTRUCTION,"64,919,767",Rejected-AOC,04-Jul-2026,EIC-CIVIL||SERNB-CIRCLE-DHENKANAL
2026_CEBMB_129576_1,SE-HID-ADV-03/2026-27,"M/r to Lengama S/M, Maradi S/M,Dhaupada S/M,manikapur S/M II, Belapada S/M, Badapur S/M and Abhayapur S/M I and II under Harabhangi Irrigation Project.",DESILTING OF CANAL WORK,Works,National Competitive Bid,Percentage,Civil Works - Others,No,No,NA ,25-May-2026 11:00 AM,NA ,90.0,No ,No,Online,06-Jun-2026 11:00 AM,"CE-BM,RVN Basin,Berhampur||SE Southern Irr Circle II Paralakhemundi||EE Harabhangi Irr Divn Adava",BADAGADA,761109.0,1.0,"6,28,986",Rachana Pradhan,"628,986",Rejected-AOC,25-Jun-2026,"CE-BM,RVN Basin,Berhampur||SE Southern Irr Circle II Paralakhemundi||EE Harabhangi Irr Divn Adava"
2026_EICCL_128371_4,TCN-54/25-26,"S/R to MPH, Khordha such as crack repair, painting and fixing of canopy","S/R to MPH, Khordha such as crack repair, painting and fixing of canopy",Works,Open Tender,Percentage,Civil Works - Buildings,No,No,NA ,23-Apr-2026 01:10 PM,NA ,90.0,No ,No,Online,06-May-2026 11:30 AM,EIC-CIVIL||SERNB-CIRCLE-KHURDA||EERNB DIVN KHURDA,Khordha,752056.0,1.0,"2,32,158",BIBHU PRASAD SAHOO,"168,315",Rejected-AOC,07-Jul-2026,EIC-CIVIL||SERNB-CIRCLE-KHURDA||EERNB DIVN KHURDA
2026_CEMWR_127189_1,SE/MDA-08(7)/2025-26,HYDROMECHANICAL GATE WORK,"Supply, Fabrication, Erection of gate and Hoist of Chhotaguda Check Dam at Village- Chhotaguda, Block- Umerkote and Sub-division- Umerkote under Nabarangpur Minor Irrigation Division, Nabarangpur",Works,Open Tender,Percentage,Mechanical Works,No,No,NA ,12-Mar-2026 10:00 AM,NA ,90.0,No ,No,Online,23-Mar-2026 12:00 PM,Chief Engineer Mech - WR Bhubaneswar||SE Mechanical Circle Bhubaneswar||EE Mechanical Division Berhampur,"Chhotaguda, Block- Umerkote",764076.0,1.0,"7,11,657",LAXMIDHRA BHUYAN,"711,657.28",Rejected-Finance,04-Jul-2026,Chief Engineer Mech - WR Bhubaneswar||SE Mechanical Circle Bhubaneswar||EE Mechanical Division Berhampur
2026_ORULB_127660_15,UDLN-04/2025-26,Construction of Cover slab From Nabajyoti Club tp Purna Biswal House in Ward No-06,Construction of Cover slab From Nabajyoti Club tp Purna Biswal House in Ward No-06,Works,Open Tender,Percentage,Civil Works - Others,No,No,NA ,27-Mar-2026 11:00 AM,NA ,90.0,No ,No,Online,07-Apr-2026 04:00 PM,Municipal Bodies||Udala NAC,Udala,757041.0,1.0,"10,17,502",Debendra sial,"691,901",Rejected-AOC,29-Jul-2026,Municipal Bodies||Udala NAC
2025_ORULB_115623_17,JM-01/2025-26,Construction of drain with Cover slab from Suren Munda House to Balama Munda House Ward No10 Joda Municipality SFC Storm water drainage,WORKS,Works,Open Tender,Percentage,Civil Works - Others,No,No,NA ,17-Jul-2025 10:00 AM,NA ,120.0,No ,No,Online,31-Jul-2025 11:00 AM,Municipal Bodies||Joda Municipality,JODA MUNICIPALITY AT PO BANEIKALA JODA KEONJHAR,758038.0,1.0,"4,23,829",SIPUN KUMAR MOHAPATRA,"500,000",Rejected-AOC,25-Jul-2026,Municipal Bodies||Joda Municipality
2026_ORULB_125759_12,BLGR MPTY/10(01-60)/2025-26,"Const. of paver Road at Susanta Satpathy Gali,koshalnagar,W.No.2",Road Work,Works,Open Tender,Percentage,Civil Works - Roads,No,No,NA ,10-Feb-2026 11:00 AM,NA ,180.0,No ,No,Online,05-Mar-2026 11:00 AM,Municipal Bodies||Balangir Municipality,Balangir,767001.0,1.0,"10,16,026",Deepak Kumar Nag,"962,684.19",Accepted-AOC,27-Jul-2026,Municipal Bodies||Balangir Municipality
2026_STSCD_127586_1,ITDA (T)-08 / 2025-26,Construction of 100 seated hostel at Govt Panchayat High School Basalaoi Barkote Deogarh,CConstruction of 100 seated hostel at Govt Panchayat High School Basalaoi Barkote Deogarh,Works,Open Tender,Percentage,Civil Works - Others,No,No,NA ,08-Apr-2026 10:00 AM,NA ,90.0,No ,No,Online,20-Apr-2026 10:00 AM,ST and SC Development Deptt||ITDA Tileibani,Basaloi of Barkote Block,768108.0,2.0,"2,26,27,734",NIHAR RANJAN PATEL,"17,468,610.79",Rejected-AOC,10-Jul-2026,ST and SC Development Deptt||ITDA Tileibani
2026_CERWI_126109_1,RWCCESNG-32 of 2025-26,Construction of road from Ledhimong to Budelkani via Sunamunda,Construction of road from Ledhimong to Budelkani via Sunamunda,Works,National Competitive Bid,Percentage,Civil Works - Roads,No,No,NA ,16-Feb-2026 11:00 AM,NA ,90.0,No ,No,Online,05-Mar-2026 11:00 AM,CE RW I||RW-CIRCLE-SUNDARGARH,Sundergarh,770020.0,2.0,"3,99,69,837",PRAHALLAD MAJHI,"39,929,867.275",Rejected-Finance,09-Jul-2026,CE RW I||RW-CIRCLE-SUNDARGARH
2026_STSCD_125431_13,ITDAKPD-04/2025-26,Const. of 1 Nos. Addl. Class Room at Sarat High School under Kaptipada Block,Const. of 1 Nos. Addl. Class Room at Sarat High School under Kaptipada Block,Works,National Competitive Bid,Percentage,Civil Works - Buildings,No,No,NA ,12-Feb-2026 10:00 AM,NA ,90.0,No ,No,Online,23-Feb-2026 11:00 AM,ST and SC Development Deptt||ITDA Kaptipada,Kaptipada,757041.0,1.0,"21,00,672",Biswajit Pramanik,"1,522,987",Accepted-AOC,13-Jul-2026,ST and SC Development Deptt||ITDA Kaptipada
2025_OLIC_123977_19,OLIC-BPT-05/2025-26 Dt.24.12.2025,INSTALLATION AND ENERGISATION OF PARALSINGA-II L.I. PROJECT UNDER KESINGA BLOCK IN KALAHANDI DISTRICT OUT OF RIDF-2025-26,INSTALLATION AND ENERGISATION OF PARALSINGA-II L.I. PROJECT UNDER KESINGA BLOCK IN KALAHANDI DISTRICT OUT OF RIDF-2025-26,Works,National Competitive Bid,Percentage,Civil Works - Lift Irrigation Schemes,No,No,NA ,01-Jan-2026 11:00 AM,NA ,90.0,No ,No,Online,31-Jan-2026 11:00 AM,Orissa Lift Irrigation Corporation||LI Western Circle Bhawanipatna||LI Division Bhawanipatna,KESINGA,766012.0,1.0,"29,64,749",PRASANNA SETHI,"2,520,333",Rejected-Finance,28-Apr-2026,Orissa Lift Irrigation Corporation||LI Western Circle Bhawanipatna||LI Division Bhawanipatna
2026_CEBMT_127866_7,EEBOD-01/26-27,Construction of CC lining and repair to canal structure within RD 1850m to 2400m of Dambarugarh minor of SIP.,Repair of canal structure,Works,Open Tender,Percentage,Civil Works - Canal,No,No,NA ,10-Apr-2026 11:00 AM,NA ,90.0,No ,No,Online,27-Apr-2026 11:00 AM,"CE-BM, Tel Basin,Bhawanipatna||SE Balangir Irr Circle Balangir||EE Boudh Irr Divn Boudh",Boudh,762014.0,1.0,"37,82,000",SOUMYA SIBRAN KHETI,"3,777,779.75",Rejected-Technical,09-Jul-2026,"CE-BM, Tel Basin,Bhawanipatna||SE Balangir Irr Circle Balangir||EE Boudh Irr Divn Boudh"
2026_CERWI_126051_1,12 OF 2025 - 26,Construction of Sub- Centre Building at Bagalpur in the District of Jagatsinghpur,Construction of Sub- Centre Building at Bagalpur in the District of Jagatsinghpur,Works,Open Tender,Percentage,Civil Works - Buildings,No,No,NA ,16-Feb-2026 11:00 AM,NA ,60.0,No ,No,Online,28-Feb-2026 11:00 AM,CE RW I||RWCIRCLE-CUTTACK||RWDIVISION-JAGATSINGHPUR,Jagatsinghpur,754294.0,1.0,"36,92,075",UMAKANTA BHOI,"3,507,840",Rejected-Technical,14-Jul-2026,CE RW I||RWCIRCLE-CUTTACK||RWDIVISION-JAGATSINGHPUR
2026_CERWI_131012_1,Online Tender 04/2026-27,R.I. Office Bhikaripalli_building,R.I. Office Bhikaripalli_building,Works,National Competitive Bid,Percentage,Civil Works - Buildings,No,No,NA ,04-Jun-2026 01:00 PM,NA ,90.0,No ,No,Online,18-Jun-2026 11:00 AM,CE RW I||RWCIRCLE-BERHAMPUR||RWDIVISION-GANJAM - II,Ganjam,760012.0,1.0,"4,20,251",B RAKESH PATRA,"302,581",Rejected-AOC,18-Jul-2026,CE RW I||RWCIRCLE-BERHAMPUR||RWDIVISION-GANJAM - II
2026_EICCL_124851_1,SE R and B Divn NoI Bam 54/2025-26,Shifting of Electrical utility line passing over neew building science autonomous college at Hinjilicut,Shifting of Electrical utility line passing over neew building science autonomous college at Hinjilicut,Works,Open Tender,Percentage,Electrical Works,No,No,NA ,20-Jan-2026 02:00 PM,NA ,90.0,No ,No,Online,27-Jan-2026 11:30 AM,EIC-CIVIL||SERNB-CIRCLE-BERHAMPUR||EERNB-DIVN-GANJAM I,Ganjam,760005.0,1.0,"2,47,761",M/s Maheswari Electrical,"257,202",Accepted-AOC,21-Jul-2026,EIC-CIVIL||SERNB-CIRCLE-BERHAMPUR||EERNB-DIVN-GANJAM I
2026_EICCL_126364_1,S.E.-KHD-(RandB)-44 /2025-26,"Construction of 2 nos of D type quarters for CHC, Balugaon in the Dist. of Khordha as per order No. 4355 Dt. 25.02.2025 of DHSO Odisha Buildings.","Construction of 2 nos of D type quarters for CHC, Balugaon in the Dist. of Khordha as per order No. 4355 Dt. 25.02.2025 of DHSO Odisha Buildings.",Works,Open Tender,Percentage,Civil Works - Buildings,No,No,NA ,20-Feb-2026 03:10 PM,NA ,90.0,No ,No,Online,07-Mar-2026 11:30 AM,EIC-CIVIL||SERNB-CIRCLE-KHURDA||EERNB DIVN KHURDA,Khordha,752056.0,2.0,"83,47,954",HRUSHIKESH BISWAL,"6,594,049",Rejected-AOC,24-Jul-2026,EIC-CIVIL||SERNB-CIRCLE-KHURDA||EERNB DIVN KHURDA
2025_OMC_117788_1,"OMC/E-PROC/CP/017/2025-26, Dtd. 06/09/2025",Hiring of Light Commercial Vehicles for Rayagada Region of Odisha Mining Corporation Limited,Hiring of Light Commercial Vehicles for Rayagada Region of Odisha Mining Corporation Limited,Services,Open Tender,Item Rate,Miscellaneous Services,No,No,NA ,08-Sep-2025 03:30 PM,16-Sep-2025 03:30 PM ,180.0,No ,No,Online,08-Oct-2025 05:00 PM,Orissa Mining Corporation,Rayagada Region of Odisha Mining Corporation Ltd.,765001.0,2.0,,"M/S SHRADHA ENTERPRISES, JEYPORE","14,938,800",Rejected-Finance,28-Jul-2026,Orissa Mining Corporation
2026_CEMIB_124862_3,Bid ID No. 09 SEMID (KJR/ 2025-2026) Dt. 08.01.2026,Improvement to Talachampei MIP in Banspal Block of Keonjhar District under ERM Scheme for the year 2025-2026,Improvement to Talachampei MIP in Banspal Block of Keonjhar District under ERM Scheme for the year 2025-2026,Works,National Competitive Bid,Percentage,Civil Works - Others,No,No,NA ,20-Jan-2026 02:00 PM,NA ,90.0,No ,No,Online,30-Jan-2026 11:00 AM,"CE,Minor Irrigation,BBSR||SE,Eastern Minor Irr.Circle,Keonjhar||EE M.I. Division Keonjhar",Banspal Block of Keonjhar District,758001.0,2.0,"29,13,000",PANCHANAN NATH,"2,913,000",Rejected-AOC,23-Jul-2026,"CE,Minor Irrigation,BBSR||SE,Eastern Minor Irr.Circle,Keonjhar||EE M.I. Division Keonjhar"
2026_PRZSU_129269_5,1/PSS/2026-27,"Improvement of Bhoipada Tank,Jamuna,Block subdega","Improvement of Bhoipada Tank,Jamuna,Block subdega",Works,Open Tender,Percentage,Civil Works - Others,No,No,NA ,14-May-2026 09:00 AM,NA ,120.0,No ,No,Offline,21-May-2026 09:00 AM,Panchayati Raj and Drinking Water Department Odisha||Zilla Parisad Sundargarh||SUBDEGA Block,SUBDEGA,770014.0,2.0,"43,71,644",RAJ KUMAR PATEL,"4,367,271.98",Rejected-AOC,03-Jun-2026,Panchayati Raj and Drinking Water Department Odisha||Zilla Parisad Sundargarh||SUBDEGA Block
2025_EICCL_119934_14,eTCN08 of 2025-2026,Construction of Cycle stand at OAV Akhupadar under Odagaon Block in the District of Nayagarh for the year 2025-26,Construction of Cycle stand at OAV Akhupadar under Odagaon Block in the District of Nayagarh for the year 2025-26,Works,Open Tender,Percentage,Civil Works - Buildings,No,No,NA ,25-Nov-2025 02:00 PM,NA ,90.0,No ,No,Online,04-Dec-2025 11:00 AM,EIC-CIVIL||SERNB-CIRCLE-KHURDA||EE Nayagarh Rnb Division,Nayagarh,752069.0,1.0,"18,40,137",SISIR KUMAR PRADHAN,"1,564,327",Rejected-Finance,08-Jul-2026,EIC-CIVIL||SERNB-CIRCLE-KHURDA||EE Nayagarh Rnb Division
2025_CERWI_122125_23,TCN 15 of 2025-26,Construction of 1 no D type quarter at PHC Guamal under Tihidi Block for the Year 2025-26,Construction of Buildings,Works,Open Tender,Percentage,Civil Works - Buildings,No,No,NA ,28-Nov-2025 06:55 PM,NA ,90.0,No ,No,Online,06-Dec-2025 11:00 AM,CE RW I||RWCIRCLE-BALASORE||RWDIVISION-BHADRAK,Bhadrak,756100.0,1.0,"25,86,282",PRAVAT KUMAR MOHANTY,"2,198,598",Rejected-AOC,20-Jul-2026,CE RW I||RWCIRCLE-BALASORE||RWDIVISION-BHADRAK
2026_EICCL_129170_1,TCN 01/2026-27,Construction of RI Office-cum-Residence Building at Gunupur in the District of Rayagada as per Revenue and DM Deptt. Lr. No. 7676 dt. 19.02.2026 Buildings.,Construction of RI Office-cum-Residence Building at Gunupur in the District of Rayagada as per Revenue and DM Deptt. Lr. No. 7676 dt. 19.02.2026 Buildings.,Works,Open Tender,Percentage,Civil Works - Buildings,No,No,NA ,12-May-2026 11:00 AM,NA ,90.0,No ,No,Online,26-May-2026 11:00 AM,EIC-CIVIL||SERNB-CIRCLE-RAYAGADA||EERNB-DIVN-RAYAGADA NEW,Rayagada,765017.0,2.0,"69,85,242",SANTOSH KUMAR MOHAPATRA,"6,985,242",Rejected-AOC,21-Jul-2026,EIC-CIVIL||SERNB-CIRCLE-RAYAGADA||EERNB-DIVN-RAYAGADA NEW
2026_EICCL_127500_9,eTCN11 of 2025-2026,"Provision of fire down cumer system Booster pump, fire detection and alarm system, fire extinguisher and Signages at CHC Nuagadiasahi in the district of Nayagarh.","Provision of fire down cumer system Booster pump, fire detection and alarm system, fire extinguisher and Signages at CHC Nuagadiasahi in the district of Nayagarh.",Works,Open Tender,Percentage,Electrical Works,No,No,NA ,23-Mar-2026 10:30 AM,NA ,90.0,No ,No,Online,04-Apr-2026 11:00 AM,EIC-CIVIL||SERNB-CIRCLE-KHURDA||EE Nayagarh Rnb Division,Nayagarh,752069.0,1.0,"16,94,364",M/S FIRESTOP SALES AND SERVICES,"1,131,835",Accepted-AOC,02-Jul-2026,EIC-CIVIL||SERNB-CIRCLE-KHURDA||EE Nayagarh Rnb Division
2026_PRBTO_127967_1,Notice No.BDO-TPS-01 of 2026-27,Construction of Additional Class Building of Govt. Primary School at Paruna under Dainlo G.P. of Tirtol Block,Construction of Additional Class Building of Govt. Primary School at Paruna under Dainlo G.P. of Tirtol Block,Works,Open Tender,Percentage,Civil Works - Buildings,No,No,NA ,08-Apr-2026 10:30 AM,NA ,90.0,No ,No,Online,23-Apr-2026 11:00 AM,Panchayati Raj and Drinking Water Department Odisha||Zilla Parisad Jagatsinghpur||TIRTOL Block,Tirtol,754137.0,1.0,"14,81,282",SASMITA MOHANTY,"1,481,282.32",Rejected-Finance,27-Jul-2026,Panchayati Raj and Drinking Water Department Odisha||Zilla Parisad Jagatsinghpur||TIRTOL Block
2026_ORULB_128734_14,SNP-MUN-37/2026-27,Drain and Road infront of SAI english Medium school,Drain and Road infront of SAI english Medium school,Works,Open Tender,Percentage,Civil Works - Others,No,No,NA ,05-May-2026 11:00 AM,NA ,60.0,No ,No,Online,16-May-2026 11:00 AM,Municipal Bodies||Sonepur Municipal Council,Sonepur Municipality,767017.0,1.0,"2,75,361",KUSUMA PRABHA DASH,"275,361",Rejected-Technical,20-Jul-2026,Municipal Bodies||Sonepur Municipal Council
2026_CERWI_126535_42,Tender Online RWC-27-25,Construction of road from Aliara Gokana Roadin the District of Cuttack for the year 2025-26,Construction of road from Aliara Gokana Roadin the District of Cuttack for the year 2025-26,Works,National Competitive Bid,Percentage,Civil Works - Roads,No,No,NA ,27-Feb-2026 06:55 PM,NA ,90.0,No ,No,Online,12-Mar-2026 11:30 AM,CE RW I||RWCIRCLE-CUTTACK,Cuttack,753004.0,2.0,"2,97,35,682",ANANTA PRASAD MALIK,"28,219,163",Accepted-AOC,18-Jul-2026,CE RW I||RWCIRCLE-CUTTACK
2026_UPIDB_129396_1,SEUKID-01/2026-27 (SL08),Construction of R.C.C. trough wall from RD 0.510km to 0.710km of Sargiguda sub minor-I.,CANAL STRUCTURAL WORK,Works,Open Tender,Percentage,Civil Works - Canal,No,No,NA ,20-May-2026 11:00 AM,NA ,90.0,No ,No,Online,01-Jun-2026 11:00 AM,CE AND BM IK BASIN BARINIPUT JEYPORE||Upper Kolab Project Bariniput||Upper Kolab Irrigation Division Borigumma,BORIGUMMA,764056.0,1.0,"10,71,148",AMIT KUMAR BISHOI,"1,071,148",Accepted-AOC,24-Jun-2026,CE AND BM IK BASIN BARINIPUT JEYPORE||Upper Kolab Project Bariniput||Upper Kolab Irrigation Division Borigumma
2026_CERWI_129694_1,KNR-1/2026-27,Construction of classrooms at Higher Secondary school Building at Birasal for the year 2026-27.,Construction of classrooms at Higher Secondary school Building at Birasal for the year 2026-27.,Works,Open Tender,Percentage,Civil Works - Buildings,No,No,NA ,22-May-2026 06:15 PM,NA ,90.0,No ,No,Online,01-Jun-2026 11:00 AM,CE RW I||RWCIRCLE-ANGUL||RWDIVISION-KAMAKSHYANAGAR,Kamakhyanagar,759018.0,1.0,"25,74,925",SUSHANT KUMAR SAHOO,"2,574,925",Rejected-Technical,20-Jul-2026,CE RW I||RWCIRCLE-ANGUL||RWDIVISION-KAMAKSHYANAGAR
2025_OCCL_111229_1,E-Procurement Notice No. 52/OCCL/2024-25 (on-line),Bid identification No. OCCL-MECH./01/2024-25,"Automation of spillway gates controlled through centralized remote control and implementation of real time management information system at Kanupur Irrigation Project, Basudevpur, Dist. Keonjhar (Odisha).",Works,Open Tender,Item Rate,Mechanical Works,No,No,NA ,03-Mar-2025 10:00 AM,NA ,90.0,No ,No,Online,18-Mar-2025 11:30 AM,ODISHA CONSTRUCTION CORPORATION LTD||CIVIL,"Basudevpur, Dist. Keonjhar (Odisha).",756125.0,2.0,,Alpha Pacific Systems Pvt. Ltd.,"60,751,710",Accepted-AOC,30-Jul-2026,ODISHA CONSTRUCTION CORPORATION LTD||CIVIL
2026_CEBMB_128949_29,SE-HID-ADV-02/2026-27,Improvement to fall D/S of left distributary near RD 1800m and 2100m of HIP,MAINTENANCE WORK,Works,National Competitive Bid,Percentage,Civil Works - Others,No,No,NA ,11-May-2026 11:00 AM,NA ,90.0,No ,No,Online,25-May-2026 11:00 AM,"CE-BM,RVN Basin,Berhampur||SE Southern Irr Circle II Paralakhemundi||EE Harabhangi Irr Divn Adava",ADAVA,761217.0,1.0,"8,29,845",UMA SANKAR SWAIN,"738,562",Rejected-Technical,22-Jul-2026,"CE-BM,RVN Basin,Berhampur||SE Southern Irr Circle II Paralakhemundi||EE Harabhangi Irr Divn Adava"
2025_EICCL_117481_4,CE-ROADS-I-11/2025-26,Improvement of Nischintakoili Block Chhak to Nemala to Nageswarpur to Narendrapur from 3/550 km to 17/672 km in the district of Cuttack under State Plan,Improvement of Nischintakoili Block Chhak to Nemala to Nageswarpur to Narendrapur from 3/550 km to 17/672 km in the district of Cuttack under State Plan,Works,Open Tender,Percentage,Civil Works - Roads,No,No,NA ,30-Aug-2025 06:55 PM,NA ,90.0,No ,No,Online,16-Sep-2025 11:30 AM,EIC-CIVIL,Cuttack-II Division,751001.0,2.0,"34,05,87,846",BINAYAK CONSTRUCTION AND ENGINEERS PVT LTD,"289,533,728",Rejected-AOC,15-Jul-2026,EIC-CIVIL
2026_CEBMB_128949_15,SE-HID-ADV-02/2026-27,M/R to Badanala Main Canal from RD 17246m to 32650m of B.I.P,DESILTING OF CANAL,Works,National Competitive Bid,Percentage,Civil Works - Others,No,No,NA ,11-May-2026 11:00 AM,NA ,90.0,No ,No,Online,25-May-2026 11:00 AM,"CE-BM,RVN Basin,Berhampur||SE Southern Irr Circle II Paralakhemundi||EE Harabhangi Irr Divn Adava",ADAVA,761217.0,1.0,"12,38,557",Goura Chandra Panigrahi,"1,238,557",Rejected-AOC,23-Jun-2026,"CE-BM,RVN Basin,Berhampur||SE Southern Irr Circle II Paralakhemundi||EE Harabhangi Irr Divn Adava"
2026_CERWI_125773_1,Online SEJSG 15 of 2025-26,Construction of 4 nos E type Quarter building for Paramedical staff at Sahaspur PHC of Laikera block in the District of Jharsuguda.,Construction of 4 nos E type Quarter building for Paramedical staff at Sahaspur PHC of Laikera block in the District of Jharsuguda.,Works,Open Tender,Percentage,Civil Works - Roads,No,No,NA ,10-Feb-2026 11:00 AM,NA ,90.0,No ,No,Online,17-Feb-2026 11:00 AM,CE RW I||RW-CIRCLE-SUNDARGARH||RW-Division-Jharsuguda,Jharsuguda,768204.0,2.0,"94,37,237",M & S CONSTRUCTIONS,"7,021,304",Rejected-AOC,11-Jun-2026,CE RW I||RW-CIRCLE-SUNDARGARH||RW-Division-Jharsuguda
2025_ORULB_114489_8,BLGRMPTY/04(01-16)/2025-26,"Improvement of Road From Anil res to Sarika res, W.No-13",Road work,Works,Open Tender,Percentage,Civil Works - Roads,No,No,NA ,19-Jun-2025 11:00 AM,NA ,180.0,No ,No,Online,01-Jul-2025 11:00 AM,Municipal Bodies||Balangir Municipality,Balangir Municipality,767001.0,1.0,"10,97,922",JAGANNATH MISHRA,"1,096,823.79",Accepted-AOC,01-Apr-2026,Municipal Bodies||Balangir Municipality
2025_OSCSC_116052_1,3583/2025,Selection and appointment of Level-II Transport Contractor for the biennial year 2025-27 of Nayagarh Block and NAC.,Selection and appointment of Level-II Transport Contractor for the biennial year 2025-27 of Nayagarh Block and NAC.,Services,Open Tender,Percentage,Handling and Transportation,No,No,NA ,25-Jul-2025 10:00 AM,30-Jul-2025 11:00 AM ,45.0,No ,No,Online,12-Aug-2025 11:00 AM,Odisha State Civil Supplies Corp. Ltd.||CSO cum DM Nayagarh,From RRC-cum-DSC to FPSs point,752090.0,2.0,"48,18,435",DILLIP KUMAR PANDA,19.6,Accepted-AOC,31-Jul-2026,Odisha State Civil Supplies Corp. Ltd.||CSO cum DM Nayagarh
2026_STSCD_125431_4,ITDAKPD-04/2025-26,Const. of 2 Nos. Addl. Class Room at Tikayatpur GHS under G.B. Nagar Block,Const. of 2 Nos. Addl. Class Room at Tikayatpur GHS under G.B. Nagar Block,Works,National Competitive Bid,Percentage,Civil Works - Buildings,No,No,NA ,12-Feb-2026 11:00 AM,NA ,90.0,No ,No,Online,23-Feb-2026 11:00 AM,ST and SC Development Deptt||ITDA Kaptipada,G.B. Nagar,757041.0,1.0,"31,87,354",Debendra sial,"2,461,593",Accepted-AOC,11-Jul-2026,ST and SC Development Deptt||ITDA Kaptipada
2026_EICCL_125829_1,SERANDB PURI-61/2025-26,Provision of Supply Installation Testing and Commissioning of Fire Fighting System Automatic Sprinkler Automatic Fire Detection and Alarm System Fire Extinguisher and Signage System of CHC Gop Health Institution of Puri District,Provision of Supply Installation Testing and Commissioning of Fire Fighting System Automatic Sprinkler Automatic Fire Detection and Alarm System Fire Extinguisher and Signage System of CHC Gop Health Institution of Puri District,Works,National Competitive Bid,Percentage,Electrical Works,No,No,NA ,10-Feb-2026 05:30 PM,NA ,90.0,No ,No,Online,17-Feb-2026 11:00 AM,EIC-CIVIL||SERNB-CIRCLE-KHURDA||EERNB-DIVN-PURI,Puri,752001.0,1.0,"34,78,521",TRANSTECH SOLUTION,"2,601,934",Rejected-AOC,29-Jul-2026,EIC-CIVIL||SERNB-CIRCLE-KHURDA||EERNB-DIVN-PURI
2026_EICCL_128561_1,SE Rand B 01 2026 27,Construction of pathway inside the front lawn area and development of car parking area at Jeypore Airport,Construction of pathway inside the front lawn area and development of car parking area at Jeypore Airport,Works,Open Tender,Percentage,Civil Works - Roads,No,No,NA ,28-Apr-2026 04:00 PM,NA ,90.0,No ,No,Online,08-May-2026 11:00 AM,EIC-CIVIL||SERNB-CIRCLE-JEYPORE||EERNB-DIVN-JEYPORE,Koraput,764001.0,1.0,"11,71,700",PRABHAT KUMAR MANGARAJ,"1,171,700.2",Rejected-AOC,20-Jul-2026,EIC-CIVIL||SERNB-CIRCLE-JEYPORE||EERNB-DIVN-JEYPORE
2026_ORULB_128169_14,SNP-MUN-36/2025-26,"Construction of Paver Road from Bhuban Tripathy House to Bhakoda Swain , Ward no-8","Construction of Paver Road from Bhuban Tripathy House to Bhakoda Swain , Ward no-8",Works,Open Tender,Percentage,Civil Works - Others,No,No,NA ,17-Apr-2026 11:00 AM,NA ,45.0,No ,No,Online,28-Apr-2026 11:00 AM,Municipal Bodies||Sonepur Municipal Council,Sonepur Municipality,767017.0,1.0,"5,08,488",Kalpana Meher,"508,487",Rejected-Technical,29-Jul-2026,Municipal Bodies||Sonepur Municipal Council
2025_CERWI_120876_5,Building Online NCB No 09,SR to RW Section Office at Champua Bhanda,SR to RW Section Office at Champua Bhanda,Works,National Competitive Bid,Percentage,Civil Works - Buildings,No,No,NA ,06-Nov-2025 01:00 PM,NA ,90.0,No ,No,Online,12-Nov-2025 11:00 AM,CE RW I||RWCIRCLE-KEONJHAR||RWDIVISION-KEONJHAR - II,Champua,758001.0,1.0,"5,08,000",SONAMUNI MUNDA,"508,135",Rejected-Finance,04-Jul-2026,CE RW I||RWCIRCLE-KEONJHAR||RWDIVISION-KEONJHAR - II
2026_OSCSC_127804_1,473.0,Handling Contractor for handling of food grains at designated RRCs of Kandhamal district,appointment of handling contractor (labour work) for handling of foodgrains at RRcs of Kandhamal district.,Services,Open Tender,Percentage,Handling and Transportation,No,No,NA ,03-Apr-2026 09:30 AM,08-Apr-2026 10:00 AM ,180.0,No ,No,Online,21-Apr-2026 11:00 AM,Odisha State Civil Supplies Corp. Ltd.||CSO cum DM Kandhamala,KANDHAMAL,762001.0,2.0,"30,92,280",HIRAKHAND MULTITASKING AGENCY,1.41,Rejected-AOC,14-Jul-2026,Odisha State Civil Supplies Corp. Ltd.||CSO cum DM Kandhamala
2026_OPEPA_129643_1,DPC/SS/SNG/13OF2026-27,"INFRASTRUCTURE DEVELOPMENT OF GOVT. PRIMARY SCHOOL GOLDARU, GOVT. UPPER PRIMARY SCHOOL BHANDARTOLA UNDER NUAGAON BLOCK (2)","INFRASTRUCTURE DEVELOPMENT OF GOVT. PRIMARY SCHOOL GOLDARU, GOVT. UPPER PRIMARY SCHOOL BHANDARTOLA UNDER NUAGAON BLOCK (2)",Works,Open Tender,Percentage,Civil Works - Buildings,No,No,NA ,25-May-2026 09:00 AM,NA ,90.0,No ,No,Online,16-Jun-2026 05:30 PM,OPEPA Bhubaneswar||Samagra Shiksha Sundargarh,SUNDARGARH,770001.0,2.0,"6,42,60,323",MASTER CONSTRUCTION COMPANY,"64,260,322.85",Rejected-Technical,06-Jul-2026,OPEPA Bhubaneswar||Samagra Shiksha Sundargarh
2026_EICCL_127550_5,SE R and B Divn NoI Bam 70/2025-26,"SITC of fire Fighting and alarm System at 18 bedded (ICU1 and ICU2) of Medicine Building (G Plush 3), MKCG MC and H, Berhampur.","SITC of fire Fighting and alarm System at 18 bedded (ICU1 and ICU2) of Medicine Building (G Plush 3), MKCG MC and H, Berhampur.",Works,Open Tender,Percentage,Electrical Works,No,No,NA ,24-Mar-2026 04:00 PM,NA ,90.0,No ,No,Online,31-Mar-2026 11:30 AM,EIC-CIVIL||SERNB-CIRCLE-BERHAMPUR||EERNB-DIVN-GANJAM I,Berhampur,760005.0,1.0,"24,62,357",HAREKRUSHNA INDUSTRIES PROP. SURENDRA KUMAR JENA,"1,664,537",Accepted-AOC,22-Jul-2026,EIC-CIVIL||SERNB-CIRCLE-BERHAMPUR||EERNB-DIVN-GANJAM I
2026_ORULB_126953_3,EOBRP/07/2025-26,Covering of drain from college chowk to RMC market in ward no 1,Covering of drain from college chowk to RMC market in ward no 1,Works,Open Tender,Percentage,Civil Works - Others,No,No,NA ,07-Mar-2026 11:00 AM,NA ,90.0,No ,No,Online,16-Mar-2026 03:00 PM,Municipal Bodies||Barpali NAC,Barpali,768029.0,1.0,"16,13,571",SHIBARATRI SETH (SC),"1,065,073.61",Rejected-Finance,17-Jul-2026,Municipal Bodies||Barpali NAC
2026_ORULB_126636_32,BMC-EE-Tender Cell-73/2025-26 Dt. 25.02.2026,Renovation with peripheral development of Paikarapur Govt. Pond in Ward No. 22,Renovation with peripheral development of Paikarapur Govt. Pond in Ward No. 22,Works,Open Tender,Percentage,Civil Works - Others,No,No,NA ,28-Feb-2026 10:30 AM,05-Mar-2026 04:00 PM ,120.0,No ,No,Online,12-Mar-2026 11:00 AM,Municipal Bodies||Bhubaneswar Municipal Corporation,BMC AREA,751022.0,1.0,"16,94,426",RANJIT SING,"1,739,698",Rejected-Finance,28-Jul-2026,Municipal Bodies||Bhubaneswar Municipal Corporation
2025_CERWI_121530_14,Tender Online RWC-24-25,Improvement to Panchapali Goda road in the District of Jagatsinghpurunder MMSY-Improvement Existing RD road for the year 2025-26,Improvement to Panchapali Goda road in the District of Jagatsinghpurunder MMSY-Improvement Existing RD road for the year 2025-26,Works,National Competitive Bid,Percentage,Civil Works - Roads,No,No,NA ,21-Nov-2025 06:55 PM,NA ,90.0,No ,No,Online,05-Dec-2025 11:30 AM,CE RW I||RWCIRCLE-CUTTACK,Jagatsinghpur,754102.0,2.0,"7,96,91,583",Santosh Sasmal,"79,691,584",Rejected-Finance,10-Jul-2026,CE RW I||RWCIRCLE-CUTTACK
2025_ORULB_120037_4,PM_02/2025-26,Construction of Compound Wall in front of Budhi Mangala Temple in ward no-1,Construction of Compound Wall in front of Budhi Mangala Temple in ward no-1,Works,Open Limited,Percentage,Civil Works - Others,No,No,NA ,25-Oct-2025 06:00 PM,NA ,90.0,No ,No,Online,15-Nov-2025 11:00 AM,Municipal Bodies||Pattamundai Municipality,Pattamundai,754215.0,1.0,"5,02,256",ANIL KANTA DAS,"503,822",Rejected-AOC,22-Jul-2026,Municipal Bodies||Pattamundai Municipality
2026_CEMWR_127664_1,ACEM/MDL-61/2025-26,"Supply, fabrication, and erection of Gate and Hoist of Kantisahi Check Dam of Suliapada Block under minor irrigation Division Mayurbhanj for the year-2025-26.","Supply, fabrication, and erection of Gate and Hoist of Kantisahi Check Dam of Suliapada Block under minor irrigation Division Mayurbhanj for the year-2025-26.",Works,Open Tender,Percentage,Mechanical Works,No,No,NA ,30-Mar-2026 10:00 AM,NA ,90.0,No ,No,Online,17-Apr-2026 11:00 AM,Chief Engineer Mech - WR Bhubaneswar||SE Mechanical Circle Bhubaneswar,"SULIAPADA BLOCK, MAYURBHANJ",757022.0,1.0,"11,43,861",M/S SHREE INDUSTRIES,"1,143,861",Rejected-Finance,07-Jul-2026,Chief Engineer Mech - WR Bhubaneswar||SE Mechanical Circle Bhubaneswar
2026_ORULB_127372_5,ODULB_KGM_22/2025-2026,Upgradation of 25 KVA to 100KVA Transformer of DP S/S of FSTP premises,Upgradation of 25 KVA to 100KVA Transformer of DP S/S of FSTP premises,Works,Open Tender,Percentage,Electrical Works,No,No,NA ,19-Mar-2026 11:00 AM,NA ,120.0,No ,No,Online,31-Mar-2026 11:00 AM,Municipal Bodies||Keonjhargarh Municipal Council,KEONJHAR,758001.0,1.0,"4,65,877",Amiya Sankar Aruk,"386,986.23",Accepted-AOC,15-Jul-2026,Municipal Bodies||Keonjhargarh Municipal Council
2026_PZPRM_128688_4,"BDO, Ramanaguda-online-01/2026-27",Construction of GPLFs Office Building with Market Complex at Parikhiti,Construction of GPLFs Office Building with Market Complex at Parikhiti,Works,Open Tender,Percentage,Civil Works - Buildings,No,No,NA ,02-May-2026 10:00 AM,NA ,90.0,No ,No,Online,25-May-2026 11:30 AM,Panchayati Raj and Drinking Water Department Odisha||Zilla Parisad Rayagada||RAMANAGUDA Block,Parikhiti,765029.0,1.0,"21,61,511",SABITA MISHRA,"2,161,510",Rejected-Finance,01-Jul-2026,Panchayati Raj and Drinking Water Department Odisha||Zilla Parisad Rayagada||RAMANAGUDA Block
2026_SDA_132707_1,SDASBP- 01/2026-27 Dt. 19.06.2026,"Installation of UPVC Windows and ACP Sheet fixed in aluminum frame in the Sports Zone and Kids Zone developed under the Fly over bridge near Sambalpur Jn. Station Khetrajpur, Sambalpur","Installation of UPVC Windows and ACP Sheet fixed in aluminum frame in the Sports Zone and Kids Zone developed under the Fly over bridge near Sambalpur Jn. Station Khetrajpur, Sambalpur",Works,National Competitive Bid,Percentage,Civil Works - Others,No,No,NA ,23-Jun-2026 01:00 PM,NA ,120.0,No ,No,Online,03-Jul-2026 11:00 AM,Sambalpur Development Authority,SAMBALPUR,768003.0,1.0,"8,56,000",RADHA KRISHNA KAR,"855,836",Rejected-AOC,22-Jul-2026,Sambalpur Development Authority
2025_OMC_112332_1,"OMC/E-PROC/CP/003/2025-26, Dtd 03/04/2025","Overhauling of APC plant for Ferro Chrome plant, OMC","Overhauling of APC plant for Ferro Chrome plant, OMC",Services,Open Tender,Item Rate,Miscellaneous Services,No,No,NA ,08-Apr-2025 06:15 PM,23-Apr-2025 11:30 AM ,180.0,No ,No,Online,17-May-2025 05:00 PM,Orissa Mining Corporation,"Ferrochrome Plant, OMC Limited",755020.0,2.0,,GLOBAL ENVIRO AIR SYSTEMS PRIVATE LIMITED,"6,372,024",Rejected-Technical,09-Jul-2026,Orissa Mining Corporation
2026_CERWI_125143_1,Online-AGL-34/2025-26,Construction of road from NH-55 to Nilaposi via- Laxmanpur,Construction of road from NH-55 to Nilaposi via- Laxmanpur,Works,National Competitive Bid,Percentage,Civil Works - Roads,No,No,NA ,28-Jan-2026 06:00 PM,NA ,90.0,No ,No,Online,12-Feb-2026 10:00 AM,CE RW I||RWCIRCLE-ANGUL,Angul,759143.0,2.0,"4,97,34,647",Er.Raghunath Agarwalla,"49,734,647",Accepted-AOC,03-Jul-2026,CE RW I||RWCIRCLE-ANGUL
2026_CERWI_125945_1,RWCCESNG-32 of 2025-26,Construction of road from RD Road to Sarandamal,Construction of road from RD Road to Sarandamal,Works,National Competitive Bid,Percentage,Civil Works - Roads,No,No,NA ,12-Feb-2026 04:00 PM,NA ,90.0,No ,No,Online,05-Mar-2026 11:00 AM,CE RW I||RW-CIRCLE-SUNDARGARH,Rourkela,769004.0,2.0,"2,77,06,381",AJAY TIWARI,"27,706,381.394",Accepted-AOC,08-Jul-2026,CE RW I||RW-CIRCLE-SUNDARGARH
2026_ORULB_127693_16,MC(CMC)CTC_Div-IIINo1/2026-27,"Improvement of road from Don Bosco,s School (Plot No.1210) to Aditya Residence at Sec-3 at Mahanadi Vihar in Ward No.47.","Improvement of road from Don Bosco,s School (Plot No.1210) to Aditya Residence at Sec-3 at Mahanadi Vihar in Ward No.47.",Works,Open Tender,Percentage,Civil Works - Others,No,No,NA ,07-Apr-2026 05:00 PM,NA ,105.0,No ,No,Online,22-Apr-2026 10:00 AM,Municipal Bodies||Cuttack Municipal Corporation,CMC,753012.0,1.0,"16,53,629",MANAS KUMAR BEHERA (S.C.),"1,653,628",Rejected-AOC,25-Jul-2026,Municipal Bodies||Cuttack Municipal Corporation
2026_EICCL_130106_1,Bid Id No. SE- 06/2026-27,"Repair and Renovation of DIC Office Building, Mayurbhanj at Takatpur in the District of Mayurbhanj for the year 2026-27","Repair and Renovation of DIC Office Building, Mayurbhanj at Takatpur in the District of Mayurbhanj for the year 2026-27",Works,Open Tender,Percentage,Civil Works - Buildings,No,No,NA ,30-May-2026 10:00 AM,NA ,90.0,No ,No,Online,11-Jun-2026 11:00 AM,EIC-CIVIL||SERNB-CIRCLE-EASTERN||EERNB-DIVN-BARIPADA,Baripada,757001.0,1.0,,JIBAN KUMAR DANDPAT,"4,461,679",Rejected-Finance,20-Jul-2026,EIC-CIVIL||SERNB-CIRCLE-EASTERN||EERNB-DIVN-BARIPADA
2026_CEMIB_134508_1,SEMIDBLS-03/2026-27,Improvement to Jamalpur Check Dam in Basta Block of Balasore District under Improvement to Check Dam Scheme for the FY 2026-27,Improvement to Jamalpur Check Dam in Basta Block of Balasore District under Improvement to Check Dam Scheme for the FY 2026-27,Works,Open Tender,Percentage,Civil Works - Others,No,No,NA ,08-Jul-2026 10:00 AM,NA ,90.0,No ,No,Online,20-Jul-2026 11:00 AM,"CE,Minor Irrigation,BBSR||Baripada Minor Irrigation Circle Baripada||MI Division Balasore",Basta Block,756029.0,1.0,"8,34,060",BISWANATH JENA,"834,060",Accepted-AOC,31-Jul-2026,"CE,Minor Irrigation,BBSR||Baripada Minor Irrigation Circle Baripada||MI Division Balasore"
2026_CEMIB_128417_6,"SE,MID,SBP/02/2026-27",Improvement to Headworks of Sukhupada MIP (Diversion Weir) in Rengali Block of Sambalpur District under Improvement to Diversion Weir scheme for 2026-27.,Improvement to Headworks of Sukhupada MIP (Diversion Weir) in Rengali Block of Sambalpur District under Improvement to Diversion Weir scheme for 2026-27.,Works,Open Tender,Percentage,Civil Works - Others,No,No,NA ,24-Apr-2026 11:00 AM,NA ,90.0,No ,No,Online,05-May-2026 10:00 AM,"CE,Minor Irrigation,BBSR||SENMIC-SAMBALPUR||SAMBALPUR",Sambalpur,768001.0,1.0,"32,44,153",ARIN PRADHAN,"3,244,152.67",Rejected-AOC,01-Jun-2026,"CE,Minor Irrigation,BBSR||SENMIC-SAMBALPUR||SAMBALPUR"
2026_CEMIB_128063_3,MIDGJP-02/2026-27,Improvement to Lingipur Check Dam near village Lingipur in Gosani Block of Gajapati District under Imp. to Check Dam for the year-2026-27.,Improvement to Lingipur Check Dam near village Lingipur in Gosani Block of Gajapati District under Imp. to Check Dam for the year-2026-27.,Works,Open Tender,Percentage,Civil Works - Others,No,No,NA ,10-Apr-2026 06:55 PM,NA ,90.0,No ,No,Online,21-Apr-2026 11:00 AM,"CE,Minor Irrigation,BBSR||SESMIC-BERHAMPUR||GAJAPATI",Gajapati,761200.0,1.0,"8,81,000",AKASH PATRO,"859,606.59",Accepted-AOC,10-Jul-2026,"CE,Minor Irrigation,BBSR||SESMIC-BERHAMPUR||GAJAPATI"
2026_CEBMB_128710_1,HID-01/2026-27,Protection of Right Bank of River Padma near D/S of village MendhiPankala of Harbhangi Irrigation Project.,FLOOD PROTECTION WORK,Works,National Competitive Bid,Percentage,Civil Works - Others,No,No,NA ,04-May-2026 11:00 AM,NA ,90.0,No ,No,Online,25-May-2026 11:00 AM,"CE-BM,RVN Basin,Berhampur||SE Southern Irr Circle II Paralakhemundi||EE Harabhangi Irr Divn Adava",ADAVA,761217.0,1.0,"38,37,840",Santosh Kumar Panda,"2,763,245",Rejected-Finance,22-Jul-2026,"CE-BM,RVN Basin,Berhampur||SE Southern Irr Circle II Paralakhemundi||EE Harabhangi Irr Divn Adava"
2026_ORULB_126907_9,BBLM-7/2025-26,"Repair of bye lane in Ward No.1, Barbil","Repair of bye lane in Ward No.1, Barbil",Works,Open Tender,Percentage,Civil Works - Roads,No,No,NA ,09-Mar-2026 10:00 AM,NA ,90.0,No ,No,Online,20-Mar-2026 11:00 AM,Municipal Bodies||Barbil Municipality,Barbil,758035.0,2.0,"20,00,000",RAMACHANDRA SANDIL,"2,059,911",Rejected-Finance,08-Jul-2026,Municipal Bodies||Barbil Municipality
2026_CEMIB_128063_1,MIDGJP-02/2026-27,Improvement to Deopur Nalla Check Dam near village Labanyagarh in Gosani Block of Gajapati District under Imp. to Check Dam for the year-2026-27.,Improvement to Deopur Nalla Check Dam near village Labanyagarh in Gosani Block of Gajapati District under Imp. to Check Dam for the year-2026-27.,Works,Open Tender,Percentage,Civil Works - Others,No,No,NA ,10-Apr-2026 06:55 PM,NA ,90.0,No ,No,Online,21-Apr-2026 11:00 AM,"CE,Minor Irrigation,BBSR||SESMIC-BERHAMPUR||GAJAPATI",Gajapati,761200.0,1.0,"9,63,000",PODANI VIJAYA KUMAR,"963,249.54",Rejected-AOC,06-Jul-2026,"CE,Minor Irrigation,BBSR||SESMIC-BERHAMPUR||GAJAPATI"
2025_ORULB_110028_9,MCCMCCTC_Div-III_No29/2024-25,Construction of CC road from Ram Nagar village road to U.P. Mohanty res at Ram Nagar in Ward No.59.,Construction of CC road from Ram Nagar village road to U.P. Mohanty res at Ram Nagar in Ward No.59.,Works,Open Tender,Percentage,Civil Works - Others,No,No,NA ,18-Feb-2025 02:00 PM,NA ,105.0,No ,No,Online,03-Mar-2025 10:00 AM,Municipal Bodies||Cuttack Municipal Corporation,CMC,753012.0,1.0,"17,01,932",TUSAR KANTI HARICHANDAN,"1,446,813",Rejected-AOC,08-Jul-2026,Municipal Bodies||Cuttack Municipal Corporation
2026_CERWI_129613_1,Online Tender 01 RWD SBD 2026 27,SR to RI Office cum Res Building at Subai for the year 2026-27_building,SR to RI Office cum Res Building at Subai for the year 2026-27_building,Works,Open Tender,Percentage,Civil Works - Buildings,No,No,NA ,22-May-2026 11:00 AM,NA ,90.0,No ,No,Online,05-Jun-2026 11:00 AM,CE RW I||RWCIRCLE-SUNABEDA||RWDIVISION-SUNABEDA,Sunabeda,763001.0,1.0,"8,47,340",Sunita Kuldeep,"763,453",Rejected-AOC,12-Jul-2026,CE RW I||RWCIRCLE-SUNABEDA||RWDIVISION-SUNABEDA
2026_ORULB_125854_65,04/VNM/2025-26,Construction of road from Biramanipur Main Road To Subal Rout House in ward no-24,Construction of road from Biramanipur Main Road To Subal Rout House in ward no-24,Works,Open Tender,Percentage,Civil Works - Roads,No,No,NA ,12-Feb-2026 11:00 AM,NA ,30.0,No ,No,Online,02-Mar-2026 11:00 AM,Municipal Bodies||Vyasanagar Municipality,vyasanagar municipality,755019.0,1.0,"2,54,278",KUMAR PRIYARANJAN,"253,769.65",Rejected-Finance,23-Jul-2026,Municipal Bodies||Vyasanagar Municipality
2025_ORULB_120037_38,PM_02/2025-26,Const of road at R.D Road to Babu Khan House in ward no - 13,Const of road at R.D Road to Babu Khan House in ward no - 13,Works,Open Limited,Percentage,Civil Works - Others,No,No,NA ,01-Nov-2025 06:00 PM,NA ,90.0,No ,No,Online,15-Nov-2025 11:00 AM,Municipal Bodies||Pattamundai Municipality,Pattamundai,754215.0,1.0,"15,88,553",AJIT KUMAR LENKA,"1,593,506",Rejected-AOC,04-Jul-2026,Municipal Bodies||Pattamundai Municipality
2026_CEMIB_128417_4,"SE,MID,SBP/02/2026-27",Improvement to Headworks of Nuagaon MIP (Diversion Weir) in Jamankira Block of Sambalpur District under Improvement to Diversion Weir scheme for 2026-27.,Improvement to Headworks of Nuagaon MIP (Diversion Weir) in Jamankira Block of Sambalpur District under Improvement to Diversion Weir scheme for 2026-27.,Works,Open Tender,Percentage,Civil Works - Water Works,No,No,NA ,24-Apr-2026 11:00 AM,NA ,90.0,No ,No,Online,05-May-2026 10:00 AM,"CE,Minor Irrigation,BBSR||SENMIC-SAMBALPUR||SAMBALPUR",Sambalpur,768001.0,1.0,"26,80,476",SUDHANSU KUMAR MOHANTY,"2,680,475.56",Rejected-AOC,24-Jun-2026,"CE,Minor Irrigation,BBSR||SENMIC-SAMBALPUR||SAMBALPUR"
2026_ORULB_128801_3,MC(CMC)CTC_Div-IINo9/2026-27,Construction of Toilet and Compound Wall near Balibhagat School in Ward No. 25.,Construction of Toilet and Compound Wall near Balibhagat School in Ward No. 25.,Works,Open Tender,Percentage,Civil Works - Others,No,No,NA ,21-May-2026 03:00 PM,NA ,90.0,No ,No,Online,04-Jun-2026 11:00 AM,Municipal Bodies||Cuttack Municipal Corporation,CMC,753012.0,1.0,"6,25,400",SHIBA SANKAR SETHI,"625,322",Rejected-AOC,14-Jul-2026,Municipal Bodies||Cuttack Municipal Corporation
2026_ORULB_126636_18,BMC-EE-Tender Cell-73/2025-26 Dt. 25.02.2026,Raising of Ward Office compound wall in Ward No. 25,Raising of Ward Office compound wall in Ward No. 25,Works,Open Tender,Percentage,Civil Works - Others,No,No,NA ,28-Feb-2026 10:30 AM,05-Mar-2026 04:00 PM ,120.0,No ,No,Online,12-Mar-2026 11:00 AM,Municipal Bodies||Bhubaneswar Municipal Corporation,BMC AREA,751022.0,1.0,"4,13,247",BALARAM SAHOO,"487,632",Rejected-Finance,02-Jul-2026,Municipal Bodies||Bhubaneswar Municipal Corporation
2026_OSCSC_127795_1,02/2026/31.03.2026,HANDLING CONTRACTORE,"Selection and appointment of Handling Contractor (Labour works) for handling of food grain (Rice, Wheatetc) at all the Rice Receiving Centres (RRCs) (except in those PEG godowns where godown owner is undertaking handling work)of Nabarangpur district.",Services,Open Tender,Percentage,Handling and Transportation,No,No,NA ,04-Apr-2026 10:00 AM,07-Apr-2026 11:00 AM ,45.0,No ,No,Online,16-Apr-2026 11:00 AM,Odisha State Civil Supplies Corp. Ltd.||CSO cum DM Nawrangpur,NABRANGPUR DISTRICT,764059.0,2.0,,V.SANTOSH KUMAR,"7,575,667",Rejected-Finance,02-Jul-2026,Odisha State Civil Supplies Corp. Ltd.||CSO cum DM Nawrangpur
2026_CERWI_126093_1,RWCCESNG-32 of 2025-26,"Construction of road from Kheriakani to Kuarmala via Badalpada, Gireldungri","Construction of road from Kheriakani to Kuarmala via Badalpada, Gireldungri",Works,National Competitive Bid,Percentage,Civil Works - Roads,No,No,NA ,16-Feb-2026 11:00 AM,NA ,90.0,No ,No,Online,05-Mar-2026 11:00 AM,CE RW I||RW-CIRCLE-SUNDARGARH,Sundergarh,770020.0,2.0,"4,99,73,049",PADMANAV PUROHIT,"49,923,076.421",Rejected-Finance,09-Jul-2026,CE RW I||RW-CIRCLE-SUNDARGARH
2025_OSCSC_116050_1,3582/2025,Selection and appointment of Level-II Transport Contractor for the biennial year 2025-27 of Khandapada Block and NAC.,Selection and appointment of Level-II Transport Contractor for the biennial year 2025-27 of Khandapada Block and NAC.,Services,Open Tender,Percentage,Handling and Transportation,No,No,NA ,25-Jul-2025 10:00 AM,30-Jul-2025 11:00 AM ,45.0,No ,No,Online,12-Aug-2025 11:00 AM,Odisha State Civil Supplies Corp. Ltd.||CSO cum DM Nayagarh,From RRC-cum-DSC to FPSs point,752090.0,2.0,"47,59,092",DILLIP KUMAR PANDA,19.35,Accepted-AOC,31-Jul-2026,Odisha State Civil Supplies Corp. Ltd.||CSO cum DM Nayagarh
2026_CEMIB_129327_1,ACEKBK-IIMIC-01/2026-27,Renovation to Bagrijhola MIP (Res) in Kashipur Block of Rayagada District under DPIW Scheme for the year 2026-27,Renovation to Bagrijhola MIP (Res) in Kashipur Block of Rayagada District under DPIW Scheme for the year 2026-27,Works,Open Tender,Percentage,Civil Works - Water Works,No,No,NA ,15-May-2026 10:00 AM,NA ,90.0,No ,No,Online,30-May-2026 11:00 AM,"CE,Minor Irrigation,BBSR||SE,KBK Minor Irr.CircleII,Jeypore",Kashipur,765015.0,2.0,"1,80,34,397",SUSANTA KUMA SETHI,"13,381,522.54",Rejected-AOC,08-Jul-2026,"CE,Minor Irrigation,BBSR||SE,KBK Minor Irr.CircleII,Jeypore"
2026_PRZB_128475_10,PS-LNJ-T-1/2026-27,Construction of Addl. Class room at Govt. PS Paikthuaguda (2) in Lanjigarh Block,Building,Works,Open Tender,Percentage,Civil Works - Buildings,No,No,NA ,28-Apr-2026 11:00 AM,NA ,90.0,No ,No,Online,13-May-2026 11:00 AM,Panchayati Raj and Drinking Water Department Odisha||Zilla Parisad Kalahandi||LANJIGARH Block,Lanjigarh,766027.0,1.0,"14,64,445",BISHNU CHARAN BHOI,"1,369,256",Rejected-Finance,18-Jul-2026,Panchayati Raj and Drinking Water Department Odisha||Zilla Parisad Kalahandi||LANJIGARH Block
2026_ORULB_126636_24,BMC-EE-Tender Cell-73/2025-26 Dt. 25.02.2026,Improvement of road at Balitotasahi Lane no. 4 in Ward No. 39,Improvement of road at Balitotasahi Lane no. 4 in Ward No. 39,Works,Open Tender,Percentage,Civil Works - Roads,No,No,NA ,28-Feb-2026 10:30 AM,05-Mar-2026 04:00 PM ,120.0,No ,No,Online,12-Mar-2026 11:00 AM,Municipal Bodies||Bhubaneswar Municipal Corporation,BMC AREA,751022.0,1.0,"2,53,920",BICHITRA BEHERA,"239,730",Accepted-AOC,21-Jul-2026,Municipal Bodies||Bhubaneswar Municipal Corporation
2026_OPEPA_129643_3,DPC/SS/SNG/13OF2026-27,"INFRASTRUCTURE DEVELOPMENT OF BANAILATA MISSION PRY. SCHOOL, GOVT. UPPER PRIMARY SCHOOL MADHUPUR UNDER NUAGAON BLOCK (2)","INFRASTRUCTURE DEVELOPMENT OF BANAILATA MISSION PRY. SCHOOL, GOVT. UPPER PRIMARY SCHOOL MADHUPUR UNDER NUAGAON BLOCK (2)",Works,Open Tender,Percentage,Civil Works - Buildings,No,No,NA ,25-May-2026 09:00 AM,NA ,90.0,No ,No,Online,16-Jun-2026 05:30 PM,OPEPA Bhubaneswar||Samagra Shiksha Sundargarh,SUNDARGARH,770001.0,2.0,"6,11,38,624",BIJAYA KUMARA JAISWAL,"61,138,624.07",Rejected-Technical,06-Jul-2026,OPEPA Bhubaneswar||Samagra Shiksha Sundargarh
2026_EICCL_127550_7,SE R and B Divn NoI Bam 70/2025-26,"SITC of fire Fighting and alarm System at Casualty Building (G Plush 3), MKCG MC and H, Berhampur","SITC of fire Fighting and alarm System at Casualty Building (G Plush 3), MKCG MC and H, Berhampur",Works,Open Tender,Percentage,Electrical Works,No,No,NA ,24-Mar-2026 06:55 PM,NA ,90.0,No ,No,Online,31-Mar-2026 11:30 AM,EIC-CIVIL||SERNB-CIRCLE-BERHAMPUR||EERNB-DIVN-GANJAM I,Berhampur,760005.0,1.0,"27,55,954",HAREKRUSHNA INDUSTRIES PROP. SURENDRA KUMAR JENA,"2,149,644",Accepted-AOC,22-Jul-2026,EIC-CIVIL||SERNB-CIRCLE-BERHAMPUR||EERNB-DIVN-GANJAM I
2026_ORULB_127814_6,MC(CMC)CTC_Div-IIiNo2/2026-27,Renovation of Aahar Centre near Tareni temple inside SCB Medical Campus in Ward No.35.,Renovation of Aahar Centre near Tareni temple inside SCB Medical Campus in Ward No.35.,Works,Open Tender,Percentage,Civil Works - Others,No,No,NA ,27-Apr-2026 02:00 PM,NA ,60.0,No ,No,Online,13-May-2026 10:00 AM,Municipal Bodies||Cuttack Municipal Corporation,CMC,753001.0,1.0,"7,38,571",PRAVAT CHANDRA BEHERA,"738,571.46",Rejected-AOC,03-Jul-2026,Municipal Bodies||Cuttack Municipal Corporation
2026_CERWI_132147_1,EETIG-ONLINE-01-2026-27,Construction of PWD Road to Ghusiripada road in the district of Bolangir under MMSY for the year 2026-27,Construction of PWD Road to Ghusiripada road in the district of Bolangir under MMSY for the year 2026-27,Works,Open Tender,Percentage,Civil Works - Roads,No,No,NA ,16-Jun-2026 11:00 AM,NA ,90.0,No ,No,Online,24-Jun-2026 11:00 AM,CE RW I||RWCIRCLE-BALANGIR||RWDIVISION-TITLAGARH,Balangir,767042.0,2.0,"84,37,729",BYASADEBA SAHU,"8,420,854",Rejected-Finance,30-Jul-2026,CE RW I||RWCIRCLE-BALANGIR||RWDIVISION-TITLAGARH
2026_ORULB_128169_16,SNP-MUN-36/2025-26,"Estimate for Electrification and concealed wiring of Sanskruti Mandap Majhipada , Ward No.-09 of Sonepur Municipality","Estimate for Electrification and concealed wiring of Sanskruti Mandap Majhipada , Ward No.-09 of Sonepur Municipality",Works,Open Tender,Percentage,Civil Works - Others,No,No,NA ,17-Apr-2026 11:00 AM,NA ,45.0,No ,No,Online,28-Apr-2026 11:00 AM,Municipal Bodies||Sonepur Municipal Council,Sonepur Municipality,767017.0,1.0,"4,17,255",BIKRAM KUMAR AGRAWAL,"417,255",Rejected-Technical,20-Jul-2026,Municipal Bodies||Sonepur Municipal Council
2026_CEMWR_127666_1,ACEM/MDL-63/2025-26,"Supply, fabrication, and erection of Gate and Hoist of Sankasira Check Dam of Jashipur Block under minor Irrigation Division Jashipur for the year-2025-26.","Supply, fabrication, and erection of Gate and Hoist of Sankasira Check Dam of Jashipur Block under minor Irrigation Division Jashipur for the year-2025-26.",Works,Open Tender,Percentage,Mechanical Works,No,No,NA ,30-Mar-2026 10:00 AM,NA ,90.0,No ,No,Online,17-Apr-2026 11:00 AM,Chief Engineer Mech - WR Bhubaneswar||SE Mechanical Circle Bhubaneswar,"SANKASIRA CHECK DAM , JASHIPUR BLOCK",757034.0,1.0,"15,24,278",M/S. DASH ENTERPRISERS (PROP - RAJEEB LOCHAN DASH),"1,524,278",Rejected-Finance,08-Jul-2026,Chief Engineer Mech - WR Bhubaneswar||SE Mechanical Circle Bhubaneswar
2026_CEBMB_128949_17,SE-HID-ADV-02/2026-27,"M/R to Peruponga minor,S/M,Khilamunda Minor,PanganapodarS/M I, S/MII,BodohumaS/M I,S/m II,Chitisarma Minor, S/M I, S/M II,L.LPur S/M,JeeraS/m I,S/m II,S/M III,Radu S/m, Dharapur S/m,BichikotS/M I,S/m II,S/M II off taking from JeeraBranch Canal of BIP",DESILTING OF CANAL,Works,National Competitive Bid,Percentage,Civil Works - Others,No,No,NA ,11-May-2026 11:00 AM,NA ,90.0,No ,No,Online,25-May-2026 11:00 AM,"CE-BM,RVN Basin,Berhampur||SE Southern Irr Circle II Paralakhemundi||EE Harabhangi Irr Divn Adava",ADAVA,761217.0,1.0,"7,96,608",Abani Ranjan Panigrahi,"796,608",Rejected-AOC,24-Jun-2026,"CE-BM,RVN Basin,Berhampur||SE Southern Irr Circle II Paralakhemundi||EE Harabhangi Irr Divn Adava"
2026_STSCD_125431_6,ITDAKPD-04/2025-26,Const. of 2 Nos. Addl. Class Room at P.C. Pur Ashram School under Udala Block,Const. of 2 Nos. Addl. Class Room at P.C. Pur Ashram School under Udala Block,Works,National Competitive Bid,Percentage,Civil Works - Buildings,No,No,NA ,12-Feb-2026 10:00 AM,NA ,90.0,No ,No,Online,23-Feb-2026 11:00 AM,ST and SC Development Deptt||ITDA Kaptipada,Udala,757041.0,1.0,"31,78,271",Biswajit Pramanik,"2,183,472",Accepted-AOC,11-Jul-2026,ST and SC Development Deptt||ITDA Kaptipada
2026_CEMWR_129736_1,ACE/MCB/MDB-02/2026-27,Hydro mechanical Gate Works.,"Replacement of 20 nos of Fall board shutter over Kharkharinalla D/W at beguniapada,under Superintending engineer M.I Division Ganjam No.-II Berhampur for F.Y 2024-25.",Works,Open Tender,Percentage,Mechanical Works,No,No,NA ,26-May-2026 10:00 AM,NA ,90.0,No ,No,Online,06-Jun-2026 12:00 PM,"Chief Engineer Mech - WR Bhubaneswar||SE, Mechanical, MIP, Hirakud||EE, Mech Divn, Ambaguda","Begunipada, Ganjam",761031.0,1.0,"11,24,365",SPS INDUSTRY,"1,124,365.04",Rejected-Finance,10-Jul-2026,"Chief Engineer Mech - WR Bhubaneswar||SE, Mechanical, MIP, Hirakud||EE, Mech Divn, Ambaguda"
2026_STSCD_128381_1,ITDABPD-03/2026-27,Construction of Adivasi Bhawan at Baripada under Baripada Block.,Construction of Adivasi Bhawan at Baripada under Baripada Block.,Works,National Competitive Bid,Percentage,Civil Works - Buildings,No,No,NA ,23-Apr-2026 10:00 AM,NA ,90.0,No ,No,Online,11-May-2026 11:00 AM,ST and SC Development Deptt||ITDA Baripada,BARIPADA,757002.0,2.0,"2,93,82,993",ASHIS KUMAR PAUL,"29,353,610.404",Rejected-AOC,30-Jul-2026,ST and SC Development Deptt||ITDA Baripada
2025_ORULB_115568_90,BM-BDK-05-2025-26,Const Of Drain and paver Road From Idun House towards Sahensha house and Muna Haji Sahab House to Charminar Mandap In award no-17,Const Of Drain and paver Road From Idun House towards Sahensha house and Muna Haji Sahab House to Charminar Mandap In award no-17,Works,Open Tender,Percentage,Civil Works - Others,No,No,NA ,24-Jul-2025 10:00 AM,NA ,90.0,No ,No,Online,04-Aug-2025 11:00 AM,Municipal Bodies||Bhadrak Municipality,Bhadrak Municipality,756100.0,1.0,"11,09,205",RATH MUNDA,"1,053,856",Accepted-AOC,03-Jul-2026,Municipal Bodies||Bhadrak Municipality
2026_ORULB_128734_16,SNP-MUN-37/2026-27,Construction of Drain AWC to Tikiripada Culvert in ward no-7,Construction of Drain AWC to Tikiripada Culvert in ward no-7,Works,Open Tender,Percentage,Civil Works - Others,No,No,NA ,05-May-2026 11:00 AM,NA ,60.0,No ,No,Online,16-May-2026 11:00 AM,Municipal Bodies||Sonepur Municipal Council,Sonepur Municipality,767017.0,1.0,"12,71,692",BIKRAM KUMAR AGRAWAL,"1,271,692",Rejected-Technical,20-Jul-2026,Municipal Bodies||Sonepur Municipal Council
2025_ORULB_109266_8,EONM-02/2024-25,Construction of Drain with Paver Block Road at Padhy Gully in Ward No-05,CIVIL WORK,Works,Open Tender,Percentage,Civil Works - Others,No,No,NA ,10-Jan-2025 11:00 AM,NA ,180.0,No ,No,Online,21-Jan-2025 11:00 AM,Municipal Bodies||Nabarangpur Municipality,Nabarangpur Municipality,764059.0,1.0,"4,09,447",DAYANIDHI BHATARA,"368,543",Accepted-AOC,31-Jul-2026,Municipal Bodies||Nabarangpur Municipality
2026_CTTD_128233_1,993.0,"RFP for SELECTION OF ORSAC EMPANELLED DGPS ETS SURVEYORS HAVING OFFICE IN CUTTACK, PURI and BHUBANESWAR FOR SITE VERIFICATION OF HEIGHT CLEARANCE CASES FOR SHRI JAGANNATH INTERNATIONAL AIRPORT (SJIA), PURI","RFP for SELECTION OF ORSAC EMPANELLED DGPS ETS SURVEYORS HAVING OFFICE IN CUTTACK, PURI and BHUBANESWAR FOR SITE VERIFICATION OF HEIGHT CLEARANCE CASES FOR SHRI JAGANNATH INTERNATIONAL AIRPORT (SJIA), PURI",Services,Open Tender,Empanelment,Miscellaneous Services,No,No,NA ,18-Apr-2026 05:00 PM,NA ,180.0,No ,No,Online,08-May-2026 03:30 PM,Commerce and Transport (Transport) Department,Puri,752002.0,2.0,,M/s. Tecnoglance Consulting Private Limited,0.142,Rejected-Finance,02-Jul-2026,Commerce and Transport (Transport) Department
2026_ORULB_127009_5,MC(CMC)CTC_Div-I_No.25/2025-26,Construction of Ward Office in Ward No. 8.,Construction of Ward Office in Ward No. 8.,Works,Open Tender,Percentage,Civil Works - Others,No,No,NA ,10-Mar-2026 01:00 PM,NA ,90.0,No ,No,Online,24-Mar-2026 11:00 AM,Municipal Bodies||Cuttack Municipal Corporation,CMC,753012.0,1.0,"22,61,200",SRIMANT SETHY,"2,261,113",Rejected-AOC,06-Jul-2026,Municipal Bodies||Cuttack Municipal Corporation
2026_PRZSU_129269_7,1/PSS/2026-27,"Renovation of beheramunda Tank with surplus subdega G.P ,Block subdega","Renovation of beheramunda Tank with surplus subdega G.P ,Block subdega",Works,Open Tender,Percentage,Civil Works - Others,No,No,NA ,14-May-2026 09:00 AM,NA ,120.0,No ,No,Offline,21-May-2026 09:00 AM,Panchayati Raj and Drinking Water Department Odisha||Zilla Parisad Sundargarh||SUBDEGA Block,SUBDEGA,770014.0,2.0,"46,28,593",PRIYAM KUMAR NAIK,"4,623,964.89",Rejected-AOC,29-May-2026,Panchayati Raj and Drinking Water Department Odisha||Zilla Parisad Sundargarh||SUBDEGA Block
2025_CERWI_120439_2,Online Tender/13/RWDBNJ/2025-26,S/R to Kalama to Sarapanka Via Jindabadi road under periodical Maintenance for the year 2025-26.,S/R to Kalama to Sarapanka Via Jindabadi road under periodical Maintenance for the year 2025-26.,Works,National Competitive Bid,Percentage,Civil Works - Roads,No,No,NA ,31-Oct-2025 06:55 PM,NA ,90.0,No ,No,Online,11-Nov-2025 11:00 AM,CE RW I||RWCIRCLE-BERHAMPUR||RW Division Bhanjanagar,Bhanjanagar,761126.0,1.0,"27,95,992",AKASH KUMAR PANDA,"2,376,873",Rejected-AOC,28-Jul-2026,CE RW I||RWCIRCLE-BERHAMPUR||RW Division Bhanjanagar
2025_ORULB_117940_7,NLGN _05/2025-26,"Constr. Of C.C Road from Kusa Sing house to Balaram Sing house, W.No.3","Constr. Of C.C Road from Kusa Sing house to Balaram Sing house, W.No.3",Works,Open Tender,Percentage,Civil Works - Roads,No,No,NA ,13-Sep-2025 10:00 AM,NA ,120.0,No ,No,Online,25-Sep-2025 11:00 AM,Municipal Bodies||Nilgiri NAC,Nilgiri NAC,756040.0,1.0,"1,69,491",KRUTIBASH NANDA,"169,491",Rejected-AOC,14-Jul-2026,Municipal Bodies||Nilgiri NAC
2026_EICCL_124698_1,CCE KHORDHA R and B CIRCLE 10 2025-26,Improvement of Bijipur-Karabar Road from 0/00 km to 7/311 km in the district of Nayagarh under state plan for the year 2025-26,Improvement of Bijipur-Karabar Road from 0/00 km to 7/311 km in the district of Nayagarh under state plan for the year 2025-26,Works,Open Tender,Percentage,Civil Works - Roads,No,No,NA ,17-Jan-2026 10:00 AM,NA ,90.0,No ,No,Online,04-Feb-2026 11:30 AM,EIC-CIVIL||SERNB-CIRCLE-KHURDA,Nayagarh,752069.0,2.0,"6,11,76,553",MAA SANTOSHI CONSTRUCTION,"60,228,316",Rejected-Finance,30-Jul-2026,EIC-CIVIL||SERNB-CIRCLE-KHURDA
2026_PRZB_128475_8,PS-LNJ-T-1/2026-27,Construction of Addl. Class room at Govt. PS Musanal in Lanjigarh Block,Building,Works,Open Tender,Percentage,Civil Works - Buildings,No,No,NA ,28-Apr-2026 11:00 AM,NA ,90.0,No ,No,Online,13-May-2026 11:00 AM,Panchayati Raj and Drinking Water Department Odisha||Zilla Parisad Kalahandi||LANJIGARH Block,Lanjigarh,766027.0,1.0,"14,64,445",BISHNU CHARAN BHOI,"1,307,749",Rejected-Finance,18-Jul-2026,Panchayati Raj and Drinking Water Department Odisha||Zilla Parisad Kalahandi||LANJIGARH Block
2026_EICCL_124249_1,CE-BRIDGES-13/2025-26,Construction of H. L. Bridge over river Gunfa at Ch.31.900km of Chipat Junction to Baripada Baghra road in the District of Mayurbhanj under State Plan for the year 2024-25,Construction of H. L. Bridge over river Gunfa at Ch.31.900km of Chipat Junction to Baripada Baghra road in the District of Mayurbhanj under State Plan for the year 2024-25,Works,Open Tender,Percentage,Civil Works - Bridges,No,No,NA ,19-Jan-2026 10:00 AM,NA ,90.0,No ,No,Online,05-Feb-2026 11:30 AM,EIC-CIVIL||EIC-CIVIL,in the District of Mayurbhanj,751001.0,2.0,"12,56,49,136",MANASA KU TRIPATHY,"113,096,787",Rejected-Technical,20-Jul-2026,EIC-CIVIL||EIC-CIVIL
2026_ORULB_125609_7,KNK-2(12)-2025-26,Construction of community centre at Ramachandi thakurani in ward No-11,Construction of community centre at Ramachandi thakurani in ward No-11,Works,Open Tender,Percentage,Civil Works - Others,No,No,NA ,07-Feb-2026 12:00 PM,NA ,120.0,No ,No,Online,23-Feb-2026 11:30 AM,Municipal Bodies||Konark NAC,Konark NAC,752111.0,1.0,"5,51,805",SANATAN KANDI,"553,525.96",Rejected-Finance,06-Jul-2026,Municipal Bodies||Konark NAC
2026_CEMIB_124862_1,Bid ID No. 09 SEMID (KJR/ 2025-2026) Dt. 08.01.2026,Construction of Murusuan Check Dam over Rakumu Nallah near village Murusuan in Banspal Block of Keonjhar District under MATY for the year 2025-2026,Construction of Murusuan Check Dam over Rakumu Nallah near village Murusuan in Banspal Block of Keonjhar District under MATY for the year 2025-2026,Works,National Competitive Bid,Percentage,Civil Works - Others,No,No,NA ,20-Jan-2026 01:00 PM,NA ,90.0,No ,No,Online,30-Jan-2026 11:00 AM,"CE,Minor Irrigation,BBSR||SE,Eastern Minor Irr.Circle,Keonjhar||EE M.I. Division Keonjhar",Banspal Block of Keonjhar District,758001.0,2.0,"57,99,000",BINAY KUMAR MISHRA,"4,581,585.24",Accepted-AOC,28-Jul-2026,"CE,Minor Irrigation,BBSR||SE,Eastern Minor Irr.Circle,Keonjhar||EE M.I. Division Keonjhar"
2026_ORULB_129180_4,12/SMC_SBP/2026-27,"Construction of Paver road and Drain from Adabar house to Baikuntha Pal House, Parbati Vihar Ward No 29","Construction of Paver road and Drain from Adabar house to Baikuntha Pal House, Parbati Vihar Ward No 29",Works,Open Tender,Percentage,Civil Works - Others,No,No,NA ,14-May-2026 11:00 AM,NA ,90.0,No ,No,Online,26-May-2026 11:00 AM,Municipal Bodies||Sambalpur Municipal Corporation,SAMBALPUR MUNICIPAL CORPORATION,768006.0,1.0,"12,68,824",BIJAYA RANI BOSE,"1,268,807",Rejected-Technical,15-Jul-2026,Municipal Bodies||Sambalpur Municipal Corporation
2026_STSCD_125431_11,ITDAKPD-04/2025-26,Const. of 2 Nos. Addl. Class Room at Basipitha High School under Khunta Block,Const. of 2 Nos. Addl. Class Room at Basipitha High School under Khunta Block,Works,National Competitive Bid,Percentage,Civil Works - Buildings,No,No,NA ,12-Feb-2026 10:00 AM,NA ,90.0,No ,No,Online,23-Feb-2026 11:00 AM,ST and SC Development Deptt||ITDA Kaptipada,Khunta,757041.0,1.0,"40,31,556",ANIL KUMAR PRUSTY,"2,822,492",Rejected-AOC,13-Jul-2026,ST and SC Development Deptt||ITDA Kaptipada
2026_CEBMT_127866_5,EEBOD-01/26-27,"Construction of CC lining and repair of canal structure inbetween RD 00m to 300m and RD 320m to 3660m of Naikpada disty, of SIP.",Repair of Canal structure,Works,Open Tender,Percentage,Civil Works - Canal,No,No,NA ,10-Apr-2026 11:00 AM,NA ,90.0,No ,No,Online,27-Apr-2026 11:00 AM,"CE-BM, Tel Basin,Bhawanipatna||SE Balangir Irr Circle Balangir||EE Boudh Irr Divn Boudh",Boudh,762014.0,1.0,"33,61,000",SAJJAN NAIK,"3,193,968.5",Rejected-Technical,09-Jul-2026,"CE-BM, Tel Basin,Bhawanipatna||SE Balangir Irr Circle Balangir||EE Boudh Irr Divn Boudh"
2026_UPIDB_129394_1,SEUKID-01/2026-27 (SL06),Construction of R.C.C. trough from RD 0.640 km to 0.740 km including strengthening of right bank of Batasana minor.,CANAL STRUCTURAL WORK,Works,Open Tender,Percentage,Civil Works - Canal,No,No,NA ,20-May-2026 11:00 AM,NA ,90.0,No ,No,Online,01-Jun-2026 11:00 AM,CE AND BM IK BASIN BARINIPUT JEYPORE||Upper Kolab Project Bariniput||Upper Kolab Irrigation Division Borigumma,BORIGUMMA,764056.0,1.0,"10,20,129",KRUSHNA BAGH,"989,219",Rejected-Finance,24-Jun-2026,CE AND BM IK BASIN BARINIPUT JEYPORE||Upper Kolab Project Bariniput||Upper Kolab Irrigation Division Borigumma
2026_ORULB_125759_10,BLGR MPTY/10(01-60)/2025-26,"Const. of Paver Road at Dr. Meher Gali, College Chowk ,W.No.2",Road Work,Works,Open Tender,Percentage,Civil Works - Roads,No,No,NA ,10-Feb-2026 11:00 AM,NA ,180.0,No ,No,Online,05-Mar-2026 11:00 AM,Municipal Bodies||Balangir Municipality,Balangir,767001.0,1.0,"12,70,304",Deepak Kumar Nag,"1,203,613.45",Accepted-AOC,27-Jul-2026,Municipal Bodies||Balangir Municipality
2025_ORULB_115623_15,JM-01/2025-26,Construction of drain with Cover slab from Sadhu Charan Sundi House to Birendra Mehta House Ward No04 Joda Municipality 15th FC Untied,WORKS,Works,Open Tender,Percentage,Civil Works - Others,No,No,NA ,17-Jul-2025 10:00 AM,NA ,120.0,No ,No,Online,31-Jul-2025 11:00 AM,Municipal Bodies||Joda Municipality,JODA MUNICIPALITY AT PO BANEIKALA JODA KEONJHAR,758038.0,1.0,"4,24,107",PRAKASH CHANDRA DAS,"500,000",Accepted-AOC,16-Jul-2026,Municipal Bodies||Joda Municipality
2026_CEDC_128353_1,EE-DD-CTC-02/2026-27 / EE-DD-CTC-05/2026-27,Slope protection work of Gobari Drainage Channel near village Paikarapur under Mahanga Block in Cuttack District.,Slope protection work of Gobari Drainage Channel near village Paikarapur under Mahanga Block in Cuttack District.,Works,Open Tender,Percentage,Civil Works - Others,No,No,NA ,22-Apr-2026 11:00 AM,NA ,90.0,No ,No,Online,08-May-2026 11:30 AM,"CE,Drainage,Cuttack||SE,Drainage,Cuttack",Mahanga Block,754206.0,2.0,"83,93,954",Ankit Das,"7,092,891",Accepted-AOC,18-Jul-2026,"CE,Drainage,Cuttack||SE,Drainage,Cuttack"
2026_ORULB_126907_19,BBLM-7/2025-26,"Construction of changing room and attach toilets for players at Chatei hutting playground, Ward No.12, Barbil Municipality","Construction of changing room and attach toilets for players at Chatei hutting playground, Ward No.12, Barbil Municipality",Works,Open Tender,Percentage,Civil Works - Others,No,No,NA ,09-Mar-2026 10:00 AM,NA ,90.0,No ,No,Online,20-Mar-2026 11:00 AM,Municipal Bodies||Barbil Municipality,Barbil,758035.0,2.0,"14,88,000",JETHURAM PATRA,"1,560,176",Rejected-Finance,08-Jul-2026,Municipal Bodies||Barbil Municipality
2025_ORULB_120762_6,PM_03/2025-26,Construction of RCC drain With Cover Slab from Transformer chhaka to Ramanath Rout house in ward No-5,Construction of RCC drain With Cover Slab from Transformer chhaka to Ramanath Rout house in ward No-5,Works,Open Tender,Percentage,Civil Works - Others,No,No,NA ,04-Nov-2025 05:00 PM,NA ,90.0,No ,No,Online,15-Nov-2025 11:00 AM,Municipal Bodies||Pattamundai Municipality,Executive Officer Pattamundai Municipality,754215.0,1.0,"16,39,615",RUPADARSHI PRADHAN,"1,644,728",Rejected-AOC,25-Jul-2026,Municipal Bodies||Pattamundai Municipality
2026_EICCL_128210_2,SE DKL (R and B) 01/2026-27,"Shifting and construction of 3Ph 3W 11 KV Line of 0.8 Ckm., 3Ph 6W LT line of 2.5 Km. and installation of 63KVA, 11/0.4KV D.P mounted sub-station without transformer due to Improvement such as widening and strengthening of Tilapada to Kaluria via Moh","Shifting and construction of 3Ph 3W 11 KV Line of 0.8 Ckm., 3Ph 6W LT line of 2.5 Km. and installation of 63KVA, 11/0.4KV D.P mounted sub-station without transformer due to Improvement such as widening and strengthening of Tilapada to Kaluria via Moh",Works,Open Tender,Percentage,Electrical Works,No,No,NA ,18-Apr-2026 09:00 AM,NA ,90.0,No ,No,Online,30-Apr-2026 11:00 AM,EIC-CIVIL||SERNB-CIRCLE-DHENKANAL||EERNB-DIVN-DHENKANAL,Dhenkanal,759001.0,1.0,"37,90,186",MANGALA PRASANNA NAYAK,"3,790,186",Rejected-Technical,22-Jul-2026,EIC-CIVIL||SERNB-CIRCLE-DHENKANAL||EERNB-DIVN-DHENKANAL
2026_CEBMB_129576_3,SE-HID-ADV-03/2026-27,"M/R to Harapriya S/M, Dhaupada S/M, Durgamadhapur S/M, Chasmahuli Minor and Bandhaguda S/M Under Harabhangi Irrigation Project.",DESILTING OF CANAL WORK,Works,National Competitive Bid,Percentage,Civil Works - Others,No,No,NA ,25-May-2026 11:00 AM,NA ,90.0,No ,No,Online,06-Jun-2026 11:00 AM,"CE-BM,RVN Basin,Berhampur||SE Southern Irr Circle II Paralakhemundi||EE Harabhangi Irr Divn Adava",BADAGADA,761109.0,1.0,"6,16,722",Prasanta Kumar Pattnayak,"616,722.461",Rejected-AOC,01-Jul-2026,"CE-BM,RVN Basin,Berhampur||SE Southern Irr Circle II Paralakhemundi||EE Harabhangi Irr Divn Adava"
2025_ORULB_119252_43,BBLM-5/2025-26,"Construction of road from Jitendra Prasad house to Premchand Yadav house and road from Mahesh Mahanta house to Khatore house, Mahanta basti tala sahi, Mahanta basti, Ward No.7, Barbil","Construction of road from Jitendra Prasad house to Premchand Yadav house and road from Mahesh Mahanta house to Khatore house, Mahanta basti tala sahi, Mahanta basti, Ward No.7, Barbil",Works,Open Tender,Percentage,Civil Works - Roads,No,No,NA ,16-Oct-2025 10:00 AM,NA ,90.0,No ,No,Online,07-Nov-2025 11:00 AM,Municipal Bodies||Barbil Municipality,Barbil,758035.0,2.0,"15,20,000",RASHMI RANJAN JENA,"1,594,336",Accepted-AOC,08-Jul-2026,Municipal Bodies||Barbil Municipality
2026_CERWI_126482_1,Tender Online RCK-03/26,Construction of Irrigation Embankment to Kabatabandha Medical in the Dist. of Jajpur for the year 2025-26.,Construction of road works,Works,National Competitive Bid,Percentage,Civil Works - Roads,No,No,NA ,23-Feb-2026 05:00 PM,NA ,90.0,No ,No,Online,06-Mar-2026 11:00 AM,CE RW I||RWCIRCLE-KENDRAPARA,Jajpur,755001.0,2.0,"3,11,10,026",Bijaya Kumar Nayak,"32,102,436",Accepted-AOC,03-Jul-2026,CE RW I||RWCIRCLE-KENDRAPARA
2025_EICCL_117831_1,BGR (R and B)-9 of 2025-26,"Construction of interior work such as Acoustic wall paneling and audio visual system at conference Hall, CCE Chamber , Estimator chamber of Chief Construction Engineer, Balangir R and B Circle Office",Building work,Works,National Competitive Bid,Percentage,Civil Works - Buildings,No,No,NA ,20-Sep-2025 06:55 PM,NA ,90.0,No ,No,Online,04-Oct-2025 11:00 AM,EIC-CIVIL||SERNB-CIRCLE-BOLANGIR||EERNB DIVN BOLANGIR,Balangir,767001.0,1.0,"17,80,986",VACRON TECHNOLOGY PRIVATE LIMITED,"1,514,016",Rejected-Finance,09-Jul-2026,EIC-CIVIL||SERNB-CIRCLE-BOLANGIR||EERNB DIVN BOLANGIR
2026_CERWI_124633_19,NCB-24/RWCRGDA/2025-26,Construction and Improvement to road Kamalapur to Govindapur road in the District of Gajapati under the scheme MMSY Improvement to Existing RD Roads for the year 2025 26.,Construction and Improvement to road Kamalapur to Govindapur road in the District of Gajapati under the scheme MMSY Improvement to Existing RD Roads for the year 2025 26.,Works,National Competitive Bid,Percentage,Civil Works - Roads,No,No,NA ,16-Jan-2026 10:00 AM,NA ,90.0,No ,No,Online,13-Feb-2026 11:00 AM,CE RW I||RWCIRCLE-RAYAGADA,EE RW DIVISION MOHANA,761015.0,2.0,"9,80,42,000",ALLAPA AKHIL KUMAR,"83,345,247.22",Rejected-Finance,23-Jul-2026,CE RW I||RWCIRCLE-RAYAGADA
2026_OSCSC_130753_1,2400/dtd.01.06.2026,Tender for appointment and selection of Level II Transport Contractor for transportation of Custom Milled Rice from Rice Receiving Centre to Retail Centre of Biridi Block.,Tender for Selection and appointment of Level II Transport Contractor for transportation of Custom Milled Rice from Rice Receiving Centre to Retail Centre of Biridi Block.,Services,Open Tender,Percentage,Handling and Transportation,No,No,NA ,03-Jun-2026 12:30 PM,04-Jun-2026 09:00 AM ,45.0,No ,No,Online,20-Jun-2026 11:00 AM,Odisha State Civil Supplies Corp. Ltd.||CSO cum DM Jagatsinghpur,Jagatsinghpur,754103.0,2.0,,M/S. BASUDEV ROADLINES,26.0,Rejected-Finance,15-Jul-2026,Odisha State Civil Supplies Corp. Ltd.||CSO cum DM Jagatsinghpur
2026_EICCL_131158_1,SC RandB GM-II-5/2026-27,S/R to buildings such as Provision of lightening arrester system at Boys Hostel No.2 of Parala Maharaja Engineering College at Berhampur (Sitalapalli),S/R to buildings such as Provision of lightening arrester system at Boys Hostel No.2 of Parala Maharaja Engineering College at Berhampur (Sitalapalli),Works,Open Tender,Percentage,Electrical Works,No,No,NA ,05-Jun-2026 11:00 AM,NA ,90.0,No ,No,Online,12-Jun-2026 11:30 AM,EIC-CIVIL||SERNB-CIRCLE-BERHAMPUR||EERNB-DIVN-GANJAM II,Ganjam,760005.0,1.0,"3,91,838",SUJIT KUMAR NAHAK,"249,600",Rejected-AOC,31-Jul-2026,EIC-CIVIL||SERNB-CIRCLE-BERHAMPUR||EERNB-DIVN-GANJAM II
2026_ORULB_128333_14,MC(CMC)CTC_Div-I_No.1/2026-27,Construction of Seven Nos of culvert from Ganga Mandir to Kaji Bazar in Ward No. 13.,Construction of Seven Nos of culvert from Ganga Mandir to Kaji Bazar in Ward No. 13.,Works,Open Tender,Percentage,Civil Works - Others,No,No,NA ,23-Apr-2026 01:00 PM,NA ,90.0,No ,No,Online,07-May-2026 11:00 AM,Municipal Bodies||Cuttack Municipal Corporation,CMC,753012.0,1.0,"15,10,400",SHIBA SANKAR SETHI,"1,510,371",Rejected-AOC,21-Jul-2026,Municipal Bodies||Cuttack Municipal Corporation
2026_CERWI_125158_1,RWD Ctc-19 of 2025-26,Construction of Revenue Inspectors office cum Residence at Jaharapada under Kantapada Tahasil in the District of Cuttack for the year 2025-26,Construction of Revenue Inspectors office cum Residence at Jaharapada under Kantapada Tahasil in the District of Cuttack for the year 2025-26,Works,Open Tender,Percentage,Civil Works - Buildings,No,No,NA ,29-Jan-2026 09:00 AM,NA ,90.0,No ,No,Online,04-Feb-2026 11:00 AM,CE RW I||RWCIRCLE-CUTTACK||RWDIVISION-CUTTACK,Cuttack,753004.0,2.0,"75,53,097",ASHOK KUMAR SWAIN,"6,043,233",Rejected-Finance,01-Jul-2026,CE RW I||RWCIRCLE-CUTTACK||RWDIVISION-CUTTACK
2026_CERWI_124589_1,Tender Online RCK-24/25,"Construction of Addl Smart Class Room Building of Regional H.S. School, Rambag in the district of Jajpur under Deposit Scheme for the year 2025-26","Construction of Addl Smart Class Room Building of Regional H.S. School, Rambag in the district of Jajpur under Deposit Scheme for the year 2025-26",Works,National Competitive Bid,Percentage,Civil Works - Buildings,No,No,NA ,15-Jan-2026 02:00 PM,NA ,90.0,No ,No,Online,22-Jan-2026 11:00 AM,CE RW I||RWCIRCLE-KENDRAPARA,Jajpur,755001.0,2.0,"1,04,96,556",AMIT KUMAR SAHOO,"8,024,617",Rejected-Finance,08-Jul-2026,CE RW I||RWCIRCLE-KENDRAPARA
2026_OSAMB_125923_1,01/OSAMB/2025-26,"Construction of 1000 MT Godown at Sidhamadanga SSC and Soura LAMPS of Gajapati District, 1000 MT Godown at Korukonda LAMPCS of Malkangiri District and 500 MT Godown at Jharigaon LAMPCS of Nabarangpur District","Construction of 1000 MT Godown at Sidhamadanga SSC and Soura LAMPS of Gajapati District, 1000 MT Godown at Korukonda LAMPCS of Malkangiri District and 500 MT Godown at Jharigaon LAMPCS of Nabarangpur District",Works,Open Tender,Percentage,Civil Works - Others,No,No,NA ,13-Feb-2026 10:00 AM,NA ,90.0,No ,No,Online,02-Mar-2026 11:30 AM,Odisha State Agricultural Marketing Board,"Gajapati, Malkangir, Nabarangpur District",751030.0,2.0,"3,71,83,959",toshabantadash,"32,766,502.22",Rejected-Technical,04-Jul-2026,Odisha State Agricultural Marketing Board
2026_CERWI_124633_18,NCB-24/RWCRGDA/2025-26,Construction and Improvement to road L023 PWD road to Luduru road in the District of Gajapati under the scheme MMSY Improvement to Existing RD Roads for the year 2025 26.,Construction and Improvement to road L023 PWD road to Luduru road in the District of Gajapati under the scheme MMSY Improvement to Existing RD Roads for the year 2025 26.,Works,National Competitive Bid,Percentage,Civil Works - Roads,No,No,NA ,16-Jan-2026 10:00 AM,NA ,90.0,No ,No,Online,13-Feb-2026 11:00 AM,CE RW I||RWCIRCLE-RAYAGADA,EE RW DIVISION MOHANA,761015.0,2.0,"7,73,06,500",PRASANTA KUMAR SAHU,"65,718,230.37",Rejected-Finance,18-Jul-2026,CE RW I||RWCIRCLE-RAYAGADA
2025_ORULB_117691_34,BBLM-4/2025-26,"Laying of paver block at Press Club near Rungta colony in Ward No.4, Barbil","Laying of paver block at Press Club near Rungta colony in Ward No.4, Barbil",Works,Open Tender,Percentage,Civil Works - Others,No,No,NA ,09-Sep-2025 10:00 AM,NA ,90.0,No ,No,Online,24-Sep-2025 11:00 AM,Municipal Bodies||Barbil Municipality,Barbil,758035.0,2.0,"7,48,000",Padmabati Mahanta,"740,251",Rejected-Finance,08-Jul-2026,Municipal Bodies||Barbil Municipality
2026_CERWI_130997_1,Online Tender 04/2026-27,"R.W.Sub-division Office and Section, Chatrapur_building","R.W.Sub-division Office and Section, Chatrapur_building",Works,National Competitive Bid,Percentage,Civil Works - Buildings,No,No,NA ,04-Jun-2026 01:00 PM,NA ,90.0,No ,No,Online,18-Jun-2026 11:00 AM,CE RW I||RWCIRCLE-BERHAMPUR||RWDIVISION-GANJAM - II,Ganjam,760012.0,1.0,"3,36,237",B RAKESH PATRA,"242,091",Rejected-AOC,18-Jul-2026,CE RW I||RWCIRCLE-BERHAMPUR||RWDIVISION-GANJAM - II
2026_CEBMB_129576_2,SE-HID-ADV-03/2026-27,"M/r to Bakharakota minor, Ullamba S/M I and II and Bakharakota S/M, Baharapur S/M I and II under Harabhangi Irrigation Project.",DESILTING OF CANAL WORK,Works,National Competitive Bid,Percentage,Civil Works - Others,No,No,NA ,25-May-2026 11:00 AM,NA ,90.0,No ,No,Online,06-Jun-2026 11:00 AM,"CE-BM,RVN Basin,Berhampur||SE Southern Irr Circle II Paralakhemundi||EE Harabhangi Irr Divn Adava",BADAGADA,761109.0,1.0,"9,84,675",Susanta Kumar Mahapatra,"984,675",Rejected-AOC,22-Jun-2026,"CE-BM,RVN Basin,Berhampur||SE Southern Irr Circle II Paralakhemundi||EE Harabhangi Irr Divn Adava"
2026_ORULB_125106_28,ODULB_KGM_21/2025-2026,Raising of Compound Wall with fixing of Concertina wire with painting of Municipal Kalyan Mandap at Puruna Bazar in Keonjhargarh Municipality in Ward No-01,Raising of Compound Wall with fixing of Concertina wire with painting of Municipal Kalyan Mandap at Puruna Bazar in Keonjhargarh Municipality in Ward No-01,Works,Open Tender,Percentage,Civil Works - Others,No,No,NA ,31-Jan-2026 11:00 AM,NA ,90.0,No ,No,Online,11-Feb-2026 11:00 AM,Municipal Bodies||Keonjhargarh Municipal Council,KEONJHARGARH MUNICIPALITY,758001.0,1.0,"10,00,000",NANDA KISHORE MAHANTA,"720,470.87",Rejected-AOC,20-Jul-2026,Municipal Bodies||Keonjhargarh Municipal Council
2025_ORULB_115623_14,JM-01/2025-26,Construction of drain with cover slab from Sagar Sahoo House to Sahid Khan House at Hudi Sahi Ward No03 Joda Municipality SFC Strom water drainage,WORKS,Works,Open Tender,Percentage,Civil Works - Others,No,No,NA ,17-Jul-2025 10:00 AM,NA ,120.0,No ,No,Online,31-Jul-2025 11:00 AM,Municipal Bodies||Joda Municipality,JODA MUNICIPALITY AT PO BANEIKALA JODA KEONJHAR,758038.0,1.0,"8,47,465",SRI AJAY SINHA,"1,000,000",Rejected-AOC,28-Jul-2026,Municipal Bodies||Joda Municipality
2026_ORULB_125759_11,BLGR MPTY/10(01-60)/2025-26,"Const. of Paver Road at Dwibedi Gali, Koshalnagar,W.No.2",Road Work,Works,Open Tender,Percentage,Civil Works - Roads,No,No,NA ,10-Feb-2026 11:00 AM,NA ,180.0,No ,No,Online,05-Mar-2026 11:00 AM,Municipal Bodies||Balangir Municipality,Balangir,767001.0,1.0,"10,16,026",Deepak Kumar Nag,"962,684.19",Accepted-AOC,27-Jul-2026,Municipal Bodies||Balangir Municipality
2026_CEBMT_127866_4,EEBOD-01/26-27,Constrution of cc lining to Right Main Canal inbetween RD 11270m to RD 11500M under BIP,Repair of canal structure,Works,Open Tender,Percentage,Civil Works - Canal,No,No,NA ,10-Apr-2026 11:00 AM,NA ,90.0,No ,No,Online,27-Apr-2026 11:00 AM,"CE-BM, Tel Basin,Bhawanipatna||SE Balangir Irr Circle Balangir||EE Boudh Irr Divn Boudh",Boudh,762014.0,1.0,"33,61,000",HARI PRASAD SAHOO,"3,357,111.56",Rejected-Finance,09-Jul-2026,"CE-BM, Tel Basin,Bhawanipatna||SE Balangir Irr Circle Balangir||EE Boudh Irr Divn Boudh"
2026_ORULB_124262_4,CMC)CTC_Div-IIINo.35/25-26,Construction of RCC drain from Rabindranath Mohanty res. to Manu Kar Apartment at Mahanadi Vihar in ward no-47.,Construction of RCC drain from Rabindranath Mohanty res. to Manu Kar Apartment at Mahanadi Vihar in ward no-47.,Works,Open Tender,Percentage,Civil Works - Others,No,No,NA ,27-Feb-2026 02:00 PM,NA ,105.0,No ,No,Online,18-Mar-2026 10:00 AM,Municipal Bodies||Cuttack Municipal Corporation,CMC,753012.0,1.0,"18,48,720",ARPITA PRADHAN,"1,848,720",Accepted-AOC,25-Jul-2026,Municipal Bodies||Cuttack Municipal Corporation
2026_STSCD_125431_10,ITDAKPD-04/2025-26,Const. of 1 No. Staff Qrs. at Itagarh Ashram School under Kaptipada Block,Const. of 1 No. Staff Qrs. at Itagarh Ashram School under Kaptipada Block,Works,National Competitive Bid,Percentage,Civil Works - Buildings,No,No,NA ,12-Feb-2026 10:00 AM,NA ,90.0,No ,No,Online,23-Feb-2026 11:00 AM,ST and SC Development Deptt||ITDA Kaptipada,Kaptipada,757041.0,1.0,"13,82,993",Biswajit Pramanik,"1,031,713",Accepted-AOC,13-Jul-2026,ST and SC Development Deptt||ITDA Kaptipada
2026_PRZB_128475_9,PS-LNJ-T-1/2026-27,Construction of Addl. Class room at Govt. PS Paikthuaguda (1) in Lanjigarh Block,Building,Works,Open Tender,Percentage,Civil Works - Buildings,No,No,NA ,28-Apr-2026 11:00 AM,NA ,90.0,No ,No,Online,13-May-2026 11:00 AM,Panchayati Raj and Drinking Water Department Odisha||Zilla Parisad Kalahandi||LANJIGARH Block,Lanjigarh,766027.0,1.0,"14,64,445",BISHNU CHARAN BHOI,"1,369,256",Rejected-Finance,18-Jul-2026,Panchayati Raj and Drinking Water Department Odisha||Zilla Parisad Kalahandi||LANJIGARH Block
2026_CEMIB_127642_1,Bid Identification No.- 21 / MIDA / 2025-26,Construction of Ghumudusahi Check Dam(In-Stream storage structures) In Harichandanpur Block in Keronjhar district Under MATY Scheme For The Year 2025-26,Construction of Ghumudusahi Check Dam(In-Stream storage structures) In Harichandanpur Block in Keronjhar district Under MATY Scheme For The Year 2025-26,Works,Open Tender,Percentage,Civil Works - Others,No,No,NA ,26-Mar-2026 10:00 AM,NA ,90.0,No ,No,Online,06-Apr-2026 10:00 AM,"CE,Minor Irrigation,BBSR||SE,Eastern Minor Irr.Circle,Keonjhar||M I Division Anandapur",HARICHANDANPUR,758020.0,1.0,"36,60,000",BIJAY KUMAR MISHRA,"3,254,005.47",Rejected-Finance,11-Jul-2026,"CE,Minor Irrigation,BBSR||SE,Eastern Minor Irr.Circle,Keonjhar||M I Division Anandapur"
2025_CERWI_120439_3,Online Tender/13/RWDBNJ/2025-26,S/R to NH-59 to Ramanabadi village road under periodical Maintenance for the year 2025-26.,S/R to NH-59 to Ramanabadi village road under periodical Maintenance for the year 2025-26.,Works,National Competitive Bid,Percentage,Civil Works - Roads,No,No,NA ,31-Oct-2025 06:55 PM,NA ,90.0,No ,No,Online,11-Nov-2025 11:00 AM,CE RW I||RWCIRCLE-BERHAMPUR||RW Division Bhanjanagar,Bhanjanagar,761126.0,1.0,"31,77,917",Balya Ram Dalai,"2,701,547",Rejected-AOC,28-Jul-2026,CE RW I||RWCIRCLE-BERHAMPUR||RW Division Bhanjanagar
2026_PRZSU_129269_6,1/PSS/2026-27,"Improvement of Rajamunda Tank at Kukiridihi,Block subdega","Improvement of Rajamunda Tank at Kukiridihi,Block subdega",Works,Open Tender,Percentage,Civil Works - Others,No,No,NA ,14-May-2026 09:00 AM,NA ,120.0,No ,No,Offline,21-May-2026 09:00 AM,Panchayati Raj and Drinking Water Department Odisha||Zilla Parisad Sundargarh||SUBDEGA Block,SUBDEGA,770014.0,2.0,"55,93,003",RAJ KUMAR PATEL,"5,587,410.22",Rejected-AOC,03-Jun-2026,Panchayati Raj and Drinking Water Department Odisha||Zilla Parisad Sundargarh||SUBDEGA Block
2026_EICCL_129587_1,TCN 03/2026-27,SR to R and B Staff Quarter Building at Gunupur such as compound wall raising and vehicle parking shed at Gunupur during 2026-27,SR to R and B Staff Quarter Building at Gunupur such as compound wall raising and vehicle parking shed at Gunupur during 2026-27,Works,Open Tender,Percentage,Civil Works - Buildings,No,No,NA ,28-May-2026 11:00 AM,NA ,90.0,No ,No,Online,05-Jun-2026 11:00 AM,EIC-CIVIL||SERNB-CIRCLE-RAYAGADA||EERNB-DIVN-RAYAGADA NEW,Rayagada,765017.0,1.0,"4,63,998",HARIKRUSHNA PANIGRAHY,"463,998",Rejected-AOC,10-Jul-2026,EIC-CIVIL||SERNB-CIRCLE-RAYAGADA||EERNB-DIVN-RAYAGADA NEW
2026_DFODE_124496_1,dfodghfeandcc06,Construction of Large Waterbody Structure at Kundheigola PRF near Kapagola under Reamal Range Deogarh Forest Division for the year 2025-26,Construction of Large Waterbody Structure at Kundheigola PRF near Kapagola under Reamal Range Deogarh Forest Division for the year 2025-26,Works,Open Tender,Percentage,Civil Works - Others,No,No,NA ,13-Jan-2026 11:00 AM,NA ,60.0,No ,No,Online,28-Jan-2026 11:00 AM,Forest Environment and Climate Change Department||RCCF Rourkela||DFO Deogarh,Construction of Large Waterbody Structure at Kundh,768108.0,1.0,,ABINASH SWAIN,"891,204.74",Accepted-AOC,21-Jul-2026,Forest Environment and Climate Change Department||RCCF Rourkela||DFO Deogarh
2026_ORULB_128734_17,SNP-MUN-37/2026-27,Construction of Drain from inlet point to Birsagara Tank in ward no-9.,Construction of Drain from inlet point to Birsagara Tank in ward no-9.,Works,Open Tender,Percentage,Civil Works - Others,No,No,NA ,05-May-2026 11:00 AM,NA ,60.0,No ,No,Online,16-May-2026 11:00 AM,Municipal Bodies||Sonepur Municipal Council,Sonepur Municipality,767017.0,1.0,"12,71,261",Reshmarani Sahu,"1,271,261",Rejected-Technical,20-Jul-2026,Municipal Bodies||Sonepur Municipal Council
2025_CERWI_121763_18,Tender Online 04 jjpt 2025-26,Construction of Sub-Center Building at Taranga under Dasrathpur Block in Jajpur District for 2023-24,Construction of Sub-Center Building at Taranga under Dasrathpur Block in Jajpur District for 2023-24,Works,National Competitive Bid,Percentage,Civil Works - Buildings,No,No,NA ,25-Nov-2025 02:30 PM,NA ,90.0,No ,No,Online,02-Dec-2025 11:30 AM,CE RW I||RWCIRCLE-KENDRAPARA||RWDIVISION I JAJPUR,Jajpur,755001.0,1.0,"41,27,977",R.NARAYAN CONSTRUCTIONS,"3,509,186.27",Rejected-AOC,15-Jul-2026,CE RW I||RWCIRCLE-KENDRAPARA||RWDIVISION I JAJPUR
2026_ORULB_127812_1,MC(CMC)CTC_Div-IIiNo1/2026-27,Construction of road and RCC drain with cover slab from Sukadev Das residence to Sk. Allaudin residence Majhi Sahi Jobra in Ward No.40.,Construction of road and RCC drain with cover slab from Sukadev Das residence to Sk. Allaudin residence Majhi Sahi Jobra in Ward No.40.,Works,Open Tender,Percentage,Civil Works - Others,No,No,NA ,13-Apr-2026 03:45 PM,NA ,45.0,No ,No,Online,27-Apr-2026 10:00 AM,Municipal Bodies||Cuttack Municipal Corporation,CMC,753012.0,1.0,"2,78,615",SUBHALAXMI DAS,"278,615",Rejected-AOC,03-Jul-2026,Municipal Bodies||Cuttack Municipal Corporation
2025_EICCL_117481_7,CE-ROADS-I-11/2025-26,Improvement of Chamunda to Burda via Kusamura and Badpal road from 0/000 km to 10/663 km ( except from 4/120 km to 4/420 km and from 7/000 km to 8/000 km) in the district of Sambalpur under State Plan,Improvement of Chamunda to Burda via Kusamura and Badpal road from 0/000 km to 10/663 km ( except from 4/120 km to 4/420 km and from 7/000 km to 8/000 km) in the district of Sambalpur under State Plan,Works,Open Tender,Percentage,Civil Works - Roads,No,No,NA ,30-Aug-2025 06:55 PM,NA ,90.0,No ,No,Online,16-Sep-2025 11:30 AM,EIC-CIVIL,Sambalpur-I Division,751001.0,2.0,"10,71,50,022",Orient Constructions Pvt. Ltd.,"91,088,234",Rejected-AOC,10-Jul-2026,EIC-CIVIL
2026_STSCD_125431_7,ITDAKPD-04/2025-26,Const. of 3 Nos. Staff Qrs. at Tikayatpur GHS under G.B. Nagar Block,Const. of 3 Nos. Staff Qrs. at Tikayatpur GHS under G.B. Nagar Block,Works,National Competitive Bid,Percentage,Civil Works - Buildings,No,No,NA ,12-Feb-2026 10:00 AM,NA ,90.0,No ,No,Online,23-Feb-2026 11:00 AM,ST and SC Development Deptt||ITDA Kaptipada,G.B. Nagar,757041.0,1.0,"39,66,892",Biswajit Pramanik,"2,701,453",Rejected-AOC,11-Jul-2026,ST and SC Development Deptt||ITDA Kaptipada
2026_CEBMB_128949_16,SE-HID-ADV-02/2026-27,M/R to Link Canal (00m to 2790m) and Jeera Branch Canal (00m to 14050m) of B.I.P,DESILTING OF CANAL,Works,National Competitive Bid,Percentage,Civil Works - Others,No,No,NA ,11-May-2026 11:00 AM,NA ,90.0,No ,No,Online,25-May-2026 11:00 AM,"CE-BM,RVN Basin,Berhampur||SE Southern Irr Circle II Paralakhemundi||EE Harabhangi Irr Divn Adava",ADAVA,761217.0,1.0,"11,37,582",PRABHAT KUMAR NAYAK,"1,137,583",Rejected-AOC,22-Jun-2026,"CE-BM,RVN Basin,Berhampur||SE Southern Irr Circle II Paralakhemundi||EE Harabhangi Irr Divn Adava"
2026_ORULB_127440_1,EO/PDPM/W_06/2025-26,Construction of 1 TPD Purification unit shed near MCC Rangiagada in ward no 04,Construction of 1 TPD Purification unit shed near MCC Rangiagada in ward no 04,Works,Open Tender,Percentage,Civil Works - Others,No,No,NA ,20-Mar-2026 05:30 PM,NA ,120.0,No ,No,Online,02-Apr-2026 11:30 AM,Municipal Bodies||Paradeep Municipality,Paradeep,754142.0,1.0,"16,85,509",M/s.PABITRA MOHAN NAYAK,"1,372,400",Rejected-Finance,09-Jul-2026,Municipal Bodies||Paradeep Municipality
2026_ORULB_128169_17,SNP-MUN-36/2025-26,Construction of Kalyan Mandap near Hanuman Temple in ward no-9,Construction of Kalyan Mandap near Hanuman Temple in ward no-9,Works,Open Tender,Percentage,Civil Works - Others,No,No,NA ,17-Apr-2026 11:00 AM,NA ,120.0,No ,No,Online,28-Apr-2026 11:00 AM,Municipal Bodies||Sonepur Municipal Council,Sonepur Municipality,767017.0,1.0,"8,47,567",Kalpana Meher,"847,567",Rejected-Technical,29-Jul-2026,Municipal Bodies||Sonepur Municipal Council
2025_ORULB_123980_4,KMPLTY/07/2025-26,Repair and Restoration of Open Space in front of Town Hall in W.No. 14,Repair and Restoration of Open Space in front of Town Hall in W.No. 14,Works,Open Tender,Percentage,Civil Works - Others,No,No,NA ,01-Jan-2026 11:00 AM,NA ,30.0,No ,No,Online,13-Jan-2026 11:00 AM,Municipal Bodies||Khordha Municipality,Khordha Municipality,752055.0,1.0,"15,10,390",AMARESH KUMAR PRADHAN,"1,510,390",Accepted-AOC,06-Jul-2026,Municipal Bodies||Khordha Municipality
2026_PRBHL_125198_1,HIN-PS-02/2025-26,Construction of 100 seated Sc Boys Hostel near Kanchuru High School,"Construction of 100 seated Sc Boys Hostel near Kanchuru High School,Hinjili, Hinjilicut Block",Works,Open Tender,Percentage,Civil Works - Buildings,No,No,NA ,03-Feb-2026 11:00 AM,NA ,180.0,No ,No,Both(Online/Offline),27-Feb-2026 11:00 AM,Panchayati Raj and Drinking Water Department Odisha||Zilla Parisad Ganjam||HINJILICUT Block,Hinjilicut,761102.0,2.0,"2,04,56,107",SURYA NARAYAN PANDA,"17,389,734.97",Not Admitted-Finance,22-Jul-2026,Panchayati Raj and Drinking Water Department Odisha||Zilla Parisad Ganjam||HINJILICUT Block
2026_EICCL_127550_6,SE R and B Divn NoI Bam 70/2025-26,"SITC of fire Fighting and alarm System at Skin and VD Building (G Plush 2) of MKCG MC and H, Berhampur.","SITC of fire Fighting and alarm System at Skin and VD Building (G Plush 2) of MKCG MC and H, Berhampur.",Works,Open Tender,Percentage,Electrical Works,No,No,NA ,24-Mar-2026 04:00 PM,NA ,90.0,No ,No,Online,31-Mar-2026 11:30 AM,EIC-CIVIL||SERNB-CIRCLE-BERHAMPUR||EERNB-DIVN-GANJAM I,Berhampur,760005.0,1.0,"38,65,574",HAREKRUSHNA INDUSTRIES PROP. SURENDRA KUMAR JENA,"3,046,072",Accepted-AOC,22-Jul-2026,EIC-CIVIL||SERNB-CIRCLE-BERHAMPUR||EERNB-DIVN-GANJAM I
2026_OPEPA_129643_2,DPC/SS/SNG/13OF2026-27,"INFRASTRUCTURE DEVELOPMENT OF GOVT. PRIMARY SCHOOL RANAKATA, GOVT. PRIMARY SCHOOL ROKEDEGA UNDER NUAGAON BLOCK (2)","INFRASTRUCTURE DEVELOPMENT OF GOVT. PRIMARY SCHOOL RANAKATA, GOVT. PRIMARY SCHOOL ROKEDEGA UNDER NUAGAON BLOCK (2)",Works,Open Tender,Percentage,Civil Works - Buildings,No,No,NA ,25-May-2026 09:00 AM,NA ,90.0,No ,No,Online,16-Jun-2026 05:30 PM,OPEPA Bhubaneswar||Samagra Shiksha Sundargarh,SUNDARGARH,770001.0,2.0,"5,58,49,530",ETWA BECK,"55,849,529.53",Rejected-Technical,06-Jul-2026,OPEPA Bhubaneswar||Samagra Shiksha Sundargarh
2026_CERWI_127171_2,Tender Online 22 JJPT of 2025-26,S/R to Binjharpur to Kantipur Road for the Year 2025-26 in the Dist. of Jajpur,S/R to Binjharpur to Kantipur Road for the Year 2025-26 in the Dist. of Jajpur,Works,Open Tender,Percentage,Civil Works - Roads,No,No,NA ,11-Mar-2026 03:00 PM,NA ,30.0,No ,No,Online,19-Mar-2026 11:30 AM,CE RW I||RWCIRCLE-KENDRAPARA||RWDIVISION I JAJPUR,JAJPUR,755007.0,1.0,"4,69,416",SANTOSH KUMAR PADIHARI,"326,244",Rejected-AOC,17-Jul-2026,CE RW I||RWCIRCLE-KENDRAPARA||RWDIVISION I JAJPUR
2026_CERWI_126112_1,RWCCESNG-32 of 2025-26,Construction of road from PWD road at Kendamal chowk to Manamunda via Khajurijharan,Construction of road from PWD road at Kendamal chowk to Manamunda via Khajurijharan,Works,National Competitive Bid,Percentage,Civil Works - Roads,No,No,NA ,16-Feb-2026 11:00 AM,NA ,90.0,No ,No,Online,05-Mar-2026 11:00 AM,CE RW I||RW-CIRCLE-SUNDARGARH,Sundergarh,770020.0,2.0,"4,19,44,842",JK CONSTRUCTION,"41,902,897.069",Rejected-Technical,09-Jul-2026,CE RW I||RW-CIRCLE-SUNDARGARH
2026_PRZB_128475_11,PS-LNJ-T-1/2026-27,Construction of Addl. Class room at Govt. PS Pengsur in Lanjigarh Block,Building,Works,Open Tender,Percentage,Civil Works - Buildings,No,No,NA ,28-Apr-2026 11:00 AM,NA ,90.0,No ,No,Online,13-May-2026 11:00 AM,Panchayati Raj and Drinking Water Department Odisha||Zilla Parisad Kalahandi||LANJIGARH Block,Lanjigarh,766027.0,1.0,"14,64,445",BISHNU CHARAN BHOI,"1,369,256",Accepted-AOC,18-Jul-2026,Panchayati Raj and Drinking Water Department Odisha||Zilla Parisad Kalahandi||LANJIGARH Block
2025_STSCD_121511_9,01 / ITDA BNI of 2025-26,Construction of School Building at Bichhanapati Ashram School under Lahunipra Block,Construction of School Building at Bichhanapati Ashram School under Lahunipra Block,Works,Open Tender,Percentage,Civil Works - Buildings,No,No,NA ,19-Nov-2025 05:00 PM,NA ,90.0,No ,No,Online,09-Dec-2025 11:00 AM,ST and SC Development Deptt||ITDA Bonai,Bonaigarh,770038.0,2.0,"1,81,62,857",SUSIL KUMAR SAHU,"15,440,245",Rejected-AOC,07-Jul-2026,ST and SC Development Deptt||ITDA Bonai
2026_ORULB_126636_19,BMC-EE-Tender Cell-73/2025-26 Dt. 25.02.2026,Improvement of road from Bhuasuni Temple to Manorama Complex in Ward No. 62,Improvement of road from Bhuasuni Temple to Manorama Complex in Ward No. 62,Works,Open Tender,Percentage,Civil Works - Roads,No,No,NA ,28-Feb-2026 10:30 AM,05-Mar-2026 04:00 PM ,120.0,No ,No,Online,12-Mar-2026 11:00 AM,Municipal Bodies||Bhubaneswar Municipal Corporation,BMC AREA,751022.0,1.0,"13,21,561",ABINASH PATRA,"1,559,443",Accepted-AOC,02-Jul-2026,Municipal Bodies||Bhubaneswar Municipal Corporation
2026_ORULB_127372_6,ODULB_KGM_22/2025-2026,Construction of Drain with cover slab from Nihal Singh chhaka to Janstanganj School in Ward No-05,Construction of Drain with cover slab from Nihal Singh chhaka to Janstanganj School in Ward No-05,Works,Open Tender,Percentage,Civil Works - Others,No,No,NA ,19-Mar-2026 11:00 AM,NA ,120.0,No ,No,Online,31-Mar-2026 11:00 AM,Municipal Bodies||Keonjhargarh Municipal Council,KEONJHAR,758001.0,1.0,"12,00,000",BIJAYA KUMAR BEHERA,"995,721.54",Accepted-AOC,20-Jul-2026,Municipal Bodies||Keonjhargarh Municipal Council
2026_ORULB_128801_2,MC(CMC)CTC_Div-IINo9/2026-27,Construction of RCC drain from Kesharpur Masjid to Babu Pan shop at Kesharpur in Ward No. 25.,Construction of RCC drain from Kesharpur Masjid to Babu Pan shop at Kesharpur in Ward No. 25.,Works,Open Tender,Percentage,Civil Works - Others,No,No,NA ,21-May-2026 03:00 PM,NA ,90.0,No ,No,Online,04-Jun-2026 11:00 AM,Municipal Bodies||Cuttack Municipal Corporation,CMC,753012.0,1.0,"7,16,700",BDM CONSTRUCTION,"716,625",Accepted-AOC,14-Jul-2026,Municipal Bodies||Cuttack Municipal Corporation
2026_CEMIB_128417_5,"SE,MID,SBP/02/2026-27",Improvement to Headworks of Katangpani MIP (Diversion Weir) in Jamankira Block of Sambalpur District under Improvement to Diversion Weir scheme for 2026-27.,Improvement to Headworks of Katangpani MIP (Diversion Weir) in Jamankira Block of Sambalpur District under Improvement to Diversion Weir scheme for 2026-27.,Works,Open Tender,Percentage,Civil Works - Others,No,No,NA ,24-Apr-2026 11:00 AM,NA ,90.0,No ,No,Online,05-May-2026 10:00 AM,"CE,Minor Irrigation,BBSR||SENMIC-SAMBALPUR||SAMBALPUR",Sambalpur,768001.0,1.0,"26,42,638",ARIN PRADHAN,"2,642,637.09",Rejected-AOC,04-Jun-2026,"CE,Minor Irrigation,BBSR||SENMIC-SAMBALPUR||SAMBALPUR"
2025_ORULB_120037_39,PM_02/2025-26,"Const of road at Sukumari Mallik House to Mukunda Mallik,Jaganath Mallik , Hari Mallik to Babu Mallik, Radhanath Mallik to Hagura Mallik,R.d road to Banshidhar Rout, R.D road to Subhendu Choudhary,R.D road to Prabhat Pradhan and Bijaya Jena House i","Const of road at Sukumari Mallik House to Mukunda Mallik,Jaganath Mallik , Hari Mallik to Babu Mallik, Radhanath Mallik to Hagura Mallik,R.d road to Banshidhar Rout, R.D road to Subhendu Choudhary,R.D road to Prabhat Pradhan and Bijaya Jena House i",Works,Open Limited,Percentage,Civil Works - Others,No,No,NA ,01-Nov-2025 06:00 PM,NA ,90.0,No ,No,Online,15-Nov-2025 11:00 AM,Municipal Bodies||Pattamundai Municipality,Pattamundai,754215.0,1.0,"11,98,305",SASMITA LENKA,"1,202,041",Rejected-AOC,04-Jul-2026,Municipal Bodies||Pattamundai Municipality
2026_ORULB_125854_64,04/VNM/2025-26,Construction of road from Biramanipur Main Road To Bhikari Nayak House in ward no-24,Construction of road from Biramanipur Main Road To Bhikari Nayak House in ward no-24,Works,Open Tender,Percentage,Civil Works - Roads,No,No,NA ,12-Feb-2026 11:00 AM,NA ,30.0,No ,No,Online,02-Mar-2026 11:00 AM,Municipal Bodies||Vyasanagar Municipality,vyasanagar municipality,755019.0,1.0,"2,96,649",RAJENDRA BEHERA,"296,049.8",Rejected-Finance,23-Jul-2026,Municipal Bodies||Vyasanagar Municipality
2025_CERWI_122874_15,Tender Online RCK-20/25,"Construction of RD road from R and B Road Block Chhak Behind Block Office to Badatutha, Kusiapal via Mirzapatana Gobari Bandha road under MMSY-TRIP in the Dist. of Kendrapara for the year 2025-26.",Construction of road works,Works,National Competitive Bid,Percentage,Civil Works - Roads,No,No,NA ,16-Dec-2025 02:30 PM,NA ,90.0,No ,No,Online,13-Jan-2026 11:00 AM,CE RW I||RWCIRCLE-KENDRAPARA,Kendrapara,754211.0,2.0,"2,82,11,861",Pramod Kumar Das,"23,982,903",Rejected-Finance,07-Jul-2026,CE RW I||RWCIRCLE-KENDRAPARA
2025_ORULB_120037_11,PM_02/2025-26,Widening of Main Road at Tanupur to Nandininagar In Ward No- 04 Part-1,Widening of Main Road at Tanupur to Nandininagar In Ward No- 04 Part-1,Works,Open Limited,Percentage,Civil Works - Others,No,No,NA ,25-Oct-2025 06:00 PM,NA ,90.0,No ,No,Online,15-Nov-2025 11:00 AM,Municipal Bodies||Pattamundai Municipality,Pattamundai,754215.0,1.0,"14,10,572",KAIBALYA NAYAK,"1,414,971",Rejected-AOC,04-Jul-2026,Municipal Bodies||Pattamundai Municipality
2026_EICCL_128564_1,SE Rand B 01 2026 27,"Improvement by providing, fitting and fixing of paver blocks on peripheral road boundary wall side inside Jeypore Airport. ROADS","Improvement by providing, fitting and fixing of paver blocks on peripheral road boundary wall side inside Jeypore Airport. ROADS",Works,Open Tender,Percentage,Civil Works - Roads,No,No,NA ,28-Apr-2026 04:00 PM,NA ,90.0,No ,No,Online,08-May-2026 11:00 AM,EIC-CIVIL||SERNB-CIRCLE-JEYPORE||EERNB-DIVN-JEYPORE,Koraput,764001.0,1.0,"24,21,662",KRUSHNA CHANDRA GOUDA,"1,939,993",Rejected-AOC,21-Jul-2026,EIC-CIVIL||SERNB-CIRCLE-JEYPORE||EERNB-DIVN-JEYPORE
2025_EICCL_116687_3,CE-ROADS-II-08/2025-26,Improvement of road from Dharmasala-Subalaya-Gariamunda road from 0/000 km to 16/300 km in the district of Subarnapur under State Plan,Improvement of road from Dharmasala-Subalaya-Gariamunda road from 0/000 km to 16/300 km in the district of Subarnapur under State Plan,Works,Open Tender,Percentage,Civil Works - Roads,No,No,NA ,11-Aug-2025 06:55 PM,NA ,90.0,No ,No,Online,06-Sep-2025 11:30 AM,EIC-CIVIL,Sonepur Division,751001.0,2.0,"33,77,52,879",Superior Construction Private Limited,"287,123,722",Rejected-Technical,23-Jul-2026,EIC-CIVIL
2026_CERWI_128651_1,Online 01 of 2026-27,Construction of 1 Nos D type Quarter for Addl Tahasildar building at Tahasil Office Gaisilet,Construction of 1 Nos D type Quarter for Addl Tahasildar building at Tahasil Office Gaisilet,Works,Open Tender,Percentage,Civil Works - Buildings,No,No,NA ,30-Apr-2026 10:00 AM,NA ,90.0,No ,No,Online,08-May-2026 10:00 AM,CE RW I||RWCIRCLE-SAMBALPUR||RWDIVISION-PADMAPUR,Padampur,768036.0,1.0,"27,25,652",Baikuntha Sahu,"2,286,550",Accepted-AOC,01-Jul-2026,CE RW I||RWCIRCLE-SAMBALPUR||RWDIVISION-PADMAPUR
2026_EICCL_128086_10,SC RandB GM-II-36/2025-26,S/R such as comprehensive annual Electrical maintenance for wiring and electrical accessories at Court Building at Purushottampur and court complex Kodala,Electrical work,Works,Open Tender,Percentage,Electrical Works,No,No,NA ,13-Apr-2026 10:00 AM,NA ,90.0,No ,No,Online,20-Apr-2026 11:30 AM,EIC-CIVIL||SERNB-CIRCLE-BERHAMPUR||EERNB-DIVN-GANJAM II,Kodala,760008.0,1.0,"4,19,207",CHINMAYA KUMAR PRAHARAJ,"289,253",Rejected-AOC,26-Jul-2026,EIC-CIVIL||SERNB-CIRCLE-BERHAMPUR||EERNB-DIVN-GANJAM II
2026_WATCO_127349_1,WATCO (W)-29(03)/2025-26 Dtd.11.03.2026,"Rehabilitation and Improvement of Sewerage system for Sector-8 and 9 within CDA under Municipal Corporation, Cuttack including O and M period of 5 years","Rehabilitation and Improvement of Sewerage system for Sector-8 and 9 within CDA under Municipal Corporation, Cuttack including O and M period of 5 years",Works,National Competitive Bid,Percentage,Civil Works - Water Works,No,No,NA ,18-Mar-2026 05:00 PM,NA ,120.0,No ,No,Online,15-Apr-2026 12:30 PM,WATCO Bhubaneswar,Sector-8 and 9 Cuttack,753014.0,2.0,"28,42,57,000",BALAJI SOLAR SYSTEMS,"226,268,335",Accepted-AOC,03-Jul-2026,WATCO Bhubaneswar
2026_ORULB_130054_4,RDL NAC- 5/2026-27,Construction of paver block road from Kunu Sahu House towards Pranaba House at Nuasahi in ward No 04,Construction of paver block road from Kunu Sahu House towards Pranaba House at Nuasahi in ward No 04,Works,Open Tender,Percentage,Civil Works - Roads,No,No,NA ,30-May-2026 10:00 AM,NA ,90.0,No ,No,Online,16-Jun-2026 11:00 AM,Municipal Bodies||Redhakhol NAC,"NAC, Redhakhol",768106.0,1.0,"4,21,641",Birendra Kumar Sahoo,"500,000",Rejected-Finance,20-Jul-2026,Municipal Bodies||Redhakhol NAC
2025_EICCL_115861_11,CE-ROADS-II-07/2025-26,Improvement of Arjunpur-Burda road from 0/000 km to 15/000 km in the district of Subarnapur under State Plan,Improvement of Arjunpur-Burda road from 0/000 km to 15/000 km in the district of Subarnapur under State Plan,Works,Open Tender,Percentage,Civil Works - Roads,No,No,NA ,23-Jul-2025 06:30 PM,NA ,90.0,No ,No,Online,08-Aug-2025 11:30 AM,EIC-CIVIL,Sonepur Division,751001.0,2.0,"25,56,27,334",BIJAY KUMAR AGARWAL,"217,308,797",Rejected-AOC,02-Jul-2026,EIC-CIVIL
2026_PRKOK_129574_1,PS-KKSR-T-2/2026-27,Construction of Addl. Class room at Govt. UPS Nuapada village and GP Temra under Koksara Block,Building,Works,Open Tender,Percentage,Civil Works - Buildings,No,No,NA ,22-May-2026 11:00 AM,NA ,90.0,No ,No,Online,06-Jun-2026 11:00 AM,Panchayati Raj and Drinking Water Department Odisha||Zilla Parisad Kalahandi||KOKASARA Block,Koksara,766019.0,1.0,"14,96,200",JITENDRA PANDA,"1,152,224",Rejected-Finance,30-Jul-2026,Panchayati Raj and Drinking Water Department Odisha||Zilla Parisad Kalahandi||KOKASARA Block
2026_CERWI_125776_1,Online SEJSG 15 of 2025-26,Construction of 4 nos E type Quarter building for Paramedical staff at Pakelpada PHC of Laikera block in the District of Jharsuguda.,Construction of 4 nos E type Quarter building for Paramedical staff at Pakelpada PHC of Laikera block in the District of Jharsuguda.,Works,Open Tender,Percentage,Civil Works - Buildings,No,No,NA ,10-Feb-2026 11:00 AM,NA ,90.0,No ,No,Online,17-Feb-2026 11:00 AM,CE RW I||RW-CIRCLE-SUNDARGARH||RW-Division-Jharsuguda,Jharsuguda,768204.0,2.0,"94,09,220",M & S CONSTRUCTIONS,"7,009,869",Rejected-AOC,11-Jun-2026,CE RW I||RW-CIRCLE-SUNDARGARH||RW-Division-Jharsuguda
2026_ORULB_129080_74,JM-TCN01/2026-27,Repair and renovation of Boundary wall at Kandra sahi ward no 28,As per DTCN,Works,Open Tender,Percentage,Civil Works - Others,No,No,NA ,12-May-2026 11:00 AM,NA ,120.0,No ,No,Online,02-Jun-2026 11:00 AM,Municipal Bodies||Jeypore Municipality,Jeypore,764001.0,1.0,"4,23,729",BRUNDABAN BHARATI,"339,996",Rejected-AOC,27-Jul-2026,Municipal Bodies||Jeypore Municipality
2026_CEBBS_128670_15,SE-AID-1/2026-27,Improvement to Aunli Main Canal such as construction of C.C guard wall from RD 2200m to RD 2270m of Aunli Irrigation Project. Working RD 2200m to RD 2273m.,Improvement to Aunli Main Canal such as construction of C.C guard wall from RD 2200m to RD 2270m of Aunli Irrigation Project. Working RD 2200m to RD 2273m.,Works,Open Tender,Percentage,Civil Works - Others,No,No,NA ,02-May-2026 11:00 AM,NA ,90.0,No ,No,Online,12-May-2026 11:00 AM,CE and BM Brahmani Basin Samal||SE Angul Irrigation Circle Angul||EE Angul Irrigation Division Angul,Angul,759143.0,1.0,,ABHISHEK MISHRA,"1,808,229",Rejected-Finance,16-Jun-2026,CE and BM Brahmani Basin Samal||SE Angul Irrigation Circle Angul||EE Angul Irrigation Division Angul
2026_CEBMB_128430_2,SE-GID-01/2026-27,Restoration to Left bank of river vansadhara near village Radu,Flood protection,Works,National Competitive Bid,Percentage,Civil Works - Others,No,No,NA ,27-Apr-2026 10:00 AM,NA ,90.0,No ,No,Online,08-May-2026 11:00 AM,"CE-BM,RVN Basin,Berhampur||SE Southern Irr Circle II Paralakhemundi||EE Paralakhemundi Irr Divn Paralakhemundi",Gunupur,765022.0,1.0,"39,64,608",Krushna Chandra Sethi,"3,329,478",Rejected-Finance,24-Jul-2026,"CE-BM,RVN Basin,Berhampur||SE Southern Irr Circle II Paralakhemundi||EE Paralakhemundi Irr Divn Paralakhemundi"
2026_ORULB_127693_9,MC(CMC)CTC_Div-IIINo1/2026-27,Construction of Uttampur crematorium in ward no-56,Construction of Uttampur crematorium in ward no-56,Works,Open Tender,Percentage,Civil Works - Others,No,No,NA ,07-Apr-2026 05:00 PM,NA ,105.0,No ,No,Online,22-Apr-2026 10:00 AM,Municipal Bodies||Cuttack Municipal Corporation,CMC,753012.0,1.0,"37,31,313",PRATAP KUMAR ROUT,"3,731,313",Rejected-AOC,07-Jul-2026,Municipal Bodies||Cuttack Municipal Corporation
2026_CERWI_126094_1,RWCCESNG-32 of 2025-26,Construction of road from Ghantubud to Bamandiadihi,Construction of road from Ghantubud to Bamandiadihi,Works,National Competitive Bid,Percentage,Civil Works - Roads,No,No,NA ,16-Feb-2026 11:00 AM,NA ,90.0,No ,No,Online,05-Mar-2026 11:00 AM,CE RW I||RW-CIRCLE-SUNDARGARH,Sundergarh,770020.0,2.0,"3,62,03,852",MANOJ KUMAR PATTANAIK,"36,167,648.317",Rejected-Finance,09-Jul-2026,CE RW I||RW-CIRCLE-SUNDARGARH
2026_OBCC_125416_1,43/Tender/OBCC/2025-26,"Selection of Consulting firm for Feasibility Study, preparation of DPR and Supervision for Development of paddy procurement centres across Odisha under Model Mandi Scheme","Selection of Consulting firm for Feasibility Study, preparation of DPR and Supervision for Development of paddy procurement centres across Odisha under Model Mandi Scheme",Services,National Competitive Bid,Item Rate,Miscellaneous Services,No,No,NA ,02-Feb-2026 06:00 PM,10-Feb-2026 11:30 AM ,120.0,No ,No,Online,24-Mar-2026 11:30 AM,Orissa Bridge and Construction Corporation Ltd,Bhubaneswar,751012.0,2.0,,Rudrabhishek Enterprises Pvt. Ltd.,"82,000,000",Rejected-Finance,14-Jul-2026,Orissa Bridge and Construction Corporation Ltd
2026_CERWI_125940_1,RWCCESNG-32 of 2025-26,Construction of road from RD Road to Kadomunda,Construction of road from RD Road to Kadomunda,Works,National Competitive Bid,Percentage,Civil Works - Roads,No,No,NA ,12-Feb-2026 04:00 PM,NA ,90.0,No ,No,Online,05-Mar-2026 11:00 AM,CE RW I||RW-CIRCLE-SUNDARGARH,Rourkela,769004.0,2.0,"3,58,10,679",ROWNAQ PRASAD,"35,810,679.075",Rejected-Technical,08-Jul-2026,CE RW I||RW-CIRCLE-SUNDARGARH
2026_CEBMD_132550_1,SERRCD-V-01/2026-27,"Silt clearance and bush cutting from RD 13100mtr to RD 14000mtr of Narasinghpur Branch Canal of RRIP, Dhenkanal",Silt clearance and bush cutting from canal bed,Works,Open Tender,Percentage,Civil Works - Canal,No,No,NA ,23-Jun-2026 10:00 AM,NA ,90.0,No ,No,Online,04-Jul-2026 11:30 AM,"CE-BM,B Right Basin,Dhenkanal||SE, Irr.Circle, Dhenkanal||EE,Rengali Right Canal Divn No. V",Nuasadak,754030.0,1.0,"5,80,617","M/S. AMIT CONSTRUCTION, PROP. AMIT MOHAMANSINGH","580,617.31",Rejected-Finance,21-Jul-2026,"CE-BM,B Right Basin,Dhenkanal||SE, Irr.Circle, Dhenkanal||EE,Rengali Right Canal Divn No. V"
2026_ORULB_126953_16,EOBRP/07/2025-26,Covering of drain from Pradeep Padhan house to Raghav padhan in ward no 4,Covering of drain from Pradeep Padhan house to Raghav padhan in ward no 4,Works,Open Tender,Percentage,Civil Works - Others,No,No,NA ,07-Mar-2026 11:00 AM,NA ,90.0,No ,No,Online,16-Mar-2026 03:00 PM,Municipal Bodies||Barpali NAC,Barpali,768029.0,1.0,"1,34,700",JITEN SUNA,"107,119.33",Accepted-AOC,17-Jul-2026,Municipal Bodies||Barpali NAC
2026_PZPGN_127378_3,"BDO, Gunupur-online-04/2025-26","Construction of Additional Class Room Building at Jagannath H.S. Gadiakhola, Gunupur","Construction of Additional Class Room Building at Jagannath H.S. Gadiakhola, Gunupur",Works,Open Tender,Percentage,Civil Works - Buildings,No,No,NA ,18-Mar-2026 10:00 AM,NA ,90.0,No ,No,Online,04-Apr-2026 11:00 AM,Panchayati Raj and Drinking Water Department Odisha||Zilla Parisad Rayagada||GUNUPUR Block,Gadiakhola,765022.0,1.0,"12,50,017",RAMA CHANDRA PANDA,"1,250,017",Rejected-Finance,14-Jul-2026,Panchayati Raj and Drinking Water Department Odisha||Zilla Parisad Rayagada||GUNUPUR Block
2026_CENH_125876_1,BID IDENTIFICATION NO 17 CCE NH South of 202526,"SR TO NH-26 FROM CH 345480 TO CH 347450, CH 347900 TO 348600 AND CH 349200 TO CH 351480 JEYPORE GHAT FOR THE YEAR 2025 26","SR TO NH-26 FROM CH 345480 TO CH 347450, CH 347900 TO 348600 AND CH 349200 TO CH 351480 JEYPORE GHAT FOR THE YEAR 2025 26",Works,Open Tender,Percentage,Civil Works - Roads,No,No,NA ,13-Feb-2026 11:00 AM,NA ,90.0,No ,No,Online,06-Mar-2026 11:30 AM,CE-NH||SE NH Circle South Berhampur,JEYPORE,764001.0,2.0,"2,19,15,072",Rajesh Kumar Jain,"17,516,717",Rejected-Technical,24-Apr-2026,CE-NH||SE NH Circle South Berhampur
2026_CEBMT_128388_6,EEBOD-02/26-27,Slope Protection work to Budhibalanda Nalla in between RD 1200M to RD 1500M Near village Budhibalanda of Gundulia GP under Boudh Block.,River Embankment,Works,Open Tender,Percentage,Civil Works - Others,No,No,NA ,27-Apr-2026 11:00 AM,NA ,90.0,No ,No,Online,14-May-2026 11:00 AM,"CE-BM, Tel Basin,Bhawanipatna||SE Balangir Irr Circle Balangir||EE Boudh Irr Divn Boudh",Boudh,762014.0,2.0,"82,37,000",SANJEEB MEHER,"8,229,403.29",Rejected-Finance,10-Jul-2026,"CE-BM, Tel Basin,Bhawanipatna||SE Balangir Irr Circle Balangir||EE Boudh Irr Divn Boudh"
2025_ORULB_111066_4,EONM-03/2024-25,Construction of Shade above 1st Floor of SUH Building of Nabarangpur Municipality,CIVIL WORK,Works,Open Tender,Percentage,Civil Works - Others,No,No,NA ,24-Feb-2025 11:00 AM,NA ,90.0,No ,No,Online,11-Mar-2025 11:00 AM,Municipal Bodies||Nabarangpur Municipality,Nabarangpur,764059.0,1.0,"14,35,732",AMRUTA PANIGRAHI,"1,220,501",Accepted-AOC,31-Jul-2026,Municipal Bodies||Nabarangpur Municipality
2026_CEBBU_129512_3,MDD-e-02/205-26,"Outside colour painting of Office of the C.E and B.M Mahanadi Basin Burla and S.E Main Dam Division, Burla for the year 2026-27.","Outside colour painting of Office of the C.E and B.M Mahanadi Basin Burla and S.E Main Dam Division, Burla for the year 2026-27.",Works,Open Tender,Percentage,Civil Works - Others,No,No,NA ,20-May-2026 10:00 AM,NA ,90.0,No ,No,Online,30-May-2026 11:00 AM,"CE-BM,UM Basin,Burla",BURLA,768017.0,1.0,"7,34,178",M/s Nutan Mohapatra,"734,178",Rejected-AOC,07-Jul-2026,"CE-BM,UM Basin,Burla"
2026_CEMIB_129285_1,"SE,MID,SBP/06/2026-27",Improvement to Kadalijharan MIP (D/W) in Bamra Block of Sambalpur District under Improvement to Diversion Weir Scheme for 2026-27.,Improvement to Kadalijharan MIP (D/W) in Bamra Block of Sambalpur District under Improvement to Diversion Weir Scheme for 2026-27.,Works,Open Tender,Percentage,Civil Works - Water Works,No,No,NA ,14-May-2026 11:30 AM,NA ,90.0,No ,No,Online,26-May-2026 10:00 AM,"CE,Minor Irrigation,BBSR||SENMIC-SAMBALPUR||SAMBALPUR",Sambalpur,768001.0,2.0,"55,39,871",Debadatta Meher,"5,539,870.86",Rejected-AOC,04-Jun-2026,"CE,Minor Irrigation,BBSR||SENMIC-SAMBALPUR||SAMBALPUR"
2026_RWSS_126957_8,RWSS_53_2025-26,LAYING OF PIPELINE FOR PWS TO ERADA UNDER NAUGAON BLOCK,LAYING OF PIPELINE FOR PWS TO ERADA UNDER NAUGAON BLOCK,Works,National Competitive Bid,Percentage,Civil Works - Water Works,No,No,NA ,07-Mar-2026 10:00 AM,07-Mar-2026 10:00 AM ,90.0,No ,No,Online,16-Mar-2026 11:00 AM,Rural Water Supply and Sanitation||RWSS Circle Cuttack||EE RWSS Divn Jagatsinghpur,OFFICE OF THE SE RWSS DIVISION JAGATSINGHPUR,754103.0,1.0,"9,77,462",GAURANGA MAHALA,"977,462",Not Admitted-Fee/PreQual/Technical/Finance,20-Jul-2026,Rural Water Supply and Sanitation||RWSS Circle Cuttack||EE RWSS Divn Jagatsinghpur
2026_CEBBS_129635_7,SE-AID-3/2026-27,Improvement to Right Main Canal from RD 4675m to 4700m of Sapua Badjore Irrigation Project Working RD from 4675m to 4703m,Improvement to Right Main Canal from RD 4675m to 4700m of Sapua Badjore Irrigation Project Working RD from 4675m to 4703m,Works,Open Tender,Percentage,Civil Works - Canal,No,No,NA ,25-May-2026 11:00 AM,NA ,90.0,No ,No,Online,04-Jun-2026 09:00 AM,CE and BM Brahmani Basin Samal||SE Angul Irrigation Circle Angul||EE Angul Irrigation Division Angul,Angul,759143.0,1.0,,MAHESWAR ROUT,"479,629",Rejected-Finance,29-Jun-2026,CE and BM Brahmani Basin Samal||SE Angul Irrigation Circle Angul||EE Angul Irrigation Division Angul
2026_CERWI_127149_1,EERWGNP Online 15 2025 26,Construction of Conference Hall for Video Conference System at Ramnaguda Tahasil office of Rayagada District for the year 2025-26.,Construction of Conference Hall for Video Conference System at Ramnaguda Tahasil office of Rayagada District for the year 2025-26.,Works,Open Tender,Percentage,Civil Works - Buildings,No,No,NA ,11-Mar-2026 10:00 AM,NA ,90.0,No ,No,Online,17-Mar-2026 11:00 AM,CE RW I||RWCIRCLE-RAYAGADA||RWDIVISION-GUNUPUR,Gunupur,764062.0,1.0,"17,94,293",PRASANT KARKARIA,"1,794,293.086",Rejected-Finance,30-Jun-2026,CE RW I||RWCIRCLE-RAYAGADA||RWDIVISION-GUNUPUR
2025_ORULB_112423_102,BM-BDK-01-2025-26,Dismentaling of CC Road and Construction of Paver Road and RCC Drain from Dukha House towards Tabarak House Via Khalil House in Ward No-21,Dismentaling of CC Road and Construction of Paver Road and RCC Drain from Dukha House towards Tabarak House Via Khalil House in Ward No-21,Works,Open Tender,Percentage,Civil Works - Others,No,No,NA ,17-Apr-2025 10:00 AM,NA ,90.0,No ,No,Online,29-Apr-2025 11:00 AM,Municipal Bodies||Bhadrak Municipality,Bhadrak Municipality,756100.0,1.0,"7,12,099",BIDYADHAR BEHERA,"712,099",Rejected-AOC,03-Jul-2026,Municipal Bodies||Bhadrak Municipality
2026_CEBBS_131117_17,SEDID-01/2026-27,Construction of VRB at RD 5680mand 7000m of Tentalabahal disty of GLMC for the year 2026-27,Construction of VRB at RD 5680mand 7000m of Tentalabahal disty of GLMC for the year 2026-27,Works,Open Tender,Percentage,Civil Works - Canal,No,No,NA ,12-Jun-2026 02:00 PM,NA ,90.0,No ,No,Online,23-Jun-2026 11:00 AM,CE and BM Brahmani Basin Samal||SE Angul Irrigation Circle Angul||Deogarh Irrigation Division Deogarh,Deogarh,768119.0,1.0,"5,32,042",ABINASH KUMAR SAHU,"532,042",Accepted-AOC,29-Jul-2026,CE and BM Brahmani Basin Samal||SE Angul Irrigation Circle Angul||Deogarh Irrigation Division Deogarh
2025_OLIC_112623_4,EEOLICSBP-01/2025-26,Revival of Kundaposi-I L.I. Project under Kuchinda Block in Sambalpur District,Revival of Kundaposi-I L.I. Project under Kuchinda Block in Sambalpur District,Works,Open Tender,Percentage,Civil Works - Lift Irrigation Schemes,No,No,NA ,22-Apr-2025 10:00 AM,NA ,90.0,No ,No,Online,01-May-2025 10:00 AM,Orissa Lift Irrigation Corporation||LI Northern Circle Sambalpur||LI Division Sambalpur,Kuchinda,768222.0,1.0,"11,27,713",SRIKANT PADHAN,"1,011,160.92",Rejected-AOC,18-Jul-2026,Orissa Lift Irrigation Corporation||LI Northern Circle Sambalpur||LI Division Sambalpur
2026_CERWI_126565_1,TENDER ONLINE RCK-03/26,Construction of R and B Road to Tilapada via Jiaguda in the Dist. of Jajpur for the year 2025-26.,Construction of road works,Works,National Competitive Bid,Percentage,Civil Works - Roads,No,No,NA ,24-Feb-2026 05:30 PM,NA ,90.0,No ,No,Online,06-Mar-2026 11:00 AM,CE RW I||RWCIRCLE-KENDRAPARA,Jajpur,755001.0,2.0,"3,46,59,014",M/S Subhakanta Rout,"34,659,013",Rejected-Finance,03-Jul-2026,CE RW I||RWCIRCLE-KENDRAPARA
2026_CEMIB_129245_1,SEMIDPDP-01/2026-27,Improvement of Jadamunda MIP (Res) in Bhatli block of Bargarh district under ERM scheme for the year 2025-26 (MC RD 1200m to 1413m),Improvement of Jadamunda MIP (Res) in Bhatli block of Bargarh district under ERM scheme for the year 2025-26 (MC RD 1200m to 1413m),Works,Open Tender,Percentage,Civil Works - Others,No,No,NA ,14-May-2026 11:00 AM,NA ,90.0,No ,No,Online,29-May-2026 11:00 AM,"CE,Minor Irrigation,BBSR||Balangir Minor Irrigation Circle Balangir||MI Division Padampur",Block Bhatli,768030.0,1.0,"8,19,418",PAPUN BARIK,"819,337",Rejected-AOC,10-Jun-2026,"CE,Minor Irrigation,BBSR||Balangir Minor Irrigation Circle Balangir||MI Division Padampur"
2026_EICCL_129848_2,SE DKL (R and B) 09/2026-27,Repair and renovation of JMFC quarters with Construction of Boundary wall at Bhuban,Repair and renovation of JMFC quarters with Construction of Boundary wall at Bhuban,Works,Open Tender,Percentage,Civil Works - Others,No,No,NA ,26-May-2026 06:00 PM,NA ,90.0,No ,No,Online,09-Jun-2026 11:00 AM,EIC-CIVIL||SERNB-CIRCLE-DHENKANAL||EERNB-DIVN-DHENKANAL,Dhenkanal,759001.0,1.0,"12,01,456",DILESWAR SASAMAL,"1,201,456",Rejected-AOC,27-Jul-2026,EIC-CIVIL||SERNB-CIRCLE-DHENKANAL||EERNB-DIVN-DHENKANAL
2025_CERWI_121468_8,Tender Online RCK-17/25,Impvt. to Balisahi to Tihada School via Harianka Medical Janarabarilula School Chhaka Road in the Dist. of Kendrapara under MMSY-Impvt. to Existing RD Roads for the year 2025-26.,Construction of road works,Works,National Competitive Bid,Percentage,Civil Works - Roads,No,No,NA ,21-Nov-2025 02:30 PM,NA ,90.0,No ,No,Online,06-Dec-2025 11:00 AM,CE RW I||RWCIRCLE-KENDRAPARA,Kendrapara,754211.0,2.0,"3,61,54,579",ANANTA PRASAD MALIK,"32,542,736",Rejected-Finance,13-Jul-2026,CE RW I||RWCIRCLE-KENDRAPARA
2026_OMC_125404_1,NIT No.04/OMC/CIVIL/2026,Development work of Mangala River Side Beach (Shree Beach) in the district of Puri.,Development work of Mangala River Side Beach (Shree Beach) in the district of Puri.,Works,Open Tender,Percentage,Civil Works - Others,No,No,NA ,03-Feb-2026 10:00 AM,NA ,180.0,No ,No,Online,06-Mar-2026 11:00 AM,Orissa Mining Corporation,MANGALA RIVER SIDE BEACH,752001.0,2.0,"18,37,92,000",Ms GOLDEN WOOD PECKER,"148,063,124.58",Accepted-AOC,15-Jul-2026,Orissa Mining Corporation
2026_ORULB_128734_2,SNP-MUN-37/2026-27,Construction of Drain and Road at Ramakanta Babu House to Electric gridco W.No-2,Construction of Drain and Road at Ramakanta Babu House to Electric gridco W.No-2,Works,Open Tender,Percentage,Civil Works - Others,No,No,NA ,05-May-2026 11:00 AM,NA ,60.0,No ,No,Online,16-May-2026 11:00 AM,Municipal Bodies||Sonepur Municipal Council,Sonepur Municipality,767017.0,1.0,"11,60,137",Ramshankar Satpathy,"1,160,136",Rejected-Technical,20-Jul-2026,Municipal Bodies||Sonepur Municipal Council
2026_ORULB_129755_16,RGDA-MUN-01/2026-2027,"Providing RCC Cover Slab with Repair of Drain with Fixing of Cover Slab in w.no-15, Part-I","Providing RCC Cover Slab with Repair of Drain with Fixing of Cover Slab in w.no-15, Part-I",Works,Open Tender,Percentage,Civil Works - Others,No,No,NA ,25-May-2026 06:00 PM,NA ,90.0,No ,No,Online,10-Jun-2026 11:30 AM,Municipal Bodies||Rayagada Municipality,RAYAGADA MUNICIPALITY,765001.0,1.0,"16,94,982",AMBIKA GOUDA,"1,694,982",Rejected-Finance,10-Jul-2026,Municipal Bodies||Rayagada Municipality
2025_EICCL_115804_1,SE RandB BDK-6/2025-26-2,Construction of DEOOffice at Bhadrak Such as Construction of First Floor of the existing Building Compound Wall and Approach Road for the year 2024-25.,Construction of DEOOffice at Bhadrak Such as Construction of First Floor of the existing Building Compound Wall and Approach Road for the year 2024-25.,Works,Open Tender,Percentage,Civil Works - Buildings,No,No,NA ,21-Jul-2025 02:30 PM,NA ,90.0,No ,No,Online,31-Jul-2025 11:30 AM,EIC-CIVIL||SERNB-CIRCLE-EASTERN||EERNB-DIVN-BHADRAK,Bhadrak,756100.0,1.0,,BRAMHA BHAKTI SWAROOP MOHAPATRA,"3,430,332.87",Rejected-Finance,31-Jul-2026,EIC-CIVIL||SERNB-CIRCLE-EASTERN||EERNB-DIVN-BHADRAK
2026_ORULB_129135_22,NLGN _1/2026-27,"Construction of CC road and drain from Nisakara Pradhan house to Kamala Pradhan house, W.No.13 under Nilgiri NAC.","Construction of CC road and drain from Nisakara Pradhan house to Kamala Pradhan house, W.No.13 under Nilgiri NAC.",Works,Open Tender,Percentage,Civil Works - Roads,No,No,NA ,11-May-2026 03:00 PM,NA ,120.0,No ,No,Online,25-May-2026 11:00 AM,Municipal Bodies||Nilgiri NAC,Nilgiri NAC,756040.0,1.0,"2,83,898",ASHOK KUMAR MOHAPATRA,"283,898",Rejected-AOC,14-Jul-2026,Municipal Bodies||Nilgiri NAC
2026_CERWI_125066_1,Online AGL-34/2025-26,"Construction of road from Govindpur to Kaimati (Gahamkhunti Chhak) to Lachhapali via Kauchi, Kusapada Road","Construction of road from Govindpur to Kaimati (Gahamkhunti Chhak) to Lachhapali via Kauchi, Kusapada Road",Works,National Competitive Bid,Percentage,Civil Works - Roads,No,No,NA ,29-Jan-2026 10:00 AM,NA ,90.0,No ,No,Online,12-Feb-2026 10:00 AM,CE RW I||RWCIRCLE-ANGUL,Dhenkanal,759143.0,2.0,"3,55,66,352",SANJIB SUBHANKAR,"35,566,352",Rejected-AOC,15-Jul-2026,CE RW I||RWCIRCLE-ANGUL
2025_OLIC_123977_41,OLIC-BPT-05/2025-26 Dt.24.12.2025,INSTALLATION AND ENERGISATION OF PENGDHUSI L.I. PROJECT UNDER TH.RAMPUR BLOCK IN KALAHANDI DISTRICT OUT OF RIDF-2025-26,INSTALLATION AND ENERGISATION OF PENGDHUSI L.I. PROJECT UNDER TH.RAMPUR BLOCK IN KALAHANDI DISTRICT OUT OF RIDF-2025-26,Works,National Competitive Bid,Percentage,Civil Works - Lift Irrigation Schemes,No,No,NA ,01-Jan-2026 11:00 AM,NA ,90.0,No ,No,Online,31-Jan-2026 11:00 AM,Orissa Lift Irrigation Corporation||LI Western Circle Bhawanipatna||LI Division Bhawanipatna,TH.RAMPUR,766037.0,1.0,"60,38,648",DHARMENDRA KUMAR JOSHI,"5,133,455",Rejected-AOC,28-Apr-2026,Orissa Lift Irrigation Corporation||LI Western Circle Bhawanipatna||LI Division Bhawanipatna
2025_ORULB_123875_23,MC(CMC)CTC_Div-I_No.18/2025-26,Construction of Community Centre near field at Upper Police Colony Deula Sahi in Ward No. 7.,Construction of Community Centre near field at Upper Police Colony Deula Sahi in Ward No. 7.,Works,Open Tender,Percentage,Civil Works - Others,No,No,NA ,02-Jan-2026 01:00 PM,NA ,90.0,No ,No,Online,17-Jan-2026 11:00 AM,Municipal Bodies||Cuttack Municipal Corporation,CMC,753012.0,1.0,"13,71,000",HASYAMAYEE ROUL,"1,165,419",Accepted-AOC,30-Jul-2026,Municipal Bodies||Cuttack Municipal Corporation
2026_ORULB_125611_26,BRJNRM -05/2025-26,"Construction of Road and Drain at W.No.17,18,19 and 20",Road and Drain,Works,Open Tender,Percentage,Civil Works - Others,No,No,NA ,07-Feb-2026 06:00 PM,NA ,90.0,No ,No,Online,21-Feb-2026 11:00 AM,Municipal Bodies||Brajrajnagar Municipality,Brajrajnagar Municipality,768216.0,2.0,"19,90,000",ANJANA PADHAN,"1,571,796.94",Rejected-AOC,07-Jul-2026,Municipal Bodies||Brajrajnagar Municipality
2026_PRKOK_127989_6,PS-KKSR-T-1/2026-27,"Construction of Addl. Class room at Govt. Primary school Mahulmunda , GP- Majhiguda under Koksara Block",Building,Works,Open Tender,Percentage,Civil Works - Buildings,No,No,NA ,09-Apr-2026 11:00 AM,NA ,90.0,No ,No,Online,24-Apr-2026 11:00 AM,Panchayati Raj and Drinking Water Department Odisha||Zilla Parisad Kalahandi||KOKASARA Block,Koksara,766019.0,1.0,"15,07,959",PRATAP KISHOR NAIK,"1,206,518",Rejected-Finance,30-Jul-2026,Panchayati Raj and Drinking Water Department Odisha||Zilla Parisad Kalahandi||KOKASARA Block
2026_UPIDB_129393_1,SEUKID-01/2026-27 (SL05),Construction of trough wall from RD 12.150 km to 12.250 km of Kotpad Distributary.,CANAL STRUCTURAL WORK,Works,Open Tender,Percentage,Civil Works - Canal,No,No,NA ,20-May-2026 11:00 AM,NA ,90.0,No ,No,Online,01-Jun-2026 11:00 AM,CE AND BM IK BASIN BARINIPUT JEYPORE||Upper Kolab Project Bariniput||Upper Kolab Irrigation Division Borigumma,BORIGUMMA,764056.0,1.0,"12,95,876",SWAPNA BISOI,"1,295,876",Rejected-AOC,24-Jun-2026,CE AND BM IK BASIN BARINIPUT JEYPORE||Upper Kolab Project Bariniput||Upper Kolab Irrigation Division Borigumma
2026_ORULB_125611_32,BRJNRM -05/2025-26,Development of Tarini Bhawan Bhog Mandap at Ramgarh W.No.2.,Mandap,Works,Open Tender,Percentage,Civil Works - Buildings,No,No,NA ,08-Feb-2026 11:00 AM,NA ,90.0,No ,No,Online,21-Feb-2026 11:00 AM,Municipal Bodies||Brajrajnagar Municipality,Brajrajnagar Municipality,768216.0,2.0,"19,90,000",Birendra Munda,"1,684,879.69",Rejected-AOC,07-Jul-2026,Municipal Bodies||Brajrajnagar Municipality
2026_CERWI_129629_1,Online Tender 01 RWD SBD 2026 27,SR to RW Section office Building at Semiliguda for the year 2026-27_building,SR to RW Section office Building at Semiliguda for the year 2026-27_building,Works,Open Tender,Percentage,Civil Works - Buildings,No,No,NA ,22-May-2026 11:00 AM,NA ,90.0,No ,No,Online,05-Jun-2026 11:00 AM,CE RW I||RWCIRCLE-SUNABEDA||RWDIVISION-SUNABEDA,Sunabeda,763001.0,1.0,"6,78,133",CH.BIBHUTI BHUSAN SHREE CHANDAN MAHENDRA BAHADUR,"678,133",Rejected-AOC,12-Jul-2026,CE RW I||RWCIRCLE-SUNABEDA||RWDIVISION-SUNABEDA
2026_PRSIN_129193_3,e-Procurement Notice No.(PSSNP)01/2026-27vide letter no.1894dt.08/05/2026,"Const of Addl. Class Room (ACR) at Dongargaon UPS,Nuamalpada GP",New construction,Works,Open Tender,Percentage,Civil Works - Buildings,No,No,NA ,12-May-2026 04:00 PM,NA ,90.0,No ,No,Online,26-May-2026 11:00 AM,Panchayati Raj and Drinking Water Department Odisha||Zilla Parisad Nuapada||SINAPALI Block,Nuamalpada GP,766108.0,1.0,"14,74,849",Jayadeb Meher,"1,473,374.414",Rejected-Finance,07-Jul-2026,Panchayati Raj and Drinking Water Department Odisha||Zilla Parisad Nuapada||SINAPALI Block
2026_EICCL_128559_1,SE Rand B 01 2026 27,"S/R such as need based emergency repair and renovation work to police staff Quarters inside the campus of Town Police station, Sadar Thana, Mahila Thana and SDPO Res at Jey pore for the year 2026-27- Building","S/R such as need based emergency repair and renovation work to police staff Quarters inside the campus of Town Police station, Sadar Thana, Mahila Thana and SDPO Res at Jey pore for the year 2026-27- Building",Works,Open Tender,Percentage,Civil Works - Buildings,No,No,NA ,28-Apr-2026 04:00 PM,NA ,90.0,No ,No,Online,08-May-2026 11:00 AM,EIC-CIVIL||SERNB-CIRCLE-JEYPORE||EERNB-DIVN-JEYPORE,Koraput,764001.0,1.0,"15,84,129",SAMEER KUMAR MADALA,"1,584,129",Rejected-AOC,15-Jul-2026,EIC-CIVIL||SERNB-CIRCLE-JEYPORE||EERNB-DIVN-JEYPORE
2025_OMC_122692_1,"OMC/E-PROC/CP/031/2025-26, Dtd. 06/12/2025","Loading and Transportation of Chrome Ore from Stockyard of South Kaliapani and Sukrangi Chromite Mines to Ferro-Chrome Plant (FCP), JK Road of OMC Ltd.","Loading and Transportation of Chrome Ore from Stockyard of South Kaliapani and Sukrangi Chromite Mines to Ferro-Chrome Plant (FCP), JK Road of OMC Ltd.",Services,Open Tender,Item Rate,Miscellaneous Services,No,No,NA ,10-Dec-2025 11:30 AM,16-Dec-2025 03:30 PM ,180.0,No ,No,Online,13-Jan-2026 05:00 PM,Orissa Mining Corporation,"Ferro Chrome plant, OMC, Jajpur",755020.0,2.0,,ORISSA STEVEDORES LIMITED,"158,822,100",Rejected-Technical,09-Jul-2026,Orissa Mining Corporation
2026_CEDC_129055_1,e-Procurement Notice No. 01/2026-27,Improvement to Podapadar Nalla including construction of Farmland culvert under Chatrapur Block in D.I.P.,FARMLAND CULVERT,Works,National Competitive Bid,Percentage,Civil Works - Others,No,No,NA ,11-May-2026 10:00 AM,NA ,90.0,No ,No,Online,28-May-2026 11:30 AM,"CE,Drainage,Cuttack||SE Drainage Circle Bhubaneswar||EE Drainage Divn. Berhampur",CHATRAPUR,760004.0,1.0,"43,93,098",R KIRAN REDDY,"3,514,478",Rejected-Finance,30-Jul-2026,"CE,Drainage,Cuttack||SE Drainage Circle Bhubaneswar||EE Drainage Divn. Berhampur"
2025_EICCL_116075_1,CCE (R and B) BGR-07-2025-26,CONSTRUCTION OF E TYPE QUARTER 6 NOS AT CHC MURIBAHAL UNDER MURIBAHAL BLOCK IN THE DISTRICT OF BALANGIR FOR THE YEAR 2025-26(STATE PLAN UNDER MMSSM),Building Work,Works,National Competitive Bid,Percentage,Civil Works - Buildings,No,No,NA ,24-Jul-2025 06:55 PM,NA ,90.0,No ,No,Online,08-Aug-2025 11:00 AM,EIC-CIVIL||SERNB-CIRCLE-BOLANGIR,Kantabanji,767039.0,2.0,"1,72,73,096",CHAITANYA MAJHI,"14,683,859",Rejected-Finance,11-Mar-2026,EIC-CIVIL||SERNB-CIRCLE-BOLANGIR
2026_OSCSC_130754_1,2401/dtd.01.06.2026,Tender for selection and appointment of Level II Transport Contractor for transportation of Custom Milled Rice from Rice Receiving Centre to Retail Centre of Raghunathpur Block.,Tender for selection and appointment of Level II Transport Contractor for transportation of Custom Milled Rice from Rice Receiving Centre to Retail Centre of Raghunathpur Block.,Services,Open Tender,Percentage,Handling and Transportation,No,No,NA ,03-Jun-2026 12:20 PM,04-Jun-2026 11:00 AM ,45.0,No ,No,Online,20-Jun-2026 11:00 AM,Odisha State Civil Supplies Corp. Ltd.||CSO cum DM Jagatsinghpur,Jagatsinghpur,754103.0,2.0,,M/S. BASUDEV ROADLINES,28.97,Rejected-Finance,15-Jul-2026,Odisha State Civil Supplies Corp. Ltd.||CSO cum DM Jagatsinghpur
2026_EICCL_128683_2,SE DKL (R and B) 02/2026-27,"Construction of front Boundary wall with entrance gate at DIET, Dhenkanal","Construction of front Boundary wall with entrance gate at DIET, Dhenkanal",Works,Open Tender,Percentage,Civil Works - Others,No,No,NA ,01-May-2026 09:00 AM,NA ,90.0,No ,No,Online,15-May-2026 11:00 AM,EIC-CIVIL||SERNB-CIRCLE-DHENKANAL||EERNB-DIVN-DHENKANAL,Dhenkanal,759001.0,1.0,"12,30,643",Pratap Chandra Khatua,"1,230,643",Rejected-AOC,22-Jul-2026,EIC-CIVIL||SERNB-CIRCLE-DHENKANAL||EERNB-DIVN-DHENKANAL
2026_EICCL_129376_6,SE CBT (R and B)-01/2026-27,Shifting and reconstruction of existing electrical installation due to impvt such as widening and strengthening to Chhatia Kalakala road from 0.00 km to 16.393 km in the district of Jajpur for the year 2026-27,Shifting and reconstruction of existing electrical installation due to impvt such as widening and strengthening to Chhatia Kalakala road from 0.00 km to 16.393 km in the district of Jajpur for the year 2026-27,Works,National Competitive Bid,Percentage,Electrical Works,No,No,NA ,18-May-2026 10:00 AM,NA ,90.0,No ,No,Online,01-Jun-2026 11:00 AM,EIC-CIVIL||SERNB-CIRCLE-DHENKANAL||EERNB DIVN CHARBATIA,Chhatia,754023.0,1.0,"35,03,707",M/s B. M. ELECTRICALS AND CONSTRUCTION,"3,503,707",Rejected-Technical,27-Jul-2026,EIC-CIVIL||SERNB-CIRCLE-DHENKANAL||EERNB DIVN CHARBATIA
2026_UPIDB_129406_1,SEUKID-01/2026-27 (SL17),Construction of trough wall from RD 0.680 km to 0.770km and from RD 0.790km to 0.830km of Malda sub-minor.,CANAL STRUCTURAL WORK,Works,Open Tender,Percentage,Civil Works - Canal,No,No,NA ,20-May-2026 11:00 AM,NA ,90.0,No ,No,Online,01-Jun-2026 11:00 AM,CE AND BM IK BASIN BARINIPUT JEYPORE||Upper Kolab Project Bariniput||Upper Kolab Irrigation Division Borigumma,BORIGUMMA,764056.0,1.0,"8,84,050",PADMAN BISOI,"884,050",Rejected-AOC,24-Jun-2026,CE AND BM IK BASIN BARINIPUT JEYPORE||Upper Kolab Project Bariniput||Upper Kolab Irrigation Division Borigumma
2026_CERWI_129104_1,Online Tender 01 RWD Kuchinda 2026-27,S/R to R.W Sub-Division and Section Office Building at Bamra in the District of Sambalpur for the year 2026-27.,S/R to R.W Sub-Division and Section Office Building at Bamra in the District of Sambalpur for the year 2026-27.,Works,Open Tender,Percentage,Civil Works - Buildings,No,No,NA ,11-May-2026 11:00 AM,NA ,90.0,No ,No,Online,22-May-2026 11:00 AM,CE RW I||RWCIRCLE-SAMBALPUR||RW Division Kuchinda,Kuchinda,768222.0,1.0,"6,77,607",ARABINDA SAHOO,"670,830",Accepted-AOC,08-Jul-2026,CE RW I||RWCIRCLE-SAMBALPUR||RW Division Kuchinda
2026_ORULB_129755_3,RGDA-MUN-01/2026-2027,Construction of RCC drain at Ashok Nagar 4th lane in w.no-19,Construction of RCC drain at Ashok Nagar 4th lane in w.no-19,Works,Open Tender,Percentage,Civil Works - Others,No,No,NA ,25-May-2026 06:00 PM,NA ,90.0,No ,No,Online,10-Jun-2026 11:30 AM,Municipal Bodies||Rayagada Municipality,RAYAGADA MUNICIPALITY,765001.0,1.0,"16,94,385",DILLIP KUMAR SAHU,"1,695,385",Rejected-Finance,17-Jul-2026,Municipal Bodies||Rayagada Municipality
2026_CERWI_126541_1,Tender Online RCK-03/26,Construction of Kantigadia to Kusunpur Road in the Dist. of Jajpur for the year 2025-26.,Construction of road works,Works,National Competitive Bid,Percentage,Civil Works - Roads,No,No,NA ,24-Feb-2026 04:00 PM,NA ,90.0,No ,No,Online,06-Mar-2026 11:00 AM,CE RW I||RWCIRCLE-KENDRAPARA,Jajpur,755001.0,2.0,"3,18,35,348",CHITTA RANJAN DAS,"30,246,764",Accepted-AOC,08-Jul-2026,CE RW I||RWCIRCLE-KENDRAPARA
2026_ORULB_129755_2,RGDA-MUN-01/2026-2027,Construction of RCC drain with Cover Slab at DFO 3rd lane in Ward No-09,Construction of RCC drain with Cover Slab at DFO 3rd lane in Ward No-09,Works,Open Tender,Percentage,Civil Works - Others,No,No,NA ,25-May-2026 06:00 PM,NA ,90.0,No ,No,Online,10-Jun-2026 11:30 AM,Municipal Bodies||Rayagada Municipality,Rayagada Municipality,765001.0,1.0,"16,94,385",JYOSTNA RANI SAHANI,"1,694,385",Rejected-Finance,17-Jul-2026,Municipal Bodies||Rayagada Municipality
2026_CERWI_126504_1,RWCCESNG-35 of 2025-26,Dharuadihi to Banki road,Dharuadihi to Banki road,Works,National Competitive Bid,Percentage,Civil Works - Roads,No,No,NA ,23-Feb-2026 06:10 PM,NA ,90.0,No ,No,Online,11-Mar-2026 11:00 AM,CE RW I||RW-CIRCLE-SUNDARGARH,Sundergarh,770020.0,2.0,"2,54,20,176",PRAHALLAD MAJHI,"25,394,755.928",Rejected-Finance,31-Jul-2026,CE RW I||RW-CIRCLE-SUNDARGARH
2025_ORULB_115588_8,MC(CMC)CTC_Div-I_No.06/2025-26,Construction of B.T. road from Manu Rout res to Dhiren Rout res at Bidyadharpur in Ward No. 3.,Construction of B.T. road from Manu Rout res to Dhiren Rout res at Bidyadharpur in Ward No. 3.,Works,Open Tender,Percentage,Civil Works - Others,No,No,NA ,18-Jul-2025 03:00 PM,NA ,90.0,No ,No,Online,01-Aug-2025 11:00 AM,Municipal Bodies||Cuttack Municipal Corporation,CMC,753012.0,1.0,"42,01,000",SOUBHAGYA RANJAN MOHAPATRA,"3,571,257",Rejected-AOC,01-Jul-2026,Municipal Bodies||Cuttack Municipal Corporation
2026_ORULB_127784_3,EOCHAMPUANAC-NO-66/2025-26,Construction of Market Complex near Fish Market in Ward No-09,Construction of Market Complex near Fish Market in Ward No-09,Works,Open Tender,Percentage,Civil Works - Others,No,No,NA ,02-Apr-2026 02:00 PM,NA ,120.0,No ,No,Online,17-Apr-2026 09:30 AM,Municipal Bodies||Champua NAC,CHAMPUA,758041.0,1.0,"42,33,222",MOHMAD AKHLAK,"3,301,490",Rejected-AOC,29-Jul-2026,Municipal Bodies||Champua NAC
2025_CERWI_122881_4,Tender Online 12 JJPT of 2025-26,Construction of D type Qr.at PHC Panikoili under Korai block in the District of Jajpur for the year 2024-25,Construction of D type Qr.at PHC Panikoili under Korai block in the District of Jajpur for the year 2024-25,Works,Open Tender,Percentage,Civil Works - Buildings,No,No,NA ,10-Dec-2025 10:00 AM,NA ,90.0,No ,No,Online,17-Dec-2025 11:30 AM,CE RW I||RWCIRCLE-KENDRAPARA||RWDIVISION I JAJPUR,JAJPUR,755007.0,1.0,"29,20,992",SIDHANT NAYAK,"2,483,134.98",Rejected-AOC,21-Jul-2026,CE RW I||RWCIRCLE-KENDRAPARA||RWDIVISION I JAJPUR
2026_CENH_125744_1,IFB08/CCE-WNHC-SBP of 2025-26,Construction of R.C.C. Drain along NH 353 km 75.870 to 78.330 RHS for the year 2025-26,Construction of R.C.C. Drain along NH 353 km 75.870 to 78.330 RHS for the year 2025-26,Works,National Competitive Bid,Percentage,Civil Works - Others,No,No,NA ,09-Feb-2026 05:00 PM,NA ,90.0,No ,No,Online,02-Mar-2026 12:30 PM,CE-NH||NHCIRCLE-SAMBALPUR,Bolangir,767001.0,2.0,"2,50,48,942",LALAN PRASAD GUPTA,"18,218,095",Rejected-Finance,02-Jul-2026,CE-NH||NHCIRCLE-SAMBALPUR
2025_CERWI_122603_27,NCB No 394 Road Work,Improvement of Kundabai - UpparTaladiha Road Road under MMSY-Improvement to Existing RD Road in the District of Mayurbhanj for the year 2025-26.,Improvement of Kundabai - UpparTaladiha Road Road under MMSY-Improvement to Existing RD Road in the District of Mayurbhanj for the year 2025-26.,Works,National Competitive Bid,Percentage,Civil Works - Roads,No,No,NA ,06-Dec-2025 03:00 PM,NA ,90.0,No ,No,Online,06-Jan-2026 11:00 AM,CE RW I||RWCIRCLE-BARIPADA,"SE RW Division, Udala",757041.0,2.0,"4,77,05,000",SRI BHAGIRATHA LENKA,"40,553,817",Rejected-AOC,18-Jul-2026,CE RW I||RWCIRCLE-BARIPADA
2025_CERWI_121372_2,NCB-30/RWCKJR/2025-26,Construction of Taruan to Godarpal road under MMSY-CMRL in the District of Keonjhar.,Construction of Taruan to Godarpal road under MMSY-CMRL in the District of Keonjhar.,Works,National Competitive Bid,Percentage,Civil Works - Roads,No,No,NA ,15-Nov-2025 06:45 PM,NA ,90.0,No ,No,Online,27-Nov-2025 11:00 AM,CE RW I||RWCIRCLE-KEONJHAR,Keonjhar,758001.0,2.0,"2,27,99,372",SURESH KUMAR JENA,"19,381,745.43",Rejected-Technical,02-Jul-2026,CE RW I||RWCIRCLE-KEONJHAR
2025_EICCL_121024_1,CCEEC-09/2025-26,Development of Khirachora Gopinath Temple at Remuna in Balasore District.,Building Work,Works,National Competitive Bid,Percentage,Civil Works - Buildings,No,No,NA ,10-Nov-2025 11:30 AM,NA ,90.0,No ,No,Online,25-Nov-2025 11:00 AM,EIC-CIVIL||SERNB-CIRCLE-EASTERN,Balasore,756001.0,2.0,"1,84,07,925",DINESH PRADHAN,"15,648,577",Accepted-AOC,20-Feb-2026,EIC-CIVIL||SERNB-CIRCLE-EASTERN
2026_EICCL_127159_1,SE R and B Divn NoI Bam 67 /2025-26,"Const. of 11kv, LT line and 11.04 kva sub station and providing 3 phase power supply to 20kw and 15kw load to 100 seated girls hostel and 50 seated boys hostel building of DPIASE, kanisi building","Const. of 11kv, LT line and 11.04 kva sub station and providing 3 phase power supply to 20kw and 15kw load to 100 seated girls hostel and 50 seated boys hostel building of DPIASE, kanisi building",Works,Open Tender,Percentage,Electrical Works,No,No,NA ,11-Mar-2026 03:00 PM,NA ,90.0,No ,No,Online,18-Mar-2026 11:30 AM,EIC-CIVIL||SERNB-CIRCLE-BERHAMPUR||EERNB-DIVN-GANJAM I,Ganjam,760005.0,1.0,"6,68,325",M/s Maheswari Electrical,"695,058",Accepted-AOC,21-Jul-2026,EIC-CIVIL||SERNB-CIRCLE-BERHAMPUR||EERNB-DIVN-GANJAM I
2026_EICCL_127588_1,SE RandB BDK-45/2025-26-3,Shifting of 11 KV/DTR/LT Line for widening and strengthening of Barikpur-Dhamnagar road from Barikpur chhaka to Maa Rice mill .,Shifting of 11 KV/DTR/LT Line for widening and strengthening of Barikpur-Dhamnagar road from Barikpur chhaka to Maa Rice mill .,Works,Open Tender,Percentage,Electrical Works,No,No,NA ,25-Mar-2026 11:00 AM,NA ,90.0,No ,No,Online,31-Mar-2026 11:30 AM,EIC-CIVIL||SERNB-CIRCLE-EASTERN||EERNB-DIVN-BHADRAK,Bhadrak,756100.0,1.0,,M/S GOURISHANKAR ENTERPRISES.RAMAKANTA MAHANI,"3,669,815.12",Rejected-Technical,31-Jul-2026,EIC-CIVIL||SERNB-CIRCLE-EASTERN||EERNB-DIVN-BHADRAK
2026_PRKOK_127989_7,PS-KKSR-T-1/2026-27,"Construction of Addl. Class room at Nuapada Upper Primary school, GP- Kasibahal under Koksra Block",Building,Works,Open Tender,Percentage,Civil Works - Buildings,No,No,NA ,09-Apr-2026 11:00 AM,NA ,90.0,No ,No,Online,24-Apr-2026 11:00 AM,Panchayati Raj and Drinking Water Department Odisha||Zilla Parisad Kalahandi||KOKASARA Block,Koksara,766019.0,1.0,"15,10,406",PUNYAPRABHA MUND,"1,161,502",Rejected-Finance,30-Jul-2026,Panchayati Raj and Drinking Water Department Odisha||Zilla Parisad Kalahandi||KOKASARA Block
2026_ORULB_125611_27,BRJNRM -05/2025-26,Repairing of Harijanpada Community Centre W.No.20.,Community Centre,Works,Open Tender,Percentage,Civil Works - Buildings,No,No,NA ,07-Feb-2026 06:00 PM,NA ,90.0,No ,No,Online,21-Feb-2026 11:00 AM,Municipal Bodies||Brajrajnagar Municipality,Brajrajnagar Municipality,768216.0,2.0,"3,00,000",BIKI BESAN,"253,169.33",Accepted-AOC,08-Jul-2026,Municipal Bodies||Brajrajnagar Municipality
2025_CERWI_122603_9,NCB No 394 Road Work,Improvement of Sanhatnabeda-Dova - Ralibeda road under MMSY-Improvement to Existing RD Road in the District of Mayurbhanj for the year 2025-26.,Improvement of Sanhatnabeda-Dova - Ralibeda road under MMSY-Improvement to Existing RD Road in the District of Mayurbhanj for the year 2025-26.,Works,National Competitive Bid,Percentage,Civil Works - Roads,No,No,NA ,11-Dec-2025 01:30 PM,NA ,90.0,No ,No,Online,06-Jan-2026 11:00 AM,CE RW I||RWCIRCLE-BARIPADA,"SERW Division, Rairangpur",757043.0,2.0,"6,45,86,000",CHINMAYANANDA GIRI,"54,904,942",Accepted-AOC,23-Jun-2026,CE RW I||RWCIRCLE-BARIPADA
2025_CERWI_122214_21,BLGR-Online-33/2025-26,Construction of Road from Sarasmal to Gariadera Road in the district of Subarnapur under MMSY-CMRL for the year 2025-26,Construction of Road from Sarasmal to Gariadera Road in the district of Subarnapur under MMSY-CMRL for the year 2025-26,Works,National Competitive Bid,Percentage,Civil Works - Roads,No,No,NA ,02-Dec-2025 11:00 AM,NA ,90.0,No ,No,Online,18-Dec-2025 11:00 AM,CE RW I||RWCIRCLE-BALANGIR,Sonepur,767017.0,2.0,"2,86,62,000",KISHOR KUMAR BISWAL,"30,085,720",Accepted-AOC,24-Jul-2026,CE RW I||RWCIRCLE-BALANGIR
2026_EICCL_128891_2,SE DKL (R and B) 03/2026-27,"Renovation such as repair to boys hostel, Academic building of Govt. Polytechnic at Mahinsapat (Composite)","Renovation such as repair to boys hostel, Academic building of Govt. Polytechnic at Mahinsapat (Composite)l",Works,Open Tender,Percentage,Civil Works - Buildings,No,No,NA ,06-May-2026 06:55 PM,NA ,90.0,No ,No,Online,20-May-2026 11:00 AM,EIC-CIVIL||SERNB-CIRCLE-DHENKANAL||EERNB-DIVN-DHENKANAL,Dhenkanal,759001.0,1.0,"41,66,380",DILLIP KUMAR PARIDA,"4,166,380",Rejected-AOC,22-Jul-2026,EIC-CIVIL||SERNB-CIRCLE-DHENKANAL||EERNB-DIVN-DHENKANAL
2026_ORULB_125611_1,BRJNRM -05/2025-26,Development of B.T. Road at Stationpada and Main Market W.No.9 and 10.,B.T. Road,Works,Open Tender,Percentage,Civil Works - Roads,No,No,NA ,06-Feb-2026 05:00 PM,NA ,90.0,No ,No,Online,21-Feb-2026 11:00 AM,Municipal Bodies||Brajrajnagar Municipality,Brajrajnagar Municipality,768216.0,2.0,"80,00,000",SOURAV TANTY,"6,333,680.24",Rejected-AOC,08-Jul-2026,Municipal Bodies||Brajrajnagar Municipality
2026_ORULB_129755_17,RGDA-MUN-01/2026-2027,Renovation of Drain and Cover Slab at Godabarish nagar 1st and 2nd lane in w.no-16,Renovation of Drain and Cover Slab at Godabarish nagar 1st and 2nd lane in w.no-16,Works,Open Tender,Percentage,Civil Works - Others,No,No,NA ,25-May-2026 06:00 PM,NA ,90.0,No ,No,Online,10-Jun-2026 11:30 AM,Municipal Bodies||Rayagada Municipality,RAYAGADA MUNICIPALITY,765001.0,1.0,"16,95,394",GITANJALI BEHERA,"1,695,394",Rejected-Finance,10-Jul-2026,Municipal Bodies||Rayagada Municipality
2026_ORULB_128734_3,SNP-MUN-37/2026-27,Development of Road from Reserve police Gate to Rameswar Mishra,Development of Road from Reserve police Gate to Rameswar Mishra,Works,Open Tender,Percentage,Civil Works - Others,No,No,NA ,05-May-2026 11:00 AM,NA ,60.0,No ,No,Online,16-May-2026 11:00 AM,Municipal Bodies||Sonepur Municipal Council,Sonepur Municipality,767017.0,1.0,"4,15,941",SARTHAK BEDBAK,"415,940",Rejected-Technical,25-Jul-2026,Municipal Bodies||Sonepur Municipal Council
2026_WATCO_127350_1,WATCO (W)-29(04)/2025-26 Dtd.11.03.2026,"Rehabilitation and Improvement of Sewerage system for Sector-6 and 7 within CDA under Municipal Corporation, Cuttack including O and M period of 5 years","Rehabilitation and Improvement of Sewerage system for Sector-6 and 7 within CDA under Municipal Corporation, Cuttack including O and M period of 5 years",Works,National Competitive Bid,Percentage,Civil Works - Water Works,No,No,NA ,18-Mar-2026 05:00 PM,NA ,120.0,No ,No,Online,15-Apr-2026 12:30 PM,WATCO Bhubaneswar,Sector-6 and 7 Cuttack,753014.0,2.0,"33,32,32,000",BALAJI SOLAR SYSTEMS,"291,578,195",Accepted-AOC,03-Jul-2026,WATCO Bhubaneswar
2026_CERWI_131033_1,Online Tender 04/2026-27,R.I. Office Sundarpur_building,R.I. Office Sundarpur_building,Works,National Competitive Bid,Percentage,Civil Works - Buildings,No,No,NA ,04-Jun-2026 01:00 PM,NA ,90.0,No ,No,Online,18-Jun-2026 11:00 AM,CE RW I||RWCIRCLE-BERHAMPUR||RWDIVISION-GANJAM - II,Ganjam,760011.0,1.0,"4,20,005",B RAKESH PATRA,"302,403",Rejected-AOC,20-Jul-2026,CE RW I||RWCIRCLE-BERHAMPUR||RWDIVISION-GANJAM - II
2025_OLIC_122878_1,05/2025-26(3555)/OLIC(BDK)/Dt. 02.12.2025,Re-enforcement Work at Package No. 01 under Bhandaripokhari Block,Re-enforcement Works at Package No. 01 under Bhandaripokhari Block,Works,Open Tender,Turn-key,Civil Works - Lift Irrigation Schemes,No,No,NA ,10-Dec-2025 11:00 AM,NA ,180.0,No ,No,Online,19-Dec-2025 11:00 AM,Orissa Lift Irrigation Corporation||LI BALASORE||LI Division Bhadrak,"L.I. Division, Bhadrak",756100.0,2.0,"22,16,872",Sekh Abukalam,"2,223,784",Rejected-AOC,27-Jul-2026,Orissa Lift Irrigation Corporation||LI BALASORE||LI Division Bhadrak
2026_SCDBH_127609_20,e-Procurement Notice-SAL-BDK-4-P1 OF 2025-26,(20) Construction of 2nos of boxcel culvert on Muruna Minor near Hanumantapur Village and Berhampur Village For The Year 2025-26,Canal improvement,Works,Open Tender,Percentage,Civil Works - Canal,No,No,NA ,26-Mar-2026 11:00 AM,NA ,90.0,No ,No,Online,10-Apr-2026 11:00 AM,CE BM Baitarani Basin Kenojhar||Addl CE Salapada Irrigation Circle Salapada||SE Salandi Canal Division Bhadrak,Bhadrak,756100.0,1.0,"22,08,736",VAKTA RANJAN DASH,"1,877,647",Rejected-Technical,20-Jul-2026,CE BM Baitarani Basin Kenojhar||Addl CE Salapada Irrigation Circle Salapada||SE Salandi Canal Division Bhadrak
2026_DFODE_124491_1,dfodghfeandcc06,Construction of Elephant proof trench (EPT) 2 K.M at Gogua RF under Reamal Range under Deogarh Forest Division for the year 2025-26,Construction of Elephant proof trench (EPT) 2 K.M at Gogua RF under Reamal Range under Deogarh Forest Division for the year 2025-26,Works,Open Tender,Percentage,Civil Works - Others,No,No,NA ,13-Jan-2026 11:00 AM,NA ,60.0,No ,No,Online,28-Jan-2026 11:00 AM,Forest Environment and Climate Change Department||RCCF Rourkela||DFO Deogarh,Construction of Elephant proof trench (EPT) 2 K.M,768108.0,1.0,,KABITA PRADHAN,"1,035,818.16",Rejected-Finance,18-Jul-2026,Forest Environment and Climate Change Department||RCCF Rourkela||DFO Deogarh
2025_EICCL_121280_1,CE-BRIDGES-09/2025-26,Improvement of Kamarda Baliapal road from 7/000km to 9/800km and from 10/390km to 12/050km and providing renewal wearing coat on Parulia Bridge in the District of Balasore for the year 2025-26,Improvement of Kamarda Baliapal road from 7/000km to 9/800km and from 10/390km to 12/050km and providing renewal wearing coat on Parulia Bridge in the District of Balasore for the year 2025-26,Works,Open Tender,Percentage,Civil Works - Roads,No,No,NA ,17-Nov-2025 06:55 PM,NA ,90.0,No ,No,Online,05-Dec-2025 11:30 AM,EIC-CIVIL||EIC-CIVIL,in the District of Balasore,751001.0,2.0,"15,05,85,870",Rakesh Agarwalla,"128,013,048",Rejected-Finance,18-Jul-2026,EIC-CIVIL||EIC-CIVIL
2025_ORULB_112423_103,BM-BDK-01-2025-26,Dismentaling of CC Road and Construction of Paver Road from Hela Sahi Chack towards Basti Ghara at Ward No-21,Dismentaling of CC Road and Construction of Paver Road from Hela Sahi Chack towards Basti Ghara at Ward No-21,Works,Open Tender,Percentage,Civil Works - Others,No,No,NA ,17-Apr-2025 10:00 AM,NA ,90.0,No ,No,Online,29-Apr-2025 11:00 AM,Municipal Bodies||Bhadrak Municipality,Bhadrak Municipality,756100.0,1.0,"2,73,905",BIDYADHAR BEHERA,"273,905",Rejected-AOC,03-Jul-2026,Municipal Bodies||Bhadrak Municipality
2026_CERWI_126419_1,Tender Online RCK-03/26,Construction of Panimuhani to Sankha in the Dist. of Jajpur for the year 2025-26.,Construction of road works,Works,National Competitive Bid,Percentage,Civil Works - Roads,No,No,NA ,21-Feb-2026 06:55 PM,NA ,90.0,No ,No,Online,06-Mar-2026 11:00 AM,CE RW I||RWCIRCLE-KENDRAPARA,Jajpur,755001.0,2.0,"3,09,22,497",CHITTA RANJAN DAS,"32,097,552",Accepted-AOC,08-Jul-2026,CE RW I||RWCIRCLE-KENDRAPARA
2026_EICCL_128639_1,CCE KHORDHA (RAND B) CIRCLE 03/2026-27,"Development of Parking at Sterling Chhak Below Road Parking -2 in the District of Puri, for ensuing Car Festival -2026.","Development of Parking at Sterling Chhak Below Road Parking -2 in the District of Puri, for ensuing Car Festival -2026.",Works,Open Tender,Percentage,Civil Works - Others,No,No,NA ,29-Apr-2026 05:30 PM,NA ,90.0,No ,No,Online,12-May-2026 11:30 AM,EIC-CIVIL||SERNB-CIRCLE-KHURDA,Puri,752001.0,2.0,"1,26,05,176",ARJUN NAYAK,"12,605,175.97",Rejected-Finance,30-Jul-2026,EIC-CIVIL||SERNB-CIRCLE-KHURDA
2026_CEBBS_129635_6,SE-AID-3/2026-27,Construction of RCC Trough wall in Panchapada Sub Minor from RD 820m to 850m of Sapua Badjore Irrigation Project Working RD from 820m to 883m,Construction of RCC Trough wall in Panchapada Sub Minor from RD 820m to 850m of Sapua Badjore Irrigation Project Working RD from 820m to 883m,Works,Open Tender,Percentage,Civil Works - Canal,No,No,NA ,25-May-2026 11:00 AM,NA ,90.0,No ,No,Online,04-Jun-2026 09:00 AM,CE and BM Brahmani Basin Samal||SE Angul Irrigation Circle Angul||EE Angul Irrigation Division Angul,Angul,759143.0,1.0,,ALOK OJHA,"406,068",Accepted-AOC,01-Nov-2026,CE and BM Brahmani Basin Samal||SE Angul Irrigation Circle Angul||EE Angul Irrigation Division Angul
2026_EICCL_126711_1,SE R and B Divn NoI Bam 65/2025-26,Annual repair of DIG 6 nos Staff qtr such as providing plastering and painting etc at BAM building,Annual repair of DIG 6 nos Staff qtr such as providing plastering and painting etc at BAM building,Works,Open Tender,Percentage,Civil Works - Buildings,No,No,NA ,27-Feb-2026 04:00 PM,NA ,90.0,No ,No,Online,07-Mar-2026 11:30 AM,EIC-CIVIL||SERNB-CIRCLE-BERHAMPUR||EERNB-DIVN-GANJAM I,Ganjam,760005.0,1.0,"11,49,516",Chinmaya Kumar Bisoyi,"632,234",Rejected-AOC,21-Jul-2026,EIC-CIVIL||SERNB-CIRCLE-BERHAMPUR||EERNB-DIVN-GANJAM I
2026_OMFED_128672_1,VISI COOLER/ 2026-2027/02,SUPPLY OF VISI COOLER CHEST COOLER AND DEEP FREEZER,SUPPLY OF VISI COOLER CHEST COOLER AND DEEP FREEZER,Goods,Open Tender,Item Rate,Miscellaneous Goods,No,No,NA ,01-May-2026 10:00 AM,NA ,60.0,No ,No,Online,18-May-2026 03:00 PM,Odisha State Co. Milk Producers Federation Ltd.,Bhubaneswar,751007.0,2.0,"2,00,00,000",Marken Healthtech Ltd.,"17,897,150",Rejected-Technical,15-Jul-2026,Odisha State Co. Milk Producers Federation Ltd.
2025_CERWI_121468_24,Tender Online RCK-17/25,Construction of Aichipur School Chhak to NH-20 Jarda (Keonjhar District) in the Dist. of Jajpur for the year 2025-26,Construction of road works,Works,National Competitive Bid,Percentage,Civil Works - Roads,No,No,NA ,24-Nov-2025 05:45 PM,NA ,90.0,No ,No,Online,06-Dec-2025 11:00 AM,CE RW I||RWCIRCLE-KENDRAPARA,Jajpur,755001.0,2.0,"2,67,74,392",YASHOBANTA NAYAK,"22,760,911",Rejected-Finance,14-Jul-2026,CE RW I||RWCIRCLE-KENDRAPARA
2026_EICCL_128641_1,CCE KHORDHA (RAND B) CIRCLE 03/2026-27,"Development of Parking Near Shree setu in the District of Puri, for ensuing Car Festival-2026.","Development of Parking Near Shree setu in the District of Puri, for ensuing Car Festival-2026.",Works,Open Tender,Percentage,Civil Works - Others,No,No,NA ,29-Apr-2026 05:30 PM,NA ,90.0,No ,No,Online,12-May-2026 11:30 AM,EIC-CIVIL||SERNB-CIRCLE-KHURDA,Puri,752001.0,2.0,"1,68,39,942",PRAFULLA KUMAR MISHRA,"16,839,942",Rejected-Finance,30-Jul-2026,EIC-CIVIL||SERNB-CIRCLE-KHURDA
2025_PHEO_120232_1,SEPHBBSR-37(02)/2025-26 DTD.27.10.2025,"Procurement, Installation and Testing of DG sets at Mamubhanaja and K.K. Nuagaon Pump house under P.H. Section, Balugaon","Procurement, Installation and Testing of DG sets at Mamubhanaja and K.K. Nuagaon Pump house under P.H. Section, Balugaon",Works,National Competitive Bid,Percentage,Civil Works - Water Works,No,No,NA ,30-Oct-2025 05:00 PM,NA ,120.0,No ,No,Online,11-Nov-2025 12:30 PM,PHEO||SEPH-CIRCLE-BBSR||EE P.H. Division Bhubaneswar,Balugaon,752030.0,1.0,"21,89,000",UTKAL POWER,"1,860,408",Rejected-AOC,10-Jul-2026,PHEO||SEPH-CIRCLE-BBSR||EE P.H. Division Bhubaneswar
2026_ORULB_127599_55,PM_04/2025-26,Construction of RCC Retaining Wall with Parking From State Bank ATM towards Ambedkar Chhak in ward No-19,Construction of RCC Retaining Wall with Parking From State Bank ATM towards Ambedkar Chhak in ward No-19,Works,Open Tender,Percentage,Civil Works - Others,No,No,NA ,31-Mar-2026 10:30 AM,NA ,90.0,No ,No,Online,10-Apr-2026 11:00 AM,Municipal Bodies||Pattamundai Municipality,"Office of The Executive Officer, Pattamundai",754162.0,1.0,"16,90,930",Rajiv Ratan Mishra,"1,995,298",Rejected-AOC,27-Jul-2026,Municipal Bodies||Pattamundai Municipality
2026_CEBBU_129512_2,MDD-e-02/205-26,Construction of a Masonary Platform Cum-Green room inside premises of Building Section Hirakud for the year 2026-27,Construction of a Masonary Platform Cum-Green room inside premises of Building Section Hirakud for the year 2026-27,Works,Open Tender,Percentage,Civil Works - Others,No,No,NA ,20-May-2026 10:00 AM,NA ,90.0,No ,No,Online,30-May-2026 11:00 AM,"CE-BM,UM Basin,Burla",BURLA,768017.0,1.0,"22,31,645",BIKASH BEHERA,"2,231,645",Rejected-AOC,08-Jul-2026,"CE-BM,UM Basin,Burla"
2026_CEBMT_128388_7,EEBOD-02/26-27,Slope Protection work to the Right bank of River Bagh inbetween RD 3000M to RD 4000M near village Jadapal of Gundulia G.P under Boudh Block.,River Embankkment,Works,Open Tender,Percentage,Civil Works - Others,No,No,NA ,27-Apr-2026 11:00 AM,NA ,90.0,No ,No,Online,14-May-2026 11:00 AM,"CE-BM, Tel Basin,Bhawanipatna||SE Balangir Irr Circle Balangir||EE Boudh Irr Divn Boudh",Boudh,762014.0,2.0,"79,83,000",BISWAJIT SAHOO,"7,975,202.52",Rejected-Finance,10-Jul-2026,"CE-BM, Tel Basin,Bhawanipatna||SE Balangir Irr Circle Balangir||EE Boudh Irr Divn Boudh"
2026_PZPGN_127378_2,"BDO, Gunupur-online-04/2025-26","Construction of Additional Class Room Building at Gunthuli UGHS, Gunupur","Construction of Additional Class Room Building at Gunthuli UGHS, Gunupur",Works,Open Tender,Percentage,Civil Works - Buildings,No,No,NA ,18-Mar-2026 10:00 AM,NA ,90.0,No ,No,Online,04-Apr-2026 11:00 AM,Panchayati Raj and Drinking Water Department Odisha||Zilla Parisad Rayagada||GUNUPUR Block,Gunthuli,765022.0,1.0,"12,50,025",NIRUPAMA GOUDA,"1,250,025",Rejected-Finance,14-Jul-2026,Panchayati Raj and Drinking Water Department Odisha||Zilla Parisad Rayagada||GUNUPUR Block
2025_EICCL_120736_3,CCE R and B RGDA- 08/2025-26,Improvement of Ramagiri Jeerango NarayanpurRoad from 0/0 km to 15/0 Km in the District of Gajapati under State Plan for the year 2025-26.,Road works,Works,National Competitive Bid,Percentage,Civil Works - Roads,No,No,NA ,04-Nov-2025 04:00 PM,NA ,90.0,No ,No,Online,21-Nov-2025 11:00 AM,EIC-CIVIL||SERNB-CIRCLE-RAYAGADA||EERNB DIVN RAYAGADA I,Paralakhemundi,761200.0,2.0,"9,92,24,929",JAY PRAKASH SHARMA,"84,351,113",Rejected-AOC,17-Jul-2026,EIC-CIVIL||SERNB-CIRCLE-RAYAGADA||EERNB DIVN RAYAGADA I
2026_EICCL_128228_1,SE R and B Divn NoI Bam 3/2026-27,"S/R to E.I to Reconstruction of Conference Hall at office of chief Construction Engineer, Southern (R and B) circle, Berhampur.","S/R to E.I to Reconstruction of Conference Hall at office of chief Construction Engineer, Southern (R and B) circle, Berhampur.",Works,Open Tender,Percentage,Electrical Works,No,No,NA ,18-Apr-2026 04:00 PM,NA ,90.0,No ,No,Online,27-Apr-2026 11:30 AM,EIC-CIVIL||SERNB-CIRCLE-BERHAMPUR||EERNB-DIVN-GANJAM I,Berhampur,760005.0,1.0,"8,73,195",SANKARSAN SAHU,"585,041",Rejected-AOC,02-Jul-2026,EIC-CIVIL||SERNB-CIRCLE-BERHAMPUR||EERNB-DIVN-GANJAM I
2026_CERWI_129589_1,Online Tender 01 RWD SBD 2026 27,SR to RW Sub-Division office building at Lamtaput for the year 2026-27_building,SR to RW Sub-Division office building at Lamtaput for the year 2026-27_building,Works,Open Tender,Percentage,Civil Works - Buildings,No,No,NA ,22-May-2026 11:00 AM,NA ,90.0,No ,No,Online,05-Jun-2026 11:00 AM,CE RW I||RWCIRCLE-SUNABEDA||RWDIVISION-SUNABEDA,Sunabeda,763001.0,1.0,"2,54,340",PRAFUL KIRSANI,"216,214",Rejected-AOC,12-Jul-2026,CE RW I||RWCIRCLE-SUNABEDA||RWDIVISION-SUNABEDA
2026_ORULB_126953_17,EOBRP/07/2025-26,Covering of drain from Dhibar pada Hanuman mandir to Gulthu meher house in ward no 4,Covering of drain from Dhibar pada Hanuman mandir to Gulthu meher house in ward no 4,Works,Open Tender,Percentage,Civil Works - Others,No,No,NA ,07-Mar-2026 11:00 AM,NA ,90.0,No ,No,Online,16-Mar-2026 03:00 PM,Municipal Bodies||Barpali NAC,Barpali,768029.0,1.0,"2,69,271",JITEN SUNA,"213,971.35",Accepted-AOC,17-Jul-2026,Municipal Bodies||Barpali NAC
2025_OLIC_117205_4,6791 DT-18.08.2025,Installation of Borewells under Solar Pumping System in GAJAPATI District Pkg-01 BID ID-92,Installation of Borewells under Solar Pumping System in GAJAPATI District Pkg-01 BID ID-92,Works,Open Tender,Percentage,Civil Works - Lift Irrigation Schemes,No,No,NA ,25-Aug-2025 10:00 AM,NA ,180.0,No ,No,Online,17-Sep-2025 11:00 AM,Orissa Lift Irrigation Corporation,GAJAPATI,761200.0,2.0,"3,19,51,000",SHREE SHYAM INFRASTRUCTURE,"30,031,097.9",Rejected-Finance,22-Jun-2026,Orissa Lift Irrigation Corporation
2026_CEBMB_128430_3,SE-GID-01/2026-27,Protection to left Scoured bank of river Vansadhara near village Kalama.,Flood protection,Works,National Competitive Bid,Percentage,Civil Works - Others,No,No,NA ,27-Apr-2026 10:00 AM,NA ,90.0,No ,No,Online,08-May-2026 11:00 AM,"CE-BM,RVN Basin,Berhampur||SE Southern Irr Circle II Paralakhemundi||EE Paralakhemundi Irr Divn Paralakhemundi",Gunupur,765022.0,1.0,"40,47,823",Krushna Chandra Sethi,"3,399,362",Accepted-AOC,24-Jul-2026,"CE-BM,RVN Basin,Berhampur||SE Southern Irr Circle II Paralakhemundi||EE Paralakhemundi Irr Divn Paralakhemundi"
2025_OSCSC_122370_1,3763.0,Selection and appointment of Level II transport Contractor for transportation of foodgrains from RRCs to Retail Centres in the district of the State of Odisha (Astaranga Block),Selection and appointment of Level II transport Contractor for transportation of foodgrains from RRCs to Retail Centres in the district of the State of Odisha (Astaranga Block),Services,Open Tender,Percentage,Handling and Transportation,No,No,NA ,02-Dec-2025 10:00 AM,06-Dec-2025 11:30 AM ,180.0,No ,No,Online,18-Dec-2025 11:30 AM,Odisha State Civil Supplies Corp. Ltd.||CSO cum DM Puri,ASTARANGA,752109.0,2.0,"28,90,921",HARERAM SAHOO,"3,794,334",Accepted-AOC,29-Jun-2026,Odisha State Civil Supplies Corp. Ltd.||CSO cum DM Puri
2026_CEBBS_128670_14,SE-AID-1/2026-27,Construction of right side C.C guard wall from RD 160m to 350m of Ghunchapal Minor of Derjang Irrigation Project.,Construction of right side C.C guard wall from RD 160m to 350m of Ghunchapal Minor of Derjang Irrigation Project.,Works,Open Tender,Percentage,Civil Works - Others,No,No,NA ,02-May-2026 11:00 AM,NA ,90.0,No ,No,Online,12-May-2026 11:00 AM,CE and BM Brahmani Basin Samal||SE Angul Irrigation Circle Angul||EE Angul Irrigation Division Angul,Angul,759143.0,1.0,,ABHISHEK MISHRA,"1,031,590",Accepted-AOC,16-Jun-2026,CE and BM Brahmani Basin Samal||SE Angul Irrigation Circle Angul||EE Angul Irrigation Division Angul
2026_EICCL_126265_1,CCE SC RandB BAM-15/2025-26,Infrastructure Development of Maa Tara Tarini Pitha in the District of Ganjam for the year 2024-25 (Repair and Renovation of exiting 999 steps with railing),Infrastructure Development of Maa Tara Tarini Pitha in the District of Ganjam for the year 2024-25 (Repair and Renovation of exiting 999 steps with railing),Works,Open Tender,Percentage,Civil Works - Buildings,No,No,NA ,19-Feb-2026 09:00 AM,NA ,90.0,No ,No,Online,27-Feb-2026 11:30 AM,EIC-CIVIL||SERNB-CIRCLE-BERHAMPUR,"Taratarini Temple, Purushottampur, Ganjam",761018.0,2.0,"2,06,09,685",Satya Brata Pattnaik,"21,331,024",Rejected-AOC,20-Jul-2026,EIC-CIVIL||SERNB-CIRCLE-BERHAMPUR
2025_ORULB_116668_2,GJM-02-NAC/2025-26,"Construction of new road at Dagar padia New Colony, in Ward No-08 of NAC, Ganjam.","Construction of new road at Dagar padia New Colony, in Ward No-08 of NAC, Ganjam.",Works,Open Tender,Percentage,Civil Works - Others,No,No,NA ,12-Aug-2025 11:00 AM,NA ,180.0,No ,No,Online,29-Aug-2025 11:30 AM,Municipal Bodies||Ganjam NAC,Ganjam NAC,761026.0,1.0,"8,17,026",GOPAL PRADHAN,"687,720.07",Accepted-AOC,29-Jul-2026,Municipal Bodies||Ganjam NAC
2026_ORULB_126536_10,RNP NAC -07/2025-26,CONSTRUCTION OF CC DRAIN WITH COVER SLAB FOR UNCOVERED DRAIN FROM BALUNKESWARA TEMPLE TO BUS STAND IN WN -11 OF RANPUR NAC,CONSTRUCTION OF CC DRAIN WITH COVER SLAB FOR UNCOVERED DRAIN FROM BALUNKESWARA TEMPLE TO BUS STAND IN WN -11 OF RANPUR NAC,Works,Open Tender,Percentage,Civil Works - Others,No,No,NA ,28-Feb-2026 11:00 AM,NA ,60.0,No ,No,Online,10-Mar-2026 11:30 AM,Municipal Bodies||Ranpur NAC,NAC RANPUR,752026.0,1.0,"10,16,950",SARASI BALA PATTANAIK,"691,525.05",Rejected-Finance,07-Jul-2026,Municipal Bodies||Ranpur NAC
2026_ORULB_130054_5,RDL NAC- 5/2026-27,Construction of Paver Block road at Kuhi from Rama House towards Dakhya House in ward No 05,Construction of Paver Block road at Kuhi from Rama House towards Dakhya House in ward No 05,Works,Open Tender,Percentage,Civil Works - Roads,No,No,NA ,30-May-2026 10:00 AM,NA ,90.0,No ,No,Online,16-Jun-2026 11:00 AM,Municipal Bodies||Redhakhol NAC,"NAC, Redhakhol",768106.0,1.0,"2,52,508",KHELANIDHI PRADHAN,"300,000",Rejected-Finance,20-Jul-2026,Municipal Bodies||Redhakhol NAC
2026_ORULB_128192_9,BBLM-1/2026-27,"Construction of road from Maqsud Alam house to Dam gate, Upper basti and construction of road from Amar Rana house to Sunil Behera house, Mahanta basti, Ward No.7, Barbil Municipality","Construction of road from Maqsud Alam house to Dam gate, Upper basti and construction of road from Amar Rana house to Sunil Behera house, Mahanta basti, Ward No.7, Barbil Municipality",Works,Open Tender,Percentage,Civil Works - Others,No,No,NA ,20-Apr-2026 10:00 AM,NA ,90.0,No ,No,Online,04-May-2026 11:00 AM,Municipal Bodies||Barbil Municipality,Barbil,758035.0,2.0,"8,00,000",NARAYAN HEMBRAM,"759,894",Rejected-Finance,08-Jul-2026,Municipal Bodies||Barbil Municipality
2025_OHPCL_123774_1,RHEP/TCN No.-51/2025-26,"Renovation of 04 Nos. of D- type quarters at Electrical Colony under RHEP, Rengali","Renovation of 04 Nos. of D- type quarters at Electrical Colony under RHEP, Rengali",Works,Open Tender,Percentage,Civil Works - Others,No,No,NA ,26-Dec-2025 10:00 AM,NA ,120.0,No ,No,Online,07-Jan-2026 11:00 AM,Odisha Hydro Power Corporation Ltd||Rengali H.E. Project Rengali,"RHEP, Rengali",759105.0,2.0,,BIBHUTI BHUSAN SWAIN,"2,587,612",Rejected-Finance,04-Jul-2026,Odisha Hydro Power Corporation Ltd||Rengali H.E. Project Rengali
2026_CERWI_125127_1,Online-AGL-30/2025-26,Construction of road from Ramabereni to Pateli via Gadataila,Construction of road from Ramabereni to Pateli via Gadataila,Works,National Competitive Bid,Percentage,Civil Works - Roads,No,No,NA ,28-Jan-2026 03:00 PM,NA ,90.0,No ,No,Online,07-Feb-2026 05:10 PM,CE RW I||RWCIRCLE-ANGUL,Angul,759143.0,2.0,"3,19,01,488",SUNIL KUMAR SAHU,"31,901,488",Rejected-AOC,03-Jul-2026,CE RW I||RWCIRCLE-ANGUL
2026_OSAMB_125919_1,01/OSAMB/2025-26,Construction of 2500 MT Godown at Bhatli and Sankrida PACS of Bargarh District and Rengali PACS of Subarnapur District,Construction of 2500 MT Godown at Bhatli and Sankrida PACS of Bargarh District and Rengali PACS of Subarnapur District,Works,Open Tender,Percentage,Civil Works - Others,No,No,NA ,13-Feb-2026 10:00 AM,NA ,90.0,No ,No,Online,02-Mar-2026 11:30 AM,Odisha State Agricultural Marketing Board,Bargarh and Subarnapur District,751030.0,2.0,"4,81,50,851",SATYA PRAKASH AGRAWAL,"48,054,550.21",Accepted-AOC,04-Jul-2026,Odisha State Agricultural Marketing Board
2026_ORULB_130054_7,RDL NAC- 5/2026-27,Construction of paver Block road from NH 55 towards Talisahi in ward No 07,Construction of paver Block road from NH 55 towards Talisahi in ward No 07,Works,Open Tender,Percentage,Civil Works - Roads,No,No,NA ,30-May-2026 10:00 AM,NA ,90.0,No ,No,Online,16-Jun-2026 11:00 AM,Municipal Bodies||Redhakhol NAC,"NAC, Redhakhol",768106.0,1.0,"3,37,701",SHIBAPRASAD PANIKAR,"400,000",Rejected-Finance,20-Jul-2026,Municipal Bodies||Redhakhol NAC
2026_ORULB_128550_1,BMC-EE-Tender Cell-12/2026-27 dt. 27.04.2026,Implementation of safe route to PM Shri IRC High School near Indradhanu market in Ward No. 25,Implementation of safe route to PM Shri IRC High School near Indradhanu market in Ward No. 25,Works,Open Tender,Percentage,Civil Works - Others,No,No,NA ,29-Apr-2026 11:00 AM,04-May-2026 04:00 PM ,120.0,No ,No,Online,11-May-2026 11:00 AM,Municipal Bodies||Bhubaneswar Municipal Corporation,BMC AREA,751022.0,2.0,"60,35,125",KALPATARU DAS,"5,610,988",Accepted-AOC,02-Jul-2026,Municipal Bodies||Bhubaneswar Municipal Corporation
2026_OSCSC_127099_1,TENDER NO. 531 DATE-06.03.2026 Handling Contractor For Mayurbhanj,"Selection and appointment of Handling Contractor Labour works for handling of food grains Rice, wheat etc at all Rice Receiving Centre RRC except PEG Godowns in Mayurbhanj","Selection and appointment of Handling Contractor Labour works for handling of food grains Rice, wheat etc at all Rice Receiving Centre RRC except PEG Godowns in Mayurbhanj",Services,Open Tender,Percentage,Handling and Transportation,No,No,NA ,10-Mar-2026 11:00 AM,NA ,180.0,No ,No,Online,25-Mar-2026 11:30 AM,Odisha State Civil Supplies Corp. Ltd.||CSO cum DM Mayurbhanj,Mayurbhanj,757041.0,2.0,"2,42,64,041",M/s M J ROAD LINES,"4,264,041",Rejected-Finance,07-Jul-2026,Odisha State Civil Supplies Corp. Ltd.||CSO cum DM Mayurbhanj
2026_PRKOK_129574_2,PS-KKSR-T-2/2026-27,Construction of Addl. Class room at Govt. UPS Tentulipada village and GP Khuntia under Koksara Block,Building,Works,Open Tender,Percentage,Civil Works - Buildings,No,No,NA ,22-May-2026 11:00 AM,NA ,90.0,No ,No,Online,06-Jun-2026 11:00 AM,Panchayati Raj and Drinking Water Department Odisha||Zilla Parisad Kalahandi||KOKASARA Block,Koksara,766019.0,1.0,"14,96,200",JITENDRA PANDA,"1,152,224",Rejected-Finance,30-Jul-2026,Panchayati Raj and Drinking Water Department Odisha||Zilla Parisad Kalahandi||KOKASARA Block
2026_ORULB_128192_14,BBLM-1/2026-27,"Construction of Bathing ghat at Karrow River near Pump house, Chatei hutting, Ward No.14, Barbil Municipality","Construction of Bathing ghat at Karrow River near Pump house, Chatei hutting, Ward No.14, Barbil Municipality",Works,Open Tender,Percentage,Civil Works - Others,No,No,NA ,20-Apr-2026 10:00 AM,NA ,90.0,No ,No,Online,04-May-2026 11:00 AM,Municipal Bodies||Barbil Municipality,Barbil,758035.0,2.0,"9,98,000",GANGADHAR HASDA,"938,095",Rejected-Finance,08-Jul-2026,Municipal Bodies||Barbil Municipality
2026_CEBMB_128430_1,SE-GID-01/2026-27,Protection to left scoured bank of river Vansadhara near village old Bichikota.,Flood Protection,Works,National Competitive Bid,Percentage,Civil Works - Others,No,No,NA ,27-Apr-2026 10:00 AM,NA ,90.0,No ,No,Online,08-May-2026 11:00 AM,"CE-BM,RVN Basin,Berhampur||SE Southern Irr Circle II Paralakhemundi||EE Paralakhemundi Irr Divn Paralakhemundi",Gunupur,765022.0,1.0,"36,34,993",Krushna Chandra Sethi,"3,052,667",Rejected-Finance,24-Jul-2026,"CE-BM,RVN Basin,Berhampur||SE Southern Irr Circle II Paralakhemundi||EE Paralakhemundi Irr Divn Paralakhemundi"
2026_CERWI_126426_1,01/2025-26 (Buildings),Construction of block level stadium with Indoor hall building in Tiring Block Mayurbhanj,Construction of block level stadium with Indoor hall building in Tiring Block Mayurbhanj,Works,National Competitive Bid,Percentage,Civil Works - Buildings,No,No,NA ,23-Feb-2026 10:00 AM,NA ,90.0,No ,No,Online,12-Mar-2026 11:00 AM,CE RW I,Mayurbhanj,751001.0,2.0,"14,02,94,292",NIRAKAR SAMAL,"115,378,026",Rejected-Finance,03-Jul-2026,CE RW I
2026_CEBBS_128670_16,SE-AID-1/2026-27,Construction of R.C.C Trough wall from RD 2610m to RD 2680m of Nuagaon Minor of Aunli Irrigation Project.,Construction of R.C.C Trough wall from RD 2610m to RD 2680m of Nuagaon Minor of Aunli Irrigation Project.,Works,Open Tender,Percentage,Civil Works - Others,No,No,NA ,02-May-2026 11:00 AM,NA ,90.0,No ,No,Online,12-May-2026 11:00 AM,CE and BM Brahmani Basin Samal||SE Angul Irrigation Circle Angul||EE Angul Irrigation Division Angul,Angul,759143.0,1.0,,BAIKUNTHA NATH SAHU,"730,098",Accepted-AOC,16-Jun-2026,CE and BM Brahmani Basin Samal||SE Angul Irrigation Circle Angul||EE Angul Irrigation Division Angul
2026_EICCL_128363_9,SE R and B Divn NoI Bam 4/2026-27,"Supply,installation,testing and Commissioning of Autostart, Smokeless, Soundless125KVA,415V(3Ph) DG set with AMF panel to office of the Revenue Divisional Commissioner, Southern Division at Berhampur, Ganjam","Supply,installation,testing and Commissioning of Autostart, Smokeless, Soundless125KVA,415V(3Ph) DG set with AMF panel to office of the Revenue Divisional Commissioner, Southern Division at Berhampur, Ganjam",Works,Open Tender,Percentage,Electrical Works,No,No,NA ,22-Apr-2026 06:00 PM,NA ,90.0,No ,No,Online,29-Apr-2026 11:30 AM,EIC-CIVIL||SERNB-CIRCLE-BERHAMPUR||EERNB-DIVN-GANJAM I,Berhampur,760005.0,1.0,"19,20,710",UTKAL POWER,"1,920,710",Rejected-AOC,02-Jul-2026,EIC-CIVIL||SERNB-CIRCLE-BERHAMPUR||EERNB-DIVN-GANJAM I
2026_UPIDB_129388_1,SEUKID-01/2026-27 (SL01),Renovation of canal with Construction of trough wall from RD 1.400 km to 1.700 km of Panchia minor.,CANAL STRUCTURAL WORK,Works,Open Tender,Percentage,Civil Works - Canal,No,No,NA ,20-May-2026 11:00 AM,NA ,90.0,No ,No,Online,01-Jun-2026 11:00 AM,CE AND BM IK BASIN BARINIPUT JEYPORE||Upper Kolab Project Bariniput||Upper Kolab Irrigation Division Borigumma,BORIGUMMA,764056.0,1.0,"10,51,076",ANUKULA CHANDRA PATTNAIK,"1,051,076",Accepted-AOC,24-Jun-2026,CE AND BM IK BASIN BARINIPUT JEYPORE||Upper Kolab Project Bariniput||Upper Kolab Irrigation Division Borigumma
2026_CERWI_124937_11,CCE-BLS-NCB-51 of 2025-26,Construction of road PWD road managed to PWD road Baunsabania via Guhaliain the District of Balasoreunder MMSY TRIP for the year 25-26,Construction of road PWD road managed to PWD road Baunsabania via Guhaliain the District of Balasoreunder MMSY TRIP for the year 25-26,Works,National Competitive Bid,Percentage,Civil Works - Roads,No,No,NA ,23-Jan-2026 09:00 AM,NA ,90.0,No ,No,Online,09-Feb-2026 01:00 PM,CE RW I||RWCIRCLE-BALASORE,Balasore,756001.0,2.0,"4,69,04,000",LAXMINARAYAN CONSTRUCTION,"48,536,171",Accepted-AOC,17-Jul-2026,CE RW I||RWCIRCLE-BALASORE
2026_PRTRB_127051_9,PS-THRMPR-T-3/2025-26,"Construction of Road with RCC drain from Kendumundi UP school to Dharanibhata, GP- Gopinathpur under Th.Rampur Block",Road work,Works,Open Tender,Percentage,Civil Works - Roads,No,No,NA ,10-Mar-2026 11:00 AM,NA ,90.0,No ,No,Online,31-Mar-2026 11:00 AM,Panchayati Raj and Drinking Water Department Odisha||Zilla Parisad Kalahandi||THUAMUL RAMPUR Block,Th.Rampur,766037.0,2.0,"82,89,609",M/s Sudhir Naik,"6,963,272",Rejected-Finance,23-Jul-2026,Panchayati Raj and Drinking Water Department Odisha||Zilla Parisad Kalahandi||THUAMUL RAMPUR Block
2026_EICCL_127123_1,S.E.-KHD-(RandB)-46 /2025-26,Expansion of District Diagnostic Laboratory of CDVO Office at Khordha,Expansion of District Diagnostic Laboratory of CDVO Office at Khordha,Works,Open Tender,Percentage,Civil Works - Buildings,No,No,NA ,11-Mar-2026 12:00 PM,NA ,90.0,No ,No,Online,23-Mar-2026 11:30 AM,EIC-CIVIL||SERNB-CIRCLE-KHURDA||EERNB DIVN KHURDA,Khordha,752056.0,1.0,"20,52,114",SAROJ KUMAR NAYAK,"1,533,955",Rejected-AOC,27-Jul-2026,EIC-CIVIL||SERNB-CIRCLE-KHURDA||EERNB DIVN KHURDA
2026_CERWI_124883_13,NCB-26/RWCRGDA/2025-26,Construction and Maintenance of Mujedema to Hataganda via Jaraganda under MMSY TRIP Scheme in the district of Gajapati for the year 2025 26,Construction and Maintenance of Mujedema to Hataganda via Jaraganda under MMSY TRIP Scheme in the district of Gajapati for the year 2025 26,Works,National Competitive Bid,Percentage,Civil Works - Roads,No,No,NA ,20-Jan-2026 06:00 PM,NA ,90.0,No ,No,Online,12-Feb-2026 11:00 AM,CE RW I||RWCIRCLE-RAYAGADA,EE RW DIVISION MOHANA,761015.0,2.0,"7,87,89,500",ALLAPA AKHIL KUMAR,"66,978,872.31",Accepted-AOC,18-Jul-2026,CE RW I||RWCIRCLE-RAYAGADA
2026_CEBMT_128388_5,EEBOD-02/26-27,Flood Protection work to the Right Right Bank of River Mahanadi inbetween RD 60.20KM to 62.50km near village Pargalpur of SIP.,River Embankment,Works,Open Tender,Percentage,Civil Works - Others,No,No,NA ,27-Apr-2026 11:00 AM,NA ,90.0,No ,No,Online,14-May-2026 11:00 AM,"CE-BM, Tel Basin,Bhawanipatna||SE Balangir Irr Circle Balangir||EE Boudh Irr Divn Boudh",Boudh,762014.0,2.0,"78,99,000",AKASH MAHAPATRA,"7,891,649.4",Accepted-AOC,10-Jul-2026,"CE-BM, Tel Basin,Bhawanipatna||SE Balangir Irr Circle Balangir||EE Boudh Irr Divn Boudh"
2026_CEMIB_129278_2,SEMIDPDP-01/2026-27,Construction of BANJIPALI check Dam in-stream storage structure (Low height check Dam) over Danta nalla near village Banjipali in Bhatli Block of Bargarh District under MATY-3.0 Scheme for the year 2026-27,Construction of BANJIPALI check Dam in-stream storage structure (Low height check Dam) over Danta nalla near village Banjipali in Bhatli Block of Bargarh District under MATY-3.0 Scheme for the year 2026-27,Works,Open Tender,Percentage,Civil Works - Others,No,No,NA ,14-May-2026 11:00 AM,NA ,90.0,No ,No,Online,29-May-2026 11:00 AM,"CE,Minor Irrigation,BBSR||Balangir Minor Irrigation Circle Balangir||MI Division Padampur",Block Bhatli Near Vill-Banjipali,768030.0,2.0,"63,51,341",RATNAKAR BAG,"6,217,963",Rejected-Finance,10-Jun-2026,"CE,Minor Irrigation,BBSR||Balangir Minor Irrigation Circle Balangir||MI Division Padampur"
2026_ORULB_126953_15,EOBRP/07/2025-26,Covering of drain from Shaikh Safique house to Santoshi Mandir in ward no 4,Covering of drain from Shaikh Safique house to Santoshi Mandir in ward no 4,Works,Open Tender,Percentage,Civil Works - Others,No,No,NA ,07-Mar-2026 11:00 AM,NA ,90.0,No ,No,Online,16-Mar-2026 03:00 PM,Municipal Bodies||Barpali NAC,Barpali,768029.0,1.0,"6,72,438",JITEN SUNA,"499,012.73",Rejected-AOC,17-Jul-2026,Municipal Bodies||Barpali NAC
2025_CERWI_121761_2,Online Tender/30-2025-26/BPR,Improvement to Kalamba-Pangidi road in the District of Ganjam under MMSY-Improvement to Existing RD Road for the year 2025-26.,Improvement to Kalamba-Pangidi road in the District of Ganjam under MMSY-Improvement to Existing RD Road for the year 2025-26.,Works,National Competitive Bid,Percentage,Civil Works - Roads,No,No,NA ,22-Nov-2025 10:00 AM,NA ,90.0,No ,No,Online,05-Dec-2025 11:00 AM,CE RW I||RWCIRCLE-BERHAMPUR,Ganjam,760011.0,2.0,"3,70,48,000",Srinivas Mohapatra,"31,493,963",Rejected-Technical,21-Jul-2026,CE RW I||RWCIRCLE-BERHAMPUR
2026_EICCL_128086_8,SC RandB GM-II-36/2025-26,S/R such as comprehensive annual Electrical maintenance for wiring and electrical accessories at Collectorate Building at Chatrapur,Electrical work,Works,Open Tender,Percentage,Electrical Works,No,No,NA ,13-Apr-2026 10:00 AM,NA ,90.0,No ,No,Online,20-Apr-2026 11:30 AM,EIC-CIVIL||SERNB-CIRCLE-BERHAMPUR||EERNB-DIVN-GANJAM II,Chatrapur,760003.0,1.0,"4,19,501",SANKARSAN SAHU,"289,036",Rejected-AOC,26-Jul-2026,EIC-CIVIL||SERNB-CIRCLE-BERHAMPUR||EERNB-DIVN-GANJAM II
2026_CEBBS_129635_4,SE-AID-3/2026-27,Construction of Trough wall to Ghodadian Sub Minor in between RD 700m to RD 760m of Sapua Badjore Irrigation Project Working RD from 700m to 788m,Construction of Trough wall to Ghodadian Sub Minor in between RD 700m to RD 760m of Sapua Badjore Irrigation Project Working RD from 700m to 788m,Works,Open Tender,Percentage,Civil Works - Canal,No,No,NA ,25-May-2026 11:00 AM,NA ,90.0,No ,No,Online,04-Jun-2026 09:00 AM,CE and BM Brahmani Basin Samal||SE Angul Irrigation Circle Angul||EE Angul Irrigation Division Angul,Angul,759143.0,1.0,,SAROJ KUMAR BHUTIA,"550,284",Rejected-Finance,01-Nov-2026,CE and BM Brahmani Basin Samal||SE Angul Irrigation Circle Angul||EE Angul Irrigation Division Angul
2026_OPEPA_129643_20,DPC/SS/SNG/13OF2026-27,"INFRASTRUCTURE DEVELOPMENT OF CHUTIATOLA PRY. SCHOOL, JAGADISHPUR PROJECT U.PRY. SCHOOL UNDER KUARMUNDA BLOCK (2)","INFRASTRUCTURE DEVELOPMENT OF CHUTIATOLA PRY. SCHOOL, JAGADISHPUR PROJECT U.PRY. SCHOOL UNDER KUARMUNDA BLOCK (2)",Works,Open Tender,Percentage,Civil Works - Buildings,No,No,NA ,25-May-2026 09:00 AM,NA ,90.0,No ,No,Online,16-Jun-2026 05:30 PM,OPEPA Bhubaneswar||Samagra Shiksha Sundargarh,SUNDARGARH,770001.0,2.0,"5,18,83,269",AJAY KUMAR AGRAWAL,"51,883,268.8",Rejected-Technical,06-Jul-2026,OPEPA Bhubaneswar||Samagra Shiksha Sundargarh
2026_ORULB_128094_8,NAC-Daspalla/01/2026-27,Development of Khandapada School Pokhari in Ward No.16 of NAC Daspalla.,Development of Khandapada School Pokhari in Ward No.16 of NAC Daspalla.,Works,Open Tender,Percentage,Civil Works - Others,No,No,NA ,15-Apr-2026 09:00 AM,NA ,180.0,No ,No,Online,28-Apr-2026 11:00 AM,Municipal Bodies||Daspalla NAC,DASPALLA,752084.0,1.0,"11,55,084",SHEK MUJAHID,"1,152,774",Rejected-AOC,31-Jul-2026,Municipal Bodies||Daspalla NAC
2025_EICCL_112803_1,Bid Identification No.S.E.E.C (RandB) 01/2025-26,"Supply, Installation, Testing and Commissioning of 500 KVA DG Set with AMF Panel for 3T MRI Machine in Radiology Department at SCBMCH, Cuttack.","Supply, Installation, Testing and Commissioning of 500 KVA DG Set with AMF Panel for 3T MRI Machine in Radiology Department at SCBMCH, Cuttack.",Works,National Competitive Bid,Percentage,Electrical Works,No,No,NA ,25-Apr-2025 05:00 PM,NA ,90.0,No ,No,Online,13-May-2025 11:30 AM,EIC-CIVIL||SE R and B Electrical,"SCB MCH, Cuttack",753007.0,2.0,"85,97,391",RM ENTERPRISES,"7,675,751",Accepted-AOC,18-Jul-2026,EIC-CIVIL||SE R and B Electrical
2026_ORULB_127815_3,MC(CMC)CTC_Div-II_No.3/2026-27,Construction of C.C. road from Nagendra Sahoo res to Jambu Durga Mandira at Machua Bazar in Ward No. 25,Construction of C.C. road from Nagendra Sahoo res to Jambu Durga Mandira at Machua Bazar in Ward No. 25,Works,Open Tender,Percentage,Civil Works - Others,No,No,NA ,30-Apr-2026 02:00 PM,NA ,90.0,No ,No,Online,14-May-2026 11:00 AM,Municipal Bodies||Cuttack Municipal Corporation,CMC,753001.0,1.0,"9,78,700",MANAS KUMAR BEHERA (S.C.),"978,623",Rejected-AOC,14-Jul-2026,Municipal Bodies||Cuttack Municipal Corporation
2026_SCDBH_127609_36,e-Procurement Notice-SAL-BDK-4-P1 OF 2025-26,"(36) Raising and strengthening Salandi Left and Desilting river bed ,including construction of protection near Qajimahala in Bhadrak Municipality area.",Embankment protection,Works,Open Tender,Percentage,Civil Works - Others,No,No,NA ,26-Mar-2026 11:00 AM,NA ,90.0,No ,No,Online,10-Apr-2026 11:00 AM,CE BM Baitarani Basin Kenojhar||Addl CE Salapada Irrigation Circle Salapada||SE Salandi Canal Division Bhadrak,Bhadrak,756100.0,1.0,"32,10,221",Arsad Ali Khan,"2,729,009",Rejected-Technical,20-Jul-2026,CE BM Baitarani Basin Kenojhar||Addl CE Salapada Irrigation Circle Salapada||SE Salandi Canal Division Bhadrak
2026_EICCL_127300_3,SE(RandB)BLS-Divn-1-55/2025-26,"Supply, Installation, Testing and Commissioning of Fire Fighting system at CHC Remuna,Balasore For the year 2025-26.","Supply, Installation, Testing and Commissioning of Fire Fighting system at CHC Remuna,Balasore For the year 2025-26.",Works,Open Tender,Percentage,Electrical Works,No,No,NA ,16-Mar-2026 10:00 AM,NA ,90.0,No ,No,Online,26-Mar-2026 10:00 AM,EIC-CIVIL||SERNB-CIRCLE-EASTERN||EERNB-DIVN-BALASORE,Balasore,756001.0,1.0,,SOUMYA SAMIT JENA,"1,326,829.33",Rejected-AOC,30-Jul-2026,EIC-CIVIL||SERNB-CIRCLE-EASTERN||EERNB-DIVN-BALASORE
2026_OSAMB_125926_1,BID IDENTIFICATION NO. 02/RMC- Chandabali - 02 / 2025-26,"Construction of 500 MT Godown at Simulia Market yard, RMC Chandabali","Construction of 500 MT Godown at Simulia Market yard, RMC Chandabali",Works,Open Tender,Percentage,Civil Works - Others,No,No,NA ,12-Feb-2026 01:00 PM,NA ,90.0,No ,No,Online,27-Feb-2026 11:00 AM,Odisha State Agricultural Marketing Board||RMC Chandbali,CHANDBALI,756133.0,2.0,"68,28,916",SANTOSH PATTNAYAK,"5,248,021",Rejected-Finance,17-Jul-2026,Odisha State Agricultural Marketing Board||RMC Chandbali
2025_CERWI_123020_1,Online Tender/57-2025-26/BPR,Improvement to Gopalpur to Baxipalli via Venketaraipur Digipur road in the District of Ganjam under MMSY-Improvement to Existing RD Road for the year 2025-26,Improvement to Gopalpur to Baxipalli via Venketaraipur Digipur road in the District of Ganjam under MMSY-Improvement to Existing RD Road for the year 2025-26,Works,National Competitive Bid,Percentage,Civil Works - Roads,No,No,NA ,12-Dec-2025 10:00 AM,NA ,90.0,No ,No,Online,29-Dec-2025 11:00 AM,CE RW I||RWCIRCLE-BERHAMPUR,Ganjam,760011.0,2.0,"3,68,46,000",SUCHITA PANDA,"31,322,147",Rejected-AOC,02-Jun-2026,CE RW I||RWCIRCLE-BERHAMPUR
2025_EICCL_120013_8,BGR (R and B)-19 of 2025-26,"Supply, Installation, Testing and Commissioning of 320 KVA DG Set along with foundation and control accessories foe existing Sports LED High Mast Light at Gandhi Stadium in the district of Balangir",Electrical work,Works,National Competitive Bid,Percentage,Electrical Works,No,No,NA ,24-Oct-2025 06:00 PM,NA ,90.0,No ,No,Online,04-Nov-2025 11:30 AM,EIC-CIVIL||SERNB-CIRCLE-BOLANGIR||EERNB DIVN BOLANGIR,Balangir,767001.0,1.0,"41,20,035",ANIL KUMAR SAHU,"3,502,442",Rejected-Finance,08-Jul-2026,EIC-CIVIL||SERNB-CIRCLE-BOLANGIR||EERNB DIVN BOLANGIR
2025_OLIC_122878_3,05/2025-26(3555)/OLIC(BDK)/Dt. 02.12.2025,Re-enforcement Works at Package No. 03 under Bhandaripokhari Block,Re-enforcement Works at Package No. 03 under Bhandaripokhari Block,Works,Open Tender,Turn-key,Civil Works - Lift Irrigation Schemes,No,No,NA ,10-Dec-2025 11:00 AM,NA ,180.0,No ,No,Online,19-Dec-2025 11:00 AM,Orissa Lift Irrigation Corporation||LI BALASORE||LI Division Bhadrak,"L.I. Division, Bhadrak",756100.0,2.0,"29,81,106",Dwarikanath Das,"2,990,401",Rejected-AOC,27-Jul-2026,Orissa Lift Irrigation Corporation||LI BALASORE||LI Division Bhadrak
2026_ORULB_128734_1,SNP-MUN-37/2026-27,Construction of Drain from Gundicha Temple to Kumbharpada Chhak W.No-6,Construction of Drain from Gundicha Temple to Kumbharpada Chhak W.No-6,Works,Open Tender,Percentage,Civil Works - Others,No,No,NA ,05-May-2026 11:00 AM,NA ,60.0,No ,No,Online,16-May-2026 11:00 AM,Municipal Bodies||Sonepur Municipal Council,Sonepur Municipality,767017.0,1.0,"7,56,402",SWITY AGRAWAL,"756,402",Rejected-Technical,24-Jul-2026,Municipal Bodies||Sonepur Municipal Council
2026_CEMIB_125474_4,SEMIDBLS-11/2025- 26,Improvement to Dhanasijha Check Dam near village Mirigimundi in Balasore Block of Balasore District under Improvement to Check Dam Scheme for the year 2025-26,Improvement to Dhanasijha Check Dam near village Mirigimundi in Balasore Block of Balasore District under Improvement to Check Dam Scheme for the year 2025-26,Works,Open Tender,Percentage,Civil Works - Others,No,No,NA ,05-Feb-2026 10:00 AM,NA ,90.0,No ,No,Online,17-Feb-2026 11:00 AM,"CE,Minor Irrigation,BBSR||Baripada Minor Irrigation Circle Baripada||MI Division Balasore",Balasore Block,756001.0,1.0,"3,67,990",KRUSHNA CHANDRA SWAIN,"285,192",Accepted-AOC,31-Jul-2026,"CE,Minor Irrigation,BBSR||Baripada Minor Irrigation Circle Baripada||MI Division Balasore"
2026_EICCL_129848_1,SE DKL (R and B) 09/2026-27,Construction of garage and approach road from Court Building to JMFC quarter at Bhuban,Construction of garage and approach road from Court Building to JMFC quarter at Bhuban,Works,Open Tender,Percentage,Civil Works - Others,No,No,NA ,26-May-2026 06:00 PM,NA ,90.0,No ,No,Online,09-Jun-2026 11:00 AM,EIC-CIVIL||SERNB-CIRCLE-DHENKANAL||EERNB-DIVN-DHENKANAL,Dhenkanal,759001.0,1.0,"11,45,551",NAYAK AUTOMOBILES PROP- RAJENDRA KUMAR NAYAK,"1,145,551",Rejected-AOC,27-Jul-2026,EIC-CIVIL||SERNB-CIRCLE-DHENKANAL||EERNB-DIVN-DHENKANAL
2026_EICCL_127875_8,17/KBJ/2025-26(1),"Supply, Installation, Testing and Commissioning of Fire Fighting System for CHC Tureikela in the District of Balangir","Supply, Installation, Testing and Commissioning of Fire Fighting System for CHC Tureikela in the District of Balangir",Works,National Competitive Bid,Percentage,Electrical Works,No,No,NA ,09-Apr-2026 11:00 AM,NA ,90.0,No ,No,Online,21-Apr-2026 11:30 AM,EIC-CIVIL||SERNB-CIRCLE-BOLANGIR||EERNB-DIVISION-KANTABANJI,KANTABANJI,767039.0,1.0,"29,40,037",M/S GUGUSYS SMART SOLUTIONS PRIVATE LIMITED,"1,970,119",Rejected-Technical,17-Jul-2026,EIC-CIVIL||SERNB-CIRCLE-BOLANGIR||EERNB-DIVISION-KANTABANJI
2026_ORULB_129135_21,NLGN _1/2026-27,"Repair and Improvement of CC road from Damodara Behera house to Jaykrushna Panda house, W.No.13 under Nilgiri NAC.","Repair and Improvement of CC road from Damodara Behera house to Jaykrushna Panda house, W.No.13 under Nilgiri NAC.",Works,Open Tender,Percentage,Civil Works - Roads,No,No,NA ,11-May-2026 03:00 PM,NA ,120.0,No ,No,Online,25-May-2026 11:00 AM,Municipal Bodies||Nilgiri NAC,Nilgiri NAC,756040.0,1.0,"68,644",ASHOK KUMAR MOHAPATRA,"68,644",Rejected-AOC,13-Jul-2026,Municipal Bodies||Nilgiri NAC
2026_EICCL_127497_1,Bid Identification No-SE-R AND B-SNG-35 OF 2025-26,Construction of RCC Drain with Cover Slab at CHC Rajgangpur for the year 2025.26 under DMF,Construction of RCC Drain with Cover Slab at CHC Rajgangpur for the year 2025.26 under DMF,Works,Open Tender,Percentage,Civil Works - Buildings,No,No,NA ,25-Mar-2026 10:00 AM,NA ,90.0,No ,No,Online,07-Apr-2026 11:00 AM,EIC-CIVIL||SERNB-CIRCLE-KEONJHAR||EERNB-DIVN-SUNDERGARH,Sundargarh,770001.0,1.0,"16,36,338",RITA DAS,"1,634,701.55",Rejected-Technical,05-Jul-2026,EIC-CIVIL||SERNB-CIRCLE-KEONJHAR||EERNB-DIVN-SUNDERGARH
2026_EICCL_127875_14,17/KBJ/2025-26(1),Utility Shifting of HT/LT line and Sub-Station for the work Widening and Strengthening of Patnagarh - Khaprakhol - Harishankar Road from 0/000 Km. to 28/900 Km.under CRIF Scheme (Jogimunda and Khaprakhol Town portion),Utility Shifting of HT/LT line and Sub-Station for the work Widening and Strengthening of Patnagarh - Khaprakhol - Harishankar Road from 0/000 Km. to 28/900 Km.under CRIF Scheme (Jogimunda and Khaprakhol Town portion),Works,National Competitive Bid,Percentage,Electrical Works,No,No,NA ,09-Apr-2026 11:00 AM,NA ,90.0,No ,No,Online,21-Apr-2026 11:30 AM,EIC-CIVIL||SERNB-CIRCLE-BOLANGIR||EERNB-DIVISION-KANTABANJI,KANTABANJI,767039.0,1.0,"12,04,841",JAYA PANDA,"936,041",Rejected-Technical,17-Jul-2026,EIC-CIVIL||SERNB-CIRCLE-BOLANGIR||EERNB-DIVISION-KANTABANJI
2026_ORULB_125429_2,MC(CMC)CTC_Div-I_No.21/2025-26,Construction of walking track at Urdhu training School at Sheikh Bazar in Ward No. 14.,Construction of walking track at Urdhu training School at Sheikh Bazar in Ward No. 14.,Works,Open Tender,Percentage,Civil Works - Others,No,No,NA ,05-Feb-2026 03:00 PM,NA ,90.0,No ,No,Online,19-Feb-2026 11:00 AM,Municipal Bodies||Cuttack Municipal Corporation,CMC,753012.0,1.0,"12,58,600",chandra sekhar behera,"1,258,597",Accepted-AOC,21-Jul-2026,Municipal Bodies||Cuttack Municipal Corporation
2026_ORULB_125611_3,BRJNRM -05/2025-26,Improvement of Road from main road from Gandhi Chowk towards Rajpur Nuadihi,Road,Works,Open Tender,Percentage,Civil Works - Roads,No,No,NA ,06-Feb-2026 06:00 PM,NA ,90.0,No ,No,Online,21-Feb-2026 11:00 AM,Municipal Bodies||Brajrajnagar Municipality,Brajrajnagar Municipality,768216.0,2.0,"70,00,000",BIKASH CHANDRA RAO,"5,808,708.97",Rejected-AOC,08-Jul-2026,Municipal Bodies||Brajrajnagar Municipality
2026_ORULB_125611_19,BRJNRM -05/2025-26,Const. of Drain with Cover slab from Campus Chowk to Rajkumar Hotel Chowk and ward No.11.,Drain with Cover slab,Works,Open Tender,Percentage,Civil Works - Others,No,No,NA ,07-Feb-2026 06:00 PM,NA ,90.0,No ,No,Online,21-Feb-2026 11:00 AM,Municipal Bodies||Brajrajnagar Municipality,Brajrajnagar Municipality,768216.0,2.0,"19,00,000",JAI BIR HANUMAN ENTERPRISES,"1,609,146.28",Rejected-AOC,07-Jul-2026,Municipal Bodies||Brajrajnagar Municipality
2026_CERWI_127373_1,Tender Online RCK-04/26,Construction of Road Singadia Primary School to Bandhagaon Guhaldihi road in the Dist. of Jajpur for the year 2025-26.,Construction of road works,Works,National Competitive Bid,Percentage,Civil Works - Roads,No,No,NA ,17-Mar-2026 06:55 PM,NA ,90.0,No ,No,Online,06-Apr-2026 11:00 AM,CE RW I||RWCIRCLE-KENDRAPARA,Jajpur,755001.0,2.0,"2,98,00,948",MANAS RANJAN MOHANTY,"29,800,947",Rejected-Finance,14-Jul-2026,CE RW I||RWCIRCLE-KENDRAPARA
2026_PRKOK_127989_5,PS-KKSR-T-1/2026-27,"Construction of Addl. Class room at Govt. Upper Primary school Kandagarh, GP- Aampani under Koksara Block",Building,Works,Open Tender,Percentage,Civil Works - Buildings,No,No,NA ,09-Apr-2026 11:00 AM,NA ,90.0,No ,No,Online,24-Apr-2026 11:00 AM,Panchayati Raj and Drinking Water Department Odisha||Zilla Parisad Kalahandi||KOKASARA Block,Koksara,766019.0,1.0,"15,02,864",SANKET KUMAR SAHU,"1,202,441",Rejected-Finance,30-Jul-2026,Panchayati Raj and Drinking Water Department Odisha||Zilla Parisad Kalahandi||KOKASARA Block
2026_ORULB_125611_25,BRJNRM -05/2025-26,Construction of Repair of Pot holes and cover drain slab in Brajrajnagar Municipality Area.,Pot holes and cover drain slab,Works,Open Tender,Percentage,Civil Works - Others,No,No,NA ,07-Feb-2026 06:00 PM,NA ,90.0,No ,No,Online,21-Feb-2026 11:00 AM,Municipal Bodies||Brajrajnagar Municipality,Brajrajnagar Municipality,768216.0,2.0,"19,00,000",KANHAYA RAJAK,"1,448,152.95",Rejected-AOC,07-Jul-2026,Municipal Bodies||Brajrajnagar Municipality
2025_EICCL_116075_2,CCE (R and B) BGR-07-2025-26,CONSTRUCTION OF F TYPE QUARTER 6 NOS AT CHC MURIBAHAL UNDER MURIBAHAL BLOCK IN THE DISTRICT OF BALANGIR FOR THE YEAR 2025-26(STATE PLAN UNDER MMSSM),Building Work,Works,National Competitive Bid,Percentage,Civil Works - Buildings,No,No,NA ,24-Jul-2025 06:55 PM,NA ,90.0,No ,No,Online,08-Aug-2025 11:00 AM,EIC-CIVIL||SERNB-CIRCLE-BOLANGIR,Kantabanji,767039.0,2.0,"1,48,04,696",Tanay Kumar Agrawal,"12,585,472",Rejected-Finance,08-Apr-2026,EIC-CIVIL||SERNB-CIRCLE-BOLANGIR
2025_OLIC_113642_6,05/OLIC(CTC)Dt.19.05.25,REVIVAL OF K.GOBARDHANPUR RL LI PROJECT,REVIVAL OF K.GOBARDHANPUR RL LI PROJECT,Works,Open Tender,Percentage,Civil Works - Lift Irrigation Schemes,No,No,NA ,22-May-2025 10:00 AM,NA ,90.0,No ,No,Online,06-Jun-2025 10:00 AM,"Orissa Lift Irrigation Corporation||LI,Central Circle, Cuttack||LI Division Cuttack",BADAMBA BLOCK,754001.0,1.0,"14,24,451",AGRAWALLA POWER INFRASTRUCTURE,"1,353,371",Accepted-AOC,21-Jul-2026,"Orissa Lift Irrigation Corporation||LI,Central Circle, Cuttack||LI Division Cuttack"
2026_ORULB_127482_73,BLGR MPTY/13(01-73)/2025-26,"Construction of Paver Road and Drain with Cover Slab from Rabi Suna res to Jitu Suna res, Salepali, W.No.18",Road and Drain Work,Works,Open Tender,Percentage,Civil Works - Roads,No,No,NA ,24-Mar-2026 11:00 AM,NA ,180.0,No ,No,Online,06-Apr-2026 11:00 AM,Municipal Bodies||Balangir Municipality,Balangir,767001.0,1.0,"10,15,375",RAJENDRA PUROHIT,"1,014,359.67",Rejected-Finance,17-Jul-2026,Municipal Bodies||Balangir Municipality
2026_EICCL_128683_1,SE DKL (R and B) 02/2026-27,"Repair and Renovation of Examination Hall of Dhenkanal Autonomous college such as Roof Grading, False celling, Coloring and ACP wall Partition of Computer Room, strong Room Maniel Room, clerical room, Deputy controller room, Controller room, Question","Repair and Renovation of Examination Hall of Dhenkanal Autonomous college such as Roof Grading, False celling, Coloring and ACP wall Partition of Computer Room, strong Room Maniel Room, clerical room, Deputy controller room, Controller room, Question",Works,Open Tender,Percentage,Civil Works - Buildings,No,No,NA ,01-May-2026 09:00 AM,NA ,90.0,No ,No,Online,15-May-2026 11:00 AM,EIC-CIVIL||SERNB-CIRCLE-DHENKANAL||EERNB-DIVN-DHENKANAL,Dhenkanal,759001.0,1.0,"21,18,625",SRONIT KUMAR DHAL,"2,118,625",Rejected-AOC,22-Jul-2026,EIC-CIVIL||SERNB-CIRCLE-DHENKANAL||EERNB-DIVN-DHENKANAL
2026_CEBMT_128388_10,EEBOD-02/26-27,Flood Protection work for both Left and Right bank of Nuasahi Nalla of Boudh NAC.(WITHIN RD 350M TO 600M),River Embankment,Works,Open Tender,Percentage,Civil Works - Others,No,No,NA ,27-Apr-2026 11:00 AM,NA ,90.0,No ,No,Online,14-May-2026 11:00 AM,"CE-BM, Tel Basin,Bhawanipatna||SE Balangir Irr Circle Balangir||EE Boudh Irr Divn Boudh",Boudh,762014.0,2.0,"79,83,000",Asharani Mishra,"7,975,393.49",Rejected-Finance,10-Jul-2026,"CE-BM, Tel Basin,Bhawanipatna||SE Balangir Irr Circle Balangir||EE Boudh Irr Divn Boudh"
2026_CEBMT_128388_11,EEBOD-02/26-27,Flood Protection work for both Left and Right bank of Ramajongi Nalla near village Kaleswar (within RD 6500M TO 8400M),River Embankment,Works,Open Tender,Percentage,Civil Works - Others,No,No,NA ,27-Apr-2026 11:00 AM,NA ,90.0,No ,No,Online,14-May-2026 11:00 AM,"CE-BM, Tel Basin,Bhawanipatna||SE Balangir Irr Circle Balangir||EE Boudh Irr Divn Boudh",Boudh,762014.0,2.0,"81,53,000",SUNIL KUMAR NAIK,"8,144,872.4",Rejected-Finance,10-Jul-2026,"CE-BM, Tel Basin,Bhawanipatna||SE Balangir Irr Circle Balangir||EE Boudh Irr Divn Boudh"
2026_PRSIN_129193_1,e-Procurement Notice No.(PSSNP)01/2026-27vide letter no.1894dt.08/05/2026,"Const of Addl. Class Room (ACR) at Majhipada UGHS,Ranimunda GP",New construction,Works,Open Tender,Percentage,Civil Works - Buildings,No,No,NA ,12-May-2026 04:00 PM,NA ,90.0,No ,No,Online,26-May-2026 11:00 AM,Panchayati Raj and Drinking Water Department Odisha||Zilla Parisad Nuapada||SINAPALI Block,Ranimunda gp,766108.0,1.0,"13,59,521",BHOJRAJ AGRAWAL,"1,358,161.639",Accepted-AOC,07-Jul-2026,Panchayati Raj and Drinking Water Department Odisha||Zilla Parisad Nuapada||SINAPALI Block
2026_ORULB_127482_66,BLGR MPTY/13(01-73)/2025-26,"Const. of Road from Tribikram Dash Res to Gada Panigrahi Res, W.No.19",Road Work,Works,Open Tender,Percentage,Civil Works - Roads,No,No,NA ,24-Mar-2026 11:00 AM,NA ,180.0,No ,No,Online,06-Apr-2026 11:00 AM,Municipal Bodies||Balangir Municipality,Balangir,767001.0,1.0,"10,78,804",SAGAR SANGAM SATPATHY,"1,077,724.84",Rejected-Finance,02-Jul-2026,Municipal Bodies||Balangir Municipality
2025_EICCL_116075_3,CCE (R and B) BGR-07-2025-26,CONSTRUCTION OF E TYPE QUARTER 6 NOS AT CHC KHOLAN UNDER TITILAGARH BLOCK IN THE DISTRICT OF BALANGIR FOR THE YEAR 2025-26(STATE PLAN UNDER MMSSM),Building Work,Works,National Competitive Bid,Percentage,Civil Works - Buildings,No,No,NA ,24-Jul-2025 06:55 PM,NA ,90.0,No ,No,Online,08-Aug-2025 11:00 AM,EIC-CIVIL||SERNB-CIRCLE-BOLANGIR,Kantabanji,767039.0,2.0,"1,72,72,873",ROHIT KUMAR AGRAWAL,"14,683,669",Rejected-Finance,26-Mar-2026,EIC-CIVIL||SERNB-CIRCLE-BOLANGIR
2025_CERWI_122603_24,NCB No 394 Road Work,Improvement of L086-Podadiha to Kantagadi Road Road under MMSY-Improvement to Existing RD Road in the District of Mayurbhanj for the year 2025-26.,Improvement of L086-Podadiha to Kantagadi Road Road under MMSY-Improvement to Existing RD Road in the District of Mayurbhanj for the year 2025-26.,Works,National Competitive Bid,Percentage,Civil Works - Roads,No,No,NA ,06-Dec-2025 03:00 PM,NA ,90.0,No ,No,Online,06-Jan-2026 11:00 AM,CE RW I||RWCIRCLE-BARIPADA,"SE RW Division, Udala",757041.0,2.0,"4,78,23,000",JEETESH RANJAN BEHERA,"40,653,956",Rejected-AOC,24-Jun-2026,CE RW I||RWCIRCLE-BARIPADA
2026_PRKOK_127989_4,PS-KKSR-T-1/2026-27,"Construction of Addl. Class room at Jaltamunda , GP- Moter under Koksra Block",Building,Works,Open Tender,Percentage,Civil Works - Buildings,No,No,NA ,09-Apr-2026 11:00 AM,NA ,90.0,No ,No,Online,24-Apr-2026 11:00 AM,Panchayati Raj and Drinking Water Department Odisha||Zilla Parisad Kalahandi||KOKASARA Block,Koksara,766019.0,1.0,"14,85,885",PRATAP KISHOR NAIK,"1,188,857",Rejected-Finance,30-Jul-2026,Panchayati Raj and Drinking Water Department Odisha||Zilla Parisad Kalahandi||KOKASARA Block
2026_EICCL_127875_15,17/KBJ/2025-26(1),"Provision of 250 KVA, 11/0.4 KV Substation for the External Electrification work for Upgradation of CHC Sindhekela Building in the District of Balangir","Provision of 250 KVA, 11/0.4 KV Substation for the External Electrification work for Upgradation of CHC Sindhekela Building in the District of Balangir",Works,National Competitive Bid,Percentage,Electrical Works,No,No,NA ,09-Apr-2026 11:00 AM,NA ,90.0,No ,No,Online,21-Apr-2026 11:30 AM,EIC-CIVIL||SERNB-CIRCLE-BOLANGIR||EERNB-DIVISION-KANTABANJI,KANTABANJI,767039.0,1.0,"18,96,010",SIMANCHAL KUMAR PANDA,"1,514,722",Rejected-Finance,17-Jul-2026,EIC-CIVIL||SERNB-CIRCLE-BOLANGIR||EERNB-DIVISION-KANTABANJI
2026_EICCL_127875_9,17/KBJ/2025-26(1),"Supply, Installation, Testing and Commissioning of Fire Fighting System for CHC Ghasian in the District of Balangir","Supply, Installation, Testing and Commissioning of Fire Fighting System for CHC Ghasian in the District of Balangir",Works,National Competitive Bid,Percentage,Electrical Works,No,No,NA ,09-Apr-2026 11:00 AM,NA ,90.0,No ,No,Online,21-Apr-2026 11:30 AM,EIC-CIVIL||SERNB-CIRCLE-BOLANGIR||EERNB-DIVISION-KANTABANJI,KANTABANJI,767039.0,1.0,"30,65,316",M/S GUGUSYS SMART SOLUTIONS PRIVATE LIMITED,"2,084,721",Rejected-Technical,17-Jul-2026,EIC-CIVIL||SERNB-CIRCLE-BOLANGIR||EERNB-DIVISION-KANTABANJI
2026_CERWI_129773_1,KNR-1/2026-27,"Construction of classrooms at Anchalika Higher Secondary School Building, Guneibili for the year 2026-27.","Construction of classrooms at Anchalika Higher Secondary School Building, Guneibili for the year 2026-27.",Works,Open Tender,Percentage,Civil Works - Buildings,No,No,NA ,25-May-2026 12:30 PM,NA ,90.0,No ,No,Online,02-Jun-2026 11:00 AM,CE RW I||RWCIRCLE-ANGUL||RWDIVISION-KAMAKSHYANAGAR,Kamakhyanagar,759018.0,1.0,"32,85,068",PRASANTA KUMAR NAIK,"3,285,068",Rejected-Technical,20-Jul-2026,CE RW I||RWCIRCLE-ANGUL||RWDIVISION-KAMAKSHYANAGAR
2026_EICCL_127500_17,eTCN11 of 2025-2026,"Supply and Fixing of street light and Repair of EI works at Jub-Jail building, Ranapur in the district of Nayagarh.","Supply and Fixing of street light and Repair of EI works at Jub-Jail building, Ranapur in the district of Nayagarh.",Works,Open Tender,Percentage,Electrical Works,No,No,NA ,28-Mar-2026 10:30 AM,NA ,90.0,No ,No,Online,04-Apr-2026 11:00 AM,EIC-CIVIL||SERNB-CIRCLE-KHURDA||EE Nayagarh Rnb Division,Nayagarh,752069.0,1.0,"11,32,885",Dillip Ranjan Das,"777,726",Rejected-Finance,04-Jul-2026,EIC-CIVIL||SERNB-CIRCLE-KHURDA||EE Nayagarh Rnb Division
2026_ORULB_129135_20,NLGN _1/2026-27,"Repair and Improvement of CC road from Chakradhara Paramanik house to Abhiram Pramanik house at Puhuni, W.No.12 under Nilgiri NAC.","Repair and Improvement of CC road from Chakradhara Paramanik house to Abhiram Pramanik house at Puhuni, W.No.12 under Nilgiri NAC.",Works,Open Tender,Percentage,Civil Works - Roads,No,No,NA ,11-May-2026 03:00 PM,NA ,120.0,No ,No,Online,25-May-2026 11:00 AM,Municipal Bodies||Nilgiri NAC,Nilgiri NAC,756040.0,1.0,"1,52,542",MAHESWAR KHUNTIA,"152,542",Rejected-AOC,14-Jul-2026,Municipal Bodies||Nilgiri NAC
2026_CEBMB_128728_1,HID-03/2026-27,Protection of reservoir at entry point of River Harabhangi at Adava of HIP.,FLOOD PROTECTION WORK,Works,National Competitive Bid,Percentage,Civil Works - Others,No,No,NA ,04-May-2026 11:00 AM,NA ,90.0,No ,No,Online,25-May-2026 11:00 AM,"CE-BM,RVN Basin,Berhampur||SE Southern Irr Circle II Paralakhemundi||EE Harabhangi Irr Divn Adava",ADAVA,761217.0,1.0,"46,14,769",Santosh Kumar Panda,"3,248,797",Rejected-Finance,22-Jul-2026,"CE-BM,RVN Basin,Berhampur||SE Southern Irr Circle II Paralakhemundi||EE Harabhangi Irr Divn Adava"
2025_CERWI_122535_1,NCB-25/RWCRGDA/2025-26,Construction of CDPO Building at Padmapur in the District of Rayagada for the year 2024-25.,Construction of CDPO Building at Padmapur in the District of Rayagada for the year 2024-25.,Works,National Competitive Bid,Percentage,Civil Works - Buildings,No,No,NA ,04-Dec-2025 10:00 AM,NA ,90.0,No ,No,Online,17-Dec-2025 11:00 AM,CE RW I||RWCIRCLE-RAYAGADA,EE RW DIVISION GUNUPUR,765022.0,2.0,"1,01,05,000",REDDI SUNIL KUMAR,"8,589,512.28",Rejected-Finance,01-Jul-2026,CE RW I||RWCIRCLE-RAYAGADA
2026_CERWI_129592_1,Online Tender 01 RWD SBD 2026 27,SR to RW Sub-Division office Building at Laxmipur for the year 2026-27_building,SR to RW Sub-Division office Building at Laxmipur for the year 2026-27_building,Works,Open Tender,Percentage,Civil Works - Buildings,No,No,NA ,22-May-2026 11:00 AM,NA ,90.0,No ,No,Online,05-Jun-2026 11:00 AM,CE RW I||RWCIRCLE-SUNABEDA||RWDIVISION-SUNABEDA,Sunabeda,763001.0,1.0,"5,93,358",REKHARANI ROUT,"420,691",Rejected-AOC,12-Jul-2026,CE RW I||RWCIRCLE-SUNABEDA||RWDIVISION-SUNABEDA
2026_UPIDB_129404_1,SEUKID-01/2026-27 (SL15),Renovation of canal with Construction of trough wall from RD 0.200 km to 0.500 km of Sandhagaon Sub minor -I.,CANAL STRUCTURAL WORK,Works,Open Tender,Percentage,Civil Works - Canal,No,No,NA ,20-May-2026 11:00 AM,NA ,90.0,No ,No,Online,01-Jun-2026 11:00 AM,CE AND BM IK BASIN BARINIPUT JEYPORE||Upper Kolab Project Bariniput||Upper Kolab Irrigation Division Borigumma,BORIGUMMA,764056.0,1.0,"8,69,306",ANUKULA CHANDRA PATTNAIK,"869,306",Accepted-AOC,24-Jun-2026,CE AND BM IK BASIN BARINIPUT JEYPORE||Upper Kolab Project Bariniput||Upper Kolab Irrigation Division Borigumma
2026_CERWI_129106_1,Online Tender 01 RWD Kuchinda 2026-27,S/R to Tahasil Office building at Bamra in the District of Sambalpur for the year 2026-27.,S/R to Tahasil Office building at Bamra in the District of Sambalpur for the year 2026-27.,Works,Open Tender,Percentage,Civil Works - Buildings,No,No,NA ,11-May-2026 11:00 AM,NA ,90.0,No ,No,Online,22-May-2026 11:00 AM,CE RW I||RWCIRCLE-SAMBALPUR||RW Division Kuchinda,Kuchinda,768222.0,1.0,"8,47,024",ARABINDA SAHOO,"838,553",Rejected-Finance,08-Jul-2026,CE RW I||RWCIRCLE-SAMBALPUR||RW Division Kuchinda
2025_OLIC_122878_2,05/2025-26(3555)/OLIC(BDK)/Dt. 02.12.2025,Re-enforcement Works at Package No. 02 under Bhandaripokhari Block,Re-enforcement Works at Package No. 02 under Bhandaripokhari Block,Works,Open Tender,Turn-key,Civil Works - Lift Irrigation Schemes,No,No,NA ,10-Dec-2025 11:00 AM,NA ,180.0,No ,No,Online,19-Dec-2025 11:00 AM,Orissa Lift Irrigation Corporation||LI BALASORE||LI Division Bhadrak,"L.I. Division, Bhadrak",756100.0,2.0,"21,05,492",LAXMAN KUMAR SAHOO,"2,112,057",Rejected-AOC,27-Jul-2026,Orissa Lift Irrigation Corporation||LI BALASORE||LI Division Bhadrak
2026_ORULB_128264_1,01/UKT-MUN/2026-27,SANITATION WORK OF UMERKOTE MUNICIPALITY (WARD NO-01 TO 14),Sanitation Service,Services,Open Tender,Percentage,Miscellaneous Services,No,No,NA ,20-Apr-2026 10:00 AM,NA ,365.0,No ,No,Online,28-Apr-2026 11:00 AM,Municipal Bodies||Umerkote Municipality,Umerkote Municipality,764073.0,2.0,,SWARNADEVI AGENCY PVT. LTD.,"23,857,824",Rejected-Finance,23-Jul-2026,Municipal Bodies||Umerkote Municipality
2026_CERWI_126056_1,12 OF 2025-26,Construction of Sub- Centre Building at Ukundara in the District of Jagatsinghpur,Construction of Sub- Centre Building at Ukundara in the District of Jagatsinghpur,Works,Open Tender,Percentage,Civil Works - Buildings,No,No,NA ,16-Feb-2026 11:00 AM,NA ,60.0,No ,No,Online,28-Feb-2026 11:00 AM,CE RW I||RWCIRCLE-CUTTACK||RWDIVISION-JAGATSINGHPUR,Jagatsinghpur,754103.0,1.0,"36,92,495",DILLIP TARAI,"3,508,239",Rejected-Technical,14-Jul-2026,CE RW I||RWCIRCLE-CUTTACK||RWDIVISION-JAGATSINGHPUR
2026_OWSSB_126023_1,06/OWSSB/2025-26,"Survey, investigation, design, construction, commissioning and trail run of different engineering short term interventions for pollution abatement of existing natural nallah in Rairangpur municipality","Survey, investigation, design, construction, commissioning and trail run of different engineering short term interventions for pollution abatement of existing natural nallah in Rairangpur municipality",Works,National Competitive Bid,Lump-sum,Civil Works - Others,No,No,NA ,13-Feb-2026 05:30 PM,19-Feb-2026 12:00 PM ,180.0,No ,No,Online,09-Mar-2026 05:00 PM,Orissa Water Supply and Sewerage Board,Rairangpur,757043.0,2.0,,M/s CEF ENGINEERING,"188,500,000",Accepted-AOC,31-Jul-2026,Orissa Water Supply and Sewerage Board
2026_CERWI_130050_1,RWDRRP-01,Construction of Day Care sub centre cum HWC at Kuleisila building under Rairangpur block for the year 21-22,Construction of Day Care sub centre cum HWC at Kuleisila building under Rairangpur block for the year 21-22,Works,Open Tender,Percentage,Civil Works - Buildings,No,No,NA ,29-May-2026 11:00 AM,NA ,90.0,No ,No,Online,09-Jun-2026 11:30 AM,CE RW I||RWCIRCLE-BARIPADA||RW Division Rairangpur,Mayurbhanj,757043.0,1.0,"46,22,010",RAHUL KUMAR YADAV,"4,598,900",Rejected-AOC,27-Jul-2026,CE RW I||RWCIRCLE-BARIPADA||RW Division Rairangpur
2026_EICCL_126363_1,S.E.-KHD-(RandB)-44 /2025-26,"Construction of D type quarter for the Assistant Executive Engineer, Balugaon (R and B) Sub-Division at Balugaon in the District of Khordha for the year 2025-26 (Ltr no.31134 dt.08.08.2025) (Building Work)","Construction of D type quarter for the Assistant Executive Engineer, Balugaon (R and B) Sub-Division at Balugaon in the District of Khordha for the year 2025-26 (Ltr no.31134 dt.08.08.2025) (Building Work)",Works,Open Tender,Percentage,Civil Works - Buildings,No,No,NA ,20-Feb-2026 03:00 PM,NA ,90.0,No ,No,Online,07-Mar-2026 11:30 AM,EIC-CIVIL||SERNB-CIRCLE-KHURDA||EERNB DIVN KHURDA,Khordha,752056.0,2.0,"60,86,129",HRUSHIKESH BISWAL,"4,671,104",Rejected-AOC,27-Jul-2026,EIC-CIVIL||SERNB-CIRCLE-KHURDA||EERNB DIVN KHURDA
2026_ORULB_129299_1,BM_04_2026_27,Construction of Drain with Cover Slab and Culvert from Telenga Sahi Sai Temple to Railway Culvert in Ward No 19 and 20,Construction of Drain with Cover Slab and Culvert from Telenga Sahi Sai Temple to Railway Culvert in Ward No 19 and 20,Works,Open Tender,Percentage,Civil Works - Roads,No,No,NA ,14-May-2026 05:00 PM,NA ,90.0,No ,No,Online,30-May-2026 11:00 AM,Municipal Bodies||Balasore Municipality,Balasore Municipality,756003.0,2.0,"50,84,746",DINESH KUMAR BEHERA,"4,576,271.19",Accepted-AOC,17-Jul-2026,Municipal Bodies||Balasore Municipality
2026_ORULB_127815_2,MC(CMC)CTC_Div-II_No.3/2026-27,Renovation of Saanta Sahi Pond in Ward No. 24.,Renovation of Saanta Sahi Pond in Ward No. 24.,Works,Open Tender,Percentage,Civil Works - Others,No,No,NA ,30-Apr-2026 01:00 PM,NA ,90.0,No ,No,Online,14-May-2026 11:00 AM,Municipal Bodies||Cuttack Municipal Corporation,CMC,753001.0,1.0,"16,77,000",SUMANTA DAS,"1,677,103",Accepted-AOC,17-Jul-2026,Municipal Bodies||Cuttack Municipal Corporation
2026_CERWI_126312_1,KNR-27/25-26,Construction of Academic Building at Kamakhyanagar college for the year 2025-26,Construction of Academic Building at Kamakhyanagar college for the year 2025-26,Works,Open Tender,Percentage,Civil Works - Buildings,No,No,NA ,19-Feb-2026 06:00 PM,NA ,90.0,No ,No,Online,26-Feb-2026 11:00 AM,CE RW I||RWCIRCLE-ANGUL||RWDIVISION-KAMAKSHYANAGAR,Kamakhyanagar,759018.0,1.0,"35,29,685",DILLIP KUMAR DAS,"2,784,216",Rejected-Technical,09-Jul-2026,CE RW I||RWCIRCLE-ANGUL||RWDIVISION-KAMAKSHYANAGAR
2026_BDABU_126849_1,"110/EM/BDA/2025-26, Dated-25/02/2026",Provision of Street Light from Jatani Gate near NH-16 to entry gate up to road under Jatani NAC (near Adarsha Vidyalaya) and from Jatani Flyover up to Kudiary High School.,Provision of Street Light from Jatani Gate near NH-16 to entry gate up to road under Jatani NAC (near Adarsha Vidyalaya) and from Jatani Flyover up to Kudiary High School.,Works,Open Tender,Percentage,Electrical Works,No,No,NA ,02-Mar-2026 06:00 PM,NA ,90.0,No ,No,Online,17-Mar-2026 11:30 AM,Bhubaneswar Development Authority||Bhubaneswar Development Authority||EE BDA Division IV,Bhubaneswar,751001.0,2.0,"1,01,70,375",MODERN WINDING AND ELECTRICALS,"8,114,942",Rejected-Technical,17-Jul-2026,Bhubaneswar Development Authority||Bhubaneswar Development Authority||EE BDA Division IV
2026_OPEPA_129643_21,DPC/SS/SNG/13OF2026-27,"INFRASTRUCTURE DEVELOPMENT OF JAIKUDAR PRY. SCHOOL, GOVT.PRIMARY SCHOOL,SIMKO UNDER KUARMUNDA BLOCK (2)","INFRASTRUCTURE DEVELOPMENT OF JAIKUDAR PRY. SCHOOL, GOVT.PRIMARY SCHOOL,SIMKO UNDER KUARMUNDA BLOCK (2)",Works,Open Tender,Percentage,Civil Works - Buildings,No,No,NA ,25-May-2026 09:00 AM,NA ,90.0,No ,No,Online,16-Jun-2026 05:30 PM,OPEPA Bhubaneswar||Samagra Shiksha Sundargarh,SUNDARGARH,770001.0,2.0,"5,64,71,119",ETWA BECK,"56,471,118.57",Rejected-Technical,06-Jul-2026,OPEPA Bhubaneswar||Samagra Shiksha Sundargarh
2026_CEBBS_129635_5,SE-AID-3/2026-27,Construction of RCC Trough wall to Bahalunda Sub Minor from RD 20m to RD 60m of Sapua Badjore Irrigation Project Working RD from 20m to 77.50m,Construction of RCC Trough wall to Bahalunda Sub Minor from RD 20m to RD 60m of Sapua Badjore Irrigation Project Working RD from 20m to 77.50m,Works,Open Tender,Percentage,Civil Works - Canal,No,No,NA ,25-May-2026 11:00 AM,NA ,90.0,No ,No,Online,04-Jun-2026 09:00 AM,CE and BM Brahmani Basin Samal||SE Angul Irrigation Circle Angul||EE Angul Irrigation Division Angul,Angul,759143.0,1.0,,SOUMYA RANJAN BEHERA,"466,079",Rejected-Finance,01-Nov-2026,CE and BM Brahmani Basin Samal||SE Angul Irrigation Circle Angul||EE Angul Irrigation Division Angul
2026_EICCL_128086_9,SC RandB GM-II-36/2025-26,S/R such as comprehensive annual Electrical maintenance for wiring and electrical accessories at Civil Court Building at Chatrapur and Court Building at Khallikote,Electrical work,Works,Open Tender,Percentage,Electrical Works,No,No,NA ,13-Apr-2026 10:00 AM,NA ,90.0,No ,No,Online,20-Apr-2026 11:30 AM,EIC-CIVIL||SERNB-CIRCLE-BERHAMPUR||EERNB-DIVN-GANJAM II,Khallikote,760006.0,1.0,"4,19,207",CHINMAYA KUMAR PRAHARAJ,"307,069",Accepted-AOC,26-Jul-2026,EIC-CIVIL||SERNB-CIRCLE-BERHAMPUR||EERNB-DIVN-GANJAM II
2026_CERWI_125064_1,Online AGL-34/2025-26,Construction of road from Kankadahad to Nadhanpur via Mangalpur High School,Construction of road from Kankadahad to Nadhanpur via Mangalpur High School,Works,National Competitive Bid,Percentage,Civil Works - Roads,No,No,NA ,29-Jan-2026 09:00 AM,NA ,90.0,No ,No,Online,12-Feb-2026 10:00 AM,CE RW I||RWCIRCLE-ANGUL,Dhenkanal,759143.0,2.0,"2,99,01,458",JOGESH KUMAR DEHURY,"29,901,458",Rejected-AOC,15-Jul-2026,CE RW I||RWCIRCLE-ANGUL
2025_CERWI_121468_27,Tender Online RCK-17/25,Improvement to Gadamadhupur Railway Station-Gengutia under Impvt. to -Existing RD road in the Dist. of Jajpur for the year 2025-26.,Construction of road works,Works,National Competitive Bid,Percentage,Civil Works - Roads,No,No,NA ,24-Nov-2025 05:45 PM,NA ,90.0,No ,No,Online,06-Dec-2025 11:00 AM,CE RW I||RWCIRCLE-KENDRAPARA,Jajpur,755001.0,2.0,"6,30,36,969",SRI KRISHNA CONSTRUCTION,"66,182,514",Rejected-Finance,17-Jul-2026,CE RW I||RWCIRCLE-KENDRAPARA
2026_ORULB_129653_2,EO/ PDPM/ W_03/ 2026-27,"Repair of Pothole in ward no 02, 03, 04, 05, 08, 09, 10, 13, 15, 16, 18, 19","Repair of Pothole in ward no 02, 03, 04, 05, 08, 09, 10, 13, 15, 16, 18, 19",Works,Open Tender,Percentage,Civil Works - Others,No,No,NA ,23-May-2026 05:30 PM,NA ,120.0,No ,No,Online,04-Jun-2026 11:30 AM,Municipal Bodies||Paradeep Municipality,Paradeep Municipality,754142.0,1.0,"16,63,005",M/s.Ashirbad jena,"1,327,900",Rejected-Finance,30-Jul-2026,Municipal Bodies||Paradeep Municipality
2026_STSCD_128221_1,ITDABPD-02/2026-27,Construction of Adivasi Sanskruti Bhawan at Baripada Block,Construction of Adivasi Sanskruti Bhawan at Baripada Block,Works,National Competitive Bid,Percentage,Civil Works - Buildings,No,No,NA ,20-Apr-2026 10:00 AM,NA ,90.0,No ,No,Online,02-May-2026 11:00 AM,ST and SC Development Deptt||ITDA Baripada,BARIPADA,757002.0,1.0,"39,33,090",DEBASISH KUMAR BARIK,"3,929,157.182",Rejected-AOC,30-Jul-2026,ST and SC Development Deptt||ITDA Baripada
2026_EICCL_130774_1,IFB-SE PWD BGH No.01 OF 2026-27,S.I.T.C. of 315 KVA Sub-Station for power supply at CHC Bhukta for the year 2026-27,ELECTRICAL WORK,Works,Open Tender,Percentage,Electrical Works,No,No,NA ,04-Jun-2026 11:00 AM,NA ,90.0,No ,No,Online,17-Jun-2026 11:30 AM,EIC-CIVIL||SERNB-CIRCLE-NORTHERN||EERNB-DIVN-BARGARH,AMBABHONA,768031.0,1.0,"19,50,899",ELECTRICAL CONSTRUCTION AND MAINTENANCE SERVICE,"1,931,000",Rejected-Finance,28-Jul-2026,EIC-CIVIL||SERNB-CIRCLE-NORTHERN||EERNB-DIVN-BARGARH
2026_CERWI_126096_1,RWCCESNG-32 of 2025-26,Construction of road from Sagbahal Bartoli to Chhattisgarh border via Sikipani,Construction of road from Sagbahal Bartoli to Chhattisgarh border via Sikipani,Works,National Competitive Bid,Percentage,Civil Works - Roads,No,No,NA ,16-Feb-2026 11:00 AM,NA ,90.0,No ,No,Online,05-Mar-2026 11:00 AM,CE RW I||RW-CIRCLE-SUNDARGARH,Sundergarh,770020.0,2.0,"4,94,74,880",MESSERS S K CONSTRUCTION,"49,425,405.215",Accepted-AOC,18-Jul-2026,CE RW I||RW-CIRCLE-SUNDARGARH
2025_OMC_123138_1,OMC/E-PROC/CP/033/2025-26 Dated 11.12.2025,"Preparation and Authentication of Land Schedule, Land Use Maps and Associated Works for submission of Forest Clearance Application of various exploration blocks of OMC","Preparation and Authentication of Land Schedule, Land Use Maps and Associated Works for submission of Forest Clearance Application of various exploration blocks of OMC",Services,Open Tender,Item Rate,Miscellaneous Services,No,No,NA ,12-Dec-2025 12:30 PM,24-Dec-2025 03:30 PM ,180.0,No ,No,Online,09-Mar-2026 05:00 PM,Orissa Mining Corporation,"OMC Ltd., Bhubaneswar",751001.0,2.0,,RAMTECH SOFTWARE SOLUTIONS PVT. LTD.,"22,213,500",Rejected-Finance,02-Jul-2026,Orissa Mining Corporation
2026_CEBBU_129512_1,MDD-e-02/205-26,Construction of New Storage Building for E.M. Section No.II at H.C. Left for the year 2026-27,Construction of New Storage Building for E.M. Section No.II at H.C. Left for the year 2026-27,Works,Open Tender,Percentage,Civil Works - Others,No,No,NA ,20-May-2026 10:00 AM,NA ,90.0,No ,No,Online,30-May-2026 11:00 AM,"CE-BM,UM Basin,Burla",BURLA,768017.0,1.0,"13,78,802",MANOJ KUMAR PANDA,"1,378,802",Rejected-AOC,08-Jul-2026,"CE-BM,UM Basin,Burla"
2026_ORULB_127599_56,PM_04/2025-26,Construction of RCC Retaining Wall with Parking From State Bank towards By Pass Town Entry Chhak in ward No-19,Construction of RCC Retaining Wall with Parking From State Bank towards By Pass Town Entry Chhak in ward No-19,Works,Open Tender,Percentage,Civil Works - Others,No,No,NA ,31-Mar-2026 10:30 AM,NA ,90.0,No ,No,Online,10-Apr-2026 11:00 AM,Municipal Bodies||Pattamundai Municipality,"Office of The Executive Officer, Pattamundai",754162.0,1.0,"16,92,222",SUBHALAXMI TRIPATHY,"1,996,766",Rejected-AOC,27-Jul-2026,Municipal Bodies||Pattamundai Municipality
2026_OMC_128745_1,OMC/E-PROC/CP/012/2026-27 dated 30/04/2026,Group Health Insurance for Regular and Retired Employees and their Family Members of OMC,Group Health Insurance for Regular and Retired Employees and their Family Members of OMC,Services,Open Tender,Item Rate,Miscellaneous Services,No,No,NA ,04-May-2026 12:30 PM,11-May-2026 03:30 PM ,180.0,No ,No,Online,25-May-2026 05:00 PM,Orissa Mining Corporation,"OMC Ltd., Bhubaneswar",751001.0,2.0,,National Insurane ompany Limited,"184,894,200",Accepted-AOC,10-Jul-2026,Orissa Mining Corporation
2026_CEMIB_129278_3,SEMIDPDP-01/2026-27,Construction of KHADIAPARA JOREGHAT in-stream storage structure (Low height check Dam) over Deodhara (Bramhani) nalla near village Banjipali in Ambabhona Block of Bargarh District under MATY-3.0 Scheme for the year 2026-27,Construction of KHADIAPARA JOREGHAT in-stream storage structure (Low height check Dam) over Deodhara (Bramhani) nalla near village Banjipali in Ambabhona Block of Bargarh District under MATY-3.0 Scheme for the year 2026-27,Works,Open Tender,Percentage,Civil Works - Others,No,No,NA ,14-May-2026 11:00 AM,NA ,90.0,No ,No,Online,29-May-2026 11:00 AM,"CE,Minor Irrigation,BBSR||Balangir Minor Irrigation Circle Balangir||MI Division Padampur",Block Ambabhona Near Vill-Banjipali,768052.0,2.0,"85,72,173",PITAMBAR BEHERA,"8,562,744",Rejected-AOC,10-Jun-2026,"CE,Minor Irrigation,BBSR||Balangir Minor Irrigation Circle Balangir||MI Division Padampur"
2026_ORULB_126953_14,EOBRP/07/2025-26,Covering of drain from Anand behera to babula behera in ward no 3,Covering of drain from Anand behera to babula behera in ward no 3,Works,Open Tender,Percentage,Civil Works - Others,No,No,NA ,07-Mar-2026 11:00 AM,NA ,90.0,No ,No,Online,16-Mar-2026 03:00 PM,Municipal Bodies||Barpali NAC,Barpali,768029.0,1.0,"1,74,969",SHIBARATRI SETH (SC),"129,750.8",Rejected-AOC,17-Jul-2026,Municipal Bodies||Barpali NAC
2026_EICCL_128228_2,SE R and B Divn NoI Bam 3/2026-27,"S/R to E.I to PWD Quarter No. 2R/11, Bijipur (Occupied by Sweta Rani Biswal) at Berhampur.","S/R to E.I to PWD Quarter No. 2R/11, Bijipur (Occupied by Sweta Rani Biswal) at Berhampur.",Works,Open Tender,Percentage,Electrical Works,No,No,NA ,18-Apr-2026 04:00 PM,NA ,90.0,No ,No,Online,27-Apr-2026 11:30 AM,EIC-CIVIL||SERNB-CIRCLE-BERHAMPUR||EERNB-DIVN-GANJAM I,Berhampur,760005.0,1.0,"2,13,230",SANKARSAN SAHU,"142,864",Rejected-AOC,02-Jul-2026,EIC-CIVIL||SERNB-CIRCLE-BERHAMPUR||EERNB-DIVN-GANJAM I
2026_CEBMT_128388_4,EEBOD-02/26-27,Flood Protection work to the Right Mahanadi inbetween RD 61.80KM to 62.20km near village Ramgharh of SIP.,River Embankment,Works,Open Tender,Percentage,Civil Works - Others,No,No,NA ,27-Apr-2026 11:00 AM,NA ,90.0,No ,No,Online,14-May-2026 11:00 AM,"CE-BM, Tel Basin,Bhawanipatna||SE Balangir Irr Circle Balangir||EE Boudh Irr Divn Boudh",Boudh,762014.0,2.0,"79,83,000",RAJESH KUMAR PRADHAN,"7,975,364.95",Rejected-Finance,10-Jul-2026,"CE-BM, Tel Basin,Bhawanipatna||SE Balangir Irr Circle Balangir||EE Boudh Irr Divn Boudh"
2026_PZPGN_127378_1,"BDO, Gunupur-online-04/2025-26","Construction of Additional Class Room Building at Sagada UGHS, Gunupur.","Construction of Additional Class Room Building at Sagada UGHS, Gunupur.",Works,Open Tender,Percentage,Civil Works - Buildings,No,No,NA ,18-Mar-2026 10:00 AM,NA ,90.0,No ,No,Online,04-Apr-2026 11:00 AM,Panchayati Raj and Drinking Water Department Odisha||Zilla Parisad Rayagada||GUNUPUR Block,Sagada,765022.0,1.0,"12,50,057",Simadri Trinath Rao,"1,250,017",Rejected-Finance,14-Jul-2026,Panchayati Raj and Drinking Water Department Odisha||Zilla Parisad Rayagada||GUNUPUR Block
2026_ORULB_126953_28,EOBRP/07/2025-26,Covering of drain from Sadabrata mandir to Gandaram Jeweller in ward no 9,Covering of drain from Sadabrata mandir to Gandaram Jeweller in ward no 9,Works,Open Tender,Percentage,Civil Works - Others,No,No,NA ,07-Mar-2026 11:00 AM,NA ,90.0,No ,No,Online,16-Mar-2026 03:00 PM,Municipal Bodies||Barpali NAC,Barpali,768029.0,1.0,"2,01,914",JITEN SUNA,"160,430.64",Rejected-AOC,17-Jul-2026,Municipal Bodies||Barpali NAC
2026_CERWI_129616_1,Online Tender 01 RWD SBD 2026 27,SR to RW Section office building at Bandhugaon for the year 2026-27_building,SR to RW Section office building at Bandhugaon for the year 2026-27_building,Works,Open Tender,Percentage,Civil Works - Buildings,No,No,NA ,22-May-2026 11:00 AM,NA ,90.0,No ,No,Online,05-Jun-2026 11:00 AM,CE RW I||RWCIRCLE-SUNABEDA||RWDIVISION-SUNABEDA,Sunabeda,763001.0,1.0,"6,77,857",ANU RANA,"392,479",Accepted-AOC,12-Jul-2026,CE RW I||RWCIRCLE-SUNABEDA||RWDIVISION-SUNABEDA
2026_PRTRB_127051_8,PS-THRMPR-T-3/2025-26,"Construction of Road with small culvert from Kendumundi Dharnibhata to Kanarpas, GP- Gopinathpur under Th.Rampur Block",Road work,Works,Open Tender,Percentage,Civil Works - Roads,No,No,NA ,10-Mar-2026 11:00 AM,NA ,90.0,No ,No,Online,31-Mar-2026 11:00 AM,Panchayati Raj and Drinking Water Department Odisha||Zilla Parisad Kalahandi||THUAMUL RAMPUR Block,Th.Rampur,766037.0,2.0,"1,24,29,447",Amiya Ranjan Barik,"10,440,735",Rejected-Finance,23-Jul-2026,Panchayati Raj and Drinking Water Department Odisha||Zilla Parisad Kalahandi||THUAMUL RAMPUR Block
2026_PIWT_129371_1,FED-08/2026-2027,CLIMATE RESILIENT COASTAL FISHERMEN VILLAGE (CRCFV) AT CHUDAMANI IN BHADRAK DISTRICT ODISHA UNDER PMMSY 2024-25 CIVIL ELECTRICAL AND PLUMBING WORK,CONSTRUCTION WORKS,Works,Open Tender,Percentage,Civil Works - Buildings,No,No,NA ,15-May-2026 05:00 PM,NA ,90.0,No ,No,Online,30-May-2026 03:30 PM,"Directorate of Ports and IWT||Directorate of Ports and IWT||EE Fisheries Engg Divn,Bhubaneswar",CHUDAMANI,756125.0,2.0,"98,68,789",Akash Kumar Nath,"8,881,909.87",Accepted-AOC,07-Jul-2026,"Directorate of Ports and IWT||Directorate of Ports and IWT||EE Fisheries Engg Divn,Bhubaneswar"
2026_CEBBS_128670_17,SE-AID-1/2026-27,Construction of R.C.C Trough wall from RD 800m to RD 880m of Telisahi Minor of Aunli Irrigation Project.,Construction of R.C.C Trough wall from RD 800m to RD 880m of Telisahi Minor of Aunli Irrigation Project.,Works,Open Tender,Percentage,Civil Works - Others,No,No,NA ,02-May-2026 11:00 AM,NA ,90.0,No ,No,Online,12-May-2026 11:00 AM,CE and BM Brahmani Basin Samal||SE Angul Irrigation Circle Angul||EE Angul Irrigation Division Angul,Angul,759143.0,1.0,,KEDARNATH MAJHI,"590,271",Rejected-Finance,16-Jun-2026,CE and BM Brahmani Basin Samal||SE Angul Irrigation Circle Angul||EE Angul Irrigation Division Angul
2026_CEMWR_127663_1,ACEM/MDL-60/2025-26,"Supply, fabrication and erection of Gate and Hoist of KamarGaon Sluice under Balasore irrigation Division for the year-2025-26.","Supply, fabrication and erection of Gate and Hoist of KamarGaon Sluice under Balasore irrigation Division for the year-2025-26.",Works,Open Tender,Percentage,Mechanical Works,No,No,NA ,30-Mar-2026 10:00 AM,NA ,90.0,No ,No,Online,17-Apr-2026 11:00 AM,Chief Engineer Mech - WR Bhubaneswar||SE Mechanical Circle Bhubaneswar,"KAMARGAON, BALASORE",756001.0,1.0,"19,38,577",M/S Abirvab Steel Product,"1,938,577",Rejected-Finance,07-Jul-2026,Chief Engineer Mech - WR Bhubaneswar||SE Mechanical Circle Bhubaneswar
2026_EICCL_128363_8,SE R and B Divn NoI Bam 4/2026-27,"Comprehensive electrical maintenance for Inspction bungalow (IB) of Berhampur, Chikiti, Hinjilicut, Patrapur, Taptapani and Digapahandi in the district of Ganjam","Comprehensive electrical maintenance for Inspction bungalow (IB) of Berhampur, Chikiti, Hinjilicut, Patrapur, Taptapani and Digapahandi in the district of Ganjam",Works,Open Tender,Percentage,Electrical Works,No,No,NA ,22-Apr-2026 06:00 PM,NA ,90.0,No ,No,Online,29-Apr-2026 11:30 AM,EIC-CIVIL||SERNB-CIRCLE-BERHAMPUR||EERNB-DIVN-GANJAM I,Berhampur,760005.0,1.0,"20,47,509",SANKARSAN SAHU,"1,484,239",Accepted-AOC,13-Jul-2026,EIC-CIVIL||SERNB-CIRCLE-BERHAMPUR||EERNB-DIVN-GANJAM I
2026_SERIF_127558_4,VI-13(12)/SERIFED/2025-26/456,Establishment of Tasar Facility Centre for women empowerment and livelihood at Badgaon TMCS Dist Sundergarh,Establishment of Tasar Facility Centre for women empowerment and livelihood at Badgaon TMCS Dist Sundergarh,Works,Open Tender,Item Rate,Civil Works - Buildings,No,No,NA ,26-Mar-2026 10:00 AM,NA ,150.0,No ,No,Online,21-Apr-2026 11:30 AM,Odisha Cooperative Tasar and Silk Federation LTD,Badgaon Sundergarh,770016.0,2.0,,AJAY KUMAR MOHANTY,"29,456,324",Accepted-AOC,02-Jul-2026,Odisha Cooperative Tasar and Silk Federation LTD
2026_ORULB_126680_1,BMC-EE-Tender Cell-76/2025-26 dt. 25.02.2026,"Construction of Ward Office Building, PH and S.I works, compound wall, Filling and Paver block Courtyard in Ward No. 03","Construction of Ward Office Building, PH and S.I works, compound wall, Filling and Paver block Courtyard in Ward No. 03",Works,Open Tender,Percentage,Civil Works - Others,No,No,NA ,28-Feb-2026 10:30 AM,09-Mar-2026 04:00 PM ,120.0,No ,No,Online,18-Mar-2026 11:00 AM,Municipal Bodies||Bhubaneswar Municipal Corporation,BMC AREA,751022.0,2.0,"72,62,879",SATYABRATA SWAIN,"7,105,551",Rejected-Technical,18-Jul-2026,Municipal Bodies||Bhubaneswar Municipal Corporation
2025_EICCL_123568_9,CCEEC-13/2025-26,Construction of Multi Purpose Hall in Odisha Adarsha Vidyalaya at Jhargaon under Bahalda Block in Mayurbhanj District.,Building Work,Works,National Competitive Bid,Percentage,Civil Works - Buildings,No,No,NA ,20-Dec-2025 06:55 PM,NA ,90.0,No ,No,Online,05-Jan-2026 11:00 AM,EIC-CIVIL||SERNB-CIRCLE-EASTERN,Rairangpur,757043.0,2.0,"2,51,72,545",Dinesh Kumar Nayak,"21,399,181",Rejected-Finance,15-Jul-2026,EIC-CIVIL||SERNB-CIRCLE-EASTERN
2026_OHPCL_127658_1,"BHEP/77/2025-26, DTD-26.03.2026","Renovation of office building at switchyard, BHEP, Balimela.","Renovation of office building at switchyard, BHEP, Balimela.",Works,Open Tender,Percentage,Civil Works - Buildings,No,No,NA ,30-Mar-2026 10:00 AM,NA ,120.0,No ,No,Online,09-Apr-2026 12:00 PM,Odisha Hydro Power Corporation Ltd||Balimela H.E. Project Balimela,"Switchyard premises of BHEP, Balimela.",764051.0,2.0,"23,92,410",MAHANTA RAY,"1,890,003.73",Rejected-AOC,17-Jul-2026,Odisha Hydro Power Corporation Ltd||Balimela H.E. Project Balimela
2026_ORULB_128768_1,CHM-02/2026-27,Renovation of Biju Pattanaik Park Near Birupa River in Ward No 01 Choudwar Municipality,Renovation of Biju Pattanaik Park Near Birupa River in Ward No 01 Choudwar Municipality,Works,Open Tender,Percentage,Civil Works - Others,No,No,NA ,05-May-2026 11:00 AM,NA ,120.0,No ,No,Online,26-May-2026 11:00 AM,Municipal Bodies||Choudwar Municipality,CHOUDWAR,754071.0,1.0,"45,69,719",MANAS RANJAN MOHARANA,"4,569,719",Rejected-Finance,02-Jul-2026,Municipal Bodies||Choudwar Municipality
2026_ORULB_130054_6,RDL NAC- 5/2026-27,Construction of Paver Block road from Anganwadi towards Mansingh at Chirgunipal in ward No 06,Construction of Paver Block road from Anganwadi towards Mansingh at Chirgunipal in ward No 06,Works,Open Tender,Percentage,Civil Works - Roads,No,No,NA ,30-May-2026 10:00 AM,NA ,90.0,No ,No,Online,16-Jun-2026 11:00 AM,Municipal Bodies||Redhakhol NAC,"NAC, Redhakhol",768106.0,1.0,"4,22,197",KAUSTAVA MANI RAUL,"500,000",Rejected-Finance,20-Jul-2026,Municipal Bodies||Redhakhol NAC
2025_ORULB_115568_154,BM-BDK-05-2025-26,Construction of paver road from Sandip Rout house towards Rout Sahi Thakur Bangala main road in Ward No.30,Construction of paver road from Sandip Rout house towards Rout Sahi Thakur Bangala main road in Ward No.30,Works,Open Tender,Percentage,Civil Works - Others,No,No,NA ,24-Jul-2025 10:00 AM,NA ,90.0,No ,No,Online,04-Aug-2025 11:00 AM,Municipal Bodies||Bhadrak Municipality,Bhadrak Municipality,756100.0,1.0,"5,32,136",DEBENDRA NATH JENA,"465,619",Accepted-AOC,30-Jul-2026,Municipal Bodies||Bhadrak Municipality
2026_OHPCL_128324_1,RHEP/TCN No.04/2026-27,RHEP/TCN No.04/2026-27,"Annual sewerage and sanitary cleaning of Residential and Non-residential buildings under RHEP,Rengali",Works,Open Tender,Percentage,Civil Works - Others,No,No,NA ,23-Apr-2026 10:00 AM,NA ,120.0,No ,No,Online,05-May-2026 11:00 AM,Odisha Hydro Power Corporation Ltd||Rengali H.E. Project Rengali,"RHEP,Rengali",759105.0,2.0,,SUMATI MOHANTY,"1,208,310",Rejected-Technical,10-Jul-2026,Odisha Hydro Power Corporation Ltd||Rengali H.E. Project Rengali
2026_EICCL_130101_1,Bid Id No. SE- 06/2026-27,Repair and renovation of Government Womens College at Baripada under RUSA Grant in the District of Mayurbhanj for the year 2026-27,Repair and renovation of Government Womens College at Baripada under RUSA Grant in the District of Mayurbhanj for the year 2026-27,Works,Open Tender,Percentage,Civil Works - Buildings,No,No,NA ,30-May-2026 10:00 AM,NA ,90.0,No ,No,Online,11-Jun-2026 11:00 AM,EIC-CIVIL||SERNB-CIRCLE-EASTERN||EERNB-DIVN-BARIPADA,Baripada,757001.0,2.0,,SAROJ KUMAR PANDA,"5,877,366",Rejected-Finance,20-Jul-2026,EIC-CIVIL||SERNB-CIRCLE-EASTERN||EERNB-DIVN-BARIPADA
2026_ORULB_130054_2,RDL NAC- 5/2026-27,Construction of guardwall of road from Balakrushna House towards Canal at Salesingh in ward No 02,Construction of guardwall of road from Balakrushna House towards Canal at Salesingh in ward No 02,Works,Open Tender,Percentage,Civil Works - Roads,No,No,NA ,30-May-2026 10:00 AM,NA ,90.0,No ,No,Online,16-Jun-2026 11:00 AM,Municipal Bodies||Redhakhol NAC,"NAC, Redhakhol",768106.0,1.0,"3,38,078",Lilabati Meher,"400,000",Rejected-Finance,20-Jul-2026,Municipal Bodies||Redhakhol NAC
2026_UPIDB_129395_1,SEUKID-01/2026-27 (SL07),Repair of CD No. 16 at RD 10.640 km and CD No. 17 at RD 11.585 km including providing concrete lining of Batasana Disty.,CANAL STRUCTURAL WORK,Works,Open Tender,Percentage,Civil Works - Canal,No,No,NA ,20-May-2026 11:00 AM,NA ,90.0,No ,No,Online,01-Jun-2026 11:00 AM,CE AND BM IK BASIN BARINIPUT JEYPORE||Upper Kolab Project Bariniput||Upper Kolab Irrigation Division Borigumma,BORIGUMMA,764056.0,1.0,"10,10,090",TARUN BISHOI,"1,010,090",Rejected-AOC,24-Jun-2026,CE AND BM IK BASIN BARINIPUT JEYPORE||Upper Kolab Project Bariniput||Upper Kolab Irrigation Division Borigumma
2026_EICCL_132316_1,SE CTC(R and B) 11 of 2026-27,"Construction of compund wall of R.I. Office-cum-Residence building at Bidanasi, Cuttack",Buildings work,Works,Open Tender,Percentage,Civil Works - Buildings,No,No,NA ,18-Jun-2026 04:00 PM,NA ,90.0,No ,No,Online,25-Jun-2026 11:00 AM,EIC-CIVIL||SERNB-CIRCLE-CUTTACK||EERNB-DIVN-CUTTACK,Cuttack,753001.0,1.0,"12,18,710",SATYABRATA PATRA,"1,109,026",Rejected-AOC,17-Jul-2026,EIC-CIVIL||SERNB-CIRCLE-CUTTACK||EERNB-DIVN-CUTTACK
2026_CEBMT_127866_10,EEBOD-01/26-27,Construction of CC lining and repair to canal structure within RD 1750m to 2350m of Telibandha minor of SIP.,Repair of canal structure,Works,Open Tender,Percentage,Civil Works - Canal,No,No,NA ,10-Apr-2026 11:00 AM,NA ,90.0,No ,No,Online,27-Apr-2026 11:00 AM,"CE-BM, Tel Basin,Bhawanipatna||SE Balangir Irr Circle Balangir||EE Boudh Irr Divn Boudh",Boudh,762014.0,1.0,"39,49,000",ABHIPSA SAHU,"3,945,663.16",Rejected-Technical,09-Jul-2026,"CE-BM, Tel Basin,Bhawanipatna||SE Balangir Irr Circle Balangir||EE Boudh Irr Divn Boudh"
2025_CERWI_121075_3,BLGR-Online-29/2025-26,Construction of Road from Khairmal to Tentulikhunti Road via Kharli road and Construction of H.L Bridge (3x10.77) Open foundation at Ch. 0/900 km in the district of Bolangir under MMSY-TRIP for the year 2024-25,Construction of Road from Khairmal to Tentulikhunti Road via Kharli road and Construction of H.L Bridge (3x10.77) Open foundation at Ch. 0/900 km in the district of Bolangir under MMSY-TRIP for the year 2024-25,Works,National Competitive Bid,Percentage,Civil Works - Roads,No,No,NA ,10-Nov-2025 06:55 PM,NA ,90.0,No ,No,Online,20-Nov-2025 11:00 AM,CE RW I||RWCIRCLE-BALANGIR,Titilagarh,767033.0,2.0,"6,12,34,000",KL INFRABUILD PVT. LTD.,"61,232,877",Rejected-Finance,02-Jul-2026,CE RW I||RWCIRCLE-BALANGIR
2026_CEBMB_128430_4,SE-GID-01/2026-27,Flood protection work to left bank of river vansadhara near village Gudari.,Flood protection,Works,National Competitive Bid,Percentage,Civil Works - Others,No,No,NA ,27-Apr-2026 10:00 AM,NA ,90.0,No ,No,Online,08-May-2026 11:00 AM,"CE-BM,RVN Basin,Berhampur||SE Southern Irr Circle II Paralakhemundi||EE Paralakhemundi Irr Divn Paralakhemundi",Gunupur,765022.0,1.0,"41,30,275",Krushna Chandra Sethi,"3,468,605",Accepted-AOC,24-Jul-2026,"CE-BM,RVN Basin,Berhampur||SE Southern Irr Circle II Paralakhemundi||EE Paralakhemundi Irr Divn Paralakhemundi"
2026_CERWI_129102_1,Online Tender 01 RWD Kuchinda 2026-27,S/R to R.W. Division Office Building at Kuchinda in the District of Sambalpur for the year 2026-27.,S/R to R.W. Division Office Building at Kuchinda in the District of Sambalpur for the year 2026-27.,Works,Open Tender,Percentage,Civil Works - Buildings,No,No,NA ,11-May-2026 11:00 AM,NA ,90.0,No ,No,Online,22-May-2026 11:00 AM,CE RW I||RWCIRCLE-SAMBALPUR||RW Division Kuchinda,Kuchinda,768222.0,1.0,"8,47,393",Binata Pandey,"847,393",Rejected-AOC,22-Jun-2026,CE RW I||RWCIRCLE-SAMBALPUR||RW Division Kuchinda
2026_CEBBS_128670_13,SE-AID-1/2026-27,Repair from RD 5000m to RD 6335m and construction of C.C guard wall in between RD 5350m to 5560m of Barsingha distributary of Derjang Irrigation Project.,Repair from RD 5000m to RD 6335m and construction of C.C guard wall in between RD 5350m to 5560m of Barsingha distributary of Derjang Irrigation Project.,Works,Open Tender,Percentage,Civil Works - Others,No,No,NA ,02-May-2026 11:00 AM,NA ,90.0,No ,No,Online,12-May-2026 11:00 AM,CE and BM Brahmani Basin Samal||SE Angul Irrigation Circle Angul||EE Angul Irrigation Division Angul,Angul,759143.0,1.0,,ABHISHEK MISHRA,"896,470",Rejected-Finance,16-Jun-2026,CE and BM Brahmani Basin Samal||SE Angul Irrigation Circle Angul||EE Angul Irrigation Division Angul
2026_CERWI_126483_1,Tender Online RCK-03/26,Construction of Rakhideipur RD to via Potua Village Mahulakhola RD Road in the Dist. of Jajpur for the year 2025-26.,Construction of road works,Works,National Competitive Bid,Percentage,Civil Works - Roads,No,No,NA ,23-Feb-2026 05:00 PM,NA ,90.0,No ,No,Online,06-Mar-2026 11:00 AM,CE RW I||RWCIRCLE-KENDRAPARA,Jajpur,755001.0,2.0,"3,98,73,222",MAA BASULEI CONSTRUCTION,"41,747,263",Rejected-Finance,03-Jul-2026,CE RW I||RWCIRCLE-KENDRAPARA
2025_CERWI_121903_21,ROAD TENDER ONLINE RWCSBP-19/2025-26,Improvement to Road from RD road to Manaling under MMSY Imp. to existing RD Road in the District of Sambalpur for the year 2025-26.,Improvement to Road from RD road to Manaling under MMSY Imp. to existing RD Road in the District of Sambalpur for the year 2025-26.,Works,Open Tender,Percentage,Civil Works - Roads,No,No,NA ,25-Nov-2026 12:21 AM,NA ,90.0,No ,No,Online,10-Dec-2025 11:00 AM,CE RW I||RWCIRCLE-SAMBALPUR,Sambalpur,768001.0,2.0,"7,57,75,180",DHANESWAR SAHU,"64,416,480",Rejected-Finance,02-Jul-2026,CE RW I||RWCIRCLE-SAMBALPUR
2026_CERWI_125577_2,Tender Online RCK-01/26,Construction of 1 no. of C Type Qtr. for Gramya Nyayadhikari at Rajnagar in the Dist. of Kendrapara for the year 2025-26.,Construction of Building works,Works,National Competitive Bid,Percentage,Civil Works - Buildings,No,No,NA ,05-Feb-2026 02:00 PM,NA ,90.0,No ,No,Online,20-Feb-2026 11:00 AM,CE RW I||RWCIRCLE-KENDRAPARA,Kendrapara,754211.0,2.0,"2,58,61,667",SHAIBALI GHOSH,"25,861,667",Rejected-Finance,30-Jun-2026,CE RW I||RWCIRCLE-KENDRAPARA
2026_PZPGN_127378_5,"BDO, Gunupur-online-04/2025-26",Construction of Subhadra Shakti Kendra at Narsimunda with Market Complex of Regada G.P.,Construction of Subhadra Shakti Kendra at Narsimunda with Market Complex of Regada G.P.,Works,Open Tender,Percentage,Civil Works - Buildings,No,No,NA ,18-Mar-2026 10:00 AM,NA ,90.0,No ,No,Online,04-Apr-2026 11:00 AM,Panchayati Raj and Drinking Water Department Odisha||Zilla Parisad Rayagada||GUNUPUR Block,Narsimunda,765022.0,1.0,"20,73,776",PRIYANKA PANDA,"2,073,776",Rejected-Finance,14-Jul-2026,Panchayati Raj and Drinking Water Department Odisha||Zilla Parisad Rayagada||GUNUPUR Block
2026_CERWI_126333_18,Online Tender/47-2025-26/BPR,Construction of Handighar RD road to Gaipadia road in the District of Ganjam under MMSY-TRIP for the year 2025-26,Construction of Handighar RD road to Gaipadia road in the District of Ganjam under MMSY-TRIP for the year 2025-26,Works,National Competitive Bid,Percentage,Civil Works - Roads,No,No,NA ,20-Feb-2026 10:00 AM,NA ,90.0,No ,No,Online,02-Mar-2026 11:00 AM,CE RW I||RWCIRCLE-BERHAMPUR,Ganjam,760011.0,2.0,"2,29,97,000",BAURI BANDHU KHATAI,"19,549,313",Rejected-AOC,03-Jul-2026,CE RW I||RWCIRCLE-BERHAMPUR
2025_ORULB_118701_1,RGDA-MUN-04/25-26,"Earthen Filling at Pila Khai Bandha near new Vegetable market in ward no-04, under Rayagada Municipality.","Earthen Filling at Pila Khai Bandha near new Vegetable market in ward no-04, under Rayagada Municipality.",Works,Open Tender,Percentage,Civil Works - Others,No,No,NA ,26-Sep-2025 12:30 PM,NA ,30.0,No ,No,Online,13-Oct-2025 11:30 AM,Municipal Bodies||Rayagada Municipality,"Rayagada Municipality, Rayagada",765001.0,1.0,"16,88,136",ANAM NAIK,"1,435,085",Accepted-AOC,17-Jul-2026,Municipal Bodies||Rayagada Municipality
2026_ORULB_126953_10,EOBRP/07/2025-26,Covering of drain from Gati tripathy to dubhle Rout in ward no 3,Covering of drain from Gati tripathy to dubhle Rout in ward no 3,Works,Open Tender,Percentage,Civil Works - Others,No,No,NA ,07-Mar-2026 11:00 AM,NA ,90.0,No ,No,Online,16-Mar-2026 03:00 PM,Municipal Bodies||Barpali NAC,Barpali,768029.0,1.0,"2,01,914",AJAYA KUMAR BARIHA,"160,430.64",Rejected-AOC,17-Jul-2026,Municipal Bodies||Barpali NAC
2026_ORULB_129135_9,NLGN _1/2026-27,"Repair of CC road from Ananta Nayak house to Prafulla mohanty house, W.No.05 under Nilgiri NAC.","Repair of CC road from Ananta Nayak house to Prafulla mohanty house, W.No.05 under Nilgiri NAC.",Works,Open Tender,Percentage,Civil Works - Roads,No,No,NA ,11-May-2026 03:00 PM,NA ,120.0,No ,No,Online,25-May-2026 11:00 AM,Municipal Bodies||Nilgiri NAC,Nilgiri NAC,756040.0,1.0,"1,76,016",SHATRUGHNA PRUSHTI,"176,016",Rejected-AOC,13-Jul-2026,Municipal Bodies||Nilgiri NAC
2026_ORULB_128804_7,08/SMC_SBP/2026-27,"Const of paver road from Jasketan sahu house to Dadhibaman Colony, New colony, Dhankauda ward no-29, under SMC Sambalpur","Const of paver road from Jasketan sahu house to Dadhibaman Colony, New colony, Dhankauda ward no-29, under SMC Sambalpur",Works,Open Tender,Percentage,Civil Works - Others,No,No,NA ,08-May-2026 11:00 AM,NA ,120.0,No ,No,Online,19-May-2026 11:00 AM,Municipal Bodies||Sambalpur Municipal Corporation,SAMBALPUR MUNICIPAL CORPORATION,768006.0,1.0,"13,54,236",SAROJ ROUT,"1,354,235",Rejected-Technical,15-Jul-2026,Municipal Bodies||Sambalpur Municipal Corporation
2025_OMC_120402_1,"OMC/E-PROC/CP/025/2025-26, Dtd. 30/10/2025",Providing BLS (Basic Life Support) Ambulance Service along with drivers and paramedics on monthly hiring basis across various locations of OMC Ltd.,Providing BLS (Basic Life Support) Ambulance Service along with drivers and paramedics on monthly hiring basis across various locations of OMC Ltd.,Services,Open Tender,Item Rate,Miscellaneous Services,No,No,NA ,31-Oct-2025 01:30 PM,11-Nov-2025 03:30 PM ,180.0,No ,No,Online,18-Dec-2025 05:00 PM,Orissa Mining Corporation,"OMC Ltd., Bhubaneswar",751001.0,2.0,,EMRI Green Health Services,"113,424,000",Rejected-Finance,08-Jul-2026,Orissa Mining Corporation
2025_CERWI_121468_23,Tender Online RCK-17/25,Construction of NH-215 to Badapatuli in the Dist. of Jajpur for the year 2025-26.,Construction of road works,Works,National Competitive Bid,Percentage,Civil Works - Roads,No,No,NA ,24-Nov-2025 05:45 PM,NA ,90.0,No ,No,Online,06-Dec-2025 11:00 AM,CE RW I||RWCIRCLE-KENDRAPARA,Jajpur,755001.0,2.0,"2,47,80,848",AMIT KUMAR BISWAL,"21,066,199",Rejected-Finance,14-Jul-2026,CE RW I||RWCIRCLE-KENDRAPARA
2025_EICCL_121492_1,CE-Roads-I-13/2025-26,Improvement such as widening and strengthening of Hudukudihi Chhak to Barpan Boarder road from 0/000 km to 7/200 km in the district of Jharsuguda under State Plan for the year 2025-26,Improvement such as widening and strengthening of Hudukudihi Chhak to Barpan Boarder road from 0/000 km to 7/200 km in the district of Jharsuguda under State Plan for the year 2025-26,Works,Open Tender,Percentage,Civil Works - Roads,No,No,NA ,18-Nov-2025 10:20 AM,NA ,90.0,No ,No,Online,05-Dec-2025 11:30 AM,EIC-CIVIL,Jharsuguda Division,751001.0,2.0,"12,70,87,087",MAA SANTOSHI ENTERPRISES,"108,036,733",Rejected-AOC,31-Jul-2026,EIC-CIVIL
2026_CCEBH_126081_1,Bid Identification No-CCE-BHIP-BID-05(05)/2025-26 Dt.11 .02.2026,"Construction of D-type Quater (Block-A) of Brutanga and Hadua Irrigation Project, at-Dasapalla Irrigation Colony District -Nayagarh. (Civil, PH and Electrical)","Construction of D-type Quater (Block-A) of Brutanga and Hadua Irrigation Project, at-Dasapalla Irrigation Colony District Nayagarh. (Civil, PH and Electrical)",Works,National Competitive Bid,Percentage,Civil Works - Bridges,No,No,NA ,20-Feb-2026 11:00 AM,NA ,90.0,No ,No,Online,16-Mar-2026 11:00 AM,CCE Brutang and Hadua Irrigation Project Dasapalla,Dasapalla,752084.0,2.0,"3,17,50,445",NISHIT KUMAR PATTNAIK,"23,562,005",Rejected-Finance,14-Jul-2026,CCE Brutang and Hadua Irrigation Project Dasapalla
2026_CEBBU_129512_5,MDD-e-02/205-26,Improvement to Main Dam Sub-Division office back side and periphery building at Hirakud for the year 2026-27,Improvement to Main Dam Sub-Division office back side and periphery building at Hirakud for the year 2026-27,Works,Open Tender,Percentage,Civil Works - Others,No,No,NA ,20-May-2026 10:00 AM,NA ,90.0,No ,No,Online,30-May-2026 11:00 AM,"CE-BM,UM Basin,Burla",BURLA,768017.0,1.0,"12,62,009",Abhaya Narayan Padhi,"1,262,009",Accepted-AOC,08-Jul-2026,"CE-BM,UM Basin,Burla"
2026_BDABU_126950_1,"164/SE-III/BDA/2025-26, Dated-02/03/2026",Construction of Approach Road and Drain to E.W.S Housing Scheme at Gadakana Bhubaneswar.,Construction of Approach Road and Drain to E.W.S Housing Scheme at Gadakana Bhubaneswar.,Works,Open Tender,Percentage,Civil Works - Others,No,No,NA ,06-Mar-2026 05:00 PM,NA ,90.0,No ,No,Online,17-Mar-2026 11:30 AM,Bhubaneswar Development Authority||Bhubaneswar Development Authority||EE BDA Division IV,Bhubaneswar,751001.0,2.0,"78,70,980",MANOJ KUMAR SAHOO,"6,027,596",Rejected-Finance,03-Jul-2026,Bhubaneswar Development Authority||Bhubaneswar Development Authority||EE BDA Division IV
2026_ORULB_127815_6,MC(CMC)CTC_Div-II_No.3/2026-27,Construction of Anganwadi Centre at Bangali Sahi near Dakhani Kabat res in Ward No. 28.,Construction of Anganwadi Centre at Bangali Sahi near Dakhani Kabat res in Ward No. 28.,Works,Open Tender,Percentage,Civil Works - Others,No,No,NA ,30-Apr-2026 02:00 PM,NA ,90.0,No ,No,Online,14-May-2026 11:00 AM,Municipal Bodies||Cuttack Municipal Corporation,CMC,753001.0,1.0,"16,13,200",SUMANTA DAS,"1,613,149",Rejected-AOC,17-Jul-2026,Municipal Bodies||Cuttack Municipal Corporation
2026_OPEPA_129643_19,DPC/SS/SNG/13OF2026-27,"INFRASTRUCTURE DEVELOPMENT OF DUMKISIHIRIA MISSION PRY. SCHOOL, HARAPALI PROJECT U.PRY. SCHOOL, RAMPUR SEVA SHRAM UNDER KUARMUNDA BLOCK (3)","INFRASTRUCTURE DEVELOPMENT OF DUMKISIHIRIA MISSION PRY. SCHOOL, HARAPALI PROJECT U.PRY. SCHOOL, RAMPUR SEVA SHRAM UNDER KUARMUNDA BLOCK (3)",Works,Open Tender,Percentage,Civil Works - Buildings,No,No,NA ,25-May-2026 09:00 AM,NA ,90.0,No ,No,Online,16-Jun-2026 05:30 PM,OPEPA Bhubaneswar||Samagra Shiksha Sundargarh,SUNDARGARH,770001.0,2.0,"7,16,39,659",BIJAYA KUMARA JAISWAL,"71,639,659.21",Accepted-AOC,06-Jul-2026,OPEPA Bhubaneswar||Samagra Shiksha Sundargarh
2025_CERWI_121930_38,Online Tender/09/SERWD PHULBANI/2025-26,S/R to Police staff Qtr at Raikia (IIC) for the year 2025-26,S/R to Police staff Qtr at Raikia (IIC) for the year 2025-26,Works,Open Tender,Percentage,Civil Works - Buildings,No,No,NA ,28-Nov-2025 06:00 PM,NA ,90.0,No ,No,Online,05-Dec-2025 11:30 AM,CE RW I||RWCIRCLE-BERHAMPUR||RWDIVISION-PHULBANI,"OO the SE,RWD,PHULBANI",762001.0,1.0,"4,20,000",AJAYA KUMAR MOHAPATRA,"356,983.86",Rejected-AOC,03-Jul-2026,CE RW I||RWCIRCLE-BERHAMPUR||RWDIVISION-PHULBANI
2026_CEBBS_129635_1,SE-AID-3/2026-27,"Improvement to Kunua SM 1 from RD 630m to 650m 1385m to 1455m 2825m to 2850m and 4510m to 4525m of Sapua Badjore Irrigation Project. Working RD from 630m to 654m 1385m to 1455m, 2825m to 2850m and 4510m to 4525m","Improvement to Kunua SM 1 from RD 630m to 650m 1385m to 1455m 2825m to 2850m and 4510m to 4525m of Sapua Badjore Irrigation Project. Working RD from 630m to 654m 1385m to 1455m, 2825m to 2850m and 4510m to 4525m",Works,Open Tender,Percentage,Civil Works - Canal,No,No,NA ,25-May-2026 11:00 AM,NA ,90.0,No ,No,Online,04-Jun-2026 09:00 AM,CE and BM Brahmani Basin Samal||SE Angul Irrigation Circle Angul||EE Angul Irrigation Division Angul,Angul,759143.0,1.0,,SOUMYA RANJAN BEHERA,"1,261,483",Rejected-Finance,01-Nov-2026,CE and BM Brahmani Basin Samal||SE Angul Irrigation Circle Angul||EE Angul Irrigation Division Angul
2026_ORULB_128802_1,MC(CMC)CTC_Div-IINo10/2026-27,Construction of CC road fom Rajkishore Agarwal house to Fairy Land Play School at Professor Pada in Ward No.31.,Construction of CC road fom Rajkishore Agarwal house to Fairy Land Play School at Professor Pada in Ward No.31.,Works,Open Tender,Percentage,Civil Works - Others,No,No,NA ,28-May-2026 11:00 AM,NA ,105.0,No ,No,Online,10-Jun-2026 10:00 AM,Municipal Bodies||Cuttack Municipal Corporation,CMC,753012.0,1.0,"25,03,462",AMITABH SWAIN,"2,503,462",Accepted-AOC,25-Jul-2026,Municipal Bodies||Cuttack Municipal Corporation
2026_ORULB_129755_10,RGDA-MUN-01/2026-2027,"Providing RCC Cover Slab with Repair of Drain at Poultry Farm to N.Bhaskar Rao Jn, both side in w.no-08","Providing RCC Cover Slab with Repair of Drain at Poultry Farm to N.Bhaskar Rao Jn, both side in w.no-08",Works,Open Tender,Percentage,Civil Works - Others,No,No,NA ,25-May-2026 06:00 PM,NA ,90.0,No ,No,Online,10-Jun-2026 11:30 AM,Municipal Bodies||Rayagada Municipality,RAYAGADA MUNICIPALITY,765001.0,1.0,"12,07,648",AMBIKA GOUDA,"1,207,648",Rejected-Finance,10-Jul-2026,Municipal Bodies||Rayagada Municipality
2026_ORULB_128734_4,SNP-MUN-37/2026-27,Development of Reserve police road,Development of Reserve police road,Works,Open Tender,Percentage,Civil Works - Others,No,No,NA ,05-May-2026 11:00 AM,NA ,60.0,No ,No,Online,16-May-2026 11:00 AM,Municipal Bodies||Sonepur Municipal Council,Sonepur Municipality,767017.0,1.0,"12,84,443",Ramshankar Satpathy,"1,284,443",Rejected-Technical,24-Jul-2026,Municipal Bodies||Sonepur Municipal Council
2026_ORULB_128386_7,BRJNRM -01/2026-27,Renovation of Community Centre at ESI chowk W.No.17.,Community Centre,Works,Open Tender,Percentage,Civil Works - Buildings,No,No,NA ,24-Apr-2026 01:00 PM,NA ,90.0,No ,No,Online,15-May-2026 09:00 AM,Municipal Bodies||Brajrajnagar Municipality,Brajrajnagar Municipality,768216.0,2.0,"35,00,000",JYOTI PRAKASH NAYAK,"2,620,615.14",Rejected-AOC,09-Jul-2026,Municipal Bodies||Brajrajnagar Municipality
2026_CEMIB_125474_1,SEMIDBLS-11/2025- 26,Construction of Baghuabudhi-II Check Dam in Jaleswar Block of Balasore District under MATY Scheme for the year 2025-26.,Construction of Baghuabudhi-II Check Dam in Jaleswar Block of Balasore District under MATY Scheme for the year 2025-26.,Works,Open Tender,Percentage,Civil Works - Others,No,No,NA ,05-Feb-2026 10:00 AM,NA ,90.0,No ,No,Online,17-Feb-2026 11:00 AM,"CE,Minor Irrigation,BBSR||Baripada Minor Irrigation Circle Baripada||MI Division Balasore",Jaleswar Block,756032.0,1.0,"42,47,857",ULLASH KUMAR SWAIN,"3,292,089",Rejected-Finance,09-Jul-2026,"CE,Minor Irrigation,BBSR||Baripada Minor Irrigation Circle Baripada||MI Division Balasore"
2025_EICCL_114508_1,CE-ROADS-II-04/2025-26,Improvement of Gopapur-Sasanga road from 0/000 Km to 5/764 km in the district of Cuttack under State Plan,Improvement of Gopapur-Sasanga road from 0/000 Km to 5/764 km in the district of Cuttack under State Plan,Works,Open Tender,Percentage,Civil Works - Roads,No,No,NA ,17-Jun-2025 03:00 PM,NA ,90.0,No ,No,Online,04-Jul-2025 11:30 AM,EIC-CIVIL,Charbatia Division,751001.0,2.0,"19,70,88,389",BIBHU RANJAN PARIDA,"167,544,839",Rejected-AOC,10-Jul-2026,EIC-CIVIL
2026_EICCL_126696_1,SC RandB GM-II-31/2025-26,"S/R to Lanjipalli Goods Shed Road to Khajuria Bye-pass NH such as providing Paver Block, Construction of Drain and Protection Wall.","S/R to Lanjipalli Goods Shed Road to Khajuria Bye-pass NH such as providing Paver Block, Construction of Drain and Protection Wall.",Works,Open Tender,Percentage,Civil Works - Roads,No,No,NA ,27-Feb-2026 10:00 AM,NA ,90.0,No ,No,Online,07-Mar-2026 11:30 AM,EIC-CIVIL||SERNB-CIRCLE-BERHAMPUR||EERNB-DIVN-GANJAM II,Ganjam,760005.0,1.0,"31,32,098",B RAKESH PATRA,"2,317,753",Accepted-AOC,21-Jul-2026,EIC-CIVIL||SERNB-CIRCLE-BERHAMPUR||EERNB-DIVN-GANJAM II
2026_CEMWR_129737_1,ACE/MCB/MDB-03/2026-27,Hydro mechanical Gate Works.,"Supply, fabrication and erection of 04 no of Scouring Sluice gates of Puligumi Nalla C/D in Kasinagar Block under Superintending Engineer M.I.Division,Gajapati,paralakhemundi for F.Y 2025-26.",Works,Open Tender,Percentage,Mechanical Works,No,No,NA ,26-May-2026 10:00 AM,NA ,90.0,No ,No,Online,06-Jun-2026 12:00 PM,"Chief Engineer Mech - WR Bhubaneswar||SE, Mechanical, MIP, Hirakud||EE, Mech Divn, Ambaguda",Kasinagar Block,761206.0,1.0,"10,76,483",SATYANANDA PANIGRAHI,"1,075,407.03",Rejected-Finance,10-Jul-2026,"Chief Engineer Mech - WR Bhubaneswar||SE, Mechanical, MIP, Hirakud||EE, Mech Divn, Ambaguda"
2026_CERWI_126961_13,Online Tender/50-2025-26/BPR,Construction of Road from Rest Shed to Nimigam via Bada Padar Sahi Badi Ambagam under S.Ambagam GP road in the District of Ganjam under MMSY-TRIP for the year 2025-26,Construction of Road from Rest Shed to Nimigam via Bada Padar Sahi Badi Ambagam under S.Ambagam GP road in the District of Ganjam under MMSY-TRIP for the year 2025-26,Works,National Competitive Bid,Percentage,Civil Works - Roads,No,No,NA ,07-Mar-2026 10:00 AM,NA ,90.0,No ,No,Online,16-Mar-2026 11:00 AM,CE RW I||RWCIRCLE-BERHAMPUR,Ganjam,760011.0,2.0,"3,98,21,000",BIRUPAKHYA CHOUDHURY,"33,851,073",Rejected-AOC,28-Jul-2026,CE RW I||RWCIRCLE-BERHAMPUR
2026_CERWI_125690_1,Tender online RCK- 02/26,Construction of Building Arts Block at Derabish College in the District of Kendrapara for the year 2025-2026,Construction of Building Arts Block at Derabish College in the District of Kendrapara for the year 2025-2026,Works,National Competitive Bid,Percentage,Civil Works - Buildings,No,No,NA ,07-Feb-2026 09:00 AM,NA ,90.0,No ,No,Online,20-Feb-2026 11:00 AM,CE RW I||RWCIRCLE-KENDRAPARA,Kendrapara,754211.0,2.0,"1,05,62,089",MANOJ KUMAR SAMAL,"8,301,801",Rejected-Finance,02-Jul-2026,CE RW I||RWCIRCLE-KENDRAPARA
2025_OLIC_122878_6,05/2025-26(3555)/OLIC(BDK)/Dt. 02.12.2025,Re-enforcement Works at Package No. 06 under Chandbali Block,Re-enforcement Works at Package No. 06 under Chandbali Block,Works,Open Tender,Turn-key,Civil Works - Lift Irrigation Schemes,No,No,NA ,17-Aug-2026 12:13 AM,NA ,180.0,No ,No,Online,19-Dec-2025 11:00 AM,Orissa Lift Irrigation Corporation||LI BALASORE||LI Division Bhadrak,"L.I. Division, Bhadrak",756100.0,2.0,"17,79,428",CHANDRAGUPTA LENKA,"1,784,976",Rejected-AOC,27-Jul-2026,Orissa Lift Irrigation Corporation||LI BALASORE||LI Division Bhadrak
2025_ORULB_111805_7,36/SMC_SBP/2024-25,Development of New vending zone with paved surface near side of Piplani sweets backside of Hindischool by the side of Dhobijore nallaha in .W.No.31,Development of New vending zone with paved surface near side of Piplani sweets backside of Hindischool by the side of Dhobijore nallaha in .W.No.31,Works,Open Tender,Percentage,Civil Works - Others,No,No,NA ,26-Mar-2025 11:00 AM,NA ,120.0,No ,No,Online,15-Apr-2025 11:00 AM,Municipal Bodies||Sambalpur Municipal Corporation,SAMBALPUR MUNICIPAL CORPORATION,768006.0,1.0,"37,52,190",RAJAT KUMAR KAR,"3,189,733",Accepted-AOC,11-Jul-2026,Municipal Bodies||Sambalpur Municipal Corporation
2026_PRJAT_124280_1,28/PSJ/2025-26,Construction of CC road from NH-16 to old toll gate Gangapada to Plot no-1277,AS PER DTCN,Works,Open Tender,Percentage,Civil Works - Roads,No,No,NA ,08-Jan-2026 11:00 AM,NA ,120.0,No ,No,Online,27-Jan-2026 11:00 AM,Panchayati Raj and Drinking Water Department Odisha||Zilla Parisad Khordha||JATNI Block,GANGAPADA,752054.0,1.0,"14,20,653",Maa Barunei Construction And Supplier Prop-Biswa Mohan Parida,"966,044.65",Rejected-AOC,28-Jul-2026,Panchayati Raj and Drinking Water Department Odisha||Zilla Parisad Khordha||JATNI Block
2026_ORULB_129135_18,NLGN _1/2026-27,Improvement of CC road from Kana Bapi house to Dhabal Singh house at Guthunasahi in W.No.11 under Nilgiri NAC.,Improvement of CC road from Kana Bapi house to Dhabal Singh house at Guthunasahi in W.No.11 under Nilgiri NAC.,Works,Open Tender,Percentage,Civil Works - Roads,No,No,NA ,11-May-2026 03:00 PM,NA ,120.0,No ,No,Online,25-May-2026 11:00 AM,Municipal Bodies||Nilgiri NAC,Nilgiri NAC,756040.0,1.0,"3,37,033",ABINASH NAYAK,"337,033",Rejected-AOC,13-Jul-2026,Municipal Bodies||Nilgiri NAC
2026_ORULB_125611_34,BRJNRM -05/2025-26,"Completion of community centre at Kultapada, W.No-08",Community Centre,Works,Open Tender,Percentage,Civil Works - Buildings,No,No,NA ,08-Feb-2026 11:00 AM,NA ,90.0,No ,No,Online,21-Feb-2026 11:00 AM,Municipal Bodies||Brajrajnagar Municipality,Brajrajnagar Municipality,768216.0,2.0,"15,00,000",DILESWAR NAIK,"1,270,049.67",Accepted-AOC,09-Jul-2026,Municipal Bodies||Brajrajnagar Municipality
2026_IDCO_129454_1,PC/EST/E-05/2026-27,Chartered Accountant Firms for Routine Financial and Accounting Services of IDCO,Chartered Accountant Firms for Routine Financial and Accounting Services of IDCO,Services,Open Tender,Item Rate,Miscellaneous Services,No,No,NA ,18-May-2026 06:30 PM,26-May-2026 04:30 PM ,120.0,No ,No,Online,05-Jun-2026 12:30 PM,IDCO||IDCO||IDCO,Bhubaneswra,751022.0,2.0,0.0,Vinod Singhal & Co LLP,"1,800,000",Rejected-Technical,27-Jul-2026,IDCO||IDCO||IDCO
2026_ORULB_125611_20,BRJNRM -05/2025-26,Repair of Venus Club ward No.11 and Drain with cover slab from school to Durga Mandap.,Building and Drain with cover slab,Works,Open Tender,Percentage,Civil Works - Others,No,No,NA ,07-Feb-2026 06:00 PM,NA ,90.0,No ,No,Online,21-Feb-2026 11:00 AM,Municipal Bodies||Brajrajnagar Municipality,Brajrajnagar Municipality,768216.0,2.0,"19,99,900",JAI BIR HANUMAN ENTERPRISES,"1,694,870.8",Rejected-AOC,07-Jul-2026,Municipal Bodies||Brajrajnagar Municipality
2026_EICCL_127497_4,Bid Identification No-SE-R AND B-SNG-35 OF 2025-26,Repair of DTC Veterinary Office in the District of Sundargarh for the year 2025.26 (EI Works),Repair of DTC Veterinary Office in the District of Sundargarh for the year 2025.26 (EI Works),Works,Open Tender,Percentage,Electrical Works,No,No,NA ,25-Mar-2026 10:00 AM,NA ,90.0,No ,No,Online,07-Apr-2026 11:00 AM,EIC-CIVIL||SERNB-CIRCLE-KEONJHAR||EERNB-DIVN-SUNDERGARH,Sundargarh,770001.0,1.0,"5,73,611",BALBIR SINGH GOG,"516,307.41",Accepted-AOC,05-Jul-2026,EIC-CIVIL||SERNB-CIRCLE-KEONJHAR||EERNB-DIVN-SUNDERGARH
2026_EICCL_127500_13,eTCN11 of 2025-2026,"Providing for power supply to Odisha Adarsha Vidyalaya, Nuagaon in the district of Nayagarh","Providing for power supply to Odisha Adarsha Vidyalaya, Nuagaon in the district of Nayagarh",Works,Open Tender,Percentage,Electrical Works,No,No,NA ,23-Mar-2026 01:30 PM,NA ,90.0,No ,No,Online,04-Apr-2026 11:00 AM,EIC-CIVIL||SERNB-CIRCLE-KHURDA||EE Nayagarh Rnb Division,Nayagarh,752069.0,1.0,"10,27,829",ARMAN ENGINEERING PROJECTS PRIVATE LIMITED,"763,369",Rejected-Finance,04-Jul-2026,EIC-CIVIL||SERNB-CIRCLE-KHURDA||EE Nayagarh Rnb Division
2026_PHEO_126686_3,ACEPHBGR 19/2025-26,Procurement of DI pipe for the work Construction of ESR and other ancillary works in connection with work augmentation of water supply system along with ancillary works for Balangir town.,Procurement of DI pipe for the work Construction of ESR and other ancillary works in connection with work augmentation of water supply system along with ancillary works for Balangir town.,Works,National Competitive Bid,Percentage,Civil Works - Water Works,No,No,NA ,26-Feb-2026 06:40 PM,NA ,120.0,No ,No,Online,12-Mar-2026 04:00 PM,PHEO||PH Circle Bhawanipatna||PH Division Balangir,Balangir Municipality,767001.0,2.0,"91,82,479",Jai Balaji Industries Limited,"7,015,176",Rejected-AOC,27-Jul-2026,PHEO||PH Circle Bhawanipatna||PH Division Balangir
2025_CERWI_122313_13,Online AGL-18,Construction of 1 no. F type Qtr at PHC Banamira,Construction of 1 no. F type Qtr at PHC Banamira,Works,Open Tender,Percentage,Civil Works - Buildings,No,No,NA ,01-Dec-2025 02:45 PM,NA ,90.0,No ,No,Online,09-Dec-2025 11:00 AM,CE RW I||RWCIRCLE-ANGUL||RW-DIVISION-ANGUL,Angul,759143.0,1.0,"20,62,000",BIBHUTI BHUSAN SAHOO,"2,068,293",Rejected-Finance,20-Jul-2026,CE RW I||RWCIRCLE-ANGUL||RW-DIVISION-ANGUL
2026_CERWI_125004_16,CCE-BLS-NCB-51 of 2025-26,Construction of road Sain to Badasananda via Bada nuagaon Mukhisahi Chhak and Routsahi road in the District of Balasoreunder MMSY TRIP for the year 25-26,Construction of road Sain to Badasananda via Bada nuagaon Mukhisahi Chhak and Routsahi road in the District of Balasoreunder MMSY TRIP for the year 25-26,Works,National Competitive Bid,Percentage,Civil Works - Roads,No,No,NA ,24-Jan-2026 03:00 PM,NA ,90.0,No ,No,Online,09-Feb-2026 01:00 PM,CE RW I||RWCIRCLE-BALASORE,Balasore,756001.0,2.0,"4,93,29,000",GAGAN BIHARI BHUYAN,"41,934,424",Rejected-AOC,21-Jul-2026,CE RW I||RWCIRCLE-BALASORE
2026_CERWI_129612_1,Online Tender 01 RWD SBD 2026 27,SR to Section Office building at Narayanpatna for the year 2026-27_building,SR to Section Office building at Narayanpatna for the year 2026-27_building,Works,Open Tender,Percentage,Civil Works - Buildings,No,No,NA ,22-May-2026 11:00 AM,NA ,90.0,No ,No,Online,06-Jun-2026 11:00 AM,CE RW I||RWCIRCLE-SUNABEDA||RWDIVISION-SUNABEDA,Sunabeda,763001.0,1.0,"6,77,787",ANU RANA,"392,438",Accepted-AOC,12-Jul-2026,CE RW I||RWCIRCLE-SUNABEDA||RWDIVISION-SUNABEDA
2025_ORULB_113870_5,MC(CMC)CTC_Div-IINo.10/2025-26,Renovation of Cuttack Maha Nagar Shanti Committee in Ward No. 23.,Renovation of Cuttack Maha Nagar Shanti Committee in Ward No. 23.,Works,Open Tender,Percentage,Civil Works - Others,No,No,NA ,02-Aug-2025 03:00 PM,NA ,90.0,No ,No,Online,19-Aug-2025 11:00 AM,Municipal Bodies||Cuttack Municipal Corporation,CMC,753012.0,1.0,"4,93,200",Sri Jagabandhu Sethy,"419,223",Rejected-AOC,24-Jul-2026,Municipal Bodies||Cuttack Municipal Corporation
2026_CERWI_128657_1,Online 01 of 2026-27,Construction of 100 seated ST hostel building at UPUP school at Bilaspur in the district of Bargarh(Balance Work),Construction of 100 seated ST hostel building at UPUP school at Bilaspur in the district of Bargarh(Balance Work),Works,Open Tender,Percentage,Civil Works - Buildings,No,No,NA ,30-Apr-2026 10:00 AM,NA ,90.0,No ,No,Online,08-May-2026 10:00 AM,CE RW I||RWCIRCLE-SAMBALPUR||RWDIVISION-PADMAPUR,Padampur,768036.0,1.0,"19,55,744",BIJAYA KUMAR SAHU,"1,953,788",Rejected-Technical,01-Jul-2026,CE RW I||RWCIRCLE-SAMBALPUR||RWDIVISION-PADMAPUR
2026_ORULB_125611_6,BRJNRM -05/2025-26,Const. of Road and Drain near Nice Computer and W.No.12.,Road and Drain,Works,Open Tender,Percentage,Civil Works - Others,No,No,NA ,06-Feb-2026 06:00 PM,NA ,90.0,No ,No,Online,21-Feb-2026 11:00 AM,Municipal Bodies||Brajrajnagar Municipality,Brajrajnagar Municipality,768216.0,2.0,"49,43,000",SUSHANTA KUMAR SUNA,"3,842,006.17",Rejected-AOC,07-Jul-2026,Municipal Bodies||Brajrajnagar Municipality
2026_EICCL_128195_2,Bid id 34 of 2025-26,"Construction of Internal Approach Road (Building)at Odisha Adarsha Vidyalaya, Babunuagaon of Bonai Block under OMBADC of Sundargarh District for the year 2025-26.","Construction of Internal Approach Road (Building)at Odisha Adarsha Vidyalaya, Babunuagaon of Bonai Block under OMBADC of Sundargarh District for the year 2025-26.",Works,Open Tender,Percentage,Civil Works - Buildings,No,No,NA ,17-Apr-2026 05:00 PM,NA ,90.0,No ,No,Online,30-Apr-2026 11:00 AM,EIC-CIVIL||SERNB-CIRCLE-KEONJHAR||EERNB-DIVN-ROURKELA,Rourkela,769012.0,1.0,"12,42,400",KISHORI PRASAD JAISWAL,"1,242,381",Rejected-AOC,29-Jul-2026,EIC-CIVIL||SERNB-CIRCLE-KEONJHAR||EERNB-DIVN-ROURKELA
2026_EICCL_126733_1,SE R and B Divn NoI Bam 65/2025-26,"Annual repair of Dist Police office building such as providing roof treatment, plastering, wall tile and painting etc at BAM","Annual repair of Dist Police office building such as providing roof treatment, plastering, wall tile and painting etc at BAM",Works,Open Tender,Percentage,Civil Works - Buildings,No,No,NA ,27-Feb-2026 06:00 PM,NA ,90.0,No ,No,Online,07-Mar-2026 11:30 AM,EIC-CIVIL||SERNB-CIRCLE-BERHAMPUR||EERNB-DIVN-GANJAM I,Ganjam,760005.0,1.0,"17,04,323",Chinmaya Kumar Bisoyi,"937,378",Rejected-AOC,21-Jul-2026,EIC-CIVIL||SERNB-CIRCLE-BERHAMPUR||EERNB-DIVN-GANJAM I
2026_ORULB_129755_5,RGDA-MUN-01/2026-2027,Improvement of road with BM and SDBC and repair of drain from Venkateswar Kalyan Mandap towards Sujat Palo house in w.no-12,Improvement of road with BM and SDBC and repair of drain from Venkateswar Kalyan Mandap towards Sujat Palo house in w.no-12,Works,Open Tender,Percentage,Civil Works - Roads,No,No,NA ,25-May-2026 06:00 PM,NA ,90.0,No ,No,Online,10-Jun-2026 11:30 AM,Municipal Bodies||Rayagada Municipality,RAYAGADA MUNICIPALITY,765001.0,1.0,"16,94,409",PITTALA YAMUNA,"1,694,409",Rejected-Finance,10-Jul-2026,Municipal Bodies||Rayagada Municipality
2026_CERWI_124672_6,CCE-BLS-NCB-46 of 2025-26,Construction of road from Padadiha to Saud in the District of Balasore under MMSY-DRR for the year 2025-26,Construction of road from Padadiha to Saud in the District of Balasore under MMSY-DRR for the year 2025-26,Works,National Competitive Bid,Percentage,Civil Works - Roads,No,No,NA ,16-Jan-2026 06:00 PM,NA ,90.0,No ,No,Online,03-Feb-2026 11:00 AM,CE RW I||RWCIRCLE-BALASORE,Balasore,756001.0,2.0,"9,87,50,000",PRATAP CHANDRA NAYAK,"83,946,847",Rejected-AOC,17-Jul-2026,CE RW I||RWCIRCLE-BALASORE
2026_CERWI_126092_1,RWCCESNG-32 of 2025-26,"Construction of road from Ledhimong to Choukipada via Kendupada, Sianmal","Construction of road from Ledhimong to Choukipada via Kendupada, Sianmal",Works,National Competitive Bid,Percentage,Civil Works - Roads,No,No,NA ,16-Feb-2026 11:00 AM,NA ,90.0,No ,No,Online,05-Mar-2026 11:00 AM,CE RW I||RW-CIRCLE-SUNDARGARH,Sundergarh,770020.0,2.0,"4,49,79,721",PRAHALLAD MAJHI,"44,934,741.642",Rejected-Finance,09-Jul-2026,CE RW I||RW-CIRCLE-SUNDARGARH
2025_EICCL_116075_7,CCE (R and B) BGR-07-2025-26,CONSTRUCTION OF 6 NOS OF E TYPE STAFF QUARTER AT CHC BELPADA IN THE DISTRICT OF BALANGIR FOR THE YEAR 2025-26.,Building Work,Works,National Competitive Bid,Percentage,Civil Works - Buildings,No,No,NA ,24-Jul-2025 06:55 PM,NA ,90.0,No ,No,Online,08-Aug-2025 11:00 AM,EIC-CIVIL||SERNB-CIRCLE-BOLANGIR,Kantabanji,767039.0,2.0,"1,72,72,764",SOURAV AGRAWAL,"14,683,577",Rejected-Finance,09-Jun-2026,EIC-CIVIL||SERNB-CIRCLE-BOLANGIR
2026_ORULB_127482_62,BLGR MPTY/13(01-73)/2025-26,"Const. of C.C.Road from Surjit Naik res to Puspabali Res, Rugudipara, W.No.19",Road Work,Works,Open Tender,Percentage,Civil Works - Roads,No,No,NA ,24-Mar-2026 11:00 AM,NA ,180.0,No ,No,Online,06-Apr-2026 11:00 AM,Municipal Bodies||Balangir Municipality,Balangir,767001.0,1.0,"10,99,746",AJIT KUMAR TRIPATHY,"1,098,646.33",Rejected-Finance,29-Jul-2026,Municipal Bodies||Balangir Municipality
2025_EICCL_121163_1,CE- Roads-I- 13/2025-26,Improvement such as widening and strengthening of Ambasar Chhak (Haripur College Chhaka) to Dhenkanal Border road from 0/000 km to 6/709 km in the district of Jajpur under State Plan,Improvement such as widening and strengthening of Ambasar Chhak (Haripur College Chhaka) to Dhenkanal Border road from 0/000 km to 6/709 km in the district of Jajpur under State Plan,Works,Open Tender,Percentage,Civil Works - Roads,No,No,NA ,12-Nov-2025 04:00 PM,NA ,90.0,No ,No,Online,29-Nov-2025 11:30 AM,EIC-CIVIL,Jajpur,751001.0,2.0,"10,63,54,567",M/S GOURAV CONTRUCTION,"90,412,018",Rejected-AOC,15-Jul-2026,EIC-CIVIL
2026_PRSIN_129193_4,e-Procurement Notice No.(PSSNP)01/2026-27vide letter no.1894dt.08/05/2026,"Const of Addl. Class Room (ACR) at Bad Darlipada UPS, Kendumunda",New Construction,Works,Open Tender,Percentage,Civil Works - Buildings,No,No,NA ,12-May-2026 04:00 PM,NA ,90.0,No ,No,Online,26-May-2026 11:00 AM,Panchayati Raj and Drinking Water Department Odisha||Zilla Parisad Nuapada||SINAPALI Block,Kendumunda gp,766108.0,1.0,"14,73,798",Jayadeb Meher,"1,472,325.006",Rejected-Finance,07-Jul-2026,Panchayati Raj and Drinking Water Department Odisha||Zilla Parisad Nuapada||SINAPALI Block
2026_EICCL_126979_4,Bid id 30 of 2025-26,Construction of RI office cum residence at Civil Township in the district of Sundargarh for the year 2025-26,Construction of RI office cum residence at Civil Township in the district of Sundargarh for the year 2025-26,Works,Open Tender,Percentage,Civil Works - Buildings,No,No,NA ,09-Mar-2026 06:00 PM,NA ,90.0,No ,No,Online,24-Mar-2026 11:00 AM,EIC-CIVIL||SERNB-CIRCLE-KEONJHAR||EERNB-DIVN-ROURKELA,Rourkela,769012.0,2.0,"81,60,300",BISWANATH BARIK,"8,148,335",Rejected-AOC,15-Jul-2026,EIC-CIVIL||SERNB-CIRCLE-KEONJHAR||EERNB-DIVN-ROURKELA
2025_ORULB_116784_16,MC(CMC)CTC_Div-IIINo.17/25-26,Construction of CC road from NH-16 to Souchalya near Satsanga Kendra at Amania patna in Ward No.56.,Construction of CC road from NH-16 to Souchalya near Satsanga Kendra at Amania patna in Ward No.56.,Works,Open Tender,Percentage,Civil Works - Others,No,No,NA ,09-Oct-2025 12:30 PM,NA ,90.0,No ,No,Online,28-Oct-2025 10:00 AM,Municipal Bodies||Cuttack Municipal Corporation,CMC,753012.0,1.0,"9,26,127",SIDDHARTH SANKAR BEHERA,"787,301",Rejected-AOC,08-Jul-2026,Municipal Bodies||Cuttack Municipal Corporation
2025_ORULB_117691_40,BBLM-4/2025-26,"Construction of drain from Laxmi Narayan temple to Papu Master house, Odisha Boarder, Ward No.1, Barbil","Construction of drain from Laxmi Narayan temple to Papu Master house, Odisha Boarder, Ward No.1, Barbil",Works,Open Tender,Percentage,Civil Works - Others,No,No,NA ,09-Sep-2025 10:00 AM,NA ,90.0,No ,No,Online,24-Sep-2025 11:00 AM,Municipal Bodies||Barbil Municipality,Barbil,758035.0,2.0,"5,00,000",Ketan Rao,"499,467",Rejected-Finance,08-Jul-2026,Municipal Bodies||Barbil Municipality
2026_EICCL_129376_1,SE CBT (R and B)-01/2026-27,Installation of Aerosol based extinguisher and lightning protection at CHC Tangi in the district of Cuttack for the year 2025-26,Installation of Aerosol based extinguisher and lightning protection at CHC Tangi in the district of Cuttack for the year 2025-26,Works,National Competitive Bid,Percentage,Electrical Works,No,No,NA ,18-May-2026 10:00 AM,NA ,90.0,No ,No,Online,01-Jun-2026 11:00 AM,EIC-CIVIL||SERNB-CIRCLE-DHENKANAL||EERNB DIVN CHARBATIA,Tangi,754022.0,1.0,"9,78,838",M/S ALEKHA MAHIMA ELECTRICALS,"978,838",Accepted-AOC,27-Jul-2026,EIC-CIVIL||SERNB-CIRCLE-DHENKANAL||EERNB DIVN CHARBATIA
2025_ORULB_112127_11,MC(CMC)CTC_Div-I_No.1/2025-26,Renovation of Community Toilet at Ganeshghat Dhoba Sahi in Ward No. 20.,Renovation of Community Toilet at Ganeshghat Dhoba Sahi in Ward No. 20.,Works,Open Tender,Percentage,Civil Works - Others,No,No,NA ,04-Apr-2025 03:00 PM,NA ,90.0,No ,No,Online,21-Apr-2025 11:00 AM,Municipal Bodies||Cuttack Municipal Corporation,CMC,753012.0,1.0,"5,45,600",JAGANNATH SWAIN,"572,557",Accepted-AOC,18-Jul-2026,Municipal Bodies||Cuttack Municipal Corporation
2026_ORULB_125611_7,BRJNRM -05/2025-26,Improvement of Road from Chai road towards IB Ghat,Road,Works,Open Tender,Percentage,Civil Works - Roads,No,No,NA ,06-Feb-2026 06:00 PM,NA ,90.0,No ,No,Online,21-Feb-2026 11:00 AM,Municipal Bodies||Brajrajnagar Municipality,Brajrajnagar Municipality,768216.0,2.0,"35,00,000",SOURAV TANTY,"2,592,581.45",Rejected-AOC,08-Jul-2026,Municipal Bodies||Brajrajnagar Municipality
2026_EICCL_127875_10,17/KBJ/2025-26(1),"Supply, Installation, Testing and Commissioning of Fire Fighting System for CHC Khaprakhol in the District of Balangir","Supply, Installation, Testing and Commissioning of Fire Fighting System for CHC Khaprakhol in the District of Balangir",Works,National Competitive Bid,Percentage,Electrical Works,No,No,NA ,09-Apr-2026 11:00 AM,NA ,90.0,No ,No,Online,21-Apr-2026 11:30 AM,EIC-CIVIL||SERNB-CIRCLE-BOLANGIR||EERNB-DIVISION-KANTABANJI,KANTABANJI,767039.0,1.0,"30,89,207",M/S GUGUSYS SMART SOLUTIONS PRIVATE LIMITED,"2,070,078",Rejected-Technical,17-Jul-2026,EIC-CIVIL||SERNB-CIRCLE-BOLANGIR||EERNB-DIVISION-KANTABANJI
2026_BDABU_125239_1,"41/EM/BDA/2025-26, Dated-22/01/2026","Construction of Kailashvihar Park in front of Plot No.201-205 at Kailashvihar, Bhubaneswar.","Construction of Kailashvihar Park in front of Plot No.201-205 at Kailashvihar, Bhubaneswar.",Works,Open Tender,Percentage,Civil Works - Others,No,No,NA ,30-Jan-2026 06:00 PM,NA ,90.0,No ,No,Online,19-Feb-2026 11:30 AM,Bhubaneswar Development Authority||Bhubaneswar Development Authority,Bhubaneswar,751001.0,2.0,"1,20,70,218",SUJIT KUMAR JENA,"9,630,826",Rejected-Finance,03-Jul-2026,Bhubaneswar Development Authority||Bhubaneswar Development Authority
2026_EICCL_127500_12,eTCN11 of 2025-2026,Shifting and relocation of existing lines and S/S due to construction of Kuanria Bridge site at - Kuanria river Ch.20/600Km of Khalisahi Kosaka Adakata Road ODR in the district of Nayagarh under Electrical Section Gania.,Shifting and relocation of existing lines and S/S due to construction of Kuanria Bridge site at - Kuanria river Ch.20/600Km of Khalisahi Kosaka Adakata Road ODR in the district of Nayagarh under Electrical Section Gania.,Works,Open Tender,Percentage,Electrical Works,No,No,NA ,23-Mar-2026 01:30 PM,NA ,90.0,No ,No,Online,04-Apr-2026 11:00 AM,EIC-CIVIL||SERNB-CIRCLE-KHURDA||EE Nayagarh Rnb Division,Nayagarh,752069.0,1.0,"18,28,806",Dillip Ranjan Das,"1,358,254",Rejected-Finance,04-Jul-2026,EIC-CIVIL||SERNB-CIRCLE-KHURDA||EE Nayagarh Rnb Division
2025_ORULB_123875_24,MC(CMC)CTC_Div-I_No.18/2025-26,Construction of Community Centre Sunadei Mandir Campus at Deula Sahi in Ward No. 7.,Construction of Community Centre Sunadei Mandir Campus at Deula Sahi in Ward No. 7.,Works,Open Tender,Percentage,Civil Works - Others,No,No,NA ,02-Jan-2026 01:00 PM,NA ,90.0,No ,No,Online,17-Jan-2026 11:00 AM,Municipal Bodies||Cuttack Municipal Corporation,CMC,753012.0,1.0,"14,07,000",JAGANNATH SWAIN,"1,196,216",Rejected-AOC,30-Jul-2026,Municipal Bodies||Cuttack Municipal Corporation
2026_EICCL_127964_1,SC RandB GM-II-33/2025-26,Special Repair such as construction of conference hall at Ganjam RandB Division No.II Berhampur,Building work,Works,Open Tender,Percentage,Civil Works - Buildings,No,No,NA ,08-Apr-2026 10:00 AM,NA ,90.0,No ,No,Online,16-Apr-2026 11:30 AM,EIC-CIVIL||SERNB-CIRCLE-BERHAMPUR||EERNB-DIVN-GANJAM II,Berhampur,760005.0,2.0,"62,40,399",PRADEEP KUMAR BEHERA,"4,436,924",Rejected-AOC,26-Jul-2026,EIC-CIVIL||SERNB-CIRCLE-BERHAMPUR||EERNB-DIVN-GANJAM II
2026_EICCL_127127_1,S.E.-KHD-(RandB)-46 /2025-26,"Upgradation of DDC and Construction of Meeting Hall at UPHC Mukundaprasad, Khordha","Upgradation of DDC and Construction of Meeting Hall at UPHC Mukundaprasad, Khordha",Works,Open Tender,Percentage,Civil Works - Buildings,No,No,NA ,11-Mar-2026 12:00 PM,NA ,90.0,No ,No,Online,23-Mar-2026 11:30 AM,EIC-CIVIL||SERNB-CIRCLE-KHURDA||EERNB DIVN KHURDA,Khordha,752056.0,1.0,"12,52,190",AJAYA KUMAR SAHOO,"1,252,190",Rejected-AOC,17-Jun-2026,EIC-CIVIL||SERNB-CIRCLE-KHURDA||EERNB DIVN KHURDA
2026_ORULB_129135_19,NLGN _1/2026-27,"Repair of CC road from Purna Singh house to Geeta Singh house at Dahanimara, W.No.12 under Nilgiri NAC.","Repair of CC road from Purna Singh house to Geeta Singh house at Dahanimara, W.No.12 under Nilgiri NAC.",Works,Open Tender,Percentage,Civil Works - Roads,No,No,NA ,11-May-2026 03:00 PM,NA ,120.0,No ,No,Online,25-May-2026 11:00 AM,Municipal Bodies||Nilgiri NAC,Nilgiri NAC,756040.0,1.0,"1,85,847",NILAMBAR MOHAPATRA,"185,847",Rejected-AOC,13-Jul-2026,Municipal Bodies||Nilgiri NAC
2026_CERWI_125649_1,DMGH / Online-13 of 2025-26,Construction of 2 Nos F type Qtr. Building at Bordi PHC(N) for the year 2025-26,Construction of 2 Nos F type Qtr. Building at Bordi PHC(N) for the year 2025-26,Works,National Competitive Bid,Percentage,Civil Works - Buildings,No,No,NA ,06-Feb-2026 10:00 AM,NA ,90.0,No ,No,Online,19-Feb-2026 11:00 AM,CE RW I||RWCIRCLE-BHAWANIPATNA||RWDIVISION-DHARMAGARH,Kalahandi,766015.0,2.0,"50,84,757",ASHUTOSH MEHER,"5,079,672",Rejected-Finance,03-Jun-2026,CE RW I||RWCIRCLE-BHAWANIPATNA||RWDIVISION-DHARMAGARH
2026_PRKOK_127989_1,PS-KKSR-T-1/2026-27,"Construction of Addl. Class room at Badpodaguda, GP- Badpodaguda under Koksara Block",Building,Works,Open Tender,Percentage,Civil Works - Buildings,No,No,NA ,09-Apr-2026 11:00 AM,NA ,90.0,No ,No,Online,24-Apr-2026 11:00 AM,Panchayati Raj and Drinking Water Department Odisha||Zilla Parisad Kalahandi||KOKASARA Block,Koksara,766019.0,1.0,"15,10,551",ABHIMANYU CHHATRIA,"1,193,486",Accepted-AOC,30-Jul-2026,Panchayati Raj and Drinking Water Department Odisha||Zilla Parisad Kalahandi||KOKASARA Block
2025_CERWI_121204_16,Tender Online RWC-24-25,Improvement to K.Matha to Anianka road in the District of Jagatsinghpurunder MMSY-Improvement Existing RD road for the year 2025-26,Improvement to K.Matha to Anianka road in the District of Jagatsinghpurunder MMSY-Improvement Existing RD road for the year 2025-26,Works,National Competitive Bid,Percentage,Civil Works - Roads,No,No,NA ,13-Nov-2025 05:55 PM,NA ,90.0,No ,No,Online,05-Dec-2025 11:30 AM,CE RW I||RWCIRCLE-CUTTACK,Jagatsinghpur,754102.0,2.0,"5,42,13,691",SISHIR KUMAR SWAIN,"54,213,691",Rejected-Finance,29-Jul-2026,CE RW I||RWCIRCLE-CUTTACK
2025_OLIC_122878_7,05/2025-26(3555)/OLIC(BDK)/Dt. 02.12.2025,Re-enforcement Works at Package No. 07 under Dhamnagar Block,Re-enforcement Works at Package No. 07 under Dhamnagar Block,Works,Open Tender,Turn-key,Civil Works - Lift Irrigation Schemes,No,No,NA ,10-Dec-2025 11:00 AM,NA ,180.0,No ,No,Online,19-Dec-2025 11:00 AM,Orissa Lift Irrigation Corporation||LI BALASORE||LI Division Bhadrak,"L.I. Division, Bhadrak",756100.0,2.0,"18,52,703",CHANDRAGUPTA LENKA,"1,858,480",Accepted-AOC,27-Jul-2026,Orissa Lift Irrigation Corporation||LI BALASORE||LI Division Bhadrak
2025_PHEO_120234_1,SEPHBBSR-37(03)/2025-26 DTD.27.10.2025,"Procurement, Installation and Testing of DG set for Zone-4 and 5 for Improvement of water supply to Ranapur NAC","Procurement, Installation and Testing of DG set for Zone-4 and 5 for Improvement of water supply to Ranapur NAC",Works,National Competitive Bid,Percentage,Civil Works - Water Works,No,No,NA ,30-Oct-2025 05:00 PM,NA ,120.0,No ,No,Online,11-Nov-2025 12:30 PM,PHEO||SEPH-CIRCLE-BBSR||EE P.H. Division Bhubaneswar,Ranapur NAC,752026.0,1.0,"17,45,000",GSP POWER PROJECTS RETAIL DIVISION,"1,483,561",Rejected-AOC,10-Jul-2026,PHEO||SEPH-CIRCLE-BBSR||EE P.H. Division Bhubaneswar
2026_ORULB_128734_5,SNP-MUN-37/2026-27,Construction of Drain from Gopinath Temple to LDB Bank back side w.no.5,Construction of Drain from Gopinath Temple to LDB Bank back side w.no.5,Works,Open Tender,Percentage,Civil Works - Others,No,No,NA ,05-May-2026 11:00 AM,NA ,60.0,No ,No,Online,16-May-2026 11:00 AM,Municipal Bodies||Sonepur Municipal Council,Sonepur Municipality,767017.0,1.0,"5,20,512",BIPRA JIMUTA BAHANA DASH,"520,511",Rejected-Technical,20-Jul-2026,Municipal Bodies||Sonepur Municipal Council
2026_CERWI_126422_1,01/2025-26 (Buildings),Construction of block level stadium with Indoor hall building in Jamda Block Mayurbhanj,Construction of block level stadium with Indoor hall building in Jamda Block Mayurbhanj,Works,National Competitive Bid,Percentage,Civil Works - Buildings,No,No,NA ,23-Feb-2026 10:00 AM,NA ,90.0,No ,No,Online,12-Mar-2026 11:00 AM,CE RW I,Mayurbhanj,751001.0,2.0,"14,45,68,299",NIRAKAR SAMAL,"118,329,153",Rejected-Finance,08-Jul-2026,CE RW I
2026_OPEPA_129643_18,DPC/SS/SNG/13OF2026-27,"INFRASTRUCTURE DEVELOPMENT OF GHAGHARI (M) PRY SCHOOL, GOVT. PRIMARY SCHOOL BARTOLI UNDER KUARMUNDA BLOCK (2)","INFRASTRUCTURE DEVELOPMENT OF GHAGHARI (M) PRY SCHOOL, GOVT. PRIMARY SCHOOL BARTOLI UNDER KUARMUNDA BLOCK (2)",Works,Open Tender,Percentage,Civil Works - Buildings,No,No,NA ,25-May-2026 09:00 AM,NA ,90.0,No ,No,Online,16-Jun-2026 05:30 PM,OPEPA Bhubaneswar||Samagra Shiksha Sundargarh,SUNDARGARH,770001.0,2.0,"4,75,12,982",SAHOO AND SONS,"47,512,982.39",Rejected-Technical,06-Jul-2026,OPEPA Bhubaneswar||Samagra Shiksha Sundargarh
2026_ORULB_127815_7,MC(CMC)CTC_Div-II_No.3/2026-27,S/R to road from Police Colony Start to Police Colony end (Souchalaya side) in Ward No. 28.,S/R to road from Police Colony Start to Police Colony end (Souchalaya side) in Ward No. 28.,Works,Open Tender,Percentage,Civil Works - Others,No,No,NA ,30-Apr-2026 02:00 PM,NA ,90.0,No ,No,Online,14-May-2026 11:00 AM,Municipal Bodies||Cuttack Municipal Corporation,CMC,753001.0,1.0,"7,88,800",PRAVAT CHANDRA BEHERA,"788,720",Rejected-AOC,24-Jul-2026,Municipal Bodies||Cuttack Municipal Corporation
2026_ORULB_129299_4,BM_04_2026_27,Construction of Drain with Cover Slab and Culvert at Bhaskarganj Area in Ward No 21,Construction of Drain with Cover Slab and Culvert at Bhaskarganj Area in Ward No 21,Works,Open Tender,Percentage,Civil Works - Roads,No,No,NA ,14-May-2026 05:00 PM,NA ,90.0,No ,No,Online,30-May-2026 11:00 AM,Municipal Bodies||Balasore Municipality,Balasore Municipality,756003.0,2.0,"67,79,661",Dillip Kumar Mishra,"5,763,390.1",Accepted-AOC,17-Jul-2026,Municipal Bodies||Balasore Municipality
2026_CEBBU_129512_4,MDD-e-02/205-26,"Providing shed over the roof top office of the C.E and B.M Mahanadi Basin, Burla for the year 2026-27","Providing shed over the roof top office of the C.E and B.M Mahanadi Basin, Burla for the year 2026-27",Works,Open Tender,Percentage,Civil Works - Others,No,No,NA ,20-May-2026 10:00 AM,NA ,90.0,No ,No,Online,30-May-2026 11:00 AM,"CE-BM,UM Basin,Burla",BURLA,768017.0,1.0,"17,00,577",SURYA MANI GOCHHAYAT,"1,700,577",Rejected-AOC,08-Jul-2026,"CE-BM,UM Basin,Burla"
2026_EICCL_126792_1,SC RandB GM-II-32/2025-26,Shifting Diversion Hightening of 11KV and LT line DSS of 33 KV Begunia and Khallikote and 11KV system sunderpur feeder near CHC Khallikote,Shifting Diversion Hightening of 11KV and LT line DSS of 33 KV Begunia and Khallikote and 11KV system sunderpur feeder near CHC Khallikote,Works,Open Tender,Percentage,Electrical Works,No,No,NA ,02-Mar-2026 10:00 AM,NA ,90.0,No ,No,Online,10-Mar-2026 11:30 AM,EIC-CIVIL||SERNB-CIRCLE-BERHAMPUR||EERNB-DIVN-GANJAM II,Ganjam,760005.0,1.0,"19,18,181",Sabyasachi Pattnaik,"1,985,317",Rejected-AOC,26-Jul-2026,EIC-CIVIL||SERNB-CIRCLE-BERHAMPUR||EERNB-DIVN-GANJAM II
2026_ORULB_127314_1,43/SMC_SBP/2025-26,"Construction of Road and Drain from Sri Ashok Kumar Samal House to Sri Janmejaya Patjoshi House Majhipali, Ward No.-05 under SMC, Sambalpur.","Construction of Road and Drain from Sri Ashok Kumar Samal House to Sri Janmejaya Patjoshi House Majhipali, Ward No.-05 under SMC, Sambalpur.",Works,Open Tender,Percentage,Civil Works - Others,No,No,NA ,17-Mar-2026 04:00 PM,NA ,120.0,No ,No,Online,30-Mar-2026 11:00 AM,Municipal Bodies||Sambalpur Municipal Corporation,SAMBALPUR MUNICIPAL CORPORATION,768006.0,1.0,"7,13,309",Susanta Kumar Mishra,"713,309",Rejected-Technical,31-Jul-2026,Municipal Bodies||Sambalpur Municipal Corporation
2025_CERWI_123515_1,Tender Online RWC-27-25,Improvement to Bidharpur Manpur road in the district of Cuttack under MMSY-Improvement Existing RD road for the year 2025-26,Improvement to Bidharpur Manpur road in the district of Cuttack under MMSY-Improvement Existing RD road for the year 2025-26,Works,National Competitive Bid,Percentage,Civil Works - Roads,No,No,NA ,19-Dec-2025 05:00 PM,NA ,90.0,No ,No,Online,06-Jan-2026 11:30 AM,CE RW I||RWCIRCLE-CUTTACK,Cuttack,753004.0,2.0,"8,45,87,733",A R Thermosets Private Limited,"88,724,074",Accepted-AOC,07-Jul-2026,CE RW I||RWCIRCLE-CUTTACK
2026_ORULB_127399_8,OR/ULB/BUD/14/2025-26,Construction of Community Centre at Bapuji nagar in ward No 16,Construction of Community Centre at Bapuji nagar in ward No 16,Works,Open Tender,Percentage,Civil Works - Buildings,No,No,NA ,19-Mar-2026 10:00 AM,NA ,120.0,No ,No,Online,26-Mar-2026 11:00 AM,Municipal Bodies||Boudhgarh NAC,BOUDHGARH,762014.0,1.0,"3,64,524",Biswanath Patra,"364,159",Accepted-AOC,17-Jul-2026,Municipal Bodies||Boudhgarh NAC
2025_ORULB_116829_28,EO/ PDPM/ W_03/ 2025-26,Construction of Paver road from Male Saraswati via K. anand in ward no 18,Construction of Paver road from Male Saraswati via K. anand in ward no 18,Works,Open Tender,Percentage,Civil Works - Others,No,No,NA ,16-Aug-2025 05:00 PM,NA ,120.0,No ,No,Online,29-Aug-2025 11:00 AM,Municipal Bodies||Paradeep Municipality,PARADEEP MUNICIPALITY,754142.0,1.0,"16,77,838",RAJESH KUMAR BEHERA,"1,702,900",Rejected-Finance,30-Jul-2026,Municipal Bodies||Paradeep Municipality
2025_OLIC_117205_2,6791 DT-18.08.2025,Installation of Borewells under Solar Pumping System in KEONJHAR District Pkg-02 BID ID-86,Installation of Borewells under Solar Pumping System in KEONJHAR District Pkg-02 BID ID-86,Works,Open Tender,Percentage,Civil Works - Lift Irrigation Schemes,No,No,NA ,25-Aug-2025 10:00 AM,NA ,180.0,No ,No,Online,17-Sep-2025 11:00 AM,Orissa Lift Irrigation Corporation,KEONJHAR,758001.0,2.0,"4,34,88,000",South West Pinnacle Exploration Limited,"41,317,603.69",Rejected-Finance,22-Jun-2026,Orissa Lift Irrigation Corporation
2026_ORULB_129135_8,NLGN _1/2026-27,Repair of CC road from Karuna Swain House to Balaji Matha in W.No.05 under Nilgiri NAC.,Repair of CC road from Karuna Swain House to Balaji Matha in W.No.05 under Nilgiri NAC.,Works,Open Tender,Percentage,Civil Works - Roads,No,No,NA ,11-May-2026 03:00 PM,NA ,120.0,No ,No,Online,25-May-2026 11:00 AM,Municipal Bodies||Nilgiri NAC,Nilgiri NAC,756040.0,1.0,"2,36,101",PARTHASARATHI NAYAK,"236,101",Rejected-AOC,13-Jul-2026,Municipal Bodies||Nilgiri NAC
2026_OMC_127160_1,OMC/E-PROC/CP/042/2025-26 Dtd. 10/03/2026,"Preparation, approval and obtaining certificate of Final Mine Closure Plan (FMCP) for various mines of OMC","Preparation, approval and obtaining certificate of Final Mine Closure Plan (FMCP) for various mines of OMC",Services,Open Tender,Item Rate,Miscellaneous Services,No,No,NA ,11-Mar-2026 04:30 PM,24-Mar-2026 11:30 AM ,180.0,No ,No,Online,17-Apr-2026 05:00 PM,Orissa Mining Corporation,"OMC Ltd., Bhubaneswar",751001.0,2.0,,my world consultancy services private limited,"3,171,910.8",Rejected-Finance,07-Jul-2026,Orissa Mining Corporation
2026_ORULB_126953_11,EOBRP/07/2025-26,Covering of drain from shyama chowk to college chowk in ward no 3,Covering of drain from shyama chowk to college chowk in ward no 3,Works,Open Tender,Percentage,Civil Works - Others,No,No,NA ,07-Mar-2026 11:00 AM,NA ,90.0,No ,No,Online,16-Mar-2026 03:00 PM,Municipal Bodies||Barpali NAC,Barpali,768029.0,1.0,"4,03,665",SHIBARATRI SETH (SC),"300,761.45",Rejected-AOC,17-Jul-2026,Municipal Bodies||Barpali NAC
2026_CEBMT_128388_1,EEBOD-02/26-27,Flood Protection work to the Right bank of River Mahanadi near village Dambarugarh inbetween RD 22.200KM to 22.500km of Talasarada G.P Under Boudh Block.,River Embankment,Works,Open Tender,Percentage,Civil Works - Others,No,No,NA ,27-Apr-2026 11:00 AM,NA ,90.0,No ,No,Online,14-May-2026 11:00 AM,"CE-BM, Tel Basin,Bhawanipatna||SE Balangir Irr Circle Balangir||EE Boudh Irr Divn Boudh",Boudh,762014.0,2.0,"79,83,000",BIREN KUMAR BARIK,"7,975,260.8",Rejected-Finance,10-Jul-2026,"CE-BM, Tel Basin,Bhawanipatna||SE Balangir Irr Circle Balangir||EE Boudh Irr Divn Boudh"
2026_PZPGN_127378_4,"BDO, Gunupur-online-04/2025-26",Construction of Subhadra Shakti Kendra at J.N.Pur with Market Complex of J.N.Pur G.P.,Construction of Subhadra Shakti Kendra at J.N.Pur with Market Complex of J.N.Pur G.P.,Works,Open Tender,Percentage,Civil Works - Buildings,No,No,NA ,18-Mar-2026 10:00 AM,NA ,90.0,No ,No,Online,04-Apr-2026 11:00 AM,Panchayati Raj and Drinking Water Department Odisha||Zilla Parisad Rayagada||GUNUPUR Block,Jagannathpur,765022.0,1.0,"20,83,672",JANADI BINOD KUMAR,"2,083,672",Rejected-Finance,14-Jul-2026,Panchayati Raj and Drinking Water Department Odisha||Zilla Parisad Rayagada||GUNUPUR Block
2026_CERWI_126333_19,Online Tender/47-2025-26/BPR,Construction of PWD Road to Maa Senapati Nandir road in the District of Ganjam under MMSY-TRIP for the year 2025-26,Construction of PWD Road to Maa Senapati Nandir road in the District of Ganjam under MMSY-TRIP for the year 2025-26,Works,National Competitive Bid,Percentage,Civil Works - Roads,No,No,NA ,20-Feb-2026 10:00 AM,NA ,90.0,No ,No,Online,02-Mar-2026 11:00 AM,CE RW I||RWCIRCLE-BERHAMPUR,Ganjam,760011.0,2.0,"4,17,18,000",BIJAY KUMAR SAHOO,"35,464,066",Rejected-AOC,22-Jul-2026,CE RW I||RWCIRCLE-BERHAMPUR
2026_EICCL_129767_1,Bid Id No. SE- 01/2026-27,"Repair to Lord Jagannath Temple and Radha Mohon Temple, Baripada for the Car Festival for the year 2026-27 (such as Plastering and Painting)","Repair to Lord Jagannath Temple and Radha Mohon Temple, Baripada for the Car Festival for the year 2026-27 (such as Plastering and Painting)",Works,Open Tender,Percentage,Civil Works - Buildings,No,No,NA ,25-May-2026 11:30 AM,NA ,90.0,No ,No,Online,09-Jun-2026 11:00 AM,EIC-CIVIL||SERNB-CIRCLE-EASTERN||EERNB-DIVN-BARIPADA,Baripada,757001.0,1.0,,SURAJIT DANDAPAT,"1,884,561",Rejected-Finance,13-Jul-2026,EIC-CIVIL||SERNB-CIRCLE-EASTERN||EERNB-DIVN-BARIPADA
2026_OSAMB_125922_1,01/OSAMB/2025-26,"Construction of 1000 MT Godown at Madhapur PACS of Angul District, 500 MT at Kandarpur SCS of Cuttack District, 1000 MT Godown at Sukruli LAMPS of Mayurbhanj District and 1000 MT Godown at Kantapainara SCS of Puri District","Construction of 1000 MT Godown at Madhapur PACS of Angul District, 500 MT at Kandarpur SCS of Cuttack District, 1000 MT Godown at Sukruli LAMPS of Mayurbhanj District and 1000 MT Godown at Kantapainara SCS of Puri District",Works,Open Tender,Percentage,Civil Works - Others,No,No,NA ,13-Feb-2026 10:00 AM,NA ,90.0,No ,No,Online,02-Mar-2026 11:30 AM,Odisha State Agricultural Marketing Board,"Angul, Cuttack, Mayurbhanj, Puri District",751030.0,2.0,"3,73,81,191",SATYA PRAKASH AGRAWAL,"32,977,686.78",Accepted-AOC,04-Jul-2026,Odisha State Agricultural Marketing Board
2025_CERWI_123485_8,Online Tender/44-2025-26/BPR,Construction of road from Paikaraipalli to Sankuru road under MMSY-CMRL in the District of Ganjam for the year 2025-26.,Construction of road from Paikaraipalli to Sankuru road under MMSY-CMRL in the District of Ganjam for the year 2025-26.,Works,National Competitive Bid,Percentage,Civil Works - Roads,No,No,NA ,18-Dec-2025 06:55 PM,NA ,90.0,No ,No,Online,30-Dec-2025 11:00 AM,CE RW I||RWCIRCLE-BERHAMPUR,Bhanjanagar,760011.0,2.0,"4,86,52,000",Srinivas Mohapatra,"50,573,046",Accepted-AOC,25-May-2026,CE RW I||RWCIRCLE-BERHAMPUR
2026_CEBBS_128670_12,SE-AID-1/2026-27,Repair to Angul Main Canal from RD 6150m to 13180m of Derjang Irrigation Project.,Repair to Angul Main Canal from RD 6150m to 13180m of Derjang Irrigation Project.,Works,Open Tender,Percentage,Civil Works - Others,No,No,NA ,02-May-2026 11:00 AM,NA ,90.0,No ,No,Online,12-May-2026 11:00 AM,CE and BM Brahmani Basin Samal||SE Angul Irrigation Circle Angul||EE Angul Irrigation Division Angul,Angul,759143.0,1.0,,SANJAYA KUMAR JENA,"947,714",Rejected-Finance,12-Jun-2026,CE and BM Brahmani Basin Samal||SE Angul Irrigation Circle Angul||EE Angul Irrigation Division Angul
2026_CERWI_126502_1,RWCCESNG-35 of 2025-26,Construction of road Goldaru chowk to Ghatbazar Jharkhand border via Ahodartoli,Construction of road Goldaru chowk to Ghatbazar Jharkhand border via Ahodartoli,Works,National Competitive Bid,Percentage,Civil Works - Roads,No,No,NA ,23-Feb-2026 06:30 PM,NA ,90.0,No ,No,Online,11-Mar-2026 11:00 AM,CE RW I||RW-CIRCLE-SUNDARGARH,Rourkela,769004.0,2.0,"2,73,95,762",ROWNAQ PRASAD,"27,395,762.259",Rejected-Finance,09-Jul-2026,CE RW I||RW-CIRCLE-SUNDARGARH
2026_EICCL_125541_1,C.E. (B)- 45/ 2025-26,"COMPREHENSIVE FACILITY MANAGEMENT SERVICES (CFMS) OF TOSHALI BHAWAN, BHUBANESWAR AND CHIEF MINISTERS GRIEVANCE CELL, BHUBANESWAR.","COMPREHENSIVE FACILITY MANAGEMENT SERVICES (CFMS) OF TOSHALI BHAWAN, BHUBANESWAR AND CHIEF MINISTERS GRIEVANCE CELL, BHUBANESWAR.",Services,Open Tender,Lump-sum,Human Resources Supply,No,No,NA ,04-Feb-2026 06:30 PM,10-Feb-2026 11:30 AM ,120.0,No ,No,Online,21-Feb-2026 11:30 AM,EIC-CIVIL,BHUBANESWAR,751001.0,2.0,,PREMIER SECURITY SERVICES,"2,019,963",Rejected-Finance,21-Jul-2026,EIC-CIVIL
2026_CERWI_125631_1,DMGH / Online-14 of 2025-26,Construction of 1 Nos D type Qtr. Building at Dhansuli PHC for the year 2025-26,Construction of 1 Nos D type Qtr. Building at Dhansuli PHC for the year 2025-26,Works,National Competitive Bid,Percentage,Civil Works - Buildings,No,No,NA ,06-Feb-2026 10:00 AM,NA ,90.0,No ,No,Online,19-Feb-2026 11:00 AM,CE RW I||RWCIRCLE-BHAWANIPATNA||RWDIVISION-DHARMAGARH,Kalahandi,766015.0,1.0,"33,89,615",HITESWAR PRASAD MAHAUTY,"3,016,757",Rejected-Finance,25-May-2026,CE RW I||RWCIRCLE-BHAWANIPATNA||RWDIVISION-DHARMAGARH
2026_CEBMT_127866_11,EEBOD-01/26-27,Construction of CC lining and repair to canal structure within RD 1100m to 1680m of Kantha minor and RD 1500m to 2000m of Ainlapali minor of SIP.,Repair of canal structure,Works,Open Tender,Percentage,Civil Works - Canal,No,No,NA ,10-Apr-2026 11:00 AM,NA ,90.0,No ,No,Online,27-Apr-2026 11:00 AM,"CE-BM, Tel Basin,Bhawanipatna||SE Balangir Irr Circle Balangir||EE Boudh Irr Divn Boudh",Boudh,762014.0,1.0,"37,82,000",MINAKSHEE PRADHAN,"3,777,804.13",Rejected-Finance,09-Jul-2026,"CE-BM, Tel Basin,Bhawanipatna||SE Balangir Irr Circle Balangir||EE Boudh Irr Divn Boudh"
2026_PZPGN_127378_11,"BDO, Gunupur-online-04/2025-26",Construction of Subhadra Shakti Kendra at Abada with Market Complex of Abada G.P.,Construction of Subhadra Shakti Kendra at Abada with Market Complex of Abada G.P.,Works,Open Tender,Percentage,Civil Works - Buildings,No,No,NA ,21-Mar-2026 10:00 AM,NA ,90.0,No ,No,Online,04-Apr-2026 11:00 AM,Panchayati Raj and Drinking Water Department Odisha||Zilla Parisad Rayagada||GUNUPUR Block,Abada,765022.0,1.0,"21,84,455",SAMARENDRA BISWAJIT BISWAL,"2,184,455",Rejected-Finance,14-Jul-2026,Panchayati Raj and Drinking Water Department Odisha||Zilla Parisad Rayagada||GUNUPUR Block
2025_CERWI_123408_1,Tender Online 13 JJPT of 2025-26,"Construction of Addl. Smart Classroom and Upgradation of Existing Classrooms to Smart classrooms, e-Library, Science Laboratories, Provision of Toilets, Drinking water facilities and Development of Playground of Sadhu Goureswar Degree College, Kanik","Construction of Addl. Smart Classroom and Upgradation of Existing Classrooms to Smart classrooms, e-Library, Science Laboratories, Provision of Toilets, Drinking water facilities and Development of Playground of Sadhu Goureswar Degree College, Kanik",Works,Open Tender,Percentage,Civil Works - Buildings,No,No,NA ,18-Dec-2025 09:00 AM,NA ,90.0,No ,No,Online,24-Dec-2025 11:30 AM,CE RW I||RWCIRCLE-KENDRAPARA||RWDIVISION I JAJPUR,JAJPUR,755007.0,2.0,"83,97,719",DIBYA RANJAN DAS,"7,138,900.81",Accepted-AOC,15-Jul-2026,CE RW I||RWCIRCLE-KENDRAPARA||RWDIVISION I JAJPUR
2025_ORULB_111099_1,MCCMCCTC_Div-IIINo39/2024-25,Repair of Chauliaganj U.P. School in Ward No.42.,Repair of Chauliaganj U.P. School in Ward No.42.,Works,Open Tender,Percentage,Civil Works - Others,No,No,NA ,01-Mar-2025 11:00 AM,NA ,75.0,No ,No,Online,17-Mar-2025 10:00 AM,Municipal Bodies||Cuttack Municipal Corporation,CMC,753012.0,1.0,"7,15,427",BICHITRA NANDA BEHERA,"608,185",Accepted-AOC,08-Jul-2026,Municipal Bodies||Cuttack Municipal Corporation
2026_ORULB_130054_3,RDL NAC- 5/2026-27,Construction of paver Block road with drain from Kumud Nag House towards Sumanta Nag House in ward No 03,Construction of paver Block road with drain from Kumud Nag House towards Sumanta Nag House in ward No 03,Works,Open Tender,Percentage,Civil Works - Roads,No,No,NA ,30-May-2026 10:00 AM,NA ,90.0,No ,No,Online,16-Jun-2026 11:00 AM,Municipal Bodies||Redhakhol NAC,"NAC, Redhakhol",768106.0,1.0,"4,22,008",Lilabati Meher,"500,000",Rejected-Finance,20-Jul-2026,Municipal Bodies||Redhakhol NAC
2026_ORULB_130054_1,RDL NAC- 5/2026-27,Construction of paver Block road from Sishumandir Boundary towards Khedu Behera House at Sundhimunda in ward No 02,Construction of paver Block road from Sishumandir Boundary towards Khedu Behera House at Sundhimunda in ward No 02,Works,Open Tender,Percentage,Civil Works - Roads,No,No,NA ,30-May-2026 10:00 AM,NA ,90.0,No ,No,Online,16-Jun-2026 11:00 AM,Municipal Bodies||Redhakhol NAC,"NAC, Redhakhol",768106.0,1.0,"3,36,922",SUBRAT KUMAR HOTA,"400,000",Rejected-Finance,20-Jul-2026,Municipal Bodies||Redhakhol NAC
2026_CEBBS_128670_10,SE-AID-1/2026-27,Protection to right bank of Badjore nala near Birapala sahi at village Prurunagada of Chhendipada Block.,Protection to right bank of Badjore nala near Birapala sahi at village Prurunagada of Chhendipada Block.,Works,Open Tender,Percentage,Civil Works - Others,No,No,NA ,02-May-2026 11:00 AM,NA ,90.0,No ,No,Online,12-May-2026 11:00 AM,CE and BM Brahmani Basin Samal||SE Angul Irrigation Circle Angul||EE Angul Irrigation Division Angul,Angul,759143.0,1.0,,BIBHUTI BHUSAN SWAIN,"677,567",Rejected-Finance,12-Jun-2026,CE and BM Brahmani Basin Samal||SE Angul Irrigation Circle Angul||EE Angul Irrigation Division Angul
2026_SERIF_127558_3,VI-13(12)/SERIFED/2025-26/456,Establishment of Tasar Facility Centre for women empowerment and livelihood at Sukinda PTRCS Dist Jajpur,Establishment of Tasar Facility Centre for women empowerment and livelihood at Sukinda PTRCS Dist Jajpur,Works,Open Tender,Item Rate,Civil Works - Buildings,No,No,NA ,26-Mar-2026 10:00 AM,NA ,150.0,No ,No,Online,21-Apr-2026 11:30 AM,Odisha Cooperative Tasar and Silk Federation LTD,Sukinda Jajpur,755018.0,2.0,,ARUN KUMAR NAYAK,"28,891,306",Accepted-AOC,18-Jul-2026,Odisha Cooperative Tasar and Silk Federation LTD
2026_ORULB_127316_1,44/SMC_SBP/2025-26,Rejuvenation of Pond in between Dhanupali to Dhama Road,Rejuvenation of Pond in between Dhanupali to Dhama Road,Works,National Competitive Bid,Percentage,Civil Works - Others,No,No,NA ,17-Mar-2026 04:00 PM,NA ,120.0,No ,No,Online,07-Apr-2026 11:00 AM,Municipal Bodies||Sambalpur Municipal Corporation,SAMBALPUR MUNICIPAL CORPORATION,768006.0,2.0,"36,66,564",JEETENDRA DALAI,"3,666,564",Rejected-Technical,31-Jul-2026,Municipal Bodies||Sambalpur Municipal Corporation
2026_CERWI_129609_1,Online Tender 01 RWD SBD 2026 27,SR to Tahasil office building at Narayanpatna for the year 2026-27_building,SR to Tahasil office building at Narayanpatna for the year 2026-27_building,Works,Open Tender,Percentage,Civil Works - Buildings,No,No,NA ,22-May-2026 11:00 AM,NA ,90.0,No ,No,Online,05-Jun-2026 11:00 AM,CE RW I||RWCIRCLE-SUNABEDA||RWDIVISION-SUNABEDA,Sunabeda,763001.0,1.0,"12,70,880",ANU RANA,"735,839",Accepted-AOC,12-Jul-2026,CE RW I||RWCIRCLE-SUNABEDA||RWDIVISION-SUNABEDA
2026_PRBBU_124552_3,TENDER CALL NOTICE NO.BDO-BKD/PS-03 OF 2025-26,3. Construction of Additional Class Building of Ichhapur Upper Primary School of Marichipur G.P. under Balikuda Block,Construction of Additional Class Building of Ichhapur Upper Primary School of Marichipur G.P. under Balikuda Block,Works,Open Tender,Percentage,Civil Works - Buildings,No,No,NA ,14-Jan-2026 10:00 AM,NA ,90.0,No ,No,Online,29-Jan-2026 11:00 AM,Panchayati Raj and Drinking Water Department Odisha||Zilla Parisad Jagatsinghpur||BALIKUDA Block,Balikuda,754108.0,1.0,"14,97,983",SAUMYASHREE BISWAL,"1,273,435",Rejected-Finance,29-Jul-2026,Panchayati Raj and Drinking Water Department Odisha||Zilla Parisad Jagatsinghpur||BALIKUDA Block
2026_CERWI_126031_1,12 of 2025-26,Construction of Sub- Centre Building at Bachhlo in the District of Jagatsinghpur,Construction of Sub- Centre Building at Bachhlo in the District of Jagatsinghpur,Works,Open Tender,Percentage,Civil Works - Buildings,No,No,NA ,16-Feb-2026 11:00 AM,NA ,60.0,No ,No,Online,28-Feb-2026 11:00 AM,CE RW I||RWCIRCLE-CUTTACK||RWDIVISION-JAGATSINGHPUR,Jagatsinghpur,754294.0,1.0,"36,91,958",BULU MOHAPATRA,"3,064,694",Rejected-Technical,14-Jul-2026,CE RW I||RWCIRCLE-CUTTACK||RWDIVISION-JAGATSINGHPUR
2025_EICCL_116853_1,CE-ROADS-II-09/2025-26,Improvement of Dhodra-Singsari road from 10/000 km to 22/601 km (excluding from 14/685 km to 15/115 km) in the district of Nabarangpur under State Plan,Improvement of Dhodra-Singsari road from 10/000 km to 22/601 km (excluding from 14/685 km to 15/115 km) in the district of Nabarangpur under State Plan,Works,Open Tender,Percentage,Civil Works - Roads,No,No,NA ,14-Aug-2025 05:00 PM,NA ,90.0,No ,No,Online,02-Sep-2025 11:30 AM,EIC-CIVIL,Nabarangpur Division,751001.0,2.0,"14,78,41,079",SUBHRANSHU NAYAK,"125,679,701",Rejected-AOC,10-Jul-2026,EIC-CIVIL
2026_CEMIB_129278_4,SEMIDPDP-01/2026-27,Construction of BANJIMAL KHADIAPARA in-stream storage structure (Low height check Dam) over Brahmani nalla near village Lakhanpur in Ambabhona Block of Bargarh District under MATY-3.0 Scheme for the year 2026-27,Construction of BANJIMAL KHADIAPARA in-stream storage structure (Low height check Dam) over Brahmani nalla near village Lakhanpur in Ambabhona Block of Bargarh District under MATY-3.0 Scheme for the year 2026-27,Works,Open Tender,Percentage,Civil Works - Others,No,No,NA ,14-May-2026 11:00 AM,NA ,90.0,No ,No,Online,29-May-2026 11:00 AM,"CE,Minor Irrigation,BBSR||Balangir Minor Irrigation Circle Balangir||MI Division Padampur",Block Ambabhona Near Vill-Lakhanpur,768052.0,2.0,"88,08,732",PRITI AGRAWAL,"8,676,601",Rejected-Technical,06-Jun-2026,"CE,Minor Irrigation,BBSR||Balangir Minor Irrigation Circle Balangir||MI Division Padampur"
2026_ORULB_126953_13,EOBRP/07/2025-26,Covering of drain from murli suna to janta kalet in ward no 3,Covering of drain from murli suna to janta kalet in ward no 3,Works,Open Tender,Percentage,Civil Works - Others,No,No,NA ,07-Mar-2026 11:00 AM,NA ,90.0,No ,No,Online,16-Mar-2026 03:00 PM,Municipal Bodies||Barpali NAC,Barpali,768029.0,1.0,"2,69,271",JITEN SUNA,"200,514.03",Rejected-AOC,17-Jul-2026,Municipal Bodies||Barpali NAC
2025_CERWI_121658_5,Online Tender/29-2025-26/BPR,Improvement to L044-Chikalakhandi to Jharapokhari road in the District of Ganjam under MMSY-Improvement to Existing RD Road for the year 2025-26.,Improvement to L044-Chikalakhandi to Jharapokhari road in the District of Ganjam under MMSY-Improvement to Existing RD Road for the year 2025-26.,Works,National Competitive Bid,Percentage,Civil Works - Roads,No,No,NA ,20-Nov-2025 06:00 PM,NA ,90.0,No ,No,Online,02-Dec-2025 11:00 AM,CE RW I||RWCIRCLE-BERHAMPUR,Ganjam,760011.0,2.0,"5,01,87,000",Jajati Kesari Nayak,"52,680,676",Rejected-AOC,17-Jul-2026,CE RW I||RWCIRCLE-BERHAMPUR
2026_CERWI_125577_1,Tender Online RCK-01/26,Construction of 1 no. of C Type Qtr. for Civil Judge Jr. Divn. -Cum- J.M.F.C at Aul in the Dist. of Kendrapara for the year 2025-26.,Construction of Building works,Works,National Competitive Bid,Percentage,Civil Works - Buildings,No,No,NA ,05-Feb-2026 02:00 PM,NA ,90.0,No ,No,Online,20-Feb-2026 11:00 AM,CE RW I||RWCIRCLE-KENDRAPARA,Kendrapara,754211.0,2.0,"2,66,84,569",UDIT NARAYAN PRADHAN,"21,982,748",Rejected-Finance,24-Jun-2026,CE RW I||RWCIRCLE-KENDRAPARA
2026_CEBMT_128388_3,EEBOD-02/26-27,Flood Protection work to the Right Bank of River Mahanadi near village Gobindpur inbetween RD 39.00KM to 39.7km of Khuntabandha G.P under Boudh Block.,River Embankment,Works,Open Tender,Percentage,Civil Works - Others,No,No,NA ,27-Apr-2026 11:00 AM,NA ,90.0,No ,No,Online,14-May-2026 11:00 AM,"CE-BM, Tel Basin,Bhawanipatna||SE Balangir Irr Circle Balangir||EE Boudh Irr Divn Boudh",Boudh,762014.0,2.0,"79,83,000",KUNDAN KUMAR AGRAWALLA,"7,975,701.17",Rejected-Finance,10-Jul-2026,"CE-BM, Tel Basin,Bhawanipatna||SE Balangir Irr Circle Balangir||EE Boudh Irr Divn Boudh"
2025_RWSS_116520_1,BID NO 11 OF 2025-26,SUPPLY ALL MATERIALS LABOUR T AND P ERECTION TESTING AND COMMISSIONING OF EXTERNAL POWER SUPPLY TO VILLAGE LAKHANPUR SOURCE GP SINGHAMUNDA UNDER DEOGAON BLOCK IN BALANGIR DISTRICT,SUPPLY ALL MATERIALS LABOUR T AND P ERECTION TESTING AND COMMISSIONING OF EXTERNAL POWER SUPPLY TO VILLAGE LAKHANPUR SOURCE GP SINGHAMUNDA UNDER DEOGAON BLOCK IN BALANGIR DISTRICT,Works,National Competitive Bid,Percentage,Electrical Works,No,No,NA ,06-Aug-2025 11:30 AM,NA ,90.0,No ,No,Online,18-Aug-2025 11:00 AM,Rural Water Supply and Sanitation||RWSS Circle Bolangir||RWSS Division Bolangir,LAKHANPUR UNDER DEOGAON BLOCK,767029.0,1.0,"17,54,509",M/S SAMBEET SUPPLIERS,"1,491,508",Rejected-Finance,18-Jul-2026,Rural Water Supply and Sanitation||RWSS Circle Bolangir||RWSS Division Bolangir
2025_STSCD_122020_4,ITDAMKG-08/2025-26,Const. of New Hostel at UGHS- RSC-06,Const. of New Hostel at UGHS- RSC-06 in Chitrakonda Block,Works,Open Tender,Percentage,Civil Works - Buildings,No,No,NA ,26-Nov-2025 03:00 PM,NA ,120.0,No ,No,Online,16-Dec-2025 11:00 AM,ST and SC Development Deptt||ITDA MALKANGIRI,Malkangiri,764045.0,2.0,"1,38,48,965",Kiran Kumar Gouda,"11,773,005",Rejected-Technical,18-Jul-2026,ST and SC Development Deptt||ITDA MALKANGIRI
2026_CEBBS_129136_8,SE-AID-2/2026-27,Repair to Hinsei Minor in between RD 2500m to 4050m of Left Main Canal of Manjore Irrigation Project.,Repair to Hinsei Minor in between RD 2500m to 4050m of Left Main Canal of Manjore Irrigation Project.,Works,Open Tender,Percentage,Civil Works - Canal,No,No,NA ,13-May-2026 11:00 AM,NA ,90.0,No ,No,Online,25-May-2026 09:00 AM,CE and BM Brahmani Basin Samal||SE Angul Irrigation Circle Angul||EE Angul Irrigation Division Angul,Angul,759143.0,1.0,,SUBHASHREE SAHOO,"672,389",Rejected-Finance,22-Jun-2026,CE and BM Brahmani Basin Samal||SE Angul Irrigation Circle Angul||EE Angul Irrigation Division Angul
2025_ORULB_121859_28,ODULB_KGM_19/2025-2026,Special Repair of Road at Brundaban Bihar in Ward No-15,Special Repair of Road at Brundaban Bihar in Ward No-15,Works,Open Tender,Percentage,Civil Works - Others,No,No,NA ,08-Dec-2025 03:00 PM,NA ,120.0,No ,No,Online,19-Dec-2025 11:00 AM,Municipal Bodies||Keonjhargarh Municipal Council,KEONJHARGARH MUNICIPALITY,758001.0,1.0,"5,09,200",NARENDRA NAIK,"422,881.74",Accepted-AOC,27-Jul-2026,Municipal Bodies||Keonjhargarh Municipal Council
2025_CERWI_123515_3,Tender Online RWC-27-25,Improvement to Ramachandrapur-Kalapathar road 0.000 to 6.00 km in the district of Cuttack under MMSY-Improvement Existing RD road for the year 2025-26,Improvement to Ramachandrapur-Kalapathar road 0.000 to 6.00 km in the district of Cuttack under MMSY-Improvement Existing RD road for the year 2025-26,Works,National Competitive Bid,Percentage,Civil Works - Roads,No,No,NA ,19-Dec-2025 05:00 PM,NA ,90.0,No ,No,Online,06-Jan-2026 11:30 AM,CE RW I||RWCIRCLE-CUTTACK,Cuttack,753004.0,2.0,"6,47,00,373",A R Thermosets Private Limited,"67,864,222",Accepted-AOC,02-Jul-2026,CE RW I||RWCIRCLE-CUTTACK
2026_CERWI_130994_1,Online Tender 04/2026-27,"Construction of Toilet Block, 8th. Bn. Chatrapur_building","Construction of Toilet Block, 8th. Bn. Chatrapur_building",Works,National Competitive Bid,Percentage,Civil Works - Buildings,No,No,NA ,04-Jun-2026 01:00 PM,NA ,90.0,No ,No,Online,18-Jun-2026 11:00 AM,CE RW I||RWCIRCLE-BERHAMPUR||RWDIVISION-GANJAM - II,Ganjam,760012.0,1.0,"2,51,998",B RAKESH PATRA,"181,438",Rejected-AOC,18-Jul-2026,CE RW I||RWCIRCLE-BERHAMPUR||RWDIVISION-GANJAM - II
2026_OSAMB_125920_1,01/OSAMB/2025-26,Construction Of 2500 MT Godown At Lathikata Pacs Of Sundargarh District And 2500 Mt Godown At Parmanpur Pacs Of Jharsuguda District,Construction Of 2500 MT Godown At Lathikata Pacs Of Sundargarh District And 2500 Mt Godown At Parmanpur Pacs Of Jharsuguda District,Works,Open Tender,Percentage,Civil Works - Others,No,No,NA ,13-Feb-2026 10:00 AM,NA ,90.0,No ,No,Online,02-Mar-2026 11:30 AM,Odisha State Agricultural Marketing Board,Sundargarh and Jharsuguda District,751030.0,2.0,"3,90,70,005",SATYA PRAKASH AGRAWAL,"38,874,654.62",Accepted-AOC,04-Jul-2026,Odisha State Agricultural Marketing Board
2025_CERWI_121350_1,Online Tender/07/SERWD PHULBANI/2025-26,"S/R to Bisipada to Katringia Such as SDBC, ,Protection wall Drain from Ch .0/000 to 3/510 and 5/950 to 8/300 Km for the year 2025-26","S/R to Bisipada to Katringia Such as SDBC, ,Protection wall Drain from Ch .0/000 to 3/510 and 5/950 to 8/300 Km for the year 2025-26",Works,Open Tender,Percentage,Civil Works - Roads,No,No,NA ,15-Nov-2025 06:00 PM,NA ,90.0,No ,No,Online,25-Nov-2025 11:30 AM,CE RW I||RWCIRCLE-BERHAMPUR||RWDIVISION-PHULBANI,"OO the SE,RWD,PHULBANI",762001.0,2.0,"79,83,000",TARAKANTA GURU,"6,786,182.69",Rejected-Technical,01-Jul-2026,CE RW I||RWCIRCLE-BERHAMPUR||RWDIVISION-PHULBANI
2026_EICCL_124248_2,CE-BRIDGES-12/2025-26,Construction of H. L. Bridge over Power Channel at 3.660km on Burla link road (ODR) in the District of Sambalpur under State Plan for the year 2023-24,Construction of H. L. Bridge over Power Channel at 3.660km on Burla link road (ODR) in the District of Sambalpur under State Plan for the year 2023-24,Works,Open Tender,Percentage,Civil Works - Bridges,No,No,NA ,21-Jan-2026 12:30 PM,NA ,90.0,No ,No,Online,18-Feb-2026 11:30 AM,EIC-CIVIL||EIC-CIVIL,in the District of Sambalpur,751001.0,2.0,"21,19,70,675",PRATAP PADHIARI,"295,317,544",Rejected-Technical,20-Jul-2026,EIC-CIVIL||EIC-CIVIL
2025_CERWI_121396_12,BLGR-Online-30/2025-26,Construction of Road from Bahubasa PMGSY Road to Dhanabasa Road in the district of Subarnapur under MMSY-TRIP for the year 2025-26,Construction of Road from Bahubasa PMGSY Road to Dhanabasa Road in the district of Subarnapur under MMSY-TRIP for the year 2025-26,Works,National Competitive Bid,Percentage,Civil Works - Roads,No,No,NA ,28-Nov-2025 03:00 PM,NA ,90.0,No ,No,Online,11-Dec-2025 11:00 AM,CE RW I||RWCIRCLE-BALANGIR,Sonepur,767033.0,2.0,"2,98,28,000",BALAMAKUNDA PUROHIT,"31,307,463",Rejected-Finance,16-Feb-2026,CE RW I||RWCIRCLE-BALANGIR
2026_ORULB_129299_6,BM_04_2026_27,Construction of Drain with Cover Slab and Culvert from OT Road Odisha Cycle Store to LIC Office Mahanal via Tax Colony and Patel Colony in Ward No 17,Construction of Drain with Cover Slab and Culvert from OT Road Odisha Cycle Store to LIC Office Mahanal via Tax Colony and Patel Colony in Ward No 17,Works,Open Tender,Percentage,Civil Works - Roads,No,No,NA ,14-May-2026 05:00 PM,NA ,90.0,No ,No,Online,30-May-2026 11:00 AM,Municipal Bodies||Balasore Municipality,Balasore Municipality,756003.0,2.0,"76,27,119",DINESH KUMAR BEHERA,"6,483,813.7",Accepted-AOC,17-Jul-2026,Municipal Bodies||Balasore Municipality
2026_CEMWR_127191_1,SE/MDA-08(9)/2025-26,HYDROMECHANICAL GATE WORK,"Supply, Fabrication and Erection of 4 HR Gates and Hoists of Kumbharguda Check Dam at Korukonda Block of Malkangiri District under Minor Irrigation Division, Malkangiri",Works,Open Tender,Percentage,Mechanical Works,No,No,NA ,12-Mar-2026 10:00 AM,NA ,90.0,No ,No,Online,23-Mar-2026 12:00 PM,Chief Engineer Mech - WR Bhubaneswar||SE Mechanical Circle Bhubaneswar||EE Mechanical Division Berhampur,"Korukonda Block, Malkanagiri",764045.0,1.0,"8,13,628",M/S SAIKRUPA ENTERPRISERS (PROP.UMESH CHANDRA SWAIN),"813,628",Rejected-Finance,04-Jul-2026,Chief Engineer Mech - WR Bhubaneswar||SE Mechanical Circle Bhubaneswar||EE Mechanical Division Berhampur
2026_EICCL_128151_5,SE R and B Divn NoI Bam 2/2026-27,"Supply, installation, testing and Commissioning of Autostart, Smokeless, Soundless 82.5KVA,415V(3Ph) DG set with AMF panel to Special Circuit House at Berhampur District- Ganjam.","Supply, installation, testing and Commissioning of Autostart, Smokeless, Soundless 82.5KVA,415V(3Ph) DG set with AMF panel to Special Circuit House at Berhampur District- Ganjam.",Works,Open Tender,Percentage,Electrical Works,No,No,NA ,15-Apr-2026 06:00 PM,NA ,90.0,No ,No,Online,23-Apr-2026 11:30 AM,EIC-CIVIL||SERNB-CIRCLE-BERHAMPUR||EERNB-DIVN-GANJAM I,Berhampur,760005.0,1.0,"17,25,000",ABC CONSTRUCTIONS,"1,725,000",Accepted-AOC,02-Jul-2026,EIC-CIVIL||SERNB-CIRCLE-BERHAMPUR||EERNB-DIVN-GANJAM I
2026_EICCL_131166_1,SC RandB GM-II-5/2026-27,S/R to buildings such as Provision of lightening arrester system at Boys Hostel No.1 of Parala Maharaja Engineering College at Berhampur (Sitalapalli),S/R to buildings such as Provision of lightening arrester system at Boys Hostel No.1 of Parala Maharaja Engineering College at Berhampur (Sitalapalli),Works,Open Tender,Percentage,Electrical Works,No,No,NA ,05-Jun-2026 11:00 AM,NA ,90.0,No ,No,Online,12-Jun-2026 11:30 AM,EIC-CIVIL||SERNB-CIRCLE-BERHAMPUR||EERNB-DIVN-GANJAM II,Ganjam,760005.0,1.0,"3,91,838",SUJIT KUMAR NAHAK,"249,600",Rejected-AOC,31-Jul-2026,EIC-CIVIL||SERNB-CIRCLE-BERHAMPUR||EERNB-DIVN-GANJAM II
2026_CEEBO_128383_8,LSRRC AND BD-BGR-1/2026-27,"Construction of Anganwadi Centre building at the RR Colony Hardatal of LSIP, Balangir.","Construction of Anganwadi Centre building at the RR Colony Hardatal of LSIP, Balangir.",Works,Open Tender,Percentage,Civil Works - Buildings,No,No,NA ,27-Apr-2026 10:00 AM,06-May-2026 11:00 AM ,90.0,No ,No,Online,12-May-2026 10:30 AM,"CCE, L Suktel Irr.Project,Bolangir||CCE,L Sukhtel,Bolangir||EE, RR C and B Divn",Hardatal,767001.0,1.0,"16,13,254",ASITA BEHERA,"1,611,641",Rejected-AOC,17-Jun-2026,"CCE, L Suktel Irr.Project,Bolangir||CCE,L Sukhtel,Bolangir||EE, RR C and B Divn"
2026_EICCL_126160_1,Bid Identification No PWDK- 35 / 2025-26.,"Provision of 58.5KVA DG Set at Collectorate premises, Keonjhar for the year 2025-26.","Provision of 58.5KVA DG Set at Collectorate premises, Keonjhar for the year 2025-26.",Works,Open Tender,Percentage,Civil Works - Buildings,No,No,NA ,17-Feb-2026 02:00 PM,NA ,90.0,No ,No,Online,07-Mar-2026 10:30 AM,EIC-CIVIL||SERNB-CIRCLE-KEONJHAR||EERNB-DIVN-KEONJHAR,Keonjhar,758001.0,1.0,"10,82,781",MAA GOURI ELECTRICALS,"1,082,672.72",Accepted-AOC,04-Jul-2026,EIC-CIVIL||SERNB-CIRCLE-KEONJHAR||EERNB-DIVN-KEONJHAR
2026_CERWI_128428_1,KNR-30/25-26,Construction of Classroom at Womens Degree College Building Kamakhyanagar for the year 2025-26 in the district of Dhenkanal.,Construction of Classroom at Womens Degree College Building Kamakhyanagar for the year 2025-26 in the district of Dhenkanal.,Works,Open Tender,Percentage,Civil Works - Buildings,No,No,NA ,24-Apr-2026 11:20 AM,NA ,90.0,No ,No,Online,06-May-2026 11:00 AM,CE RW I||RWCIRCLE-ANGUL||RWDIVISION-KAMAKSHYANAGAR,Kamakhyanagar,759018.0,1.0,"6,20,074",RASHMITA ROUT,"620,074",Rejected-Technical,23-Jul-2026,CE RW I||RWCIRCLE-ANGUL||RWDIVISION-KAMAKSHYANAGAR
2026_CEBBS_129635_2,SE-AID-3/2026-27,Construction of Trough wall to Kunua Sub-Minor II from RD 755m to RD 840m of Sapua Badjore Irrigation Project. Working RD from 755m to 877.5m,Construction of Trough wall to Kunua Sub-Minor II from RD 755m to RD 840m of Sapua Badjore Irrigation Project. Working RD from 755m to 877.5m,Works,Open Tender,Percentage,Civil Works - Canal,No,No,NA ,25-May-2026 11:00 AM,NA ,90.0,No ,No,Online,04-Jun-2026 09:00 AM,CE and BM Brahmani Basin Samal||SE Angul Irrigation Circle Angul||EE Angul Irrigation Division Angul,Angul,759143.0,1.0,,SOUMYA RANJAN BEHERA,"899,181",Rejected-Finance,01-Nov-2026,CE and BM Brahmani Basin Samal||SE Angul Irrigation Circle Angul||EE Angul Irrigation Division Angul
2026_EICCL_127125_1,S.E.-KHD-(RandB)-46 /2025-26,"Repairs of District Training Centre, ARD Dept. Of CDVO Office at Khordha","Repairs of District Training Centre, ARD Dept. Of CDVO Office at Khordha",Works,Open Tender,Percentage,Civil Works - Buildings,No,No,NA ,11-Mar-2026 12:00 PM,NA ,90.0,No ,No,Online,23-Mar-2026 11:30 AM,EIC-CIVIL||SERNB-CIRCLE-KHURDA||EERNB DIVN KHURDA,Khordha,752056.0,1.0,"11,57,648",SUKUMARI NAIK,"819,615",Rejected-AOC,28-Jul-2026,EIC-CIVIL||SERNB-CIRCLE-KHURDA||EERNB DIVN KHURDA
2026_ORULB_127203_8,EONM-06/2025-26,Construction of Paver Block Road with Drain Slab from Sanjukta Traders to Krutibas Nayak (Maitri vihar 4th lane) in Ward No-16,CIVIL WORK,Works,Open Tender,Percentage,Civil Works - Others,No,No,NA ,16-Mar-2026 11:00 AM,NA ,90.0,No ,No,Online,26-Mar-2026 11:00 AM,Municipal Bodies||Nabarangpur Municipality,Nabarangpur,764059.0,1.0,"9,65,674",SANJAYA NAYAK,"893,249",Rejected-AOC,29-Jul-2026,Municipal Bodies||Nabarangpur Municipality
2026_CEMIB_125474_2,SEMIDBLS-11/2025- 26,Construction of Muhanabandha Check Dam in Soro Block of Balasore District under MATY Scheme for the year 2025-26,Construction of Muhanabandha Check Dam in Soro Block of Balasore District under MATY Scheme for the year 2025-26,Works,Open Tender,Percentage,Civil Works - Others,No,No,NA ,05-Feb-2026 10:00 AM,NA ,90.0,No ,No,Online,17-Feb-2026 11:00 AM,"CE,Minor Irrigation,BBSR||Baripada Minor Irrigation Circle Baripada||MI Division Balasore",Soro Block,756045.0,1.0,"49,21,691",ULLASH KUMAR SWAIN,"3,814,311",Rejected-Finance,09-Jul-2026,"CE,Minor Irrigation,BBSR||Baripada Minor Irrigation Circle Baripada||MI Division Balasore"
2025_EICCL_123747_1,C.E. (B) - 36 / 2025-26,"Construction of (G plus 4) Building at J.K.B.K. Government College, Cuttack.","Construction of (G plus 4) Building at J.K.B.K. Government College, Cuttack.",Works,Open Tender,Percentage,Civil Works - Buildings,No,No,NA ,23-Dec-2025 06:30 PM,NA ,90.0,No ,No,Online,09-Jan-2026 11:30 AM,EIC-CIVIL,CUTTACK DIST.,753003.0,2.0,"12,85,73,709",Affluent Agents Pvt Ltd,"104,221,849",Accepted-AOC,29-Jul-2026,EIC-CIVIL
2026_ORULB_124105_1,BMC-EE-Tender Cell-59/2025-26 Dt. 30.12.2025,Repairing of Badagada Wealth Centre in Ward No. 44 and 45,Repairing of Badagada Wealth Centre in Ward No. 44 and 45,Works,Open Tender,Percentage,Civil Works - Others,No,No,NA ,03-Jan-2026 10:30 AM,09-Jan-2026 04:00 PM ,120.0,No ,No,Online,16-Jan-2026 11:00 AM,Municipal Bodies||Bhubaneswar Municipal Corporation,BMC AREA,751022.0,1.0,"8,47,603",PRAMODINI BEHERA,"850,246",Accepted-AOC,21-Jul-2026,Municipal Bodies||Bhubaneswar Municipal Corporation
2026_ORULB_128734_7,SNP-MUN-37/2026-27,Construction of Drain from Bastia House to Himanshu Mahapatra House Shanti Nagar W.No-1,Construction of Drain from Bastia House to Himanshu Mahapatra House Shanti Nagar W.No-1,Works,Open Tender,Percentage,Civil Works - Others,No,No,NA ,05-May-2026 11:00 AM,NA ,60.0,No ,No,Online,16-May-2026 11:00 AM,Municipal Bodies||Sonepur Municipal Council,Sonepur Municipality,767017.0,1.0,"5,34,763",JYOTSNARANI PADHAN,"534,763",Rejected-Technical,20-Jul-2026,Municipal Bodies||Sonepur Municipal Council
2026_ORULB_126642_4,BMC-EE-Tender Cell-74/2025-26 dt. 25.02.2026,Peripheral Development of Ranagadia Water body in Ward No. 13,Peripheral Development of Ranagadia Water body in Ward No. 13,Works,Open Tender,Percentage,Civil Works - Others,No,No,NA ,28-Feb-2026 10:30 AM,09-Mar-2026 04:00 PM ,120.0,No ,No,Online,17-Mar-2026 11:00 AM,Municipal Bodies||Bhubaneswar Municipal Corporation,BMC AREA,751022.0,2.0,"75,42,775",BASANTA KUMAR BHOI,"7,297,499",Accepted-AOC,10-Jul-2026,Municipal Bodies||Bhubaneswar Municipal Corporation
2025_OLIC_122878_5,05/2025-26(3555)/OLIC(BDK)/Dt. 02.12.2025,Re-enforcement Works at Package No. 05 under Tihidi Block,Re-enforcement Works at Package No. 05 under Tihidi Block,Works,Open Tender,Turn-key,Civil Works - Lift Irrigation Schemes,No,No,NA ,10-Dec-2025 11:00 AM,NA ,180.0,No ,No,Online,19-Dec-2025 11:00 AM,Orissa Lift Irrigation Corporation||LI BALASORE||LI Division Bhadrak,"L.I. Division, Bhadrak",756100.0,2.0,"9,10,304",CHANDRAGUPTA LENKA,"913,142",Accepted-AOC,27-Jul-2026,Orissa Lift Irrigation Corporation||LI BALASORE||LI Division Bhadrak
2026_CERWI_126585_1,RCK 03/26,Construction of R and B road Gail India to Haripur College Chhak via Baliaposi in the Dist. of Jajpur for the year 2025-26.,Construction of road works,Works,National Competitive Bid,Percentage,Civil Works - Roads,No,No,NA ,25-Feb-2026 09:00 AM,NA ,90.0,No ,No,Online,06-Mar-2026 11:00 AM,CE RW I||RWCIRCLE-KENDRAPARA,Jajpur,755001.0,2.0,"4,97,16,610",PRAGYAN CONSTRUCTION,"49,716,609",Rejected-Finance,08-Jul-2026,CE RW I||RWCIRCLE-KENDRAPARA
2026_CERWI_126111_1,RWCCESNG-32 of 2025-26,Lulkidihi - Jasamara road,Lulkidihi - Jasamara road,Works,National Competitive Bid,Percentage,Civil Works - Roads,No,No,NA ,16-Feb-2026 11:00 AM,NA ,90.0,No ,No,Online,05-Mar-2026 11:00 AM,CE RW I||RW-CIRCLE-SUNDARGARH,Sundergarh,770020.0,2.0,"4,41,37,383",MESSRS AKSHAYA KUMAR PATEL,"44,093,245.691",Rejected-Finance,13-Jul-2026,CE RW I||RW-CIRCLE-SUNDARGARH
2026_EICCL_126414_1,CCE R AND B PLB 19 OF 2025 26,Construction of 6 Nos of F type PWD Staff Quarters (G plus 1) of Baliguda (R and B) Division Baliguda in the District of Kandhamal as per EIC Civil Odisha Lr No 48760 dt 30_12_2025 Buildings,Construction of 6 Nos of F type PWD Staff Quarters (G plus 1) of Baliguda (R and B) Division Baliguda in the District of Kandhamal as per EIC Civil Odisha Lr No 48760 dt 30_12_2025 Buildings,Works,Open Tender,Percentage,Civil Works - Buildings,No,No,NA ,24-Feb-2026 10:00 AM,NA ,90.0,No ,No,Online,11-Mar-2026 11:00 AM,EIC-CIVIL||SERNB-CIRCLE-PHULBANI,Balliguda,762103.0,2.0,"2,09,22,093",Subrata Kumar Mohanty,"17,785,872",Rejected-Finance,18-Jul-2026,EIC-CIVIL||SERNB-CIRCLE-PHULBANI
2026_PRTRB_127051_10,PS-THRMPR-T-3/2025-26,"Construction of Road from Suryagarh to Durmusi School, GP- Maligaon under Th.Rampur Block",Road work,Works,Open Tender,Percentage,Civil Works - Roads,No,No,NA ,10-Mar-2026 11:00 AM,NA ,90.0,No ,No,Online,31-Mar-2026 11:00 AM,Panchayati Raj and Drinking Water Department Odisha||Zilla Parisad Kalahandi||THUAMUL RAMPUR Block,Th.Rampur,766037.0,2.0,"99,40,340",Aakriti Goel,"8,349,885",Rejected-Finance,14-Jul-2026,Panchayati Raj and Drinking Water Department Odisha||Zilla Parisad Kalahandi||THUAMUL RAMPUR Block
2025_CERWI_121204_14,Tender Online RWC-24-25,Improvement to Govindapur Sompur road in the District of Jagatsinghpurunder MMSY-Improvement Existing RD road for the year 2025-26,Improvement to Govindapur Sompur road in the District of Jagatsinghpurunder MMSY-Improvement Existing RD road for the year 2025-26,Works,National Competitive Bid,Percentage,Civil Works - Roads,No,No,NA ,13-Nov-2025 05:45 PM,NA ,90.0,No ,No,Online,05-Dec-2025 11:30 AM,CE RW I||RWCIRCLE-CUTTACK,Jagatsinghpur,754102.0,2.0,"7,77,21,100",AMLAN SAMAL,"77,721,062",Rejected-Finance,29-Jul-2026,CE RW I||RWCIRCLE-CUTTACK
2026_ORULB_125611_37,BRJNRM -05/2025-26,"Construction of road and drain at IB pit, W.No.14",road and drain,Works,Open Tender,Percentage,Civil Works - Others,No,No,NA ,08-Feb-2026 11:00 AM,NA ,90.0,No ,No,Online,21-Feb-2026 11:00 AM,Municipal Bodies||Brajrajnagar Municipality,Brajrajnagar Municipality,768216.0,2.0,"19,90,000",KANHAYA RAJAK,"1,685,472.13",Accepted-AOC,07-Jul-2026,Municipal Bodies||Brajrajnagar Municipality
2026_PRKOK_127989_3,PS-KKSR-T-1/2026-27,"Construction of Addl. Class room at Govt. Upper Primary school Dabriguda, GP- Badpodaguda under Koksara Block",Building,Works,Open Tender,Percentage,Civil Works - Buildings,No,No,NA ,09-Apr-2026 11:00 AM,NA ,90.0,No ,No,Online,24-Apr-2026 11:00 AM,Panchayati Raj and Drinking Water Department Odisha||Zilla Parisad Kalahandi||KOKASARA Block,Koksara,766019.0,1.0,"15,10,406",ABHIMANYU CHHATRIA,"1,193,372",Accepted-AOC,30-Jul-2026,Panchayati Raj and Drinking Water Department Odisha||Zilla Parisad Kalahandi||KOKASARA Block
2026_EICCL_128544_1,Bid Identification No-SE-R AND B-SNG-01 OF 2026-27,Fixing of signage of Government Medical and Hospital at Sundargarh Town Ground Floor to 5th Floor for the year 2025.26,Fixing of signage of Government Medical and Hospital at Sundargarh Town Ground Floor to 5th Floor for the year 2025.26,Works,Open Tender,Percentage,Civil Works - Buildings,No,No,NA ,28-Apr-2026 12:30 PM,NA ,90.0,No ,No,Online,08-May-2026 11:00 AM,EIC-CIVIL||SERNB-CIRCLE-KEONJHAR||EERNB-DIVN-SUNDERGARH,Sundargarh,770001.0,2.0,"53,62,540",MUKESH KUMAR RANA,"5,357,177.46",Rejected-AOC,05-Jul-2026,EIC-CIVIL||SERNB-CIRCLE-KEONJHAR||EERNB-DIVN-SUNDERGARH
2026_EICCL_127875_12,17/KBJ/2025-26(1),Provision for Comprehensive annual maintenace of Fire fighting and alarm system for MCH Building Kantabanji in the District of Balangir,Provision for Comprehensive annual maintenace of Fire fighting and alarm system for MCH Building Kantabanji in the District of Balangir,Works,National Competitive Bid,Percentage,Electrical Works,No,No,NA ,09-Apr-2026 11:00 AM,NA ,90.0,No ,No,Online,21-Apr-2026 11:30 AM,EIC-CIVIL||SERNB-CIRCLE-BOLANGIR||EERNB-DIVISION-KANTABANJI,KANTABANJI,767039.0,1.0,"18,78,987",Padhan Electricals Pvt. Ltd.,"1,689,209",Accepted-AOC,17-Jul-2026,EIC-CIVIL||SERNB-CIRCLE-BOLANGIR||EERNB-DIVISION-KANTABANJI
2026_ORULB_125611_5,BRJNRM -05/2025-26,Renovation of Community Centre at Bhoipada W.No.6.,Community Centre,Works,Open Tender,Percentage,Civil Works - Buildings,No,No,NA ,06-Feb-2026 06:00 PM,NA ,90.0,No ,No,Online,21-Feb-2026 11:00 AM,Municipal Bodies||Brajrajnagar Municipality,Brajrajnagar Municipality,768216.0,2.0,"55,43,000",ASHOK RAM,"4,601,300.99",Accepted-AOC,07-Jul-2026,Municipal Bodies||Brajrajnagar Municipality
2026_EICCL_127500_10,eTCN11 of 2025-2026,"Provision of fire down cumer system Booster pump, fire detection and alarm system, fire extinguisher and Signages at CHC Mahipur in the district of Nayagarh.","Provision of fire down cumer system Booster pump, fire detection and alarm system, fire extinguisher and Signages at CHC Mahipur in the district of Nayagarh.",Works,Open Tender,Percentage,Electrical Works,No,No,NA ,23-Mar-2026 10:30 AM,NA ,90.0,No ,No,Online,04-Apr-2026 11:00 AM,EIC-CIVIL||SERNB-CIRCLE-KHURDA||EE Nayagarh Rnb Division,Nayagarh,752069.0,1.0,"16,76,404",M/S FIRESTOP SALES AND SERVICES,"1,111,456",Rejected-Finance,02-Jul-2026,EIC-CIVIL||SERNB-CIRCLE-KHURDA||EE Nayagarh Rnb Division
2026_EICCL_127497_7,Bid Identification No-SE-R AND B-SNG-35 OF 2025-26,"Supply, Delivery , Installation , Testing and Commissioning of Hydraulic Scissor Lift at Govt, Medical College AND Hospital , Sundargarh for the year 2025.26","Supply, Delivery , Installation , Testing and Commissioning of Hydraulic Scissor Lift at Govt, Medical College AND Hospital , Sundargarh for the year 2025.26",Works,Open Tender,Percentage,Mechanical Works,No,No,NA ,25-Mar-2026 10:00 AM,NA ,90.0,No ,No,Online,07-Apr-2026 11:00 AM,EIC-CIVIL||SERNB-CIRCLE-KEONJHAR||EERNB-DIVN-SUNDERGARH,Sundargarh,770001.0,1.0,"14,24,355",BALBIR SINGH GOG,"1,282,061.94",Accepted-AOC,05-Jul-2026,EIC-CIVIL||SERNB-CIRCLE-KEONJHAR||EERNB-DIVN-SUNDERGARH
2026_CERWI_125713_1,Online-ANG-33/2025-26,Construction of road from Kanchabahali to Kingol via Ramachandi mandira Kingol Road for the year 2025-26 in the district of Dhenkanal.,Construction of road from Kanchabahali to Kingol via Ramachandi mandira Kingol Road for the year 2025-26 in the district of Dhenkanal.,Works,National Competitive Bid,Percentage,Civil Works - Roads,No,No,NA ,07-Feb-2026 01:00 PM,NA ,90.0,No ,No,Online,16-Feb-2026 05:30 PM,CE RW I||RWCIRCLE-ANGUL,Kamakhyanagar,759018.0,2.0,"4,88,88,684",SANTOSH KUMAR BISWAL,"48,888,684",Rejected-AOC,15-Jul-2026,CE RW I||RWCIRCLE-ANGUL
2026_ORULB_127482_49,BLGR MPTY/13(01-73)/2025-26,"Const. of Paver Road and Drain with Cover Slab from Raghu Banchhor Res to Susanta Dash Res Binayak Nagar, W.No.18",Road and Drain with Cover Slab Work,Works,Open Tender,Percentage,Civil Works - Roads,No,No,NA ,24-Mar-2026 11:00 AM,NA ,180.0,No ,No,Online,06-Apr-2026 11:00 AM,Municipal Bodies||Balangir Municipality,Balangir,767001.0,1.0,"12,67,469",RAJENDRA PUROHIT,"1,266,201.38",Rejected-Finance,17-Jul-2026,Municipal Bodies||Balangir Municipality
2025_ORULB_116784_14,MC(CMC)CTC_Div-IIINo.17/25-26,Construction of CC road from Jayanta Bisoi res to Kalia Dash res at Subhadrapur in Ward No.56.,Construction of CC road from Jayanta Bisoi res to Kalia Dash res at Subhadrapur in Ward No.56.,Works,Open Tender,Percentage,Civil Works - Others,No,No,NA ,09-Oct-2025 12:30 PM,NA ,90.0,No ,No,Online,28-Oct-2025 10:00 AM,Municipal Bodies||Cuttack Municipal Corporation,CMC,753012.0,1.0,"15,56,692",BICHITRA NANDA BEHERA,"1,323,344",Rejected-AOC,08-Jul-2026,Municipal Bodies||Cuttack Municipal Corporation
2026_ORULB_129755_6,RGDA-MUN-01/2026-2027,Improvement of road with BM and SDBC and Constructuion of RCC cover slab over drain near Lions Club in w.no-14,Improvement of road with BM and SDBC and Constructuion of RCC cover slab over drain near Lions Club in w.no-14,Works,Open Tender,Percentage,Civil Works - Roads,No,No,NA ,25-May-2026 06:00 PM,NA ,90.0,No ,No,Online,10-Jun-2026 11:30 AM,Municipal Bodies||Rayagada Municipality,RAYAGADA MUNICIPALITY,765001.0,1.0,"14,27,267",MONAJ PANDA,"1,427,267",Rejected-Finance,22-Jul-2026,Municipal Bodies||Rayagada Municipality
2026_OCCL_125835_1,E-Procurement Notice No. 61/OCCL/2025-26 (on-line),e-Procurement Notice No. 61/OCCL/2025-26 (on-line),"Fabrication, machining assembly of 2nd stage embedded parts for Stoplog, leaves, Stoplog latch arrangement, monorail supporting structure for Barrage bay extra bay and monorail walkway for Malaguni Barrage Project",Works,Open Tender,Item Rate,Mechanical Works,No,No,NA ,11-Feb-2026 10:00 AM,NA ,90.0,No ,No,Online,21-Feb-2026 11:30 AM,ODISHA CONSTRUCTION CORPORATION LTD||CIVIL,"Regional Workshop, Jeypore",764001.0,1.0,0.0,NEELAMADHAB ENGINEERING WORKS,"2,696,400",Rejected-Finance,20-Jul-2026,ODISHA CONSTRUCTION CORPORATION LTD||CIVIL
2026_ORULB_127732_8,MC(CMC)CTC_Div-I_No.28/2025-26,Construction of Three Nos of culvert from Nimchaudi to Alamchand Bazar in Ward No. 13.,Construction of Three Nos of culvert from Nimchaudi to Alamchand Bazar in Ward No. 13.,Works,Open Tender,Percentage,Civil Works - Others,No,No,NA ,04-Apr-2026 03:00 PM,NA ,90.0,No ,No,Online,18-Apr-2026 11:00 AM,Municipal Bodies||Cuttack Municipal Corporation,CMC,753012.0,1.0,"6,71,200",SHIBA SANKAR SETHI,"671,204",Accepted-AOC,21-Jul-2026,Municipal Bodies||Cuttack Municipal Corporation
2025_EICCL_116075_4,CCE (R and B) BGR-07-2025-26,CONSTRUCTION OF 4 NOS OF D TYPE STAFF QUARTER AT CHC SINDHEKELA IN THE DISTRICT OF BALANGIR FOR THE YEAR 2025-26.,Building Work,Works,National Competitive Bid,Percentage,Civil Works - Buildings,No,No,NA ,24-Jul-2025 06:55 PM,NA ,90.0,No ,No,Online,08-Aug-2025 11:00 AM,EIC-CIVIL||SERNB-CIRCLE-BOLANGIR,Kantabanji,767039.0,2.0,"1,31,60,643",ABDUL RAFIK,"11,187,862",Accepted-AOC,09-Jun-2026,EIC-CIVIL||SERNB-CIRCLE-BOLANGIR
2026_ORULB_127482_61,BLGR MPTY/13(01-73)/2025-26,"Const. of Road from Satya Chandan Res to Gajalaxmi Puja Chowk, Rugudipara, W.No.19",Road Work,Works,Open Tender,Percentage,Civil Works - Roads,No,No,NA ,24-Mar-2026 11:00 AM,NA ,180.0,No ,No,Online,06-Apr-2026 11:00 AM,Municipal Bodies||Balangir Municipality,Balangir,767001.0,1.0,"5,49,156",AJIT KUMAR TRIPATHY,"548,607.18",Rejected-Finance,02-Jul-2026,Municipal Bodies||Balangir Municipality
2026_EICCL_126694_1,SC RandB GM-II-31/2025-26,S/R to Lanjipalli Chhaka to Goods Shed Road such as Providing Paver Block path and Painting work Below ROB-312,S/R to Lanjipalli Chhaka to Goods Shed Road such as Providing Paver Block path and Painting work Below ROB-312,Works,Open Tender,Percentage,Civil Works - Roads,No,No,NA ,27-Feb-2026 10:00 AM,NA ,90.0,No ,No,Online,07-Mar-2026 11:30 AM,EIC-CIVIL||SERNB-CIRCLE-BERHAMPUR||EERNB-DIVN-GANJAM II,Ganjam,760005.0,1.0,"32,80,226",B RAKESH PATRA,"2,427,367",Accepted-AOC,21-Jul-2026,EIC-CIVIL||SERNB-CIRCLE-BERHAMPUR||EERNB-DIVN-GANJAM II
2025_EICCL_116075_5,CCE (R and B) BGR-07-2025-26,CONSTRUCTION OF 4 NOS OF E TYPE STAFF QUARTER AT CHC SINDHEKELA IN THE DISTRICT OF BALANGIR FOR THE YEAR 2025-26.,Building Work,Works,National Competitive Bid,Percentage,Civil Works - Buildings,No,No,NA ,24-Jul-2025 06:55 PM,NA ,90.0,No ,No,Online,08-Aug-2025 11:00 AM,EIC-CIVIL||SERNB-CIRCLE-BOLANGIR,Kantabanji,767039.0,2.0,"1,15,17,912",M/S RAMESH KUMAR AGRAWAL,"9,791,377",Rejected-Finance,13-Mar-2026,EIC-CIVIL||SERNB-CIRCLE-BOLANGIR
2026_CEDC_129055_5,e-Procurement Notice No. 01/2026-27,Decongestion during monsoon of Tipisira Nalla of Aska Town.,DECONGESTION WORK,Works,National Competitive Bid,Percentage,Civil Works - Others,No,No,NA ,11-May-2026 10:00 AM,NA ,90.0,No ,No,Online,28-May-2026 11:30 AM,"CE,Drainage,Cuttack||SE Drainage Circle Bhubaneswar||EE Drainage Divn. Berhampur",ASKA,760004.0,1.0,"4,96,613",Simadri Sethi,"387,358",Rejected-Finance,30-Jul-2026,"CE,Drainage,Cuttack||SE Drainage Circle Bhubaneswar||EE Drainage Divn. Berhampur"
2026_ORULB_129755_7,RGDA-MUN-01/2026-2027,Improvement of road with CC interlocking paver block with one side drain from Ring Road to Swami Vivekananda School lane in w.no-11,Improvement of road with CC interlocking paver block with one side drain from Ring Road to Swami Vivekananda School lane in w.no-11,Works,Open Tender,Percentage,Civil Works - Roads,No,No,NA ,25-May-2026 06:00 PM,NA ,90.0,No ,No,Online,10-Jun-2026 11:30 AM,Municipal Bodies||Rayagada Municipality,RAYAGADA MUNICIPALITY,765001.0,1.0,"10,17,679",RADHA KRUSHNA SAHU,"1,017,679",Rejected-Finance,10-Jul-2026,Municipal Bodies||Rayagada Municipality
2026_CEMWR_127665_1,ACEM/MDL-62/2025-26,"Supply, fabrication, and erection of Gate and Hoist of Kunardihi Check Dam of Saraskana Block under Minor Irrigation Division Mayurbhanj for the year-2025-26.","Supply, fabrication, and erection of Gate and Hoist of Kunardihi Check Dam of Saraskana Block under Minor Irrigation Division Mayurbhanj for the year-2025-26.",Works,Open Tender,Percentage,Mechanical Works,No,No,NA ,30-Mar-2026 10:00 AM,NA ,90.0,No ,No,Online,17-Apr-2026 11:00 AM,Chief Engineer Mech - WR Bhubaneswar||SE Mechanical Circle Bhubaneswar,"SARASKANA BLOCK, MAYURBHANJ",757051.0,1.0,"17,84,456",M/s. ASHIRBAD INDUSTRIES Prp. PRAKASH CHANDRA LENKA,"1,784,456",Rejected-Finance,07-Jul-2026,Chief Engineer Mech - WR Bhubaneswar||SE Mechanical Circle Bhubaneswar
2026_ORULB_127482_48,BLGR MPTY/13(01-73)/2025-26,"Const. of Paver Road and Drain with Cover Slab from Prabin Rout Res To Narasingh Tripathy Res Binayak Nagar, W.No.18",Road and Drain with Cover Slab Work,Works,Open Tender,Percentage,Civil Works - Roads,No,No,NA ,24-Mar-2026 11:00 AM,NA ,180.0,No ,No,Online,06-Apr-2026 11:00 AM,Municipal Bodies||Balangir Municipality,Balangir,767001.0,1.0,"8,45,727",SRI HAREKRUSHNA ADJUED,"844,881.41",Rejected-Finance,17-Jul-2026,Municipal Bodies||Balangir Municipality
2026_CEEBO_128392_1,LSRRC AND BD-BGR-2/2026-27,"Construction of Primary School in the RR Colony, Dhulusar of LSP, Balangir.","Construction of Primary School in the RR Colony, Dhulusar of LSP, Balangir.",Works,Open Tender,Percentage,Civil Works - Buildings,No,No,NA ,27-Apr-2026 10:00 AM,06-May-2026 11:00 AM ,90.0,No ,No,Online,12-May-2026 10:30 AM,"CCE, L Suktel Irr.Project,Bolangir||CCE,L Sukhtel,Bolangir||EE, RR C and B Divn",Dhulusar,767001.0,2.0,"59,83,758",SHANKAR SIDDHARTHA BEHERA,"5,977,774.28",Rejected-AOC,01-Jul-2026,"CCE, L Suktel Irr.Project,Bolangir||CCE,L Sukhtel,Bolangir||EE, RR C and B Divn"
2026_EICCL_127964_2,SC RandB GM-II-33/2025-26,Construction of 2 No suite for PWD I.B. at Khallikote in the District of Ganjam,Building work,Works,Open Tender,Percentage,Civil Works - Buildings,No,No,NA ,08-Apr-2026 10:00 AM,NA ,90.0,No ,No,Online,16-Apr-2026 11:30 AM,EIC-CIVIL||SERNB-CIRCLE-BERHAMPUR||EERNB-DIVN-GANJAM II,Khallikote,760009.0,2.0,"60,99,589",PRADEEP KUMAR BEHERA,"4,269,701",Rejected-AOC,21-Jul-2026,EIC-CIVIL||SERNB-CIRCLE-BERHAMPUR||EERNB-DIVN-GANJAM II
2026_PRDKL_129596_1,01/kuliana/26-27,construction of additional office building at block premises,construction of additional office building at block premises,Works,Open Tender,Percentage,Civil Works - Buildings,No,No,NA ,25-May-2026 10:00 AM,NA ,30.0,No ,No,Online,09-Jun-2026 11:00 AM,Panchayati Raj and Drinking Water Department Odisha||Zilla Parisad Mayurbhanj||KULIANA Block,Kuliana Block,757014.0,1.0,"29,55,454",Rabindra Narayn nath,"2,502,116.96",Rejected-Finance,06-Jul-2026,Panchayati Raj and Drinking Water Department Odisha||Zilla Parisad Mayurbhanj||KULIANA Block
2026_ORULB_125611_4,BRJNRM -05/2025-26,Development River fronts near IB Ghat,Development,Works,Open Tender,Percentage,Civil Works - Others,No,No,NA ,06-Feb-2026 06:00 PM,NA ,90.0,No ,No,Online,21-Feb-2026 11:00 AM,Municipal Bodies||Brajrajnagar Municipality,Brajrajnagar Municipality,768216.0,2.0,"59,85,000",DAMRUDHAR NAIK,"4,810,891.49",Rejected-AOC,07-Jul-2026,Municipal Bodies||Brajrajnagar Municipality
2026_EICCL_127875_13,17/KBJ/2025-26(1),Provision for Comprehensive annual maintenace of Fire fighting and alarm system for SDH Building Patnagarh in the District of Balangir,Provision for Comprehensive annual maintenace of Fire fighting and alarm system for SDH Building Patnagarh in the District of Balangir,Works,National Competitive Bid,Percentage,Electrical Works,No,No,NA ,09-Apr-2026 11:00 AM,NA ,90.0,No ,No,Online,21-Apr-2026 11:30 AM,EIC-CIVIL||SERNB-CIRCLE-BOLANGIR||EERNB-DIVISION-KANTABANJI,KANTABANJI,767039.0,1.0,"27,27,713",Padhan Electricals Pvt. Ltd.,"2,479,491",Accepted-AOC,17-Jul-2026,EIC-CIVIL||SERNB-CIRCLE-BOLANGIR||EERNB-DIVISION-KANTABANJI
2026_CERWI_124593_1,Tender Online RCK-24/25,"Construction of Addl Smart Class Room Building of Regional Degree College, Rambag in the district of Jajpur under Deposit Scheme for the year 2025-26","Construction of Addl Smart Class Room Building of Regional Degree College, Rambag in the district of Jajpur under Deposit Scheme for the year 2025-26",Works,National Competitive Bid,Percentage,Civil Works - Buildings,No,No,NA ,15-Jan-2026 02:00 PM,NA ,90.0,No ,No,Online,22-Jan-2026 11:00 AM,CE RW I||RWCIRCLE-KENDRAPARA,Jajpur,755001.0,2.0,"1,04,96,641",BRAJA SUNDAR SAHOO,"8,188,429",Rejected-Finance,08-Jul-2026,CE RW I||RWCIRCLE-KENDRAPARA
2026_NLUO_125453_1,NLUO/Electrical/001/2026,"Comprehensive Annual Maintenance Contract for Air Conditioning system, Installed at NLUO Campus.","Comprehensive Annual Maintenance Contract for Air Conditioning system, Installed at NLUO Campus.",Services,Open Tender,Item Rate,Miscellaneous Services,No,No,NA ,03-Feb-2026 12:30 PM,13-Feb-2026 11:00 AM ,60.0,No ,No,Online,24-Feb-2026 03:00 PM,National Law University Odisha,"NLUO,CUTTACK",753015.0,2.0,"80,76,060",M/s. Swain Engineering,"6,011,540",Rejected-Finance,04-Jul-2026,National Law University Odisha
2026_EICCL_128014_1,CCEJC R AND B 19/2025-26,CONSTRUCTION OF R AND B DIVISION OFFICE BUILDING G PLUS 1 AT JEYPORE FOR THE YEAR 2025 26,CIVIL WORK,Works,National Competitive Bid,Percentage,Civil Works - Buildings,No,No,NA ,10-Apr-2026 12:00 PM,NA ,90.0,No ,No,Online,27-Apr-2026 11:00 AM,EIC-CIVIL||SERNB-CIRCLE-JEYPORE,JEYPORE,764001.0,2.0,"3,40,17,719",JAGANNATH KHEMUNDU,"27,860,512",Accepted-AOC,22-Jul-2026,EIC-CIVIL||SERNB-CIRCLE-JEYPORE
2026_PRKOK_127989_2,PS-KKSR-T-1/2026-27,"Construction of Addl. Class room at Banjikote, GP- Gotomunda under Koksra Block",Building,Works,Open Tender,Percentage,Civil Works - Buildings,No,No,NA ,09-Apr-2026 11:00 AM,NA ,90.0,No ,No,Online,24-Apr-2026 11:00 AM,Panchayati Raj and Drinking Water Department Odisha||Zilla Parisad Kalahandi||KOKASARA Block,Koksara,766019.0,1.0,"15,10,406",ABHIMANYU CHHATRIA,"1,208,476",Accepted-AOC,30-Jul-2026,Panchayati Raj and Drinking Water Department Odisha||Zilla Parisad Kalahandi||KOKASARA Block
2026_ORULB_125611_22,BRJNRM -05/2025-26,Const. of Paver Road from Kumar House towards Sadhu house ward No.06,Paver Road,Works,Open Tender,Percentage,Civil Works - Roads,No,No,NA ,07-Feb-2026 06:00 PM,NA ,90.0,No ,No,Online,21-Feb-2026 11:00 AM,Municipal Bodies||Brajrajnagar Municipality,Brajrajnagar Municipality,768216.0,2.0,"15,00,000",JAI MAA RAM CHANDI TRADERS,"1,270,087.8",Rejected-AOC,08-Jul-2026,Municipal Bodies||Brajrajnagar Municipality
2026_CERWI_126961_11,Online Tender/50-2025-26/BPR,Construction of road from Putiapadar MPCC Building Chhaka to Gangadehani under Putiapadar GP road in the District of Ganjam under MMSY-TRIP for the year 2025-26,Construction of road from Putiapadar MPCC Building Chhaka to Gangadehani under Putiapadar GP road in the District of Ganjam under MMSY-TRIP for the year 2025-26,Works,National Competitive Bid,Percentage,Civil Works - Roads,No,No,NA ,07-Mar-2026 10:00 AM,NA ,90.0,No ,No,Online,16-Mar-2026 11:00 AM,CE RW I||RWCIRCLE-BERHAMPUR,Ganjam,760011.0,2.0,"3,56,36,000",SUJIT KUMAR PANDA,"30,293,918",Rejected-AOC,28-Jul-2026,CE RW I||RWCIRCLE-BERHAMPUR
2026_ORULB_125882_1,BMC-EE-Tender Cell-70/2025-26 Dt. 11.02.2026,Construction of Paver Block Road inside Kharavela Estates (Balance work) in Ward No. 04,Construction of Paver Block Road inside Kharavela Estates (Balance work) in Ward No. 04,Works,Open Tender,Percentage,Civil Works - Roads,No,No,NA ,14-Feb-2026 10:30 AM,18-Feb-2026 04:00 PM ,120.0,No ,No,Online,24-Feb-2026 11:00 AM,Municipal Bodies||Bhubaneswar Municipal Corporation,BMC AREA,751022.0,1.0,"31,78,431",HARAPRIYA PRUSTY,"3,188,341",Rejected-Finance,17-Jul-2026,Municipal Bodies||Bhubaneswar Municipal Corporation
2025_OLIC_122878_4,05/2025-26(3555)/OLIC(BDK)/Dt. 02.12.2025,Re-enforcement Works at Package No. 04 under Bhadrak Block,Re-enforcement Works at Package No. 04 under Bhadrak Block,Works,Open Tender,Turn-key,Civil Works - Lift Irrigation Schemes,No,No,NA ,10-Dec-2025 11:00 AM,NA ,180.0,No ,No,Online,19-Dec-2025 11:00 AM,Orissa Lift Irrigation Corporation||LI BALASORE||LI Division Bhadrak,"L.I. Division, Bhadrak",756100.0,2.0,"12,43,755",POWERTECH ENGINEERING.TAPAS RANJAN PATI,"1,247,633",Rejected-AOC,27-Jul-2026,Orissa Lift Irrigation Corporation||LI BALASORE||LI Division Bhadrak
2026_ORULB_128178_2,BMC-EE-Tender Cell-03/2026-27 dt. 15.04.2026,In-situ redevelopment for Balance work of Block No.01 and Block No. 02 at Mandap Basti in ward No. 09,In-situ redevelopment for Balance work of Block No.01 and Block No. 02 at Mandap Basti in ward No. 09,Works,Open Tender,Percentage,Civil Works - Others,No,No,NA ,18-Apr-2026 11:00 AM,27-Apr-2026 04:30 PM ,120.0,No ,No,Online,04-May-2026 03:30 PM,Municipal Bodies||Bhubaneswar Municipal Corporation,"BMC,AREA",751022.0,2.0,"2,24,16,845",SUSHANTA KUMAR MUDULI,"19,812,456",Rejected-Finance,03-Jul-2026,Municipal Bodies||Bhubaneswar Municipal Corporation
2026_SCDBH_127609_25,e-Procurement Notice-SAL-BDK-4-P1 OF 2025-26,(25) Improvement to Khirakoni Minor from RD.10.00km. To 13.50km.,Canal improvement,Works,Open Tender,Percentage,Civil Works - Canal,No,No,NA ,26-Mar-2026 11:00 AM,NA ,90.0,No ,No,Online,10-Apr-2026 11:00 AM,CE BM Baitarani Basin Kenojhar||Addl CE Salapada Irrigation Circle Salapada||SE Salandi Canal Division Bhadrak,Bhadrak,756100.0,1.0,"12,25,039",BISWANATH PANDA,"1,041,406",Accepted-AOC,20-Jul-2026,CE BM Baitarani Basin Kenojhar||Addl CE Salapada Irrigation Circle Salapada||SE Salandi Canal Division Bhadrak
2026_ORULB_128734_6,SNP-MUN-37/2026-27,Restoration of Drain from AWC to Naik house W.No-5,Restoration of Drain from AWC to Naik house W.No-5,Works,Open Tender,Percentage,Civil Works - Others,No,No,NA ,05-May-2026 11:00 AM,NA ,60.0,No ,No,Online,16-May-2026 11:00 AM,Municipal Bodies||Sonepur Municipal Council,Sonepur Municipality,767017.0,1.0,"5,84,612",BIKRAM KUMAR AGRAWAL,"584,612",Accepted-AOC,26-Jul-2026,Municipal Bodies||Sonepur Municipal Council
2026_CEMIB_125474_3,SEMIDBLS-11/2025- 26,Construction of Chakakula Check Dam in Tihidi Block of Bhadrak District under MATY Scheme for the year 2025-26,Construction of Chakakula Check Dam in Tihidi Block of Bhadrak District under MATY Scheme for the year 2025-26,Works,Open Tender,Percentage,Civil Works - Others,No,No,NA ,05-Feb-2026 10:00 AM,NA ,90.0,No ,No,Online,17-Feb-2026 11:00 AM,"CE,Minor Irrigation,BBSR||Baripada Minor Irrigation Circle Baripada||MI Division Balasore",Tihidi Block,756130.0,1.0,"41,45,668",ULLASH KUMAR SWAIN,"3,212,892",Rejected-Finance,31-Jul-2026,"CE,Minor Irrigation,BBSR||Baripada Minor Irrigation Circle Baripada||MI Division Balasore"
2026_CERWI_126090_1,RWCCESNG-32 of 2025-26,Construction of road from Sarsara to Sanasarsara road in the District of Sundargarh under MMSY-TRIP for the year 2025-26,Construction of road from Sarsara to Sanasarsara road in the District of Sundargarh under MMSY-TRIP for the year 2025-26,Works,National Competitive Bid,Percentage,Civil Works - Roads,No,No,NA ,16-Feb-2026 11:00 AM,NA ,90.0,No ,No,Online,05-Mar-2026 11:00 AM,CE RW I||RW-CIRCLE-SUNDARGARH,Bonai,770038.0,2.0,"3,09,01,899",MANO RANJAN PANI,"30,901,899.486",Rejected-Technical,27-Jul-2026,CE RW I||RW-CIRCLE-SUNDARGARH
2026_ORULB_128386_5,BRJNRM -01/2026-27,Beautification of Various places by wall painting.,Wall Painting,Works,Open Tender,Percentage,Civil Works - Others,No,No,NA ,24-Apr-2026 01:00 PM,NA ,90.0,No ,No,Online,15-May-2026 09:00 AM,Municipal Bodies||Brajrajnagar Municipality,Brajrajnagar Municipality,768216.0,2.0,"70,00,000",SARANGA MEHER,"5,038,120.71",Not Admitted-Fee/PreQual/Technical,09-Jul-2026,Municipal Bodies||Brajrajnagar Municipality
2026_CEBBS_129635_3,SE-AID-3/2026-27,Construction of RCC Trough wall to Rasol Minor from RD 1250m to RD 1275m and RD 2975m to RD 3000m of Sapua Badjore Irrigation Project,Construction of RCC Trough wall to Rasol Minor from RD 1250m to RD 1275m and RD 2975m to RD 3000m of Sapua Badjore Irrigation Project,Works,Open Tender,Percentage,Civil Works - Canal,No,No,NA ,25-May-2026 11:00 AM,NA ,90.0,No ,No,Online,04-Jun-2026 09:00 AM,CE and BM Brahmani Basin Samal||SE Angul Irrigation Circle Angul||EE Angul Irrigation Division Angul,Angul,759143.0,1.0,,MAHESWAR ROUT,"668,660",Rejected-Finance,25-Jun-2026,CE and BM Brahmani Basin Samal||SE Angul Irrigation Circle Angul||EE Angul Irrigation Division Angul
2026_EICCL_126475_1,Quotation Call Notice No.01 of 2025-26,Venue set up of VVIP Programme Subhadra Mela at Puri on dtd. 07.03.2026,Venue set up of VVIP Programme Subhadra Mela at Puri on dtd. 07.03.2026,Services,Open Tender,Lump-sum,Miscellaneous Services,No,No,NA ,24-Feb-2026 11:00 AM,NA ,90.0,No ,No,Online,02-Mar-2026 05:30 PM,EIC-CIVIL||SERNB-CIRCLE-KHURDA,Puri,752001.0,1.0,0.0,COLOR PLUS,"1,000,071",Rejected-Finance,29-Jul-2026,EIC-CIVIL||SERNB-CIRCLE-KHURDA
2026_ORULB_129299_7,BM_04_2026_27,Construction of Mahanala Drain from Nika Mahal Culvert to River Budhabalanga in Ward No 11,Construction of Mahanala Drain from Nika Mahal Culvert to River Budhabalanga in Ward No 11,Works,Open Tender,Percentage,Civil Works - Roads,No,No,NA ,14-May-2026 05:00 PM,NA ,90.0,No ,No,Online,30-May-2026 11:00 AM,Municipal Bodies||Balasore Municipality,Balasore Municipality,756003.0,2.0,"83,33,898",TAPASWINI MOHARANA,"8,333,897.56",Rejected-Finance,18-Jul-2026,Municipal Bodies||Balasore Municipality
2026_ORULB_127815_4,MC(CMC)CTC_Div-II_No.3/2026-27,Construction of C.C. road from Balaram Mahali res to Machhua Bazar Chakadola Art Gali in Ward No. 25.,Construction of C.C. road from Balaram Mahali res to Machhua Bazar Chakadola Art Gali in Ward No. 25.,Works,Open Tender,Percentage,Civil Works - Others,No,No,NA ,30-Apr-2026 02:00 PM,NA ,90.0,No ,No,Online,14-May-2026 11:00 AM,Municipal Bodies||Cuttack Municipal Corporation,CMC,753001.0,1.0,"4,02,700",Ganesh Chandra Swain,"402,659",Accepted-AOC,14-Jul-2026,Municipal Bodies||Cuttack Municipal Corporation
2026_BDABU_129570_1,668/SE/BDA/2026-27,Construction of C Wall Pathway Drain and conversion of Security room into Toilet along with Fitting and Fixing of Open Gym equipment at Ananta Vihar Phase III Park Pokhariput,Construction of C Wall Pathway Drain and conversion of Security room into Toilet along with Fitting and Fixing of Open Gym equipment at Ananta Vihar Phase III Park Pokhariput,Works,Open Tender,Percentage,Civil Works - Others,No,No,NA ,21-May-2026 09:00 AM,NA ,90.0,No ,No,Online,01-Jun-2026 11:30 AM,Bhubaneswar Development Authority,Bhubaneswar,751001.0,2.0,"23,23,166",SATYAJIT SAMANTARAY,"1,579,753",Rejected-Finance,15-Jul-2026,Bhubaneswar Development Authority
2026_CERWI_130056_1,Online Tender 03 RWD Kuchinda 2026-27,Construction of PWD road to Kulunda Road in the District of Sambalpur under Scheme Mukhya Mantri Sadak Yojana MMSY for the year 2026-27.,Construction of PWD road to Kulunda Road in the District of Sambalpur under Scheme Mukhya Mantri Sadak Yojana MMSY for the year 2026-27.,Works,Open Tender,Percentage,Civil Works - Roads,No,No,NA ,29-May-2026 02:00 PM,NA ,90.0,No ,No,Online,11-Jun-2026 11:00 AM,CE RW I||RWCIRCLE-SAMBALPUR||RW Division Kuchinda,Kuchinda,768222.0,2.0,"89,07,469",MILAN KUMAR PATEL,"8,907,469",Rejected-AOC,13-Jul-2026,CE RW I||RWCIRCLE-SAMBALPUR||RW Division Kuchinda
2025_CERWI_123515_2,Tender Online RWC-27-25,Improvement to Godijharia Achalakota road in the district of Cuttack under MMSY-Improvement Existing RD road for the year 2025-26,Improvement to Godijharia Achalakota road in the district of Cuttack under MMSY-Improvement Existing RD road for the year 2025-26,Works,National Competitive Bid,Percentage,Civil Works - Roads,No,No,NA ,19-Dec-2025 05:00 PM,NA ,90.0,No ,No,Online,06-Jan-2026 11:30 AM,CE RW I||RWCIRCLE-CUTTACK,Cuttack,753004.0,2.0,"7,77,03,822",A R Thermosets Private Limited,"85,419,811.54",Accepted-AOC,07-Jul-2026,CE RW I||RWCIRCLE-CUTTACK
2026_CERWI_129594_1,Online Tender 01 RWD SBD 2026 27,SR to R.W. Rest shed building at Sunabeda for the year 2026-27_building,SR to R.W. Rest shed building at Sunabeda for the year 2026-27_building,Works,Open Tender,Percentage,Civil Works - Buildings,No,No,NA ,22-May-2026 11:00 AM,NA ,90.0,No ,No,Online,05-Jun-2026 11:00 AM,CE RW I||RWCIRCLE-SUNABEDA||RWDIVISION-SUNABEDA,Sunabeda,763001.0,1.0,"3,39,115",GABARDHAN PALI,"339,115",Rejected-AOC,12-Jul-2026,CE RW I||RWCIRCLE-SUNABEDA||RWDIVISION-SUNABEDA
2026_CEBBS_129136_9,SE-AID-2/2026-27,Providing Cement Concrete guard wall to left bank in between RD 845m to 1190m of Angul Main Canal of Derjang Irrigation Project.,Providing Cement Concrete guard wall to left bank in between RD 845m to 1190m of Angul Main Canal of Derjang Irrigation Project.,Works,Open Tender,Percentage,Civil Works - Canal,No,No,NA ,13-May-2026 11:00 AM,NA ,90.0,No ,No,Online,25-May-2026 09:00 AM,CE and BM Brahmani Basin Samal||SE Angul Irrigation Circle Angul||EE Angul Irrigation Division Angul,Angul,759143.0,1.0,,KAMALAKANTA SAHU,"761,738",Rejected-Technical,22-Jun-2026,CE and BM Brahmani Basin Samal||SE Angul Irrigation Circle Angul||EE Angul Irrigation Division Angul
2025_OLIC_117205_1,6791 DT-18.08.2025,Installation of Borewells under Solar Pumping System in KEONJHAR District Pkg-01 BID ID-85,Installation of Borewells under Solar Pumping System in KEONJHAR District Pkg-01 BID ID-85,Works,Open Tender,Percentage,Civil Works - Lift Irrigation Schemes,No,No,NA ,25-Aug-2025 10:00 AM,NA ,180.0,No ,No,Online,17-Sep-2025 11:00 AM,Orissa Lift Irrigation Corporation,KEONJHAR,758001.0,2.0,"4,34,88,000",South West Pinnacle Exploration Limited,"40,878,378.55",Rejected-Finance,22-Jun-2026,Orissa Lift Irrigation Corporation
2026_ORULB_124509_5,BMC-EE-Tender Cell-62/2025-26 Dt. 12.01.2026,Construction of Road and Drain at Netaji Colony in Ward No. 17,Construction of Road and Drain at Netaji Colony in Ward No. 17,Works,Open Tender,Percentage,Civil Works - Roads,No,No,NA ,15-Jan-2026 10:30 AM,19-Jan-2026 04:30 PM ,120.0,No ,No,Online,27-Jan-2026 04:00 PM,Municipal Bodies||Bhubaneswar Municipal Corporation,BMC AREA,751022.0,1.0,"32,27,351",RAJENDRA KUMAR MAHALI,"3,808,274",Rejected-Finance,17-Jul-2026,Municipal Bodies||Bhubaneswar Municipal Corporation
2026_CERWI_127351_1,Tender Online RCK-04/26,Construction of Road Arei Muslim Sahi basti to Arei samal sahi via bali Sahi Harijansahi under Arei GP in the Dist. of Jajpur for the year 2025-26.,Construction of road works,Works,National Competitive Bid,Percentage,Civil Works - Roads,No,No,NA ,17-Mar-2026 01:00 PM,NA ,90.0,No ,No,Online,06-Apr-2026 11:00 AM,CE RW I||RWCIRCLE-KENDRAPARA,Jajpur,755001.0,2.0,"2,94,85,842",BASANTA KUMAR MISHRA,"21,822,471",Accepted-AOC,20-Jul-2026,CE RW I||RWCIRCLE-KENDRAPARA
2026_CEBMT_128388_2,EEBOD-02/26-27,Flood Protection work to the Right bank of River Mahanadi near village Tentulipali inbetween RD 20.700KM to 21.100km of Ainlapali G.P under Boudh Block.,River Embankment,Works,Open Tender,Percentage,Civil Works - Others,No,No,NA ,27-Apr-2026 11:00 AM,NA ,90.0,No ,No,Online,14-May-2026 11:00 AM,"CE-BM, Tel Basin,Bhawanipatna||SE Balangir Irr Circle Balangir||EE Boudh Irr Divn Boudh",Boudh,762014.0,2.0,"81,51,000",SUSANTA KUMAR KHATUA,"8,143,221.24",Rejected-Finance,10-Jul-2026,"CE-BM, Tel Basin,Bhawanipatna||SE Balangir Irr Circle Balangir||EE Boudh Irr Divn Boudh"
2026_ORULB_124261_5,CMC)CTC_Div-IIINo.34/25-26,Construction of road with raising of drain and fixing of RCC slab from Badol Das res to Kishore Jena res in Ward No.43.,Construction of road with raising of drain and fixing of RCC slab from Badol Das res to Kishore Jena res in Ward No.43.,Works,Open Tender,Percentage,Civil Works - Others,No,No,NA ,22-Jan-2026 11:00 AM,NA ,105.0,No ,No,Online,09-Feb-2026 10:00 AM,Municipal Bodies||Cuttack Municipal Corporation,CMC,753012.0,1.0,"14,37,140",SRI AJAYA KUMAR BEHERA,"1,494,626",Rejected-AOC,27-Jul-2026,Municipal Bodies||Cuttack Municipal Corporation
2026_UPIDB_129397_1,SEUKID-01/2026-27 (SL09),Construction of trough wall from RD 1.100 km to 1.300 km of Sandhagaon Minor.,CANAL STRUCTURAL WORK,Works,Open Tender,Percentage,Civil Works - Canal,No,No,NA ,20-May-2026 11:00 AM,NA ,90.0,No ,No,Online,01-Jun-2026 11:00 AM,CE AND BM IK BASIN BARINIPUT JEYPORE||Upper Kolab Project Bariniput||Upper Kolab Irrigation Division Borigumma,BORIGUMMA,764056.0,1.0,"10,58,787",ANUPAMA PANDA,"1,058,787",Rejected-AOC,24-Jun-2026,CE AND BM IK BASIN BARINIPUT JEYPORE||Upper Kolab Project Bariniput||Upper Kolab Irrigation Division Borigumma
2026_ORULB_126953_12,EOBRP/07/2025-26,Covering of drain from College to Mitu suna in ward no 3,Covering of drain from College to Mitu suna in ward no 3,Works,Open Tender,Percentage,Civil Works - Others,No,No,NA ,07-Mar-2026 11:00 AM,NA ,90.0,No ,No,Online,16-Mar-2026 03:00 PM,Municipal Bodies||Barpali NAC,Barpali,768029.0,1.0,"2,69,271",JITEN SUNA,"213,971.35",Accepted-AOC,17-Jul-2026,Municipal Bodies||Barpali NAC
2026_EICCL_126179_1,S.E.-KHD-(RandB)-43 /2025-26,S/R to Balugaon Pratap road such as Construction of RCC Drain under ROB Left service road on Banpur side,S/R to Balugaon Pratap road such as Construction of RCC Drain under ROB Left service road on Banpur side,Works,Open Tender,Percentage,Civil Works - Roads,No,No,NA ,17-Feb-2026 12:00 PM,NA ,90.0,No ,No,Online,27-Feb-2026 11:30 AM,EIC-CIVIL||SERNB-CIRCLE-KHURDA||EERNB DIVN KHURDA,Khordha,752056.0,1.0,"31,37,733",SUSANTA KUMAR PRADHAN,"2,352,986",Rejected-AOC,07-Jul-2026,EIC-CIVIL||SERNB-CIRCLE-KHURDA||EERNB DIVN KHURDA
2026_ORULB_128878_1,SOROM_02_2026-27,Privatisation of Sanitation work in all 19 wards of Soro Municipality area,Sanitation work,Services,Open Tender,Percentage,Human Resources Supply,No,No,NA ,07-May-2026 10:00 AM,11-May-2026 11:30 AM ,120.0,No ,No,Online,19-May-2026 10:00 AM,Municipal Bodies||Soro Municipality,"Soro Municipality, Soro",756045.0,2.0,"2,13,18,156",ACTIVE SECURITY AND INTELLIGENCE SEVICES,"19,668,130.73",Accepted-AOC,14-Jul-2026,Municipal Bodies||Soro Municipality
2026_PRBBU_124552_2,TENDER CALL NOTICE NO.BDO-BKD/PS-03 OF 2025-26,2. Construction of Office Building with Market Complex for GPLF at Naharana of Balikuda Block,Construction of Office Building with Market Complex for GPLF at Naharana of Balikuda Block,Works,Open Tender,Percentage,Civil Works - Buildings,No,No,NA ,14-Jan-2026 10:00 AM,NA ,90.0,No ,No,Online,29-Jan-2026 11:00 AM,Panchayati Raj and Drinking Water Department Odisha||Zilla Parisad Jagatsinghpur||BALIKUDA Block,Balikuda,754108.0,1.0,"21,58,284",LAXMI RANI BEHERA,"1,769,743",Rejected-Finance,29-Jul-2026,Panchayati Raj and Drinking Water Department Odisha||Zilla Parisad Jagatsinghpur||BALIKUDA Block
2026_EICCL_132209_1,IFB-SE PWD BGH No.02 OF 2026-27,Shifting of HT LT Lines and Transformer 500 KVA 250 KVA Sub stations at Panichatra chowk Gandhi chowk Bandutikra chowk due to widening of Bargarh Town road and drain work in the district of Bargarh under ESO I,PLEASE REFER THE TENDER DOCUMENTS,Works,Open Tender,Percentage,Electrical Works,No,No,NA ,17-Jun-2026 11:00 AM,NA ,90.0,No ,No,Online,30-Jun-2026 11:30 AM,EIC-CIVIL||SERNB-CIRCLE-NORTHERN||EERNB-DIVN-BARGARH,Bargarh,768028.0,1.0,"49,60,331",HIMANSU PANDA,"4,910,232",Rejected-Technical,28-Jul-2026,EIC-CIVIL||SERNB-CIRCLE-NORTHERN||EERNB-DIVN-BARGARH
2026_CEMWR_127188_1,SE/MDA-08(6)/2025-26,HYDROMECHANICAL GATE WORK,"Fabrication, Supply AND Erection of Gate and Hoist of Scouring Sluice of Lacharkuti Check Dam near Dhelapada Village under Turiguda GP in Chandrapur Block under MATY 2.0 of Minor Irrigation Division, Rayagada",Works,Open Tender,Percentage,Mechanical Works,No,No,NA ,12-Mar-2026 10:00 AM,NA ,90.0,No ,No,Online,23-Mar-2026 12:00 PM,Chief Engineer Mech - WR Bhubaneswar||SE Mechanical Circle Bhubaneswar||EE Mechanical Division Berhampur,"Dhelapada Village, Turiguda GP, Chandrapur",765017.0,1.0,"6,02,112",SUSHIL KUMAR DAS,"602,112.08",Rejected-Finance,04-Jul-2026,Chief Engineer Mech - WR Bhubaneswar||SE Mechanical Circle Bhubaneswar||EE Mechanical Division Berhampur
2025_EICCL_122888_1,"CCE, SC (RandB)-BAM-07/2025-26",Construction of 150 Bedded Boys Hostel (Gplus2) at Govt. ITI Bhanjanagar in the District of Ganjam for the year 2024-25,Construction of 150 Bedded Boys Hostel (Gplus2) at Govt. ITI Bhanjanagar in the District of Ganjam for the year 2024-25,Works,National Competitive Bid,Percentage,Civil Works - Buildings,No,No,NA ,09-Dec-2025 06:55 PM,NA ,90.0,No ,No,Online,24-Dec-2025 11:30 AM,EIC-CIVIL||SERNB-CIRCLE-BERHAMPUR,"Bhanjanagar, Ganjam",761126.0,2.0,"7,05,33,415",SILADITYA BEHERA,"59,960,456",Rejected-AOC,28-Jul-2026,EIC-CIVIL||SERNB-CIRCLE-BERHAMPUR
2026_CEBBS_128670_11,SE-AID-1/2026-27,Repair to Angul Main Canal between RD 00m to RD 6000m of Derjang Irrigation Project.,Repair to Angul Main Canal between RD 00m to RD 6000m of Derjang Irrigation Project.,Works,Open Tender,Percentage,Civil Works - Others,No,No,NA ,02-May-2026 11:00 AM,NA ,90.0,No ,No,Online,12-May-2026 11:00 AM,CE and BM Brahmani Basin Samal||SE Angul Irrigation Circle Angul||EE Angul Irrigation Division Angul,Angul,759143.0,1.0,,Satyabrata Das,"935,338",Rejected-Finance,12-Jun-2026,CE and BM Brahmani Basin Samal||SE Angul Irrigation Circle Angul||EE Angul Irrigation Division Angul
2026_SERIF_127558_2,VI-13(12)/SERIFED/2025-26/456,Establishment of Tasar Facility Centre for women empowerment and livelihood at Shyamasundarpur PTRCS Dist Mayurbhanj,Establishment of Tasar Facility Centre for women empowerment and livelihood at Shyamasundarpur PTRCS Dist Mayurbhanj,Works,Open Tender,Item Rate,Civil Works - Buildings,No,No,NA ,26-Mar-2026 10:00 AM,NA ,150.0,No ,No,Online,21-Apr-2026 11:30 AM,Odisha Cooperative Tasar and Silk Federation LTD,Shyamasundarpur Mayurbhanj,757092.0,2.0,,SANSKRUTI ASSOCIATES PRIVATE LIMITED,"29,556,291",Rejected-AOC,17-Jul-2026,Odisha Cooperative Tasar and Silk Federation LTD
2025_CERWI_123408_2,Tender Online 13 JJPT of 2025-26,"Construction of Addl. Smart Classroom and Upgradation of Existing Classrooms to Smart classrooms, e-Library, Science Laboratories, Provision of Toilets, Drinking water facilities and Development of Playground of Sadhu Goureswar Higher Secondary Sch","Construction of Addl. Smart Classroom and Upgradation of Existing Classrooms to Smart classrooms, e-Library, Science Laboratories, Provision of Toilets, Drinking water facilities and Development of Playground of Sadhu Goureswar Higher Secondary Scho",Works,Open Tender,Percentage,Civil Works - Buildings,No,No,NA ,18-Dec-2025 09:00 AM,NA ,90.0,No ,No,Online,24-Dec-2025 11:30 AM,CE RW I||RWCIRCLE-KENDRAPARA||RWDIVISION I JAJPUR,JAJPUR,755007.0,2.0,"83,97,719",R.NARAYAN CONSTRUCTIONS,"7,138,900.81",Rejected-AOC,15-Jul-2026,CE RW I||RWCIRCLE-KENDRAPARA||RWDIVISION I JAJPUR
2026_CEBMT_128472_1,"EE,KID-01/2026-27",Flood protection work to the left bank of river Pillasalki near Barihaguda Village under Khajuripada Block (From RD 7627m to RD 7733m),Flood protection work to the left bank of river Pillasalki near Barihaguda Village under Khajuripada Block (From RD 7627m to RD 7733m),Works,Open Tender,Percentage,Civil Works - Others,No,No,NA ,04-May-2026 10:00 AM,NA ,90.0,No ,No,Online,19-May-2026 11:00 AM,"CE-BM, Tel Basin,Bhawanipatna||SE Balangir Irr Circle Balangir||EE Kandhamal Irr Division Phulbani",Phulbani,762001.0,1.0,"41,57,689",CHINMAY KUMAR PATRA,"2,784,820.08",Rejected-Finance,20-Jul-2026,"CE-BM, Tel Basin,Bhawanipatna||SE Balangir Irr Circle Balangir||EE Kandhamal Irr Division Phulbani"
2025_CERWI_120880_3,Tender Online RWC-24-25,Improvement to Samantarapur to Padanapur via Kadamnalia Dam road in the district of Cuttack under MMSY-Improvement Existing RD road for the year 2025-26,Improvement to Samantarapur to Padanapur via Kadamnalia Dam road in the district of Cuttack under MMSY-Improvement Existing RD road for the year 2025-26,Works,National Competitive Bid,Percentage,Civil Works - Roads,No,No,NA ,07-Nov-2025 02:00 PM,NA ,90.0,No ,No,Online,20-Nov-2025 11:30 AM,CE RW I||RWCIRCLE-CUTTACK,Cuttack,753004.0,2.0,"6,24,51,398",AMRIT BARAL,"59,141,474",Rejected-Finance,02-Jul-2026,CE RW I||RWCIRCLE-CUTTACK
2026_CERWI_129621_1,Online Tender 01 RWD SBD 2026 27,SR to Fire Station office building at Narayanpatna for the year 2026-27_building,SR to Fire Station office building at Narayanpatna for the year 2026-27_building,Works,Open Tender,Percentage,Civil Works - Buildings,No,No,NA ,22-May-2026 11:00 AM,NA ,90.0,No ,No,Online,05-Jun-2026 11:00 AM,CE RW I||RWCIRCLE-SUNABEDA||RWDIVISION-SUNABEDA,Sunabeda,763001.0,1.0,"5,92,955",Balaram Subuddhi,"355,180",Rejected-AOC,12-Jul-2026,CE RW I||RWCIRCLE-SUNABEDA||RWDIVISION-SUNABEDA
2025_EICCL_117414_1,Tender Call Notice No. 39 of 2025-26,"SITC of 125 KVA DG Set at Directorate of Treasuries and Inspection, Unit-3, Kharavela Nagar, Bhubaneswar.","SITC of 125 KVA DG Set at Directorate of Treasuries and Inspection, Unit-3, Kharavela Nagar, Bhubaneswar.",Works,National Competitive Bid,Percentage,Electrical Works,No,No,NA ,26-Aug-2025 06:00 PM,NA ,90.0,No ,No,Online,04-Sep-2025 01:00 PM,EIC-CIVIL||SERNB-CIRCLE-CENTRAL,Bhubaneswar,751001.0,1.0,"22,03,416",AJANTA ENTERPRISES,"1,873,124",Rejected-Finance,27-Jul-2026,EIC-CIVIL||SERNB-CIRCLE-CENTRAL
2026_CEMIB_129604_11,SECMID_02/2026-27,Improvement to Headwork of Dhodei MIP(Diversion Weir) in Narasinghpur Block of Cuttack District under Improvement to Diversion Weir Scheme for the Year 2026-27.,Improvement to Headwork of Dhodei MIP(Diversion Weir) in Narasinghpur Block of Cuttack District under Improvement to Diversion Weir Scheme for the Year 2026-27.,Works,Open Tender,Percentage,Civil Works - Canal,No,No,NA ,22-May-2026 10:00 AM,NA ,90.0,No ,No,Online,01-Jun-2026 11:00 AM,"CE,Minor Irrigation,BBSR||SECMIC-BHUBANESWAR||CUTTACK",Narasinghpur,754032.0,1.0,"28,90,817",ABHAYA BHUSAN SAHOO,"2,890,817.1",Rejected-Finance,29-Jul-2026,"CE,Minor Irrigation,BBSR||SECMIC-BHUBANESWAR||CUTTACK"
2025_EICCL_122568_2,S.E(R and B)-MLK-17/2025-26,"External Power Supply with 30 KW Load to 100 Bedded Boys Hostel of OAV,Gunduriguda in the District of Malkangiri during 2025-26.",ELECTRICAL WORK,Works,Open Tender,Percentage,Electrical Works,No,No,NA ,04-Dec-2025 05:30 PM,NA ,90.0,No ,No,Online,17-Dec-2025 11:00 AM,EIC-CIVIL||SERNB-CIRCLE-JEYPORE||EERNB-DIVN-MALKANGIRI,MALKANGIRI,764045.0,1.0,,CHANDAN NAYAK,"509,821",Accepted-AOC,29-Jul-2026,EIC-CIVIL||SERNB-CIRCLE-JEYPORE||EERNB-DIVN-MALKANGIRI
2025_ORULB_121901_1,EO/AGLM-09/2025-26,Construction of drain from PTC boundary to main drain and renovation of Santoshi Maa temple park in ward No.16,Construction of drain from PTC boundary to main drain and renovation of Santoshi Maa temple park in ward No.16,Works,Open Tender,Percentage,Civil Works - Others,No,No,NA ,26-Nov-2025 12:30 PM,NA ,90.0,No ,No,Online,08-Dec-2025 11:00 AM,Municipal Bodies||Angul Municipality,Angul,759122.0,1.0,"4,49,209",BASANTA KUMAR MAHARANA,"381,872",Accepted-AOC,07-Jul-2026,Municipal Bodies||Angul Municipality
2025_CERWI_122874_5,Tender Online RCK-20/25,Constn. of road from Patrakana to Asanjhar via Solabandi Hanuman Chhak under MMSY TRIP in the Dist. of Jajpur for the year 2025.,Construction of road works,Works,National Competitive Bid,Percentage,Civil Works - Roads,No,No,NA ,12-Dec-2025 02:00 PM,NA ,90.0,No ,No,Online,13-Jan-2026 11:00 AM,CE RW I||RWCIRCLE-KENDRAPARA,Jajpur,755001.0,2.0,"4,42,28,808",Mr. Sanjay Kumar Mishra,"37,598,909",Rejected-Technical,21-Jul-2026,CE RW I||RWCIRCLE-KENDRAPARA
2025_ECCHA_112499_2,"e Procurement Notice No.ACE, EC-II 01 of 2025-26","ACE, EC-II JKID 01 of 2025-26 Construction of Sluice at Tikarapada RD 1480 mtr of Sribantapur Khanditara OAE on Kharasuan right",Construction of sluice,Works,National Competitive Bid,Percentage,Civil Works - Others,No,No,NA ,16-Apr-2025 10:00 AM,NA ,90.0,No ,No,Online,01-May-2025 11:30 AM,CE AND BM MBBS CHANDIKOLE||EASTERN CIRCLE II CHANDIKOLE,Jaraka,755050.0,2.0,"6,76,54,211",ABHILASH BISWAL,,Rejected-Finance,,CE AND BM MBBS CHANDIKOLE||EASTERN CIRCLE II CHANDIKOLE
2026_CEMWR_127184_1,SE/MDA-08(3)/2025-26,HYDROMECHANICAL GATE WORK,"Fabrication, Supply AND Erection of Gate and Hoist of Head Regulator and Scouring Sluice of Tadijhola Check Dam under Dhamunipanga GP of Kalyansinghpur Block under MATY 2.0 of Minor Irrigation Division, Rayagada",Works,Open Tender,Percentage,Mechanical Works,No,No,NA ,12-Mar-2026 10:00 AM,NA ,90.0,No ,No,Online,23-Mar-2026 12:00 PM,Chief Engineer Mech - WR Bhubaneswar||SE Mechanical Circle Bhubaneswar||EE Mechanical Division Berhampur,"Kalyansinghpur Block, RAYAGADA",765016.0,1.0,"9,50,335",ABHISEKH ENTERPRISERS,"902,818.478",Rejected-Finance,04-Jul-2026,Chief Engineer Mech - WR Bhubaneswar||SE Mechanical Circle Bhubaneswar||EE Mechanical Division Berhampur
2026_PRTRB_127051_3,PS-THRMPR-T-3/2025-26,"Construction of Road from Chirka Nalah to UP school at Kendumundi, GP- Gopinathpur under Th.Rampur Block",Road work,Works,Open Tender,Percentage,Civil Works - Roads,No,No,NA ,10-Mar-2026 11:00 AM,NA ,90.0,No ,No,Online,31-Mar-2026 11:00 AM,Panchayati Raj and Drinking Water Department Odisha||Zilla Parisad Kalahandi||THUAMUL RAMPUR Block,Th.Rampur,766037.0,2.0,"82,86,374",Aakriti Goel,"7,458,565",Rejected-Finance,23-Jul-2026,Panchayati Raj and Drinking Water Department Odisha||Zilla Parisad Kalahandi||THUAMUL RAMPUR Block
2026_ORULB_127399_6,OR/ULB/BUD/14/2025-26,Providing cover slab of the drain at Bapujinagar from Sunil Behera house to Sani Mandir in ward No 16,Providing cover slab of the drain at Bapujinagar from Sunil Behera house to Sani Mandir in ward No 16,Works,Open Tender,Percentage,Civil Works - Others,No,No,NA ,19-Mar-2026 10:00 AM,NA ,45.0,No ,No,Online,26-Mar-2026 11:00 AM,Municipal Bodies||Boudhgarh NAC,BOUDHGARH,762014.0,1.0,"6,81,528",Biswanath Patra,"680,912",Rejected-Technical,17-Jul-2026,Municipal Bodies||Boudhgarh NAC
2026_ORULB_126953_23,EOBRP/07/2025-26,Covering of drain from Anganwadi centre to jema House in ward no 7,Covering of drain from Anganwadi centre to jema House in ward no 7,Works,Open Tender,Percentage,Civil Works - Others,No,No,NA ,07-Mar-2026 11:00 AM,NA ,90.0,No ,No,Online,16-Mar-2026 03:00 PM,Municipal Bodies||Barpali NAC,Barpali,768029.0,1.0,"67,407",JITEN SUNA,"53,471.19",Accepted-AOC,17-Jul-2026,Municipal Bodies||Barpali NAC
2026_ORULB_127649_11,MC(CMC)CTC_Div-I_No.26/2025-26,Culvert raising and slab near Mehendipur colony main road in Ward No. 14.,Culvert raising and slab near Mehendipur colony main road in Ward No. 14.,Works,Open Tender,Percentage,Civil Works - Others,No,No,NA ,30-Mar-2026 03:00 PM,NA ,90.0,No ,No,Online,13-Apr-2026 11:00 AM,Municipal Bodies||Cuttack Municipal Corporation,CMC,753012.0,1.0,"4,18,000",HRUSHIKESH SAHOO,"432,186",Rejected-AOC,15-Jul-2026,Municipal Bodies||Cuttack Municipal Corporation
2026_EICCL_127832_23,SE R and B Divn NoI Bam 71 /2025-26,"Supply and Installation of Aerosol based Fire Fighting Equipment to Special cabin (G Plush 4) at MKCG and MCH, Berhampur in the district of Ganjam.","Supply and Installation of Aerosol based Fire Fighting Equipment to Special cabin (G Plush 4) at MKCG and MCH, Berhampur in the district of Ganjam.",Works,Open Tender,Percentage,Electrical Works,No,No,NA ,07-Apr-2026 04:00 PM,NA ,90.0,No ,No,Online,16-Apr-2026 11:30 AM,EIC-CIVIL||SERNB-CIRCLE-BERHAMPUR||EERNB-DIVN-GANJAM I,Berhampur,760005.0,1.0,"46,28,330",DISCERN ENGINEERING PRIVATE LIMITED,"4,582,047",Rejected-Technical,03-Jul-2026,EIC-CIVIL||SERNB-CIRCLE-BERHAMPUR||EERNB-DIVN-GANJAM I
2026_RWSS_126957_1,RWSS_53_2025-26,LAYING OF PIPELINE FOR PWS TO PATASARA ZONE II UNDER JSPUR BLOCK,LAYING OF PIPELINE FOR PWS TO PATASARA ZONE II UNDER JSPUR BLOCK,Works,National Competitive Bid,Percentage,Civil Works - Water Works,No,No,NA ,07-Mar-2026 10:00 AM,07-Mar-2026 10:00 AM ,90.0,No ,No,Online,16-Mar-2026 11:00 AM,Rural Water Supply and Sanitation||RWSS Circle Cuttack||EE RWSS Divn Jagatsinghpur,OFFICE OF THE SE RWSS DIVISION JAGATSINGHPUR,754103.0,1.0,"7,04,811",ARABINDA SWAIN,"669,640.93",Rejected-Finance,04-Jul-2026,Rural Water Supply and Sanitation||RWSS Circle Cuttack||EE RWSS Divn Jagatsinghpur
2026_CEBBS_129136_4,SE-AID-2/2026-27,Repair to Siabereni Minor RD 00m to RD 3500m Patrapada Subminor 1R Patrapada Sub-minor 2L Patrapada Subminor 3R Patrapada Subminor 4L Patrapada Subminor 5L Patrapada Subminor6L Patrapada Subminor 7R Siabereni Subminor 8L Kandhapada Subminor 9R,Repair to Siabereni Minor RD 00m to RD 3500m Patrapada Subminor 1R Patrapada Sub-minor 2L Patrapada Subminor 3R Patrapada Subminor 4L Patrapada Subminor 5L Patrapada Subminor6L Patrapada Subminor 7R Siabereni Subminor 8L Kandhapada Subminor 9R,Works,Open Tender,Percentage,Civil Works - Canal,No,No,NA ,13-May-2026 11:00 AM,NA ,90.0,No ,No,Online,25-May-2026 09:00 AM,CE and BM Brahmani Basin Samal||SE Angul Irrigation Circle Angul||EE Angul Irrigation Division Angul,Angul,759143.0,1.0,,Ajit Kumar Acharya,"592,437",Rejected-Finance,18-Jun-2026,CE and BM Brahmani Basin Samal||SE Angul Irrigation Circle Angul||EE Angul Irrigation Division Angul
2026_CERWI_126535_4,Tender Online RWC-27-25,Construction of road from Tulasipur Gudisahi Chhaka to Samsarpur G.P. office road in the District of Cuttack for the year 2025-26,Construction of road from Tulasipur Gudisahi Chhaka to Samsarpur G.P. office road in the District of Cuttack for the year 2025-26,Works,National Competitive Bid,Percentage,Civil Works - Roads,No,No,NA ,25-Feb-2026 01:00 PM,NA ,90.0,No ,No,Online,12-Mar-2026 11:30 AM,CE RW I||RWCIRCLE-CUTTACK,Cuttack,753004.0,2.0,"2,94,80,695",ANANTA PRASAD MALIK,"27,859,257",Accepted-AOC,29-Jul-2026,CE RW I||RWCIRCLE-CUTTACK
2026_ORULB_128869_4,10/SMC_SBP/2026-27,Repair and Maintenance of Pothole with Covering of Slab in Open Drain in W No-07,Repair and Maintenance of Pothole with Covering of Slab in Open Drain in W No-07,Works,Open Tender,Percentage,Civil Works - Others,No,No,NA ,08-May-2026 11:00 AM,NA ,120.0,No ,No,Online,19-May-2026 11:00 AM,Municipal Bodies||Sambalpur Municipal Corporation,SAMBALPUR MUNICIPAL CORPORATION,768006.0,1.0,"42,21,438",BISHESH GOEL,"4,221,438",Rejected-Technical,24-Jul-2026,Municipal Bodies||Sambalpur Municipal Corporation
2026_CERWI_126104_1,RWCCESNG-32 of 2025-26,Construction of road from SH 10 Budakata to Kishanpada,Construction of road from SH 10 Budakata to Kishanpada,Works,National Competitive Bid,Percentage,Civil Works - Roads,No,No,NA ,16-Feb-2026 11:00 AM,NA ,90.0,No ,No,Online,05-Mar-2026 11:00 AM,CE RW I||RW-CIRCLE-SUNDARGARH,Sundergarh,770020.0,2.0,"2,98,19,357",BISHES GOND,"29,789,537.154",Rejected-Technical,23-Jul-2026,CE RW I||RW-CIRCLE-SUNDARGARH
2026_ORULB_128547_5,EONM-01/2026-27,Renovation of MCC and MRF in Ward No 15,CIVIL WORK,Works,Open Tender,Percentage,Civil Works - Others,No,No,NA ,29-Apr-2026 11:00 AM,NA ,90.0,No ,No,Online,12-May-2026 11:00 AM,Municipal Bodies||Nabarangpur Municipality,Nabarangpur,764059.0,1.0,"16,98,821",HARISH CHANDRA SETHIA,"1,486,467",Accepted-AOC,29-Jul-2026,Municipal Bodies||Nabarangpur Municipality
2026_ORULB_127692_13,MC(CMC)CTC_Div-IIINo39/2025-26,Desilting of MSWC-I from Gosala culvert to Alekha Tungi at Tinigharia in Ward No.51.,Desilting of MSWC-I from Gosala culvert to Alekha Tungi at Tinigharia in Ward No.51.,Works,Open Tender,Percentage,Civil Works - Others,No,No,NA ,31-Mar-2026 11:00 AM,NA ,60.0,No ,No,Online,10-Apr-2026 10:00 AM,Municipal Bodies||Cuttack Municipal Corporation,CMC,753012.0,1.0,"41,79,121",ABHISHEK KARTIK RAY,"4,195,664",Rejected-AOC,07-Jul-2026,Municipal Bodies||Cuttack Municipal Corporation
2026_CERWI_126535_13,Tender Online RWC-27-25,"Construction of road from Kandri Mohanty house to Jagadish Tripathy house including branch road, Bhyuan Sahi, Rout Sahi road, Beura Sahi road at Barala grama in the District of Cuttack for the year 2025-26","Construction of road from Kandri Mohanty house to Jagadish Tripathy house including branch road, Bhyuan Sahi, Rout Sahi road, Beura Sahi road at Barala grama in the District of Cuttack for the year 2025-26",Works,National Competitive Bid,Percentage,Civil Works - Roads,No,No,NA ,25-Feb-2026 01:00 PM,NA ,90.0,No ,No,Online,12-Mar-2026 11:30 AM,CE RW I||RWCIRCLE-CUTTACK,Cuttack,753004.0,2.0,"2,95,62,523",BISWAJIT PANDA,"29,562,524",Rejected-Finance,20-Jul-2026,CE RW I||RWCIRCLE-CUTTACK
2026_CEEBO_128383_4,LSRRC AND BD-BGR-1/2026-27,"Construction of Anganwadi Centre building at the RR Colony Jhankarpali of LSIP, Balangir.","Construction of Anganwadi Centre building at the RR Colony Jhankarpali of LSIP, Balangir.",Works,Open Tender,Percentage,Civil Works - Buildings,No,No,NA ,27-Apr-2026 10:00 AM,06-May-2026 11:00 AM ,90.0,No ,No,Online,12-May-2026 10:30 AM,"CCE, L Suktel Irr.Project,Bolangir||CCE,L Sukhtel,Bolangir||EE, RR C and B Divn",Jhankarpali,767001.0,1.0,"16,12,794",ARATI PUROHIT,"1,611,182",Accepted-AOC,17-Jun-2026,"CCE, L Suktel Irr.Project,Bolangir||CCE,L Sukhtel,Bolangir||EE, RR C and B Divn"
2026_CEMWR_129739_1,ACE/MCB/MDB-05/2026-27,Hydro mechanical Gate Works.,"SUPPLY,FABRICATION AND ERECTION OF 04 NO OF SCOURING SLUICE GATES AT SANKHUANALA CD-III OF DIGAPAHANDI BLOCK UNDER SE,MI DIVISION,GM-I, BERHAMPUR FOR FY 2025-26.",Works,Open Tender,Percentage,Mechanical Works,No,No,NA ,26-May-2026 10:00 AM,NA ,90.0,No ,No,Online,06-Jun-2026 12:00 PM,"Chief Engineer Mech - WR Bhubaneswar||SE, Mechanical, MIP, Hirakud||EE, Mech Divn, Ambaguda",Digapahandi Block,761012.0,1.0,"11,13,634",ABHISEKH ENTERPRISERS,"1,113,634.05",Rejected-Finance,10-Jul-2026,"Chief Engineer Mech - WR Bhubaneswar||SE, Mechanical, MIP, Hirakud||EE, Mech Divn, Ambaguda"
2026_EICCL_128086_2,SC RandB GM-II-36/2025-26,"Supply installation testing and commissioning of auto start smokeless soundless 250 KVA, 415V 3 phase DG set with AMF panel to existing Airstrip to 2B Category Rangailunda",Electrical work,Works,Open Tender,Percentage,Electrical Works,No,No,NA ,11-Apr-2026 06:55 PM,NA ,90.0,No ,No,Online,20-Apr-2026 11:30 AM,EIC-CIVIL||SERNB-CIRCLE-BERHAMPUR||EERNB-DIVN-GANJAM II,Rangailunda,760002.0,1.0,"42,58,413",AJANTA ENTERPRISES,"4,258,413",Rejected-AOC,26-Jul-2026,EIC-CIVIL||SERNB-CIRCLE-BERHAMPUR||EERNB-DIVN-GANJAM II
2026_EICCL_125187_1,RGD 20,UPGRADATION AND RENOVATION OF URBAN PHC 1 UNDER 2ND PHASE AMA HOSPITAL BUILDING INITIATIVE AT RAYAGADA FOR THE YEAR 2025-26,UPGRADATION AND RENOVATION OF URBAN PHC 1 UNDER 2ND PHASE AMA HOSPITAL BUILDING INITIATIVE AT RAYAGADA FOR THE YEAR 2025-26,Works,Open Tender,Percentage,Civil Works - Buildings,No,No,NA ,30-Jan-2026 11:00 AM,NA ,90.0,No ,No,Online,12-Feb-2026 11:30 AM,EIC-CIVIL||SERNB-CIRCLE-RAYAGADA||EERNB DIVN RAYAGADA I,"RAYAGADA R AND B DIVISION I, RAYAGADA",765001.0,2.0,"63,30,764",CHANDRA SEKHAR SAHUKAR,"6,330,764",Rejected-AOC,02-Jun-2026,EIC-CIVIL||SERNB-CIRCLE-RAYAGADA||EERNB DIVN RAYAGADA I
2026_CERWI_124663_1,Road Online NCB No15,SR to L-033 Uchabali to Rangalgoda Road,SR to L-033 Uchabali to Rangalgoda Road,Works,National Competitive Bid,Percentage,Civil Works - Roads,No,No,NA ,16-Jan-2026 02:00 PM,NA ,60.0,No ,No,Online,29-Jan-2026 11:00 AM,CE RW I||RWCIRCLE-KEONJHAR||RWDIVISION-KEONJHAR - II,Rengalabeda,758001.0,1.0,"18,15,000",MANASI PATTNAIK,"1,815,307",Rejected-Finance,04-Jul-2026,CE RW I||RWCIRCLE-KEONJHAR||RWDIVISION-KEONJHAR - II
2026_PRJAT_124273_1,28/PSJ/2025-26,Construction of CC road from Aradhana nagar road Ebrang and electrification thereat,AS PER DTCN,Works,Open Tender,Percentage,Civil Works - Roads,No,No,NA ,08-Jan-2026 11:00 AM,NA ,120.0,No ,No,Online,27-Jan-2026 11:00 AM,Panchayati Raj and Drinking Water Department Odisha||Zilla Parisad Khordha||JATNI Block,PADHANSAHI,752050.0,1.0,"13,28,038",ABINASH SETHI,"903,065.99",Rejected-AOC,28-Jul-2026,Panchayati Raj and Drinking Water Department Odisha||Zilla Parisad Khordha||JATNI Block
2026_EICCL_127390_5,SE R and B Divn NoI Bam 68/2025-26,Repair and renovation of RDC Office Building at Berhampur,Repair and renovation of RDC Office Building at Berhampur,Works,Open Tender,Percentage,Civil Works - Buildings,No,No,NA ,18-Mar-2026 04:00 PM,NA ,90.0,No ,No,Online,25-Mar-2026 11:30 AM,EIC-CIVIL||SERNB-CIRCLE-BERHAMPUR||EERNB-DIVN-GANJAM I,Berhampur,760005.0,2.0,"56,42,977",Subham Mahapatra,"3,696,150",Rejected-AOC,29-Jul-2026,EIC-CIVIL||SERNB-CIRCLE-BERHAMPUR||EERNB-DIVN-GANJAM I
2026_ORULB_124910_7,EONM-04/2025-26,Construction of Paver Block Road at Poorja Masani in Ward No 17,CIVIL WORK,Works,Open Tender,Percentage,Civil Works - Others,No,No,NA ,22-Jan-2026 11:00 AM,NA ,90.0,No ,No,Online,02-Feb-2026 11:00 AM,Municipal Bodies||Nabarangpur Municipality,Nabarangpur Municipality,764059.0,1.0,"3,38,578",ASHOK MOHANTY,"338,240",Rejected-AOC,31-Jul-2026,Municipal Bodies||Nabarangpur Municipality
2026_ORULB_130054_11,RDL NAC- 5/2026-27,Construction of Paver Block road from Swapneswar House towards Paleswar House in ward No 10,Construction of Paver Block road from Swapneswar House towards Paleswar House in ward No 10,Works,Open Tender,Percentage,Civil Works - Roads,No,No,NA ,30-May-2026 10:00 AM,NA ,90.0,No ,No,Online,16-Jun-2026 11:00 AM,Municipal Bodies||Redhakhol NAC,"NAC, Redhakhol",768106.0,1.0,"2,53,634",AKHUJA NAIK,"300,000",Rejected-Finance,20-Jul-2026,Municipal Bodies||Redhakhol NAC
2026_CEMIB_129604_4,SECMID_02/2026-27,Improvement to Tentuligudi CD in Telenia village in Baramba Block of Cuttack District under Improvement to Checkdam Scheme for the year 2026-27.,Improvement to Tentuligudi CD in Telenia village in Baramba Block of Cuttack District under Improvement to Checkdam Scheme for the year 2026-27.,Works,Open Tender,Percentage,Civil Works - Canal,No,No,NA ,22-May-2026 10:00 AM,NA ,90.0,No ,No,Online,01-Jun-2026 11:00 AM,"CE,Minor Irrigation,BBSR||SECMIC-BHUBANESWAR||CUTTACK",Baramba,754031.0,1.0,"6,77,453",ARTTABANDHU PRADHAN,"676,775.08",Accepted-AOC,27-Jul-2026,"CE,Minor Irrigation,BBSR||SECMIC-BHUBANESWAR||CUTTACK"
2026_CERWI_132148_1,EETIG-ONLINE-01-2026-27,Construction of RD Road to Rundimal road in the district of Bolangir under MMSY for the year 2026-27,Construction of RD Road to Rundimal road in the district of Bolangir under MMSY for the year 2026-27,Works,Open Tender,Percentage,Civil Works - Roads,No,No,NA ,16-Jun-2026 11:00 AM,NA ,90.0,No ,No,Online,24-Jun-2026 11:00 AM,CE RW I||RWCIRCLE-BALANGIR||RWDIVISION-TITLAGARH,Balangir,767042.0,2.0,"88,51,049",AMAN BANSAL,"8,824,496",Rejected-Finance,30-Jul-2026,CE RW I||RWCIRCLE-BALANGIR||RWDIVISION-TITLAGARH
2025_EICCL_120013_2,BGR (R and B)-19 of 2025-26,"Expansion of DDL,Balangir",Building work,Works,National Competitive Bid,Percentage,Civil Works - Buildings,No,No,NA ,28-Oct-2025 06:55 PM,NA ,90.0,No ,No,Online,07-Nov-2025 11:00 AM,EIC-CIVIL||SERNB-CIRCLE-BOLANGIR||EERNB DIVN BOLANGIR,Balangir,767001.0,1.0,"21,03,836",AKARSHAN JHA,"1,788,471",Rejected-Finance,23-Jul-2026,EIC-CIVIL||SERNB-CIRCLE-BOLANGIR||EERNB DIVN BOLANGIR
2025_ORULB_123875_16,MC(CMC)CTC_Div-I_No.18/2025-26,Construction of C.C. road from Anganwadi Centre to Janaradan Singh at Brajabiharipur in Ward No. 3.,Construction of C.C. road from Anganwadi Centre to Janaradan Singh at Brajabiharipur in Ward No. 3.,Works,Open Tender,Percentage,Civil Works - Others,No,No,NA ,02-Jan-2026 01:00 PM,NA ,90.0,No ,No,Online,17-Jan-2026 11:00 AM,Municipal Bodies||Cuttack Municipal Corporation,CMC,753012.0,1.0,"40,88,200",ADITYA DAS,"3,475,309",Rejected-AOC,04-Jul-2026,Municipal Bodies||Cuttack Municipal Corporation
2025_ORULB_122956_4,JM-02/2025-26,Construction of Road from Church School towards Saraswati Sishu Bidya Mandir at Kundurnala Ward No 03,WORKS,Works,Open Tender,Percentage,Civil Works - Others,No,No,NA ,11-Dec-2025 10:00 AM,NA ,120.0,No ,No,Online,26-Dec-2025 11:00 AM,Municipal Bodies||Joda Municipality,JODA MUNICIPALITY AT PO BANEIKALA JODA KEONJHAR,758038.0,1.0,"16,94,920",RAMA NARAYAN SAHOO,"1,700,220",Rejected-AOC,23-Jul-2026,Municipal Bodies||Joda Municipality
2026_ORULB_129135_17,NLGN _1/2026-27,Improvement of CC road from Pagal Behera house to Madhu Lenka house in W.No.10 under Nilgiri NAC.,Improvement of CC road from Pagal Behera house to Madhu Lenka house in W.No.10 under Nilgiri NAC.,Works,Open Tender,Percentage,Civil Works - Roads,No,No,NA ,11-May-2026 03:00 PM,NA ,120.0,No ,No,Online,25-May-2026 11:00 AM,Municipal Bodies||Nilgiri NAC,Nilgiri NAC,756040.0,1.0,"3,34,576",ANANYA MOHAPATRA,"345,576",Rejected-Technical,13-Jul-2026,Municipal Bodies||Nilgiri NAC
2025_CERWI_122313_20,Online AGL-18,Construction of 1 no. E type Qtr at PHC Bajrakote,Construction of 1 no. E type Qtr at PHC Bajrakote,Works,Open Tender,Percentage,Civil Works - Buildings,No,No,NA ,06-Dec-2025 06:45 PM,NA ,90.0,No ,No,Online,12-Dec-2025 06:00 PM,CE RW I||RWCIRCLE-ANGUL||RW-DIVISION-ANGUL,Angul,759143.0,1.0,"24,03,000",DEBA PRASAD MOHANTY,"2,410,564",Rejected-Finance,07-Jul-2026,CE RW I||RWCIRCLE-ANGUL||RW-DIVISION-ANGUL
2026_ORULB_124113_10,EO/ PDPM/ W_05_MSBY/ 2025-26,Construction of drain back side of Basti near Hostel in Ward No. 11,Construction of drain back side of Basti near Hostel in Ward No. 11,Works,Open Tender,Percentage,Civil Works - Others,No,No,NA ,03-Jan-2026 05:30 PM,NA ,120.0,No ,No,Online,15-Jan-2026 11:30 AM,Municipal Bodies||Paradeep Municipality,Paradeep Municipality,754142.0,1.0,"8,25,937",BASANTA BEHERA,"849,600",Rejected-Finance,08-Jul-2026,Municipal Bodies||Paradeep Municipality
2026_EICCL_127875_2,17/KBJ/2025-26(1),Repair and Renovation of EI and PH work at CHC Turekela under Turekela Block under State Plan for the year 2024-25,Repair and Renovation of EI and PH work at CHC Turekela under Turekela Block under State Plan for the year 2024-25,Works,National Competitive Bid,Percentage,Civil Works - Buildings,No,No,NA ,09-Apr-2026 11:00 AM,NA ,90.0,No ,No,Online,21-Apr-2026 11:30 AM,EIC-CIVIL||SERNB-CIRCLE-BOLANGIR||EERNB-DIVISION-KANTABANJI,KANTABANJI,767039.0,1.0,"17,64,640",AKASH KUMAR SHARMA,"1,762,875",Rejected-Finance,17-Jul-2026,EIC-CIVIL||SERNB-CIRCLE-BOLANGIR||EERNB-DIVISION-KANTABANJI
2026_CERWI_127325_1,Tender Online RCK-04/26,Improvement to Raipada to Kothadiha road in the Dist. of Jajpur for the year 2025-26.,Construction of road works,Works,National Competitive Bid,Percentage,Civil Works - Roads,No,No,NA ,16-Mar-2026 03:00 PM,NA ,90.0,No ,No,Online,06-Apr-2026 11:00 AM,CE RW I||RWCIRCLE-KENDRAPARA,Jajpur,755001.0,2.0,"4,07,59,936",CHITTA RANJAN DAS,"42,696,033",Rejected-Finance,20-Jul-2026,CE RW I||RWCIRCLE-KENDRAPARA
2026_ORULB_125611_9,BRJNRM -05/2025-26,Development of Samsan Ghat near IB River.,Samsan Ghat,Works,Open Tender,Percentage,Civil Works - Others,No,No,NA ,06-Feb-2026 06:00 PM,NA ,90.0,No ,No,Online,21-Feb-2026 11:00 AM,Municipal Bodies||Brajrajnagar Municipality,Brajrajnagar Municipality,768216.0,2.0,"45,56,000",ANUJ JAISWAL,"3,475,868.51",Rejected-AOC,07-Jul-2026,Municipal Bodies||Brajrajnagar Municipality
2026_ORULB_125611_13,BRJNRM -05/2025-26,Construction of Shopping Complex near Tunnel Road at Brajrajnagar Municipality,Shopping Complex,Works,Open Tender,Percentage,Civil Works - Buildings,No,No,NA ,07-Feb-2026 06:00 PM,NA ,90.0,No ,No,Online,21-Feb-2026 11:00 AM,Municipal Bodies||Brajrajnagar Municipality,Brajrajnagar Municipality,768216.0,2.0,"1,21,26,700",ARJUN KUMAR DHAL,"9,084,925.58",Rejected-AOC,07-Jul-2026,Municipal Bodies||Brajrajnagar Municipality
2026_WATCO_127790_1,WATCO (W)-30(08)/2025-26 Dtd.23.03.2026,"Design, Drawing, Const. Testing and Comm. of Sewerage System, 320 KLD Sewage Treatment Plant (STP) and 80 KLD Effluent Treatment Plant (ETP) for District Head Quarter Hospital in Keonjhar including Operation and Maint. for a period of Five Years","Design, Drawing, Const. Testing and Comm. of Sewerage System, 320 KLD Sewage Treatment Plant (STP) and 80 KLD Effluent Treatment Plant (ETP) for District Head Quarter Hospital in Keonjhar including Operation and Maint. for a period of Five Years",Works,National Competitive Bid,Percentage,Civil Works - Water Works,No,No,NA ,06-Apr-2026 05:00 PM,NA ,120.0,No ,No,Online,02-May-2026 12:30 PM,WATCO Bhubaneswar,District Head Quarter Hospital in Keonjhar,758001.0,2.0,"5,88,71,000",Bijaya Kumar Jena,"49,981,085",Rejected-Technical,23-Jul-2026,WATCO Bhubaneswar
2026_ORULB_127482_51,BLGR MPTY/13(01-73)/2025-26,"Const. of Paver Road from Panchan Padhan Res to Meher Babu res Tulsi Nagar, W.No.18",Road Work,Works,Open Tender,Percentage,Civil Works - Roads,No,No,NA ,24-Mar-2026 11:00 AM,NA ,180.0,No ,No,Online,06-Apr-2026 11:00 AM,Municipal Bodies||Balangir Municipality,Balangir,767001.0,1.0,"8,45,684",RAJENDRA PUROHIT,"844,837.86",Rejected-Finance,17-Jul-2026,Municipal Bodies||Balangir Municipality
2026_CERWI_128174_1,CCE-BLS-NCB No 65 of 25 26,"Construction of 100 seated ladies hostel and additional class room with toilet for Girls Student building of BNMA College, Paliabindha","Construction of 100 seated ladies hostel and additional class room with toilet for Girls Student building of BNMA College, Paliabindha",Works,National Competitive Bid,Percentage,Civil Works - Buildings,No,No,NA ,16-Apr-2026 03:00 PM,NA ,90.0,No ,No,Online,28-Apr-2026 11:00 AM,CE RW I||RWCIRCLE-BALASORE,Bhadrak,756100.0,2.0,"3,38,98,000",Amitav Mohanty,"27,528,234",Rejected-AOC,02-Jul-2026,CE RW I||RWCIRCLE-BALASORE
2025_EICCL_116075_8,CCE (R and B) BGR-07-2025-26,CONSTRUCTION OF 4 NOS OF E TYPE STAFF QUARTER AT CHC KHAPRAKHOL IN THE DISTRICT OF BALANGIR FOR THE YEAR 2025-26.,Building Work,Works,National Competitive Bid,Percentage,Civil Works - Buildings,No,No,NA ,25-Jul-2025 10:00 AM,NA ,90.0,No ,No,Online,08-Aug-2025 11:00 AM,EIC-CIVIL||SERNB-CIRCLE-BOLANGIR,Kantabanji,767039.0,2.0,"1,15,18,006",AJAY KUMAR AGRAWAL,"9,791,457",Rejected-Finance,18-Mar-2026,EIC-CIVIL||SERNB-CIRCLE-BOLANGIR
2026_ORULB_128169_7,SNP-MUN-36/2025-26,Construction of cooling drinking water project near Ganesh Mandap W.No-5,Construction of cooling drinking water project near Ganesh Mandap W.No-5,Works,Open Tender,Percentage,Civil Works - Others,No,No,NA ,17-Apr-2026 11:00 AM,NA ,90.0,No ,No,Online,28-Apr-2026 11:00 AM,Municipal Bodies||Sonepur Municipal Council,Sonepur Municipality,767017.0,1.0,"2,35,985",DEEPAK KUMAR MAHAPATRA,"235,985",Rejected-Technical,27-Jul-2026,Municipal Bodies||Sonepur Municipal Council
2026_ORULB_127732_5,MC(CMC)CTC_Div-I_No.28/2025-26,High Court Chhaka L.I.C. Office to Kali Gali Chhatra Sethi Press in Ward No. 13.,High Court Chhaka L.I.C. Office to Kali Gali Chhatra Sethi Press in Ward No. 13.,Works,Open Tender,Percentage,Civil Works - Others,No,No,NA ,04-Apr-2026 03:00 PM,NA ,90.0,No ,No,Online,18-Apr-2026 11:00 AM,Municipal Bodies||Cuttack Municipal Corporation,CMC,753012.0,1.0,"6,05,500",SHIBA SANKAR SETHI,"605,459",Accepted-AOC,21-Jul-2026,Municipal Bodies||Cuttack Municipal Corporation
2026_ORULB_126616_1,MC(CMC)CTC_Div-IIiNo39/2025-26,Complete and Renovation of Changing Room of Chauliaganj Play Ground in Chauliaganj in Ward No.42.,Complete and Renovation of Changing Room of Chauliaganj Play Ground in Chauliaganj in Ward No.42.,Works,Open Tender,Percentage,Civil Works - Others,No,No,NA ,30-Mar-2026 11:00 AM,NA ,105.0,No ,No,Online,17-Apr-2026 10:00 AM,Municipal Bodies||Cuttack Municipal Corporation,CMC,753012.0,1.0,"24,59,006",AMITABH SWAIN,"2,459,006",Rejected-AOC,07-Jul-2026,Municipal Bodies||Cuttack Municipal Corporation
2026_EICCL_126290_1,ETCN-47,"SR to LT Qtr No. IVR-160,224,300,153 at unit-6 (Civil and EI)","SR to LT Qtr No. IVR-160,224,300,153 at unit-6 (Civil and EI)",Works,Open Tender,Percentage,Civil Works - Buildings,No,No,NA ,19-Feb-2026 05:00 PM,NA ,90.0,No ,No,Online,05-Mar-2026 11:00 AM,EIC-CIVIL||SERNB-CIRCLE-CENTRAL||EERNB-DIVN-II-BBSR,Khordha,751001.0,1.0,"24,50,864",ATHAY KUMAR MOHANTY,"1,571,004",Rejected-Finance,15-Jul-2026,EIC-CIVIL||SERNB-CIRCLE-CENTRAL||EERNB-DIVN-II-BBSR
2026_ORULB_127482_50,BLGR MPTY/13(01-73)/2025-26,"Const. of Paver Road and Drain with Cover Slab from Hare Jued Res to Chakra Karmi Res, Tulsi Nagar, W.No.18",Road and Drain with Cover Slab Work,Works,Open Tender,Percentage,Civil Works - Roads,No,No,NA ,24-Mar-2026 11:00 AM,NA ,180.0,No ,No,Online,06-Apr-2026 11:00 AM,Municipal Bodies||Balangir Municipality,Balangir,767001.0,1.0,"8,45,727",SRI HAREKRUSHNA ADJUED,"844,881.41",Rejected-Finance,17-Jul-2026,Municipal Bodies||Balangir Municipality
2026_CERWI_126531_1,Tender Online RCK-03/26,"Construction of Kalan Hata to Haridapal College Chhak to Nadi Bandha, R and B Road to Adarsha Vidyalaya via RandB Road to College in the Dist. of Jajpur for the year 2025-26.",Construction of road works,Works,Open Tender,Percentage,Civil Works - Roads,No,No,NA ,24-Feb-2026 02:00 PM,NA ,90.0,No ,No,Online,06-Mar-2026 11:00 AM,CE RW I||RWCIRCLE-KENDRAPARA,Jajpur,755001.0,2.0,"2,90,83,183",KALPATARU SAHOO,"30,115,635",Accepted-AOC,08-Jul-2026,CE RW I||RWCIRCLE-KENDRAPARA
2026_ORULB_125611_8,BRJNRM -05/2025-26,Development of Goshala/ Integrated Cattle Hostel at Ward No.05,Building,Works,Open Tender,Percentage,Civil Works - Buildings,No,No,NA ,06-Feb-2026 06:00 PM,NA ,90.0,No ,No,Online,21-Feb-2026 11:00 AM,Municipal Bodies||Brajrajnagar Municipality,Brajrajnagar Municipality,768216.0,2.0,"64,84,000",ANUJ JAISWAL,"5,386,270.15",Rejected-AOC,07-Jul-2026,Municipal Bodies||Brajrajnagar Municipality
2026_CERWI_128760_1,01/2026-27,Construction of 1 NO of D TYPE QUARTER and 1 NO E TYPE QUARTER BUILDINGS AT MV-55 PHC (N),Construction of 1 NO of D TYPE QUARTER and 1 NO E TYPE QUARTER BUILDINGS AT MV-55 PHC (N),Works,Open Tender,Percentage,Civil Works - Buildings,No,No,NA ,05-May-2026 11:00 AM,NA ,90.0,No ,No,Online,14-May-2026 11:00 AM,CE RW I||RWCIRCLE-SUNABEDA||RWDIVISION-MALKANGIRI - II,Malkangiri,764048.0,2.0,"63,02,664",Ashim Kumar Ray,"5,002,424",Accepted-AOC,20-Jul-2026,CE RW I||RWCIRCLE-SUNABEDA||RWDIVISION-MALKANGIRI - II
2026_CERWI_125004_18,CCE-BLS-NCB-51 of 2025-26,Construction of road Bageipur PMGSY road Baunsagadia PMGSY via Ramda Road in the District of Balasore under MMSY TRIP for the year 25-26,Construction of road Bageipur PMGSY road Baunsagadia PMGSY via Ramda Road in the District of Balasore under MMSY TRIP for the year 25-26,Works,National Competitive Bid,Percentage,Civil Works - Roads,No,No,NA ,24-Jan-2026 03:00 PM,NA ,90.0,No ,No,Online,09-Feb-2026 01:00 PM,CE RW I||RWCIRCLE-BALASORE,Balasore,756001.0,2.0,"4,78,94,000",SANGRAM KESHARI LENKA,"40,714,830",Rejected-Technical,07-Jul-2026,CE RW I||RWCIRCLE-BALASORE
2026_EICCL_127875_3,17/KBJ/2025-26(1),Repair of D type Quarter (PH plus EI) 2 Nos. at CHC Turekela under Turekela Block under State Plan for the year 2024-25,Repair of D type Quarter (PH plus EI) 2 Nos. at CHC Turekela under Turekela Block under State Plan for the year 2024-25,Works,National Competitive Bid,Percentage,Civil Works - Buildings,No,No,NA ,09-Apr-2026 11:00 AM,NA ,90.0,No ,No,Online,21-Apr-2026 11:30 AM,EIC-CIVIL||SERNB-CIRCLE-BOLANGIR||EERNB-DIVISION-KANTABANJI,KANTABANJI,767039.0,1.0,"8,23,560",AKASH KUMAR SHARMA,"822,736",Rejected-Finance,17-Jul-2026,EIC-CIVIL||SERNB-CIRCLE-BOLANGIR||EERNB-DIVISION-KANTABANJI
2025_CERWI_120708_1,Building Online NCB No10,Const of MK Gandhi Higher Secondary School at Sadangi in the District of Keonjhar,Const of MK Gandhi Higher Secondary School at Sadangi in the District of Keonjhar,Works,National Competitive Bid,Percentage,Civil Works - Buildings,No,No,NA ,03-Nov-2025 02:00 PM,NA ,90.0,No ,No,Online,12-Nov-2025 11:00 AM,CE RW I||RWCIRCLE-KEONJHAR||RWDIVISION-KEONJHAR - II,Sadangi,758001.0,2.0,"82,70,000",ALOKA KUMAR GHADEI,"8,269,437",Accepted-AOC,04-Jul-2026,CE RW I||RWCIRCLE-KEONJHAR||RWDIVISION-KEONJHAR - II
2026_OMC_128044_3,NIT No.12/OMC/CIVIL/2026,"De-silting of settling ponds, earthen and RCC drains in different places of Sukrangi mines (For monsoon preparatory measures) in the district of Jajpur.","De-silting of settling ponds, earthen and RCC drains in different places of Sukrangi mines (For monsoon preparatory measures) in the district of Jajpur.",Works,Open Tender,Percentage,Civil Works - Others,No,No,NA ,10-Apr-2026 05:00 PM,NA ,180.0,No ,No,Online,27-Apr-2026 11:00 AM,Orissa Mining Corporation,SUKURANGI,755028.0,2.0,"18,60,000",AYUSH CONSTRUCTION,"1,858,969.22",Rejected-Finance,20-Jun-2026,Orissa Mining Corporation
2025_EICCL_121707_7,CCE (R and B) BGR-13-2025-26,"CONSTRUCTION OF 300 SEATED TOWN HALL AT PATNAGARH, BALANGIR",Building work,Works,National Competitive Bid,Percentage,Civil Works - Buildings,No,No,NA ,04-Dec-2025 11:00 AM,NA ,90.0,No ,No,Online,20-Dec-2025 11:00 AM,EIC-CIVIL||SERNB-CIRCLE-BOLANGIR,Kantabanji,767039.0,2.0,"8,14,97,858",AJAY KUMAR AGRAWAL,"81,489,708",Not Admitted-Finance,09-Jun-2026,EIC-CIVIL||SERNB-CIRCLE-BOLANGIR
2026_ORULB_128890_1,CHM-3/2026-27,Construction of Urban Hata in Ward No 16 Under Choudwar Municipality,Construction of Urban Hata in Ward No 16 Under Choudwar Municipality,Works,Open Tender,Percentage,Civil Works - Others,No,No,NA ,07-May-2026 11:00 AM,NA ,180.0,No ,No,Online,29-May-2026 11:00 AM,Municipal Bodies||Choudwar Municipality,CHOUDWAR,754025.0,2.0,"1,29,50,321",BASUDEV BEHERA,"12,950,321",Rejected-Finance,02-Jul-2026,Municipal Bodies||Choudwar Municipality
2025_ORULB_121577_1,MC(CMC)CTC_EL_03/2025-26,"Installation of Electric Poles and Street Light Fittings on the road from Bidyadharpur Masani to Bhogamba Math Nadi Bandha, Potapokhari Housing Board Colony and Jagatpur Tahasil Office Road in Ward No. 55, 54 and 49","Installation of Electric Poles and Street Light Fittings on the road from Bidyadharpur Masani to Bhogamba Math Nadi Bandha, Potapokhari Housing Board Colony and Jagatpur Tahasil Office Road in Ward No. 55, 54 and 49",Works,Open Tender,Percentage,Electrical Works,No,No,NA ,19-Nov-2025 01:00 PM,NA ,90.0,No ,No,Online,29-Nov-2025 11:00 AM,Municipal Bodies||Cuttack Municipal Corporation,CMC,753012.0,1.0,"11,84,900",MAA TARINI ELECTRICAL CONSTRUCTION WORKS,"1,188,518",Not Admitted-Fee/PreQual/Technical/Finance,01-Jul-2026,Municipal Bodies||Cuttack Municipal Corporation
2025_EICCL_116862_1,SE RandB BDK-10/2025-26-1,"Extension of the existing Urban PHC Building Part -A -First Floor Part -B-Second Floor,Head Room at Bagurai in the District of Bhadrak","Extension of the existing Urban PHC Building Part -A -First Floor Part -B-Second Floor,Head Room at Bagurai in the District of Bhadrak",Works,Open Tender,Percentage,Civil Works - Buildings,No,No,NA ,16-Aug-2025 10:30 AM,NA ,90.0,No ,No,Online,26-Aug-2025 11:30 AM,EIC-CIVIL||SERNB-CIRCLE-EASTERN||EERNB-DIVN-BHADRAK,Bhadrak,756100.0,2.0,,ABHINANDAN MOHANTY,"4,326,257.51",Rejected-Finance,31-Jul-2026,EIC-CIVIL||SERNB-CIRCLE-EASTERN||EERNB-DIVN-BHADRAK
2025_EICCL_120013_3,BGR (R and B)-19 of 2025-26,"Repair renovation and extension of CDVO office, Balangir",Building work,Works,National Competitive Bid,Percentage,Civil Works - Buildings,No,No,NA ,28-Oct-2025 06:55 PM,NA ,90.0,No ,No,Online,07-Nov-2025 11:00 AM,EIC-CIVIL||SERNB-CIRCLE-BOLANGIR||EERNB DIVN BOLANGIR,Balangir,767001.0,1.0,"10,39,961",ASHOK SETH,"884,070",Rejected-Finance,23-Jul-2026,EIC-CIVIL||SERNB-CIRCLE-BOLANGIR||EERNB DIVN BOLANGIR
2025_CERWI_123268_2,CCERWCSBD Online 36/2025-26,Construction of H.L Bridge with Weir over LOCAL nallah at 0.700 K.M. on Dhodrapara to Dhodrapara Colony road in the District of Nabarangpur under SBY for the year 2024-25,Construction of H.L Bridge with Weir over LOCAL nallah at 0.700 K.M. on Dhodrapara to Dhodrapara Colony road in the District of Nabarangpur under SBY for the year 2024-25,Works,National Competitive Bid,Percentage,Civil Works - Bridges,No,No,NA ,19-Dec-2025 04:30 PM,NA ,90.0,No ,No,Online,06-Jan-2026 11:00 AM,CE RW I||RWCIRCLE-SUNABEDA,UMERKOTE,764073.0,2.0,"5,10,02,000",ABHAYA KUMAR MAHUNTA,"43,356,544.73",Rejected-AOC,06-Jul-2026,CE RW I||RWCIRCLE-SUNABEDA
2026_CERWI_126494_1,Tender Online RCK-03/26,"Construction of Sadanandapur Dudhei Nallah to Mirzapur Tarini Chhak, Dudhei Nallah Road-Durga Mandap, Dama Sahi Raban Podi Padia-Chandan Sporting Club in the Dist. of Jajpur for the year 2025-26.",Construction of road works,Works,National Competitive Bid,Percentage,Civil Works - Roads,No,No,NA ,23-Feb-2026 05:30 PM,NA ,90.0,No ,No,Online,06-Mar-2026 11:00 AM,CE RW I||RWCIRCLE-KENDRAPARA,Jajpur,755001.0,2.0,"3,48,98,844",CHITTA RANJAN DAS,"33,415,643",Accepted-AOC,10-Jul-2026,CE RW I||RWCIRCLE-KENDRAPARA
2025_CERWI_120439_17,Online Tender/13/RWDBNJ/2025-26,S/R to L042-RD road to Sandhipipalapanka road under Routine Maintenance for the year 2025-26,S/R to L042-RD road to Sandhipipalapanka road under Routine Maintenance for the year 2025-26,Works,National Competitive Bid,Percentage,Civil Works - Roads,No,No,NA ,31-Oct-2025 06:55 PM,NA ,90.0,No ,No,Online,11-Nov-2025 11:00 AM,CE RW I||RWCIRCLE-BERHAMPUR||RW Division Bhanjanagar,Bhanjanagar,761126.0,1.0,"5,07,967",Jayasen Sahu,"431,823",Accepted-AOC,28-Jul-2026,CE RW I||RWCIRCLE-BERHAMPUR||RW Division Bhanjanagar
2026_ORULB_130054_10,RDL NAC- 5/2026-27,Construction of Paver Block road from Haresh House towards Baikuntha House in ward No 10,Construction of Paver Block road from Haresh House towards Baikuntha House in ward No 10,Works,Open Tender,Percentage,Civil Works - Roads,No,No,NA ,30-May-2026 10:00 AM,NA ,90.0,No ,No,Online,16-Jun-2026 11:00 AM,Municipal Bodies||Redhakhol NAC,"NAC, Redhakhol",768106.0,1.0,"2,52,464",Subash Chandra Dash,"300,000",Rejected-Finance,20-Jul-2026,Municipal Bodies||Redhakhol NAC
2026_ORULB_129755_22,RGDA-MUN-01/2026-2027,"Construction of Drain at Kasturi nagar 1st lane towards Kandha Tumbiguda in ward no.-19, under Rayagada Municipality.","Construction of Drain at Kasturi nagar 1st lane towards Kandha Tumbiguda in ward no.-19, under Rayagada Municipality.",Works,Open Tender,Percentage,Civil Works - Others,No,No,NA ,25-May-2026 06:00 PM,NA ,90.0,No ,No,Online,10-Jun-2026 11:30 AM,Municipal Bodies||Rayagada Municipality,RAYAGADA MUNICIPALITY,765001.0,1.0,"42,67,155",Mohan Behera,"4,267,155",Rejected-Finance,10-Jul-2026,Municipal Bodies||Rayagada Municipality
2025_EICCL_115357_1,C.E. (B) - 09 / 2025-26,Renovation and Development of Maa Biraja Temple at Jajpur town in the district of Jajpur.,Renovation and Development of Maa Biraja Temple at Jajpur town in the district of Jajpur.,Works,Open Tender,Percentage,Civil Works - Buildings,No,No,NA ,09-Jul-2025 06:55 PM,NA ,90.0,No ,No,Online,24-Jul-2025 11:30 AM,EIC-CIVIL,JAJPUR DIST.,755007.0,2.0,"10,21,65,738",JRC TRANSCON PRIVATE LIMITED,"91,131,838",Accepted-AOC,07-Jul-2026,EIC-CIVIL
2026_CERWI_126843_1,RWCCESNG-37 of 2025-26,Construction of road from Goilo RD Road to Bounsjhar Ganjhutola,Construction of road from Goilo RD Road to Bounsjhar Ganjhutola,Works,National Competitive Bid,Percentage,Civil Works - Roads,No,No,NA ,02-Mar-2026 06:00 PM,NA ,90.0,No ,No,Online,16-Mar-2026 11:00 AM,CE RW I||RW-CIRCLE-SUNDARGARH,Rourkela,769004.0,2.0,"4,73,21,627",AJAY TIWARI,"47,321,627.135",Rejected-Technical,10-Jul-2026,CE RW I||RW-CIRCLE-SUNDARGARH
2026_CERWI_131006_1,Online Tender 04/2026-27,R.I.Office building Bipilingi_building,R.I.Office building Bipilingi_building,Works,National Competitive Bid,Percentage,Civil Works - Buildings,No,No,NA ,04-Jun-2026 01:00 PM,NA ,90.0,No ,No,Online,18-Jun-2026 11:00 AM,CE RW I||RWCIRCLE-BERHAMPUR||RWDIVISION-GANJAM - II,Ganjam,760012.0,1.0,"4,19,757",BIPLAB KUMAR PRADHAN,"302,225",Rejected-AOC,18-Jul-2026,CE RW I||RWCIRCLE-BERHAMPUR||RWDIVISION-GANJAM - II
2026_CEMIB_129604_5,SECMID_02/2026-27,Improvement to Suakhai CD in Badabarsingh village in Baramba Block of Cuttack District under Improvement to Checkdam Scheme for the year 2026-27.,Improvement to Suakhai CD in Badabarsingh village in Baramba Block of Cuttack District under Improvement to Checkdam Scheme for the year 2026-27.,Works,Open Tender,Percentage,Civil Works - Canal,No,No,NA ,22-May-2026 10:00 AM,NA ,90.0,No ,No,Online,01-Jun-2026 11:00 AM,"CE,Minor Irrigation,BBSR||SECMIC-BHUBANESWAR||CUTTACK",Baramba,754031.0,1.0,"5,08,960",BISWANATH KHATUA,"503,870.59",Rejected-Finance,08-Jul-2026,"CE,Minor Irrigation,BBSR||SECMIC-BHUBANESWAR||CUTTACK"
2026_ORULB_128386_9,BRJNRM -01/2026-27,Renovation of proposed Old-age Home at Brajrajnagar Municipality.,Old-age Home,Works,Open Tender,Percentage,Civil Works - Buildings,No,No,NA ,24-Apr-2026 01:00 PM,NA ,90.0,No ,No,Online,15-May-2026 09:00 AM,Municipal Bodies||Brajrajnagar Municipality,Brajrajnagar Municipality,768216.0,2.0,"19,99,900",JAI MAA RAM CHANDI TRADERS,"1,693,734.68",Rejected-AOC,09-Jul-2026,Municipal Bodies||Brajrajnagar Municipality
2026_EICCL_128086_3,SC RandB GM-II-36/2025-26,"Supply installation testing and commissioning of IP based CCTV surveillance system, LAN system at existing Airstrip to 2B Category, Rangailunda",Electrical work,Works,Open Tender,Percentage,Electrical Works,No,No,NA ,11-Apr-2026 06:55 PM,NA ,90.0,No ,No,Online,20-Apr-2026 11:30 AM,EIC-CIVIL||SERNB-CIRCLE-BERHAMPUR||EERNB-DIVN-GANJAM II,Rangailunda,760002.0,1.0,"29,99,956",AJANTA ENTERPRISES,"2,099,665",Rejected-AOC,26-Jul-2026,EIC-CIVIL||SERNB-CIRCLE-BERHAMPUR||EERNB-DIVN-GANJAM II
2026_PRKOK_125482_1,PS-KKSR-T-1/2025-26,Construction of 50 MT Godown and One office building in Kashibahal PACS under Koksara Block,Building,Works,Open Tender,Percentage,Civil Works - Buildings,No,No,NA ,04-Feb-2026 11:00 AM,NA ,90.0,No ,No,Online,17-Feb-2026 11:00 AM,Panchayati Raj and Drinking Water Department Odisha||Zilla Parisad Kalahandi||KOKASARA Block,Koksara,766019.0,1.0,"21,36,117",CHAITANYA MAJHI,"2,133,981",Rejected-Finance,30-Jul-2026,Panchayati Raj and Drinking Water Department Odisha||Zilla Parisad Kalahandi||KOKASARA Block
2025_CERWI_121239_1,Road online NCB No 11,SR to Gumura to Amalanigoda to Dityadhanurjaypur Road,SR to Gumura to Amalanigoda to Dityadhanurjaypur Road,Works,National Competitive Bid,Percentage,Civil Works - Roads,No,No,NA ,14-Nov-2025 12:00 PM,NA ,90.0,No ,No,Online,21-Nov-2025 11:00 AM,CE RW I||RWCIRCLE-KEONJHAR||RWDIVISION-KEONJHAR - II,Gumura,758001.0,1.0,"21,61,000",ASWINI KUMAR PATTNAIK,"2,160,649",Accepted-AOC,04-Jul-2026,CE RW I||RWCIRCLE-KEONJHAR||RWDIVISION-KEONJHAR - II
2026_ORULB_127815_8,MC(CMC)CTC_Div-II_No.3/2026-27,Reconstruction of road and drain with cover slab from Bena Babu shop to Amu Mahapatra res in Ward No. 28,Reconstruction of road and drain with cover slab from Bena Babu shop to Amu Mahapatra res in Ward No. 28,Works,Open Tender,Percentage,Civil Works - Others,No,No,NA ,30-Apr-2026 02:00 PM,NA ,90.0,No ,No,Online,14-May-2026 11:00 AM,Municipal Bodies||Cuttack Municipal Corporation,CMC,753001.0,1.0,"29,76,300",GOBARDHAN DALAI,"2,976,264",Rejected-AOC,24-Jul-2026,Municipal Bodies||Cuttack Municipal Corporation
2026_OPEPA_129643_17,DPC/SS/SNG/13OF2026-27,"INFRASTRUCTURE DEVELOPMENT OF GOVT. PRY. SCHOOL BIJABAHAL, GOVT. PRY. SCHOOL PATUABAHAL UNDER KUARMUNDA BLOCK (2)","INFRASTRUCTURE DEVELOPMENT OF GOVT. PRY. SCHOOL BIJABAHAL, GOVT. PRY. SCHOOL PATUABAHAL UNDER KUARMUNDA BLOCK (2)",Works,Open Tender,Percentage,Civil Works - Buildings,No,No,NA ,25-May-2026 09:00 AM,NA ,90.0,No ,No,Online,16-Jun-2026 05:30 PM,OPEPA Bhubaneswar||Samagra Shiksha Sundargarh,SUNDARGARH,770001.0,2.0,"4,89,72,710",ETWA BECK,"48,972,709.63",Rejected-Technical,06-Jul-2026,OPEPA Bhubaneswar||Samagra Shiksha Sundargarh
2026_ORULB_128547_4,EONM-01/2026-27,Construction of Boundary wall at outer premises of 500 capacity MPH Building in Ward No 12,CIVIL WORK,Works,Open Tender,Percentage,Civil Works - Others,No,No,NA ,29-Apr-2026 11:00 AM,NA ,90.0,No ,No,Online,12-May-2026 11:00 AM,Municipal Bodies||Nabarangpur Municipality,Nabarangpur,764059.0,1.0,"11,50,697",HARISH CHANDRA SETHIA,"1,006,856",Accepted-AOC,29-Jul-2026,Municipal Bodies||Nabarangpur Municipality
2025_ORULB_114385_1,BMC-EE-Tender Cell-21/2025-26 Dt. 10.06.2025,Construction of Crematorium at Palasuni in Ward No. 5,Construction of Crematorium at Palasuni in Ward No. 5,Works,Open Tender,Percentage,Civil Works - Others,No,No,NA ,12-Jun-2025 04:00 PM,17-Jun-2025 12:30 PM ,120.0,No ,No,Online,23-Jun-2025 11:30 AM,Municipal Bodies||Bhubaneswar Municipal Corporation,BMC AREA,751022.0,1.0,"35,91,149",AMARESH SAHOO,"3,602,346",Rejected-Finance,03-Jul-2026,Municipal Bodies||Bhubaneswar Municipal Corporation
2026_CEBBS_129136_5,SE-AID-2/2026-27,Repair to Routpada Minor RD 00m to RD 1980m Routpada Sub-minor 1L Routpada Sub-minor 2L Routpada Subminor 3R Routpada Subminor 4L of Right Main Canal of Manjore Irrigation Project.,Repair to Routpada Minor RD 00m to RD 1980m Routpada Sub-minor 1L Routpada Sub-minor 2L Routpada Subminor 3R Routpada Subminor 4L of Right Main Canal of Manjore Irrigation Project.,Works,Open Tender,Percentage,Civil Works - Canal,No,No,NA ,13-May-2026 11:00 AM,NA ,90.0,No ,No,Online,25-May-2026 09:00 AM,CE and BM Brahmani Basin Samal||SE Angul Irrigation Circle Angul||EE Angul Irrigation Division Angul,Angul,759143.0,1.0,,Ajit Kumar Acharya,"507,807",Rejected-Finance,19-Jun-2026,CE and BM Brahmani Basin Samal||SE Angul Irrigation Circle Angul||EE Angul Irrigation Division Angul
2026_CERWI_126085_1,12 OF 2025 - 26,Construction of Sub- Centre Building at Tumbandeisahi in the District of Jagatsinghpur,Construction of Sub- Centre Building at Tumbandeisahi in the District of Jagatsinghpur,Works,Open Tender,Percentage,Civil Works - Buildings,No,No,NA ,16-Feb-2026 11:00 AM,NA ,60.0,No ,No,Online,28-Feb-2026 11:00 AM,CE RW I||RWCIRCLE-CUTTACK||RWDIVISION-JAGATSINGHPUR,Jagatsinghpur,754294.0,1.0,"36,92,491",ABHIJIT DAS,"3,692,491",Rejected-Technical,14-Jul-2026,CE RW I||RWCIRCLE-CUTTACK||RWDIVISION-JAGATSINGHPUR
2025_OSCSC_116046_1,3580/2025,Selection and appointment of Level-II Transport Contractor for the biennial year 2025-27 of Daspalla Block.,Selection and appointment of Level-II Transport Contractor for the biennial year 2025-27 of Daspalla Block in Nayagarh District.,Services,Open Tender,Percentage,Handling and Transportation,No,No,NA ,25-Jul-2025 10:00 AM,30-Jul-2025 11:00 AM ,45.0,No ,No,Online,12-Aug-2025 11:00 AM,Odisha State Civil Supplies Corp. Ltd.||CSO cum DM Nayagarh,From RRC-cum-DSC to FPSs point,752090.0,2.0,"49,36,228",ALEKHA CHANDRA RAUT,18.99,Accepted-AOC,31-Jul-2026,Odisha State Civil Supplies Corp. Ltd.||CSO cum DM Nayagarh
2025_EICCL_120659_1,SE RandB BDK-24/2025-26-4,Shifting of 11KV/DTR/LT line for widening and strengthening of Gadi-Panchutikiri road (ODR) from 0/10km from Totapada chhak to Totapada Market,Shifting of 11KV/DTR/LT line for widening and strengthening of Gadi-Panchutikiri road (ODR) from 0/10km from Totapada chhak to Totapada Market,Works,Open Tender,Percentage,Electrical Works,No,No,NA ,03-Nov-2025 11:00 AM,NA ,30.0,No ,No,Online,11-Nov-2025 11:30 AM,EIC-CIVIL||SERNB-CIRCLE-EASTERN||EERNB-DIVN-BHADRAK,Bhadrak,756100.0,1.0,,BIPLAB KUMAR SARANGI,"2,246,937.56",Rejected-Finance,30-Jul-2026,EIC-CIVIL||SERNB-CIRCLE-EASTERN||EERNB-DIVN-BHADRAK
2026_ORULB_126953_22,EOBRP/07/2025-26,Covering of drain from Ramachandra meher to Bahalmunda in ward no 5,Covering of drain from Ramachandra meher to Bahalmunda in ward no 5,Works,Open Tender,Percentage,Civil Works - Others,No,No,NA ,07-Mar-2026 11:00 AM,NA ,90.0,No ,No,Online,16-Mar-2026 03:00 PM,Municipal Bodies||Barpali NAC,Barpali,768029.0,1.0,"67,407",SHIBARATRI SETH (SC),"49,913.17",Rejected-AOC,17-Jul-2026,Municipal Bodies||Barpali NAC
2026_ORULB_127399_7,OR/ULB/BUD/14/2025-26,Completion of Community Centre with approach road at Bapujinagar Betra sahi in ward No 10,Completion of Community Centre with approach road at Bapujinagar Betra sahi in ward No 10,Works,Open Tender,Percentage,Civil Works - Buildings,No,No,NA ,19-Mar-2026 10:00 AM,NA ,60.0,No ,No,Online,26-Mar-2026 11:00 AM,Municipal Bodies||Boudhgarh NAC,BOUDHGARH,762014.0,1.0,"2,82,765",Biswanath Patra,"282,482",Rejected-Technical,17-Jul-2026,Municipal Bodies||Boudhgarh NAC
2026_PRTRB_127051_2,PS-THRMPR-T-3/2025-26,"Construction of bridge alongwith guard wall and approach road on road from Adri to Colony pada, GP- Adri under Th.Rampur Block",Road work,Works,Open Tender,Percentage,Civil Works - Roads,No,No,NA ,10-Mar-2026 11:00 AM,NA ,90.0,No ,No,Online,31-Mar-2026 11:00 AM,Panchayati Raj and Drinking Water Department Odisha||Zilla Parisad Kalahandi||THUAMUL RAMPUR Block,Th.Rampur,766037.0,2.0,"82,86,943",Aakriti Goel,"8,278,656",Rejected-Finance,23-Jul-2026,Panchayati Raj and Drinking Water Department Odisha||Zilla Parisad Kalahandi||THUAMUL RAMPUR Block
2025_STSCD_122020_9,ITDAMKG-08/2025-26,"Const. of Additional Class room at EMRS, Malkangiri","Const. of Additional Class room at EMRS, Malkangiri Malkangiri Block",Works,Open Tender,Percentage,Civil Works - Buildings,No,No,NA ,26-Nov-2025 06:00 PM,NA ,120.0,No ,No,Online,16-Dec-2025 11:00 AM,ST and SC Development Deptt||ITDA MALKANGIRI,Malkangiri,764045.0,2.0,"74,82,782",BISHNUPAD MANDAL,"6,361,113",Rejected-Technical,10-Jul-2026,ST and SC Development Deptt||ITDA MALKANGIRI
2026_ORULB_129135_7,NLGN _1/2026-27,"Repair of CC road from Dhadasahi Hanuman Temple to end of Gania land, W.No.04 under Nilgiri NAC.","Repair of CC road from Dhadasahi Hanuman Temple to end of Gania land, W.No.04 under Nilgiri NAC.",Works,Open Tender,Percentage,Civil Works - Roads,No,No,NA ,11-May-2026 03:00 PM,NA ,120.0,No ,No,Online,25-May-2026 11:00 AM,Municipal Bodies||Nilgiri NAC,Nilgiri NAC,756040.0,1.0,"1,90,677",ABINASH NAYAK,"190,677",Rejected-AOC,13-Jul-2026,Municipal Bodies||Nilgiri NAC
2026_CERWI_127223_3,Tender Online 22 JJPT of 2025-26,S/R to H.L Bridge over Dudhei Nallah on MDR-14 to Erada Road for the Year 2025-26 in the Dist. of Jajpur.,S/R to H.L Bridge over Dudhei Nallah on MDR-14 to Erada Road for the Year 2025-26 in the Dist. of Jajpur.,Works,Open Tender,Percentage,Civil Works - Roads,No,No,NA ,12-Mar-2026 04:00 PM,NA ,30.0,No ,No,Online,19-Mar-2026 11:30 AM,CE RW I||RWCIRCLE-KENDRAPARA||RWDIVISION I JAJPUR,JAJPUR,755007.0,1.0,"5,18,907",M/S. RAJA LAXMI ENTERPRISES,"282,804.3",Rejected-AOC,17-Jul-2026,CE RW I||RWCIRCLE-KENDRAPARA||RWDIVISION I JAJPUR
2026_ORULB_126953_36,EOBRP/07/2025-26,Repairing of Patholes from ward no 1 to 11 (Ph 2 ) under NAC Barpali,Repairing of Patholes from ward no 1 to 11 (Ph 2 ) under NAC Barpali,Works,Open Tender,Percentage,Civil Works - Others,No,No,NA ,07-Mar-2026 11:00 AM,NA ,90.0,No ,No,Online,16-Mar-2026 03:00 PM,Municipal Bodies||Barpali NAC,Barpali,768029.0,1.0,"4,45,490",SHIBARATRI SETH (SC),"330,571.67",Rejected-AOC,17-Jul-2026,Municipal Bodies||Barpali NAC
2026_CERWI_129640_1,Online Tender 02 RWD Kuchinda 2026-27,"Construction of Additional Class Rooms for BRG Higher Secondary School Building, Bhojpur Under Infrastructure Grant of Deptt. of HSE Odisha for the year 2025-26.","Construction of Additional Class Rooms for BRG Higher Secondary School Building, Bhojpur Under Infrastructure Grant of Deptt. of HSE Odisha for the year 2025-26.",Works,Open Tender,Percentage,Civil Works - Buildings,No,No,NA ,22-May-2026 03:00 PM,NA ,90.0,No ,No,Online,06-Jun-2026 11:00 AM,CE RW I||RWCIRCLE-SAMBALPUR||RW Division Kuchinda,Kuchinda,768222.0,1.0,"33,97,483",Abhilash Patel,"3,397,483",Rejected-AOC,20-Jul-2026,CE RW I||RWCIRCLE-SAMBALPUR||RW Division Kuchinda
2026_EICCL_127460_1,SE PKD RandB DIVN 22/2025 26,"SITC of Fire Fighting system at OPD and IPD Kashinagar, Gajapati as per order No. 2231 Dt. 28.01.2026 of DHSO Buildings.","SITC of Fire Fighting system at OPD and IPD Kashinagar, Gajapati as per order No. 2231 Dt. 28.01.2026 of DHSO Buildings.",Works,Open Tender,Percentage,Electrical Works,No,No,NA ,24-Mar-2026 10:00 AM,NA ,90.0,No ,No,Online,08-Apr-2026 12:00 PM,EIC-CIVIL||SERNB-CIRCLE-RAYAGADA||EERNB DIVN PARALAKHEMUNDI,Gajapati,761200.0,1.0,"19,07,609",KIKSHORE MOHAN PANI,"1,907,609",Rejected-AOC,06-Jul-2026,EIC-CIVIL||SERNB-CIRCLE-RAYAGADA||EERNB DIVN PARALAKHEMUNDI
2026_EICCL_125382_1,CE-Roads-I-20/2025-26,Improvement such as widening and strengthening of Kushkulia to Belamunda road from 0/000 km to 5/804 km in the district of Deogarh under State Plan,Improvement such as widening and strengthening of Kushkulia to Belamunda road from 0/000 km to 5/804 km in the district of Deogarh under State Plan,Works,Open Tender,Percentage,Civil Works - Roads,No,No,NA ,02-Feb-2026 02:00 PM,NA ,90.0,No ,No,Online,19-Feb-2026 11:30 AM,EIC-CIVIL,Deogarh Division,751001.0,2.0,"16,19,12,657",KALPATARU MOHANTY,"121,450,684",Rejected-Finance,28-Jul-2026,EIC-CIVIL
2026_OCCL_127600_1,E-procurement Notice No.63/OCCL/2025-26(on-line),Bid identification No.OCCL-HQP/15/2025-26,"Construction of Additional floor (First floor (Part) and Second floor) in Existing Hostel Building for Institute of Mathematics and Application at Andharua, Bhubaneswar for the Year 2025-26.",Works,Open Tender,Percentage,Civil Works - Others,No,No,NA ,25-Mar-2026 03:30 PM,NA ,90.0,No ,No,Online,16-Apr-2026 12:00 PM,ODISHA CONSTRUCTION CORPORATION LTD,Bhubaneswar town in Khordha district.,751001.0,2.0,"3,57,00,661",ACP CONSTRUCTION,"28,564,099",Rejected-Finance,15-Jul-2026,ODISHA CONSTRUCTION CORPORATION LTD
2026_CEMIB_124854_4,Bid ID No. 09 SEMID (KJR/ 2025-2026) Dt. 08.01.2026,Construction of Kudumnali Check Dam over Bamin Nallah near village Urumunda in Banspal Block of Keonjhar District under MATY for the year 2025-2026,Construction of Kudumnali Check Dam over Bamin Nallah near village Urumunda in Banspal Block of Keonjhar District under MATY for the year 2025-2026,Works,National Competitive Bid,Percentage,Civil Works - Others,No,No,NA ,20-Jan-2026 12:00 PM,NA ,90.0,No ,No,Online,30-Jan-2026 11:00 AM,"CE,Minor Irrigation,BBSR||SE,Eastern Minor Irr.Circle,Keonjhar||EE M.I. Division Keonjhar",Banspal Block of Keonjhar District,758001.0,2.0,"62,47,000",DHARMAJEET SAHU,"4,241,113.22",Rejected-AOC,28-Jul-2026,"CE,Minor Irrigation,BBSR||SE,Eastern Minor Irr.Circle,Keonjhar||EE M.I. Division Keonjhar"
2026_ORULB_127198_2,EO_BLG.N_07_2025-26,Repair to Road from College Bypass Road towards Old Age Home(00M to 1000M) Ward No.11 of NAC Balliguda,Repair to Road from College Bypass Road towards Old Age Home(00M to 1000M) Ward No.11 of NAC Balliguda,Works,Open Tender,Percentage,Civil Works - Roads,No,No,NA ,13-Mar-2026 01:00 PM,NA ,90.0,No ,No,Online,24-Mar-2026 11:30 AM,Municipal Bodies||Balliguda N.A.C,NAC BALLIGUDA,762103.0,1.0,"19,63,500",DIBAKAR BEHERA,"1,943,803",Rejected-AOC,03-Jul-2026,Municipal Bodies||Balliguda N.A.C
2025_CERWI_120889_17,Tender Online - 08 of 2025-26,S/R to Pandua Ibrisingh tio Alukholanga Road for the year 2025-26,S/R to Pandua Ibrisingh tio Alukholanga Road for the year 2025-26,Works,Open Tender,Percentage,Civil Works - Roads,No,No,NA ,07-Nov-2025 11:00 AM,NA ,90.0,No ,No,Online,15-Nov-2025 11:00 AM,CE RW I||RWCIRCLE-CUTTACK||RWDIVISION-JAGATSINGHPUR,Jagatsinghpur,754103.0,1.0,"5,03,000",BIBHUTI BHUSAN RAY,"427,627",Rejected-Technical,23-Jul-2026,CE RW I||RWCIRCLE-CUTTACK||RWDIVISION-JAGATSINGHPUR
2025_EICCL_122568_3,S.E(R and B)-MLK-17/2025-26,External Power Supply with 18 KW Load to District Level Mission Shakti Bhawan at Malkangiri in the District of Malkangiri during 2025-26.,ELECTRICAL WORK,Works,Open Tender,Percentage,Electrical Works,No,No,NA ,04-Dec-2025 05:30 PM,NA ,90.0,No ,No,Online,17-Dec-2025 11:00 AM,EIC-CIVIL||SERNB-CIRCLE-JEYPORE||EERNB-DIVN-MALKANGIRI,MALKANGIRI,764045.0,1.0,,CHANDAN NAYAK,"468,978",Accepted-AOC,30-Jul-2026,EIC-CIVIL||SERNB-CIRCLE-JEYPORE||EERNB-DIVN-MALKANGIRI
2026_CEMIB_129604_10,SECMID_02/2026-27,Construction of Oringanali Check Dam over Local Nalla Near Badasamantarapur in Badasamantarapur GP in Tangi-choudwar Block of Cuttack District under MATY Scheme for the year 2026-27.,Construction of Oringanali Check Dam over Local Nalla Near Badasamantarapur in Badasamantarapur GP in Tangi-choudwar Block of Cuttack District under MATY Scheme for the year 2026-27.,Works,Open Tender,Percentage,Civil Works - Canal,No,No,NA ,22-May-2026 10:00 AM,NA ,90.0,No ,No,Online,01-Jun-2026 11:00 AM,"CE,Minor Irrigation,BBSR||SECMIC-BHUBANESWAR||CUTTACK",Tangi-Choudwar,753004.0,1.0,"47,77,389",BIREN KUMAR DEHURY,"4,777,389",Rejected-Finance,30-Jul-2026,"CE,Minor Irrigation,BBSR||SECMIC-BHUBANESWAR||CUTTACK"
2025_EICCL_123568_3,CCEEC-13/2025-26,Construction of Multi Purpose Hall in Odisha Adarsha Vidyalaya at Luhasila under Bijatal Block in Mayurbhanj District.,Building Work,Works,National Competitive Bid,Percentage,Civil Works - Buildings,No,No,NA ,20-Dec-2025 05:30 PM,NA ,90.0,No ,No,Online,05-Jan-2026 11:00 AM,EIC-CIVIL||SERNB-CIRCLE-EASTERN,Rairangpur,757043.0,2.0,"2,55,14,524",DILLIP KUMAR BARIK,"21,689,897",Accepted-AOC,15-Jul-2026,EIC-CIVIL||SERNB-CIRCLE-EASTERN
2025_ORULB_120037_42,PM_02/2025-26,Const of road From RandB Road to Prafulla Lenka and Sura Das House in ward no - 14,Const of road From RandB Road to Prafulla Lenka and Sura Das House in ward no - 14,Works,Open Limited,Percentage,Civil Works - Others,No,No,NA ,01-Nov-2025 06:00 PM,NA ,90.0,No ,No,Online,15-Nov-2025 11:00 AM,Municipal Bodies||Pattamundai Municipality,Pattamundai,754215.0,1.0,"15,32,202",BISWARANJAN LENKA,"1,536,980",Rejected-AOC,04-Jul-2026,Municipal Bodies||Pattamundai Municipality
2026_CERWI_124914_1,Road tender Online RWCSBP-29 of 25-26,Construction of road from Burda Badmal to Gambhariberni,Construction of road from Burda Badmal to Gambhariberni,Works,Open Tender,Percentage,Civil Works - Roads,No,No,NA ,21-Jan-2026 11:00 AM,NA ,90.0,No ,No,Online,30-Jan-2026 11:00 AM,CE RW I||RWCIRCLE-SAMBALPUR,Sambalpur,768001.0,2.0,"3,99,78,892",DHANESWAR SAHU,"30,931,669",Accepted-AOC,29-Jul-2026,CE RW I||RWCIRCLE-SAMBALPUR
2026_EICCL_127177_2,CCE_R and B_PLB_22 of 2025_26,Construction of 4 Nos of C type Quarters (S plus 2) for Judicial officers at Boudh,Construction of 4 Nos of C type Quarters (S plus 2) for Judicial officers at Boudh,Works,Open Tender,Percentage,Civil Works - Buildings,No,No,NA ,16-Mar-2026 10:00 AM,NA ,90.0,No ,No,Online,31-Mar-2026 11:00 AM,EIC-CIVIL||SERNB-CIRCLE-PHULBANI,Boudh,762014.0,2.0,"3,62,32,771",Basanta Kumar Swain,"28,417,362",Rejected-Technical,18-Jul-2026,EIC-CIVIL||SERNB-CIRCLE-PHULBANI
2026_CERWI_125951_1,RWD CTC-24 /2025-26,Construction of D Type Quarter building of Mahanga Tahasildar Building at Mahanga in the district of Cuttack for the year 2025-26,Construction of D Type Quarter building of Mahanga Tahasildar Building at Mahanga in the district of Cuttack for the year 2025-26,Works,Open Tender,Percentage,Civil Works - Buildings,No,No,NA ,12-Feb-2026 06:00 PM,NA ,90.0,No ,No,Online,23-Feb-2026 11:00 AM,CE RW I||RWCIRCLE-CUTTACK||RWDIVISION-CUTTACK,Cuttack,753004.0,1.0,"35,41,399",AURODEEP ROUT,"2,797,704.83",Rejected-Finance,22-Jul-2026,CE RW I||RWCIRCLE-CUTTACK||RWDIVISION-CUTTACK
2026_EICCL_128363_10,SE R and B Divn NoI Bam 4/2026-27,"Supply and Complete Installation of A.C at different Buildings of MKCG, MC and H, Berhampur.","Supply and Complete Installation of A.C at different Buildings of MKCG, MC and H, Berhampur.",Works,Open Tender,Percentage,Electrical Works,No,No,NA ,22-Apr-2026 06:00 PM,NA ,90.0,No ,No,Online,29-Apr-2026 11:30 AM,EIC-CIVIL||SERNB-CIRCLE-BERHAMPUR||EERNB-DIVN-GANJAM I,Berhampur,760005.0,1.0,"18,12,275",M/s CHOUDHURY ENTERPRISES,"1,340,902",Rejected-AOC,22-Jul-2026,EIC-CIVIL||SERNB-CIRCLE-BERHAMPUR||EERNB-DIVN-GANJAM I
2025_ORULB_116784_6,MC(CMC)CTC_Div-IIINo.17/25-26,Construction of drain with cover slab and paver block road from Pratap Panda res to Kabiraja Padhi via Manas Nayak at Fakirpur in Ward No.48.,Construction of drain with cover slab and paver block road from Pratap Panda res to Kabiraja Padhi via Manas Nayak at Fakirpur in Ward No.48.,Works,Open Tender,Percentage,Civil Works - Others,No,No,NA ,09-Oct-2025 12:00 PM,NA ,75.0,No ,No,Online,28-Oct-2025 10:00 AM,Municipal Bodies||Cuttack Municipal Corporation,CMC,753012.0,1.0,"12,44,483",ANKIT SAGAR DALAI,"1,057,935",Rejected-AOC,08-Jul-2026,Municipal Bodies||Cuttack Municipal Corporation
2026_CEBMT_128472_2,"EE,KID-01/2026-27",Flood protection work to the Right bank of river Pillasalki near Chandanpur sahi under PSIP (From RD 13500m to RD 13630m),Flood protection work to the Right bank of river Pillasalki near Chandanpur sahi under PSIP (From RD 13500m to RD 13630m),Works,Open Tender,Percentage,Civil Works - Others,No,No,NA ,04-May-2026 10:00 AM,NA ,90.0,No ,No,Online,19-May-2026 11:00 AM,"CE-BM, Tel Basin,Bhawanipatna||SE Balangir Irr Circle Balangir||EE Kandhamal Irr Division Phulbani",Phulbani,762001.0,1.0,"41,45,690",MANOJ KUMAR MISHRA,"2,777,197.84",Rejected-Finance,20-Jul-2026,"CE-BM, Tel Basin,Bhawanipatna||SE Balangir Irr Circle Balangir||EE Kandhamal Irr Division Phulbani"
2026_ORULB_126857_50,06/BGH- MUN/2025-26,Construction of CC Road from ganesh sabat to tankadhar padhan gali no-07(b)1 nigamananda bihar w.no-01,Construction of CC Road from ganesh sabat to tankadhar padhan gali no-07(b)1 nigamananda bihar w.no-01,Works,Open Tender,Percentage,Civil Works - Others,No,No,NA ,06-Mar-2026 04:00 PM,NA ,90.0,No ,No,Online,17-Mar-2026 11:00 AM,Municipal Bodies||Bargarh Municipal Council,Bargarh,768028.0,1.0,"17,99,485",ARUN DAS,"1,349,254",Rejected-Finance,17-Jul-2026,Municipal Bodies||Bargarh Municipal Council
2025_ORULB_112423_242,BM-BDK-01-2025-26,Construction of paver road from Aleena Furniture Shop towards Kadambeda Chhak in Ward No.18,Construction of paver road from Aleena Furniture Shop towards Kadambeda Chhak in Ward No.18,Works,Open Tender,Percentage,Civil Works - Others,No,No,NA ,17-Apr-2025 10:00 AM,NA ,90.0,No ,No,Online,29-Apr-2025 11:00 AM,Municipal Bodies||Bhadrak Municipality,Bhadrak Municipality,756100.0,1.0,"7,41,127",Dayanidhi Mohapatra,"704,145",Rejected-AOC,03-Jul-2026,Municipal Bodies||Bhadrak Municipality
2025_ORULB_120037_40,PM_02/2025-26,"Const of road at Municipality road to Chitaranjan Panda , Biswaranjan Dash and Sadananda Sir House in ward no - 13","Const of road at Municipality road to Chitaranjan Panda , Biswaranjan Dash and Sadananda Sir House in ward no - 13",Works,Open Limited,Percentage,Civil Works - Others,No,No,NA ,01-Nov-2025 06:00 PM,NA ,90.0,No ,No,Online,15-Nov-2025 11:00 AM,Municipal Bodies||Pattamundai Municipality,Pattamundai,754215.0,1.0,"16,88,983",AJIT KUMAR LENKA,"1,694,249",Rejected-AOC,04-Jul-2026,Municipal Bodies||Pattamundai Municipality
2026_CERWI_129642_1,Online Tender 02 RWD Kuchinda 2026-27,"Construction of Additional Class Rooms for Kuturachuan Higher Secondary School Building under Infrastructure Grants of Deptt. of HSE, Odisha for the year 2025-26.","Construction of Additional Class Rooms for Kuturachuan Higher Secondary School Building under Infrastructure Grants of Deptt. of HSE, Odisha for the year 2025-26.",Works,Open Tender,Percentage,Civil Works - Buildings,No,No,NA ,22-May-2026 03:00 PM,NA ,90.0,No ,No,Online,06-Jun-2026 11:00 AM,CE RW I||RWCIRCLE-SAMBALPUR||RW Division Kuchinda,Kuchinda,768222.0,1.0,"33,43,879",Abhilash Patel,"3,343,879",Rejected-AOC,20-Jul-2026,CE RW I||RWCIRCLE-SAMBALPUR||RW Division Kuchinda
2026_CERWI_126087_1,12 OF 2025-26,Construction of Sub- Centre Building at Mohamadabad in the District of Jagatsinghpur,Construction of Sub- Centre Building at Mohamadabad in the District of Jagatsinghpur,Works,Open Tender,Percentage,Civil Works - Buildings,No,No,NA ,16-Feb-2026 11:00 AM,NA ,60.0,No ,No,Online,28-Feb-2026 11:00 AM,CE RW I||RWCIRCLE-CUTTACK||RWDIVISION-JAGATSINGHPUR,Jagatsinghpur,754103.0,1.0,"36,91,588",ABHIJIT PARIDA,"3,079,892",Rejected-Technical,14-Jul-2026,CE RW I||RWCIRCLE-CUTTACK||RWDIVISION-JAGATSINGHPUR
2025_EICCL_122568_1,S.E(R and B)-MLK-17/2025-26,External Power Supply to Balimela (RAndB) Sub Division office(21KW Load) and Balimela G.E.Section Office(7 KW Load) at Balimela in the District of Malkangiri during 2025-26.,ELECTRICAL WORK,Works,Open Tender,Percentage,Electrical Works,No,No,NA ,04-Dec-2025 05:30 PM,NA ,90.0,No ,No,Online,17-Dec-2025 11:00 AM,EIC-CIVIL||SERNB-CIRCLE-JEYPORE||EERNB-DIVN-MALKANGIRI,MALKANGIRI,764045.0,1.0,,CHANDAN NAYAK,"587,493",Accepted-AOC,30-Jul-2026,EIC-CIVIL||SERNB-CIRCLE-JEYPORE||EERNB-DIVN-MALKANGIRI
2025_ORULB_121901_2,EO/AGLM-09/2025-26,Construction of road at Nijar Ali house back side and Ramkumar lane road drain repair at ward No.5,Construction of road at Nijar Ali house back side and Ram kumar lane road drain repair at ward No.5,Works,Open Tender,Percentage,Civil Works - Others,No,No,NA ,26-Nov-2025 12:30 PM,NA ,90.0,No ,No,Online,08-Dec-2025 11:00 AM,Municipal Bodies||Angul Municipality,Angul,759122.0,1.0,"5,97,295",AJIT PRASAD DWIVEDY,"507,760",Rejected-AOC,07-Jul-2026,Municipal Bodies||Angul Municipality
2026_CERWI_126333_14,Online Tender/47-2025-26/BPR,Construction of PWD road Badabaragaon Odia Sahi Chhaka to Ranigaon village via Dandasi Sahi BBS Pur and Ada Bandha road in the District of Ganjam under MMSY-TRIP for the year 2025-26,Construction of PWD road Badabaragaon Odia Sahi Chhaka to Ranigaon village via Dandasi Sahi BBS Pur and Ada Bandha road in the District of Ganjam under MMSY-TRIP for the year 2025-26,Works,National Competitive Bid,Percentage,Civil Works - Roads,No,No,NA ,20-Feb-2026 10:00 AM,NA ,90.0,No ,No,Online,02-Mar-2026 11:00 AM,CE RW I||RWCIRCLE-BERHAMPUR,Ganjam,760011.0,2.0,"3,06,54,000",BAURI BANDHU KHATAI,"26,058,871",Rejected-AOC,05-Jul-2026,CE RW I||RWCIRCLE-BERHAMPUR
2026_ORULB_127649_12,MC(CMC)CTC_Div-I_No.26/2025-26,S/R to C.C road from Mehendipur colony inside in Ward No. 14.,S/R to C.C road from Mehendipur colony inside in Ward No. 14.,Works,Open Tender,Percentage,Civil Works - Others,No,No,NA ,30-Mar-2026 03:00 PM,NA ,90.0,No ,No,Online,13-Apr-2026 11:00 AM,Municipal Bodies||Cuttack Municipal Corporation,CMC,753012.0,1.0,"3,41,300",HRUSHIKESH SAHOO,"348,040",Rejected-AOC,15-Jul-2026,Municipal Bodies||Cuttack Municipal Corporation
2026_ORULB_127399_5,OR/ULB/BUD/14/2025-26,Providing cover slab of the drain at Bapujinagar from Nata Nayak house to School in ward No 10,Providing cover slab of the drain at Bapujinagar from Nata Nayak house to School in ward No 10,Works,Open Tender,Percentage,Civil Works - Others,No,No,NA ,19-Mar-2026 10:00 AM,NA ,45.0,No ,No,Online,26-Mar-2026 11:00 AM,Municipal Bodies||Boudhgarh NAC,BOUDHGARH,762014.0,1.0,"7,78,228",Biswanath Patra,"777,450",Rejected-Technical,17-Jul-2026,Municipal Bodies||Boudhgarh NAC
2026_ORULB_126953_20,EOBRP/07/2025-26,Covering of drain from Binod seth house to Ramachandra padhan house in ward no 5,Covering of drain from Binod seth house to Ramachandra padhan house in ward no 5,Works,Open Tender,Percentage,Civil Works - Others,No,No,NA ,07-Mar-2026 11:00 AM,NA ,90.0,No ,No,Online,16-Mar-2026 03:00 PM,Municipal Bodies||Barpali NAC,Barpali,768029.0,1.0,"2,69,271",JITEN SUNA,"199,733.51",Rejected-AOC,17-Jul-2026,Municipal Bodies||Barpali NAC
2026_ORULB_126953_34,EOBRP/07/2025-26,Covering of drain from Old anganwadi to samaru dash in ward no 11,Covering of drain from Old anganwadi to samaru dash in ward no 11,Works,Open Tender,Percentage,Civil Works - Others,No,No,NA ,07-Mar-2026 11:00 AM,NA ,90.0,No ,No,Online,16-Mar-2026 03:00 PM,Municipal Bodies||Barpali NAC,Barpali,768029.0,1.0,"2,69,080",LALIT MEHER (SC),"199,674.49",Rejected-AOC,17-Jul-2026,Municipal Bodies||Barpali NAC
2026_CERWI_125916_1,Road Tender Online RWCSBP-29/2025-26,Construction of road from Jharmal to Babumalti,Construction of road from Jharmal to Babumalti,Works,Open Tender,Percentage,Civil Works - Roads,No,No,NA ,12-Feb-2026 09:00 AM,NA ,90.0,No ,No,Online,20-Feb-2026 11:00 AM,CE RW I||RWCIRCLE-SAMBALPUR,Kuchinda,768222.0,2.0,"3,97,46,312",ABHIJEET BOSE,"30,604,660",Rejected-AOC,30-Jul-2026,CE RW I||RWCIRCLE-SAMBALPUR
2026_CERWI_127223_1,Tender Online 22 JJPT of 2025-26,S/R to RD Road to Baitangi Road for the Year 2025-26 in the Dist. of Jajpur,S/R to RD Road to Baitangi Road for the Year 2025-26 in the Dist. of Jajpur,Works,Open Tender,Percentage,Civil Works - Roads,No,No,NA ,12-Mar-2026 04:00 PM,NA ,30.0,No ,No,Online,19-Mar-2026 11:30 AM,CE RW I||RWCIRCLE-KENDRAPARA||RWDIVISION I JAJPUR,JAJPUR,755007.0,1.0,"6,40,977",ADHAR KUMAR SAMAL,"432,659.5",Rejected-AOC,17-Jul-2026,CE RW I||RWCIRCLE-KENDRAPARA||RWDIVISION I JAJPUR
2026_ORULB_129135_5,NLGN _1/2026-27,"Repair of CC road from Ananta Muduli house to Minati Muduli house, W.No.03 under Nilgiri NAC.","Repair of CC road from Ananta Muduli house to Minati Muduli house, W.No.03 under Nilgiri NAC.",Works,Open Tender,Percentage,Civil Works - Roads,No,No,NA ,11-May-2026 03:00 PM,NA ,120.0,No ,No,Online,25-May-2026 11:00 AM,Municipal Bodies||Nilgiri NAC,Nilgiri NAC,756040.0,1.0,"97,712",ABINASH NAYAK,"97,712",Rejected-AOC,14-Jul-2026,Municipal Bodies||Nilgiri NAC
2026_CERWI_127266_1,RWCCESNG-38 OF 2025-26,Construction of road from RD road Sukhanala to Dudi RD road,Construction of road from RD road Sukhanala to Dudi RD road,Works,National Competitive Bid,Percentage,Civil Works - Roads,No,No,NA ,13-Mar-2026 05:00 PM,NA ,90.0,No ,No,Online,31-Mar-2026 11:00 AM,CE RW I||RW-CIRCLE-SUNDARGARH,Sundergarh,770020.0,2.0,"3,49,02,396",BIJAY KUMAR AGRAWAL,"34,867,493.123",Accepted-AOC,07-Jul-2026,CE RW I||RW-CIRCLE-SUNDARGARH
2026_EICCL_129347_1,SC RandB GM-II-4/2026-27,"S/R such as Comprehensive annual Electrical maintenance for wiring and electrical accessories to Community health center(CHC) at Belagaon, Bhatakumarada, Purushottampur and Kodala in the district of Ganjam.","S/R such as Comprehensive annual Electrical maintenance for wiring and electrical accessories to Community health center(CHC) at Belagaon, Bhatakumarada, Purushottampur and Kodala in the district of Ganjam.",Works,Open Tender,Percentage,Electrical Works,No,No,NA ,15-May-2026 10:00 AM,NA ,90.0,No ,No,Online,28-May-2026 11:30 AM,EIC-CIVIL||SERNB-CIRCLE-BERHAMPUR||EERNB-DIVN-GANJAM II,Ganjam,760005.0,1.0,"4,19,506",SANKARSAN SAHU,"306,197",Accepted-AOC,26-Jul-2026,EIC-CIVIL||SERNB-CIRCLE-BERHAMPUR||EERNB-DIVN-GANJAM II
2026_RWSS_126957_2,RWSS_53_2025-26,LAYING OF PIPELINE FOR PWS TO CHASIKHANDA UNDER BIRIDI BLOCK,LAYING OF PIPELINE FOR PWS TO CHASIKHANDA UNDER BIRIDI BLOCK,Works,National Competitive Bid,Percentage,Civil Works - Water Works,No,No,NA ,07-Mar-2026 10:00 AM,07-Mar-2026 10:00 AM ,90.0,No ,No,Online,16-Mar-2026 11:00 AM,Rural Water Supply and Sanitation||RWSS Circle Cuttack||EE RWSS Divn Jagatsinghpur,OFFICE OF THE SE RWSS DIVISION JAGATSINGHPUR,754103.0,1.0,"10,50,347",ARABINDA SWAIN,"1,050,347",Rejected-AOC,20-Jul-2026,Rural Water Supply and Sanitation||RWSS Circle Cuttack||EE RWSS Divn Jagatsinghpur
2026_CEBBS_129136_7,SE-AID-2/2026-27,Repair and Desilting of Rock toe Drain and Longitudinal and Transverse Drain of Earth Dam of Manjore Irrigation Project.,Repair and Desilting of Rock toe Drain and Longitudinal and Transverse Drain of Earth Dam of Manjore Irrigation Project.,Works,Open Tender,Percentage,Civil Works - Canal,No,No,NA ,13-May-2026 11:00 AM,NA ,90.0,No ,No,Online,25-May-2026 09:00 AM,CE and BM Brahmani Basin Samal||SE Angul Irrigation Circle Angul||EE Angul Irrigation Division Angul,Angul,759143.0,1.0,,Ajit Kumar Acharya,"592,504",Rejected-Finance,19-Jun-2026,CE and BM Brahmani Basin Samal||SE Angul Irrigation Circle Angul||EE Angul Irrigation Division Angul
2025_ORULB_121859_27,ODULB_KGM_19/2025-2026,Special Repair of Road from Bapi house to Chaitanya Dalei house at Brundabanbihar in Ward No-15,Special Repair of Road from Bapi house to Chaitanya Dalei house at Brundabanbihar in Ward No-15,Works,Open Tender,Percentage,Civil Works - Others,No,No,NA ,08-Dec-2025 12:00 PM,NA ,120.0,No ,No,Online,19-Dec-2025 11:00 AM,Municipal Bodies||Keonjhargarh Municipal Council,KEONJHARGARH MUNICIPALITY,758001.0,1.0,"7,98,300",NARENDRA NAIK,"662,964.24",Accepted-AOC,27-Jul-2026,Municipal Bodies||Keonjhargarh Municipal Council
2026_OPEPA_129065_1,IFB-DPC SS KPT ACR 138/144 OF 2024-25,CONSTRUCTION OF 1 NO ADDITIONAL CLASS ROOM BUILDING AT CHINAWALODA PROJ PS OF BANDHUGAM BLOCK,CONSTRUCTION OF 1 NO ADDITIONAL CLASS ROOM BUILDING AT CHINAWALODA PROJ PS OF BANDHUGAM BLOCK,Works,Open Tender,Percentage,Civil Works - Buildings,No,No,NA ,11-May-2026 11:00 AM,NA ,90.0,No ,No,Online,26-May-2026 11:30 AM,OPEPA Bhubaneswar||Samagra Shiksha Koraput,CHINAWALODA PROJ PS OF BANDHUGAM BLOCK,764027.0,1.0,"14,44,318",LAXMAN PIDIKA,"1,415,431.43",Rejected-AOC,24-Jun-2026,OPEPA Bhubaneswar||Samagra Shiksha Koraput
2026_WCUTT_129298_1,GMWATCO (W)-04/2026-27 Dtd.12.05.2026,"Improvement of water supply to Mahanadi, Kathajodi and Birupa Residential Building and Clinical Blocks in connection with redevelopment of SCBMCH, Cuttack","Improvement of water supply to Mahanadi, Kathajodi and Birupa Residential Building and Clinical Blocks in connection with redevelopment of SCBMCH, Cuttack",Works,National Competitive Bid,Percentage,Civil Works - Water Works,No,No,NA ,15-May-2026 11:00 AM,NA ,120.0,No ,No,Online,26-May-2026 12:30 PM,WATCO Bhubaneswar||Director (Operation) Watco||WATCO Division Cuttack,Cuttack,753003.0,2.0,"43,30,581",BALAJI CONTECH PROJECTS PVT LTD,"3,217,622",Rejected-AOC,15-Jul-2026,WATCO Bhubaneswar||Director (Operation) Watco||WATCO Division Cuttack
2026_EICCL_124939_2,eTCN-41/25-26,Construction of Temporary Steel Barricading for Devotees and Painting Work for Celebration of Maha Shiva Ratri Festival -2026 of Lord Lingaraj at Lingaraj Temple to be held on 15/02/2026 for the Year 2025-26,Construction of Temporary Steel Barricading for Devotees and Painting Work for Celebration of Maha Shiva Ratri Festival -2026 of Lord Lingaraj at Lingaraj Temple to be held on 15/02/2026 for the Year 2025-26,Works,Open Tender,Percentage,Civil Works - Others,No,No,NA ,22-Jan-2026 06:00 PM,NA ,90.0,No ,No,Online,02-Feb-2026 11:00 AM,EIC-CIVIL||SERNB-CIRCLE-CENTRAL||EERNB-DIVN-II-BBSR,Bhubaneswar,751003.0,1.0,"30,12,433",AKSHAYA KUMAR MALLIA,"3,160,041",Rejected-Technical,15-Jul-2026,EIC-CIVIL||SERNB-CIRCLE-CENTRAL||EERNB-DIVN-II-BBSR
2026_PHEO_128762_2,ACEPHBGR 01/2026-27,"Procurement and commissioning of trolley mounted 160 KVA, 100 KVA and 10 KVA DG set for Balangir Municipality.","Procurement and commissioning of trolley mounted 160 KVA, 100 KVA and 10 KVA DG set for Balangir Municipality.",Works,National Competitive Bid,Percentage,Civil Works - Water Works,No,No,NA ,04-May-2026 02:30 PM,NA ,120.0,No ,No,Online,21-May-2026 11:00 AM,PHEO||PH Circle Bhawanipatna||PH Division Balangir,Balangir Municipality,767001.0,2.0,"61,19,918",ABC CONSTRUCTIONS,"5,496,299",Rejected-Finance,27-Jul-2026,PHEO||PH Circle Bhawanipatna||PH Division Balangir
2026_CERWI_127533_1,Tender Online RCK-04/26,"Improvement toRD Road Solapata Chhak to Ranapur via Sajapata, Mangalpur, Sahaspur, Tarando, Gopalpur, Mahulia in the Dist. of Jajpur for the year 2025-26.",Construction of road works,Works,National Competitive Bid,Percentage,Civil Works - Roads,No,No,NA ,23-Mar-2026 05:55 PM,NA ,90.0,No ,No,Online,06-Apr-2026 11:00 AM,CE RW I||RWCIRCLE-KENDRAPARA,Jajpur,755001.0,2.0,"1,80,64,573",MS SHREE JAGANNATH ENTERPRISES,"18,064,572",Accepted-AOC,14-Jul-2026,CE RW I||RWCIRCLE-KENDRAPARA
2026_CERWI_126474_6,Online Tender/45-2025-26/BPR,Improvement to L-035 PWD road Gunupur to Belakudi road in the District of Ganjam under MMSY-Improvement to Existing RD Road for the year 2025-26.,Improvement to L-035 PWD road Gunupur to Belakudi road in the District of Ganjam under MMSY-Improvement to Existing RD Road for the year 2025-26.,Works,National Competitive Bid,Percentage,Civil Works - Roads,No,No,NA ,23-Feb-2026 03:00 PM,NA ,90.0,No ,No,Online,05-Mar-2026 11:00 AM,CE RW I||RWCIRCLE-BERHAMPUR,Ganjam,760011.0,2.0,"1,39,39,000",AKASH KUMAR PANDA,"11,848,839",Rejected-AOC,04-Jul-2026,CE RW I||RWCIRCLE-BERHAMPUR
2026_EICCL_127579_7,CCENC (R AND B) / 21/ 2025-26,Improvement of Patrapali Chhaka to Jharmunda via Halkadhipa Road from 0-000 Km to 14-000 Km in the District of Jharsuguda under State Plan for the year 2025-26.,road work,Works,National Competitive Bid,Percentage,Civil Works - Roads,No,No,NA ,26-Mar-2026 05:30 PM,NA ,90.0,No ,No,Online,13-Apr-2026 11:00 AM,EIC-CIVIL||SERNB-CIRCLE-NORTHERN,Jharsuguda,768201.0,2.0,"3,83,59,064",AMAN BADHAN,"31,841,859",Rejected-Finance,17-Jul-2026,EIC-CIVIL||SERNB-CIRCLE-NORTHERN
2026_ORULB_127203_7,EONM-06/2025-26,Construction of Paver Block Road with Drain Slab from at Dalai Street in Ward No-11,CIVIL WORK,Works,Open Tender,Percentage,Civil Works - Others,No,No,NA ,16-Mar-2026 11:00 AM,NA ,90.0,No ,No,Online,26-Mar-2026 11:00 AM,Municipal Bodies||Nabarangpur Municipality,Nabarangpur,764059.0,1.0,"16,10,334",BABITA KUMARI MOHAPATRA,"1,513,873",Accepted-AOC,29-Jul-2026,Municipal Bodies||Nabarangpur Municipality
2026_CERWI_124663_2,Road Online NCB No15,SR to Khuntapada to Neundi Road,SR to Khuntapada to Neundi Road,Works,National Competitive Bid,Percentage,Civil Works - Roads,No,No,NA ,16-Jan-2026 05:00 PM,NA ,60.0,No ,No,Online,29-Jan-2026 11:00 AM,CE RW I||RWCIRCLE-KEONJHAR||RWDIVISION-KEONJHAR - II,Neundi,758001.0,1.0,"17,62,000",MANASI PATTNAIK,"1,762,117",Rejected-Finance,04-Jul-2026,CE RW I||RWCIRCLE-KEONJHAR||RWDIVISION-KEONJHAR - II
2026_ORULB_128734_8,SNP-MUN-37/2026-27,Construction of drain and Road Hajaru majhi house to Rama Satpathy House W.No-2,Construction of drain and Road Hajaru majhi house to Rama Satpathy House W.No-2,Works,Open Tender,Percentage,Civil Works - Others,No,No,NA ,05-May-2026 11:00 AM,NA ,60.0,No ,No,Online,16-May-2026 11:00 AM,Municipal Bodies||Sonepur Municipal Council,Sonepur Municipality,767017.0,1.0,"5,12,985",BIKRAM KUMAR AGRAWAL,"512,985",Rejected-Technical,27-Jul-2026,Municipal Bodies||Sonepur Municipal Council
2025_EICCL_120013_1,BGR (R and B)-19 of 2025-26,"Construction of New DTC Building at O/O CDVO, Balangir,",Building work,Works,National Competitive Bid,Percentage,Civil Works - Buildings,No,No,NA ,28-Oct-2025 06:55 PM,NA ,90.0,No ,No,Online,07-Nov-2025 11:00 AM,EIC-CIVIL||SERNB-CIRCLE-BOLANGIR||EERNB DIVN BOLANGIR,Balangir,767001.0,1.0,"34,61,172",AKARSHAN JHA,"2,942,342",Rejected-Finance,28-Jul-2026,EIC-CIVIL||SERNB-CIRCLE-BOLANGIR||EERNB DIVN BOLANGIR
2025_ORULB_120430_4,RNP NAC -06 /2025-26,Construction of Paver road fromPost Office on Block Road towards Maninag Road in ward no-12,Construction of Paver road fromPost Office on Block Road towards Maninag Road in ward no-12,Works,Open Tender,Percentage,Civil Works - Roads,No,No,NA ,01-Nov-2025 11:00 AM,NA ,180.0,No ,No,Online,17-Nov-2025 11:00 AM,Municipal Bodies||Ranpur NAC,NAC RANPUR,752026.0,2.0,"1,38,69,238",AMIYA PRASAD DASH,"11,790,239",Accepted-AOC,24-Jul-2026,Municipal Bodies||Ranpur NAC
2026_EICCL_126268_10,SE(RandB)BLS-Divn-1-47/2025-26,"At-Padhuanpada,Dist-Balasore","At-Padhuanpada,Dist-Balasore",Works,Open Tender,Percentage,Electrical Works,No,No,NA ,19-Feb-2026 10:00 AM,NA ,90.0,No ,No,Online,02-Mar-2026 10:00 AM,EIC-CIVIL||SERNB-CIRCLE-EASTERN||EERNB-DIVN-BALASORE,Balasore,756001.0,1.0,,"M/S KK ENTERPRISES,PROPRIETOR-KABERI MOHANTY","1,470,256.76",Rejected-AOC,01-Aug-2026,EIC-CIVIL||SERNB-CIRCLE-EASTERN||EERNB-DIVN-BALASORE
2026_ORULB_129755_20,RGDA-MUN-01/2026-2027,Repair and Renovation of MCC and MRF Centre at Saipriya nagar under Rayagada Municipality,Repair and Renovation of MCC and MRF Centre at Saipriya nagar under Rayagada Municipality,Works,Open Tender,Percentage,Civil Works - Others,No,No,NA ,25-May-2026 06:00 PM,NA ,90.0,No ,No,Online,10-Jun-2026 11:30 AM,Municipal Bodies||Rayagada Municipality,RAYAGADA MUNICIPALITY,765001.0,1.0,"8,47,692",ANAM NAIK,"847,692",Rejected-Finance,10-Jul-2026,Municipal Bodies||Rayagada Municipality
2026_ORULB_126614_1,MC(CMC)CTC_Div-IINo.37/2025-26,Construction of CC road from Xaveir School chhak to Khuntia Sahi chhack at Barik Sahi in Ward No.31.,Construction of CC road from Xaveir School chhak to Khuntia Sahi chhack at Barik Sahi in Ward No.31.,Works,Open Tender,Percentage,Civil Works - Others,No,No,NA ,31-Mar-2026 11:00 AM,NA ,105.0,No ,No,Online,10-Apr-2026 10:00 AM,Municipal Bodies||Cuttack Municipal Corporation,CMC,753012.0,1.0,"24,16,206",AMITABH SWAIN,"2,174,827",Rejected-AOC,25-Jul-2026,Municipal Bodies||Cuttack Municipal Corporation
2026_ORULB_130054_12,RDL NAC- 5/2026-27,Construction of Paver Block road from Upendra House to Sribatschha House at Dehurysahi in ward No 11,Construction of Paver Block road from Upendra House to Sribatschha House at Dehurysahi in ward No 11,Works,Open Tender,Percentage,Civil Works - Roads,No,No,NA ,30-May-2026 10:00 AM,NA ,90.0,No ,No,Online,16-Jun-2026 11:00 AM,Municipal Bodies||Redhakhol NAC,"NAC, Redhakhol",768106.0,1.0,"4,21,993",AKHUJA NAIK,"500,000",Rejected-Finance,20-Jul-2026,Municipal Bodies||Redhakhol NAC
2026_ORULB_129135_14,NLGN _1/2026-27,Improvement of CC road from Bapun Bag house to Punia Behera house in W.No.08 under Nilgiri NAC.,Improvement of CC road from Bapun Bag house to Punia Behera house in W.No.08 under Nilgiri NAC.,Works,Open Tender,Percentage,Civil Works - Roads,No,No,NA ,11-May-2026 03:00 PM,NA ,120.0,No ,No,Online,25-May-2026 11:00 AM,Municipal Bodies||Nilgiri NAC,Nilgiri NAC,756040.0,1.0,"2,50,508",ASHOK KUMAR MOHAPATRA,"250,508",Rejected-AOC,13-Jul-2026,Municipal Bodies||Nilgiri NAC
2026_ORULB_125611_38,BRJNRM -05/2025-26,Construction of community shed at ward No.14,community shed,Works,Open Tender,Percentage,Civil Works - Buildings,No,No,NA ,08-Feb-2026 11:00 AM,NA ,90.0,No ,No,Online,21-Feb-2026 11:00 AM,Municipal Bodies||Brajrajnagar Municipality,Brajrajnagar Municipality,768216.0,2.0,"10,00,000",KANHAYA RAJAK,"846,043.39",Accepted-AOC,07-Jul-2026,Municipal Bodies||Brajrajnagar Municipality
2026_CERWI_130791_1,EERWELBBSR- 07/2026-27,Shifting and reconstruction of 11KV and LT lines due to construction of Bridge over river Budhanadi located at Otala village on Govinda Mohanty to Chotol road Under R.W.E.S Jagatsinghpur.,Shifting and reconstruction of 11KV and LT lines due to construction of Bridge over river Budhanadi located at Otala village on Govinda Mohanty to Chotol road Under R.W.E.S Jagatsinghpur.,Works,Open Tender,Percentage,Electrical Works,No,No,NA ,04-Jun-2026 12:00 PM,NA ,90.0,No ,No,Online,17-Jun-2026 01:00 PM,CE RW I||RW Electrical Circle Bhubaneswar||RW Electrical Division Bhubaneswar,Jagatsinghpur,754103.0,1.0,"10,00,196",GAYATRI SERVICES,"804,158",Rejected-Technical,06-Jul-2026,CE RW I||RW Electrical Circle Bhubaneswar||RW Electrical Division Bhubaneswar
2026_ORULB_125611_10,BRJNRM -05/2025-26,Completion of view point and peripheral development near Laxmi Temple.,peripheral development,Works,Open Tender,Percentage,Civil Works - Others,No,No,NA ,06-Feb-2026 06:00 PM,NA ,90.0,No ,No,Online,21-Feb-2026 11:00 AM,Municipal Bodies||Brajrajnagar Municipality,Brajrajnagar Municipality,768216.0,2.0,"57,85,000",MS CONSTRUCTION,"4,259,608.3",Accepted-AOC,10-Jul-2026,Municipal Bodies||Brajrajnagar Municipality
2025_EICCL_117206_5,CE-ROADS-I-10/2025-26,Improvement of Palkudar-Tiklipada road from 0/000 km to 7/224 km in the district of Deogarh under State Plan,Improvement of Palkudar-Tiklipada road from 0/000 km to 7/224 km in the district of Deogarh under State Plan,Works,Open Tender,Percentage,Civil Works - Roads,No,No,NA ,22-Aug-2025 01:30 PM,NA ,90.0,No ,No,Online,09-Sep-2025 11:30 AM,EIC-CIVIL,Deogarh Division,751001.0,2.0,"13,12,26,401",DHANESWAR SAHU,"111,555,563",Rejected-AOC,10-Jul-2026,EIC-CIVIL
2026_ORULB_124113_13,EO/ PDPM/ W_05_MSBY/ 2025-26,Peripherial devlopment of Paradeep College front area and pond in Ward No. 13,Peripherial devlopment of Paradeep College front area and pond in Ward No. 13,Works,Open Tender,Percentage,Civil Works - Others,No,No,NA ,03-Jan-2026 05:30 PM,NA ,120.0,No ,No,Online,15-Jan-2026 11:30 AM,Municipal Bodies||Paradeep Municipality,Paradeep Municipality,754142.0,1.0,"11,75,170",ADHIR KUMAR SAHOO,"1,208,900",Rejected-Finance,30-Jul-2026,Municipal Bodies||Paradeep Municipality
2026_EICCL_127875_1,17/KBJ/2025-26(1),Construction of Boundary Wall and Approach Road at PHC Bangomunda under Bangomunda Block under State Plan for the year 2024-25,Construction of Boundary Wall and Approach Road at PHC Bangomunda under Bangomunda Block under State Plan for the year 2024-25,Works,National Competitive Bid,Percentage,Civil Works - Buildings,No,No,NA ,09-Apr-2026 11:00 AM,NA ,90.0,No ,No,Online,21-Apr-2026 11:30 AM,EIC-CIVIL||SERNB-CIRCLE-BOLANGIR||EERNB-DIVISION-KANTABANJI,KANTABANJI,767039.0,1.0,"23,53,373",Abhimanyu Kuanr,"2,351,020",Rejected-Finance,17-Jul-2026,EIC-CIVIL||SERNB-CIRCLE-BOLANGIR||EERNB-DIVISION-KANTABANJI
2026_ORULB_127482_46,BLGR MPTY/13(01-73)/2025-26,"Const. of Paver Road and Drain with Cover Slab from Pradip Dash res to Sunil Behera res Barai Nagar, W.No.18",Road and Drain with Cover Slab Work,Works,Open Tender,Percentage,Civil Works - Roads,No,No,NA ,24-Mar-2026 11:00 AM,NA ,180.0,No ,No,Online,06-Apr-2026 11:00 AM,Municipal Bodies||Balangir Municipality,Balangir,767001.0,1.0,"8,45,727",RAJENDRA PUROHIT,"844,881.41",Rejected-Finance,17-Jul-2026,Municipal Bodies||Balangir Municipality
2026_ORULB_129755_9,RGDA-MUN-01/2026-2027,Providing RCC Cover Slab with Repair of Drain at DFO Office 7th lane Junction to Mangala Mandir lane Both side in w.no-09,Providing RCC Cover Slab with Repair of Drain at DFO Office 7th lane Junction to Mangala Mandir lane Both side in w.no-09,Works,Open Tender,Percentage,Civil Works - Others,No,No,NA ,25-May-2026 06:00 PM,NA ,90.0,No ,No,Online,10-Jun-2026 11:30 AM,Municipal Bodies||Rayagada Municipality,RAYAGADA MUNICIPALITY,765001.0,1.0,"1,78,081",GITANJALI BEHERA,"178,081",Rejected-Finance,10-Jul-2026,Municipal Bodies||Rayagada Municipality
2026_ORULB_127482_52,BLGR MPTY/13(01-73)/2025-26,"Const. of Paver Road from Ajit Patel Res to Meher Babu Res Tulsi Nagar Circuit House Back Side, W.No.18",Road Work,Works,Open Tender,Percentage,Civil Works - Roads,No,No,NA ,24-Mar-2026 11:00 AM,NA ,180.0,No ,No,Online,06-Apr-2026 11:00 AM,Municipal Bodies||Balangir Municipality,Balangir,767001.0,1.0,"16,91,314",RAJENDRA PUROHIT,"1,689,622.95",Rejected-Finance,17-Jul-2026,Municipal Bodies||Balangir Municipality
2026_OLIC_124367_11,Bid Id No. 08/Dt. 07.01.2026,INSTALLATION AND ENERGISATION OF CHANDULI-VII TW LI PROJECT,INSTALLATION AND ENERGISATION OF CHANDULI-VII TW LI PROJECT,Works,Open Tender,Percentage,Civil Works - Lift Irrigation Schemes,No,No,NA ,12-Jan-2026 10:00 AM,NA ,365.0,No ,No,Online,28-Jan-2026 10:00 AM,"Orissa Lift Irrigation Corporation||LI,Central Circle, Cuttack||LI Division Cuttack",CUTTACK SADAR BLOCK,754001.0,1.0,"18,74,625",AGRAWALLA POWER INFRASTRUCTURE,"1,874,625",Accepted-AOC,21-Jul-2026,"Orissa Lift Irrigation Corporation||LI,Central Circle, Cuttack||LI Division Cuttack"
2026_ORULB_128169_4,SNP-MUN-36/2025-26,Covering of open drain of road side in ULB area in Ward no-3 and 4,Covering of open drain of road side in ULB area in Ward no-3 and 4,Works,Open Tender,Percentage,Civil Works - Others,No,No,NA ,17-Apr-2026 11:00 AM,NA ,45.0,No ,No,Online,28-Apr-2026 11:00 AM,Municipal Bodies||Sonepur Municipal Council,Sonepur Municipality,767017.0,1.0,"8,47,475",Artatrana Sanyasi,"847,475.93",Rejected-Technical,15-Jul-2026,Municipal Bodies||Sonepur Municipal Council
2026_ORULB_126616_3,MC(CMC)CTC_Div-IIiNo39/2025-26,Repair and restoration of Toilet at Nilakantheswar slum OMP Capus in Ward No.42.,Repair and restoration of Toilet at Nilakantheswar slum OMP Capus in Ward No.42.,Works,Open Tender,Percentage,Civil Works - Others,No,No,NA ,30-Mar-2026 11:00 AM,NA ,105.0,No ,No,Online,17-Apr-2026 10:00 AM,Municipal Bodies||Cuttack Municipal Corporation,CMC,753012.0,1.0,"16,03,022",BICHITRA NANDA BEHERA,"1,603,022",Rejected-AOC,08-Jul-2026,Municipal Bodies||Cuttack Municipal Corporation
2026_CERWI_126841_1,RWCCESNG-37 of 2025-26,Construction of road from RD Road to Badmal,Construction of road from RD Road to Badmal,Works,National Competitive Bid,Percentage,Civil Works - Roads,No,No,NA ,02-Mar-2026 06:00 PM,NA ,90.0,No ,No,Online,16-Mar-2026 11:00 AM,CE RW I||RW-CIRCLE-SUNDARGARH,Rourkela,769004.0,2.0,"3,31,36,553",AJAY TIWARI,"33,136,552.608",Rejected-Technical,08-Jul-2026,CE RW I||RW-CIRCLE-SUNDARGARH
2026_ORULB_128169_5,SNP-MUN-36/2025-26,Covering of open drain of road side in ULB area in Ward no-5 and 6,Covering of open drain of road side in ULB area in Ward no-5 and 6,Works,Open Tender,Percentage,Civil Works - Others,No,No,NA ,17-Apr-2026 11:00 AM,NA ,45.0,No ,No,Online,28-Apr-2026 11:00 AM,Municipal Bodies||Sonepur Municipal Council,Sonepur Municipality,767017.0,1.0,"8,47,476",Artatrana Sanyasi,"847,475.93",Rejected-Technical,15-Jul-2026,Municipal Bodies||Sonepur Municipal Council
2026_ORULB_127482_53,BLGR MPTY/13(01-73)/2025-26,"Const. of Paver Road from Lenka Babu Res to Sahu Babu Res Tulsi Nagar Circuit House Back Side, W.No.18",Road Work,Works,Open Tender,Percentage,Civil Works - Roads,No,No,NA ,24-Mar-2026 11:00 AM,NA ,180.0,No ,No,Online,06-Apr-2026 11:00 AM,Municipal Bodies||Balangir Municipality,Balangir,767001.0,1.0,"16,91,314",SRI HAREKRUSHNA ADJUED,"1,689,622.95",Rejected-Finance,17-Jul-2026,Municipal Bodies||Balangir Municipality
2026_OBCC_132337_1,01 /OBCC/CTC INFRA of 2026-27,"Construction of toilet block including internal and external P.H. work, E.I work at Govt High School, Joranda in Dhenkanal District","Construction of toilet block including internal and external P.H. work, E.I work at Govt High School, Joranda in Dhenkanal District",Works,Open Tender,Percentage,Civil Works - Buildings,No,No,NA ,20-Jun-2026 11:00 AM,NA ,90.0,No ,No,Online,02-Jul-2026 11:00 AM,Orissa Bridge and Construction Corporation Ltd,Joranda,759014.0,1.0,"18,32,848",AMBIKA PRASAD MISHRA,"1,739,190",Accepted-AOC,17-Jul-2026,Orissa Bridge and Construction Corporation Ltd
2026_ORULB_124404_14,MC(CMC)CTC_Div-I_No.19/2025-26,Mehendipur Sunadei Gali MSD to Mehendipur Moruim house in Ward No. 13.,Mehendipur Sunadei Gali MSD to Mehendipur Moruim house in Ward No. 13.,Works,Open Tender,Percentage,Civil Works - Others,No,No,NA ,15-Jan-2026 01:00 PM,NA ,90.0,No ,No,Online,31-Jan-2026 11:00 AM,Municipal Bodies||Cuttack Municipal Corporation,CMC,753012.0,1.0,"5,03,400",SHIBA SANKAR SETHI,"463,804",Rejected-AOC,14-Jul-2026,Municipal Bodies||Cuttack Municipal Corporation
2026_ORULB_129755_8,RGDA-MUN-01/2026-2027,Providing RCC Cover Slab with Repair of Drain with Fixing of Cover Slab in (w.no-13 )-Part-I,Providing RCC Cover Slab with Repair of Drain with Fixing of Cover Slab in (w.no-13 )-Part-I,Works,Open Tender,Percentage,Civil Works - Others,No,No,NA ,25-May-2026 06:00 PM,NA ,90.0,No ,No,Online,10-Jun-2026 11:30 AM,Municipal Bodies||Rayagada Municipality,RAYAGADA MUNICIPALITY,765001.0,1.0,"16,94,982",AMBIKA GOUDA,"1,694,982",Rejected-Finance,10-Jul-2026,Municipal Bodies||Rayagada Municipality
2025_ORULB_113870_8,MC(CMC)CTC_Div-IINo.10/2025-26,R.C.C. drain from Bagala Thakurani Temple to Parabati Bengels at Bhagatpur in Ward No. 26.,R.C.C. drain from Bagala Thakurani Temple to Parabati Bengels at Bhagatpur in Ward No. 26.,Works,Open Tender,Percentage,Civil Works - Others,No,No,NA ,02-Aug-2025 03:00 PM,NA ,90.0,No ,No,Online,19-Aug-2025 11:00 AM,Municipal Bodies||Cuttack Municipal Corporation,CMC,753012.0,1.0,"9,28,500",SANJAY KUMAR SETHY(SC),"789,243",Accepted-AOC,21-Jul-2026,Municipal Bodies||Cuttack Municipal Corporation
2026_ORULB_125611_11,BRJNRM -05/2025-26,Construction of Community Kitchen centre near Ramchandi Temple,Community Kitchen centre,Works,Open Tender,Percentage,Civil Works - Buildings,No,No,NA ,07-Feb-2026 06:00 PM,NA ,90.0,No ,No,Online,21-Feb-2026 11:00 AM,Municipal Bodies||Brajrajnagar Municipality,Brajrajnagar Municipality,768216.0,2.0,"73,14,000",JYOTI PRAKASH NAYAK,"5,571,576.54",Rejected-AOC,08-Jul-2026,Municipal Bodies||Brajrajnagar Municipality
2026_ORULB_129135_15,NLGN _1/2026-27,Improvement of CC road from Gouranga Jena house to Kartika Jena house in W. No. 08 under Nilgiri NAC.,Improvement of CC road from Gouranga Jena house to Kartika Jena house in W. No. 08 under Nilgiri NAC.,Works,Open Tender,Percentage,Civil Works - Roads,No,No,NA ,11-May-2026 03:00 PM,NA ,120.0,No ,No,Online,25-May-2026 11:00 AM,Municipal Bodies||Nilgiri NAC,Nilgiri NAC,756040.0,1.0,"1,94,322",SUSIL KUMAR SAHOO,"194,322",Rejected-AOC,14-Jul-2026,Municipal Bodies||Nilgiri NAC
2025_EICCL_121707_4,CCE (R and B) BGR-13-2025-26,CONSTRUCTION OF PROPOSED THERAPEUTIC KITCHEN FOR 650 BEDDED MEDICAL COLLEGE AND HOSPITAL BBMCH BALANGIR,Building work,Works,National Competitive Bid,Percentage,Civil Works - Buildings,No,No,NA ,04-Dec-2025 11:00 AM,NA ,90.0,No ,No,Online,20-Dec-2025 11:00 AM,EIC-CIVIL||SERNB-CIRCLE-BOLANGIR,Balangir,767001.0,2.0,"2,50,73,979",ABHISEK PANIGRAHI,"21,315,390",Rejected-Finance,15-Apr-2026,EIC-CIVIL||SERNB-CIRCLE-BOLANGIR
2026_ORULB_128890_2,CHM-3/2026-27,Devlopment of Stadium Infront of FSTP Plant at Ward No 17 Choudwar Municipality,Devlopment of Stadium Infront of FSTP Plant at Ward No 17 Choudwar Municipality,Works,Open Tender,Percentage,Civil Works - Others,No,No,NA ,07-May-2026 11:00 AM,NA ,180.0,No ,No,Online,29-May-2026 11:00 AM,Municipal Bodies||Choudwar Municipality,CHOUDWAR,754025.0,2.0,"66,22,983",BASUDEV BEHERA,"6,622,983",Rejected-Finance,02-Jul-2026,Municipal Bodies||Choudwar Municipality
2026_NBCC_132172_1,NBCC/SBG/Odisha/NIT/26-27/20,"Construction and Development Works of Godabarisha Mishra Adarsha Prathamika Vidyalaya at various locations in the district of Bargarh, Odisha","Construction and Development Works of Godabarisha Mishra Adarsha Prathamika Vidyalaya at various locations in the district of Bargarh, Odisha",Works,Open Tender,Percentage,Civil Works - Buildings,No,No,NA ,15-Jun-2026 12:30 PM,NA ,150.0,No ,No,Online,29-Jun-2026 11:30 AM,NBCC INDIA LIMITED,Bargarh,768028.0,2.0,"11,43,35,594",AKASH AGRAWAL,"91,342,706.05",Rejected-Technical,21-Jul-2026,NBCC INDIA LIMITED
2025_CERWI_120708_2,Building Online NCB No10,Const of PS Higher Secondary School at Jhumpura in the District of Keonjhar,Const of PS Higher Secondary School at Jhumpura in the District of Keonjhar,Works,National Competitive Bid,Percentage,Civil Works - Buildings,No,No,NA ,03-Nov-2025 02:00 PM,NA ,90.0,No ,No,Online,12-Nov-2025 11:00 AM,CE RW I||RWCIRCLE-KEONJHAR||RWDIVISION-KEONJHAR - II,Jhumpura,758001.0,2.0,"80,24,000",BISWAJIT BEHERA,"8,022,725",Rejected-Finance,04-Jul-2026,CE RW I||RWCIRCLE-KEONJHAR||RWDIVISION-KEONJHAR - II
2025_ORULB_115623_44,JM-01/2025-26,Construction of MRF2 Phase1 at Bachu Hutting in Ward No06 Balance work,WORKS,Works,Open Tender,Percentage,Civil Works - Others,No,No,NA ,17-Jul-2025 10:00 AM,NA ,120.0,No ,No,Online,31-Jul-2025 11:00 AM,Municipal Bodies||Joda Municipality,JODA MUNICIPALITY AT PO BANEIKALA JODA KEONJHAR,758038.0,1.0,"16,94,867",UTPALA SAMANTARAY,"1,999,900",Rejected-AOC,02-Jul-2026,Municipal Bodies||Joda Municipality
2026_EICCL_126268_11,SE(RandB)BLS-Divn-1-47/2025-26,"Installation of 100KVA Plinth Mounted Transformer for Power supply to Jageswarpada OAV at Gopalpur,Soro in the district of Balasore","Installation of 100KVA Plinth Mounted Transformer for Power supply to Jageswarpada OAV at Gopalpur,Soro in the district of Balasore",Works,Open Tender,Percentage,Electrical Works,No,No,NA ,19-Feb-2026 10:00 AM,19-Feb-2026 10:00 AM ,90.0,No ,No,Online,02-Mar-2026 10:00 AM,EIC-CIVIL||SERNB-CIRCLE-EASTERN||EERNB-DIVN-BALASORE,Balasore,756001.0,1.0,,M/S TALASUNI ENTERPRISES PROP-SRI BANSHIDHAR BARIK,"1,200,216.63",Rejected-AOC,01-Aug-2026,EIC-CIVIL||SERNB-CIRCLE-EASTERN||EERNB-DIVN-BALASORE
2026_CEMIB_129604_6,SECMID_02/2026-27,Improvement to Shyamasundarpur CD in Shyamasundarpur village in Baramba Block of Cuttack District under Improvement to Checkdam Scheme for the year 2026-27.,Improvement to Shyamasundarpur CD in Shyamasundarpur village in Baramba Block of Cuttack District under Improvement to Checkdam Scheme for the year 2026-27.,Works,Open Tender,Percentage,Civil Works - Canal,No,No,NA ,22-May-2026 10:00 AM,NA ,90.0,No ,No,Online,01-Jun-2026 11:00 AM,"CE,Minor Irrigation,BBSR||SECMIC-BHUBANESWAR||CUTTACK",Baramba,754031.0,1.0,"6,77,799",BISWANATH KHATUA,"667,632.47",Rejected-Finance,08-Jul-2026,"CE,Minor Irrigation,BBSR||SECMIC-BHUBANESWAR||CUTTACK"
2026_ORULB_130054_13,RDL NAC- 5/2026-27,Construction of Paver Block road from Pramod House towards Satya House in ward No 12,Construction of Paver Block road from Pramod House towards Satya House in ward No 12,Works,Open Tender,Percentage,Civil Works - Roads,No,No,NA ,30-May-2026 10:00 AM,NA ,90.0,No ,No,Online,16-Jun-2026 11:00 AM,Municipal Bodies||Redhakhol NAC,"NAC, Redhakhol",768106.0,1.0,"2,53,634",SMT BEBINA BEHERA,"300,000",Rejected-Finance,24-Jul-2026,Municipal Bodies||Redhakhol NAC
2025_CERWI_120356_9,BLGR-Online-28/2025-26,Improvement to RD road to Kusmel Road in the district of Bolangir under MMSY-Improvement to Existing RD Road for the year 2025-26,Improvement to RD road to Kusmel Road in the district of Bolangir under MMSY-Improvement to Existing RD Road for the year 2025-26,Works,National Competitive Bid,Percentage,Civil Works - Roads,No,No,NA ,03-Nov-2025 09:00 AM,NA ,90.0,No ,No,Online,20-Nov-2025 11:00 AM,CE RW I||RWCIRCLE-BALANGIR,Bolangir,767001.0,2.0,"4,73,09,000",AKASH PANDA,"40,217,678",Rejected-Finance,12-May-2026,CE RW I||RWCIRCLE-BALANGIR
2026_WCUTT_126973_1,GMWATCO (W)-15(2)/2025-26 Dtd.25.02.2026,"Shifting of Utility (Water Supply pipe lines) for widening and strengthening of Taladanda Canal left embankment road from Nayabazar Junction to SH 12 (from 5/130km to 6/730) under WATCO Section, Nayabazar, Cuttack","Shifting of Utility (Water Supply pipe lines) for widening and strengthening of Taladanda Canal left embankment road from Nayabazar Junction to SH 12 (from 5/130km to 6/730) under WATCO Section, Nayabazar, Cuttack",Works,National Competitive Bid,Percentage,Civil Works - Water Works,No,No,NA ,07-Mar-2026 01:30 PM,NA ,120.0,No ,No,Online,18-Mar-2026 12:30 PM,WATCO Bhubaneswar||Director (Operation) Watco||WATCO Division Cuttack,Cuttack,753003.0,2.0,"42,07,971",Ashish Kumar Behera,"3,156,399",Rejected-AOC,17-Jul-2026,WATCO Bhubaneswar||Director (Operation) Watco||WATCO Division Cuttack
2025_ORULB_121577_2,MC(CMC)CTC_EL_03/2025-26,"Installation of Electric Poles with Street Light Fittings at Sai Residency, Phase - II, Khaera, Jagatpur in Ward No. 49","Installation of Electric Poles with Street Light Fittings at Sai Residency, Phase - II, Khaera, Jagatpur in Ward No. 49",Works,Open Tender,Percentage,Electrical Works,No,No,NA ,19-Nov-2025 01:00 PM,NA ,90.0,No ,No,Online,29-Nov-2025 11:00 AM,Municipal Bodies||Cuttack Municipal Corporation,CMC,753012.0,1.0,"3,47,000",DEBASIS LENKA,"348,086",Rejected-AOC,01-Jul-2026,Municipal Bodies||Cuttack Municipal Corporation
2026_ORULB_128734_9,SNP-MUN-37/2026-27,Construction of drain at Muna Tripathy towards Bijaya Meher House in W.No-1,Construction of drain at Muna Tripathy towards Bijaya Meher House in W.No-1,Works,Open Tender,Percentage,Civil Works - Others,No,No,NA ,05-May-2026 11:00 AM,NA ,60.0,No ,No,Online,16-May-2026 11:00 AM,Municipal Bodies||Sonepur Municipal Council,Sonepur Municipality,767017.0,1.0,"1,07,918",BIKRAM KUMAR AGRAWAL,"107,917",Accepted-AOC,26-Jul-2026,Municipal Bodies||Sonepur Municipal Council
2026_EICCL_127579_6,CCENC (R AND B) / 21/ 2025-26,Improvement of Biju Pattnaik Chhak to Chuakani Kishan Pada road via Anda Chhak Archana Petrol Pump Sanjob and Madhuban Nagar Road from 0-000 Km to 4-840 Km in the District of Jharsuguda under State Plan for the year 2025-26.,ROAD WORK,Works,National Competitive Bid,Percentage,Civil Works - Roads,No,No,NA ,26-Mar-2026 05:30 PM,NA ,90.0,No ,No,Online,13-Apr-2026 11:00 AM,EIC-CIVIL||SERNB-CIRCLE-NORTHERN,Jharsuguda,768201.0,2.0,"3,99,46,957",SANDIP SHARMA,"39,946,957",Accepted-AOC,17-Jul-2026,EIC-CIVIL||SERNB-CIRCLE-NORTHERN
2025_CERWI_121468_3,Tender Online RCK-17/25,Improvement to road Auinri High School to Matiakana via Aurini under MMSY Impvt. to-Existing RD Road in the Dist. of Jajpur for the year 2025-26.,Construction of road works,Works,National Competitive Bid,Percentage,Civil Works - Roads,No,No,NA ,20-Nov-2025 02:30 PM,NA ,90.0,No ,No,Online,06-Dec-2025 11:00 AM,CE RW I||RWCIRCLE-KENDRAPARA,Jajpur,755001.0,2.0,"3,82,80,612",ASISHA KUMAR SAMAL,"32,542,348",Rejected-Finance,01-Jul-2026,CE RW I||RWCIRCLE-KENDRAPARA
2026_CERWI_125014_1,14/2025-26,Construction of R.W Section office Raikia-II at Karada_building,Construction of R.W Section office Raikia-II at Karada_building,Works,National Competitive Bid,Percentage,Civil Works - Buildings,No,No,NA ,23-Jan-2026 10:00 AM,NA ,90.0,No ,No,Online,05-Feb-2026 11:00 AM,CE RW I||RWCIRCLE-BERHAMPUR||RWDIVISION-PHULBANI,Kandhamal,762001.0,1.0,"29,43,028",BHAGABAN GOUDA,"2,501,867.98",Rejected-AOC,07-Jul-2026,CE RW I||RWCIRCLE-BERHAMPUR||RWDIVISION-PHULBANI
2026_PRKOK_125482_2,PS-KKSR-T-1/2025-26,Construction of 50 MT Godown and One office building in Koksara PACS under Koksara Block,Building,Works,Open Tender,Percentage,Civil Works - Buildings,No,No,NA ,04-Feb-2026 11:00 AM,NA ,90.0,No ,No,Online,17-Feb-2026 11:00 AM,Panchayati Raj and Drinking Water Department Odisha||Zilla Parisad Kalahandi||KOKASARA Block,Koksara,766019.0,1.0,"21,32,966",ASHISH PATTANAIK,"2,130,833",Rejected-Finance,30-Jul-2026,Panchayati Raj and Drinking Water Department Odisha||Zilla Parisad Kalahandi||KOKASARA Block
2025_EICCL_122186_2,CE-BRIDGES-10/2025-26,Improvement such as widening and strengthening of Shyamal to Anala road from Chainage 0.000 Km to 12.863 Km (excluding chainage 7.456km to 7.676km and 11.400km to 11.850km) in the District of Dhenkanal for the year 2025-26,Improvement such as widening and strengthening of Shyamal to Anala road from Chainage 0.000 Km to 12.863 Km (excluding chainage 7.456km to 7.676km and 11.400km to 11.850km) in the District of Dhenkanal for the year 2025-26,Works,Open Tender,Percentage,Civil Works - Roads,No,No,NA ,02-Dec-2025 10:00 AM,NA ,90.0,No ,No,Online,23-Dec-2025 11:30 AM,EIC-CIVIL||EIC-CIVIL,in the District of Dhenkanal,751001.0,2.0,"26,10,54,348",ARSS Infrastructure Projects Limited,"221,922,301",Rejected-Finance,20-Jul-2026,EIC-CIVIL||EIC-CIVIL
2026_IDCO_127634_1,BCD-I/ESTT/01/2025-26,"Providing Interior Works Civil, Electrical , HVAC , Extinguisher System , DATA networking System for proposed O Chip Program Facility Unit at 1st floor, B Block, OCAC","Providing Interior Works Civil, Electrical , HVAC , Extinguisher System , DATA networking System for proposed O Chip Program Facility Unit at 1st floor, B Block, OCAC",Works,National Competitive Bid,Percentage,Civil Works - Buildings,No,No,NA ,26-Mar-2026 01:30 PM,NA ,90.0,No ,No,Online,09-Apr-2026 11:00 AM,IDCO||IDCO||IDCO,"OCAC, Acharya Vihar, Bhubaneswar",751013.0,2.0,,CREDENCE INTERIOR PVT LTD,"16,180,493",Rejected-AOC,03-Jun-2026,IDCO||IDCO||IDCO
2026_OLIC_127841_37,BID ID NO. 10/Dt.04.04.2026,INSTALLATION AND ENERGISATION OF SAREIKULA IV TW LI PROJECT,INSTALLATION AND ENERGISATION OF SAREIKULA IV TW LI PROJECT,Works,Open Tender,Percentage,Civil Works - Lift Irrigation Schemes,No,No,NA ,08-Apr-2026 10:00 AM,NA ,365.0,No ,No,Online,22-Apr-2026 10:00 AM,"Orissa Lift Irrigation Corporation||LI,Central Circle, Cuttack||LI Division Cuttack",NAUGAON BLOCK,754001.0,1.0,"19,04,854",AGRAWALLA POWER INFRASTRUCTURE,"1,904,854",Accepted-AOC,21-Jul-2026,"Orissa Lift Irrigation Corporation||LI,Central Circle, Cuttack||LI Division Cuttack"
2026_UPIDB_129399_1,SEUKID-01/2026-27 (SL11),Construction of R.C.C. trough wall from RD 0.00km to 0.200 km of Amta SM-l.,CANAL STRUCTURAL WORK,Works,Open Tender,Percentage,Civil Works - Canal,No,No,NA ,20-May-2026 11:00 AM,NA ,90.0,No ,No,Online,01-Jun-2026 11:00 AM,CE AND BM IK BASIN BARINIPUT JEYPORE||Upper Kolab Project Bariniput||Upper Kolab Irrigation Division Borigumma,BORIGUMMA,764056.0,1.0,"10,85,967",BASANTA KUMAR TRIPATHY,"1,085,967",Rejected-AOC,24-Jun-2026,CE AND BM IK BASIN BARINIPUT JEYPORE||Upper Kolab Project Bariniput||Upper Kolab Irrigation Division Borigumma
2026_CEBBS_129136_6,SE-AID-2/2026-27,Repair to Beladula Minor RD 00m to RD 4445m Beladula Subminor 1R Beladula Sub-minor2L Beladula Subminor 3R Beladula Subminor 4L Beladula Subminor 5R Beladula Subminor 8R and Bhoipada Subminor 1R of Right Main Canal of Manjore Irrigation Project.,Repair to Beladula Minor RD 00m to RD 4445m Beladula Subminor 1R Beladula Sub-minor2L Beladula Subminor 3R Beladula Subminor 4L Beladula Subminor 5R Beladula Subminor 8R and Bhoipada Subminor 1R of Right Main Canal of Manjore Irrigation Project.,Works,Open Tender,Percentage,Civil Works - Canal,No,No,NA ,13-May-2026 11:00 AM,NA ,90.0,No ,No,Online,25-May-2026 09:00 AM,CE and BM Brahmani Basin Samal||SE Angul Irrigation Circle Angul||EE Angul Irrigation Division Angul,Angul,759143.0,1.0,,Ajit Kumar Acharya,"592,669",Rejected-Finance,19-Jun-2026,CE and BM Brahmani Basin Samal||SE Angul Irrigation Circle Angul||EE Angul Irrigation Division Angul
2026_RWSS_126957_3,RWSS_53_2025-26,LAYING OF PIPELINE FOR PWS TO GARAM UNDER BALIKUDA BLOCK,LAYING OF PIPELINE FOR PWS TO GARAM UNDER BALIKUDA BLOCK,Works,National Competitive Bid,Percentage,Civil Works - Water Works,No,No,NA ,07-Mar-2026 10:00 AM,07-Mar-2026 10:00 AM ,90.0,No ,No,Online,16-Mar-2026 11:00 AM,Rural Water Supply and Sanitation||RWSS Circle Cuttack||EE RWSS Divn Jagatsinghpur,OFFICE OF THE SE RWSS DIVISION JAGATSINGHPUR,754103.0,1.0,"23,03,255",ARABINDA SWAIN,"2,188,322.58",Rejected-Finance,20-Jul-2026,Rural Water Supply and Sanitation||RWSS Circle Cuttack||EE RWSS Divn Jagatsinghpur
2026_ORULB_129135_4,NLGN _1/2026-27,"Repair of CC road from Community Center to Sankha Sing house at Jaunri, W.No.03 under Nilgiri NAC.","Repair of CC road from Community Center to Sankha Sing house at Jaunri, W.No.03 under Nilgiri NAC.",Works,Open Tender,Percentage,Civil Works - Roads,No,No,NA ,11-May-2026 03:00 PM,NA ,120.0,No ,No,Online,25-May-2026 11:00 AM,Municipal Bodies||Nilgiri NAC,Nilgiri NAC,756040.0,1.0,"2,69,237",ABINASH NAYAK,"269,237",Rejected-AOC,14-Jul-2026,Municipal Bodies||Nilgiri NAC
2025_CERWI_123273_2,CCE-BLS-NCB-50 of 2025-26,Construction of road from Chhabatia-Jharta Road in the District of Balasore under MMSY-Improvement to Existing RD Roads for the year 2025-26,Construction of road from Chhabatia-Jharta Road in the District of Balasore under MMSY-Improvement to Existing RD Roads for the year 2025-26,Works,National Competitive Bid,Percentage,Civil Works - Roads,No,No,NA ,20-Dec-2025 05:30 PM,NA ,90.0,No ,No,Online,31-Dec-2025 11:00 AM,CE RW I||RWCIRCLE-BALASORE,Balasore,756001.0,2.0,"7,95,36,000",NILGIRI ENGINEERING CO-OPERATIVE SOCIETY LTD,"68,567,744",Rejected-AOC,17-Jul-2026,CE RW I||RWCIRCLE-BALASORE
2026_PRTRB_127051_1,PS-THRMPR-T-3/2025-26,"Construction of Road from Colonypada Adri RD road to Chirka , GP- Adri under Th.Rampur Block",Road work,Works,Open Tender,Percentage,Civil Works - Roads,No,No,NA ,10-Mar-2026 11:00 AM,NA ,90.0,No ,No,Online,31-Mar-2026 11:00 AM,Panchayati Raj and Drinking Water Department Odisha||Zilla Parisad Kalahandi||THUAMUL RAMPUR Block,Th.Rampur,766037.0,2.0,"82,86,243",Aakriti Goel,"7,374,756",Rejected-Finance,23-Jul-2026,Panchayati Raj and Drinking Water Department Odisha||Zilla Parisad Kalahandi||THUAMUL RAMPUR Block
2025_CERWI_122808_3,Tender Online RWC-25-25,Construction of road from Nagari to Sahadabedi Road under MMSY-DRR in the District of Jagatsinghpur for the year 2025-26,Construction of road from Nagari to Sahadabedi Road under MMSY-DRR in the District of Jagatsinghpur for the year 2025-26,Works,National Competitive Bid,Percentage,Civil Works - Roads,No,No,NA ,09-Dec-2025 06:30 PM,NA ,90.0,No ,No,Online,20-Dec-2025 11:30 AM,CE RW I||RWCIRCLE-CUTTACK,Jagatsinghpur,754102.0,2.0,"7,48,93,174",BHAGIRATHI SAHOO,"74,893,173",Rejected-Finance,29-Jul-2026,CE RW I||RWCIRCLE-CUTTACK
2026_CERWI_129623_1,Online Tender 01 RWD SBD 2026 27,Repair and Renovation of New I.T.I Building at Nandapur,Repair and Renovation of New I.T.I Building at Nandapur,Works,Open Tender,Percentage,Civil Works - Buildings,No,No,NA ,22-May-2026 11:00 AM,NA ,90.0,No ,No,Online,05-Jun-2026 11:00 AM,CE RW I||RWCIRCLE-SUNABEDA||RWDIVISION-SUNABEDA,Sunabeda,763001.0,1.0,"16,59,789",Babuli Sisa,"1,593,397",Rejected-AOC,12-Jul-2026,CE RW I||RWCIRCLE-SUNABEDA||RWDIVISION-SUNABEDA
2026_ORULB_124910_13,EONM-04/2025-26,Construction of Public Toilet with water Kiosk in Ward No12,CIVIL WORK,Works,Open Tender,Percentage,Civil Works - Others,No,No,NA ,22-Jan-2026 11:00 AM,NA ,90.0,No ,No,Online,02-Feb-2026 11:00 AM,Municipal Bodies||Nabarangpur Municipality,Nabarangpur Municipality,764059.0,1.0,"14,71,690",BABITA KUMARI MOHAPATRA,"1,470,218",Rejected-AOC,31-Jul-2026,Municipal Bodies||Nabarangpur Municipality
2025_CERWI_122312_6,Online AGL-17,Sub-Center Building at Chasagurujang,Sub-Center Building at Chasagurujang,Works,Open Tender,Percentage,Civil Works - Buildings,No,No,NA ,01-Dec-2025 10:45 AM,NA ,90.0,No ,No,Online,09-Dec-2025 11:00 AM,CE RW I||RWCIRCLE-ANGUL||RW-DIVISION-ANGUL,Angul,759143.0,1.0,"36,97,000",MANOJ KUMAR PRADHAN,"3,709,017",Rejected-Finance,09-Jul-2026,CE RW I||RWCIRCLE-ANGUL||RW-DIVISION-ANGUL
2025_ORULB_116829_24,EO/ PDPM/ W_03/ 2025-26,Construction of Paver block road and drain from Odikaradu house to Mariyam house in ward no 17,Construction of Paver block road and drain from Odikaradu house to Mariyam house in ward no 17,Works,Open Tender,Percentage,Civil Works - Others,No,No,NA ,16-Aug-2025 05:00 PM,NA ,120.0,No ,No,Online,29-Aug-2025 11:00 AM,Municipal Bodies||Paradeep Municipality,PARADEEP MUNICIPALITY,754142.0,1.0,"15,44,895",SURYAKANT BISWAL,"1,549,800",Rejected-Finance,30-Jul-2026,Municipal Bodies||Paradeep Municipality
2026_ORULB_126953_21,EOBRP/07/2025-26,Covering of drain from Banik Bhawan to main Canal in ward no 5,Covering of drain from Banik Bhawan to main Canal in ward no 5,Works,Open Tender,Percentage,Civil Works - Others,No,No,NA ,07-Mar-2026 11:00 AM,NA ,90.0,No ,No,Online,16-Mar-2026 03:00 PM,Municipal Bodies||Barpali NAC,Barpali,768029.0,1.0,"1,21,334",SHIBARATRI SETH (SC),"89,949.86",Rejected-AOC,17-Jul-2026,Municipal Bodies||Barpali NAC
2026_ORULB_127399_4,OR/ULB/BUD/14/2025-26,Providing Cover slab of the drain at Bapujinagar from Sushi Badi house to Mission Shakti Gruha in ward No 10,Providing Cover slab of the drain at Bapujinagar from Sushi Badi house to Mission Shakti Gruha in ward No 10,Works,Open Tender,Percentage,Civil Works - Others,No,No,NA ,19-Mar-2026 10:00 AM,NA ,45.0,No ,No,Online,26-Mar-2026 11:00 AM,Municipal Bodies||Boudhgarh NAC,BOUDHGARH,762014.0,1.0,"8,81,419",Biswanath Patra,"880,538",Rejected-Technical,17-Jul-2026,Municipal Bodies||Boudhgarh NAC
2026_PZPGN_127378_8,"BDO, Gunupur-online-04/2025-26",Construction of Subhadra Shakti Kendra at Dombasara with Market Complex of Dombasara G.P.,Construction of Subhadra Shakti Kendra at Dombasara with Market Complex of Dombasara G.P.,Works,Open Tender,Percentage,Civil Works - Buildings,No,No,NA ,18-Mar-2026 10:00 AM,NA ,90.0,No ,No,Online,04-Apr-2026 11:00 AM,Panchayati Raj and Drinking Water Department Odisha||Zilla Parisad Rayagada||GUNUPUR Block,Dombasara,765022.0,1.0,"20,93,739",BALAJI BAURI (SC),"2,093,739",Rejected-Finance,14-Jul-2026,Panchayati Raj and Drinking Water Department Odisha||Zilla Parisad Rayagada||GUNUPUR Block
2026_CERWI_126106_1,RWCCESNG-32 of 2025-26,Construction of road from RD road Getupani School Pada to RD road Sukhanala,Construction of road from RD road Getupani School Pada to RD road Sukhanala,Works,National Competitive Bid,Percentage,Civil Works - Roads,No,No,NA ,16-Feb-2026 11:00 AM,NA ,90.0,No ,No,Online,05-Mar-2026 11:00 AM,CE RW I||RW-CIRCLE-SUNDARGARH,Sundergarh,770020.0,2.0,"2,98,19,443",BISHES GOND,"29,789,623.419",Rejected-Technical,18-Jul-2026,CE RW I||RW-CIRCLE-SUNDARGARH
2026_BDABU_132643_1,"452, Dated-17/06/2026","Special Repair to 07 Nos Johnson Make Passenger Lift installed at Daya Enclave, Bhagabanpur, Bhubaneswar.","Special Repair to 07 Nos Johnson Make Passenger Lift installed at Daya Enclave, Bhagabanpur, Bhubaneswar.",Works,Open Tender,Percentage,Electrical Works,No,No,NA ,22-Jun-2026 06:00 PM,NA ,90.0,No ,No,Online,06-Jul-2026 11:30 AM,Bhubaneswar Development Authority||Bhubaneswar Development Authority||EE BDA Division IV,Bhubaneswar,751001.0,2.0,"5,93,300",M/s. TECHNO CRAFTS,"593,300",Accepted-AOC,31-Jul-2026,Bhubaneswar Development Authority||Bhubaneswar Development Authority||EE BDA Division IV
2026_ORULB_127693_2,MC(CMC)CTC_Div-IIINo1/2026-27,Construction of Drain with Cover Slab from Dhoti Babu res. to Rama Devi Apartment via Basant Mohanty res. in Ward No.46,Construction of Drain with Cover Slab from Dhoti Babu res. to Rama Devi Apartment via Basant Mohanty res. in Ward No.46,Works,Open Tender,Percentage,Civil Works - Others,No,No,NA ,07-Apr-2026 05:00 PM,NA ,105.0,No ,No,Online,22-Apr-2026 10:00 AM,Municipal Bodies||Cuttack Municipal Corporation,CMC,753012.0,1.0,"39,50,872",AMITABH SWAIN,"3,950,871.79",Rejected-AOC,08-Jul-2026,Municipal Bodies||Cuttack Municipal Corporation
2025_ORULB_121901_3,EO/AGLM-09/2025-26,Renovation of Sourab club Ist floor near Santoshimaa temple in ward No.16,Renovation of Sourab club Ist floor near Santoshimaa temple in ward No.16,Works,Open Tender,Percentage,Civil Works - Others,No,No,NA ,26-Nov-2025 12:30 PM,NA ,90.0,No ,No,Online,08-Dec-2025 11:00 AM,Municipal Bodies||Angul Municipality,Angul,759122.0,1.0,"6,54,257",MANAS RANJAN SAHOO,"556,184",Rejected-AOC,07-Jul-2026,Municipal Bodies||Angul Municipality
2026_ORULB_126857_45,06/BGH- MUN/2025-26,"Construction of CC Road, drain and slab at niagamananda vihar gali no-8 W.NO-01","Construction of CC Road, drain and slab at niagamananda vihar gali no-8 W.NO-01",Works,Open Tender,Percentage,Civil Works - Others,No,No,NA ,06-Mar-2026 04:00 PM,NA ,90.0,No ,No,Online,17-Mar-2026 11:00 AM,Municipal Bodies||Bargarh Municipal Council,Bargarh,768028.0,1.0,"15,06,282",RAJA SUNA,"995,861.331",Rejected-Finance,17-Jul-2026,Municipal Bodies||Bargarh Municipal Council
2026_EICCL_132207_1,IFB-SE PWD BGH No.02 OF 2026-27,"Shifting of HT, LT Lines and Transformer Sub-stations due to widening of town road from Bandutikra to Chetna Dress road in the district of Bargarh under ESO- II",PLEASE REFER THE TENDER DOCUMENTS,Works,Open Tender,Percentage,Electrical Works,No,No,NA ,17-Jun-2026 11:00 AM,NA ,90.0,No ,No,Online,30-Jun-2026 11:30 AM,EIC-CIVIL||SERNB-CIRCLE-NORTHERN||EERNB-DIVN-BARGARH,Bargarh,768028.0,1.0,"37,50,049",ABHISHEK MAJHI,"3,711,799",Rejected-Technical,28-Jul-2026,EIC-CIVIL||SERNB-CIRCLE-NORTHERN||EERNB-DIVN-BARGARH
2025_CERWI_122869_2,Tender Online RWC-24-25,Construction of road from Jiginipur Jagannath temple to Jairampur via Paikarapur in the District of Cuttack for the year 2025-26,Construction of road from Jiginipur Jagannath temple to Jairampur via Paikarapur in the District of Cuttack for the year 2025-26,Works,National Competitive Bid,Percentage,Civil Works - Roads,No,No,NA ,09-Dec-2025 06:00 PM,NA ,90.0,No ,No,Online,16-Dec-2025 11:30 AM,CE RW I||RWCIRCLE-CUTTACK,Cuttack,753004.0,2.0,"2,53,49,308",AMIT KUMAR BISWAL,"21,549,446",Rejected-Finance,20-Jul-2026,CE RW I||RWCIRCLE-CUTTACK
2025_ORULB_112435_17,BMC-EE-Tender Cell-02/2025-26 Dt. 10.04.2025,PH fitting and finishing work at Ward Office in Ward No. 24,PH fitting and finishing work at Ward Office in Ward No. 24,Works,Open Tender,Percentage,Civil Works - Others,No,No,NA ,15-Apr-2025 04:00 PM,22-Apr-2025 12:30 PM ,120.0,No ,No,Online,29-Apr-2025 11:30 AM,Municipal Bodies||Bhubaneswar Municipal Corporation,BMC Area,751002.0,1.0,"24,56,475",TAPAS MANADHATA,"2,464,135",Rejected-Finance,02-Jul-2026,Municipal Bodies||Bhubaneswar Municipal Corporation
2026_CEBMT_128472_3,"EE,KID-01/2026-27",Renovation to Left Distributary in between from RD 2441m to RD 2536m under PSIP.,Renovation to Left Distributary in between from RD 2441m to RD 2536m under PSIP.,Works,Open Tender,Percentage,Civil Works - Others,No,No,NA ,04-May-2026 10:00 AM,NA ,90.0,No ,No,Online,19-May-2026 11:00 AM,"CE-BM, Tel Basin,Bhawanipatna||SE Balangir Irr Circle Balangir||EE Kandhamal Irr Division Phulbani",Phulbani,762001.0,1.0,"8,29,964",RITANJALI BEHERA,"647,454.9",Accepted-AOC,20-Jul-2026,"CE-BM, Tel Basin,Bhawanipatna||SE Balangir Irr Circle Balangir||EE Kandhamal Irr Division Phulbani"
2026_CEMWR_127186_1,SE/MDA-08(4)/2025-26,HYDROMECHANICAL GATE WORK,"Fabrication, Supply AND Erection of Gate and Hoist of Head Regulator and Scouring Sluice of Dopodigenda Check Dam under Bhoimmoda GP of Kolnara Block under MATY 2.0 of Minor Irrigation Division, Rayagada",Works,Open Tender,Percentage,Mechanical Works,No,No,NA ,12-Mar-2026 10:00 AM,NA ,90.0,No ,No,Online,23-Mar-2026 12:00 PM,Chief Engineer Mech - WR Bhubaneswar||SE Mechanical Circle Bhubaneswar||EE Mechanical Division Berhampur,"Kolnara Block, RAYAGADA",765017.0,1.0,"7,82,493",ABHISEKH ENTERPRISERS,"782,493.33",Rejected-Finance,04-Jul-2026,Chief Engineer Mech - WR Bhubaneswar||SE Mechanical Circle Bhubaneswar||EE Mechanical Division Berhampur
2025_ORULB_115568_161,BM-BDK-05-2025-26,Construction of paver road and RCC drain from Sahapur Masjid towards Gafar Khan house at Sahapur in Ward No.7,Construction of paver road and RCC drain from Sahapur Masjid towards Gafar Khan house at Sahapur in Ward No.7,Works,Open Tender,Percentage,Civil Works - Others,No,No,NA ,24-Jul-2025 10:00 AM,NA ,90.0,No ,No,Online,04-Aug-2025 11:00 AM,Municipal Bodies||Bhadrak Municipality,Bhadrak Municipality,756100.0,1.0,"14,69,337",Khageswar Mahalik,"1,313,587",Accepted-AOC,10-Jul-2026,Municipal Bodies||Bhadrak Municipality
2025_CERWI_120728_7,NCB-26/RWCKJR/2025-26,Construction of Kumundi (Ka) to Uparajagar road under MMSY-Impvt. to Existing R.D. Roads in the District of Keonjhar.,Construction of Kumundi (Ka) to Uparajagar road under MMSY-Impvt. to Existing R.D. Roads in the District of Keonjhar.,Works,National Competitive Bid,Percentage,Civil Works - Roads,No,No,NA ,04-Nov-2025 02:30 PM,NA ,90.0,No ,No,Online,14-Nov-2025 11:00 AM,CE RW I||RWCIRCLE-KEONJHAR,Keonjhar,758001.0,2.0,"7,41,32,981",DILESWAR PRADHAN,"81,538,864.84",Rejected-AOC,20-Jul-2026,CE RW I||RWCIRCLE-KEONJHAR
2026_EICCL_127873_2,17/KBJ/2025-26,Construction of Patient Attendant Rest Shed at PHC Bangomunda under Bangomunda Block under State Plan for the year 2024-25,Construction of Patient Attendant Rest Shed at PHC Bangomunda under Bangomunda Block under State Plan for the year 2024-25,Works,National Competitive Bid,Percentage,Civil Works - Buildings,No,No,NA ,09-Apr-2026 11:00 AM,NA ,90.0,No ,No,Online,21-Apr-2026 11:30 AM,EIC-CIVIL||SERNB-CIRCLE-BOLANGIR||EERNB-DIVISION-KANTABANJI,KANTABANJI,767039.0,2.0,"58,82,381",Abhimanyu Kuanr,"5,876,498",Rejected-Technical,17-Jul-2026,EIC-CIVIL||SERNB-CIRCLE-BOLANGIR||EERNB-DIVISION-KANTABANJI
2025_OSCSC_116059_1,3586/2025,Selection and appointment of Level-II Transport Contractor for the biennial year 2025-27 of Ranpur Block.,Selection and appointment of Level-II Transport Contractor for the biennial year 2025-27 of Ranpur Block.,Services,Open Tender,Percentage,Handling and Transportation,No,No,NA ,25-Jul-2025 10:00 AM,30-Jul-2025 11:00 AM ,45.0,No ,No,Online,12-Aug-2025 11:00 AM,Odisha State Civil Supplies Corp. Ltd.||CSO cum DM Nayagarh,From RRC-cum-DSC to FPSs point,752090.0,2.0,"72,09,665",ALEKHA CHANDRA RAUT,19.52,Accepted-AOC,31-Jul-2026,Odisha State Civil Supplies Corp. Ltd.||CSO cum DM Nayagarh
2026_CEBMT_128472_7,"EE,KID-01/2026-27",Renovation to Right Distributary in between from RD 9267m to RD 9335m under PSIP.,Renovation to Right Distributary in between from RD 9267m to RD 9335m under PSIP.,Works,Open Tender,Percentage,Civil Works - Others,No,No,NA ,04-May-2026 10:00 AM,NA ,90.0,No ,No,Online,19-May-2026 11:00 AM,"CE-BM, Tel Basin,Bhawanipatna||SE Balangir Irr Circle Balangir||EE Kandhamal Irr Division Phulbani",Phulbani,762001.0,1.0,"6,17,553",RITANJALI BEHERA,"494,103.8",Rejected-AOC,20-Jul-2026,"CE-BM, Tel Basin,Bhawanipatna||SE Balangir Irr Circle Balangir||EE Kandhamal Irr Division Phulbani"
2025_CERWI_122874_3,Tender Online RCK-20/25,Constn. of road from Chandapur School to NH-16 (College Chhak)under MMSY TRIP in the Dist. of Jajpur for the year 2025.,Construction of road works,Works,National Competitive Bid,Percentage,Civil Works - Roads,No,No,NA ,10-Dec-2025 11:00 AM,NA ,90.0,No ,No,Online,13-Jan-2026 11:00 AM,CE RW I||RWCIRCLE-KENDRAPARA,Jajpur,755001.0,2.0,"3,81,49,851",SANJAY KUMAR BEHERA,"32,431,187",Accepted-AOC,22-Jul-2026,CE RW I||RWCIRCLE-KENDRAPARA
2025_EICCL_116025_2,CE-ROADS-I-07/2025-26,Improvement of Palla-Anda road from 0/000 km to 10/508 km in the district of Khordha under State Plan,Improvement of Palla-Anda road from 0/000 km to 10/508 km in the district of Khordha under State Plan,Works,Open Tender,Percentage,Civil Works - Roads,No,No,NA ,24-Jul-2025 01:30 PM,NA ,90.0,No ,No,Online,13-Aug-2025 11:30 AM,EIC-CIVIL,Khordha Division,751001.0,2.0,"19,95,96,113",ACP CONSTRUCTION,"169,676,656",Rejected-AOC,27-Jul-2026,EIC-CIVIL
2026_ORULB_126398_21,DKL MPLTY/10 /2025-26,Constn. of Road and drain from Pahali sahu res. towards Dr. R. K. Sethi res. in ward no.- 16,AS PER DTCN,Works,Open Tender,Percentage,Civil Works - Others,No,No,NA ,23-Feb-2026 11:00 AM,NA ,120.0,No ,No,Online,06-Mar-2026 11:00 AM,Municipal Bodies||Dhenkanal Municipality,Dhenkanal,759001.0,1.0,,BISWAJIT MANSINGH,"1,692,692",Rejected-Finance,01-Jul-2026,Municipal Bodies||Dhenkanal Municipality
2025_EICCL_122568_4,S.E(R and B)-MLK-17/2025-26,"Construction of Line and Installation of S/S for Providing LT Power Supply to PWD Quarters at New (RANDB) Division Office , MV-42 in the District of Malkangiri during 2025-26.",ELECTRICAL WORK,Works,Open Tender,Percentage,Electrical Works,No,No,NA ,04-Dec-2025 05:30 PM,NA ,90.0,No ,No,Online,17-Dec-2025 11:00 AM,EIC-CIVIL||SERNB-CIRCLE-JEYPORE||EERNB-DIVN-MALKANGIRI,MALKANGIRI,764045.0,1.0,,CHANDAN NAYAK,"789,554",Accepted-AOC,30-Jul-2026,EIC-CIVIL||SERNB-CIRCLE-JEYPORE||EERNB-DIVN-MALKANGIRI
2025_EICCL_123568_4,CCEEC-13/2025-26,Construction of Multi Purpose Hall in Odisha Adarsha Vidyalaya at Sanamouda under Rairangpur Block in Mayurbhanj District.,Building Work,Works,National Competitive Bid,Percentage,Civil Works - Buildings,No,No,NA ,20-Dec-2025 06:55 PM,NA ,90.0,No ,No,Online,05-Jan-2026 11:00 AM,EIC-CIVIL||SERNB-CIRCLE-EASTERN,Rairangpur,757043.0,2.0,"2,58,83,771",Ashok Kumar Agarwalla,"22,003,794",Accepted-AOC,15-Jul-2026,EIC-CIVIL||SERNB-CIRCLE-EASTERN
2026_EICCL_128477_1,S.E(RANDB)-MLK-01/2026-27,Construction of Conference Hall with Video Conference System (OSWAN) at Malkangiri Tahasil Office during the year 2025-26 as per Revenue and DM Dept letter No. 24153 dtd. 22.07.2024 Buildings.,Construction of Conference Hall with Video Conference System (OSWAN) at Malkangiri Tahasil Office during the year 2025-26 as per Revenue and DM Dept letter No. 24153 dtd. 22.07.2024 Buildings.,Works,Open Tender,Percentage,Civil Works - Buildings,No,No,NA ,27-Apr-2026 12:00 PM,NA ,90.0,No ,No,Online,08-May-2026 11:00 AM,EIC-CIVIL||SERNB-CIRCLE-JEYPORE||EERNB-DIVN-MALKANGIRI,Malkangiri,764045.0,1.0,"18,58,978",BHIMA MADAKAMI,"1,347,759",Accepted-AOC,03-Jul-2026,EIC-CIVIL||SERNB-CIRCLE-JEYPORE||EERNB-DIVN-MALKANGIRI
2026_ORULB_126953_25,EOBRP/07/2025-26,Covering of drain from Bedabyas club to NH in ward no 8,Covering of drain from Bedabyas club to NH in ward no 8,Works,Open Tender,Percentage,Civil Works - Others,No,No,NA ,07-Mar-2026 11:00 AM,NA ,90.0,No ,No,Online,16-Mar-2026 03:00 PM,Municipal Bodies||Barpali NAC,Barpali,768029.0,1.0,"6,72,438",JITEN SUNA,"534,584.45",Accepted-AOC,17-Jul-2026,Municipal Bodies||Barpali NAC
2026_ORULB_127535_1,KNK-4(03)-2025-26,Development of smart park at Roulpatna in ward no -7,Development of smart park at Roulpatna in ward no -7,Works,Open Tender,Percentage,Civil Works - Others,No,No,NA ,25-Mar-2026 12:00 PM,NA ,120.0,No ,No,Online,08-Apr-2026 11:30 AM,Municipal Bodies||Konark NAC,Konark NAC,752111.0,1.0,"20,83,030",ADITYA NARAYAN SENAPATI,"1,892,396",Rejected-Finance,13-Jul-2026,Municipal Bodies||Konark NAC
2025_ORULB_120762_21,PM_03/2025-26,Construction of R.C.C Drain and slab from Old court Chowk to Biren Parida House in ward no - 14.,Construction of R.C.C Drain and slab from Old court Chowk to Biren Parida House in ward no - 14.,Works,Open Tender,Percentage,Civil Works - Others,No,No,NA ,04-Nov-2025 06:00 PM,NA ,90.0,No ,No,Online,15-Nov-2025 11:00 AM,Municipal Bodies||Pattamundai Municipality,Executive Officer Pattamundai Municipality,754215.0,1.0,"16,93,219",BANISHREE SWAIN,,Rejected-AOC,,Municipal Bodies||Pattamundai Municipality
2026_PRTRB_127051_5,PS-THRMPR-T-3/2025-26,"Construction of Road from Chirka village to Chirka Nalah , GP- Adri under Th.Rampur Block",Road work,Works,Open Tender,Percentage,Civil Works - Roads,No,No,NA ,10-Mar-2026 11:00 AM,NA ,90.0,No ,No,Online,31-Mar-2026 11:00 AM,Panchayati Raj and Drinking Water Department Odisha||Zilla Parisad Kalahandi||THUAMUL RAMPUR Block,Th.Rampur,766037.0,2.0,"82,81,485",Aakriti Goel,"7,701,781",Rejected-Finance,23-Jul-2026,Panchayati Raj and Drinking Water Department Odisha||Zilla Parisad Kalahandi||THUAMUL RAMPUR Block
2026_ORULB_126953_31,EOBRP/07/2025-26,Covering of drain from Anand house to susari master house in ward no 10,Covering of drain from Anand house to susari master house in ward no 10,Works,Open Tender,Percentage,Civil Works - Others,No,No,NA ,07-Mar-2026 11:00 AM,NA ,90.0,No ,No,Online,16-Mar-2026 03:00 PM,Municipal Bodies||Barpali NAC,Barpali,768029.0,1.0,"80,938",AJAYA KUMAR BARIHA,"64,340.46",Rejected-AOC,17-Jul-2026,Municipal Bodies||Barpali NAC
2026_CERWI_127223_4,Tender Online 22 JJPT of 2025-26,Repair of Bridge Approach Road of Local Nallah on Bautara High School to Jadua via Nachhindrapur for the Year 2025-26 in the Dist. of Jajpur,Repair of Bridge Approach Road of Local Nallah on Bautara High School to Jadua via Nachhindrapur for the Year 2025-26 in the Dist. of Jajpur,Works,Open Tender,Percentage,Civil Works - Roads,No,No,NA ,12-Mar-2026 04:00 PM,NA ,30.0,No ,No,Online,19-Mar-2026 11:30 AM,CE RW I||RWCIRCLE-KENDRAPARA||RWDIVISION I JAJPUR,JAJPUR,755007.0,1.0,"8,51,962",ADHIR KUMAR JENA,"612,560.82",Rejected-AOC,17-Jul-2026,CE RW I||RWCIRCLE-KENDRAPARA||RWDIVISION I JAJPUR
2026_ORULB_126953_19,EOBRP/07/2025-26,Covering of drain from Miraj Khan house to Gullu bhoi house in ward no 5,Covering of drain from Miraj Khan house to Gullu bhoi house in ward no 5,Works,Open Tender,Percentage,Civil Works - Others,No,No,NA ,07-Mar-2026 11:00 AM,NA ,90.0,No ,No,Online,16-Mar-2026 03:00 PM,Municipal Bodies||Barpali NAC,Barpali,768029.0,1.0,"2,69,271",JITEN SUNA,"199,733.51",Rejected-AOC,17-Jul-2026,Municipal Bodies||Barpali NAC
2026_CEBMT_128388_9,EEBOD-02/26-27,Flood Protection work to the right bank of River Tel inbetween RD 60.520KM TO RD 60.820KM near village Lokapada under Kantamal Block.,River Embankment,Works,Open Tender,Percentage,Civil Works - Others,No,No,NA ,27-Apr-2026 11:00 AM,NA ,90.0,No ,No,Online,14-May-2026 11:00 AM,"CE-BM, Tel Basin,Bhawanipatna||SE Balangir Irr Circle Balangir||EE Boudh Irr Divn Boudh",Boudh,762014.0,2.0,"79,83,000",ASHISH SINGH,"7,975,382.15",Rejected-Finance,10-Jul-2026,"CE-BM, Tel Basin,Bhawanipatna||SE Balangir Irr Circle Balangir||EE Boudh Irr Divn Boudh"
2026_CERWI_127065_3,Online Tender- 24/EERWDBLG/2025-26,Repair to Approach road of H.L bridge over Local nallah at 1st km of PWD road to Judabali Road for the year 2025-26,Repair to Approach road of H.L bridge over Local nallah at 1st km of PWD road to Judabali Road for the year 2025-26,Works,National Competitive Bid,Percentage,Civil Works - Roads,No,No,NA ,09-Mar-2026 05:00 PM,NA ,90.0,No ,No,Online,18-Mar-2026 10:30 AM,CE RW I||RWCIRCLE-BERHAMPUR||EE RW Divn. Baliguda,Balliguda/Kandhamal/Odisha,762103.0,1.0,"24,50,660","ARATI CONSTRUCTION, Prop. ARATI SABAT","2,431,725",Rejected-Technical,10-Jul-2026,CE RW I||RWCIRCLE-BERHAMPUR||EE RW Divn. Baliguda
2026_ORULB_128869_2,10/SMC_SBP/2026-27,"Construction of paver road from Laxminarayan house to Kalpana house, Hrushikesh Nagar ward no-20 under SMC sambalpur","Construction of paver road from Laxminarayan house to Kalpana house, Hrushikesh Nagar ward no-20 under SMC sambalpur",Works,Open Tender,Percentage,Civil Works - Others,No,No,NA ,08-May-2026 11:00 AM,NA ,120.0,No ,No,Online,19-May-2026 11:00 AM,Municipal Bodies||Sambalpur Municipal Corporation,SAMBALPUR MUNICIPAL CORPORATION,768006.0,1.0,"12,70,141",ABHINAS NANDA,"1,270,141",Rejected-Technical,15-Jul-2026,Municipal Bodies||Sambalpur Municipal Corporation
2026_CERWI_125148_1,Online AGL-30/2025-2026,Construction of road from Saradeipur RD Road to Lambodarpur,Construction of road from Saradeipur RD Road to Lambodarpur,Works,National Competitive Bid,Percentage,Civil Works - Roads,No,No,NA ,28-Jan-2026 06:55 PM,NA ,90.0,No ,No,Online,07-Feb-2026 05:10 PM,CE RW I||RWCIRCLE-ANGUL,Dhenkanal,759143.0,2.0,"3,24,00,664",ABHAYA KUMAR SAHOO,"32,400,664",Rejected-AOC,15-Jul-2026,CE RW I||RWCIRCLE-ANGUL
2025_CERWI_121204_6,Tender Online RWC-24-25,Improvement to Othaka-Ramakrushnapur road in the district of Cuttack under MMSY-Improvement Existing RD road for the year 2025-26,Improvement to Othaka-Ramakrushnapur road in the district of Cuttack under MMSY-Improvement Existing RD road for the year 2025-26,Works,National Competitive Bid,Percentage,Civil Works - Roads,No,No,NA ,13-Nov-2025 05:00 PM,NA ,90.0,No ,No,Online,05-Dec-2025 11:30 AM,CE RW I||RWCIRCLE-CUTTACK,Cuttack,753004.0,2.0,"4,58,54,878",AMLAN SAMAL,"38,981,232",Rejected-Finance,20-Jul-2026,CE RW I||RWCIRCLE-CUTTACK
2026_RWSS_126957_7,RWSS_53_2025-26,LAYING OF PIPELINE FOR PWS TO GAREI UNDER NAUGAON BLOCK,LAYING OF PIPELINE FOR PWS TO GAREI UNDER NAUGAON BLOCK,Works,National Competitive Bid,Percentage,Civil Works - Water Works,No,No,NA ,07-Mar-2026 10:00 AM,07-Mar-2026 10:00 AM ,90.0,No ,No,Online,16-Mar-2026 11:00 AM,Rural Water Supply and Sanitation||RWSS Circle Cuttack||EE RWSS Divn Jagatsinghpur,OFFICE OF THE SE RWSS DIVISION JAGATSINGHPUR,754103.0,1.0,"8,18,436",BASUDEV CONSTRUCTION AND SUPPLIER,"777,596",Not Admitted-Fee/PreQual/Technical/Finance,04-Jul-2026,Rural Water Supply and Sanitation||RWSS Circle Cuttack||EE RWSS Divn Jagatsinghpur
2026_CEBBS_129136_2,SE-AID-2/2026-27,Repair to Tainsar minor in between RD 00m to 3200m Madhapur Subminor and Manpur Subminor of Left Main Canal of Manjore Irrigation Project,Repair to Tainsar minor in between RD 00m to 3200m Madhapur Subminor and Manpur Subminor of Left Main Canal of Manjore Irrigation Project,Works,Open Tender,Percentage,Civil Works - Canal,No,No,NA ,13-May-2026 11:00 AM,NA ,90.0,No ,No,Online,25-May-2026 09:00 AM,CE and BM Brahmani Basin Samal||SE Angul Irrigation Circle Angul||EE Angul Irrigation Division Angul,Angul,759143.0,1.0,,Ajit Kumar Acharya,"672,151",Rejected-Finance,17-Jun-2026,CE and BM Brahmani Basin Samal||SE Angul Irrigation Circle Angul||EE Angul Irrigation Division Angul
2025_ORULB_121859_22,ODULB_KGM_19/2025-2026,Special Repair of Road and Drain from Gouranga house to Pintu Sethy house in Ward No-14.,Special Repair of Road and Drain from Gouranga house to Pintu Sethy house in Ward No-14.,Works,Open Tender,Percentage,Civil Works - Others,No,No,NA ,08-Dec-2025 11:00 AM,NA ,120.0,No ,No,Online,19-Dec-2025 11:00 AM,Municipal Bodies||Keonjhargarh Municipal Council,KEONJHARGARH MUNICIPALITY,758001.0,1.0,"11,89,500",biswajit behera,"856,960.88",Rejected-AOC,20-Jul-2026,Municipal Bodies||Keonjhargarh Municipal Council
2026_SCDBH_127609_8,e-Procurement Notice-SAL-BDK-4-P1 OF 2025-26,(8) Construction of C.C.Road on Salandi Right Embankment from RD.00m. to 300m. near Randia Park To Randia Jenasahi.,Construction of C.C.Road,Works,Open Tender,Percentage,Civil Works - Roads,No,No,NA ,26-Mar-2026 11:00 AM,NA ,90.0,No ,No,Online,10-Apr-2026 11:00 AM,CE BM Baitarani Basin Kenojhar||Addl CE Salapada Irrigation Circle Salapada||SE Salandi Canal Division Bhadrak,Bhadrak,756100.0,1.0,"23,32,721",Ankit Abhishek Nayak,"1,983,046",Rejected-Technical,20-Jul-2026,CE BM Baitarani Basin Kenojhar||Addl CE Salapada Irrigation Circle Salapada||SE Salandi Canal Division Bhadrak
2026_CEEBO_128383_2,LSRRC AND BD-BGR-1/2026-27,"Construction of two nos. of Anganwadi Centre in the RR Colony, Dhulusar of LSP, Balangir.","Construction of two nos. of Anganwadi Centre in the RR Colony, Dhulusar of LSP, Balangir.",Works,Open Tender,Percentage,Civil Works - Buildings,No,No,NA ,27-Apr-2026 10:00 AM,06-May-2026 11:00 AM ,90.0,No ,No,Online,12-May-2026 10:30 AM,"CCE, L Suktel Irr.Project,Bolangir||CCE,L Sukhtel,Bolangir||EE, RR C and B Divn",Dhulusar,767001.0,1.0,"27,77,225",AKARSHAN JHA,"2,774,448",Rejected-AOC,17-Jul-2026,"CCE, L Suktel Irr.Project,Bolangir||CCE,L Sukhtel,Bolangir||EE, RR C and B Divn"
2026_CEBBS_129635_8,SE-AID-3/2026-27,Construction of CC Guard Wall to Khalary Distributary in between RD 00m to 250m of Derjang Irrigation Project,Construction of CC Guard Wall to Khalary Distributary in between RD 00m to 250m of Derjang Irrigation Project,Works,Open Tender,Percentage,Civil Works - Canal,No,No,NA ,25-May-2026 11:00 AM,NA ,90.0,No ,No,Online,04-Jun-2026 09:00 AM,CE and BM Brahmani Basin Samal||SE Angul Irrigation Circle Angul||EE Angul Irrigation Division Angul,Angul,759143.0,1.0,,BAPUJI KUMAR SAHOO,"1,270,414",Rejected-Finance,15-Nov-2026,CE and BM Brahmani Basin Samal||SE Angul Irrigation Circle Angul||EE Angul Irrigation Division Angul
2026_EICCL_128086_4,SC RandB GM-II-36/2025-26,Providing 3 phase power supply of load 280 KW/ 311 KVA and construction of 500 KVA 11 0.4 KV DP plinth mounted substation with erection of 11 KV OH line to newly constructed building 50 bedded Covid Hospital at SDH Chatrapur,Electrical work,Works,Open Tender,Percentage,Electrical Works,No,No,NA ,11-Apr-2026 06:55 PM,NA ,90.0,No ,No,Online,20-Apr-2026 11:30 AM,EIC-CIVIL||SERNB-CIRCLE-BERHAMPUR||EERNB-DIVN-GANJAM II,Chatrapur,760003.0,1.0,"21,39,511",M/s. Maa Trishakti Traders,"2,139,511",Accepted-AOC,26-Jul-2026,EIC-CIVIL||SERNB-CIRCLE-BERHAMPUR||EERNB-DIVN-GANJAM II
2026_EICCL_126136_1,CCEJC R and B 14 2025 26,Improvement such as widening and strengthening of of Jeypore- Balia -Boipariguda road from 12-800 Km to 18-120 Km in the district of Koraput under state plan for the year 2025-26,Improvement such as widening and strengthening of of Jeypore- Balia -Boipariguda road from 12/800 Km to 18/120 Km in the district of Koraput under state plan for the year 2025-26,Works,National Competitive Bid,Percentage,Civil Works - Roads,No,No,NA ,17-Feb-2026 12:00 PM,NA ,90.0,No ,No,Online,05-Mar-2026 11:00 AM,EIC-CIVIL||SERNB-CIRCLE-JEYPORE,Koraput,764020.0,2.0,"4,73,38,912",PRAKASH KUMAR NAHAK,"37,729,113",Rejected-AOC,24-Jul-2026,EIC-CIVIL||SERNB-CIRCLE-JEYPORE
2026_CERWI_130205_1,RWKHR-01/2026-27(ONLINE),RD Road to Chandel Road,RD Road to Chandel Road,Works,Open Tender,Percentage,Civil Works - Roads,No,No,NA ,30-May-2026 04:00 PM,NA ,90.0,No ,No,Online,11-Jun-2026 11:00 AM,CE RW I||RWCIRCLE-BHAWANIPATNA||RW Division Khariar,Khariar,766107.0,2.0,"61,78,131",ABHISEK MEHER,"6,171,953",Rejected-AOC,31-Jul-2026,CE RW I||RWCIRCLE-BHAWANIPATNA||RW Division Khariar
2026_CEBBS_131117_18,SEDID-01/2026-27,Construction of VRB at RD 230m and 1330m and guard wall of Madhyapur SM of GLMC for the year 2026-27,Construction of VRB at RD 230m and 1330m and guard wall of Madhyapur SM of GLMC for the year 2026-27,Works,Open Tender,Percentage,Civil Works - Canal,No,No,NA ,12-Jun-2026 02:00 PM,NA ,90.0,No ,No,Online,23-Jun-2026 11:00 AM,CE and BM Brahmani Basin Samal||SE Angul Irrigation Circle Angul||Deogarh Irrigation Division Deogarh,Deogarh,768119.0,1.0,"7,46,069",ADIT KUMAR SAHU,"746,069",Rejected-AOC,29-Jul-2026,CE and BM Brahmani Basin Samal||SE Angul Irrigation Circle Angul||Deogarh Irrigation Division Deogarh
2026_ORULB_126616_14,MC(CMC)CTC_Div-IIiNo39/2025-26,"Construction of Road, Drain with Cover slab from Laxmanpur Gada to Laxmanpur School in Ward no-48","Construction of Road, Drain with Cover slab from Laxmanpur Gada to Laxmanpur School in Ward no-48",Works,Open Tender,Percentage,Civil Works - Others,No,No,NA ,30-Mar-2026 11:00 AM,NA ,105.0,No ,No,Online,17-Apr-2026 10:00 AM,Municipal Bodies||Cuttack Municipal Corporation,CMC,753012.0,1.0,"25,13,379",ABHISHEK KARTIK RAY,"2,513,373",Rejected-AOC,07-Jul-2026,Municipal Bodies||Cuttack Municipal Corporation
2026_OPEPA_129643_10,DPC/SS/SNG/13OF2026-27,"INFRASTRUCTURE DEVELOPMENT OF GOILO LANJI MISSION PRY. SCHOOL, GOVT. UPPER PRIMARY SCHOOL PATUA, GOVT. UPPER PRIMARY FICROCHUNDI UNDER LATHIKATA BLOCK (3)","INFRASTRUCTURE DEVELOPMENT OF GOILO LANJI MISSION PRY. SCHOOL, GOVT. UPPER PRIMARY SCHOOL PATUA, GOVT. UPPER PRIMARY FICROCHUNDI UNDER LATHIKATA BLOCK (3)",Works,Open Tender,Percentage,Civil Works - Buildings,No,No,NA ,25-May-2026 09:00 AM,NA ,90.0,No ,No,Online,16-Jun-2026 05:30 PM,OPEPA Bhubaneswar||Samagra Shiksha Sundargarh,SUNDARGARH,770001.0,2.0,"7,49,30,235",BIJAYA KUMARA JAISWAL,"74,930,235.9",Rejected-AOC,06-Jul-2026,OPEPA Bhubaneswar||Samagra Shiksha Sundargarh
2026_ORULB_128547_3,EONM-01/2026-27,Construction of Boundary wall and Road in new Executive officer Quater,CIVIL WORK,Works,Open Tender,Percentage,Civil Works - Others,No,No,NA ,29-Apr-2026 11:00 AM,NA ,90.0,No ,No,Online,12-May-2026 11:00 AM,Municipal Bodies||Nabarangpur Municipality,Nabarangpur,764059.0,1.0,"9,93,360",HARISH CHANDRA SETHIA,"869,190",Accepted-AOC,29-Jul-2026,Municipal Bodies||Nabarangpur Municipality
2026_EICCL_124167_2,Bid Identification No.S.E.E.C (RandB) 24/2025-26,"Provison of Fire Fighting system at CHC building (Gplus1), Boden in the Dist of Nuapada.","Provison of Fire Fighting system at CHC building (Gplus1), Boden in the Dist of Nuapada.",Works,National Competitive Bid,Percentage,Electrical Works,No,No,NA ,03-Jan-2026 05:00 PM,NA ,90.0,No ,No,Online,27-Jan-2026 11:30 AM,EIC-CIVIL||SE R and B Electrical,"Boden, Nuapada",766111.0,2.0,"76,39,193",HAREKRUSHNA INDUSTRIES PROP. SURENDRA KUMAR JENA,"6,409,283",Rejected-Technical,18-Jul-2026,EIC-CIVIL||SE R and B Electrical
2026_ORULB_130054_17,RDL NAC- 5/2026-27,Renovation of TeliBandha at Chatuni in ward No 06,Renovation of TeliBandha at Chatuni in ward No 06,Works,Open Tender,Percentage,Civil Works - Roads,No,No,NA ,30-May-2026 10:00 AM,NA ,90.0,No ,No,Online,16-Jun-2026 11:00 AM,Municipal Bodies||Redhakhol NAC,"NAC, Redhakhol",768106.0,1.0,"4,22,480",AKHUJA NAIK,"500,000",Rejected-Finance,20-Jul-2026,Municipal Bodies||Redhakhol NAC
2026_CEMIB_129604_2,SECMID_02/2026-27,Improvement to Pankanalla CD in Sankhamari village in Baramba Block of Cuttack District under Improvement to Checkdam Scheme for the year 2026-27.,Improvement to Pankanalla CD in Sankhamari village in Baramba Block of Cuttack District under Improvement to Checkdam Scheme for the year 2026-27.,Works,Open Tender,Percentage,Civil Works - Canal,No,No,NA ,22-May-2026 10:00 AM,NA ,90.0,No ,No,Online,01-Jun-2026 11:00 AM,"CE,Minor Irrigation,BBSR||SECMIC-BHUBANESWAR||CUTTACK",Baramba,754031.0,1.0,"8,04,084",BARSHARANI ROUT,"796,847.58",Rejected-Finance,08-Jul-2026,"CE,Minor Irrigation,BBSR||SECMIC-BHUBANESWAR||CUTTACK"
2026_ORULB_127203_2,EONM-06/2025-26,Repair And Renovation of old C.C Road near Gurukul school road in word no 01,CIVIL WORK,Works,Open Tender,Percentage,Civil Works - Others,No,No,NA ,16-Mar-2026 11:00 AM,NA ,90.0,No ,No,Online,26-Mar-2026 11:00 AM,Municipal Bodies||Nabarangpur Municipality,Nabarangpur,764059.0,1.0,"8,44,739",BABITA KUMARI MOHAPATRA,"802,586",Accepted-AOC,29-Jul-2026,Municipal Bodies||Nabarangpur Municipality
2026_CERWI_126474_3,Online Tender/45-2025-26/BPR,Improvement to Polosara Buguda PWD road (Badaramchandrapur 10th Mile) to Dhunkapada road in the District of Ganjam under MMSY-Improvement to Existing RD Road for the year 2025-26.,Improvement to Polosara Buguda PWD road (Badaramchandrapur 10th Mile) to Dhunkapada road in the District of Ganjam under MMSY-Improvement to Existing RD Road for the year 2025-26.,Works,National Competitive Bid,Percentage,Civil Works - Roads,No,No,NA ,23-Feb-2026 03:00 PM,NA ,90.0,No ,No,Online,05-Mar-2026 11:00 AM,CE RW I||RWCIRCLE-BERHAMPUR,Ganjam,760011.0,2.0,"5,63,23,000",ASHUTOSH PANDA,"47,880,049",Accepted-AOC,22-Jul-2026,CE RW I||RWCIRCLE-BERHAMPUR
2025_CERWI_122214_13,BLGR-Online-33/2025-26,Construction of Road from Birpali PMGSY Road to Kutirabeda via Tetelpada Road in the district of Bolangir under MMSY-TRIP for the year 2025-26,Construction of Road from Birpali PMGSY Road to Kutirabeda via Tetelpada Road in the district of Bolangir under MMSY-TRIP for the year 2025-26,Works,National Competitive Bid,Percentage,Civil Works - Roads,No,No,NA ,02-Dec-2025 09:00 AM,NA ,90.0,No ,No,Online,18-Dec-2025 11:00 AM,CE RW I||RWCIRCLE-BALANGIR,Titilagarh,767033.0,2.0,"4,84,47,000",ER. MOHIT KUMAR JAIN,"48,446,754",Rejected-Finance,02-Jul-2026,CE RW I||RWCIRCLE-BALANGIR
2026_BDABU_127342_1,139/EM/BDA/2025-26,"Erection of a High Tensile Fabric Canopy Structure at Rupali Traffic Junction, Power House Chhaka and Car Parking Shed at Janpath Bhubaneswar.","Erection of a High Tensile Fabric Canopy Structure at Rupali Traffic Junction, Power House Chhaka and Car Parking Shed at Janpath Bhubaneswar.",Works,Open Tender,Percentage,Civil Works - Others,No,No,NA ,17-Mar-2026 09:00 AM,NA ,90.0,No ,No,Online,07-Apr-2026 11:30 AM,Bhubaneswar Development Authority||Bhubaneswar Development Authority||EE BDA Division V,Bhubaneswar,751001.0,2.0,"2,71,74,581",ANIL SHAMRAO PATIL,"20,380,936",Rejected-Technical,15-Jul-2026,Bhubaneswar Development Authority||Bhubaneswar Development Authority||EE BDA Division V
2026_ORULB_124113_16,EO/ PDPM/ W_05_MSBY/ 2025-26,Devlopment of open space for play ground at sea beach for Sandhakud slum in Ward No. 17,Devlopment of open space for play ground at sea beach for Sandhakud slum in Ward No. 17,Works,Open Tender,Percentage,Civil Works - Others,No,No,NA ,03-Jan-2026 05:30 PM,NA ,120.0,No ,No,Online,15-Jan-2026 11:30 AM,Municipal Bodies||Paradeep Municipality,Paradeep Municipality,754142.0,1.0,"12,75,207",ADHIR KUMAR SAHOO,"1,311,800",Rejected-Finance,06-Jul-2026,Municipal Bodies||Paradeep Municipality
2025_ORULB_111809_3,BMC-EE-Tender Cell-70/2024-25 Dt. 19.03.2025,Construction of 3 nos. of 2-seater Loo with ramp and Planter Box in Ward No. 3,Construction of 3 nos. of 2-seater Loo with ramp and Planter Box in Ward No. 3,Works,Open Tender,Percentage,Civil Works - Others,No,No,NA ,21-Mar-2025 04:00 PM,26-Mar-2025 12:30 PM ,120.0,No ,No,Online,03-Apr-2025 11:30 AM,Municipal Bodies||Bhubaneswar Municipal Corporation,BMC AREA,751022.0,1.0,"14,51,651",BIKASH SUBUDHI,"1,456,177",Rejected-Finance,03-Jul-2026,Municipal Bodies||Bhubaneswar Municipal Corporation
2026_CERWI_129627_1,02/EE/RW/AND/2026-27,Construction of Govt. Homoeopathic Dispensary building with Boundary Wall at GAD Golabandha of Harichandanpur Block in the District of Keonjhar for the year 2025-26.,Construction of Govt. Homoeopathic Dispensary building with Boundary Wall at GAD Golabandha of Harichandanpur Block in the District of Keonjhar for the year 2025-26.,Works,Open Tender,Percentage,Civil Works - Buildings,No,No,NA ,22-May-2026 11:00 AM,NA ,90.0,No ,No,Online,28-May-2026 11:30 AM,CE RW I||RWCIRCLE-KEONJHAR||RWDIVISION-ANANDAPUR,Keonjhar,758020.0,1.0,"40,33,762",AMIYA KUMAR MISHRA,"3,993,424",Rejected-AOC,28-Jul-2026,CE RW I||RWCIRCLE-KEONJHAR||RWDIVISION-ANANDAPUR
2026_EICCL_127875_4,17/KBJ/2025-26(1),Repair of E type Quarter (PH plus EI) 2 Nos. at CHC Turekela under Turekela Block under State Plan for the year 2024-25,Repair of E type Quarter (PH plus EI) 2 Nos. at CHC Turekela under Turekela Block under State Plan for the year 2024-25,Works,National Competitive Bid,Percentage,Civil Works - Buildings,No,No,NA ,09-Apr-2026 11:00 AM,NA ,90.0,No ,No,Online,21-Apr-2026 11:30 AM,EIC-CIVIL||SERNB-CIRCLE-BOLANGIR||EERNB-DIVISION-KANTABANJI,KANTABANJI,767039.0,1.0,"7,05,942",AKASH KUMAR SHARMA,"705,236",Rejected-Finance,17-Jul-2026,EIC-CIVIL||SERNB-CIRCLE-BOLANGIR||EERNB-DIVISION-KANTABANJI
2026_BIDVD_128301_1,"EE-BID-01(01)/2025-26, Dt.18.04.2026","Engagement of unskilled and Skilled Labour on outsourcing basis for the Chief Construction Engineer, Brutang and Hadua Irrigation Project, Daspalla, Executive Engineer, Brutang Irrigation Division, Daspalla and Sub-Divisional Offices under EE, BID","Engagement of unskilled and Skilled Labour on outsourcing basis for the Chief Construction Engineer, Brutang and Hadua Irrigation Project, Daspalla, Executive Engineer, Brutang Irrigation Division, Daspalla and Sub-Divisional Offices under EE, BID.",Services,Open Tender,Percentage,Human Resources Supply,No,No,NA ,21-Apr-2026 11:00 AM,NA ,90.0,No ,No,Online,04-May-2026 11:00 AM,CCE Brutang and Hadua Irrigation Project Dasapalla||Executive Engineer Brutang Irrigation Division Dasapalla,Dasapalla,752084.0,1.0,"11,14,256",ACTIVE SECURITY AND INTELLIGENCE SEVICES,"1,157,155",Rejected-AOC,01-Jun-2026,CCE Brutang and Hadua Irrigation Project Dasapalla||Executive Engineer Brutang Irrigation Division Dasapalla
2026_CEBMB_128724_1,HID-02 / 2026-27,Protection of Right bank of River Harabhangi near Mohana of HIP,FLOOD PROTECTION WORK,Works,National Competitive Bid,Percentage,Civil Works - Others,No,No,NA ,04-May-2026 11:00 AM,NA ,90.0,No ,No,Online,25-May-2026 11:00 AM,"CE-BM,RVN Basin,Berhampur||SE Southern Irr Circle II Paralakhemundi||EE Harabhangi Irr Divn Adava",ADAVA,761217.0,1.0,"46,14,888",JYOTI RANJAN PATRA,"3,276,570",Rejected-Finance,22-Jul-2026,"CE-BM,RVN Basin,Berhampur||SE Southern Irr Circle II Paralakhemundi||EE Harabhangi Irr Divn Adava"
2025_CERWI_121530_7,Tender Online RWC-24-25,Improvement to Bhagabanpur Chandapur road in the District of Jagatsinghpurunder MMSY-Improvement Existing RD road for the year 2025-26,Improvement to Bhagabanpur Chandapur road in the District of Jagatsinghpurunder MMSY-Improvement Existing RD road for the year 2025-26,Works,National Competitive Bid,Percentage,Civil Works - Roads,No,No,NA ,19-Nov-2025 06:00 PM,NA ,90.0,No ,No,Online,05-Dec-2025 11:30 AM,CE RW I||RWCIRCLE-CUTTACK,Jagatsinghpur,754102.0,2.0,"7,70,25,620",DEBASIS PATI,"77,025,620",Rejected-Finance,15-Jul-2026,CE RW I||RWCIRCLE-CUTTACK
2025_CERWI_122603_29,NCB No 394 Road Work,Construction of Road fromTamudia to Ghungupahadi via KapilasahiShyamasundarpurunder MMSY-CMRL in the District of Mayurbhanj for the year 2025-26.,Construction of Road fromTamudia to Ghungupahadi via KapilasahiShyamasundarpurunder MMSY-CMRL in the District of Mayurbhanj for the year 2025-26.,Works,National Competitive Bid,Percentage,Civil Works - Roads,No,No,NA ,06-Dec-2025 03:00 PM,NA ,90.0,No ,No,Online,06-Jan-2026 11:00 AM,CE RW I||RWCIRCLE-BARIPADA,"SERW Division, Rairangpur",757043.0,2.0,"2,49,08,000",AJAY KUMAR SETHI,"21,173,236",Rejected-AOC,24-Jun-2026,CE RW I||RWCIRCLE-BARIPADA
2026_ORULB_128169_1,SNP-MUN-36/2025-26,Repair and Restoration of Ganesh temple at ward no-02 at sonepur municipality,Repair and Restoration of Ganesh temple at ward no-02 at sonepur municipality,Works,Open Tender,Percentage,Civil Works - Others,No,No,NA ,17-Apr-2026 11:00 AM,NA ,60.0,No ,No,Online,28-Apr-2026 11:00 AM,Municipal Bodies||Sonepur Municipal Council,Sonepur Municipality,767017.0,1.0,"4,23,827",NARADA DANDASENA,"423,827",Rejected-Technical,29-Jul-2026,Municipal Bodies||Sonepur Municipal Council
2025_EICCL_114707_2,CCE.Ctc.(RandB)2/2025-26,Construction of 12 nos. C-Type quarter inside the campus of CT and GST Territorial Range Jajpur Jajpur road for 2024-25,Building work,Works,National Competitive Bid,Percentage,Civil Works - Buildings,No,No,NA ,23-Jun-2025 10:00 AM,NA ,90.0,No ,No,Online,09-Jul-2025 11:00 AM,EIC-CIVIL||SERNB-CIRCLE-CUTTACK,Panikoili,755043.0,2.0,"7,39,78,735",AADYA URJA SOLUTIONS PRIVATE LIMITED,"25,562,688",Rejected-Finance,10-Jul-2026,EIC-CIVIL||SERNB-CIRCLE-CUTTACK
2025_EICCL_110941_1,SERandBBDK-39/24-25-2,"Reconstruction and renovation of Existing Threshing floor with half covering (Such as Extension of threshing floor) at RRTTSS, Motto for the year 2023-24","Reconstruction and renovation of Existing Threshing floor with half covering (Such as Extension of threshing floor) at RRTTSS, Motto for the year 2023-24",Works,Open Tender,Percentage,Civil Works - Buildings,No,No,NA ,19-Feb-2025 06:00 PM,NA ,90.0,No ,No,Online,01-Mar-2025 11:30 AM,EIC-CIVIL||SERNB-CIRCLE-EASTERN||EERNB-DIVN-BHADRAK,Bhadrak,756100.0,1.0,,Ajaya Sethi,"720,438.5",Rejected-Finance,31-Jul-2026,EIC-CIVIL||SERNB-CIRCLE-EASTERN||EERNB-DIVN-BHADRAK
2025_CERWI_122603_15,NCB No 394 Road Work,Improvement of L026-RD Road at Merda to Unapura Road Road under MMSY-Improvement to Existing RD Road in the District of Mayurbhanj for the year 2025-26.,Improvement of L026-RD Road at Merda to Unapura Road Road under MMSY-Improvement to Existing RD Road in the District of Mayurbhanj for the year 2025-26.,Works,National Competitive Bid,Percentage,Civil Works - Roads,No,No,NA ,20-Dec-2025 12:30 PM,NA ,90.0,No ,No,Online,06-Jan-2026 11:00 AM,CE RW I||RWCIRCLE-BARIPADA,"SERW Division, Baripada",757002.0,2.0,"3,51,77,000",AJAY KUMAR ROUT,"29,904,024",Rejected-AOC,18-Jun-2026,CE RW I||RWCIRCLE-BARIPADA
2025_WATCO_116951_1,WATCO (W)-14/2025-26 Dtd.08.08.2025,"Construction of Underground S/S for Town Planning Scheme (T.P.1, 2 and 3) under Jurisdiction of (BDA) on Engineering, Procurement and Construction (EPC) Contract Including Operation and Maintenance for a Period of Five (5) Years","Construction of Underground S/S for Town Planning Scheme (T.P.1, 2 and 3) under Jurisdiction of (BDA) on Engineering, Procurement and Construction (EPC) Contract Including Operation and Maintenance for a Period of Five (5) Years",Works,National Competitive Bid,Turn-key,Civil Works - Water Works,No,No,NA ,16-Aug-2025 06:50 PM,NA ,120.0,No ,No,Online,10-Oct-2025 11:30 AM,WATCO Bhubaneswar,Bhubaneswar,751007.0,2.0,"2,20,35,00,000",AYYAPPA INFRA PROJECTS PVT LTD,"1,487,005,000",Rejected-AOC,03-Jul-2026,WATCO Bhubaneswar
2025_ORULB_115588_7,MC(CMC)CTC_Div-I_No.06/2025-26,Construction of B.T. road from Gulia Behera res to Pitabasa Jena res at Bidyadharpur in Ward No. 3.,Construction of B.T. road from Gulia Behera res to Pitabasa Jena res at Bidyadharpur in Ward No. 3.,Works,Open Tender,Percentage,Civil Works - Others,No,No,NA ,18-Jul-2025 03:00 PM,NA ,90.0,No ,No,Online,01-Aug-2025 11:00 AM,Municipal Bodies||Cuttack Municipal Corporation,CMC,753012.0,1.0,"41,21,000",ADITYA DAS,"3,503,032",Rejected-AOC,01-Jul-2026,Municipal Bodies||Cuttack Municipal Corporation
2026_EICCL_129343_1,SC RandB GM-II-4/2026-27,"S/R such as Comprehensive annual Electrical maintenance for wiring and electrical accessories to the residence of Collector, Sub-collector, Adm Revenue, ADM General, Tahasildar at Chatrapur in the district of Ganjam","S/R such as Comprehensive annual Electrical maintenance for wiring and electrical accessories to the residence of Collector, Sub-collector, Adm Revenue, ADM General, Tahasildar at Chatrapur in the district of Ganjam",Works,Open Tender,Percentage,Electrical Works,No,No,NA ,15-May-2026 10:00 AM,NA ,90.0,No ,No,Online,28-May-2026 11:30 AM,EIC-CIVIL||SERNB-CIRCLE-BERHAMPUR||EERNB-DIVN-GANJAM II,Ganjam,760005.0,1.0,"4,01,718",SANKARSAN SAHU,"260,715",Accepted-AOC,26-Jul-2026,EIC-CIVIL||SERNB-CIRCLE-BERHAMPUR||EERNB-DIVN-GANJAM II
2026_EICCL_127687_1,CCE R and B Rgda 17/2025-26,"Construction of Transit House for Court Building at Gunupur in the District of Rayagada (Civil,EI and PH)",Building works,Works,National Competitive Bid,Percentage,Civil Works - Buildings,No,No,NA ,30-Mar-2026 01:00 PM,NA ,90.0,No ,No,Online,15-Apr-2026 11:00 AM,EIC-CIVIL||SERNB-CIRCLE-RAYAGADA,Rayagada,765001.0,2.0,"1,08,45,061",AJIT KUMAR BEHERA,"8,844,147",Rejected-AOC,15-Jul-2026,EIC-CIVIL||SERNB-CIRCLE-RAYAGADA
2026_CERWI_126920_1,TCN9,Const. of 2 nos of Garrage at Sub-Division Office bldg at Udala for the year 2025-26-Building,Const. of 2 nos of Garrage at Sub-Division Office bldg at Udala for the year 2025-26-Building,Works,Open Tender,Percentage,Civil Works - Buildings,No,No,NA ,06-Mar-2026 11:00 AM,NA ,90.0,No ,No,Online,11-Mar-2026 05:30 PM,CE RW I||RWCIRCLE-BARIPADA||RW Division Udala,Mayurbhanj,757041.0,1.0,"13,44,000",PADMINI BEHERA,"989,442.38",Accepted-AOC,14-Jul-2026,CE RW I||RWCIRCLE-BARIPADA||RW Division Udala
2026_CERWI_130198_1,RWKHR-01/2026-27(ONLINE),PWD Road to Khacharapada Road,PWD Road to Khacharapada Road,Works,Open Tender,Percentage,Civil Works - Roads,No,No,NA ,30-May-2026 04:00 PM,NA ,90.0,No ,No,Online,11-Jun-2026 11:00 AM,CE RW I||RWCIRCLE-BHAWANIPATNA||RW Division Khariar,Khariar,766107.0,2.0,"94,12,715",ABHISEK MEHER,"9,403,302",Rejected-AOC,31-Jul-2026,CE RW I||RWCIRCLE-BHAWANIPATNA||RW Division Khariar
2026_PRKOK_127989_8,PS-KKSR-T-1/2026-27,"Construction of Addl. Class room at Pipalpada , GP- Khuntia under Koksra Block",Building,Works,Open Tender,Percentage,Civil Works - Buildings,No,No,NA ,09-Apr-2026 11:00 AM,NA ,90.0,No ,No,Online,24-Apr-2026 11:00 AM,Panchayati Raj and Drinking Water Department Odisha||Zilla Parisad Kalahandi||KOKASARA Block,Koksara,766019.0,1.0,"14,85,885",ABHIMANYU CHHATRIA,"1,188,857",Accepted-AOC,30-Jul-2026,Panchayati Raj and Drinking Water Department Odisha||Zilla Parisad Kalahandi||KOKASARA Block
2025_CERWI_121530_6,Tender Online RWC-24-25,Improvement to L023-Paikasahi Chanchapara road in the district of Cuttack under MMSY-Improvement Existing RD road for the year 2025-26,Improvement to L023-Paikasahi Chanchapara road in the district of Cuttack under MMSY-Improvement Existing RD road for the year 2025-26,Works,National Competitive Bid,Percentage,Civil Works - Roads,No,No,NA ,18-Nov-2025 06:00 PM,NA ,90.0,No ,No,Online,05-Dec-2025 11:30 AM,CE RW I||RWCIRCLE-CUTTACK,Cuttack,753004.0,2.0,"6,34,87,132",MALAYA KUMAR MOHAPATRA,"53,970,411",Rejected-Finance,20-Jul-2026,CE RW I||RWCIRCLE-CUTTACK
2026_ORULB_129135_10,NLGN _1/2026-27,Improvement of CC road from Khitish Ray house to Saraswati house in W.No.06 under Nilgiri NAC.,Improvement of CC road from Khitish Ray house to Saraswati house in W.No.06 under Nilgiri NAC.,Works,Open Tender,Percentage,Civil Works - Roads,No,No,NA ,11-May-2026 03:00 PM,NA ,120.0,No ,No,Online,25-May-2026 11:00 AM,Municipal Bodies||Nilgiri NAC,Nilgiri NAC,756040.0,1.0,"1,80,169",SANTOSH KUMAR PRADHAN,"180,169",Rejected-AOC,13-Jul-2026,Municipal Bodies||Nilgiri NAC
2025_ORULB_115623_41,JM-01/2025-26,Construction of MRF2 at Bachu Hutting in Ward No06 Phase II Balance Portion Part2,WORKS,Works,Open Tender,Percentage,Civil Works - Others,No,No,NA ,17-Jul-2025 10:00 AM,NA ,120.0,No ,No,Online,31-Jul-2026 12:07 AM,Municipal Bodies||Joda Municipality,JODA MUNICIPALITY AT PO BANEIKALA JODA KEONJHAR,758038.0,1.0,"10,34,020",SUSANTA KUMAR GIRI,"1,220,000",Rejected-AOC,28-Jul-2026,Municipal Bodies||Joda Municipality
2026_ORULB_125611_28,BRJNRM -05/2025-26,Const. of Community Centre at Khan Pada W.No.18.,Community Centre,Works,Open Tender,Percentage,Civil Works - Buildings,No,No,NA ,08-Feb-2026 11:00 AM,NA ,90.0,No ,No,Online,21-Feb-2026 11:00 AM,Municipal Bodies||Brajrajnagar Municipality,Brajrajnagar Municipality,768216.0,2.0,"12,00,000",BIKI BESAN,"1,036,253.03",Accepted-AOC,08-Jul-2026,Municipal Bodies||Brajrajnagar Municipality
2026_EICCL_127875_5,17/KBJ/2025-26(1),Repair of F type Quarter (PH plus EI) 2 Nos. at CHC Turekela under Turekela Block under State Plan for the year 2024-25,Repair of F type Quarter (PH plus EI) 2 Nos. at CHC Turekela under Turekela Block under State Plan for the year 2024-25,Works,National Competitive Bid,Percentage,Civil Works - Buildings,No,No,NA ,09-Apr-2026 11:00 AM,NA ,90.0,No ,No,Online,21-Apr-2026 11:30 AM,EIC-CIVIL||SERNB-CIRCLE-BOLANGIR||EERNB-DIVISION-KANTABANJI,KANTABANJI,767039.0,1.0,"5,88,304",AKASH KUMAR SHARMA,"587,716",Rejected-Finance,17-Jul-2026,EIC-CIVIL||SERNB-CIRCLE-BOLANGIR||EERNB-DIVISION-KANTABANJI
2025_CERWI_122214_12,BLGR-Online-33/2025-26,Construction of Road from Ganjabahal to Amalapali via Bhalumunda Road in the district of Bolangir under MMSY-TRIP for the year 2025-26,Construction of Road from Ganjabahal to Amalapali via Bhalumunda Road in the district of Bolangir under MMSY-TRIP for the year 2025-26,Works,National Competitive Bid,Percentage,Civil Works - Roads,No,No,NA ,02-Dec-2025 09:00 AM,NA ,90.0,No ,No,Online,18-Dec-2025 11:00 AM,CE RW I||RWCIRCLE-BALANGIR,Titilagarh,767033.0,2.0,"3,93,80,000",JAI BAJRANGBALI INFRA,"39,379,720",Rejected-Finance,02-Jul-2026,CE RW I||RWCIRCLE-BALANGIR
2026_ORULB_127700_12,MC(CMC)CTC_Div-I_No.27/2025-26,Desilting of MSWC-I from Sutahat culvert to Moipola in Ward No. 18.,Desilting of MSWC-I from Sutahat culvert to Moipola in Ward No. 18.,Works,Open Tender,Percentage,Civil Works - Others,No,No,NA ,31-Mar-2026 03:00 PM,NA ,90.0,No ,No,Online,10-Apr-2026 11:00 AM,Municipal Bodies||Cuttack Municipal Corporation,CMC,753012.0,1.0,"22,75,600",TUSAR KANTI HARICHANDAN,"2,275,597",Rejected-AOC,31-Jul-2026,Municipal Bodies||Cuttack Municipal Corporation
2026_ORULB_125611_14,BRJNRM -05/2025-26,Construction of Kalyan Mandap near TPWODL office at Brajrajnagar Municipality,Kalyan Mandap,Works,Open Tender,Percentage,Civil Works - Buildings,No,No,NA ,07-Feb-2026 06:00 PM,NA ,90.0,No ,No,Online,21-Feb-2026 11:00 AM,Municipal Bodies||Brajrajnagar Municipality,Brajrajnagar Municipality,768216.0,2.0,"2,10,00,100",BIKASH CHANDRA RAO,"17,004,685.47",Rejected-AOC,08-Jul-2026,Municipal Bodies||Brajrajnagar Municipality
2026_ORULB_127489_1,BPM/08/2025-26,Improvement of Road of Daily Market in W.No.20,Improvement of Road of Daily Market in W.No.20,Works,Open Tender,Percentage,Civil Works - Roads,No,No,NA ,21-Mar-2026 11:00 AM,NA ,90.0,No ,No,Online,06-Apr-2026 05:30 PM,Municipal Bodies||Bhawanipatna Municipality,BHAWANIPATNA MUNICIPALITY,766001.0,2.0,"1,42,90,192",Aakriti Goel,"14,275,964.75",Rejected-Finance,17-Jul-2026,Municipal Bodies||Bhawanipatna Municipality
2026_EICCL_130761_1,IFB-SE PWD BGH No.01 OF 2026-27,S.I.T.C. of 315 KVA Sub-Station for power supply at CHC Agalpur for the year 2026-27,ELECTRICAL WORK,Works,Open Tender,Percentage,Electrical Works,No,No,NA ,04-Jun-2026 11:00 AM,NA ,90.0,No ,No,Online,17-Jun-2026 11:30 AM,EIC-CIVIL||SERNB-CIRCLE-NORTHERN||EERNB-DIVN-BARGARH,BARPALI,768029.0,1.0,"30,75,900",Abinash Tripathy,"3,044,218",Rejected-Finance,28-Jul-2026,EIC-CIVIL||SERNB-CIRCLE-NORTHERN||EERNB-DIVN-BARGARH
2026_ORULB_129755_18,RGDA-MUN-01/2026-2027,Repair and Renovation of Bituminous road such as Potholes repair from w.no-01 to ward No-12 under Rayagada Municipality,Repair and Renovation of Bituminous road such as Potholes repair from w.no-01 to ward No-12 under Rayagada Municipality,Works,Open Tender,Percentage,Civil Works - Roads,No,No,NA ,25-May-2026 06:00 PM,NA ,90.0,No ,No,Online,10-Jun-2026 11:30 AM,Municipal Bodies||Rayagada Municipality,RAYAGADA MUNICIPALITY,765001.0,1.0,"22,72,927",NABIN BEHERA,"2,272,927",Rejected-Finance,10-Jul-2026,Municipal Bodies||Rayagada Municipality
2026_SCDBH_127609_13,e-Procurement Notice-SAL-BDK-4-P1 OF 2025-26,"(13) Construction of R.C.C. Drain, bathing Ghat and Inlet Near Village Jagannathpur","Construction of R.C.C. Drain, bathing Ghat and Inlet",Works,Open Tender,Percentage,Civil Works - Others,No,No,NA ,26-Mar-2026 11:00 AM,NA ,90.0,No ,No,Online,10-Apr-2026 11:00 AM,CE BM Baitarani Basin Kenojhar||Addl CE Salapada Irrigation Circle Salapada||SE Salandi Canal Division Bhadrak,Bhadrak,756100.0,1.0,"9,64,130",ASHISH KUMAR MOHANTY,"819,607",Accepted-AOC,20-Jul-2026,CE BM Baitarani Basin Kenojhar||Addl CE Salapada Irrigation Circle Salapada||SE Salandi Canal Division Bhadrak
2026_IDCO_127651_1,BCD-I/ESTT/02/2025-26,"Construction of Boundary wall for Balance Area North,South,West side at Pathani Samanta Planetarium, Bhubaneswar","Construction of Boundary wall for Balance Area North, South, West side at Pathani Samanta Planetarium, Bhubaneswar",Works,National Competitive Bid,Percentage,Civil Works - Others,No,No,NA ,26-Mar-2026 02:30 PM,NA ,90.0,No ,No,Online,09-Apr-2026 11:00 AM,IDCO||IDCO||IDCO,"Pathani Samanta Planetarium, BBSR",751013.0,2.0,,BISWARANJAN MALLICK,"6,456,344",Rejected-AOC,03-Jun-2026,IDCO||IDCO||IDCO
2026_ORULB_130054_16,RDL NAC- 5/2026-27,Development of existing Crematorium at Rathasahi in ward No 13,Development of existing Crematorium at Rathasahi in ward No 13,Works,Open Tender,Percentage,Civil Works - Roads,No,No,NA ,30-May-2026 10:00 AM,NA ,90.0,No ,No,Online,16-Jun-2026 11:00 AM,Municipal Bodies||Redhakhol NAC,"NAC, Redhakhol",768106.0,1.0,"3,37,143",AKHUJA NAIK,"400,000",Accepted-AOC,22-Jul-2026,Municipal Bodies||Redhakhol NAC
2025_CERWI_120439_11,Online Tender/13/RWDBNJ/2025-26,S/R to Sadangipalli to Chatabar road under periodical Maintenance for the year 2025-26.,S/R to Sadangipalli to Chatabar road under periodical Maintenance for the year 2025-26.,Works,National Competitive Bid,Percentage,Civil Works - Roads,No,No,NA ,31-Oct-2025 06:55 PM,NA ,90.0,No ,No,Online,11-Nov-2025 11:00 AM,CE RW I||RWCIRCLE-BERHAMPUR||RW Division Bhanjanagar,Bhanjanagar,761126.0,1.0,"25,42,030",SATYAJIT DEVIPRASAD BEHURA,"2,160,980",Rejected-AOC,28-Jul-2026,CE RW I||RWCIRCLE-BERHAMPUR||RW Division Bhanjanagar
2026_CEMIB_129604_3,SECMID_02/2026-27,Improvement to Podanalla CD in Narayanaprasad village in Baramba Block of Cuttack District under Improvement to Checkdam Scheme for the year 2026-27.,Improvement to Podanalla CD in Narayanaprasad village in Baramba Block of Cuttack District under Improvement to Checkdam Scheme for the year 2026-27.,Works,Open Tender,Percentage,Civil Works - Canal,No,No,NA ,22-May-2026 10:00 AM,NA ,90.0,No ,No,Online,01-Jun-2026 11:00 AM,"CE,Minor Irrigation,BBSR||SECMIC-BHUBANESWAR||CUTTACK",Baramba,754031.0,1.0,"10,71,040",BISWANATH KHATUA,"1,049,618.7",Rejected-Finance,27-Jul-2026,"CE,Minor Irrigation,BBSR||SECMIC-BHUBANESWAR||CUTTACK"
2026_EICCL_125755_1,346.0,"Calibration of Equipment Machineries in the Laboratories under Quality control (R and B) Division, Bhubaneswar during the financial year 2025-26","Calibration of Equipment Machineries in the Laboratories under Quality control (R and B) Division, Bhubaneswar during the financial year 2025-26",Services,Open Tender,Item Wise,Miscellaneous Services,No,No,NA ,10-Feb-2026 11:00 AM,NA ,90.0,No ,No,Online,25-Feb-2026 11:30 AM,EIC-CIVIL||EIC-CIVIL,Bhubaneswar,751001.0,2.0,,AxisCal Instruments Pvt Ltd,"1,800",Accepted-AOC,23-Jul-2026,EIC-CIVIL||EIC-CIVIL
2025_CERWI_121677_10,CCE-BLS-NCB-39 of 2025-26,Construction of road from RD Road Govindapur Road in the District of Bhadrak under MMSY-Improvement to Existing RD Roads for the year 2025-26,Construction of road from RD Road Govindapur Road in the District of Bhadrak under MMSY-Improvement to Existing RD Roads for the year 2025-26,Works,National Competitive Bid,Percentage,Civil Works - Roads,No,No,NA ,21-Nov-2025 01:00 PM,NA ,90.0,No ,No,Online,02-Dec-2025 11:00 AM,CE RW I||RWCIRCLE-BALASORE,Bhadrak,756100.0,2.0,"5,14,87,000",Suryanarayan Mohanty,"46,343,135",Rejected-AOC,31-Jul-2026,CE RW I||RWCIRCLE-BALASORE
2026_CEBBS_131117_19,SEDID-01/2026-27,Construction of guardwall with bed concrete in between RD 720m to 740m and 1250m to 1387m of GLMC for the year 2026-27,Construction of guardwall with bed concrete in between RD 720m to 740m and 1250m to 1387m of GLMC for the year 2026-27,Works,Open Tender,Percentage,Civil Works - Canal,No,No,NA ,12-Jun-2026 02:00 PM,NA ,90.0,No ,No,Online,23-Jun-2026 11:00 AM,CE and BM Brahmani Basin Samal||SE Angul Irrigation Circle Angul||Deogarh Irrigation Division Deogarh,Deogarh,768119.0,1.0,"11,91,819",MANOJ KUMAR MAHAPATRA,"1,191,819",Rejected-AOC,29-Jul-2026,CE and BM Brahmani Basin Samal||SE Angul Irrigation Circle Angul||Deogarh Irrigation Division Deogarh
2026_ORULB_128547_2,EONM-01/2026-27,Construction of Millet Shakti Cafes,CIVIL WORK,Works,Open Tender,Percentage,Civil Works - Others,No,No,NA ,29-Apr-2026 11:00 AM,NA ,90.0,No ,No,Online,12-May-2026 11:00 AM,Municipal Bodies||Nabarangpur Municipality,Nabarangpur,764059.0,1.0,"14,10,281",RAJKUMAR SATNAMI,"1,269,253",Rejected-AOC,29-Jul-2026,Municipal Bodies||Nabarangpur Municipality
2026_CERWI_127716_1,Online-SESNG-29 of 2025-26,Sikipani Kandhmal chowk to Hudukudihi upto Jharsuguda border- Road work,Sikipani Kandhmal chowk to Hudukudihi upto Jharsuguda border- Road work,Works,National Competitive Bid,Percentage,Civil Works - Roads,No,No,NA ,30-Mar-2026 06:00 PM,NA ,90.0,No ,No,Online,10-Apr-2026 05:10 PM,CE RW I||RW-CIRCLE-SUNDARGARH||RW-Division-Sundargarh I,Sundargarh,770020.0,2.0,"67,30,359",BIKASH CHANDRA RAO,"6,723,629",Accepted-AOC,09-Jul-2026,CE RW I||RW-CIRCLE-SUNDARGARH||RW-Division-Sundargarh I
2026_OPEPA_129643_11,DPC/SS/SNG/13OF2026-27,"INFRASTRUCTURE DEVELOPMENT OF GOVT. PRIMARY SCHOOL JHARADABIN, DANDIAPALI UPPER PRY SCHOOL UNDER LATHIKATA BLOCK (2)","INFRASTRUCTURE DEVELOPMENT OF GOVT. PRIMARY SCHOOL JHARADABIN, DANDIAPALI UPPER PRY SCHOOL UNDER LATHIKATA BLOCK (2)",Works,Open Tender,Percentage,Civil Works - Buildings,No,No,NA ,25-May-2026 09:00 AM,NA ,90.0,No ,No,Online,16-Jun-2026 05:30 PM,OPEPA Bhubaneswar||Samagra Shiksha Sundargarh,SUNDARGARH,770001.0,2.0,"4,72,87,212",SRIJAN CONSTRUCTION,"47,287,212.48",Rejected-Technical,06-Jul-2026,OPEPA Bhubaneswar||Samagra Shiksha Sundargarh
2025_CERWI_121930_30,Online Tender/09/SERWD PHULBANI/2025-26,S/R to 3 nos F type Peon Qtr R.W Section at Raikia for the year 2025-26,S/R to 3 nos F type Peon Qtr R.W Section at Raikia for the year 2025-26,Works,Open Tender,Percentage,Civil Works - Buildings,No,No,NA ,28-Nov-2025 06:00 PM,NA ,90.0,No ,No,Online,05-Dec-2025 11:30 AM,CE RW I||RWCIRCLE-BERHAMPUR||RWDIVISION-PHULBANI,"OO the SE,RWD,PHULBANI",762001.0,1.0,"4,20,000",BABULA PATTNAIK,"357,053",Rejected-AOC,03-Jul-2026,CE RW I||RWCIRCLE-BERHAMPUR||RWDIVISION-PHULBANI
2026_ORULB_127692_14,MC(CMC)CTC_Div-IIINo39/2025-26,Desilting of MSWC-I from Baleswar New Colony to Matgajpur culvert in Ward No.51.,Desilting of MSWC-I from Baleswar New Colony to Matgajpur culvert in Ward No.51.,Works,Open Tender,Percentage,Civil Works - Others,No,No,NA ,31-Mar-2026 11:00 AM,NA ,60.0,No ,No,Online,10-Apr-2026 10:00 AM,Municipal Bodies||Cuttack Municipal Corporation,CMC,753012.0,1.0,"41,95,664",RASHMI RANJAN ROUT,"4,179,121",Rejected-AOC,07-Jul-2026,Municipal Bodies||Cuttack Municipal Corporation
2026_CERWI_129603_1,Online Tender 01 RWD SBD 2026 27,SR to Police Station building at Lamtaput for the year 2026-27_building,SR to Police Station building at Lamtaput for the year 2026-27_building,Works,Open Tender,Percentage,Civil Works - Buildings,No,No,NA ,22-May-2026 11:00 AM,NA ,90.0,No ,No,Online,05-Jun-2026 11:00 AM,CE RW I||RWCIRCLE-SUNABEDA||RWDIVISION-SUNABEDA,Sunabeda,763001.0,1.0,"8,47,681",Debendranath Golari,"678,230",Rejected-AOC,12-Jul-2026,CE RW I||RWCIRCLE-SUNABEDA||RWDIVISION-SUNABEDA
2026_CEBBS_129635_9,SE-AID-3/2026-27,Construction of CC Guard Wall to Paniola Minor in between RD 950m to 1200m of Derjang Irrigation Project,Construction of CC Guard Wall to Paniola Minor in between RD 950m to 1200m of Derjang Irrigation Project,Works,Open Tender,Percentage,Civil Works - Canal,No,No,NA ,25-May-2026 11:00 AM,NA ,90.0,No ,No,Online,04-Jun-2026 09:00 AM,CE and BM Brahmani Basin Samal||SE Angul Irrigation Circle Angul||EE Angul Irrigation Division Angul,Angul,759143.0,1.0,,BAPUJI KUMAR SAHOO,"845,491",Rejected-Finance,15-Nov-2026,CE and BM Brahmani Basin Samal||SE Angul Irrigation Circle Angul||EE Angul Irrigation Division Angul
2026_CERWI_124418_1,EETIG-ONLINE-13-2025-26,Construction of R.I. Office Cum Residence at Bangomunda under Bangomunda Block in the district of Bolangir for the year 2025-26,Construction of R.I. Office Cum Residence at Bangomunda under Bangomunda Block in the district of Bolangir for the year 2025-26,Works,Open Tender,Percentage,Civil Works - Buildings,No,No,NA ,12-Jan-2026 11:00 AM,NA ,90.0,No ,No,Online,20-Jan-2026 11:00 AM,CE RW I||RWCIRCLE-BALANGIR||RWDIVISION-TITLAGARH,TITILAGARH,767042.0,2.0,"77,59,664",AMAN BANSAL,"5,850,787",Rejected-Finance,03-Jul-2026,CE RW I||RWCIRCLE-BALANGIR||RWDIVISION-TITLAGARH
2026_CEBBS_129136_3,SE-AID-2/2026-27,Repair to Kundanali minor in between RD 1840m to 4300m and Tentheipali Subminor of Left Main Canal of Manjore Irrigation Project,Repair to Kundanali minor in between RD 1840m to 4300m and Tentheipali Subminor of Left Main Canal of Manjore Irrigation Project,Works,Open Tender,Percentage,Civil Works - Canal,No,No,NA ,13-May-2026 11:00 AM,NA ,90.0,No ,No,Online,25-May-2026 09:00 AM,CE and BM Brahmani Basin Samal||SE Angul Irrigation Circle Angul||EE Angul Irrigation Division Angul,Angul,759143.0,1.0,,Ajit Kumar Acharya,"508,357",Rejected-Finance,18-Jun-2026,CE and BM Brahmani Basin Samal||SE Angul Irrigation Circle Angul||EE Angul Irrigation Division Angul
2026_RWSS_126957_6,RWSS_53_2025-26,LAYING OF PIPELINE FOR PWS TO BHATANA UNDER NAUGAON BLOCK,LAYING OF PIPELINE FOR PWS TO BHATANA UNDER NAUGAON BLOCK,Works,National Competitive Bid,Percentage,Civil Works - Water Works,No,No,NA ,07-Mar-2026 10:00 AM,07-Mar-2026 10:00 AM ,90.0,No ,No,Online,16-Mar-2026 11:00 AM,Rural Water Supply and Sanitation||RWSS Circle Cuttack||EE RWSS Divn Jagatsinghpur,OFFICE OF THE SE RWSS DIVISION JAGATSINGHPUR,754103.0,1.0,"11,62,585",ARABINDA SWAIN,"1,104,572.01",Rejected-Finance,18-Jul-2026,Rural Water Supply and Sanitation||RWSS Circle Cuttack||EE RWSS Divn Jagatsinghpur
2026_ORULB_127307_2,BMC-EE-Tender Cell-79/2025-26 dt. 13.03.2026,Construction of Road and Drain at Ghagudi Bridge to Ananda Vihar in Ward No. 23,Construction of Road and Drain at Ghagudi Bridge to Ananda Vihar in Ward No. 23,Works,Open Tender,Percentage,Civil Works - Others,No,No,NA ,17-Mar-2026 11:00 AM,24-Mar-2026 04:00 PM ,120.0,No ,No,Online,06-Apr-2026 03:30 PM,Municipal Bodies||Bhubaneswar Municipal Corporation,BMC AREA,751022.0,2.0,"93,21,567",AJAYA KUMAR BISWAL,"7,920,704",Rejected-Finance,28-Jul-2026,Municipal Bodies||Bhubaneswar Municipal Corporation
2025_EICCL_123281_1,SE (R AND B) BGR/ 21/2025-26,"Construction of 1 No D Type Flat Quarter in the premises of Tusura R and B Sub-Division, Balangir for the year 2025-26 (Civil - EI - PH)",Building work,Works,National Competitive Bid,Percentage,Civil Works - Buildings,No,No,NA ,16-Dec-2025 04:00 PM,NA ,90.0,No ,No,Online,26-Dec-2025 11:00 AM,EIC-CIVIL||SERNB-CIRCLE-BOLANGIR||EERNB DIVN BOLANGIR,Bolangir,767001.0,2.0,"91,83,234",ABHISEK PANIGRAHI,"7,806,667",Rejected-Finance,09-Jul-2026,EIC-CIVIL||SERNB-CIRCLE-BOLANGIR||EERNB DIVN BOLANGIR
2026_OLIC_128504_10,01/2026-27 OLIC (BAM),Jalamarapalli-I T/W,Installation Revival and Energisation of L.I. Project,Works,Open Tender,Percentage,Civil Works - Lift Irrigation Schemes,No,No,NA ,28-Apr-2026 12:00 PM,NA ,365.0,No ,No,Online,11-May-2026 12:00 PM,Orissa Lift Irrigation Corporation||LI Southern Circle Berhampur||LI Division Berhampur,Jalamarapalli under Digapahandi Block,760006.0,2.0,"8,64,000",MODA MILIKA,"776,733.75",Accepted-AOC,30-Jul-2026,Orissa Lift Irrigation Corporation||LI Southern Circle Berhampur||LI Division Berhampur
2026_ORULB_126612_3,MC(CMC)CTC_Div-IINo.35/2025-26,"Repair, renovation and up gradation of MCC and MRF at Potapokhari in Ward No.54.","Repair, renovation and up gradation of MCC and MRF at Potapokhari in Ward No.54.",Works,Open Tender,Percentage,Civil Works - Others,No,No,NA ,25-Mar-2026 11:00 AM,NA ,120.0,No ,No,Online,15-Apr-2026 10:00 AM,Municipal Bodies||Cuttack Municipal Corporation,CMC,753012.0,1.0,"44,24,468",ABHIJIT DAS,"4,424,468",Rejected-AOC,25-Jul-2026,Municipal Bodies||Cuttack Municipal Corporation
2026_CERWI_127065_2,Online Tender- 24/EERWDBLG/2025-26,SR to Sudra Tikrabaju Road for the year 2025-26,SR to Sudra Tikrabaju Road for the year 2025-26,Works,National Competitive Bid,Percentage,Civil Works - Roads,No,No,NA ,09-Mar-2026 05:00 PM,NA ,90.0,No ,No,Online,18-Mar-2026 10:30 AM,CE RW I||RWCIRCLE-BERHAMPUR||EE RW Divn. Baliguda,Balliguda/Kandhamal/Odisha,762103.0,1.0,"27,69,980",BILARSEN PARASETH,"2,742,283",Rejected-Finance,10-Jul-2026,CE RW I||RWCIRCLE-BERHAMPUR||EE RW Divn. Baliguda
2026_CERWI_126333_10,Online Tender/47-2025-26/BPR,Construction of Adipura Gramadevati temple to via Baraatpata Birinchipur PWD road and Upper sahi to RD road in the District of Ganjam under MMSY-TRIP for the year 2025-26,Construction of Adipura Gramadevati temple to via Baraatpata Birinchipur PWD road and Upper sahi to RD road in the District of Ganjam under MMSY-TRIP for the year 2025-26,Works,National Competitive Bid,Percentage,Civil Works - Roads,No,No,NA ,20-Feb-2026 10:00 AM,NA ,90.0,No ,No,Online,02-Mar-2026 11:00 AM,CE RW I||RWCIRCLE-BERHAMPUR,Ganjam,760011.0,2.0,"2,97,26,000",ASHUTOSH PANDA,"25,269,413",Accepted-AOC,22-Jul-2026,CE RW I||RWCIRCLE-BERHAMPUR
2026_OUTR_130176_1,OUTR/Outsourcing/2026-27/05,Outsourcing of Manpower Services,Providing Manpower Service Technical and Non Technical,Services,Open Tender,Turn-key,Human Resources Supply,No,No,NA ,30-May-2026 06:00 PM,08-Jun-2026 11:00 AM ,120.0,No ,No,Offline,24-Jun-2026 11:00 AM,Odisha University of Technology and Research,Bhubaneswar,751029.0,2.0,,EXECUTIVE SECURITY SERVICE PRIVATE LIMITED,"15,500,000",Rejected-Technical,07-Jul-2026,Odisha University of Technology and Research
2026_ORULB_126953_18,EOBRP/07/2025-26,Covering of drain from Bhagbat mandir to chamar pada in ward no 4,Covering of drain from Bhagbat mandir to chamar pada in ward no 4,Works,Open Tender,Percentage,Civil Works - Others,No,No,NA ,07-Mar-2026 11:00 AM,NA ,90.0,No ,No,Online,16-Mar-2026 03:00 PM,Municipal Bodies||Barpali NAC,Barpali,768029.0,1.0,"6,72,438",JITEN SUNA,"534,584.45",Accepted-AOC,17-Jul-2026,Municipal Bodies||Barpali NAC
2026_CERWI_125719_1,Road Tender Online-RWCSBP-29/2025-26,"Construction of road from Chakarkend to Jhankarpali, Kendpali to Dasmile chhak","Construction of road from Chakarkend to Jhankarpali, Kendpali to Dasmile chhak",Works,Open Tender,Percentage,Civil Works - Roads,No,No,NA ,07-Feb-2026 06:00 PM,NA ,90.0,No ,No,Online,20-Feb-2026 11:00 AM,CE RW I||RWCIRCLE-SAMBALPUR,Bargarh,768028.0,2.0,"5,89,36,681",JAYAKUMARI PADHAN,"58,223,547",Accepted-AOC,22-Jul-2026,CE RW I||RWCIRCLE-SAMBALPUR
2025_CERWI_122684_4,NCB No 395 Road Work,Construction of Road from Kanimahuli to Badabramhanmara under MMSY-CMRL in the District of Mayurbhanj for the year 2025-26.,Construction of Road from Kanimahuli to Badabramhanmara under MMSY-CMRL in the District of Mayurbhanj for the year 2025-26.,Works,National Competitive Bid,Percentage,Civil Works - Roads,No,No,NA ,22-Dec-2025 06:55 PM,NA ,90.0,No ,No,Online,06-Jan-2026 11:00 AM,CE RW I||RWCIRCLE-BARIPADA,"SERW Division, Baripada",757002.0,2.0,"4,16,67,000",ASIM KUMAR MOULIK,"35,421,251",Rejected-AOC,18-Jun-2026,CE RW I||RWCIRCLE-BARIPADA
2026_PRTRB_127051_4,PS-THRMPR-T-3/2025-26,"Construction of Boxcell bridge on road from Chirka to Kendumundi, GP- Adri under Th.Rampur Block",Road work,Works,Open Tender,Percentage,Civil Works - Roads,No,No,NA ,10-Mar-2026 11:00 AM,NA ,90.0,No ,No,Online,31-Mar-2026 11:00 AM,Panchayati Raj and Drinking Water Department Odisha||Zilla Parisad Kalahandi||THUAMUL RAMPUR Block,Th.Rampur,766037.0,2.0,"82,89,722",Aakriti Goel,"7,459,092",Rejected-Finance,17-Jul-2026,Panchayati Raj and Drinking Water Department Odisha||Zilla Parisad Kalahandi||THUAMUL RAMPUR Block
2025_ORULB_124053_1,KMPLTY/08/2025-26,Construction and Development of Park at TLC Road in W.No. 10,Construction and Development of Park at TLC Road in W.No. 10,Works,Open Tender,Percentage,Civil Works - Others,No,No,NA ,02-Jan-2026 11:00 AM,NA ,60.0,No ,No,Online,12-Jan-2026 11:00 AM,Municipal Bodies||Khordha Municipality,Khordha Municipality,752055.0,1.0,"27,21,795",AJAYA KUMAR SAHOO,"2,721,792",Rejected-Finance,23-Jul-2026,Municipal Bodies||Khordha Municipality
2026_ORULB_129135_1,NLGN _1/2026-27,"Repair of CC road from Nityananda Das house to Nilamadhaba Singh house, W.No.01 under Nilgiri NAC.","Repair of CC road from Nityananda Das house to Nilamadhaba Singh house, W.No.01 under Nilgiri NAC.",Works,Open Tender,Percentage,Civil Works - Roads,No,No,NA ,11-May-2026 03:00 PM,NA ,120.0,No ,No,Online,25-May-2026 11:00 AM,Municipal Bodies||Nilgiri NAC,Nilgiri NAC,756040.0,1.0,"3,03,390",ABINASH NAYAK,"303,390",Accepted-AOC,14-Jul-2026,Municipal Bodies||Nilgiri NAC
2026_ORULB_127399_1,OR/ULB/BUD/14/2025-26,Providing Cover slab of the both side at Babusahi from PWD road to Muna Behera house back side of PWD office in ward No 06,Providing Cover slab of the both side at Babusahi from PWD road to Muna Behera house back side of PWD office in ward No 06,Works,Open Tender,Percentage,Civil Works - Others,No,No,NA ,19-Mar-2026 10:00 AM,NA ,30.0,No ,No,Online,26-Mar-2026 11:00 AM,Municipal Bodies||Boudhgarh NAC,BOUDHGARH,762014.0,1.0,"5,46,633",Amar Amit Bishi,"546,088",Rejected-Finance,18-Jul-2026,Municipal Bodies||Boudhgarh NAC
2026_ORULB_126953_24,EOBRP/07/2025-26,Covering of drain from Ananta club to NH in ward no 8,Covering of drain from Ananta club to NH in ward no 8,Works,Open Tender,Percentage,Civil Works - Others,No,No,NA ,07-Mar-2026 11:00 AM,NA ,90.0,No ,No,Online,16-Mar-2026 03:00 PM,Municipal Bodies||Barpali NAC,Barpali,768029.0,1.0,"2,69,271",SHIBARATRI SETH (SC),"199,733.51",Rejected-AOC,17-Jul-2026,Municipal Bodies||Barpali NAC
2026_BDABU_128017_1,213/EM/BDA/2025-26,"Provision of Street Light from Nandankanan Square up to Baranga Police Station, Bhubaneswar.","Provision of Street Light from Nandankanan Square up to Baranga Police Station, Bhubaneswar.",Works,Open Tender,Percentage,Electrical Works,No,No,NA ,10-Apr-2026 12:30 PM,NA ,90.0,No ,No,Online,24-Apr-2026 11:30 AM,Bhubaneswar Development Authority||Bhubaneswar Development Authority||EE BDA Division IV,Bhubaneswar,751001.0,2.0,"93,54,238",AADYA URJA SOLUTIONS PRIVATE LIMITED,"9,354,238",Rejected-Technical,31-Jul-2026,Bhubaneswar Development Authority||Bhubaneswar Development Authority||EE BDA Division IV
2026_OCCL_124922_1,E-procurement Notice No.57/OCCL/2025-26(on-line),Request for Proposal (RFP) for engagement of Consultant for Documentation and processing of Forest Diversion Proposal (Both Stage-IandStage-II) for Mankada Irrigation Project under Angul District of Odisha.(BID Identification No OCCL-CDC/03/2025-26),Request for Proposal (RFP) for engagement of Consultant for Documentation and processing of Forest Diversion Proposal (Both Stage-I an Stage-II) for Mankada Irrigation Project under Angul District of Odisha.(BID Identification No OCCL-CDC/03/2025-26,Services,Open Tender,Item Rate,Consultancy Services,No,No,NA ,21-Jan-2026 03:30 PM,NA ,90.0,No ,No,Online,05-Feb-2026 12:00 PM,ODISHA CONSTRUCTION CORPORATION LTD,Angul District of Odisha.,759122.0,2.0,0.0,ARKITECHNO Consultants (India) Pvt. Ltd.,"9,588,696",Rejected-Finance,02-Jul-2026,ODISHA CONSTRUCTION CORPORATION LTD
2025_EICCL_123568_5,CCEEC-13/2025-26,Construction of Multi Purpose Hall in Odisha Adarsha Vidyalaya at Pasna under Jamda Block in Mayurbhanj District,Building Work,Works,National Competitive Bid,Percentage,Civil Works - Buildings,No,No,NA ,20-Dec-2025 06:55 PM,NA ,90.0,No ,No,Online,05-Jan-2026 11:00 AM,EIC-CIVIL||SERNB-CIRCLE-EASTERN,Rairangpur,757043.0,2.0,"2,53,90,472",Dinesh Kumar Nayak,"21,584,440",Rejected-Finance,15-Jul-2026,EIC-CIVIL||SERNB-CIRCLE-EASTERN
2025_EICCL_122568_5,S.E(R and B)-MLK-17/2025-26,Shifting of Electrical Network for Construction of H.L.Bridge over Downstream Spillway Nallah near Chitrakonda at 71st Km on GBCS Road in the District of Malkangiri during 2025-26.,ELECTRICAL WORK,Works,Open Tender,Percentage,Electrical Works,No,No,NA ,04-Dec-2025 05:30 PM,NA ,90.0,No ,No,Online,17-Dec-2025 11:00 AM,EIC-CIVIL||SERNB-CIRCLE-JEYPORE||EERNB-DIVN-MALKANGIRI,MALKANGIRI,764045.0,1.0,,CHANDAN NAYAK,"946,046",Accepted-AOC,31-Jul-2026,EIC-CIVIL||SERNB-CIRCLE-JEYPORE||EERNB-DIVN-MALKANGIRI
2025_CERWI_122485_1,Road Bldg NCB 13,SR to GAD Bldg at Naahabeda,SR to GAD Bldg at Naahabeda,Works,National Competitive Bid,Percentage,Civil Works - Buildings,No,No,NA ,03-Dec-2025 12:00 PM,NA ,60.0,No ,No,Online,12-Dec-2025 11:00 AM,CE RW I||RWCIRCLE-KEONJHAR||RWDIVISION-KEONJHAR - II,Nahabeda,758001.0,1.0,"4,24,000",biswajit behera,"423,635",Rejected-Technical,04-Jul-2026,CE RW I||RWCIRCLE-KEONJHAR||RWDIVISION-KEONJHAR - II
2026_CEMIB_124854_2,Bid ID No. 09 SEMID (KJR/ 2025-2026) Dt. 08.01.2026,Construction of Katrinali Check Dam over Bamini Nallah near village Urumunda in Banspal Block of Keonjhar District under MATY for the year 2025-2026,Construction of Katrinali Check Dam over Bamini Nallah near village Urumunda in Banspal Block of Keonjhar District under MATY for the year 2025-2026,Works,National Competitive Bid,Percentage,Civil Works - Others,No,No,NA ,20-Jan-2026 12:00 PM,NA ,90.0,No ,No,Online,30-Jan-2026 11:00 AM,"CE,Minor Irrigation,BBSR||SE,Eastern Minor Irr.Circle,Keonjhar||EE M.I. Division Keonjhar",Banspal Block of Keonjhar District,758001.0,2.0,"70,10,000",BISHNU CHARAN MALIK,"4,689,297.18",Rejected-AOC,28-Jul-2026,"CE,Minor Irrigation,BBSR||SE,Eastern Minor Irr.Circle,Keonjhar||EE M.I. Division Keonjhar"
2026_CEBMT_128472_6,"EE,KID-01/2026-27",Renovation to Right Distributary in between from RD 8154m to RD 8229m under PSIP.,Renovation to Right Distributary in between from RD 8154m to RD 8229m under PSIP.,Works,Open Tender,Percentage,Civil Works - Others,No,No,NA ,04-May-2026 10:00 AM,NA ,90.0,No ,No,Online,19-May-2026 11:00 AM,"CE-BM, Tel Basin,Bhawanipatna||SE Balangir Irr Circle Balangir||EE Kandhamal Irr Division Phulbani",Phulbani,762001.0,1.0,"7,20,274",M/S AJIT KUMAR MALLICK,"576,219.27",Accepted-AOC,20-Jul-2026,"CE-BM, Tel Basin,Bhawanipatna||SE Balangir Irr Circle Balangir||EE Kandhamal Irr Division Phulbani"
2026_ORULB_128192_6,BBLM-1/2026-27,"Construction of EV Charging station, Ward No.9, Barbil","Construction of EV Charging station, Ward No.9, Barbil",Works,Open Tender,Percentage,Civil Works - Others,No,No,NA ,20-Apr-2026 10:00 AM,NA ,90.0,No ,No,Online,04-May-2026 11:00 AM,Municipal Bodies||Barbil Municipality,Barbil,758035.0,2.0,"19,90,000",BALARAM SAHOO,"1,853,628",Rejected-Finance,02-Jul-2026,Municipal Bodies||Barbil Municipality
2025_ORULB_111099_8,MCCMCCTC_Div-IIINo39/2024-25,"Construction of RCC drain with cover slab from Pravas Sahoo res to Deba Sandha res at Prusty Bagicha, Darkhapatna in Ward No.53.","Construction of RCC drain with cover slab from Pravas Sahoo res to Deba Sandha res at Prusty Bagicha, Darkhapatna in Ward No.53.",Works,Open Tender,Percentage,Civil Works - Others,No,No,NA ,01-Mar-2025 11:00 AM,NA ,45.0,No ,No,Online,17-Mar-2025 10:00 AM,Municipal Bodies||Cuttack Municipal Corporation,CMC,753012.0,1.0,"4,52,136",BICHITRA NANDA BEHERA,"470,221",Accepted-AOC,08-Jul-2026,Municipal Bodies||Cuttack Municipal Corporation
2025_CERWI_120491_2,Online Tender/21-2025-26/BPR,Improvement to Jarada PWD road to Bhairapur via Balipadar Desari Tinigharia road in the District of Ganjam under MMSY-Improvement to Existing RD Road for the year 2025-26,Improvement to Jarada PWD road to Bhairapur via Balipadar Desari Tinigharia road in the District of Ganjam under MMSY-Improvement to Existing RD Road for the year 2025-26,Works,National Competitive Bid,Percentage,Civil Works - Roads,No,No,NA ,01-Nov-2025 10:00 AM,NA ,90.0,No ,No,Online,11-Nov-2025 11:00 AM,CE RW I||RWCIRCLE-BERHAMPUR,Ganjam,760011.0,2.0,"8,68,60,000",AMULU PATRO,"86,859,211",Accepted-AOC,30-Jun-2026,CE RW I||RWCIRCLE-BERHAMPUR
2026_EICCL_127873_1,17/KBJ/2025-26,Construction of Boundary Wall and Approach Road with Gate at new CHC Building at Muribahal under State Plan for the year 2024-25,Construction of Boundary Wall and Approach Road with Gate at new CHC Building at Muribahal under State Plan for the year 2024-25,Works,National Competitive Bid,Percentage,Civil Works - Buildings,No,No,NA ,09-Apr-2026 11:00 AM,NA ,90.0,No ,No,Online,21-Apr-2026 11:30 AM,EIC-CIVIL||SERNB-CIRCLE-BOLANGIR||EERNB-DIVISION-KANTABANJI,KANTABANJI,767039.0,2.0,"76,47,314",Abhimanyu Kuanr,"7,639,667",Rejected-Technical,17-Jul-2026,EIC-CIVIL||SERNB-CIRCLE-BOLANGIR||EERNB-DIVISION-KANTABANJI
2026_CERWI_126428_1,01/2025-26 (Buildings),Construction of block level stadium with Indoor hall building in Bahalda Block Mayurbhanj,Construction of block level stadium with Indoor hall building in Bahalda Block Mayurbhanj,Works,National Competitive Bid,Percentage,Civil Works - Buildings,No,No,NA ,23-Feb-2026 10:00 AM,NA ,90.0,No ,No,Online,12-Mar-2026 11:00 AM,CE RW I,Mayurbhanj,751001.0,2.0,"14,72,57,213",BIJAY KETAN BHATTA,"120,898,172",Rejected-Finance,08-Jul-2026,CE RW I
2026_ORULB_130054_8,RDL NAC- 5/2026-27,Construction of Paver Block road from Block Pond towards Babuli Banchhor House at Block colony side in w No 08,Construction of Paver Block road from Block Pond towards Babuli Banchhor House at Block colony side in w No 08,Works,Open Tender,Percentage,Civil Works - Roads,No,No,NA ,30-May-2026 10:00 AM,NA ,90.0,No ,No,Online,16-Jun-2026 11:00 AM,Municipal Bodies||Redhakhol NAC,"NAC, Redhakhol",768106.0,1.0,"6,76,200",AKHUJA NAIK,"800,000",Rejected-Finance,20-Jul-2026,Municipal Bodies||Redhakhol NAC
2026_CEBMT_128472_4,"EE,KID-01/2026-27",Renovation to Balaskumpa minor and Barikumpa minor II under PSIP.,Renovation to Balaskumpa minor and Barikumpa minor II under PSIP.,Works,Open Tender,Percentage,Civil Works - Others,No,No,NA ,04-May-2026 10:00 AM,NA ,90.0,No ,No,Online,19-May-2026 11:00 AM,"CE-BM, Tel Basin,Bhawanipatna||SE Balangir Irr Circle Balangir||EE Kandhamal Irr Division Phulbani",Phulbani,762001.0,1.0,"8,26,146","MAA TARINI CONSTRUCTION, PROP-UPENDRA PATTNAIK","553,435.32",Accepted-AOC,20-Jul-2026,"CE-BM, Tel Basin,Bhawanipatna||SE Balangir Irr Circle Balangir||EE Kandhamal Irr Division Phulbani"
2026_ORULB_126398_22,DKL MPLTY/10 /2025-26,Constn. of Road from Khageswar Nayak res towards Lipun Sahoo res via Ashok Panda res in ward no.- 16,AS PER DTCN,Works,Open Tender,Percentage,Civil Works - Others,No,No,NA ,23-Feb-2026 11:00 AM,NA ,120.0,No ,No,Online,06-Mar-2026 11:00 AM,Municipal Bodies||Dhenkanal Municipality,Dhenkanal,759001.0,1.0,,BISWAJIT MANSINGH,"1,690,752",Rejected-AOC,01-Jul-2026,Municipal Bodies||Dhenkanal Municipality
2025_EICCL_119544_4,CE-BRIDGES-06/2025-26,Construction of H.L. Bridge over Telen River at 3.300km of Parmanpur Salepali road (ODR) in the District of Jharsuguda under State Plan for the year 2023-24,Construction of H.L. Bridge over Telen River at 3.300km of Parmanpur Salepali road (ODR) in the District of Jharsuguda under State Plan for the year 2023-24,Works,Open Tender,Percentage,Civil Works - Bridges,No,No,NA ,16-Oct-2025 11:30 AM,NA ,90.0,No ,No,Online,07-Nov-2025 11:30 AM,EIC-CIVIL||EIC-CIVIL,in the District of Jharsuguda,751001.0,2.0,"11,47,28,358",L.N. Infrastructure and Constructions Pvt. Ltd.,"97,530,577",Accepted-AOC,20-Jul-2026,EIC-CIVIL||EIC-CIVIL
2026_ORULB_127198_6,EO_BLG.N_07_2025-26,Construction of Paver Road and RCC Culvert to Multipurpose Hall at Smart Park Ward No.4 of NAC Balliguda,Construction of Paver Road and RCC Culvert to Multipurpose Hall at Smart Park Ward No.4 of NAC Balliguda,Works,Open Tender,Percentage,Civil Works - Roads,No,No,NA ,13-Mar-2026 01:00 PM,NA ,90.0,No ,No,Online,24-Mar-2026 11:30 AM,Municipal Bodies||Balliguda N.A.C,NAC BALLIGUDA,762103.0,1.0,"17,01,607",DANDAPANI BEHERA,"1,684,594",Rejected-AOC,03-Jul-2026,Municipal Bodies||Balliguda N.A.C
2026_CERWI_126490_1,RWCCESNG-35 of 2025-26,Construction of road Jamudarah Samutoli RD road to Jharkhand border,Construction of road Jamudarah Samutoli RD road to Jharkhand border,Works,National Competitive Bid,Percentage,Civil Works - Roads,No,No,NA ,23-Feb-2026 05:30 PM,NA ,90.0,No ,No,Online,11-Mar-2026 11:00 AM,CE RW I||RW-CIRCLE-SUNDARGARH,Rourkela,769004.0,2.0,"1,26,60,433",AJAY TIWARI,"12,660,432.638",Accepted-AOC,09-Jul-2026,CE RW I||RW-CIRCLE-SUNDARGARH
2025_EICCL_123568_7,CCEEC-13/2025-26,Construction of Multi Purpose Hall in Odisha Adarsha Vidyalaya at Badadalmia under Tiring Block in Mayurbhanj District.,Building Work,Works,National Competitive Bid,Percentage,Civil Works - Buildings,No,No,NA ,20-Dec-2025 06:55 PM,NA ,90.0,No ,No,Online,05-Jan-2026 11:00 AM,EIC-CIVIL||SERNB-CIRCLE-EASTERN,Rairangpur,757043.0,2.0,"2,52,39,434",Ashok Kumar Agarwalla,"21,456,043",Rejected-Finance,15-Jul-2026,EIC-CIVIL||SERNB-CIRCLE-EASTERN
2026_CERWI_129111_1,Online Tender 01 RWD Kuchinda 2026-27,S/R to GAD Building at Lariapali in the District of Sambalpur for the year 2026-27.,S/R to GAD Building at Lariapali in the District of Sambalpur for the year 2026-27.,Works,Open Tender,Percentage,Civil Works - Buildings,No,No,NA ,11-May-2026 11:00 AM,NA ,90.0,No ,No,Online,22-May-2026 11:00 AM,CE RW I||RWCIRCLE-SAMBALPUR||RW Division Kuchinda,Kuchinda,768222.0,1.0,"5,08,467",ARABINDA SAHOO,"503,382",Accepted-AOC,08-Jul-2026,CE RW I||RWCIRCLE-SAMBALPUR||RW Division Kuchinda
2025_ORULB_121901_4,EO/AGLM-09/2025-26,Construction of drain from Purna Sahu godown to Saroj Kumar Nanda house ward No.5,Construction of drain from Purna Sahu godown to Saroj Kumar Nanda house ward No.5,Works,Open Tender,Percentage,Civil Works - Others,No,No,NA ,26-Nov-2025 12:30 PM,NA ,90.0,No ,No,Online,08-Dec-2025 11:00 AM,Municipal Bodies||Angul Municipality,Angul,759122.0,1.0,"16,94,399",AJIT PRASAD DWIVEDY,"1,440,408",Rejected-AOC,22-Jul-2026,Municipal Bodies||Angul Municipality
2026_CEBBS_128670_19,SE-AID-1/2026-27,Improvement to Tail Distributary from RD 2275m to RD 2375m of Aunli Irrigation Project.,Improvement to Tail Distributary from RD 2275m to RD 2375m of Aunli Irrigation Project.,Works,Open Tender,Percentage,Civil Works - Others,No,No,NA ,02-May-2026 11:00 AM,NA ,90.0,No ,No,Online,12-May-2026 11:00 AM,CE and BM Brahmani Basin Samal||SE Angul Irrigation Circle Angul||EE Angul Irrigation Division Angul,Angul,759143.0,1.0,,AJIT KUMAR BEHERA,"757,224",Rejected-Finance,17-Jun-2026,CE and BM Brahmani Basin Samal||SE Angul Irrigation Circle Angul||EE Angul Irrigation Division Angul
2025_CERWI_120728_11,NCB-26/RWCKJR/2025-26,Construction of RD Road (Silisuan) to Fakirpur road under MMSY-CMRL in the District of Keonjhar.,Construction of RD Road (Silisuan) to Fakirpur road under MMSY-CMRL in the District of Keonjhar.,Works,National Competitive Bid,Percentage,Civil Works - Roads,No,No,NA ,04-Nov-2025 01:40 PM,NA ,90.0,No ,No,Online,14-Nov-2025 11:00 AM,CE RW I||RWCIRCLE-KEONJHAR,Keonjhar,758001.0,2.0,"3,09,13,480",ANUP KUMAR SAHOO,"33,355,644.51",Rejected-AOC,24-Jul-2026,CE RW I||RWCIRCLE-KEONJHAR
2026_PRTRB_127051_6,PS-THRMPR-T-3/2025-26,"Construction of Road from Durmusi Ghat portion to Durmusi School , GP- Gopinathpur under Th.Rampur Block",Road work,Works,Open Tender,Percentage,Civil Works - Roads,No,No,NA ,10-Mar-2026 11:00 AM,NA ,90.0,No ,No,Online,31-Mar-2026 11:00 AM,Panchayati Raj and Drinking Water Department Odisha||Zilla Parisad Kalahandi||THUAMUL RAMPUR Block,Th.Rampur,766037.0,2.0,"82,85,756",Aakriti Goel,"8,277,470",Rejected-Finance,18-Jul-2026,Panchayati Raj and Drinking Water Department Odisha||Zilla Parisad Kalahandi||THUAMUL RAMPUR Block
2026_CERWI_128764_1,01/2026-27,Construction of 1 NO of D TYPE QUARTER and 1 NO E TYPE QUARTER BUILDINGS AT KOIKONDA PHC (N),Construction of 1 NO of D TYPE QUARTER and 1 NO E TYPE QUARTER BUILDINGS AT KOIKONDA PHC (N),Works,Open Tender,Percentage,Civil Works - Buildings,No,No,NA ,05-May-2026 11:00 AM,NA ,90.0,No ,No,Online,14-May-2026 11:00 AM,CE RW I||RWCIRCLE-SUNABEDA||RWDIVISION-MALKANGIRI - II,Malkangiri,764048.0,2.0,"62,74,596",DEBRAJ MONDAL,"6,274,596",Rejected-AOC,20-Jul-2026,CE RW I||RWCIRCLE-SUNABEDA||RWDIVISION-MALKANGIRI - II
2026_ORULB_127535_2,KNK-4(03)-2025-26,Construction of store room MRF Centre at Roulpapatna in ward No -7,Construction of store room MRF Centre at Roulpapatna in ward No -7,Works,Open Tender,Percentage,Civil Works - Others,No,No,NA ,25-Mar-2026 12:00 PM,NA ,120.0,No ,No,Online,08-Apr-2026 11:30 AM,Municipal Bodies||Konark NAC,Konark NAC,752111.0,1.0,"16,78,680",GAGAN BIHARI PATRA,"1,525,051",Rejected-Finance,13-Jul-2026,Municipal Bodies||Konark NAC
2025_CERWI_122808_4,Tender Online RWC-25-25,Improvement to L028-Basandara to Bambilo road under MMSY-DRR Scheme in the dist of Jagatsinghpur for the year 2025-26,Improvement to L028-Basandara to Bambilo road under MMSY-DRR Scheme in the dist of Jagatsinghpur for the year 2025-26,Works,National Competitive Bid,Percentage,Civil Works - Roads,No,No,NA ,11-Dec-2025 06:00 PM,NA ,90.0,No ,No,Online,20-Dec-2025 11:30 AM,CE RW I||RWCIRCLE-CUTTACK,Jagatsinghpur,754102.0,2.0,"6,99,72,705",DEBASIS NAYAK,"69,972,705",Rejected-Finance,10-Jul-2026,CE RW I||RWCIRCLE-CUTTACK
2025_ORULB_120762_22,PM_03/2025-26,Construction of R.C.C Culvert from R.D road to Womens Collage in Pattamundai Municipality.,Construction of R.C.C Culvert from R.D road to Womens Collage in Pattamundai Municipality.,Works,Open Tender,Percentage,Civil Works - Others,No,No,NA ,04-Nov-2025 06:00 PM,NA ,90.0,No ,No,Online,15-Nov-2025 11:00 AM,Municipal Bodies||Pattamundai Municipality,Executive Officer Pattamundai Municipality,754215.0,1.0,"3,96,609",ABHAYA KUMAR DAS,"397,846",Rejected-AOC,04-Jul-2026,Municipal Bodies||Pattamundai Municipality
2026_ORULB_127399_3,OR/ULB/BUD/14/2025-26,Providing Cover slab of the drain at Babusahi from Bhubana Samanta house to Bibhuti Bhusan Deo house in ward No 06,Providing Cover slab of the drain at Babusahi from Bhubana Samanta house to Bibhuti Bhusan Deo house in ward No 06,Works,Open Tender,Percentage,Civil Works - Others,No,No,NA ,19-Mar-2026 10:00 AM,NA ,30.0,No ,No,Online,26-Mar-2026 11:00 AM,Municipal Bodies||Boudhgarh NAC,BOUDHGARH,762014.0,1.0,"5,13,136",Amar Amit Bishi,"512,623",Rejected-Technical,18-Jul-2026,Municipal Bodies||Boudhgarh NAC
2026_EICCL_129414_1,SC RandB GM-II-2/2026-27,Repair and Renovation of RTO office at Chhatarpur,Repair and Renovation of RTO office at Chhatarpur,Works,Open Tender,Percentage,Civil Works - Buildings,No,No,NA ,18-May-2026 10:00 AM,NA ,90.0,No ,No,Online,28-May-2026 11:30 AM,EIC-CIVIL||SERNB-CIRCLE-BERHAMPUR||EERNB-DIVN-GANJAM II,Ganjam,760005.0,2.0,"74,37,666",DEEPAK SAHU,"5,107,445",Rejected-AOC,21-Jul-2026,EIC-CIVIL||SERNB-CIRCLE-BERHAMPUR||EERNB-DIVN-GANJAM II
2026_CERWI_126333_12,Online Tender/47-2025-26/BPR,Construction of PWD road to Kendubadi road via Harachandi at Saradhapur of Sodaka GP in the District of Ganjam under MMSY-TRIP for the year 2025-26.,Construction of PWD road to Kendubadi road via Harachandi at Saradhapur of Sodaka GP in the District of Ganjam under MMSY-TRIP for the year 2025-26.,Works,National Competitive Bid,Percentage,Civil Works - Roads,No,No,NA ,20-Feb-2026 10:00 AM,NA ,90.0,No ,No,Online,02-Mar-2026 11:00 AM,CE RW I||RWCIRCLE-BERHAMPUR,Ganjam,760011.0,2.0,"3,73,38,000",Nilachala Sahu,"32,778,658",Accepted-AOC,03-Jun-2026,CE RW I||RWCIRCLE-BERHAMPUR
2026_ORULB_128869_1,10/SMC_SBP/2026-27,"Construction of Approach Road and Water Facility for Cow Shed near Gosala, Ward No.-02","Construction of Approach Road and Water Facility for Cow Shed near Gosala, Ward No.-02",Works,Open Tender,Percentage,Civil Works - Others,No,No,NA ,08-May-2026 11:00 AM,NA ,120.0,No ,No,Online,19-May-2026 11:00 AM,Municipal Bodies||Sambalpur Municipal Corporation,SAMBALPUR MUNICIPAL CORPORATION,768006.0,1.0,"21,16,153",Abhaya Narayan Padhi,"2,116,153",Rejected-Technical,15-Jul-2026,Municipal Bodies||Sambalpur Municipal Corporation
2026_CERWI_125643_1,DMGH / Online-13 of 2025-26,Construction of 2 Nos D type Qtr. Building at Mahaling PHC(N) for the year 2025-26,Construction of 2 Nos D type Qtr. Building at Mahaling PHC(N) for the year 2025-26,Works,National Competitive Bid,Percentage,Civil Works - Buildings,No,No,NA ,06-Feb-2026 10:00 AM,NA ,90.0,No ,No,Online,19-Feb-2026 11:00 AM,CE RW I||RWCIRCLE-BHAWANIPATNA||RWDIVISION-DHARMAGARH,Kalahandi,766015.0,2.0,"67,79,641",ABHIMANYU NAIK,"6,772,861",Rejected-Finance,29-May-2026,CE RW I||RWCIRCLE-BHAWANIPATNA||RWDIVISION-DHARMAGARH
2026_CEEBO_129219_3,03/2026-27 of CCE LSP Balangir,"Construction of cement concrete precast interlocking paver block road and cement concrete drain for main road and branch road at RR Colony of LSIP at Uchhabahal , Balangir","Construction of cement concrete precast interlocking paver block road and cement concrete drain for main road and branch road at RR Colony of LSIP at Uchhabahal , Balangir",Works,Open Tender,Percentage,Civil Works - Roads,No,No,NA ,15-May-2026 10:00 AM,22-May-2026 10:30 AM ,90.0,No ,No,Online,30-May-2026 10:30 AM,"CCE, L Suktel Irr.Project,Bolangir||CCE,L Sukhtel,Bolangir","Uchhabahal, Balangir",767002.0,2.0,"2,35,38,845",ABANI PRAKASH MISHRA,"23,515,306",Rejected-Finance,09-Jul-2026,"CCE, L Suktel Irr.Project,Bolangir||CCE,L Sukhtel,Bolangir"
2025_EICCL_123281_3,SE (R AND B) BGR/ 21/2025-26,Construction of of RI Office-cum-Residence buildings at Tusura in the district of Bolangir (Civil - EI - PH),Building work,Works,National Competitive Bid,Percentage,Civil Works - Buildings,No,No,NA ,16-Dec-2025 04:00 PM,NA ,90.0,No ,No,Online,26-Dec-2025 11:00 AM,EIC-CIVIL||SERNB-CIRCLE-BOLANGIR||EERNB DIVN BOLANGIR,Bolangir,767001.0,2.0,"65,37,488",ABHISEK PANIGRAHI,"5,557,518",Rejected-Finance,09-Jul-2026,EIC-CIVIL||SERNB-CIRCLE-BOLANGIR||EERNB DIVN BOLANGIR
2026_RWSS_126957_4,RWSS_53_2025-26,LAYING OF PIPELINE FOR PWS TO SOVA UNDER BALIKUDA BLOCK,LAYING OF PIPELINE FOR PWS TO SOVA UNDER BALIKUDA BLOCK,Works,National Competitive Bid,Percentage,Civil Works - Water Works,No,No,NA ,07-Mar-2026 10:00 AM,07-Mar-2026 10:00 AM ,90.0,No ,No,Online,16-Mar-2026 11:00 AM,Rural Water Supply and Sanitation||RWSS Circle Cuttack||EE RWSS Divn Jagatsinghpur,OFFICE OF THE SE RWSS DIVISION JAGATSINGHPUR,754103.0,1.0,"32,85,070",ARABINDA SWAIN,"3,121,145",Rejected-Finance,20-Jul-2026,Rural Water Supply and Sanitation||RWSS Circle Cuttack||EE RWSS Divn Jagatsinghpur
2025_CERWI_121468_29,Tender Online RCK-17/25,Improvement to Road and CD work of MDR-14 to Kimbhiriapal road under Impvt. to-Existing RD Road in the Dist. of Jajpur for the year 2025-26,Construction of road works,Works,National Competitive Bid,Percentage,Civil Works - Roads,No,No,NA ,24-Nov-2025 05:45 PM,NA ,90.0,No ,No,Online,06-Dec-2025 11:00 AM,CE RW I||RWCIRCLE-KENDRAPARA,Jajpur,755001.0,2.0,"2,88,16,468",MAA SANTOSHI CONSTRUCTION,"24,496,879",Rejected-Finance,18-Jun-2026,CE RW I||RWCIRCLE-KENDRAPARA
2026_CEBBS_129136_1,SE-AID-2/2026-27,Construction of Key Wall from RD 120m to 800m of Left Main Canal of Manjore Irrigation Project Working RD 100m to 1008.50m,Construction of Key Wall from RD 120m to 800m of Left Main Canal of Manjore Irrigation Project Working RD 100m to 1008.50m,Works,Open Tender,Percentage,Civil Works - Canal,No,No,NA ,13-May-2026 11:00 AM,NA ,90.0,No ,No,Online,25-May-2026 09:00 AM,CE and BM Brahmani Basin Samal||SE Angul Irrigation Circle Angul||EE Angul Irrigation Division Angul,Angul,759143.0,1.0,,Ajit Kumar Acharya,"840,281",Rejected-Finance,17-Jun-2026,CE and BM Brahmani Basin Samal||SE Angul Irrigation Circle Angul||EE Angul Irrigation Division Angul
2026_CERWI_125582_1,Tender Online RCK-2/26,Construction of RW Sub-Division Office cum section office -I and Section office- II at Rasulpur_building,Construction of RW Sub-Division Office cum section office -I and Section office- II at Rasulpur_building,Works,National Competitive Bid,Percentage,Civil Works - Buildings,No,No,NA ,05-Feb-2026 04:00 PM,NA ,90.0,No ,No,Online,20-Feb-2026 11:00 AM,CE RW I||RWCIRCLE-KENDRAPARA,Jajpur,755001.0,2.0,"1,26,48,953",MADHUSMITA SWAIN,"10,559,346",Rejected-Finance,03-Jul-2026,CE RW I||RWCIRCLE-KENDRAPARA
2026_EICCL_128086_7,SC RandB GM-II-36/2025-26,S/R such as comprehensive annual Electrical maintenance for wiring and electrical accessories at Sub Divisional Hospital at Chatrapur,Electrical work,Works,Open Tender,Percentage,Electrical Works,No,No,NA ,13-Apr-2026 10:00 AM,NA ,90.0,No ,No,Online,20-Apr-2026 11:30 AM,EIC-CIVIL||SERNB-CIRCLE-BERHAMPUR||EERNB-DIVN-GANJAM II,Chatrapur,760003.0,1.0,"8,38,998",CHINMAYA KUMAR PRAHARAJ,"578,909",Rejected-AOC,26-Jul-2026,EIC-CIVIL||SERNB-CIRCLE-BERHAMPUR||EERNB-DIVN-GANJAM II
2026_CEEBO_128383_1,LSRRC AND BD-BGR-1/2026-27,"Construction of AWC in the RR Colony, Larkipali and Sadeipali of LSP (For E block).","Construction of AWC in the RR Colony, Larkipali and Sadeipali of LSP (For E block).",Works,Open Tender,Percentage,Civil Works - Buildings,No,No,NA ,27-Apr-2026 10:00 AM,06-May-2026 11:00 AM ,90.0,No ,No,Online,12-May-2026 10:30 AM,"CCE, L Suktel Irr.Project,Bolangir||CCE,L Sukhtel,Bolangir||EE, RR C and B Divn","Sadeipali, Balangir",767001.0,1.0,"16,64,528",ARATI PUROHIT,"1,662,863",Rejected-AOC,18-Jun-2026,"CCE, L Suktel Irr.Project,Bolangir||CCE,L Sukhtel,Bolangir||EE, RR C and B Divn"
2026_CEMIB_129604_1,SECMID_02/2026-27,Construction of Ituabandha Check Dam over Local Nalla Near Parabatia in Chhagaon GP in Athagarh Block of Cuttack District under MATY Scheme for the year 2026-27.,Construction of Ituabandha Check Dam over Local Nalla Near Parabatia in Chhagaon GP in Athagarh Block of Cuttack District under MATY Scheme for the year 2026-27.,Works,Open Tender,Percentage,Civil Works - Canal,No,No,NA ,22-May-2026 10:00 AM,NA ,90.0,No ,No,Online,01-Jun-2026 11:00 AM,"CE,Minor Irrigation,BBSR||SECMIC-BHUBANESWAR||CUTTACK",Athagarh,754029.0,1.0,"36,47,373",ADARSA BISWAL,"3,647,372.47",Rejected-Finance,29-Jul-2026,"CE,Minor Irrigation,BBSR||SECMIC-BHUBANESWAR||CUTTACK"
2026_ORULB_130054_14,RDL NAC- 5/2026-27,Construction of Paver Block road with step from Hanuman Mandir towards Kerandijore at Rathasahi in ward No 13,Construction of Paver Block road with step from Hanuman Mandir towards Kerandijore at Rathasahi in ward No 13,Works,Open Tender,Percentage,Civil Works - Roads,No,No,NA ,30-May-2026 10:00 AM,NA ,90.0,No ,No,Online,16-Jun-2026 11:00 AM,Municipal Bodies||Redhakhol NAC,"NAC, Redhakhol",768106.0,1.0,"5,07,297",AKHUJA NAIK,"600,000",Rejected-Finance,20-Jul-2026,Municipal Bodies||Redhakhol NAC
2025_CERWI_120439_13,Online Tender/13/RWDBNJ/2025-26,S/R to Ambapua to Ektal Via Gajendra road under Routine Maintenance for the year 2025-26,S/R to Ambapua to Ektal Via Gajendra road under Routine Maintenance for the year 2025-26,Works,National Competitive Bid,Percentage,Civil Works - Roads,No,No,NA ,31-Oct-2025 06:55 PM,NA ,90.0,No ,No,Online,11-Nov-2025 11:00 AM,CE RW I||RWCIRCLE-BERHAMPUR||RW Division Bhanjanagar,Bhanjanagar,761126.0,1.0,"5,07,619",PITAMBAR BISHOYI,"482,288",Rejected-Finance,28-Jul-2026,CE RW I||RWCIRCLE-BERHAMPUR||RW Division Bhanjanagar
2025_EICCL_120013_7,BGR (R and B)-19 of 2025-26,Installation of Additional Sports LED Light on existing Mast at Gandhi Stadium in the district of Balangir,Electrical work,Works,National Competitive Bid,Percentage,Electrical Works,No,No,NA ,24-Oct-2025 06:00 PM,NA ,90.0,No ,No,Online,04-Nov-2025 11:30 AM,EIC-CIVIL||SERNB-CIRCLE-BOLANGIR||EERNB DIVN BOLANGIR,Balangir,767001.0,1.0,"17,79,616",A.B.ELECTRICALS,"1,512,852",Accepted-AOC,08-Jul-2026,EIC-CIVIL||SERNB-CIRCLE-BOLANGIR||EERNB DIVN BOLANGIR
2025_CERWI_123050_7,NCB-32/RWCKJR/2025-26,Construction of Padampur (Bhatunia) to Nuagaon road Via Goaldih Railway Station under MMSY-TRIP in the District of Keonjhar.,Construction of Padampur (Bhatunia) to Nuagaon road Via Goaldih Railway Station under MMSY-TRIP in the District of Keonjhar.,Works,National Competitive Bid,Percentage,Civil Works - Roads,No,No,NA ,12-Dec-2025 09:00 AM,NA ,90.0,No ,No,Online,30-Dec-2025 11:00 AM,CE RW I||RWCIRCLE-KEONJHAR,Keonjhar,758001.0,2.0,"4,53,12,583",ALINA SAMAL,"49,839,309.21",Rejected-Technical,17-Apr-2026,CE RW I||RWCIRCLE-KEONJHAR
2026_EICCL_124167_1,Bid Identification No.S.E.E.C (RandB) 24/2025-26,"Provision of Fire fighting System at CHC Building (Gplus1), Komna in the Dist. of Nuapada.","Provision of Fire fighting System at CHC Building (Gplus1), Komna in the Dist. of Nuapada.",Works,National Competitive Bid,Percentage,Electrical Works,No,No,NA ,03-Jan-2026 05:00 PM,NA ,90.0,No ,No,Online,27-Jan-2026 11:30 AM,EIC-CIVIL||SE R and B Electrical,"Komna, Nuapada",766106.0,2.0,"76,39,193",HAREKRUSHNA INDUSTRIES PROP. SURENDRA KUMAR JENA,"6,409,283",Rejected-Technical,18-Jul-2026,EIC-CIVIL||SE R and B Electrical
2026_CERWI_126885_3,Online Tender/53-2025-26/BPR,Construction of PHC (N) Building at Dengapadara under Sheragada Block in the District of Ganjam for the year 2024-25.,Construction of PHC (N) Building at Dengapadara under Sheragada Block in the District of Ganjam for the year 2024-25.,Works,National Competitive Bid,Percentage,Civil Works - Buildings,No,No,NA ,05-Mar-2026 05:00 PM,NA ,90.0,No ,No,Online,12-Mar-2026 11:00 AM,CE RW I||RWCIRCLE-BERHAMPUR,Ganjam,760011.0,2.0,"1,02,47,000",AMARENDRA SABAT,"8,710,667",Rejected-AOC,02-Jul-2026,CE RW I||RWCIRCLE-BERHAMPUR
2026_EICCL_129341_1,SC RandB GM-II-4/2026-27,Providing Power supply to Proposed 3P 33KVA 30 KW L T load for Tahasil Office at Kodala,Providing Power supply to Proposed 3P 33KVA 30 KW L T load for Tahasil Office at Kodala,Works,Open Tender,Percentage,Electrical Works,No,No,NA ,15-May-2026 10:00 AM,NA ,90.0,No ,No,Online,28-May-2026 11:30 AM,EIC-CIVIL||SERNB-CIRCLE-BERHAMPUR||EERNB-DIVN-GANJAM II,Ganjam,760005.0,1.0,"11,80,418",Sabyasachi Pattnaik,"1,239,319",Accepted-AOC,26-Jul-2026,EIC-CIVIL||SERNB-CIRCLE-BERHAMPUR||EERNB-DIVN-GANJAM II
2026_WCUTT_128921_1,GMWATCO (W)-03/2026-27 Dtd.05.05.2026,"Operation and Maintenance of 7 MLD WTP Excluding Fuel, Energy charges, Chemical and Major spare parts at Mundamal Vyasanagar Municipality, Jajpur Road for the year of 2026","Operation and Maintenance of 7 MLD WTP Excluding Fuel, Energy charges, Chemical and Major spare parts at Mundamal Vyasanagar Municipality, Jajpur Road for the year of 2026",Works,National Competitive Bid,Percentage,Civil Works - Water Works,No,No,NA ,08-May-2026 11:00 AM,NA ,120.0,No ,No,Online,19-May-2026 12:30 PM,WATCO Bhubaneswar||Director (Operation) Watco||WATCO Division Cuttack,Jajpur Road,755019.0,2.0,"40,50,000",Drite Automation and Engineering,"4,454,595",Rejected-Technical,01-Jul-2026,WATCO Bhubaneswar||Director (Operation) Watco||WATCO Division Cuttack
2026_ORULB_127203_1,EONM-06/2025-26,Repair And Renovation of old C.C Road on Hanuman Nagar Road in word no 01,CIVIL WORK,Works,Open Tender,Percentage,Civil Works - Others,No,No,NA ,16-Mar-2026 11:00 AM,NA ,90.0,No ,No,Online,26-Mar-2026 11:00 AM,Municipal Bodies||Nabarangpur Municipality,Nabarangpur,764059.0,1.0,"16,93,434",BABITA KUMARI MOHAPATRA,"1,524,259",Rejected-AOC,28-Jul-2026,Municipal Bodies||Nabarangpur Municipality
2026_EICCL_127500_19,eTCN11 of 2025-2026,"Provision of supply installation Testing and commissioning of Firefighting system (Automatic SPRINKLER System , Automatic FIRE Detection and Alaram System , Fire Extinguisher and Signage system) at CHC Rajsunakhala in the district of Nayagarh.","Provision of supply installation Testing and commissioning of Firefighting system (Automatic SPRINKLER System , Automatic FIRE Detection and Alaram System , Fire Extinguisher and Signage system) at CHC Rajsunakhala in the district of Nayagarh.",Works,Open Tender,Percentage,Electrical Works,No,No,NA ,24-Mar-2026 04:30 PM,NA ,90.0,No ,No,Online,31-Mar-2026 11:00 AM,EIC-CIVIL||SERNB-CIRCLE-KHURDA||EE Nayagarh Rnb Division,Nayagarh,752069.0,1.0,"41,37,885",MESSERS OMM SAI ELECTRICALS,"2,743,418",Rejected-Finance,02-Jul-2026,EIC-CIVIL||SERNB-CIRCLE-KHURDA||EE Nayagarh Rnb Division
2025_EICCL_117206_3,CE-ROADS-I-10/2025-26,Improvement of Rampur-Girischandrapur road from 1/408 km to 26/538 km ( except from 17/020 km to 17/620 km) in the district of Sambalpur under State Plan,Improvement of Rampur-Girischandrapur road from 1/408 km to 26/538 km ( except from 17/020 km to 17/620 km) in the district of Sambalpur under State Plan,Works,Open Tender,Percentage,Civil Works - Roads,No,No,NA ,22-Aug-2025 01:30 PM,NA ,90.0,No ,No,Online,09-Sep-2025 11:30 AM,EIC-CIVIL,Sambalpur-I Division,751001.0,2.0,"36,89,30,906",B DAS AND ASSOCIATES PRIVATE LIMITED,"313,628,163",Rejected-AOC,15-Jul-2026,EIC-CIVIL
2026_EICCL_127875_7,17/KBJ/2025-26(1),"Supply, Installation, Testing and Commissioning of Fire Fighting System for CHC Kholan in the District of Balangir","Supply, Installation, Testing and Commissioning of Fire Fighting System for CHC Kholan in the District of Balangir",Works,National Competitive Bid,Percentage,Electrical Works,No,No,NA ,09-Apr-2026 11:00 AM,NA ,90.0,No ,No,Online,21-Apr-2026 11:30 AM,EIC-CIVIL||SERNB-CIRCLE-BOLANGIR||EERNB-DIVISION-KANTABANJI,KANTABANJI,767039.0,1.0,"30,41,945",K3ALERT SYSTEM,"2,038,407",Rejected-Technical,17-Jul-2026,EIC-CIVIL||SERNB-CIRCLE-BOLANGIR||EERNB-DIVISION-KANTABANJI
2026_ORULB_125611_16,BRJNRM -05/2025-26,Completion of Drain and Road at N.S. Line W.No.15,Drain and Road,Works,Open Tender,Percentage,Civil Works - Others,No,No,NA ,07-Feb-2026 06:00 PM,NA ,90.0,No ,No,Online,21-Feb-2026 11:00 AM,Municipal Bodies||Brajrajnagar Municipality,Brajrajnagar Municipality,768216.0,2.0,"15,00,000",DILESWAR NAIK,"1,206,436.48",Rejected-AOC,08-Jul-2026,Municipal Bodies||Brajrajnagar Municipality
2025_CERWI_122313_31,Online AGL-18,Construction of D type Qtr at PHC Boinda,Construction of D type Qtr at PHC Boinda,Works,Open Tender,Percentage,Civil Works - Buildings,No,No,NA ,06-Dec-2025 06:45 PM,NA ,90.0,No ,No,Online,12-Dec-2025 06:00 PM,CE RW I||RWCIRCLE-ANGUL||RW-DIVISION-ANGUL,Angul,759143.0,1.0,"26,89,000",Ajit Kumar Sahoo,"2,697,716",Rejected-Finance,04-Jul-2026,CE RW I||RWCIRCLE-ANGUL||RW-DIVISION-ANGUL
2025_ORULB_115623_43,JM-01/2025-26,Construction of Isolation ward for separate ladies and Gents of Oldage Home under Joda Municipality,WORKS,Works,Open Tender,Percentage,Civil Works - Others,No,No,NA ,17-Jul-2025 10:00 AM,NA ,120.0,No ,No,Online,31-Jul-2025 11:00 AM,Municipal Bodies||Joda Municipality,JODA MUNICIPALITY AT PO BANEIKALA JODA KEONJHAR,758038.0,1.0,"16,40,373",ABHINAV ARYAN,"1,936,000",Accepted-AOC,30-Jul-2026,Municipal Bodies||Joda Municipality
2026_ORULB_128169_2,SNP-MUN-36/2025-26,Completion of kalyan mandap near Dadhibaman temple at Ghodaghatpoda ward in ward no-03,Completion of kalyan mandap near Dadhibaman temple at Ghodaghatpoda ward in ward no-03,Works,Open Tender,Percentage,Civil Works - Others,No,No,NA ,17-Apr-2026 11:00 AM,NA ,120.0,No ,No,Online,28-Apr-2026 11:00 AM,Municipal Bodies||Sonepur Municipal Council,Sonepur Municipality,767017.0,1.0,"12,71,201",BEAUTYRANI SHARMA,"1,271,201.16",Rejected-Technical,14-Jul-2026,Municipal Bodies||Sonepur Municipal Council
2026_CERWI_127338_1,Tender Online RCK-04/26,"Construction of Road from 28 Bati road, Bahadur Nagar to Matikatpur,NH-53 over Haridaspur Paradip, Rly line Roadin the Dist. of Jajpur for the year 2025-26.",Construction of road works,Works,National Competitive Bid,Percentage,Civil Works - Roads,No,No,NA ,17-Mar-2026 11:00 AM,NA ,90.0,No ,No,Online,06-Apr-2026 11:00 AM,CE RW I||RWCIRCLE-KENDRAPARA,Jajpur,755001.0,2.0,"2,97,11,520",CHOUDHURY KARTIK CHANDRA SWAIN,"26,342,233",Rejected-Finance,29-Jun-2026,CE RW I||RWCIRCLE-KENDRAPARA
2026_ORULB_130757_2,15/SMC_SBP/2026-27,"Construction of Drain and Paver Road From Mr. Dutta House to Manoj Pandit House at Mahanadi Vihar, Ward No. 20.","Construction of Drain and Paver Road From Mr. Dutta House to Manoj Pandit House at Mahanadi Vihar, Ward No. 20.",Works,Open Tender,Percentage,Civil Works - Others,No,No,NA ,06-Jun-2026 11:00 AM,NA ,120.0,No ,No,Online,17-Jun-2026 11:00 AM,Municipal Bodies||Sambalpur Municipal Corporation,SAMBALPUR MUNICIPAL CORPORATION,768006.0,1.0,"12,69,602",ABHINAS NANDA,"1,269,618",Rejected-Technical,31-Jul-2026,Municipal Bodies||Sambalpur Municipal Corporation
2026_ORULB_126616_5,MC(CMC)CTC_Div-IIiNo39/2025-26,Repair and restoration of Toilet at Chauliaganj Matha Sahi in Ward No.42.,Repair and restoration of Toilet at Chauliaganj Matha Sahi in Ward No.42.,Works,Open Tender,Percentage,Civil Works - Others,No,No,NA ,30-Mar-2026 11:00 AM,NA ,105.0,No ,No,Online,17-Apr-2026 10:00 AM,Municipal Bodies||Cuttack Municipal Corporation,CMC,753012.0,1.0,"11,99,622",BICHITRA NANDA BEHERA,"1,199,622",Rejected-AOC,08-Jul-2026,Municipal Bodies||Cuttack Municipal Corporation
2025_ORULB_116784_21,MC(CMC)CTC_Div-IIINo.17/25-26,Construction of CC road from Maa Duladei Temple to Hajira Sir house at Uttamapur in Ward No.56.,Construction of CC road from Maa Duladei Temple to Hajira Sir house at Uttamapur in Ward No.56.,Works,Open Tender,Percentage,Civil Works - Others,No,No,NA ,09-Oct-2025 12:30 PM,NA ,90.0,No ,No,Online,28-Oct-2025 10:00 AM,Municipal Bodies||Cuttack Municipal Corporation,CMC,753012.0,1.0,"7,05,197",BICHITRA NANDA BEHERA,"599,486.94",Rejected-AOC,08-Jul-2026,Municipal Bodies||Cuttack Municipal Corporation
2026_ORULB_127482_54,BLGR MPTY/13(01-73)/2025-26,"Const. of Paver Road and Drain with Cover Slab from Anta Dash Res to Ranjan Meher Res, Mahalaxmi Nagar, W.No.18",Road and Drain with Cover Slab Work,Works,Open Tender,Percentage,Civil Works - Roads,No,No,NA ,24-Mar-2026 11:00 AM,NA ,180.0,No ,No,Online,06-Apr-2026 11:00 AM,Municipal Bodies||Balangir Municipality,Balangir,767001.0,1.0,"10,15,375",RAJENDRA PUROHIT,"1,014,359.15",Rejected-Finance,17-Jul-2026,Municipal Bodies||Balangir Municipality
2025_EICCL_114707_1,CCE.Ctc.(RandB)2/2025-26,Construction of 12 nos. E-Type quarter inside the campus of CT and GST Territorial Range Jajpur Jajpur road for 2024-25,Building work,Works,National Competitive Bid,Percentage,Civil Works - Buildings,No,No,NA ,23-Jun-2025 10:00 AM,NA ,90.0,No ,No,Online,09-Jul-2025 11:00 AM,EIC-CIVIL||SERNB-CIRCLE-CUTTACK,Panikoili,755043.0,2.0,"3,00,70,213",AADYA URJA SOLUTIONS PRIVATE LIMITED,"62,889,323",Rejected-Finance,10-Jul-2026,EIC-CIVIL||SERNB-CIRCLE-CUTTACK
2025_ORULB_112773_3,BMC-EE-Tender Cell-09/2025-26 Dt. 22.04.2025,Improvement of Road at the back side of Plot No. 605 Road No. 7 in Ward No. 35,Improvement of Road at the back side of Plot No. 605 Road No. 7 in Ward No. 35,Works,Open Tender,Percentage,Civil Works - Others,No,No,NA ,24-Apr-2025 04:00 PM,29-Apr-2025 12:30 PM ,120.0,No ,No,Online,05-May-2025 04:00 PM,Municipal Bodies||Bhubaneswar Municipal Corporation,BMC Area,751022.0,1.0,"4,52,035",DEBADUTTA SAHOO,"453,445",Accepted-AOC,06-Jul-2026,Municipal Bodies||Bhubaneswar Municipal Corporation
2026_CEMWR_127650_1,ACEM/MDL-58/2025-26,"Supply, fabrication, and erection of Gate and Hoist of Gopinathpur Check Dam of Jashipur Block under minor Irrigation Division Jashipur for the year-2025-26.","Supply, fabrication, and erection of Gate and Hoist of Gopinathpur Check Dam of Jashipur Block under minor Irrigation Division Jashipur for the year-2025-26.",Works,Open Tender,Percentage,Mechanical Works,No,No,NA ,30-Mar-2026 10:00 AM,NA ,90.0,No ,No,Online,17-Apr-2026 11:00 AM,Chief Engineer Mech - WR Bhubaneswar||SE Mechanical Circle Bhubaneswar,"GOPINATHPUR, JASHIPUR",757034.0,1.0,"10,64,851",ABHISEKH ENTERPRISERS,"1,064,851",Rejected-Finance,07-Jul-2026,Chief Engineer Mech - WR Bhubaneswar||SE Mechanical Circle Bhubaneswar
2026_ORULB_127482_55,BLGR MPTY/13(01-73)/2025-26,"Const. of Concrete Road from NH-26 to Maa Mangala Mandir Bijakhaman, W.No.18",Road Work,Works,Open Tender,Percentage,Civil Works - Roads,No,No,NA ,24-Mar-2026 11:00 AM,NA ,180.0,No ,No,Online,06-Apr-2026 11:00 AM,Municipal Bodies||Balangir Municipality,Balangir,767001.0,1.0,"8,42,029",SRI HAREKRUSHNA ADJUED,"841,187.21",Rejected-Finance,17-Jul-2026,Municipal Bodies||Balangir Municipality
2026_CERWI_126100_1,RWCCESNG-32 of 2025-26,Construction of road from Raidihi to Sankobahal via Kadoberna,Construction of road from Raidihi to Sankobahal via Kadoberna,Works,National Competitive Bid,Percentage,Civil Works - Roads,No,No,NA ,16-Feb-2026 11:00 AM,NA ,90.0,No ,No,Online,05-Mar-2026 11:00 AM,CE RW I||RW-CIRCLE-SUNDARGARH,Sundergarh,770020.0,2.0,"4,79,80,790",GOURAV CONSTRUCTION,"47,932,809.25",Rejected-Finance,03-Jul-2026,CE RW I||RW-CIRCLE-SUNDARGARH
2026_CERWI_126906_1,CCERWCSBD - Online- 48 2025-26,Construction of H.L Bridge with Weir over LOCAL nallah at - 0.260 K.M. on Badadora to Haladidangri road in the District of Nabarangpur under SBY for the year 2024-25.,Construction of H.L Bridge with Weir over LOCAL nallah at - 0.260 K.M. on Badadora to Haladidangri road in the District of Nabarangpur under SBY for the year 2024-25.,Works,National Competitive Bid,Percentage,Civil Works - Bridges,No,No,NA ,05-Mar-2026 06:55 PM,NA ,90.0,No ,No,Online,18-Mar-2026 11:00 AM,CE RW I||RWCIRCLE-SUNABEDA,UMERKOTE,764073.0,2.0,"4,04,04,000",ABHAYA KUMAR MAHUNTA,"31,430,094.35",Rejected-AOC,06-Jul-2026,CE RW I||RWCIRCLE-SUNABEDA
2026_ORULB_130757_3,15/SMC_SBP/2026-27,"Construction of paver road from Mr. Sudhananda Panda House to Krushna Ch. Bhoi House at Mahulburei, Dhankauda, Ward No-29.","Construction of paver road from Mr. Sudhananda Panda House to Krushna Ch. Bhoi House at Mahulburei, Dhankauda, Ward No-29.",Works,Open Tender,Percentage,Civil Works - Others,No,No,NA ,06-Jun-2026 11:00 AM,NA ,120.0,No ,No,Online,17-Jun-2026 11:00 AM,Municipal Bodies||Sambalpur Municipal Corporation,SAMBALPUR MUNICIPAL CORPORATION,768006.0,1.0,"5,91,314",BIBHUTIBHUSHAN PANDA,"541,314",Rejected-Technical,31-Jul-2026,Municipal Bodies||Sambalpur Municipal Corporation
2026_ORULB_128169_3,SNP-MUN-36/2025-26,Covering of open drain of road side in ULB area in Ward no-1 and 2,Covering of open drain of road side in ULB area in Ward no-1 and 2,Works,Open Tender,Percentage,Civil Works - Others,No,No,NA ,17-Apr-2026 11:00 AM,NA ,45.0,No ,No,Online,28-Apr-2026 11:00 AM,Municipal Bodies||Sonepur Municipal Council,Sonepur Municipality,767017.0,1.0,"8,47,476",Artatrana Sanyasi,"847,475.93",Rejected-Technical,15-Jul-2026,Municipal Bodies||Sonepur Municipal Council
2025_ORULB_115623_42,JM-01/2025-26,Construction of MRF2 at Bachu Hutting in Ward No 06 PhaseII Part1,WORKS,Works,Open Tender,Percentage,Civil Works - Others,No,No,NA ,17-Jul-2025 10:00 AM,NA ,120.0,No ,No,Online,31-Jul-2025 11:00 AM,Municipal Bodies||Joda Municipality,JODA MUNICIPALITY AT PO BANEIKALA JODA KEONJHAR,758038.0,1.0,"16,94,965",RAMA CHANDRA NAYAK,"2,000,000",Rejected-AOC,18-Jul-2026,Municipal Bodies||Joda Municipality
2025_CERWI_122313_24,Online AGL-18,Construction of D type Qtr at PHC Paikasahi,Construction of D type Qtr at PHC Paikasahi,Works,Open Tender,Percentage,Civil Works - Buildings,No,No,NA ,01-Dec-2025 06:45 PM,NA ,90.0,No ,No,Online,09-Dec-2025 11:00 AM,CE RW I||RWCIRCLE-ANGUL||RW-DIVISION-ANGUL,Angul,759143.0,1.0,"26,89,000",RITA PRADHAN,"2,697,382",Rejected-Finance,01-Jul-2026,CE RW I||RWCIRCLE-ANGUL||RW-DIVISION-ANGUL
2025_EICCL_121707_2,CCE (R and B) BGR-13-2025-26,CONSTRUCTION OF INDOOR WARD (IPD) BUILDING AT CHC TUREKELA FOR THE YEAR 2025-26,Building Work,Works,National Competitive Bid,Percentage,Civil Works - Buildings,No,No,NA ,04-Dec-2025 11:00 AM,NA ,90.0,No ,No,Online,20-Dec-2025 11:00 AM,EIC-CIVIL||SERNB-CIRCLE-BOLANGIR,Kantabanji,767039.0,2.0,"2,66,35,345",AJAY KUMAR AGRAWAL,"27,940,477",Rejected-Finance,20-Jun-2026,EIC-CIVIL||SERNB-CIRCLE-BOLANGIR
2026_ORULB_127700_11,MC(CMC)CTC_Div-I_No.27/2025-26,Desilting of MSWC-I from Gandhi Vidyapitha to Moipola in Ward No. 17,Desilting of MSWC-I from Gandhi Vidyapitha to Moipola in Ward No. 17,Works,Open Tender,Percentage,Civil Works - Others,No,No,NA ,31-Mar-2026 03:00 PM,NA ,90.0,No ,No,Online,10-Apr-2026 11:00 AM,Municipal Bodies||Cuttack Municipal Corporation,CMC,753012.0,1.0,"24,15,100",RASHMI RANJAN SWAIN,"2,415,090",Rejected-AOC,31-Jul-2026,Municipal Bodies||Cuttack Municipal Corporation
2026_EICCL_127134_1,S.E.-KHD-(RandB)-46 /2025-26,SR to SGSY Hatchery of CDVO Office at khordha,SR to SGSY Hatchery of CDVO Office at khordha,Works,Open Tender,Percentage,Civil Works - Buildings,No,No,NA ,11-Mar-2026 12:00 PM,NA ,90.0,No ,No,Online,23-Mar-2026 11:30 AM,EIC-CIVIL||SERNB-CIRCLE-KHURDA||EERNB DIVN KHURDA,Khordha,752056.0,1.0,"2,00,784",AMARESH KUMAR PRADHAN,"200,784",Rejected-AOC,07-Jul-2026,EIC-CIVIL||SERNB-CIRCLE-KHURDA||EERNB DIVN KHURDA
2026_EICCL_127500_18,eTCN11 of 2025-2026,"Provision of supply installation Testing and commissioning of Firefighting system (Automatic SPRINKLER System , Automatic FIRE Detection and Alaram System , Fire Extinguisher and Signage system) at CHC Odagaon in the district of Nayagarh.","Provision of supply installation Testing and commissioning of Firefighting system (Automatic SPRINKLER System , Automatic FIRE Detection and Alaram System , Fire Extinguisher and Signage system) at CHC Odagaon in the district of Nayagarh.",Works,Open Tender,Percentage,Electrical Works,No,No,NA ,24-Mar-2026 04:30 PM,NA ,90.0,No ,No,Online,31-Mar-2026 11:00 AM,EIC-CIVIL||SERNB-CIRCLE-KHURDA||EE Nayagarh Rnb Division,Nayagarh,752069.0,1.0,"41,58,225",M/S FIRESTOP SALES AND SERVICES,"2,777,694",Rejected-Finance,02-Jul-2026,EIC-CIVIL||SERNB-CIRCLE-KHURDA||EE Nayagarh Rnb Division
2026_ORULB_128481_2,BMC-EE-Tender Cell-08/2026-27 dt. 24.04.2026,Construction with widening including drain and development of Median near Shreekhetra Greenwood and Mahaveer vihar in Ward No. 49,Construction with widening including drain and development of Median near Shreekhetra Greenwood and Mahaveer vihar in Ward No. 49,Works,Open Tender,Percentage,Civil Works - Others,No,No,NA ,28-Apr-2026 11:00 AM,04-May-2026 04:00 PM ,120.0,No ,No,Online,13-May-2026 11:00 AM,Municipal Bodies||Bhubaneswar Municipal Corporation,"BMC,AREA",751022.0,2.0,"1,94,91,391",AMARENDRA PRASAD SAHOO,"16,322,988",Rejected-Technical,28-Jul-2026,Municipal Bodies||Bhubaneswar Municipal Corporation
2026_EICCL_124693_1,CCE KHORDHA R and B CIRCLE 10 2025-26,Improvement of Mareda-Padmabati Road from 0/00 km to 8/149 km in the district of Nayagarh under state plan for the year 2025-26,Improvement of Mareda-Padmabati Road from 0/00 km to 8/149 km in the district of Nayagarh under state plan for the year 2025-26,Works,Open Tender,Percentage,Civil Works - Roads,No,No,NA ,17-Jan-2026 10:00 AM,NA ,90.0,No ,No,Online,04-Feb-2026 11:30 AM,EIC-CIVIL||SERNB-CIRCLE-KHURDA,Nayagarh,752069.0,2.0,"5,30,78,021",ABHISEK SINGH SAMANTA,"52,255,311",Rejected-Finance,30-Jul-2026,EIC-CIVIL||SERNB-CIRCLE-KHURDA
2026_EICCL_127875_6,17/KBJ/2025-26(1),"Utility Shifting work for Improvement such as widening and strengthing of Saintala - Titilagarh Road 0/000 km to 30/915 km (except from 3/400 km to 5/700 km) from Womens College to Madan Jal Chowk, Titilagarh","Utility Shifting work for Improvement such as widening and strengthing of Saintala - Titilagarh Road 0/000 km to 30/915 km (except from 3/400 km to 5/700 km) from Womens College to Madan Jal Chowk, Titilagarh",Works,National Competitive Bid,Percentage,Electrical Works,No,No,NA ,09-Apr-2026 11:00 AM,NA ,90.0,No ,No,Online,21-Apr-2026 11:30 AM,EIC-CIVIL||SERNB-CIRCLE-BOLANGIR||EERNB-DIVISION-KANTABANJI,KANTABANJI,767039.0,1.0,"30,31,583",JAYA PANDA,"2,421,932",Rejected-Technical,17-Jul-2026,EIC-CIVIL||SERNB-CIRCLE-BOLANGIR||EERNB-DIVISION-KANTABANJI
2025_ORULB_111809_1,BMC-EE-Tender Cell-70/2024-25 Dt. 19.03.2025,Construction of 3 nos. of 2-seater Loo with ramp and Planter Box in Ward No. 1,Construction of 3 nos. of 2-seater Loo with ramp and Planter Box in Ward No. 1,Works,Open Tender,Percentage,Civil Works - Others,No,No,NA ,21-Mar-2025 04:00 PM,26-Mar-2025 12:30 PM ,120.0,No ,No,Online,03-Apr-2025 11:30 AM,Municipal Bodies||Bhubaneswar Municipal Corporation,BMC AREA,751022.0,1.0,"14,51,651",DIPTASUNDAR SWAIN,"1,763,823",Accepted-AOC,18-Jul-2026,Municipal Bodies||Bhubaneswar Municipal Corporation
2026_ORULB_124113_14,EO/ PDPM/ W_05_MSBY/ 2025-26,Construction of Drain to discharge drain and rain water of sea beach side of Sandhakud in Ward No. 17,Construction of Drain to discharge drain and rain water of sea beach side of Sandhakud in Ward No. 17,Works,Open Tender,Percentage,Civil Works - Others,No,No,NA ,03-Jan-2026 05:30 PM,NA ,120.0,No ,No,Online,15-Jan-2026 11:30 AM,Municipal Bodies||Paradeep Municipality,Paradeep Municipality,754142.0,1.0,"16,52,440",BIJAY KUMAR SETHY,"1,699,800",Rejected-Finance,28-Jul-2026,Municipal Bodies||Paradeep Municipality
2026_CERWI_124663_5,Road Online NCB No15,SR to Balibandha to Naradpur Road,SR to Balibandha to Naradpur Road,Works,National Competitive Bid,Percentage,Civil Works - Roads,No,No,NA ,16-Jan-2026 05:00 PM,NA ,60.0,No ,No,Online,29-Jan-2026 11:00 AM,CE RW I||RWCIRCLE-KEONJHAR||RWDIVISION-KEONJHAR - II,Naradapur,758001.0,1.0,"5,56,000",BIJAYA LAXMI DAS,"555,665",Accepted-AOC,04-Jul-2026,CE RW I||RWCIRCLE-KEONJHAR||RWDIVISION-KEONJHAR - II
2026_CERWI_127359_1,Tender Online RCK-04/26,"Construction of Road Kuruli Jagulei Temple chhaka to rahasoi RD road via- Katania Padia, Jhadagaon in the Dist. of Jajpur for the year 2025-26.",Construction of road works,Works,National Competitive Bid,Percentage,Civil Works - Roads,No,No,NA ,17-Mar-2026 04:00 PM,NA ,90.0,No ,No,Online,06-Apr-2026 11:00 AM,CE RW I||RWCIRCLE-KENDRAPARA,Jajpur,755001.0,2.0,"3,38,01,751",AMAN INFRA ENGINEERING AND CONSTRUCTION,"23,248,844",Rejected-Technical,20-Jul-2026,CE RW I||RWCIRCLE-KENDRAPARA
2026_ORULB_125449_11,30/SMC_SBP/2025-26,"Construction of 10 seated toilet at Panchgacchia, Uperpada, w.no-19","Construction of 10 seated toilet at Panchgacchia, Uperpada, w.no-19",Works,Open Tender,Percentage,Civil Works - Others,No,No,NA ,06-Feb-2026 11:00 AM,NA ,120.0,No ,No,Online,17-Feb-2026 11:00 AM,Municipal Bodies||Sambalpur Municipal Corporation,SAMBALPUR MUNICIPAL CORPORATION,768006.0,1.0,"20,47,861",MANISH KUMAR SAHU,"2,047,861",Rejected-Technical,31-Jul-2026,Municipal Bodies||Sambalpur Municipal Corporation
2025_STSCD_115365_1,Bid Identification No ITDA(C)- 02 / 2025-26,Development of Basic Tourism Infrastructure facilities at Handibhanga of Badakalimati GP under Joda Block.,Development of Basic Tourism Infrastructure facilities at Handibhanga of Badakalimati GP under Joda Block.,Works,National Competitive Bid,Percentage,Civil Works - Others,No,No,NA ,23-Jul-2025 06:00 PM,NA ,90.0,No ,No,Online,06-Aug-2025 11:00 AM,ST and SC Development Deptt||ITDA Champua,Keonjhar,758001.0,2.0,"1,43,89,202",ABHISHEK SAHOO,"12,232,260.31",Rejected-AOC,10-Jul-2026,ST and SC Development Deptt||ITDA Champua
2025_CERWI_120439_12,Online Tender/13/RWDBNJ/2025-26,S/R to Jahada Antahaja Panibandha Digi road (B) under periodical Maintenance for the year 2025-26.,S/R to Jahada-Antahaja-Panibandha-Digi road (B) under periodical Maintenance for the year 2025-26.,Works,National Competitive Bid,Percentage,Civil Works - Roads,No,No,NA ,31-Oct-2025 06:55 PM,NA ,90.0,No ,No,Online,11-Nov-2025 11:00 AM,CE RW I||RWCIRCLE-BERHAMPUR||RW Division Bhanjanagar,Bhanjanagar,761126.0,1.0,"36,58,758",Samira Kumar Panigrahy,"3,133,263",Rejected-AOC,28-Jul-2026,CE RW I||RWCIRCLE-BERHAMPUR||RW Division Bhanjanagar
2026_ORULB_130054_15,RDL NAC- 5/2026-27,Development of existing Crematorium at Khandadhip in ward No 07,Development of existing Crematorium at Khandadhip in ward No 07,Works,Open Tender,Percentage,Civil Works - Roads,No,No,NA ,30-May-2026 10:00 AM,NA ,90.0,No ,No,Online,16-Jun-2026 11:00 AM,Municipal Bodies||Redhakhol NAC,"NAC, Redhakhol",768106.0,1.0,"3,40,103",SISIRA KANTA NAIK,"400,000",Accepted-Technical,21-Jul-2026,Municipal Bodies||Redhakhol NAC
2026_OPEPA_129643_12,DPC/SS/SNG/13OF2026-27,"INFRASTRUCTURE DEVELOPMENT OF GOVT. UPPER PRIMARY SCHOOL SALIATOLA, JHORABAHAL MISSION GIRLS U.P. SCHOOL UNDER LATHIKATA BLOCK (2)","INFRASTRUCTURE DEVELOPMENT OF GOVT. UPPER PRIMARY SCHOOL SALIATOLA, JHORABAHAL MISSION GIRLS U.P. SCHOOL UNDER LATHIKATA BLOCK (2)",Works,Open Tender,Percentage,Civil Works - Buildings,No,No,NA ,25-May-2026 09:00 AM,NA ,90.0,No ,No,Online,16-Jun-2026 05:30 PM,OPEPA Bhubaneswar||Samagra Shiksha Sundargarh,SUNDARGARH,770001.0,2.0,"6,09,06,274",JEETAN JAIN,"60,906,274",Rejected-Technical,06-Jul-2026,OPEPA Bhubaneswar||Samagra Shiksha Sundargarh
2026_CERWI_129108_1,Online Tender 01 RWD Kuchinda 20226-27,S/R to Fire Station Building at Govindpur in the District of Sambalpur for the year 2026-27.,S/R to Fire Station Building at Govindpur in the District of Sambalpur for the year 2026-27.,Works,Open Tender,Percentage,Civil Works - Buildings,No,No,NA ,11-May-2026 11:00 AM,NA ,90.0,No ,No,Online,22-May-2026 11:00 AM,CE RW I||RWCIRCLE-SAMBALPUR||RW Division Kuchinda,Kuchinda,768222.0,1.0,"6,77,632",AKSHYA KUMAR NAYAK,"670,855",Rejected-Finance,08-Jul-2026,CE RW I||RWCIRCLE-SAMBALPUR||RW Division Kuchinda
2026_ORULB_126616_16,MC(CMC)CTC_Div-IIiNo39/2025-26,"Construction of CC Road Gayanana Chhaka to Nimpur Pond, Jagatpur in Ward no 48.","Construction of CC Road Gayanana Chhaka to Nimpur Pond, Jagatpur in Ward no 48.",Works,Open Tender,Percentage,Civil Works - Others,No,No,NA ,30-Mar-2026 11:00 AM,NA ,105.0,No ,No,Online,17-Apr-2026 10:00 AM,Municipal Bodies||Cuttack Municipal Corporation,CMC,753012.0,1.0,"42,01,600",Sangram keshori Ray,"4,201,643",Rejected-AOC,07-Jul-2026,Municipal Bodies||Cuttack Municipal Corporation
2025_ORULB_123015_5,24/SMC_SBP/2025-26,"Construction of Road and Drain from PWD Road to NH via Golgunda, Ward No-03 under SMC, Sambalpur","Construction of Road and Drain from PWD Road to NH via Golgunda, Ward No-03 under SMC, Sambalpur",Works,Open Tender,Percentage,Civil Works - Others,No,No,NA ,17-Dec-2025 11:00 AM,NA ,120.0,No ,No,Online,29-Dec-2025 11:00 AM,Municipal Bodies||Sambalpur Municipal Corporation,SAMBALPUR MUNICIPAL CORPORATION,768006.0,1.0,"16,93,479",Jharana Tandia,"1,693,479",Rejected-Technical,24-Jul-2026,Municipal Bodies||Sambalpur Municipal Corporation
2026_EICCL_128086_6,SC RandB GM-II-36/2025-26,S/R such as comprehensive annual Electrical maintenance for wiring and electrical accessories at Superintendent of Police residence at Chatrapur,Electrical work,Works,Open Tender,Percentage,Electrical Works,No,No,NA ,11-Apr-2026 06:55 PM,NA ,90.0,No ,No,Online,20-Apr-2026 11:30 AM,EIC-CIVIL||SERNB-CIRCLE-BERHAMPUR||EERNB-DIVN-GANJAM II,Chatrapur,760003.0,1.0,"4,19,514",SANKARSAN SAHU,"289,465",Accepted-AOC,26-Jul-2026,EIC-CIVIL||SERNB-CIRCLE-BERHAMPUR||EERNB-DIVN-GANJAM II
2025_CERWI_122253_1,Online Tender- 07/EERWDBLG/2025-26,"Construction of Additional Class Room for Rusimal Higher Secondary School, Bamunigaon under Daringbadi Block in the District of Kandhamal for the year 2024-25","Construction of Additional Class Room for Rusimal Higher Secondary School, Bamunigaon under Daringbadi Block in the District of Kandhamal for the year 2024-25",Works,National Competitive Bid,Percentage,Civil Works - Buildings,No,No,NA ,02-Dec-2025 10:00 AM,NA ,90.0,No ,No,Online,09-Dec-2025 11:30 AM,CE RW I||RWCIRCLE-BERHAMPUR||EE RW Divn. Baliguda,"EE RWD Balliguda, Kandhamal",762013.0,2.0,"67,31,252",BIKASH PRADHAN (S.T),"5,722,237",Rejected-Finance,18-Jul-2026,CE RW I||RWCIRCLE-BERHAMPUR||EE RW Divn. Baliguda
2026_CERWI_126535_17,Tender Online RWC-27-25,Construction of road from Ashram chhaka Keutasahi to Ahmadnagar via Megha Project in the District of Cuttack for the year 2025-26,Construction of road from Ashram chhaka Keutasahi to Ahmadnagar via Megha Project in the District of Cuttack for the year 2025-26,Works,National Competitive Bid,Percentage,Civil Works - Roads,No,No,NA ,25-Feb-2026 01:00 PM,NA ,90.0,No ,No,Online,12-Mar-2026 11:30 AM,CE RW I||RWCIRCLE-CUTTACK,Cuttack,753004.0,2.0,"4,38,57,512",ANANTA PRASAD MALIK,"41,576,921",Rejected-Finance,29-Jul-2026,CE RW I||RWCIRCLE-CUTTACK
2026_ORULB_127692_17,MC(CMC)CTC_Div-IIINo39/2025-26,Desilting of MSWC-II from Nua Bazar culvert to Sani Mandira culvert in MSD from Er. D.R.Tripathy res to Potapokhari Durga Ghar and Block to Nayabazar culvert in Ward No.54.,Desilting of MSWC-II from Nua Bazar culvert to Sani Mandira culvert in MSD from Er. D.R.Tripathy res to Potapokhari Durga Ghar and Block to Nayabazar culvert in Ward No.54.,Works,Open Tender,Percentage,Civil Works - Others,No,No,NA ,31-Mar-2026 11:00 AM,NA ,60.0,No ,No,Online,10-Apr-2026 10:00 AM,Municipal Bodies||Cuttack Municipal Corporation,CMC,753012.0,1.0,"12,76,138",Ganesh Chandra Swain,"1,276,138",Rejected-AOC,25-Jul-2026,Municipal Bodies||Cuttack Municipal Corporation
2026_CERWI_126058_1,12 OF 2025-26,Construction of Sub- Centre Building at Tanara in the District of Jagatsinghpur,Construction of Sub- Centre Building at Tanara in the District of Jagatsinghpur,Works,Open Tender,Percentage,Civil Works - Buildings,No,No,NA ,16-Feb-2026 11:00 AM,NA ,60.0,No ,No,Online,28-Feb-2026 11:00 AM,CE RW I||RWCIRCLE-CUTTACK||RWDIVISION-JAGATSINGHPUR,Jagatsinghpur,754103.0,1.0,"36,91,632",AJAYA KUMAR SENAPATI,"3,691,632",Rejected-Technical,14-Jul-2026,CE RW I||RWCIRCLE-CUTTACK||RWDIVISION-JAGATSINGHPUR
2026_EICCL_128200_1,CCEKC-01/2026-27,Construction of (S plus 3) 12 nos E-Type Block-A and Block-B Staff Quarters of CT and GST Department at Rourkela for the year 2024-25.,Construction of (S plus 3) 12 nos E-Type Block-A and Block-B Staff Quarters of CT and GST Department at Rourkela for the year 2024-25.,Works,Open Tender,Percentage,Civil Works - Buildings,No,No,NA ,17-Apr-2026 02:00 PM,NA ,90.0,No ,No,Online,04-May-2026 11:30 AM,EIC-CIVIL||SERNB-CIRCLE-KEONJHAR,Rourkela,769012.0,2.0,"4,50,00,034",BIJAYA KUMARA JAISWAL,"45,000,034",Rejected-Finance,07-Jul-2026,EIC-CIVIL||SERNB-CIRCLE-KEONJHAR
2025_EICCL_123281_2,SE (R AND B) BGR/ 21/2025-26,"Construction of 4 Nos F Type Quarter (GF, FF) at CHC, Deogaon in the district of Bolangir (Civil - EI - PH)",Building work,Works,National Competitive Bid,Percentage,Civil Works - Buildings,No,No,NA ,16-Dec-2025 04:00 PM,NA ,90.0,No ,No,Online,26-Dec-2025 11:00 AM,EIC-CIVIL||SERNB-CIRCLE-BOLANGIR||EERNB DIVN BOLANGIR,Bolangir,767001.0,2.0,"98,70,753",ABHISEK PANIGRAHI,"8,391,127",Rejected-Finance,09-Jul-2026,EIC-CIVIL||SERNB-CIRCLE-BOLANGIR||EERNB DIVN BOLANGIR
2026_RWSS_126957_5,RWSS_53_2025-26,LAYING OF PIPELINE FOR PWS TO KATIJANGA UNDER BALIKUDA BLOCK,LAYING OF PIPELINE FOR PWS TO KATIJANGA UNDER BALIKUDA BLOCK,Works,National Competitive Bid,Percentage,Civil Works - Water Works,No,No,NA ,07-Mar-2026 10:00 AM,07-Mar-2026 10:00 AM ,90.0,No ,No,Online,16-Mar-2026 11:00 AM,Rural Water Supply and Sanitation||RWSS Circle Cuttack||EE RWSS Divn Jagatsinghpur,OFFICE OF THE SE RWSS DIVISION JAGATSINGHPUR,754103.0,1.0,"18,69,384",ARABINDA SWAIN,"1,776,101.64",Rejected-Finance,20-Jul-2026,Rural Water Supply and Sanitation||RWSS Circle Cuttack||EE RWSS Divn Jagatsinghpur
2026_CERWI_124418_2,EETIG-ONLINE-13-2025-26,Construction of R.I. Office Cum Residence at Gudighat under Muribahal Block in the district of Bolangir for the year 2025-26,Construction of R.I. Office Cum Residence at Gudighat under Muribahal Block in the district of Bolangir for the year 2025-26,Works,Open Tender,Percentage,Civil Works - Buildings,No,No,NA ,12-Jan-2026 11:00 AM,NA ,90.0,No ,No,Online,20-Jan-2026 11:00 AM,CE RW I||RWCIRCLE-BALANGIR||RWDIVISION-TITLAGARH,TITILAGARH,767042.0,2.0,"74,67,336",DAMBARUDHAR FMEHER,"5,443,688",Rejected-Finance,03-Jul-2026,CE RW I||RWCIRCLE-BALANGIR||RWDIVISION-TITLAGARH
2026_EICCL_125865_1,CCE 13 2025-26,Construction of H.L. Bridge over local Bada Nallah at 0/438 km on Kuli A.P. Border road,Construction of H.L. Bridge over local Bada Nallah at 0/438 km on Kuli A.P. Border road,Works,Open Tender,Percentage,Civil Works - Bridges,No,No,NA ,12-Feb-2026 11:00 AM,NA ,90.0,No ,No,Online,27-Feb-2026 11:00 AM,EIC-CIVIL||SERNB-CIRCLE-RAYAGADA,Rayagada,765001.0,2.0,"7,99,89,547",AKASH KUMAR SENAPATI,"65,415,452",Rejected-AOC,09-Jul-2026,EIC-CIVIL||SERNB-CIRCLE-RAYAGADA
2026_CERWI_129618_1,Online Tender 01 RWD SBD 2026 27,SR to Two Nos Agriculture Office Building at Narayanpatna for the year 2026-27_building,SR to Two Nos Agriculture Office Building at Narayanpatna for the year 2026-27_building,Works,Open Tender,Percentage,Civil Works - Buildings,No,No,NA ,22-May-2026 11:00 AM,NA ,90.0,No ,No,Online,05-Jun-2026 11:00 AM,CE RW I||RWCIRCLE-SUNABEDA||RWDIVISION-SUNABEDA,Sunabeda,763001.0,1.0,"8,47,478",ANU RANA,"499,165",Accepted-AOC,12-Jul-2026,CE RW I||RWCIRCLE-SUNABEDA||RWDIVISION-SUNABEDA
2026_CERWI_131026_1,Online Tender 04/2026-27,R.I. Office Podapadar_building,R.I. Office Podapadar_building,Works,National Competitive Bid,Percentage,Civil Works - Buildings,No,No,NA ,04-Jun-2026 01:00 PM,NA ,90.0,No ,No,Online,18-Jun-2026 11:00 AM,CE RW I||RWCIRCLE-BERHAMPUR||RWDIVISION-GANJAM - II,Ganjam,760012.0,1.0,"4,20,167",BIPLAB KUMAR PRADHAN,"302,520",Rejected-AOC,20-Jul-2026,CE RW I||RWCIRCLE-BERHAMPUR||RWDIVISION-GANJAM - II
2026_CERWI_126098_1,RWCCESNG-32 of 2025-26,Construction of road from Tildega to Deobhubanpur GP office via Dumerguda,Construction of road from Tildega to Deobhubanpur GP office via Dumerguda,Works,National Competitive Bid,Percentage,Civil Works - Roads,No,No,NA ,16-Feb-2026 11:00 AM,NA ,90.0,No ,No,Online,05-Mar-2026 11:00 AM,CE RW I||RW-CIRCLE-SUNDARGARH,Sundergarh,770020.0,2.0,"4,99,70,624",GOURAV CONSTRUCTION,"49,920,652.912",Rejected-Finance,03-Jul-2026,CE RW I||RW-CIRCLE-SUNDARGARH
2026_NBCC_129620_1,NBCC/SBG/Odisha/NIT/26-27/15,"Construction and Development Works of Godabarisha Mishra Adarsha Prathamika Vidyalaya at Various Locations in the District of Dhenkanal, Odisha.","Construction and Development Works of Godabarisha Mishra Adarsha Prathamika Vidyalaya at Various Locations in the District of Dhenkanal, Odisha.",Works,Open Tender,Percentage,Civil Works - Buildings,No,No,NA ,22-May-2026 11:30 AM,NA ,150.0,No ,No,Online,29-Jun-2026 11:30 AM,NBCC INDIA LIMITED,Dhenkanal,759001.0,2.0,"17,34,32,195",BKM CONSTRUCTION PVT.LTD,"152,568,302",Rejected-Technical,21-Jul-2026,NBCC INDIA LIMITED
2026_ORULB_127535_3,KNK-4(03)-2025-26,Construction of drying bed and machine room for wealth centre at Roulpapatna in ward No -7,Construction of drying bed and machine room for wealth centre at Roulpapatna in ward No -7,Works,Open Tender,Percentage,Civil Works - Others,No,No,NA ,25-Mar-2026 12:00 PM,NA ,120.0,No ,No,Online,08-Apr-2026 11:30 AM,Municipal Bodies||Konark NAC,Konark NAC,752111.0,1.0,"30,12,945",GAGAN BIHARI PATRA,"2,737,206",Rejected-Finance,13-Jul-2026,Municipal Bodies||Konark NAC
2026_CERWI_125057_1,Road Online-AGL-34/2025-26,Construction of road from RD road to 2nd chilika,Construction of road from RD road to 2nd chilika,Works,National Competitive Bid,Percentage,Civil Works - Roads,No,No,NA ,29-Jan-2026 09:00 AM,NA ,90.0,No ,No,Online,12-Feb-2026 10:00 AM,CE RW I||RWCIRCLE-ANGUL,Angul,759143.0,2.0,"3,14,73,390",BHUBAN BEHERA,"31,473,390",Rejected-AOC,03-Jul-2026,CE RW I||RWCIRCLE-ANGUL
2026_ORULB_127399_2,OR/ULB/BUD/14/2025-26,Providing Cover slab of the drain at Babusahi from Sibani Saloon to Dist. Judge quarter back side in ward No 06,Providing Cover slab of the drain at Babusahi from Sibani Saloon to Dist. Judge quarter back side in ward No 06,Works,Open Tender,Percentage,Civil Works - Others,No,No,NA ,19-Mar-2026 10:00 AM,NA ,45.0,No ,No,Online,26-Mar-2026 11:00 AM,Municipal Bodies||Boudhgarh NAC,BOUDHGARH,762014.0,1.0,"15,00,585",Amar Amit Bishi,"1,499,086",Rejected-Technical,18-Jul-2026,Municipal Bodies||Boudhgarh NAC
2026_ORULB_126953_27,EOBRP/07/2025-26,Covering of drain from shiba House to Parichaya Gruha in ward no 9,Covering of drain from shiba House to Parichaya Gruha in ward no 9,Works,Open Tender,Percentage,Civil Works - Others,No,No,NA ,07-Mar-2026 11:00 AM,NA ,90.0,No ,No,Online,16-Mar-2026 03:00 PM,Municipal Bodies||Barpali NAC,Barpali,768029.0,1.0,"2,69,271",SHIBARATRI SETH (SC),"199,733.51",Rejected-AOC,17-Jul-2026,Municipal Bodies||Barpali NAC
2026_ORULB_129135_2,NLGN _1/2026-27,"Repair of CC road from PWD road to Prakash Das house, W.No.2 under Nilgiri NAC.","Repair of CC road from PWD road to Prakash Das house, W.No.2 under Nilgiri NAC.",Works,Open Tender,Percentage,Civil Works - Roads,No,No,NA ,11-May-2026 03:00 PM,NA ,120.0,No ,No,Online,25-May-2026 11:00 AM,Municipal Bodies||Nilgiri NAC,Nilgiri NAC,756040.0,1.0,"3,03,897",ANANYA MOHAPATRA,"303,897",Rejected-Technical,14-Jul-2026,Municipal Bodies||Nilgiri NAC
2025_ORULB_122520_1,BMC-EE-Tender Cell-51/2025-26 dt. 03.12.2025,Construction of New Single Storied House in favour of inmates of Gopabandhu Leprosy Colony in Ward No. 42,Construction of New Single Storied House in favour of inmates of Gopabandhu Leprosy Colony in Ward No. 42,Works,Open Tender,Percentage,Civil Works - Buildings,No,No,NA ,05-Dec-2025 11:00 AM,11-Dec-2025 04:00 PM ,120.0,No ,No,Online,20-Dec-2025 11:00 AM,Municipal Bodies||Bhubaneswar Municipal Corporation,BMC Area,751022.0,2.0,"2,81,49,701",Pramod Kumar Acharaya,"28,237,472",Rejected-Finance,01-Jul-2026,Municipal Bodies||Bhubaneswar Municipal Corporation
2026_PRTRB_127051_7,PS-THRMPR-T-3/2025-26,"Construction of Road with culvert from Kanarpas to Durmusi Ghat Portion , GP- Gopinathpur under Th.Rampur Block",Road work,Works,Open Tender,Percentage,Civil Works - Roads,No,No,NA ,10-Mar-2026 11:00 AM,NA ,90.0,No ,No,Online,31-Mar-2026 11:00 AM,Panchayati Raj and Drinking Water Department Odisha||Zilla Parisad Kalahandi||THUAMUL RAMPUR Block,Th.Rampur,766037.0,2.0,"1,24,38,289",Aakriti Goel,"10,448,163",Rejected-Finance,18-Jul-2026,Panchayati Raj and Drinking Water Department Odisha||Zilla Parisad Kalahandi||THUAMUL RAMPUR Block
2025_ORULB_124053_2,KMPLTY/08/2025-26,Beautification and Illumination of Hata Pokhari in W.No. 05,Beautification and Illumination of Hata Pokhari in W.No. 05,Works,Open Tender,Percentage,Civil Works - Others,No,No,NA ,02-Jan-2026 11:00 AM,NA ,60.0,No ,No,Online,12-Jan-2026 11:00 AM,Municipal Bodies||Khordha Municipality,Khordha Municipality,752055.0,1.0,"39,97,822",ANUJ PANKAJ PATRA,"3,997,822",Rejected-Finance,13-Jul-2026,Municipal Bodies||Khordha Municipality
2026_EICCL_128363_7,SE R and B Divn NoI Bam 4/2026-27,"Comprehensive Electrical Maintenance for non resident building of (SDH) Hinjilicut, CHC Chikiti, CHC Digapahandi and other CHC in the district of Ganjam.","Comprehensive Electrical Maintenance for non resident building of (SDH) Hinjilicut, CHC Chikiti, CHC Digapahandi and other CHC in the district of Ganjam.",Works,Open Tender,Percentage,Electrical Works,No,No,NA ,22-Apr-2026 06:00 PM,NA ,90.0,No ,No,Online,29-Apr-2026 11:30 AM,EIC-CIVIL||SERNB-CIRCLE-BERHAMPUR||EERNB-DIVN-GANJAM I,Berhampur,760005.0,1.0,"17,49,024",SANKARSAN SAHU,"1,276,788",Accepted-AOC,13-Jul-2026,EIC-CIVIL||SERNB-CIRCLE-BERHAMPUR||EERNB-DIVN-GANJAM I
2026_CEBBS_128670_18,SE-AID-1/2026-27,Construction of R.C.C Trough wall from RD 3670m to RD 3800m of Jaripal Minor of Aunli Irrigation Project.,Construction of R.C.C Trough wall from RD 3670m to RD 3800m of Jaripal Minor of Aunli Irrigation Project.,Works,Open Tender,Percentage,Civil Works - Others,No,No,NA ,02-May-2026 11:00 AM,NA ,90.0,No ,No,Online,12-May-2026 11:00 AM,CE and BM Brahmani Basin Samal||SE Angul Irrigation Circle Angul||EE Angul Irrigation Division Angul,Angul,759143.0,1.0,,AJIT KUMAR BEHERA,"761,768",Accepted-AOC,17-Jun-2026,CE and BM Brahmani Basin Samal||SE Angul Irrigation Circle Angul||EE Angul Irrigation Division Angul
2026_ORULB_124590_61,BBLM-6/2025-26,"Widening of road outside septage treatment plant at Durby, Ward No.13, Barbil","Widening of road outside septage treatment plant at Durby, Ward No.13, Barbil",Works,Open Tender,Percentage,Civil Works - Others,No,No,NA ,20-Jan-2026 10:00 AM,NA ,90.0,No ,No,Online,04-Feb-2026 11:00 AM,Municipal Bodies||Barbil Municipality,Barbil,758035.0,2.0,"15,00,000",BALARAM SAHOO,"1,573,519",Accepted-AOC,07-Jul-2026,Municipal Bodies||Barbil Municipality
2025_OLIC_112623_41,EEOLICSBP-01/2025-26,Reinforcement of Kirasasan and Kirasasan-II L.I. Project under Kuchinda Block in Sambalpur District,Reinforcement of Kirasasan and Kirasasan-II L.I. Project under Kuchinda Block in Sambalpur District,Works,Open Tender,Percentage,Civil Works - Lift Irrigation Schemes,No,No,NA ,22-Apr-2025 10:00 AM,NA ,30.0,No ,No,Online,01-May-2025 10:00 AM,Orissa Lift Irrigation Corporation||LI Northern Circle Sambalpur||LI Division Sambalpur,Kuchinda,768222.0,1.0,"11,89,461",DASARATHI BARIK,"1,011,160.92",Rejected-AOC,18-Jul-2026,Orissa Lift Irrigation Corporation||LI Northern Circle Sambalpur||LI Division Sambalpur
2026_ORULB_127693_4,MC(CMC)CTC_Div-IIINo1/2026-27,Construction of Road from Nehrupalli Nadi Bandha Gada to Kamal Rasul res. via Promod Nayak Bettle Shop at Nehrupalli in Ward No.54 (Santosh parida to pravas behera),Construction of Road from Nehrupalli Nadi Bandha Gada to Kamal Rasul res. via Promod Nayak Bettle Shop at Nehrupalli in Ward No.54 (Santosh parida to pravas behera),Works,Open Tender,Percentage,Civil Works - Others,No,No,NA ,07-Apr-2026 05:00 PM,NA ,105.0,No ,No,Online,22-Apr-2026 10:00 AM,Municipal Bodies||Cuttack Municipal Corporation,CMC,753012.0,1.0,"21,00,763",ABHIJIT DAS,"2,100,763",Rejected-AOC,07-Jul-2026,Municipal Bodies||Cuttack Municipal Corporation
2025_EICCL_118425_1,CCENC (R AND B) /07/ 2025-26,Improvement such as widening and strengthening of Kisinda to Maltijore via Pathamunda road from 0-000 km to 5-225 km in the district of Sambalpur under State Plan for the year 2025-26,ROAD WORK,Works,National Competitive Bid,Percentage,Civil Works - Roads,No,No,NA ,24-Sep-2025 01:00 PM,NA ,90.0,No ,No,Online,10-Oct-2025 11:00 AM,EIC-CIVIL||SERNB-CIRCLE-NORTHERN,"SAMBALPUR, RAIRAKHOL",768121.0,2.0,"7,20,91,482",ABAKASH MISHRA,"61,284,969",Rejected-Finance,13-Jul-2026,EIC-CIVIL||SERNB-CIRCLE-NORTHERN
2025_CERWI_123485_2,Online Tender/44-2025-26/BPR,Improvement to Chakatentuli Dherendi via Podabadi and Talapada road in the District of Ganjam under MMSY-Improvement to Existing RD Road for the year 2025-26.,Improvement to Chakatentuli Dherendi via Podabadi and Talapada road in the District of Ganjam under MMSY-Improvement to Existing RD Road for the year 2025-26.,Works,National Competitive Bid,Percentage,Civil Works - Roads,No,No,NA ,18-Dec-2025 06:55 PM,NA ,90.0,No ,No,Online,30-Dec-2025 11:00 AM,CE RW I||RWCIRCLE-BERHAMPUR,Ganjam,760011.0,2.0,"4,26,60,000",Abani Kumar Dash,"36,264,861",Rejected-Technical,21-Jul-2026,CE RW I||RWCIRCLE-BERHAMPUR
2026_EICCL_127546_2,SE R and B Divn NoI Bam 72/2025-26,"Annual repair of New Boys hostel (U.C.P)Engineering School, such as providing,Replacement of Grill,Flush door,Sliding window,Plaster ,P.E painting etc at Berhampur","Annual repair of New Boys hostel (U.C.P)Engineering School, such as providing,Replacement of Grill,Flush door,Sliding window,Plaster ,P.E painting etc at Berhampur",Works,Open Tender,Percentage,Civil Works - Buildings,No,No,NA ,24-Mar-2026 04:00 PM,NA ,90.0,No ,No,Online,31-Mar-2026 11:30 AM,EIC-CIVIL||SERNB-CIRCLE-BERHAMPUR||EERNB-DIVN-GANJAM I,Berhampur,760005.0,1.0,"17,76,113",Chinmaya Kumar Bisoyi,"1,012,384",Rejected-AOC,02-Jul-2026,EIC-CIVIL||SERNB-CIRCLE-BERHAMPUR||EERNB-DIVN-GANJAM I
2025_IDCO_109321_1,PC/EST/E-37/2024-25,Providing Laying Testing and Commissioning of 250mm Dia DI K9 grade pipe in Raw Water Rising Main from Jayamangal IE to Bhuinpur IE in Khordha District Odisha,Providing Laying Testing and Commissioning of 250mm Dia DI K9 grade pipe in Raw Water Rising Main from Jayamangal IE to Bhuinpur IE in Khordha District Odisha,Works,National Competitive Bid,Percentage,Civil Works - Water Works,No,No,NA ,11-Jan-2025 09:00 AM,NA ,90.0,No ,No,Online,04-Feb-2025 05:00 PM,IDCO||IDCO||IDCO,"bhuinpur, Khordha",752062.0,2.0,"7,60,96,987",BALAJI SOLAR SYSTEMS,"68,007,877",Rejected-Finance,29-Jul-2026,IDCO||IDCO||IDCO
2025_ORULB_115568_167,BM-BDK-05-2025-26,Construction of paver road and RCC drain from Thanapati Temple towards Omfed Office in Ward No.15,Construction of paver road and RCC drain from Thanapati Temple towards Omfed Office in Ward No.15,Works,Open Tender,Percentage,Civil Works - Others,No,No,NA ,24-Jul-2025 10:00 AM,NA ,90.0,No ,No,Online,04-Aug-2025 11:00 AM,Municipal Bodies||Bhadrak Municipality,Bhadrak Municipality,756100.0,1.0,"19,94,954",SADHABANI MALIK(S.C),"1,855,307",Rejected-AOC,02-Jul-2026,Municipal Bodies||Bhadrak Municipality
2026_CEBMT_128472_5,"EE,KID-01/2026-27",Renovation to Right Distributary in between from RD 1617m to RD 1707m under PSIP.,Renovation to Right Distributary in between from RD 1617m to RD 1707m under PSIP.,Works,Open Tender,Percentage,Civil Works - Others,No,No,NA ,04-May-2026 10:00 AM,NA ,90.0,No ,No,Online,19-May-2026 11:00 AM,"CE-BM, Tel Basin,Bhawanipatna||SE Balangir Irr Circle Balangir||EE Kandhamal Irr Division Phulbani",Phulbani,762001.0,1.0,"8,16,745",M/S AJIT KUMAR MALLICK,"653,396.32",Rejected-AOC,20-Jul-2026,"CE-BM, Tel Basin,Bhawanipatna||SE Balangir Irr Circle Balangir||EE Kandhamal Irr Division Phulbani"
2026_ORULB_128192_5,BBLM-1/2026-27,"Installation of street Benches, Chairs in road side, Open space, Playground and prime location in the Municipality area, Barbil","Installation of street Benches, Chairs in road side, Open space, Playground and prime location in the Municipality area, Barbil",Works,Open Tender,Percentage,Civil Works - Others,No,No,NA ,20-Apr-2026 10:00 AM,NA ,90.0,No ,No,Online,04-May-2026 11:00 AM,Municipal Bodies||Barbil Municipality,Barbil,758035.0,2.0,"14,97,000",BALARAM SAHOO,"1,330,741",Rejected-Finance,02-Jul-2026,Municipal Bodies||Barbil Municipality
2026_ORULB_130054_9,RDL NAC- 5/2026-27,Construction of Paver Block road at Kalindar Jampali road in ward No 09,Construction of Paver Block road at Kalindar Jampali road in ward No 09,Works,Open Tender,Percentage,Civil Works - Roads,No,No,NA ,30-May-2026 10:00 AM,NA ,90.0,No ,No,Online,16-Jun-2026 11:00 AM,Municipal Bodies||Redhakhol NAC,"NAC, Redhakhol",768106.0,1.0,"2,53,777",AKHUJA NAIK,"300,000",Rejected-Finance,24-Jul-2026,Municipal Bodies||Redhakhol NAC
2025_CERWI_121985_1,RWCCESNG-22 of 2025-26,Construction of H.L Bridge over Local Nallah on RD Road to Bardeda Road in the Distrrict of Sundargarh under SBY for the year 2024-25.,Construction of H.L Bridge over Local Nallah on RD Road to Bardeda Road in the Distrrict of Sundargarh under SBY for the year 2024-25.,Works,National Competitive Bid,Percentage,Civil Works - Bridges,No,No,NA ,26-Nov-2025 09:00 AM,NA ,90.0,No ,No,Online,10-Dec-2025 11:00 AM,CE RW I||RW-CIRCLE-SUNDARGARH,Rourkela,769004.0,2.0,"2,63,89,780",AJAY TIWARI,"22,433,952.02",Rejected-Finance,10-Jul-2026,CE RW I||RW-CIRCLE-SUNDARGARH
2026_OMFED_127802_1,Proj/183/EQPT/ALLDAIRY/25,"supply, installation, testing, commissioning and trial run of Ammonia compressor - 50 HP capacity at Rourkela and Berhampur Dairy","supply, installation, testing, commissioning and trial run of Ammonia compressor - 50 HP capacity at Rourkela and Berhampur Dairy",Goods,Open Tender,Item Rate,Miscellaneous Goods,No,No,NA ,03-Apr-2026 10:00 AM,15-Apr-2026 03:00 PM ,120.0,No ,No,Online,24-Apr-2026 03:00 PM,Odisha State Co. Milk Producers Federation Ltd.,OMFED CORPORATE OFFICE,751007.0,2.0,"20,00,000",FLAVIBRAIN FOOD PVT. LTD.,"1,726,000",Rejected-Finance,07-Jul-2026,Odisha State Co. Milk Producers Federation Ltd.
2025_EICCL_124044_1,CCE KHORDHA R and B CIRCLE 09 2025-26,Construction of 8 Nos F-Type (S plus 2) PWD Staff Quarters at Khordha for the year 2025-26,Construction of 8 Nos F-Type (S plus 2) PWD Staff Quarters at Khordha for the year 2025-26,Works,Open Tender,Percentage,Civil Works - Buildings,No,No,NA ,02-Jan-2026 10:00 AM,NA ,90.0,No ,No,Online,17-Jan-2026 11:30 AM,EIC-CIVIL||SERNB-CIRCLE-KHURDA,Khordha,752055.0,2.0,"2,38,94,891",ACE COMMERCIAL COMPANY PRIVATE LIMITED,"20,313,047",Rejected-Finance,07-Jul-2026,EIC-CIVIL||SERNB-CIRCLE-KHURDA
2025_ORULB_124013_1,BMC-EE-Tender Cell-58/2025-26 Dt.30.12.2025,"Construction of 120 single storied houses at Rama Krushna Leprosy Colony, Ward No. 41 of Bhubaneswar Municipal Corporation.","Construction of 120 single storied houses at Rama Krushna Leprosy Colony, Ward No. 41 of Bhubaneswar Municipal Corporation.",Works,Open Tender,Percentage,Civil Works - Buildings,No,No,NA ,02-Jan-2026 10:30 AM,09-Jan-2026 04:00 PM ,120.0,No ,No,Online,17-Jan-2026 04:00 PM,Municipal Bodies||Bhubaneswar Municipal Corporation,BMC AREA,751022.0,2.0,"14,46,06,109",AVR INFRATECH PVT LTD,"145,056,991",Rejected-Finance,08-Jul-2026,Municipal Bodies||Bhubaneswar Municipal Corporation
2026_CEMIB_128417_8,"SE,MID,SBP/02/2026-27",Construction of Nuabandha Check Dam over local nalla in Jamankira Block of Sambalpur District under MATY 2026-27.,Construction of Nuabandha Check Dam over local nalla in Jamankira Block of Sambalpur District under MATY 2026-27.,Works,Open Tender,Percentage,Civil Works - Others,No,No,NA ,24-Apr-2026 11:00 AM,NA ,90.0,No ,No,Online,05-May-2026 10:00 AM,"CE,Minor Irrigation,BBSR||SENMIC-SAMBALPUR||SAMBALPUR",Sambalpur,768001.0,1.0,"41,32,039",AMIT KUMAR PATEL,"4,132,038.24",Rejected-AOC,04-Jun-2026,"CE,Minor Irrigation,BBSR||SENMIC-SAMBALPUR||SAMBALPUR"
2026_ORULB_127693_18,MC(CMC)CTC_Div-IIINo1/2026-27,"Construction of Yoga Centre on 1st floor of UHWC, at Mahanadi Bihar in Ward No.47.","Construction of Yoga Centre on 1st floor of UHWC, at Mahanadi Bihar in Ward No.47.",Works,Open Tender,Percentage,Civil Works - Others,No,No,NA ,07-Apr-2026 05:00 PM,NA ,105.0,No ,No,Online,22-Apr-2026 10:00 AM,Municipal Bodies||Cuttack Municipal Corporation,CMC,753012.0,1.0,"17,38,910",CHITTA RANJAN SAHOO,"1,738,910",Rejected-AOC,25-Jul-2026,Municipal Bodies||Cuttack Municipal Corporation
2026_EICCL_131074_1,TCN 04/2026-27,Construction of 01 No F type Tahasil Quarter at Gunupur,Building Work,Works,Open Tender,Percentage,Civil Works - Buildings,No,No,NA ,08-Jun-2026 11:00 AM,NA ,90.0,No ,No,Online,22-Jun-2026 11:00 AM,EIC-CIVIL||SERNB-CIRCLE-RAYAGADA||EERNB-DIVN-RAYAGADA NEW,Rayagada,765017.0,1.0,"23,20,750",HARIKRUSHNA PANIGRAHY,"2,320,750",Rejected-AOC,29-Jul-2026,EIC-CIVIL||SERNB-CIRCLE-RAYAGADA||EERNB-DIVN-RAYAGADA NEW
2026_CEBMB_128949_3,SE-HID-ADV-02/2026-27,"Desilting to Hukuma Sub-Minor, Chanchadapalli Sub-Minor, Bijayagopalpur Sub-Minor and B Kotibadi Sub-Minor of Harabhangi Irrigation Project.",DESILTING OF CANAL,Works,National Competitive Bid,Percentage,Civil Works - Others,No,No,NA ,11-May-2026 11:00 AM,NA ,90.0,No ,No,Online,25-May-2026 11:00 AM,"CE-BM,RVN Basin,Berhampur||SE Southern Irr Circle II Paralakhemundi||EE Harabhangi Irr Divn Adava",ADAVA,761217.0,1.0,"3,32,832",ACHYUTANANDA PRADHAN,"282,908",Rejected-Finance,01-Jul-2026,"CE-BM,RVN Basin,Berhampur||SE Southern Irr Circle II Paralakhemundi||EE Harabhangi Irr Divn Adava"
2025_ORULB_120037_20,PM_02/2025-26,Construction of Road from Badal Mallik House to Patitapaban Bhadra House In Ward No- 06.,Construction of Road from Badal Mallik House to Patitapaban Bhadra House In Ward No- 06.,Works,Open Limited,Percentage,Civil Works - Others,No,No,NA ,31-Oct-2025 06:00 PM,NA ,90.0,No ,No,Online,15-Nov-2025 11:00 AM,Municipal Bodies||Pattamundai Municipality,Pattamundai,754215.0,1.0,"12,65,955",ABHAYA KUMAR DAS,"1,269,902",Rejected-AOC,25-Jul-2026,Municipal Bodies||Pattamundai Municipality
2026_RMC_128133_2,MC/RMC/26/2026,"Construction of paver block road infront of Ganesh Market at Civil Township, Ward No. 10, Rourkela",Works,Works,Open Tender,Percentage,Civil Works - Others,No,No,NA ,15-Apr-2026 06:00 PM,NA ,90.0,No ,No,Online,04-May-2026 10:00 AM,Rourkela Municipal Corporation,Rourkela,769012.0,1.0,"21,20,000",ANIL BEHERA (S.C),"2,119,823.33",Rejected-Technical,08-Jul-2026,Rourkela Municipal Corporation
2026_ORULB_126636_14,BMC-EE-Tender Cell-73/2025-26 Dt. 25.02.2026,Improvement of road at Balitota Sahi chhak to Lane-01 Peace Lily Pre-school in Ward No. 39,Improvement of road at Balitota Sahi chhak to Lane-01 Peace Lily Pre-school in Ward No. 39,Works,Open Tender,Percentage,Civil Works - Roads,No,No,NA ,28-Feb-2026 10:30 AM,05-Mar-2026 04:00 PM ,120.0,No ,No,Online,12-Mar-2026 11:00 AM,Municipal Bodies||Bhubaneswar Municipal Corporation,BMC AREA,751022.0,1.0,"5,89,352",BICHITRA BEHERA,"556,349",Accepted-AOC,21-Jul-2026,Municipal Bodies||Bhubaneswar Municipal Corporation
2026_EICCL_127291_3,SE DKL (R and B) 40/ 2025-26,"Construction of 11 KV, LT Line and S/S due to Improvement of NH -149 (Kulei) Manikamara-Jaka Road from 0/0 Km to 10/420 Km in the District of Dhenkanal","Construction of 11 KV, LT Line and S/S due to Improvement of NH -149 (Kulei) Manikamara-Jaka Road from 0/0 Km to 10/420 Km in the District of Dhenkanal",Works,Open Tender,Percentage,Electrical Works,No,No,NA ,14-Mar-2026 11:00 AM,NA ,90.0,No ,No,Online,27-Mar-2026 11:00 AM,EIC-CIVIL||SERNB-CIRCLE-DHENKANAL||EERNB-DIVN-DHENKANAL,Dhenkanal,759001.0,1.0,"33,68,537",Chinmaya Singh Samant,"3,368,537",Rejected-Technical,22-Jul-2026,EIC-CIVIL||SERNB-CIRCLE-DHENKANAL||EERNB-DIVN-DHENKANAL
2026_PRNAK_128486_2,eProcurement Notice No. (PSNKD)01/2026-27 Latter No 1402 Dt. 24.04.2026,Const. of Addl. Class Room at Sarapali Primary School.,Const. of Addl. Class Room at Sarapali Primary School.,Works,Open Tender,Percentage,Civil Works - Buildings,No,No,NA ,30-Apr-2026 09:00 AM,NA ,90.0,No ,No,Online,15-May-2026 09:00 AM,Panchayati Raj and Drinking Water Department Odisha||Zilla Parisad Sambalpur||NAKTIDEUL Block,Nktideul,768118.0,1.0,"12,56,714",AKHUJA NAIK,"1,256,714",Rejected-AOC,17-Jul-2026,Panchayati Raj and Drinking Water Department Odisha||Zilla Parisad Sambalpur||NAKTIDEUL Block
2026_ORULB_125759_2,BLGR MPTY/10(01-60)/2025-26,"Const. of Paver Block Road from SH-42 to Shantunu Kumar Rana re,Lane-1 , Jyotinagar,W.No.1",Road Work,Works,Open Tender,Percentage,Civil Works - Roads,No,No,NA ,10-Feb-2026 11:00 AM,NA ,180.0,No ,No,Online,05-Mar-2026 11:00 AM,Municipal Bodies||Balangir Municipality,Balangir,767001.0,1.0,"13,53,933",Deepak Kumar Nag,"1,286,371.49",Accepted-AOC,27-Jul-2026,Municipal Bodies||Balangir Municipality
2026_ORULB_126636_28,BMC-EE-Tender Cell-73/2025-26 Dt. 25.02.2026,Renovation with peripheral development of Nua Pokhari Waterbody in Ward No. 50,Renovation with peripheral development of Nua Pokhari Waterbody in Ward No. 50,Works,Open Tender,Percentage,Civil Works - Others,No,No,NA ,28-Feb-2026 10:30 AM,05-Mar-2026 04:00 PM ,120.0,No ,No,Online,12-Mar-2026 11:00 AM,Municipal Bodies||Bhubaneswar Municipal Corporation,BMC AREA,751022.0,1.0,"25,43,258",AMIYA KUMAR PAIKARAY,"2,457,855",Rejected-Finance,28-Jul-2026,Municipal Bodies||Bhubaneswar Municipal Corporation
2026_CEMIB_129607_5,SECMID_03/2026-27,Improvement to Headwork of Chatara MIP(Diversion Weir) in Narasinghpur Block of Cuttack District under Improvement to Diversion Weir Scheme for the year 2026-27.,Improvement to Headwork of Chatara MIP(Diversion Weir) in Narasinghpur Block of Cuttack District under Improvement to Diversion Weir Scheme for the year 2026-27.,Works,Open Tender,Percentage,Civil Works - Canal,No,No,NA ,22-May-2026 10:00 AM,NA ,90.0,No ,No,Online,01-Jun-2026 11:00 AM,"CE,Minor Irrigation,BBSR||SECMIC-BHUBANESWAR||CUTTACK",Narasinghpur,754032.0,2.0,"50,02,518",ABHAYA BHUSAN SAHOO,"5,002,517.55",Accepted-AOC,08-Jul-2026,"CE,Minor Irrigation,BBSR||SECMIC-BHUBANESWAR||CUTTACK"
2025_EICCL_117592_5,SE (R and B) BLS-II- 17 / 2025-26,"S/R to Haldipada to West Bengal Border Road (Such as CC (124) ,Cleaning Gurbing, BUSG, PMC, Seal Coat) from 5.000 Km to 10.000 Km for the year 2025-26.","S/R to Haldipada to West Bengal Border Road (Such as CC (124) ,Cleaning Gurbing, BUSG, PMC, Seal Coat) from 5.000 Km to 10.000 Km for the year 2025-26.",Works,Open Tender,Percentage,Civil Works - Roads,No,No,NA ,06-Sep-2025 10:00 AM,NA ,90.0,No ,No,Online,12-Sep-2025 04:30 PM,EIC-CIVIL||SERNB-CIRCLE-EASTERN||EERNB-DIVISION-BALASORE II,Balasore,756001.0,1.0,,BASUDEV MOHANTY,"1,841,175",Rejected-AOC,24-Jun-2026,EIC-CIVIL||SERNB-CIRCLE-EASTERN||EERNB-DIVISION-BALASORE II
2026_CERWI_126046_1,12 OF 2025 - 26,Construction of Sub- Centre Building at Nagapur in the District of Jagatsinghpur,Construction of Sub- Centre Building at Nagapur in the District of Jagatsinghpur,Works,Open Tender,Percentage,Civil Works - Buildings,No,No,NA ,16-Feb-2026 11:00 AM,NA ,60.0,No ,No,Online,28-Feb-2026 11:00 AM,CE RW I||RWCIRCLE-CUTTACK||RWDIVISION-JAGATSINGHPUR,Jagatsinghpur,754294.0,1.0,"36,92,173",AJAYA KUMAR BISWAL,"3,138,716",Rejected-Technical,14-Jul-2026,CE RW I||RWCIRCLE-CUTTACK||RWDIVISION-JAGATSINGHPUR
2026_CERWI_127676_1,CCE-BLS-NCB NO-63 of 2025-26,Improvement to R.D. Road to Narasinghdiha Road in the District of Balasore under MMSY-Improvement to Existing RD Roads for the year 2025-26,Improvement to R.D. Road to Narasinghdiha Road in the District of Balasore under MMSY-Improvement to Existing RD Roads for the year 2025-26,Works,National Competitive Bid,Percentage,Civil Works - Roads,No,No,NA ,30-Mar-2026 09:00 AM,NA ,90.0,No ,No,Online,16-Apr-2026 11:00 AM,CE RW I||RWCIRCLE-BALASORE,Balasore,756100.0,2.0,"2,55,48,000",Balukeswar Behera,"19,927,518.42",Rejected-AOC,15-Jul-2026,CE RW I||RWCIRCLE-BALASORE
2026_CERWI_125076_3,RWDKNJ-15/25-26,S/R to SH53 to Dhatikidiha Road for the year 2025-26,S/R to SH53 to Dhatikidiha Road for the year 2025-26,Works,Open Tender,Percentage,Civil Works - Roads,No,No,NA ,27-Jan-2026 06:00 PM,NA ,90.0,No ,No,Online,03-Feb-2026 11:00 AM,CE RW I||RWCIRCLE-BARIPADA||RW Division Karanjia,karanjia,757037.0,1.0,"5,08,430",BAIDYANATH HEMBRAM,"401,659",Rejected-AOC,28-Jul-2026,CE RW I||RWCIRCLE-BARIPADA||RW Division Karanjia
2026_ORULB_127440_11,EO/PDPM/W_06/2025-26,"Construction of road and drain at Kalingapada Tapana Colony, Balijhara in ward no 05","Construction of road and drain at Kalingapada Tapana Colony, Balijhara in ward no 05",Works,Open Tender,Percentage,Civil Works - Others,No,No,NA ,20-Mar-2026 05:30 PM,NA ,120.0,No ,No,Online,02-Apr-2026 11:30 AM,Municipal Bodies||Paradeep Municipality,Paradeep Municipality,754142.0,1.0,"12,39,153",BABRU BAHAN BEHERA,"1,274,500",Accepted-AOC,09-Jul-2026,Municipal Bodies||Paradeep Municipality
2026_EICCL_126293_1,ETCN-47,"Renovation of Conference Hall of ST School (ETEI) in Unit-6, Bhubaneswar (Civil EI) as per Lr. No 8536 dt 09.12.2025 of DTEO Buildings.","Renovation of Conference Hall of ST School (ETEI) in Unit-6, Bhubaneswar (Civil EI) as per Lr. No 8536 dt 09.12.2025 of DTEO Buildings.",Works,Open Tender,Percentage,Civil Works - Buildings,No,No,NA ,19-Feb-2026 05:00 PM,NA ,90.0,No ,No,Online,05-Mar-2026 11:00 AM,EIC-CIVIL||SERNB-CIRCLE-CENTRAL||EERNB-DIVN-II-BBSR,Khordha,751001.0,1.0,"21,66,924",AKSHAYA KUMAR SAHOO,"1,397,666",Rejected-Finance,14-Jul-2026,EIC-CIVIL||SERNB-CIRCLE-CENTRAL||EERNB-DIVN-II-BBSR
2026_ORULB_129735_8,BBLM-2/2026-27,Construction of drain from Dharanidhar Mahanta house towards Community Mandap at Uttamsingh hutting in Ward No.13 (Balance work),Construction of drain from Dharanidhar Mahanta house towards Community Mandap at Uttamsingh hutting in Ward No.13 (Balance work),Works,Open Tender,Percentage,Civil Works - Others,No,No,NA ,26-May-2026 10:00 AM,NA ,90.0,No ,No,Online,11-Jun-2026 11:00 AM,Municipal Bodies||Barbil Municipality,Barbil,758035.0,2.0,"8,97,000",BALARAM SAHOO,"753,572",Accepted-AOC,08-Jul-2026,Municipal Bodies||Barbil Municipality
2026_CERWI_126532_1,Tender Online RCK-03/26,Construction of Mangalpur Irrigation Bandha to Bhabanipur Irrigation Embankment Road in the Dist. of Jajpur for the year 2025-26.,Construction of road works,Works,National Competitive Bid,Percentage,Civil Works - Roads,No,No,NA ,24-Feb-2026 02:00 PM,NA ,90.0,No ,No,Online,06-Mar-2026 11:00 AM,CE RW I||RWCIRCLE-KENDRAPARA,Jajpur,755001.0,2.0,"3,90,38,764",KALPATARU SAHOO,"40,834,547",Rejected-Finance,07-Jul-2026,CE RW I||RWCIRCLE-KENDRAPARA
2026_CEBMB_128949_33,SE-HID-ADV-02/2026-27,Restoration of 6 nos of outlets of Kadaguda Distry of Harabhangi Irrigation Project,MAINTENANCE WORK,Works,National Competitive Bid,Percentage,Civil Works - Others,No,No,NA ,11-May-2026 11:00 AM,NA ,90.0,No ,No,Online,25-May-2026 11:00 AM,"CE-BM,RVN Basin,Berhampur||SE Southern Irr Circle II Paralakhemundi||EE Harabhangi Irr Divn Adava",ADAVA,761217.0,1.0,"6,92,296",Ajit Kumar Gouda,"553,144",Rejected-Finance,22-Jul-2026,"CE-BM,RVN Basin,Berhampur||SE Southern Irr Circle II Paralakhemundi||EE Harabhangi Irr Divn Adava"
2025_EICCL_118406_1,NOTICE NO.S.E. JSPR (R-B)-08 OF 2025-26_3,P/R with SDBC to Balibhaunri Sikharghat road from Ch.2/000 km to 3/500 km in the Jagatsinghpur District For the year 2025-26.,P/R with SDBC to Balibhaunri Sikharghat road from Ch.2/000 km to 3/500 km in the Jagatsinghpur District For the year 2025-26.,Works,Open Tender,Percentage,Civil Works - Roads,No,No,NA ,23-Sep-2025 11:00 AM,NA ,90.0,No ,No,Online,06-Oct-2025 11:00 AM,EIC-CIVIL||SERNB-CIRCLE-CUTTACK||EERNB-DIVN-JAGATSINGPUR,Jagatsinghpur,754103.0,1.0,"27,99,995",AMARESH SWAIN,"2,380,276",Accepted-AOC,17-Jul-2026,EIC-CIVIL||SERNB-CIRCLE-CUTTACK||EERNB-DIVN-JAGATSINGPUR
2026_CEBMB_128949_27,SE-HID-ADV-02/2026-27,Improvement to Bichkot Sub Minor III inbetween RD 250m to 520m of B.I.P (C.C wall lining),MAINTENANCE WORK,Works,National Competitive Bid,Percentage,Civil Works - Others,No,No,NA ,11-May-2026 11:00 AM,NA ,90.0,No ,No,Online,25-May-2026 11:00 AM,"CE-BM,RVN Basin,Berhampur||SE Southern Irr Circle II Paralakhemundi||EE Harabhangi Irr Divn Adava",ADAVA,761217.0,1.0,"19,72,027",Abani Ranjan Panigrahi,"1,972,027",Rejected-AOC,20-Jul-2026,"CE-BM,RVN Basin,Berhampur||SE Southern Irr Circle II Paralakhemundi||EE Harabhangi Irr Divn Adava"
2026_PHEO_126529_1,NIT No.15 of 2025-26 Dtd.06.02.2026,"Construction of ESRs for zoning of distribution network in Nabarangpur Municipality under State Plan, D.No.13-4215 SUJALA for the Year 2025-26","Construction of ESRs for zoning of distribution network in Nabarangpur Municipality under State Plan, D.No.13-4215 SUJALA for the Year 2025-26",Works,National Competitive Bid,Percentage,Civil Works - Water Works,No,No,NA ,25-Feb-2026 11:00 AM,NA ,120.0,No ,No,Online,10-Mar-2026 11:00 AM,PHEO||PH Circle Bhawanipatna||PH Division Koraput,Nabarangpur,764059.0,2.0,"3,83,52,832",BAIKUNTHA SWAIN,"28,476,977",Rejected-Technical,30-Jul-2026,PHEO||PH Circle Bhawanipatna||PH Division Koraput
2026_EICCL_127500_7,eTCN11 of 2025-2026,"Provision of fire down cumer system Booster pump, fire detection and alarm system, fire extinguisher and Signages at CHC Gania in the district of Nayagarh.","Provision of fire down cumer system Booster pump, fire detection and alarm system, fire extinguisher and Signages at CHC Gania in the district of Nayagarh.",Works,Open Tender,Percentage,Electrical Works,No,No,NA ,23-Mar-2026 10:30 AM,NA ,90.0,No ,No,Online,04-Apr-2026 11:00 AM,EIC-CIVIL||SERNB-CIRCLE-KHURDA||EE Nayagarh Rnb Division,Nayagarh,752069.0,1.0,"16,89,123",M/S FIRESTOP SALES AND SERVICES,"1,128,334",Accepted-AOC,02-Jul-2026,EIC-CIVIL||SERNB-CIRCLE-KHURDA||EE Nayagarh Rnb Division
2026_PRJAT_124269_1,28/PSJ/2025-26,"Construction of CC road from Orakal chhaka (transformer) road to Advocate Mohanty babu house,Orakal vill,Padhansahi and electrification thereat",AS PER DTCN,Works,Open Tender,Percentage,Civil Works - Roads,No,No,NA ,08-Jan-2026 11:00 AM,NA ,120.0,No ,No,Online,27-Jan-2026 11:00 AM,Panchayati Raj and Drinking Water Department Odisha||Zilla Parisad Khordha||JATNI Block,PADHANSAHI,752050.0,1.0,"8,22,898",ABINASH SETHI,"683,088.19",Rejected-AOC,28-Jul-2026,Panchayati Raj and Drinking Water Department Odisha||Zilla Parisad Khordha||JATNI Block
2026_CERWI_124679_1,Road Online NCB No15,SR to NH215 to Nahabeda Road,SR to NH215 to Nahabeda Road,Works,National Competitive Bid,Percentage,Civil Works - Roads,No,No,NA ,16-Jan-2026 05:15 PM,NA ,60.0,No ,No,Online,29-Jan-2026 11:00 AM,CE RW I||RWCIRCLE-KEONJHAR||RWDIVISION-KEONJHAR - II,Nahabeda,758001.0,2.0,"80,08,000",BISMAY KUMAR SAHOO,"7,277,183",Accepted-AOC,04-Jul-2026,CE RW I||RWCIRCLE-KEONJHAR||RWDIVISION-KEONJHAR - II
2026_EICCL_126268_7,SE(RandB)BLS-Divn-1-47/2025-26,"Supply, Installation, Testing and Commissioning of Fire Fighting system at CHC Khaira Balasore For the year 2025-26","Supply, Installation, Testing and Commissioning of Fire Fighting system at CHC Khaira Balasore For the year 2025-26",Works,Open Tender,Percentage,Electrical Works,No,No,NA ,19-Feb-2026 10:00 AM,NA ,90.0,No ,No,Online,02-Mar-2026 10:00 AM,EIC-CIVIL||SERNB-CIRCLE-EASTERN||EERNB-DIVN-BALASORE,Balasore,756001.0,1.0,,K3ALERT SYSTEM,"2,228,711",Rejected-Technical,31-Jul-2026,EIC-CIVIL||SERNB-CIRCLE-EASTERN||EERNB-DIVN-BALASORE
2026_ORULB_128734_26,SNP-MUN-37/2026-27,Restoration of Drain and Road from Boultal to Gaouri Ghat on ward no-4,Restoration of Drain and Road from Boultal to Gaouri Ghat on ward no-4,Works,Open Tender,Percentage,Civil Works - Others,No,No,NA ,05-May-2026 11:00 AM,NA ,60.0,No ,No,Online,16-May-2026 11:00 AM,Municipal Bodies||Sonepur Municipal Council,Sonepur Municipality,767017.0,1.0,"12,71,862",BIBHUTI BHUSAN DASH,"1,271,862",Rejected-Technical,20-Jul-2026,Municipal Bodies||Sonepur Municipal Council
2026_ORULB_127155_12,BMC-EE-Tender Cell-78/2025-26 Dt. 10.03.2026,Repair of road at Tulasi Vihar (Jagamara) in Ward No. 63,Repair of road at Tulasi Vihar (Jagamara) in Ward No. 63,Works,Open Tender,Percentage,Civil Works - Others,No,No,NA ,13-Mar-2026 10:30 AM,18-Mar-2026 03:30 PM ,120.0,No ,No,Online,25-Mar-2026 11:00 AM,Municipal Bodies||Bhubaneswar Municipal Corporation,BMC AREA,751022.0,1.0,"12,71,165",HIMANSHU BHUSAN CHAMPATIRAY,"1,499,974",Accepted-AOC,28-Jul-2026,Municipal Bodies||Bhubaneswar Municipal Corporation
2026_CERWI_127267_1,RWCCESNG-38 of 2025-26,Construction of road from Kanabuda chowk to Gangpurgarh via Schoolpada,Construction of road from Kanabuda chowk to Gangpurgarh via Schoolpada,Works,National Competitive Bid,Percentage,Civil Works - Roads,No,No,NA ,13-Mar-2026 05:00 PM,NA ,90.0,No ,No,Online,31-Mar-2026 11:00 AM,CE RW I||RW-CIRCLE-SUNDARGARH,Sundergarh,770020.0,2.0,"4,96,83,428",GOURAV CONSTRUCTION,"47,204,225.129",Accepted-AOC,03-Jul-2026,CE RW I||RW-CIRCLE-SUNDARGARH
2026_ORULB_128734_32,SNP-MUN-37/2026-27,Restoration of road and drain from sudhir meher house to Chandra Sekhar Mandir in w.no-14 15,Restoration of road and drain from sudhir meher house to Chandra Sekhar Mandir in w.no-14 15,Works,Open Tender,Percentage,Civil Works - Others,No,No,NA ,05-May-2026 11:00 AM,NA ,60.0,No ,No,Online,16-May-2026 11:00 AM,Municipal Bodies||Sonepur Municipal Council,Sonepur Municipality,767017.0,1.0,"12,33,367",BIKRAM KUMAR AGRAWAL,"1,233,364",Accepted-AOC,25-Jul-2026,Municipal Bodies||Sonepur Municipal Council
2026_ORULB_128875_2,11/SMC_SBP/2026-27,"Construction of paver block road with drain from Katapali rice mill to Jharapali ( jhareipali), ward no-2","Construction of paver block road with drain from Katapali rice mill to Jharapali ( jhareipali), ward no-2",Works,Open Tender,Percentage,Civil Works - Others,No,No,NA ,09-May-2026 11:00 AM,NA ,120.0,No ,No,Online,29-May-2026 11:00 AM,Municipal Bodies||Sambalpur Municipal Corporation,SAMBALPUR MUNICIPAL CORPORATION,768006.0,2.0,"1,69,47,817",AKASH AGRAWAL,"16,947,817",Rejected-Technical,24-Jul-2026,Municipal Bodies||Sambalpur Municipal Corporation
2026_PRBBU_124975_1,NOTICE NO.BDO-BPS-04 OF 2025-26,"Construction of Additional class Room at Raghunathjew High School, Adhanga of Balikuda Block","Construction of Additional class Room at Raghunathjew High School, Adhanga of Balikuda Block",Works,Open Tender,Percentage,Civil Works - Buildings,No,No,NA ,22-Jan-2026 01:00 PM,NA ,90.0,No ,No,Online,06-Feb-2026 11:00 AM,Panchayati Raj and Drinking Water Department Odisha||Zilla Parisad Jagatsinghpur||BALIKUDA Block,Balikuda,754108.0,1.0,"15,33,555",AMARESH SWAIN,"1,554,030",Rejected-Finance,29-Jul-2026,Panchayati Raj and Drinking Water Department Odisha||Zilla Parisad Jagatsinghpur||BALIKUDA Block
2026_CEMIB_128458_3,SEMIDRGD-03/2026-27,Construction of Damburunalla Check Dam (RG010166) in Bissamcuttack Block of Rayagada District under MATY 3.0 for the Year 2026-27,Construction of Damburunalla Check Dam (RG010166) in Bissamcuttack Block of Rayagada District under MATY 3.0 for the Year 2026-27,Works,National Competitive Bid,Percentage,Civil Works - Others,No,No,NA ,29-Apr-2026 10:00 AM,NA ,90.0,No ,No,Online,14-May-2026 11:00 AM,"CE,Minor Irrigation,BBSR||SE,KBK Minor Irr.CircleII,Jeypore||EE M.I. Division Rayagada",Rayagada,765001.0,2.0,"99,34,208",AJIT KUMAR BEHERA,"9,934,207.59",Rejected-AOC,17-Jun-2026,"CE,Minor Irrigation,BBSR||SE,KBK Minor Irr.CircleII,Jeypore||EE M.I. Division Rayagada"
2026_OSCMF_124183_5,MARKFED/05/2025-26,Construction of CC approach road for 4x250 MT godown at Rairangpur,Construction of CC approach road for 4x250 MT godown at Rairangpur,Works,Open Tender,Item Rate,Civil Works - Buildings,No,No,NA ,05-Jan-2026 11:00 AM,NA ,90.0,No ,No,Online,02-Feb-2026 12:00 PM,Odisha State Co-operative Marketing Federation Ltd,Rairangpur,751006.0,1.0,"31,89,693",Ashish Kumar Behera,"3,199,638",Rejected-AOC,08-Jun-2026,Odisha State Co-operative Marketing Federation Ltd
2026_PRBC_133595_2,CTPPS-01/2026-27,Const. of 5o MT Godown and Office Building at Chikalakhandi SCS,Const. of 5o MT Godown and Office Building at Chikalakhandi SCS,Works,Open Tender,Percentage,Civil Works - Buildings,No,No,NA ,29-Jun-2026 11:25 AM,NA ,365.0,No ,No,Online,07-Jul-2026 11:25 AM,Panchayati Raj and Drinking Water Department Odisha||Zilla Parisad Ganjam||CHATRAPUR Block,BLOCK OFFICE CHATRAPUR,761020.0,1.0,"23,99,763",ARJEE AMBIKA NAYAK,"2,399,283.44",Accepted-AOC,29-Jul-2026,Panchayati Raj and Drinking Water Department Odisha||Zilla Parisad Ganjam||CHATRAPUR Block
2026_PRZB_128475_4,PS-LNJ-T-1/2026-27,Construction of Addl. Class room at Govt. PS Kadomaska (1) in Lanjigarh Block,Building,Works,Open Tender,Percentage,Civil Works - Buildings,No,No,NA ,28-Apr-2026 11:00 AM,NA ,90.0,No ,No,Online,13-May-2026 11:00 AM,Panchayati Raj and Drinking Water Department Odisha||Zilla Parisad Kalahandi||LANJIGARH Block,Lanjigarh,766027.0,1.0,"14,64,445",BHAWANI SHANKAR PATTNAIK,"1,462,981",Rejected-Finance,01-Jul-2026,Panchayati Raj and Drinking Water Department Odisha||Zilla Parisad Kalahandi||LANJIGARH Block
2026_CEBMT_127866_9,EEBOD-01/26-27,Construction of CC lining and repair to canal structure within RD 750m to 1500m of Sahupada disty. of SIP.,Repair of canal structure,Works,Open Tender,Percentage,Civil Works - Canal,No,No,NA ,10-Apr-2026 11:00 AM,NA ,90.0,No ,No,Online,27-Apr-2026 11:00 AM,"CE-BM, Tel Basin,Bhawanipatna||SE Balangir Irr Circle Balangir||EE Boudh Irr Divn Boudh",Boudh,762014.0,1.0,"33,62,000",Abinash Ajeya Dehury,"3,358,016.97",Rejected-Finance,09-Jul-2026,"CE-BM, Tel Basin,Bhawanipatna||SE Balangir Irr Circle Balangir||EE Boudh Irr Divn Boudh"
2026_CEMIB_128870_1,"SE,MID,DGR /01/ 2026-27",Construction of Chitranali-II Check Dam over Local Nalla Near village Gagua in Tileibani Block of Deogarh District under MATY Scheme.,Construction of Chitranali-II Check Dam over Local Nalla Near village Gagua in Tileibani Block of Deogarh District under MATY Scheme.,Works,Open Tender,Percentage,Civil Works - Others,No,No,NA ,07-May-2026 10:00 AM,NA ,270.0,No ,No,Online,19-May-2026 11:00 AM,"CE,Minor Irrigation,BBSR||SE,Eastern Minor Irr.Circle,Keonjhar||EE M.I. Division Keonjhar",DEOGARH,768201.0,2.0,"72,15,316",ABINASH MAHAPATRA,"5,123,596.13",Accepted-AOC,02-Jul-2026,"CE,Minor Irrigation,BBSR||SE,Eastern Minor Irr.Circle,Keonjhar||EE M.I. Division Keonjhar"
2026_CERWI_125420_1,CCE-BLS-NCB-56 OF 2025-26,Construction of road RD road from Baligohiri to PWD road Diapahi Balikitrana Mangalbandh and Chhatubati village under MMSY-CMRL Scheme in the district of Balasore for the year 2025-26-42/6509,Construction of road RD road from Baligohiri to PWD road Diapahi Balikitrana Mangalbandh and Chhatubati village under MMSY-CMRL Scheme in the district of Balasore for the year 2025-26-42/6509,Works,National Competitive Bid,Percentage,Civil Works - Roads,No,No,NA ,03-Feb-2026 09:00 AM,NA ,90.0,No ,No,Online,19-Feb-2026 11:00 AM,CE RW I||RWCIRCLE-BALASORE,Balasore,756001.0,2.0,"1,79,66,355",BHAGABAN MOHANTY,"15,273,198",Rejected-Finance,02-Jul-2026,CE RW I||RWCIRCLE-BALASORE
2026_ORULB_125759_20,BLGR MPTY/10(01-60)/2025-26,"Construction of Paver Blok Road and Cover Slab from Manoj res to Sunil David res,W.No.3",Road and Cover Slab Work,Works,Open Tender,Percentage,Civil Works - Roads,No,No,NA ,10-Feb-2026 11:00 AM,NA ,180.0,No ,No,Online,05-Mar-2026 11:00 AM,Municipal Bodies||Balangir Municipality,Balangir,767001.0,1.0,"5,49,661",MANABHANJAN PADHI,"549,111.79",Accepted-AOC,22-Jul-2026,Municipal Bodies||Balangir Municipality
2025_ORULB_115623_25,JM-01/2025-26,Construction repairing of Road and drain with Cover slab at Azad Basti near Santoshi Maa Mandir Ward No 05 Joda Municipality SFC MV Tax,WORKS,Works,Open Tender,Percentage,Civil Works - Others,No,No,NA ,17-Jul-2025 10:00 AM,NA ,120.0,No ,No,Online,31-Jul-2025 11:00 AM,Municipal Bodies||Joda Municipality,JODA MUNICIPALITY AT PO BANEIKALA JODA KEONJHAR,758038.0,1.0,"8,72,939",RABINARAYAN SAHOO,"1,030,000",Rejected-AOC,07-Jul-2026,Municipal Bodies||Joda Municipality
2026_CERWI_125799_1,Road tender Online-RWCSBP-30/2025-26,Karandola-Damapali Road to Chhatisgarh border via Bichhuan,Karandola-Damapali Road to Chhatisgarh border via Bichhuan,Works,Open Tender,Percentage,Civil Works - Roads,No,No,NA ,10-Feb-2026 02:00 PM,NA ,90.0,No ,No,Online,19-Feb-2026 11:00 AM,CE RW I||RWCIRCLE-SAMBALPUR,Bargarh,768028.0,2.0,"6,51,02,127",PRIYA RANJAN BISWAL,"68,012,192",Rejected-Finance,22-Jul-2026,CE RW I||RWCIRCLE-SAMBALPUR
2025_ORULB_115623_19,JM-01/2025-26,Construction of Drain from Rabi Mohanty House to Aju Barik House at Sastrinagar in Ward No01 SFC Storm Water drainage,WORKS,Works,Open Tender,Percentage,Civil Works - Others,No,No,NA ,17-Jul-2025 10:00 AM,NA ,120.0,No ,No,Online,31-Jul-2025 11:00 AM,Municipal Bodies||Joda Municipality,JODA MUNICIPALITY AT PO BANEIKALA JODA KEONJHAR,758038.0,1.0,"4,91,529",Prafulla Kumar Routray,"580,000",Rejected-AOC,16-Jul-2026,Municipal Bodies||Joda Municipality
2026_CERWI_129606_1,Online Tender 01 RWD SBD 2026 27,SR to RI Office cum Res Building at Sunabeda for the year 2026-27_building,SR to RI Office cum Res Building at Sunabeda for the year 2026-27_building,Works,Open Tender,Percentage,Civil Works - Buildings,No,No,NA ,22-May-2026 11:00 AM,NA ,90.0,No ,No,Online,05-Jun-2026 11:00 AM,CE RW I||RWCIRCLE-SUNABEDA||RWDIVISION-SUNABEDA,Sunabeda,763001.0,1.0,"8,47,180",BABULI KUMAR SIYA,"847,180",Rejected-AOC,12-Jul-2026,CE RW I||RWCIRCLE-SUNABEDA||RWDIVISION-SUNABEDA
2026_ORULB_127203_11,EONM-06/2025-26,Construction of Paver Block Road with Drain from Ganesh Jani to Swami Ayyappa Temple in Ward No 15,CIVIL WORK,Works,Open Tender,Percentage,Civil Works - Others,No,No,NA ,16-Mar-2026 11:00 AM,NA ,90.0,No ,No,Online,26-Mar-2026 11:00 AM,Municipal Bodies||Nabarangpur Municipality,Nabarangpur,764059.0,1.0,"28,45,563",BABITA KUMARI MOHAPATRA,"2,419,014",Rejected-AOC,29-Jul-2026,Municipal Bodies||Nabarangpur Municipality
2026_EICCL_127539_3,S.E(R and B)-MLK-27/2025-26,"SITC of Fire Fighting System including Aerosol based Fire Suppression System , 82.5 KVA DG Set and Lightning Arrester in CHC , Khairaput of Malkangiri District during 2025-26.",ELECTRICAL WORK,Works,Open Tender,Percentage,Fire & Safety,No,No,NA ,25-Mar-2026 09:00 AM,NA ,90.0,No ,No,Online,06-Apr-2026 11:00 AM,EIC-CIVIL||SERNB-CIRCLE-JEYPORE||EERNB-DIVN-MALKANGIRI,MALKANGIRI,764045.0,1.0,,BISWANATH TRIPATHY,"3,238,424",Not Admitted-Fee/PreQual/Technical/Finance,31-Jul-2026,EIC-CIVIL||SERNB-CIRCLE-JEYPORE||EERNB-DIVN-MALKANGIRI
2026_CEBBS_129136_10,SE-AID-2/2026-27,Construction of RCC Trough wall to Jarasingha Minor in between RD 650m to 1250m of Derjang Irrigation Project.,Construction of RCC Trough wall to Jarasingha Minor in between RD 650m to 1250m of Derjang Irrigation Project.,Works,Open Tender,Percentage,Civil Works - Canal,No,No,NA ,13-May-2026 11:00 AM,NA ,90.0,No ,No,Online,25-May-2026 09:00 AM,CE and BM Brahmani Basin Samal||SE Angul Irrigation Circle Angul||EE Angul Irrigation Division Angul,Angul,759143.0,1.0,,ANASUYA BEHERA,"676,263",Rejected-Technical,22-Jun-2026,CE and BM Brahmani Basin Samal||SE Angul Irrigation Circle Angul||EE Angul Irrigation Division Angul
2026_ORULB_128333_19,MC(CMC)CTC_Div-I_No.1/2026-27,Construction of drain from Town Hall Chhack to Manikgosh Bazar Chhaka in Ward No. 21.,Construction of drain from Town Hall Chhack to Manikgosh Bazar Chhaka in Ward No. 21.,Works,Open Tender,Percentage,Civil Works - Others,No,No,NA ,23-Apr-2026 01:00 PM,NA ,90.0,No ,No,Online,07-May-2026 11:00 AM,Municipal Bodies||Cuttack Municipal Corporation,CMC,753012.0,1.0,"5,28,400",ABINASH BASTIA,"528,308",Rejected-AOC,15-Jul-2026,Municipal Bodies||Cuttack Municipal Corporation
2026_PHEO_125257_1,32 OF 2025-26,"Engagement of agencies for GIS based Asset Survey for Water Supply System including Water Consumers and its mapping for HINDOL, KAMAKHYANAGAR, BHUBAN, DHENKANAL, TALCHER, ANGUL and ATHAMALLIK ULBS UNDER PH DIVISION, ANGUL","Engagement of agencies for GIS based Asset Survey for Water Supply System including Water Consumers and its mapping for HINDOL, KAMAKHYANAGAR, BHUBAN, DHENKANAL, TALCHER, ANGUL and ATHAMALLIK ULBS UNDER PH DIVISION, ANGUL",Works,Open Tender,Percentage,Civil Works - Water Works,No,No,NA ,31-Jan-2026 11:00 AM,NA ,120.0,No ,No,Online,26-Feb-2026 11:00 AM,PHEO||SEPH-CIRCLE-CUTTACK||PH Division Angul,ANGUL,759122.0,2.0,"58,38,000",Ecometrix Consultants Pvt. Ltd.,"5,604,260",Rejected-AOC,20-Jul-2026,PHEO||SEPH-CIRCLE-CUTTACK||PH Division Angul
2026_OHPCL_129852_1,RHEP-TCN No.07-2026-27,RHEP-TCN NO.-07-2026-27,"Annual job contract for street sweeping,drain cleaning,conservancy cleaning and lifting of waste from RHEP colony,Rengali",Works,Open Tender,Percentage,Civil Works - Others,No,No,NA ,29-May-2026 10:00 AM,NA ,120.0,No ,No,Online,16-Jun-2026 11:30 AM,Odisha Hydro Power Corporation Ltd||Rengali H.E. Project Rengali,"RHEP,RENGALI",759105.0,2.0,,DIBYASHREE AGENCY,"2,441,279",Rejected-Finance,29-Jul-2026,Odisha Hydro Power Corporation Ltd||Rengali H.E. Project Rengali
2026_CEBBS_129136_11,SE-AID-2/2026-27,Improvement to Bentapur Minor in between RD 300m to 800m Repairs to fall and outlets of Derjang Irrigation Project.,Improvement to Bentapur Minor in between RD 300m to 800m Repairs to fall and outlets of Derjang Irrigation Project.,Works,Open Tender,Percentage,Civil Works - Canal,No,No,NA ,13-May-2026 11:00 AM,NA ,90.0,No ,No,Online,25-May-2026 09:00 AM,CE and BM Brahmani Basin Samal||SE Angul Irrigation Circle Angul||EE Angul Irrigation Division Angul,Angul,759143.0,1.0,,LAXMIDHAR SAHOO,"634,678",Rejected-Finance,23-Jun-2026,CE and BM Brahmani Basin Samal||SE Angul Irrigation Circle Angul||EE Angul Irrigation Division Angul
2026_PRBNA_128323_1,TENDER CALL NOTICE NO. BDO/NPS-01 of 2026-27,"Construction of Meeting Hall at kantunia Government High School, Jamugaon GP, Naugaon Block","Construction of Meeting Hall at kantunia Government High School, Jamugaon GP, Naugaon Block",Works,Open Tender,Percentage,Civil Works - Buildings,No,No,NA ,22-Apr-2026 10:00 AM,NA ,90.0,No ,No,Online,07-May-2026 11:30 AM,Panchayati Raj and Drinking Water Department Odisha||Zilla Parisad Jagatsinghpur||NAUGAON Block,Naugaon,754113.0,1.0,"24,85,256",ABHIJIT DAS,"1,863,940",Rejected-Finance,07-Jul-2026,Panchayati Raj and Drinking Water Department Odisha||Zilla Parisad Jagatsinghpur||NAUGAON Block
2026_ORULB_124113_1,EO/ PDPM/ W_05_MSBY/ 2025-26,Construction of Paver block road at Mahabir colony in Ward No. 03,Construction of Paver block road at Mahabir colony in Ward No. 03,Works,Open Tender,Percentage,Civil Works - Others,No,No,NA ,03-Jan-2026 05:30 PM,NA ,120.0,No ,No,Online,15-Jan-2026 11:30 AM,Municipal Bodies||Paradeep Municipality,Paradeep Municipality,754142.0,1.0,"8,25,311",AMULYA KUMAR SAHOO,"849,000",Rejected-Finance,30-Jul-2026,Municipal Bodies||Paradeep Municipality
2026_EICCL_127539_2,S.E(R and B)-MLK-27/2025-26,"SITC of Fire Fighting System including Aerosol based Fire Suppression System , 82.5 KVA DG Set , Main Panel and Lightning Arrester in CHC , Kudumulugumma of Malkangiri District during 2025-26.",ELECTRICAL WORK,Works,Open Tender,Percentage,Fire & Safety,No,No,NA ,25-Mar-2026 09:00 AM,NA ,90.0,No ,No,Online,06-Apr-2026 11:00 AM,EIC-CIVIL||SERNB-CIRCLE-JEYPORE||EERNB-DIVN-MALKANGIRI,MALKANGIRI,764045.0,1.0,,BISWANATH TRIPATHY,"3,238,991",Not Admitted-Fee/PreQual/Technical/Finance,31-Jul-2026,EIC-CIVIL||SERNB-CIRCLE-JEYPORE||EERNB-DIVN-MALKANGIRI
2026_ORULB_127203_10,EONM-06/2025-26,Construction of Civil Work for OSWAN Centre of Nabarangpur Municipality Premises in Ward No- 02,CIVIL WORK,Works,Open Tender,Percentage,Civil Works - Others,No,No,NA ,16-Mar-2026 11:00 AM,NA ,90.0,No ,No,Online,26-Mar-2026 11:00 AM,Municipal Bodies||Nabarangpur Municipality,Nabarangpur,764059.0,1.0,"8,16,549",BADAL NAYAK,"771,638",Accepted-AOC,29-Jul-2026,Municipal Bodies||Nabarangpur Municipality
2026_ORULB_126536_7,RNP NAC -07/2025-26,CONSTRUCTION OF SAIBABA COMMUNITY CENTER IN WN-12 N OF RANPUR NAC,CONSTRUCTION OF SAIBABA COMMUNITY CENTER IN WN-12 N OF RANPUR NAC,Works,Open Tender,Percentage,Civil Works - Others,No,No,NA ,28-Feb-2026 11:00 AM,NA ,90.0,No ,No,Online,10-Mar-2026 11:30 AM,Municipal Bodies||Ranpur NAC,NAC RANPUR,752026.0,1.0,"4,26,728",SANTOSH KUMAR MOHAPATRA,"423,727.9",Rejected-AOC,02-Jul-2026,Municipal Bodies||Ranpur NAC
2026_CERWI_125933_1,RWCCESNG-32 of 2025-26,Construction of road from RD Road to Tetebasti (Ghogia),Construction of road from RD Road to Tetebasti (Ghogia),Works,National Competitive Bid,Percentage,Civil Works - Roads,No,No,NA ,12-Feb-2026 04:00 PM,NA ,90.0,No ,No,Online,05-Mar-2026 11:00 AM,CE RW I||RW-CIRCLE-SUNDARGARH,Rourkela,769004.0,2.0,"4,58,09,945",AJAY TIWARI,"45,809,944.902",Rejected-Technical,08-Jul-2026,CE RW I||RW-CIRCLE-SUNDARGARH
2025_ORULB_115623_24,JM-01/2025-26,Construction of Drain with Cover slab from Lambu Lohar House to Main road at SH in Ward No13 Joda Municipality 15th FCUntied,WORKS,Works,Open Tender,Percentage,Civil Works - Others,No,No,NA ,17-Jul-2025 10:00 AM,NA ,120.0,No ,No,Online,31-Jul-2025 11:00 AM,Municipal Bodies||Joda Municipality,JODA MUNICIPALITY AT PO BANEIKALA JODA KEONJHAR,758038.0,1.0,"7,20,404",BHAGYADHAR SETHY,"850,000",Accepted-AOC,22-Jul-2026,Municipal Bodies||Joda Municipality
2026_ORULB_125759_21,BLGR MPTY/10(01-60)/2025-26,"Construction of Paver Blok Road from Mission Compound Gate-2 to Assembly Hall ,W.No.3",Road Work,Works,Open Tender,Percentage,Civil Works - Roads,No,No,NA ,10-Feb-2026 11:00 AM,NA ,180.0,No ,No,Online,05-Mar-2026 11:00 AM,Municipal Bodies||Balangir Municipality,Balangir,767001.0,1.0,"12,70,006",Deepak Kumar Nag,"1,269,878.58",Accepted-AOC,27-Jul-2026,Municipal Bodies||Balangir Municipality
2026_CEBMT_127866_8,EEBOD-01/26-27,Construction of CC lining and repair to canal structure within RD 6500m to 7100m of Barapudug disty. of SIP.,Repair of canal structure,Works,Open Tender,Percentage,Civil Works - Canal,No,No,NA ,10-Apr-2026 11:00 AM,NA ,90.0,No ,No,Online,27-Apr-2026 11:00 AM,"CE-BM, Tel Basin,Bhawanipatna||SE Balangir Irr Circle Balangir||EE Boudh Irr Divn Boudh",Boudh,762014.0,1.0,"37,81,000",Abinash Ajeya Dehury,"3,777,760.26",Rejected-Finance,09-Jul-2026,"CE-BM, Tel Basin,Bhawanipatna||SE Balangir Irr Circle Balangir||EE Boudh Irr Divn Boudh"
2025_EICCL_122887_1,"CCE, SC (RandB)-BAM-07/2025-26",Construction of 100 Bedded Girls Hostel (Gplus1) at Govt. ITI Bhanjanagar in the District of Ganjam for the year 2024-25,Construction of 100 Bedded Girls Hostel (GPlus1) at Govt. ITI Bhanjanagar in the District of Ganjam for the year 2024-25,Works,National Competitive Bid,Percentage,Civil Works - Buildings,No,No,NA ,09-Dec-2025 06:55 PM,NA ,90.0,No ,No,Online,24-Dec-2025 11:30 AM,EIC-CIVIL||SERNB-CIRCLE-BERHAMPUR,"Bhanjanagar, Ganjam",761126.0,2.0,"5,33,00,950",Rajani Kanta Panigrahy,"45,311,137",Rejected-Technical,28-Jul-2026,EIC-CIVIL||SERNB-CIRCLE-BERHAMPUR
2026_CEMWR_127187_1,SE/MDA-08(5)/2025-26,HYDROMECHANICAL GATE WORK,"Fabrication, Supply AND Erection of Gate and Hoist of Head Regulator and Scouring Sluice of Bangiriparu Check Dam near Jileiguda Village under Rekhapadar GP in Kolnara Block under MATY 2.0 of Minor Irrigation Division, Rayagada",Works,Open Tender,Percentage,Mechanical Works,No,No,NA ,12-Mar-2026 10:00 AM,NA ,90.0,No ,No,Online,23-Mar-2026 12:00 PM,Chief Engineer Mech - WR Bhubaneswar||SE Mechanical Circle Bhubaneswar||EE Mechanical Division Berhampur,"Jileiguda Village,Rekhapadar GP,Kolnara Block",765029.0,1.0,"7,85,217",ABHISEKH ENTERPRISERS,"785,217.77",Rejected-Finance,04-Jul-2026,Chief Engineer Mech - WR Bhubaneswar||SE Mechanical Circle Bhubaneswar||EE Mechanical Division Berhampur
2026_OSCMF_124183_4,MARKFED/05/2025-26,Repair of 500 MT godown along with construction of toilet and bore well at Padampur,Repair of 500 MT godown along with construction of toilet and bore well at Padampur,Works,Open Tender,Item Rate,Civil Works - Buildings,No,No,NA ,05-Jan-2026 11:00 AM,NA ,90.0,No ,No,Online,02-Feb-2026 12:00 PM,Odisha State Co-operative Marketing Federation Ltd,Padampur,751006.0,1.0,"27,57,796",Ashish Kumar Behera,"2,766,394",Rejected-AOC,08-Jun-2026,Odisha State Co-operative Marketing Federation Ltd
2026_CEMIB_128458_2,SEMIDRGD-03/2026-27,Construction of Kodama-I Check Dam (RG030053) in Gudari Block of Rayagada District under MATY 3.0 for the Year 2026-27,Construction of Kodama-I Check Dam (RG030053) in Gudari Block of Rayagada District under MATY 3.0 for the Year 2026-27,Works,National Competitive Bid,Percentage,Civil Works - Others,No,No,NA ,29-Apr-2026 10:00 AM,NA ,90.0,No ,No,Online,14-May-2026 11:00 AM,"CE,Minor Irrigation,BBSR||SE,KBK Minor Irr.CircleII,Jeypore||EE M.I. Division Rayagada",Rayagada,765001.0,2.0,"51,93,810",AJIT KUMAR BEHERA,"5,193,809.79",Rejected-AOC,17-Jun-2026,"CE,Minor Irrigation,BBSR||SE,KBK Minor Irr.CircleII,Jeypore||EE M.I. Division Rayagada"
2025_EICCL_110944_1,SERandBBDK-39/24-25-3,"Extension and renovation of store godown and electrification at RRTTSS, Motto for the year 2023-24","Extension and renovation of store godown and electrification at RRTTSS, Motto for the year 2023-24",Works,Open Tender,Percentage,Civil Works - Buildings,No,No,NA ,19-Feb-2025 05:45 PM,NA ,90.0,No ,No,Online,01-Mar-2025 11:30 AM,EIC-CIVIL||SERNB-CIRCLE-EASTERN||EERNB-DIVN-BHADRAK,Bhadrak,756100.0,1.0,,Biswaranjan Samal,"719,836.63",Rejected-Finance,30-Jul-2026,EIC-CIVIL||SERNB-CIRCLE-EASTERN||EERNB-DIVN-BHADRAK
2026_ORULB_127009_8,MC(CMC)CTC_Div-I_No.25/2025-26,Construction of Ward Office near Madhubabu Pathagara in Ward No. 16.,Construction of Ward Office near Madhubabu Pathagara in Ward No. 16.,Works,Open Tender,Percentage,Civil Works - Others,No,No,NA ,10-Mar-2026 06:00 PM,NA ,90.0,No ,No,Online,24-Mar-2026 11:00 AM,Municipal Bodies||Cuttack Municipal Corporation,CMC,753012.0,1.0,"22,58,200",HRUSHIKESH SAHOO,"2,258,156",Rejected-AOC,06-Jul-2026,Municipal Bodies||Cuttack Municipal Corporation
2026_EICCL_130391_1,SEBLG-03/2026-27,"Construction of 01 no.of D type quarter for Tahasil Office, Balliguda in the District of Kandhamal as per Revenue and DM Dept Letter No. 32164 Dt. 26.08.2025","Construction of 01 no.of D type quarter for Tahasil Office, Balliguda in the District of Kandhamal as per Revenue and DM Dept Letter No. 32164 Dt. 26.08.2025",Works,Open Tender,Percentage,Civil Works - Buildings,No,No,NA ,02-Jun-2026 10:00 AM,NA ,90.0,No ,No,Online,17-Jun-2026 11:30 AM,EIC-CIVIL||SERNB-CIRCLE-PHULBANI||EERNB DIVN BALIGUDA,Kandhamal,762103.0,2.0,"66,72,075",AJIT MALLICK,"5,864,087.12",Accepted-AOC,21-Jul-2026,EIC-CIVIL||SERNB-CIRCLE-PHULBANI||EERNB DIVN BALIGUDA
2026_UPIDB_129398_1,SEUKID-01/2026-27 (SL10),Renovation of canal and Construction of trough wall from RD 0.000 km to 0.300 km of Bhursi Sub minor.,CANAL STRUCTURAL WORK,Works,Open Tender,Percentage,Civil Works - Canal,No,No,NA ,20-May-2026 11:00 AM,NA ,90.0,No ,No,Online,01-Jun-2026 11:00 AM,CE AND BM IK BASIN BARINIPUT JEYPORE||Upper Kolab Project Bariniput||Upper Kolab Irrigation Division Borigumma,BORIGUMMA,764056.0,1.0,"10,69,970",ANUPAMA PANDA,"1,069,970",Rejected-AOC,24-Jun-2026,CE AND BM IK BASIN BARINIPUT JEYPORE||Upper Kolab Project Bariniput||Upper Kolab Irrigation Division Borigumma
2025_CERWI_123272_2,Road Bldg NCB 14,SR to Arsala to Teliarasala Road,SR to Arsala to Teliarasala Road,Works,National Competitive Bid,Percentage,Civil Works - Roads,No,No,NA ,16-Dec-2025 03:00 PM,NA ,60.0,No ,No,Online,24-Dec-2025 11:00 AM,CE RW I||RWCIRCLE-KEONJHAR||RWDIVISION-KEONJHAR - II,Arasala,758001.0,1.0,"16,61,000",MANASI PATTNAIK,"1,660,000",Accepted-AOC,04-Jul-2026,CE RW I||RWCIRCLE-KEONJHAR||RWDIVISION-KEONJHAR - II
2026_ORULB_128734_27,SNP-MUN-37/2026-27,Restoration of Drain and Road from Bhima Bhoi House to Nandika House in W.No-11,Restoration of Drain and Road from Bhima Bhoi House to Nandika House in W.No-11,Works,Open Tender,Percentage,Civil Works - Others,No,No,NA ,05-May-2026 11:00 AM,NA ,60.0,No ,No,Online,16-May-2026 11:00 AM,Municipal Bodies||Sonepur Municipal Council,Sonepur Municipality,767017.0,1.0,"5,83,789",SWITY AGRAWAL,"583,989",Rejected-Technical,26-Jul-2026,Municipal Bodies||Sonepur Municipal Council
2026_EICCL_126268_6,SE(RandB)BLS-Divn-1-47/2025-26,"Supply, Installation, Testing and Commissioning of Fire Fighting system at CHC Simulia Balasore For the year 2025-26","Supply, Installation, Testing and Commissioning of Fire Fighting system at CHC Simulia Balasore For the year 2025-26",Works,Open Tender,Percentage,Electrical Works,No,No,NA ,19-Feb-2026 10:00 AM,19-Feb-2026 10:00 AM ,90.0,No ,No,Online,02-Mar-2026 10:00 AM,EIC-CIVIL||SERNB-CIRCLE-EASTERN||EERNB-DIVN-BALASORE,Balasore,756001.0,1.0,,JAYANTA KUMAR JENA,"987,979",Accepted-AOC,31-Jul-2026,EIC-CIVIL||SERNB-CIRCLE-EASTERN||EERNB-DIVN-BALASORE
2026_CERWI_129622_1,Online Tender 01 RWD SBD 2026 27,Repair and Renovation of Govt. I.T.I Building at Laxmipur in the district of Koraput,Repair and Renovation of Govt. I.T.I Building at Laxmipur in the district of Koraput,Works,Open Tender,Percentage,Civil Works - Buildings,No,No,NA ,22-May-2026 11:00 AM,NA ,90.0,No ,No,Online,05-Jun-2026 11:00 AM,CE RW I||RWCIRCLE-SUNABEDA||RWDIVISION-SUNABEDA,Sunabeda,763001.0,1.0,"36,84,569",ANU RANA,"3,132,252",Accepted-AOC,12-Jul-2026,CE RW I||RWCIRCLE-SUNABEDA||RWDIVISION-SUNABEDA
2025_ORULB_115568_89,BM-BDK-05-2025-26,Const of Drain and paver Road From Sahabaz house towards Mian House and Sama house towards Sahensha house in wrad no-17,Const of Drain and paver Road From Sahabaz house towards Mian House and Sama house towards Sahensha house in wrad no-17,Works,Open Tender,Percentage,Civil Works - Others,No,No,NA ,24-Jul-2025 10:00 AM,NA ,90.0,No ,No,Online,04-Aug-2025 11:00 AM,Municipal Bodies||Bhadrak Municipality,Bhadrak Municipality,756100.0,1.0,"11,10,415",RATH MUNDA,"1,055,005",Accepted-AOC,03-Jul-2026,Municipal Bodies||Bhadrak Municipality
2026_EICCL_127500_6,eTCN11 of 2025-2026,"Provision of fire down cumer system Booster pump, fire detection and alarm system, fire extinguisher and Signages at CHC Bhapur in the district of Nayagarh.","Provision of fire down cumer system Booster pump, fire detection and alarm system, fire extinguisher and Signages at CHC Bhapur in the district of Nayagarh.",Works,Open Tender,Percentage,Electrical Works,No,No,NA ,23-Mar-2026 10:30 AM,NA ,90.0,No ,No,Online,04-Apr-2026 11:00 AM,EIC-CIVIL||SERNB-CIRCLE-KHURDA||EE Nayagarh Rnb Division,Nayagarh,752069.0,1.0,"16,11,957",ALOK KUMAR MOHAPATRA,"1,068,727",Rejected-Finance,02-Jul-2026,EIC-CIVIL||SERNB-CIRCLE-KHURDA||EE Nayagarh Rnb Division
2026_PRBES_128150_2,NOTICE NO.BDO-EPS-01 OF 2026-27,"2. Construction of Additional Class Room at Khatikolada Primary School, Erasama Block","Construction of Additional Class Room at Khatikolada Primary School, Erasama Block",Works,Open Tender,Percentage,Civil Works - Buildings,No,No,NA ,16-Apr-2026 10:00 AM,NA ,90.0,No ,No,Online,30-Apr-2026 11:00 AM,Panchayati Raj and Drinking Water Department Odisha||Zilla Parisad Jagatsinghpur||ERASAMA Block,Erasama,754139.0,1.0,"15,25,638",CHAKRADHAR ROUT,"1,278,332",Accepted-AOC,06-Jul-2026,Panchayati Raj and Drinking Water Department Odisha||Zilla Parisad Jagatsinghpur||ERASAMA Block
2026_ORULB_128661_4,BINKA-NAC-01/2026-27,"Development of Jogeswar Bandha, w.no.03","Development of Jogeswar Bandha, w.no.03",Works,Open Tender,Percentage,Civil Works - Others,No,No,NA ,01-May-2026 11:00 AM,NA ,180.0,No ,No,Online,11-May-2026 11:00 AM,Municipal Bodies||Binka NAC,BINKA,767019.0,1.0,,ANANDA KUMAR PANDA,"846,610",Rejected-AOC,01-Jul-2026,Municipal Bodies||Binka NAC
2026_CERWI_125076_16,RWDKNJ-15/25-26,Repair to Bridge over river Bhandan onPodagad to Rajpal road for the year 2025-26,Repair to Bridge over river Bhandan on Podagad to Rajpal road for the year 2025-26,Works,Open Tender,Percentage,Civil Works - Roads,No,No,NA ,28-Jan-2026 11:00 AM,NA ,90.0,No ,No,Online,03-Feb-2026 11:00 AM,CE RW I||RWCIRCLE-BARIPADA||RW Division Karanjia,karanjia,757037.0,1.0,"16,80,668",Ratnakar Murmu,"1,428,719",Rejected-AOC,08-Jul-2026,CE RW I||RWCIRCLE-BARIPADA||RW Division Karanjia
2026_CERWI_129132_1,Online Tender 01 RWD Kuchinda 26-27,S/R to R.W. Sub-Division Office Building at Kuchinda in the District of Sambalpur for the year 2026-27.,S/R to R.W. Sub-Division Office Building at Kuchinda in the District of Sambalpur for the year 2026-27.,Works,Open Tender,Percentage,Civil Works - Buildings,No,No,NA ,11-May-2026 11:00 AM,NA ,90.0,No ,No,Online,22-May-2026 11:00 AM,CE RW I||RWCIRCLE-SAMBALPUR||RW Division Kuchinda,Kuchinda,768222.0,1.0,"5,08,233",AKSHYA KUMAR NAYAK,"508,233",Rejected-AOC,22-Jun-2026,CE RW I||RWCIRCLE-SAMBALPUR||RW Division Kuchinda
2026_EICCL_126850_1,SE R and B Divn NoI Bam 66/2025-26,"Comprehensive electrical Maintenance for Res of Sub collector, additional Sub collector, Tahasildar and other res qtrs building at BAM","Comprehensive electrical Maintenance for Res of Sub collector, additional Sub collector, Tahasildar and other res qtrs building at BAM",Works,Open Tender,Percentage,Electrical Works,No,No,NA ,02-Mar-2026 06:00 PM,NA ,90.0,No ,No,Online,10-Mar-2026 11:30 AM,EIC-CIVIL||SERNB-CIRCLE-BERHAMPUR||EERNB-DIVN-GANJAM I,Ganjam,760005.0,1.0,"11,71,668",CHINMAYA KUMAR PRAHARAJ,"831,884",Accepted-AOC,15-Jul-2026,EIC-CIVIL||SERNB-CIRCLE-BERHAMPUR||EERNB-DIVN-GANJAM I
2026_CERWI_125015_1,14/2025-26,Construction of R.I Office cum Residence building at Raikia for the year 2025-26,Construction of R.I Office cum Residence building at Raikia for the year 2025-26,Works,National Competitive Bid,Percentage,Civil Works - Buildings,No,No,NA ,23-Jan-2026 10:00 AM,NA ,90.0,No ,No,Online,05-Feb-2026 11:00 AM,CE RW I||RWCIRCLE-BERHAMPUR||RWDIVISION-PHULBANI,Kandhamal,762001.0,1.0,"37,37,014",BABULA PATTNAIK,"3,176,835.39",Rejected-AOC,07-Jul-2026,CE RW I||RWCIRCLE-BERHAMPUR||RWDIVISION-PHULBANI
2026_EICCL_127487_1,SE PKD RandB DIVN 22/2025 26,Extension of One stop Centre at Paralakhemundi in the district of Gajapati for the year 2025-26 (Civil and EI),Extension of One stop Centre at Paralakhemundi in the district of Gajapati for the year 2025-26 (Civil and EI),Works,Open Tender,Percentage,Civil Works - Buildings,No,No,NA ,24-Mar-2026 10:00 AM,NA ,90.0,No ,No,Online,08-Apr-2026 12:00 PM,EIC-CIVIL||SERNB-CIRCLE-RAYAGADA||EERNB DIVN PARALAKHEMUNDI,Gajapati,761200.0,1.0,"10,14,579",Chinmaya Kumar Bisoyi,"1,014,579",Rejected-Technical,07-Jul-2026,EIC-CIVIL||SERNB-CIRCLE-RAYAGADA||EERNB DIVN PARALAKHEMUNDI
2026_CERWI_131099_1,01 of 2026-27,Up-gradation work of PHC Building at Khairamoda of Baramba Block under AMA Hospital initiatives for the year 2025-26,Up-gradation work of PHC Building at Khairamoda of Baramba Block under AMA Hospital initiatives for the year 2025-26,Works,Open Tender,Percentage,Miscellaneous Works,No,No,NA ,05-Jun-2026 11:00 AM,NA ,90.0,No ,No,Online,20-Jun-2026 11:30 AM,CE RW I||RWCIRCLE-CUTTACK||RWDIVISION-CUTTACK-II,Cuttack,753004.0,2.0,"77,74,833",ABHAYA BHUSAN SAHOO,"7,774,833",Rejected-AOC,29-Jul-2026,CE RW I||RWCIRCLE-CUTTACK||RWDIVISION-CUTTACK-II
2026_CEMIB_129607_4,SECMID_03/2026-27,Improvement to Headwork of Badhia MIP(Diversion Weir) in Narasinghpur Block of Cuttack District under Improvement to Diversion Weir Scheme for the year 2026-27.,Improvement to Headwork of Badhia MIP(Diversion Weir) in Narasinghpur Block of Cuttack District under Improvement to Diversion Weir Scheme for the year 2026-27.,Works,Open Tender,Percentage,Civil Works - Canal,No,No,NA ,22-May-2026 10:00 AM,NA ,90.0,No ,No,Online,01-Jun-2026 11:00 AM,"CE,Minor Irrigation,BBSR||SECMIC-BHUBANESWAR||CUTTACK",Narasinghpur,754032.0,2.0,"70,61,982",ABHAYA BHUSAN SAHOO,"7,061,982.1",Rejected-Finance,24-Jul-2026,"CE,Minor Irrigation,BBSR||SECMIC-BHUBANESWAR||CUTTACK"
2025_ORULB_115623_8,JM-01/2025-26,Construction of Paver Block Road at Kothisal area Chhana Hutting in Ward No14 Joda Municipality 15th FC Untied,WORKS,Works,Open Tender,Percentage,Civil Works - Others,No,No,NA ,17-Jul-2025 10:00 AM,NA ,120.0,No ,No,Online,31-Jul-2025 11:00 AM,Municipal Bodies||Joda Municipality,JODA MUNICIPALITY AT PO BANEIKALA JODA KEONJHAR,758038.0,1.0,"4,23,730",PLABAN MOHANTY,"500,000",Accepted-AOC,08-Jul-2026,Municipal Bodies||Joda Municipality
2026_PRNAK_128486_3,eProcurement Notice No. (PSNKD)01/2026-27 Latter No 1402 Dt. 24.04.2026,Const. of Boundary wall for Block Mission Shakti Bhawan.,Const. of Boundary wall for Block Mission Shakti Bhawan.,Works,Open Tender,Percentage,Civil Works - Buildings,No,No,NA ,30-Apr-2026 09:00 AM,NA ,90.0,No ,No,Online,15-May-2026 09:00 AM,Panchayati Raj and Drinking Water Department Odisha||Zilla Parisad Sambalpur||NAKTIDEUL Block,Nktideul,768118.0,1.0,"10,01,540",AKHUJA NAIK,"1,001,540",Rejected-AOC,17-Jul-2026,Panchayati Raj and Drinking Water Department Odisha||Zilla Parisad Sambalpur||NAKTIDEUL Block
2025_EICCL_123305_1,SE (R and B)-BDH-18/2025-26,Construction of Entrance gate with renovation of Boudh (R and B) Division office at Boudh for the year 2025-26,Civil work,Works,Open Tender,Percentage,Civil Works - Buildings,No,No,NA ,17-Dec-2025 10:00 AM,NA ,90.0,No ,No,Online,24-Dec-2025 11:30 AM,EIC-CIVIL||SERNB-CIRCLE-PHULBANI||EERNB Division Boudh,Boudh,762014.0,2.0,"55,81,564",BIPRA CHARAN SAMAL,"4,744,887",Accepted-AOC,06-Jul-2026,EIC-CIVIL||SERNB-CIRCLE-PHULBANI||EERNB Division Boudh
2026_RMC_128133_3,MC/RMC/26/2026,"Redevelopment of Adarsh Park at Chhend, Ward No. 15 under RMC, Rourkela",Works,Works,Open Tender,Percentage,Civil Works - Others,No,No,NA ,15-Apr-2026 06:00 PM,NA ,90.0,No ,No,Online,04-May-2026 10:00 AM,Rourkela Municipal Corporation,Rourkela,769012.0,1.0,"20,39,000",AMULYA KUMAR SETHI,"2,038,732.79",Rejected-Technical,08-Jul-2026,Rourkela Municipal Corporation
2026_EICCL_127291_2,SE DKL (R and B) 40/ 2025-26,Shifting and construction of 3 Ph 5 W LT line due to Improvement of Jail Road from ANM Training center Chhak to Ramdas Chhak from 0/00 Km to 0/556 in the District of Dhenkanal,Shifting and construction of 3 Ph 5 W LT line due to Improvement of Jail Road from ANM Training center Chhak to Ramdas Chhak from 0/00 Km to 0/556 in the District of Dhenkanal,Works,Open Tender,Percentage,Electrical Works,No,No,NA ,14-Mar-2026 11:00 AM,NA ,90.0,No ,No,Online,27-Mar-2026 11:00 AM,EIC-CIVIL||SERNB-CIRCLE-DHENKANAL||EERNB-DIVN-DHENKANAL,Dhenkanal,759001.0,1.0,"12,46,228",Chinmaya Singh Samant,"1,246,228",Rejected-Technical,22-Jul-2026,EIC-CIVIL||SERNB-CIRCLE-DHENKANAL||EERNB-DIVN-DHENKANAL
2026_PRBHL_124870_2,HIN-PS-01/2025-26,Construction of Office Building and One 50MT Godown at Samarjhola SCS of Badakhandi GP,Construction of Office Building and One 50MT Godown at Samarjhola SCS of Badakhandi GP,Works,Open Tender,Percentage,Civil Works - Buildings,No,No,NA ,03-Feb-2026 11:00 AM,NA ,90.0,No ,No,Both(Online/Offline),26-Feb-2026 11:00 AM,Panchayati Raj and Drinking Water Department Odisha||Zilla Parisad Ganjam||HINJILICUT Block,Hinjilicut,761102.0,1.0,"23,96,693",DILIP KUMAR NAYAK,"2,037,402.18",Accepted-AOC,22-Jul-2026,Panchayati Raj and Drinking Water Department Odisha||Zilla Parisad Ganjam||HINJILICUT Block
2026_CERWI_126553_1,TENDER ONLINE RCK-03/26,Construction of Tinimuhani Hamjapur to Brudhalinga Chhak in the Dist. of Jajpur for the year 2025-26.,Construction of road works,Works,National Competitive Bid,Percentage,Civil Works - Roads,No,No,NA ,24-Feb-2026 05:00 PM,NA ,90.0,No ,No,Online,06-Mar-2026 11:00 AM,CE RW I||RWCIRCLE-KENDRAPARA,Jajpur,755001.0,2.0,"4,88,79,076",CHITTA RANJAN DAS,"50,624,059",Rejected-Finance,03-Jul-2026,CE RW I||RWCIRCLE-KENDRAPARA
2025_CERWI_122874_31,Tender Online RCK-20/25,Construction of Road from Karandia Canal Embankment from Kangali Rout House Bandhakata via Goudagoan Ribol Samalpada Raghunathpur Yubakasangha Chhak road under MMSY-TRIP,Construction of road works,Works,National Competitive Bid,Percentage,Civil Works - Roads,No,No,NA ,16-Jan-2026 05:00 PM,NA ,90.0,No ,No,Online,28-Jan-2026 11:00 AM,CE RW I||RWCIRCLE-KENDRAPARA,Kendrapara,754211.0,2.0,"3,99,37,974",DEBASHIS PATRA,"39,937,974",Accepted-AOC,14-Jul-2026,CE RW I||RWCIRCLE-KENDRAPARA
2026_CEBMB_128949_2,SE-HID-ADV-02/2026-27,"Desilting to Latapalli Sub Minor I and II, Buguda Mnor, Barapradhani Sub Minor, Kaithaguda Sub Minor and Buguda Sub-Minor of Harabhangi Irrigation Project.",DESILTING OF CANAL,Works,National Competitive Bid,Percentage,Civil Works - Others,No,No,NA ,11-May-2026 11:00 AM,NA ,90.0,No ,No,Online,25-May-2026 11:00 AM,"CE-BM,RVN Basin,Berhampur||SE Southern Irr Circle II Paralakhemundi||EE Harabhangi Irr Divn Adava",ADAVA,761217.0,1.0,"5,91,416",Ajit Kumar Gouda,"473,192",Rejected-Finance,01-Jul-2026,"CE-BM,RVN Basin,Berhampur||SE Southern Irr Circle II Paralakhemundi||EE Harabhangi Irr Divn Adava"
2026_OSCSC_126679_1,286.0,Selection and appointment of Handling Contractor for the biennial 2025-27 of Angul District.,"Selection and appointment of Handling contractor for handling of food grain (Rice, Wheat etc) at all the Rice Receiving Centres (RRCs) of Angul district.",Services,Open Tender,Percentage,Handling and Transportation,No,No,NA ,27-Feb-2026 11:00 AM,27-Feb-2026 04:00 PM ,180.0,No ,No,Online,24-Mar-2026 11:00 AM,Odisha State Civil Supplies Corp. Ltd.||CSO cum DM Angul,Angul,759122.0,2.0,"1,06,66,221",DILESWAR PRADHAN,37.78,Accepted-AOC,21-Jul-2026,Odisha State Civil Supplies Corp. Ltd.||CSO cum DM Angul
2025_CERWI_122874_25,Tender Online RCK-20/25,"Construction of Road from Haridaspur Sani Mandira gada to Bedari School, via Solpat road under MMSY-TRIP in the Dist. of Kendrapara for the year 2025-26.",Construction of road works,Works,National Competitive Bid,Percentage,Civil Works - Roads,No,No,NA ,31-Dec-2025 05:05 PM,NA ,90.0,No ,No,Online,13-Jan-2026 11:00 AM,CE RW I||RWCIRCLE-KENDRAPARA,Kendrapara,754211.0,2.0,"2,93,75,177",SRI PRAVAS BEHERA,"29,375,176",Rejected-Finance,14-Jul-2026,CE RW I||RWCIRCLE-KENDRAPARA
2026_ORULB_127693_19,MC(CMC)CTC_Div-IIINo1/2026-27,"Construction of Rest sheed, stiarcase and covering wall over Madhubabu Statue at Mahanadi Bihar in Ward No.47.","Construction of Rest sheed, stiarcase and covering wall over Madhubabu Statue at Mahanadi Bihar in Ward No.47.",Works,Open Tender,Percentage,Civil Works - Others,No,No,NA ,07-Apr-2026 05:00 PM,NA ,45.0,No ,No,Online,22-Apr-2026 10:00 AM,Municipal Bodies||Cuttack Municipal Corporation,CMC,753012.0,1.0,"2,48,036",Smt. Sonali Priyadarsini Singh,"248,036",Rejected-AOC,25-Jul-2026,Municipal Bodies||Cuttack Municipal Corporation
2026_ORULB_126907_4,BBLM-7/2025-26,"Laying of cover slab over drain of Ward No.11,13,14 and 15, Barbil Municipality","Laying of cover slab over drain of Ward No.11,13,14 and 15 Barbil Municipality",Works,Open Tender,Percentage,Civil Works - Others,No,No,NA ,09-Mar-2026 10:00 AM,NA ,90.0,No ,No,Online,20-Mar-2026 11:00 AM,Municipal Bodies||Barbil Municipality,Barbil,758035.0,2.0,"19,50,000",ABHIJIT NAIK,"2,045,527",Accepted-AOC,02-Jul-2026,Municipal Bodies||Barbil Municipality
2026_ORULB_125609_10,KNK-2(12)-2025-26,"Repairing of potholes and fixing of slabs over the drain in ward No -1,2,3 and 4","Repairing of potholes and fixing of slabs over the drain in ward No -1,2,3 and 4",Works,Open Tender,Percentage,Civil Works - Others,No,No,NA ,07-Feb-2026 12:00 PM,NA ,120.0,No ,No,Online,23-Feb-2026 11:30 AM,Municipal Bodies||Konark NAC,Konark NAC,752111.0,1.0,"17,98,643",SANATAN KANDI,"1,804,251.18",Accepted-AOC,29-Jul-2026,Municipal Bodies||Konark NAC
2026_EICCL_127567_1,SE R and B Divn NoI Bam 69 /2025-26,"Cosntruction of Upstair of OPD Building at K.A.T.S. Ayurvedic College and Hospital, Ankushpur, Berhampur in the District of Ganjam","Cosntruction of Upstair of OPD Building at K.A.T.S. Ayurvedic College and Hospital, Ankushpur, Berhampur in the District of Ganjam",Works,Open Tender,Percentage,Civil Works - Buildings,No,No,NA ,24-Mar-2026 06:00 PM,NA ,90.0,No ,No,Online,31-Mar-2026 11:30 AM,EIC-CIVIL||SERNB-CIRCLE-BERHAMPUR||EERNB-DIVN-GANJAM I,Berhampur,760005.0,1.0,"41,28,454",NAROTTAM SETHY,"3,043,083",Accepted-AOC,29-Jul-2026,EIC-CIVIL||SERNB-CIRCLE-BERHAMPUR||EERNB-DIVN-GANJAM I
2025_CERWI_122874_19,Tender Online RCK-20/25,Construction of Road from Srichandanpur chhak to Potia Tarini Chhak via Potia Harizon Sahi road under MMSY-TRIP in the Dist. of Kendrapara for the year 2025-26.,Construction of road works,Works,National Competitive Bid,Percentage,Civil Works - Roads,No,No,NA ,30-Dec-2025 02:30 PM,NA ,90.0,No ,No,Online,13-Jan-2026 11:00 AM,CE RW I||RWCIRCLE-KENDRAPARA,Kendrapara,754211.0,2.0,"4,54,37,933",ANANTA PRASAD MALIK,"45,437,932",Rejected-Technical,07-Jul-2026,CE RW I||RWCIRCLE-KENDRAPARA
2026_CERWI_127409_1,OnlineEERKL 33/2025-26,Construction of road Bankoba chowk to Simantoli (Jharkhand border),Construction of road Bankoba chowk to Simantoli (Jharkhand border),Works,Open Tender,Percentage,Civil Works - Bridges,No,No,NA ,19-Mar-2026 11:00 AM,NA ,180.0,No ,No,Online,08-Apr-2026 11:00 AM,CE RW I||RW-CIRCLE-SUNDARGARH||RW-Division-Sundargarh II,Sundergarh,769004.0,2.0,"74,70,722",AKASH PRASAD,"7,470,723",Rejected-Technical,02-Jul-2026,CE RW I||RW-CIRCLE-SUNDARGARH||RW-Division-Sundargarh II
2026_EICCL_127567_3,SE R and B Divn NoI Bam 69 /2025-26,"Annual repair of Govt.Polytechnic Berhampur staff quarter 1 to 8 such as providing plastic felt treatment ,plastering,inside and outside painting etc","Annual repair of Govt.Polytechnic Berhampur staff quarter 1 to 8 such as providing plastic felt treatment ,plastering,inside and outside painting etc",Works,Open Tender,Percentage,Civil Works - Buildings,No,No,NA ,24-Mar-2026 06:00 PM,NA ,90.0,No ,No,Online,31-Mar-2026 11:30 AM,EIC-CIVIL||SERNB-CIRCLE-BERHAMPUR||EERNB-DIVN-GANJAM I,Berhampur,760005.0,1.0,"11,43,709",Chinmaya Kumar Bisoyi,"651,914",Rejected-AOC,17-Jul-2026,EIC-CIVIL||SERNB-CIRCLE-BERHAMPUR||EERNB-DIVN-GANJAM I
2025_EICCL_116791_1,C.E. (B) - 20 / 2025-26,"Construction of CHC Building at Barapada, Bhadrak, Odisha.","Construction of CHC Building at Barapada, Bhadrak, Odisha.",Works,Open Tender,Percentage,Civil Works - Buildings,No,No,NA ,13-Aug-2025 02:00 PM,NA ,90.0,No ,No,Online,29-Aug-2025 11:30 AM,EIC-CIVIL,BHADRAK DIST.,756113.0,2.0,"16,66,89,797",ARUN KUMAR NAYAK,"149,020,679",Rejected-Finance,21-Jul-2026,EIC-CIVIL
2026_RMC_128133_1,MC/RMC/26/2026,"Renovation and construction of drain with approach road from MM 1 to MM 25 at Civil Township, Ward No. 09 under RMC, Rourkela",Works,Works,Open Tender,Percentage,Civil Works - Others,No,No,NA ,15-Apr-2026 06:00 PM,NA ,90.0,No ,No,Online,04-May-2026 10:00 AM,Rourkela Municipal Corporation,Rourkela,769012.0,1.0,"40,29,000",BIBHU BUSAN BEURA,"4,029,194.08",Rejected-Technical,08-Jul-2026,Rourkela Municipal Corporation
2026_ORULB_126636_17,BMC-EE-Tender Cell-73/2025-26 Dt. 25.02.2026,Construction of drain from plot no-79 to 88 and Utakal Dance School to plot no-88 in Ward No. 46,Construction of drain from plot no-79 to 88 and Utakal Dance School to plot no-88 in Ward No. 46,Works,Open Tender,Percentage,Civil Works - Others,No,No,NA ,28-Feb-2026 10:30 AM,05-Mar-2026 04:00 PM ,120.0,No ,No,Online,12-Mar-2026 11:00 AM,Municipal Bodies||Bhubaneswar Municipal Corporation,BMC AREA,751022.0,1.0,"16,80,425",SUBHASIS SINGH,"1,883,955",Rejected-Finance,02-Jul-2026,Municipal Bodies||Bhubaneswar Municipal Corporation
2025_CERWI_124035_2,Tender Online RCK-21/25,Construction of PWD Road to Karandipur under MMSY- Impvt. To Existing RD Roads in the Dist. of Jajpur for the year 2025-26.,Construction of road work,Works,National Competitive Bid,Percentage,Civil Works - Roads,No,No,NA ,31-Dec-2025 05:55 PM,NA ,90.0,No ,No,Online,31-Jan-2026 11:00 AM,CE RW I||RWCIRCLE-KENDRAPARA,Jajpur,755001.0,2.0,"8,25,44,187",BHARAT JENA,"70,170,814",Rejected-Finance,22-Jul-2026,CE RW I||RWCIRCLE-KENDRAPARA
2026_CERWI_128658_1,Online 01 of 2026-27,Construction of Boundary wall (balance Length) of the R.I Office Cum Residence building at T.Gandpali of Bijepur Block in the distruct of Bargarh for the year 2025-26_Building,Construction of Boundary wall (balance Length) of the R.I Office Cum Residence building at T.Gandpali of Bijepur Block in the distruct of Bargarh for the year 2025-26_Building,Works,Open Tender,Percentage,Civil Works - Buildings,No,No,NA ,30-Apr-2026 10:00 AM,NA ,90.0,No ,No,Online,08-May-2026 10:00 AM,CE RW I||RWCIRCLE-SAMBALPUR||RWDIVISION-PADMAPUR,Padampur,768036.0,1.0,"4,13,565",Arati Sahu,"305,211",Rejected-Technical,01-Jul-2026,CE RW I||RWCIRCLE-SAMBALPUR||RWDIVISION-PADMAPUR
2026_CEMIB_129607_6,SECMID_03/2026-27,Improvement to Headwork of Jantaraia MIP(Diversion Weir) in Narasinghpur Block of Cuttack District under Improvement to Diversion Weir Scheme for the year 2026-27.,Improvement to Headwork of Jantaraia MIP(Diversion Weir) in Narasinghpur Block of Cuttack District under Improvement to Diversion Weir Scheme for the year 2026-27.,Works,Open Tender,Percentage,Civil Works - Canal,No,No,NA ,22-May-2026 10:00 AM,NA ,90.0,No ,No,Online,01-Jun-2026 11:00 AM,"CE,Minor Irrigation,BBSR||SECMIC-BHUBANESWAR||CUTTACK",Narasinghpur,754032.0,2.0,"51,98,007",ABHAYA BHUSAN SAHOO,"5,198,007",Rejected-Finance,30-Jul-2026,"CE,Minor Irrigation,BBSR||SECMIC-BHUBANESWAR||CUTTACK"
2026_PRNAK_128486_1,eProcurement Notice No. (PSNKD)01/2026-27 Latter No 1402 Dt. 24.04.2026,Const. of Addl. Class Room at Bapuji Higher Secondary School Daincha,Const. of Addl. Class Room at Bapuji Higher Secondary School Daincha,Works,Open Tender,Percentage,Civil Works - Buildings,No,No,NA ,30-Apr-2026 09:00 AM,NA ,90.0,No ,No,Online,15-May-2026 09:00 AM,Panchayati Raj and Drinking Water Department Odisha||Zilla Parisad Sambalpur||NAKTIDEUL Block,Nktideul,768118.0,1.0,"14,74,721",AKSHYA KUMAR NAYAK,"1,474,721",Rejected-AOC,17-Jul-2026,Panchayati Raj and Drinking Water Department Odisha||Zilla Parisad Sambalpur||NAKTIDEUL Block
2026_ORULB_127814_9,MC(CMC)CTC_Div-IIiNo2/2026-27,Construction of Mini park near Circuit house in ward no 34,Construction of Mini park near Circuit house in ward no 34,Works,Open Tender,Percentage,Civil Works - Others,No,No,NA ,27-Apr-2026 02:00 PM,NA ,105.0,No ,No,Online,13-May-2026 10:00 AM,Municipal Bodies||Cuttack Municipal Corporation,CMC,753001.0,1.0,"31,41,462",AMITABH SWAIN,"3,138,320",Rejected-AOC,27-Jul-2026,Municipal Bodies||Cuttack Municipal Corporation
2026_CEMIB_125335_2,Addl. C.E BMIC No.- 04/BMIC/2025-26,Construction of Sunamuhin Check Dam over local Nalla near village Sunamuhin in Jashipur Block of Mayurbhanj District under MATY Scheme for the year 2025-26.,Construction of Sunamuhin Check Dam over local Nalla near village Sunamuhin in Jashipur Block of Mayurbhanj District under MATY Scheme for the year 2025-26.,Works,Open Tender,Percentage,Civil Works - Others,No,No,NA ,02-Feb-2026 10:00 AM,NA ,90.0,No ,No,Online,17-Feb-2026 11:00 AM,"CE,Minor Irrigation,BBSR||Baripada Minor Irrigation Circle Baripada","Jashipur, Mayurbhanj",757034.0,2.0,"1,15,14,771",Budhiram Murmu,"9,454,778",Accepted-AOC,18-May-2026,"CE,Minor Irrigation,BBSR||Baripada Minor Irrigation Circle Baripada"
2025_CERWI_120972_39,EEPTNG-online-12/2025-26,S/R toS/R to Bridge over Subarnarekha nallah at 2nd KM on Ghechepali to Baglabandha road for the year 2025-26,S/R to Bridge over Subarnarekha nallah at 2nd KM on Ghechepali to Baglabandha road for the year 2025-26,Works,Open Tender,Percentage,Civil Works - Bridges,No,No,NA ,10-Nov-2025 06:55 PM,NA ,90.0,No ,No,Online,24-Nov-2025 11:00 AM,CE RW I||RWCIRCLE-BALANGIR||RW Division Patnagarh,Patnagarh,767025.0,1.0,"12,71,000",ABHISHEK SARAF,"1,081,076.09",Rejected-Finance,01-Jul-2026,CE RW I||RWCIRCLE-BALANGIR||RW Division Patnagarh
2026_ORULB_127986_2,TCRM-02/2026-27,Construction of CC drain from Bijay Das house towards Debasis Mohanty house in W.No.12,Construction of CC drain from Bijay Das house towards Debasis Mohanty house in W.No.12,Works,Open Tender,Percentage,Civil Works - Others,No,No,NA ,09-Apr-2026 04:00 PM,NA ,120.0,No ,No,Online,20-Apr-2026 11:00 AM,Municipal Bodies||Talcher Municipal Council,Talcher Municipality Office,759107.0,1.0,"5,22,000",M/S MANGALA ENGINEERING CONSTRUCTION AND CO,"522,000",Rejected-AOC,22-Jul-2026,Municipal Bodies||Talcher Municipal Council
2026_CEBMB_128949_18,SE-HID-ADV-02/2026-27,"M/R to Mochkipodar minor, Lachmanguda Minor,Lachmanguda S/M I, Lachmanguda S/M II, Gopinathpur Minor, Khilingrai Minor, Baghsola S/M I, Baghsola S/M II off taking from Sri RampurBranch Canal of B.I.P.",DESILTING OF CANAL,Works,National Competitive Bid,Percentage,Civil Works - Others,No,No,NA ,11-May-2026 11:00 AM,NA ,90.0,No ,No,Online,25-May-2026 11:00 AM,"CE-BM,RVN Basin,Berhampur||SE Southern Irr Circle II Paralakhemundi||EE Harabhangi Irr Divn Adava",ADAVA,761217.0,1.0,"7,70,916",Abani Ranjan Panigrahi,"770,916",Rejected-AOC,23-Jun-2026,"CE-BM,RVN Basin,Berhampur||SE Southern Irr Circle II Paralakhemundi||EE Harabhangi Irr Divn Adava"
2025_CERWI_124035_10,Tender Online RCK-21/25,Construction of Haradabahali Chhak to Kanakhai under MMSY-CMRL in the Dist. of Jajpur for the year 2025-26.,Construction of road work,Works,National Competitive Bid,Percentage,Civil Works - Roads,No,No,NA ,02-Jan-2026 05:30 PM,NA ,90.0,No ,No,Online,31-Jan-2026 11:00 AM,CE RW I||RWCIRCLE-KENDRAPARA,Jajpur,755001.0,2.0,"2,50,25,992",BASANTA KUMAR MISHRA,"21,274,595",Rejected-Finance,14-Jul-2026,CE RW I||RWCIRCLE-KENDRAPARA
2026_STSCD_125431_9,ITDAKPD-04/2025-26,Const. of 2 Nos. Staff Qrs. at Katuria Ashram School under Kaptipada Block,Const. of 2 Nos. Staff Qrs. at Katuria Ashram School under Kaptipada Block,Works,National Competitive Bid,Percentage,Civil Works - Buildings,No,No,NA ,12-Feb-2026 10:00 AM,NA ,90.0,No ,No,Online,23-Feb-2026 11:00 AM,ST and SC Development Deptt||ITDA Kaptipada,Kaptipada,757041.0,1.0,"25,88,690",Abhay Kumar Jena,"1,840,559",Rejected-AOC,12-Jul-2026,ST and SC Development Deptt||ITDA Kaptipada
2026_CEBMB_128949_24,SE-HID-ADV-02/2026-27,"M/R to Jaripanga S/M, Sourasingpur S/M,Akhusingi S/M -I,Akhusingi S/M-II,Bahupadar S/M-I,Bahupadar S/M -II, Ramachandraguda Minor Canal of B.I. P",DESILTING OF CANAL,Works,National Competitive Bid,Percentage,Civil Works - Others,No,No,NA ,11-May-2026 11:00 AM,NA ,90.0,No ,No,Online,25-May-2026 11:00 AM,"CE-BM,RVN Basin,Berhampur||SE Southern Irr Circle II Paralakhemundi||EE Harabhangi Irr Divn Adava",ADAVA,761217.0,1.0,"5,33,709",Abani Ranjan Panigrahi,"533,709",Rejected-AOC,23-Jun-2026,"CE-BM,RVN Basin,Berhampur||SE Southern Irr Circle II Paralakhemundi||EE Harabhangi Irr Divn Adava"
2026_OLIC_127841_41,BID ID NO. 10/Dt.04.04.2026,INSTALLATION AND ENERGISATION OF PATILO TW LI PROJECT,INSTALLATION AND ENERGISATION OF PATILO TW LI PROJECT,Works,Open Tender,Percentage,Civil Works - Lift Irrigation Schemes,No,No,NA ,08-Apr-2026 10:00 AM,NA ,365.0,No ,No,Online,22-Apr-2026 10:00 AM,"Orissa Lift Irrigation Corporation||LI,Central Circle, Cuttack||LI Division Cuttack",TIRTOL BLOCK,754001.0,1.0,"18,92,029",ALOK KUMAR SETHY,"1,892,029",Rejected-Technical,21-Jul-2026,"Orissa Lift Irrigation Corporation||LI,Central Circle, Cuttack||LI Division Cuttack"
2026_CEBMB_128949_30,SE-HID-ADV-02/2026-27,Construction of C.C Lining of left Distributary in between RD 9700m to 9800m of HIP,MAINTENANCE WORK,Works,National Competitive Bid,Percentage,Civil Works - Others,No,No,NA ,11-May-2026 11:00 AM,NA ,90.0,No ,No,Online,25-May-2026 11:00 AM,"CE-BM,RVN Basin,Berhampur||SE Southern Irr Circle II Paralakhemundi||EE Harabhangi Irr Divn Adava",ADAVA,761217.0,1.0,"8,31,552",B RAKESH PATRA,"705,156",Accepted-AOC,22-Jul-2026,"CE-BM,RVN Basin,Berhampur||SE Southern Irr Circle II Paralakhemundi||EE Harabhangi Irr Divn Adava"
2026_PHEO_126529_2,NIT No.15 of 2025-26 Dtd.06.02.2026,"Construction ESR and other ancillary work for zone 3 in Balimela NAC under State Plan, D.No.13-4215 SUJALA for the Year 2024-25","Construction ESR and other ancillary work for zone 3 in Balimela NAC under State Plan, D.No.13-4215 SUJALA for the Year 2024-25",Works,National Competitive Bid,Percentage,Civil Works - Water Works,No,No,NA ,25-Feb-2026 11:00 AM,NA ,120.0,No ,No,Online,10-Mar-2026 11:00 AM,PHEO||PH Circle Bhawanipatna||PH Division Koraput,Balimela,764051.0,2.0,"2,79,66,334",KSHIROD CHANDRA PRADHAN,"22,342,304",Rejected-Finance,31-Jul-2026,PHEO||PH Circle Bhawanipatna||PH Division Koraput
2026_EICCL_127659_1,SE DKL (R and B) 42/ 2025-26,"Supply, Installation, Testing, and commissioning of 250KVA Disel generator set with AMF Control panel at Civil court Dhenkanal for the year 2025-26","Supply, Installation, Testing, and commissioning of 250KVA Disel generator set with AMF Control panel at Civil court Dhenkanal for the year 2025-26",Works,Open Tender,Percentage,Electrical Works,No,No,NA ,27-Mar-2026 09:00 AM,NA ,90.0,No ,No,Online,08-Apr-2026 11:00 AM,EIC-CIVIL||SERNB-CIRCLE-DHENKANAL||EERNB-DIVN-DHENKANAL,Dhenkanal,759001.0,1.0,"38,37,080",MAHIMA ENTERPRISES,"3,837,080",Rejected-AOC,22-Jul-2026,EIC-CIVIL||SERNB-CIRCLE-DHENKANAL||EERNB-DIVN-DHENKANAL
2026_EICCL_127131_1,S.E.-KHD-(RandB)-46 /2025-26,S/R to ULB Road of Jatni Municipality such as Construction of RCC Drain from Khordha Jatni-Pipili Road to Biswanath Colony via Sriram Nagar.,S/R to ULB Road of Jatni Municipality such as Construction of RCC Drain from Khordha Jatni-Pipili Road to Biswanath Colony via Sriram Nagar.,Works,Open Tender,Percentage,Civil Works - Roads,No,No,NA ,11-Mar-2026 12:00 PM,NA ,90.0,No ,No,Online,23-Mar-2026 11:30 AM,EIC-CIVIL||SERNB-CIRCLE-KHURDA||EERNB DIVN KHURDA,Khordha,752056.0,1.0,"33,64,732",AMEEYA BHUJABAL,"2,581,086",Rejected-AOC,25-Jun-2026,EIC-CIVIL||SERNB-CIRCLE-KHURDA||EERNB DIVN KHURDA
2026_ORULB_128734_31,SNP-MUN-37/2026-27,Restoration road and drain from kanhu charan naik to shiba das w.no-11,Restoration road and drain from kanhu charan naik to shiba das w.no-11,Works,Open Tender,Percentage,Civil Works - Others,No,No,NA ,05-May-2026 11:00 AM,NA ,60.0,No ,No,Online,16-May-2026 11:00 AM,Municipal Bodies||Sonepur Municipal Council,Sonepur Municipality,767017.0,1.0,"3,52,370",BIKRAM KUMAR AGRAWAL,"347,621",Rejected-Technical,26-Jul-2026,Municipal Bodies||Sonepur Municipal Council
2025_OHPCL_123764_1,RHEP/ TCN No.-50/2025-26,"Roof treatment of Power House Main building by using Super ThermoLay APP membrane at RHEP, Rengali.","Roof treatment of Power House Main building by using Super ThermoLay APP membrane at RHEP, Rengali.",Works,Open Tender,Percentage,Civil Works - Others,No,No,NA ,24-Dec-2025 10:10 AM,NA ,120.0,No ,No,Online,08-Jan-2026 11:30 AM,Odisha Hydro Power Corporation Ltd||Rengali H.E. Project Rengali,"RHEP, Rengali",759105.0,2.0,,AJAYA KUMAR BEHERA,"5,643,404",Rejected-Technical,06-Jul-2026,Odisha Hydro Power Corporation Ltd||Rengali H.E. Project Rengali
2026_EICCL_124202_1,SE RandB BDK-30/2025-26-1,Construction of Box Cell Culvert of size 1 x 4.00mm x 3.00m at 8.160km of Bonth-Mohantypada road for the year 2025-26,Construction of Box Cell Culvert of size 1 x 4.00mm x 3.00m at 8.160km of Bonth-Mohantypada road for the year 2025-26,Works,Open Tender,Percentage,Civil Works - Others,No,No,NA ,05-Jan-2026 02:00 PM,NA ,90.0,No ,No,Online,13-Jan-2026 11:30 AM,EIC-CIVIL||SERNB-CIRCLE-EASTERN||EERNB-DIVN-BHADRAK,Bhadrak,756100.0,1.0,,ANIL KUMAR PATRA,"3,650,559.7",Accepted-AOC,08-Jul-2026,EIC-CIVIL||SERNB-CIRCLE-EASTERN||EERNB-DIVN-BHADRAK
2026_ORULB_128734_25,SNP-MUN-37/2026-27,RESTORATION OF DRAIN AND ROAD FROM ASHOK NAIK TO BHAGABATI TEMPLE AND IN WARD NO-11,RESTORATION OF DRAIN AND ROAD FROM ASHOK NAIK TO BHAGABATI TEMPLE AND IN WARD NO-11,Works,Open Tender,Percentage,Civil Works - Others,No,No,NA ,05-May-2026 11:00 AM,NA ,60.0,No ,No,Online,16-May-2026 11:00 AM,Municipal Bodies||Sonepur Municipal Council,Sonepur Municipality,767017.0,1.0,"3,39,474",BIKRAM KUMAR AGRAWAL,"339,473",Accepted-AOC,27-Jul-2026,Municipal Bodies||Sonepur Municipal Council
2026_OSCSC_127196_1,686/Dated - 10/03/2026,Selection and appointment of Handling Contractor for Handling of Food grains at the RRCs for the Biennial year 2025-27.,Selection and appointment of Handling Contractor for Handling of Food grains at the RRCs for the Biennial year 2025-27.,Services,Open Tender,Percentage,Handling and Transportation,No,No,NA ,14-Mar-2026 10:00 AM,17-Mar-2026 11:00 AM ,180.0,No ,No,Online,06-Apr-2026 04:00 PM,Odisha State Civil Supplies Corp. Ltd.||CSO cum DM Keonjhar,for Keonjhar District,758001.0,2.0,"2,16,85,407",BIJAY CHANDRA RANA,"22,183,948",Rejected-Technical,03-Jul-2026,Odisha State Civil Supplies Corp. Ltd.||CSO cum DM Keonjhar
2026_CERWI_130202_1,RWKHR-01/2026-27(ONLINE),RD Road to Podpada Road,RD Road to Podpada Road,Works,Open Tender,Percentage,Civil Works - Roads,No,No,NA ,30-May-2026 04:00 PM,NA ,90.0,No ,No,Online,11-Jun-2026 11:00 AM,CE RW I||RWCIRCLE-BHAWANIPATNA||RW Division Khariar,Khariar,766107.0,2.0,"61,67,610",ABHISEK MEHER,"6,161,443",Accepted-AOC,31-Jul-2026,CE RW I||RWCIRCLE-BHAWANIPATNA||RW Division Khariar
2026_RMC_128699_3,MC/RMC/29/2026,"Construction of road and cover slab from JF 361 to Ashram near Khadan, Jagda in Ward no. 37",Works,Works,Open Tender,Percentage,Civil Works - Others,No,No,NA ,02-May-2026 06:00 PM,NA ,90.0,No ,No,Online,18-May-2026 09:00 AM,Rourkela Municipal Corporation,Rourkela,769012.0,1.0,"16,37,000",MAA SAMALEI TRADERS,"1,637,068.61",Accepted-AOC,10-Jul-2026,Rourkela Municipal Corporation
2026_PRZB_128475_7,PS-LNJ-T-1/2026-27,Construction of Addl. Class room at Govt. PS Katodghati in Lanjigarh Block,Building,Works,Open Tender,Percentage,Civil Works - Buildings,No,No,NA ,28-Apr-2026 11:00 AM,NA ,90.0,No ,No,Online,13-May-2026 11:00 AM,Panchayati Raj and Drinking Water Department Odisha||Zilla Parisad Kalahandi||LANJIGARH Block,Lanjigarh,766027.0,1.0,"14,64,445",BHAWANI SHANKAR PATTNAIK,"1,307,749",Rejected-Finance,18-Jul-2026,Panchayati Raj and Drinking Water Department Odisha||Zilla Parisad Kalahandi||LANJIGARH Block
2026_CEBMB_128759_14,e-CHID-01/2026-27,Improvement to Left Main canal 3 nos. well syphon at RD 2750m of Ghodahada Irrigation Project.,Improvement of Canal system,Works,Open Tender,Percentage,Civil Works - Canal,No,No,NA ,06-May-2026 10:00 AM,NA ,90.0,No ,No,Online,22-May-2026 11:30 AM,"CE-BM,RVN Basin,Berhampur||S.E. Southern Irr. Circle I Berhampur||EE Chikiti Irrigation Divn Berhampur",Berhampur,760004.0,1.0,"13,11,000",BIJAYA KUMAR SAHU,"1,310,969",Accepted-AOC,24-Jul-2026,"CE-BM,RVN Basin,Berhampur||S.E. Southern Irr. Circle I Berhampur||EE Chikiti Irrigation Divn Berhampur"
2025_CERWI_123050_15,NCB-32/RWCKJR/2025-26,Construction of NH-20 to Chhotusahi (Kasipal) via-Triveni chhaka (Balibandha) road under MMSY-TRIP in the District of Keonjhar.,Construction of NH-20 to Chhotusahi (Kasipal) via-Triveni chhaka (Balibandha) road under MMSY-TRIP in the District of Keonjhar.,Works,National Competitive Bid,Percentage,Civil Works - Roads,No,No,NA ,13-Dec-2025 03:50 PM,NA ,90.0,No ,No,Online,30-Dec-2025 11:00 AM,CE RW I||RWCIRCLE-KEONJHAR,Keonjhar,758001.0,2.0,"3,27,02,084",DILESWAR PRADHAN,"35,969,021.42",Rejected-AOC,31-Jul-2026,CE RW I||RWCIRCLE-KEONJHAR
2025_ORULB_115568_74,BM-BDK-05-2025-26,Construction of Paver Road from Mir Sajjad house towards Madrasa in ward No.29.,Construction of Paver Road from Mir Sajjad house towards Madrasa in ward No.29.,Works,Open Tender,Percentage,Civil Works - Others,No,No,NA ,24-Jul-2025 10:00 AM,NA ,90.0,No ,No,Online,04-Aug-2025 11:00 AM,Municipal Bodies||Bhadrak Municipality,Bhadrak Municipality,756100.0,1.0,"12,77,671",Dillip Kumar Sethy,"1,199,733",Rejected-AOC,06-Jul-2026,Municipal Bodies||Bhadrak Municipality
2026_PRBC_133595_1,CTPPS-01/2026-27,Const. of Additional Class Room Building At Badamadhapur UPS,Const. of Additional Class Room Building At Badamadhapur UPS,Works,Open Tender,Percentage,Civil Works - Buildings,No,No,NA ,29-Jun-2026 11:15 AM,NA ,365.0,No ,No,Online,07-Jul-2026 11:15 AM,Panchayati Raj and Drinking Water Department Odisha||Zilla Parisad Ganjam||CHATRAPUR Block,BLOCK OFFICE CHATRAPUR,761020.0,1.0,"13,22,358",Hina behera,"1,322,358.77",Accepted-AOC,29-Jul-2026,Panchayati Raj and Drinking Water Department Odisha||Zilla Parisad Ganjam||CHATRAPUR Block
2026_OSCMF_124183_6,MARKFED/05/2025-26,Repair of 4x500 MT godown toilet and construction of CC approach road at Salepur,Repair of 4x500 MT godown toilet and construction of CC approach road at Salepur,Works,Open Tender,Item Rate,Civil Works - Buildings,No,No,NA ,05-Jan-2026 11:00 AM,NA ,90.0,No ,No,Online,02-Feb-2026 12:00 PM,Odisha State Co-operative Marketing Federation Ltd,Salepur,751006.0,1.0,"46,14,098",AKSHAYA KUMAR SETH,"4,628,485",Rejected-Technical,08-Jun-2026,Odisha State Co-operative Marketing Federation Ltd
2026_ORULB_126613_4,MC(CMC)CTC_Div-IINo.36/2025-26,S/R to road from Purighat Bauri Sahi Basti to end of Lane in Ward No. 28.,S/R to road from Purighat Bauri Sahi Basti to end of Lane in Ward No. 28.,Works,Open Tender,Percentage,Civil Works - Others,No,No,NA ,25-Mar-2026 02:00 PM,NA ,90.0,No ,No,Online,09-Apr-2026 11:00 AM,Municipal Bodies||Cuttack Municipal Corporation,CMC,753012.0,1.0,"7,65,300",PRASANA KUMAR BEHERA,"765,272",Rejected-AOC,21-Jul-2026,Municipal Bodies||Cuttack Municipal Corporation
2026_ORULB_125759_23,BLGR MPTY/10(01-60)/2025-26,"Construction of Paver Blok Road and Drain with cover Slab from Dadhibahan Pradahan res to Kailash Swain res,W.No.3",Road and Drain with Cover Slab Work,Works,Open Tender,Percentage,Civil Works - Roads,No,No,NA ,10-Feb-2026 11:00 AM,NA ,180.0,No ,No,Online,05-Mar-2026 11:00 AM,Municipal Bodies||Balangir Municipality,Balangir,767001.0,1.0,"15,23,705",MANABHANJAN PADHI,"1,522,181.62",Accepted-AOC,22-Jul-2026,Municipal Bodies||Balangir Municipality
2025_ORULB_115623_26,JM-01/2025-26,Special repair of Storm water drain near Railway Station Pond Ward No12 Joda Municipality 15th FC Untied,WORKS,Works,Open Tender,Percentage,Civil Works - Others,No,No,NA ,17-Jul-2025 10:00 AM,NA ,120.0,No ,No,Online,31-Jul-2025 11:00 AM,Municipal Bodies||Joda Municipality,JODA MUNICIPALITY AT PO BANEIKALA JODA KEONJHAR,758038.0,1.0,"4,23,842",BHAGYADHAR SETHY,"500,000",Accepted-AOC,23-Jul-2026,Municipal Bodies||Joda Municipality
2026_EICCL_127445_1,SE PKD RandB DIVN 22/2025 26,"Supply, Installation, Testing and Commissioning of Fire Fighting system at DHH, Paralakhemundi, Gajapati as per order No. 2231 Dt. 28.01.2026 of DHSO Buildings.","Supply, Installation, Testing and Commissioning of Fire Fighting system at DHH, Paralakhemundi, Gajapati as per order No. 2231 Dt. 28.01.2026 of DHSO Buildings.",Works,Open Tender,Percentage,Electrical Works,No,No,NA ,24-Mar-2026 10:00 AM,NA ,90.0,No ,No,Online,08-Apr-2026 12:00 PM,EIC-CIVIL||SERNB-CIRCLE-RAYAGADA||EERNB DIVN PARALAKHEMUNDI,Paralakhemundi,761200.0,1.0,"20,13,512",KIKSHORE MOHAN PANI,"2,013,512",Rejected-AOC,06-Jul-2026,EIC-CIVIL||SERNB-CIRCLE-RAYAGADA||EERNB DIVN PARALAKHEMUNDI
2026_CERWI_129599_1,Online Tender 01 RWD SBD 2026 27,SR to Fire Station office building at Lamtaput for the year 2026-27_building,SR to Fire Station office building at Lamtaput for the year 2026-27_building,Works,Open Tender,Percentage,Civil Works - Buildings,No,No,NA ,22-May-2026 11:00 AM,NA ,90.0,No ,No,Online,05-Jun-2026 11:00 AM,CE RW I||RWCIRCLE-SUNABEDA||RWDIVISION-SUNABEDA,Sunabeda,763001.0,1.0,"4,23,644",JOGENDRA KHARA,"360,140",Rejected-AOC,12-Jul-2026,CE RW I||RWCIRCLE-SUNABEDA||RWDIVISION-SUNABEDA
2026_EICCL_124818_1,SE R and B Divn NoI Bam 54/2025-26,Shifting of LT/HT line due to improvement such as widening and strengthening of road from Goudagaon to Bramarpur in the district of Ganjam under the state plan,Shifting of LT/HT line due to improvement such as widening and strengthening of road from Goudagaon to Bramarpur in the district of Ganjam under the state plan,Works,Open Tender,Percentage,Electrical Works,No,No,NA ,19-Jan-2026 05:00 PM,NA ,90.0,No ,No,Online,27-Jan-2026 11:30 AM,EIC-CIVIL||SERNB-CIRCLE-BERHAMPUR||EERNB-DIVN-GANJAM I,Ganjam,760005.0,1.0,"1,62,451",M/s Maheswari Electrical,"168,641",Accepted-AOC,21-Jul-2026,EIC-CIVIL||SERNB-CIRCLE-BERHAMPUR||EERNB-DIVN-GANJAM I
2025_EICCL_120317_6,CCE (R and B) BGR-10-2025-26,"IMPROVEMENT OF SINAPALI TO GHATIPADA VIA BHELLA, DARLIPADA, BHALUKANA, LATKANPADA ROAD FROM 73/940 KM TO 96/664 (LHS) IN THE DISTRICT OF NUAPADA FOR THE YEAR 2025-26",Road Work,Works,National Competitive Bid,Percentage,Civil Works - Roads,No,No,NA ,30-Oct-2025 06:55 PM,NA ,90.0,No ,No,Online,15-Nov-2025 11:00 AM,EIC-CIVIL||SERNB-CIRCLE-BOLANGIR,khariar,766107.0,2.0,"9,90,95,690",ANUP BUILDERS,"84,241,246",Rejected-Finance,09-May-2026,EIC-CIVIL||SERNB-CIRCLE-BOLANGIR
2025_OLIC_123977_28,OLIC-BPT-05/2025-26 Dt.24.12.2025,INSTALLATION AND ENERGISATION OF NAGJHERI-I L.I. PROJECT UNDER M.RAMPUR BLOCK IN KALAHANDI DISTRICT OUT OF RIDF-2025-26,INSTALLATION AND ENERGISATION OF NAGJHERI-I L.I. PROJECT UNDER M.RAMPUR BLOCK IN KALAHANDI DISTRICT OUT OF RIDF-2025-26,Works,National Competitive Bid,Percentage,Civil Works - Lift Irrigation Schemes,No,No,NA ,01-Jan-2026 11:00 AM,NA ,90.0,No ,No,Online,31-Jan-2026 11:00 AM,Orissa Lift Irrigation Corporation||LI Western Circle Bhawanipatna||LI Division Bhawanipatna,M.RAMPUR,766102.0,1.0,"34,08,364",ABHINANDAN PANDA,"2,897,450",Rejected-Finance,28-Apr-2026,Orissa Lift Irrigation Corporation||LI Western Circle Bhawanipatna||LI Division Bhawanipatna
2025_RWSS_113897_3,BID NO 07 OF 2025- 26,"Supply all materials labour T and P erection testing and commissioning of external power supply to village Guniabahal_Source, Barjhula_Source, Champasar_Source under Patnagarh Block in Balangir District","Supply all materials labour T and P erection testing and commissioning of external power supply to village Guniabahal_Source, Barjhula_Source, Champasar_Source under Patnagarh Block in Balangir District",Works,National Competitive Bid,Percentage,Electrical Works,No,No,NA ,28-May-2025 06:00 PM,NA ,90.0,No ,No,Online,06-Jun-2025 11:00 AM,Rural Water Supply and Sanitation||RWSS Circle Bolangir||RWSS Division Bolangir,Village Guniabahal under Patnagarh Block,767025.0,1.0,"27,03,504",MAA BHUBANESWARI ELECTRICALS,"2,298,249",Rejected-Finance,18-Jul-2026,Rural Water Supply and Sanitation||RWSS Circle Bolangir||RWSS Division Bolangir
2026_OLIC_131612_1,Bid Id No. 14/Dt. 08.06.26,INSTALLATION AND ENERGISATION OF KHANDEITA-IV TW LI PROJECT,INSTALLATION AND ENERGISATION OF KHANDEITA-IV TW LI PROJECT,Works,Open Tender,Percentage,Civil Works - Lift Irrigation Schemes,No,No,NA ,10-Jun-2026 10:00 AM,NA ,365.0,No ,No,Online,22-Jun-2026 10:00 AM,"Orissa Lift Irrigation Corporation||LI,Central Circle, Cuttack||LI Division Cuttack",CUTTACK SADAR,754001.0,1.0,"17,44,147",PITAMBAR MOHANTY,"1,744,147",Accepted-AOC,21-Jul-2026,"Orissa Lift Irrigation Corporation||LI,Central Circle, Cuttack||LI Division Cuttack"
2025_ORULB_115242_3,DKL MPLTY/03 /2025-26,Constn. of Community Centre at Hata Road in ward no. 22,AS per DTCN,Works,Open Tender,Percentage,Civil Works - Others,No,No,NA ,09-Jul-2025 11:00 AM,NA ,120.0,No ,No,Online,19-Jul-2025 11:00 AM,Municipal Bodies||Dhenkanal Municipality,Dhenkanal,759001.0,1.0,"9,32,554",NARESH MALLIK,"932,288",Rejected-Finance,18-Jul-2026,Municipal Bodies||Dhenkanal Municipality
2026_CEBBS_129136_13,SE-AID-2/2026-27,Improvement to Santri Minor in between RD 3850m to 4250m of Derjang Irrigation Project.,Improvement to Santri Minor in between RD 3850m to 4250m of Derjang Irrigation Project.,Works,Open Tender,Percentage,Civil Works - Canal,No,No,NA ,13-May-2026 11:00 AM,NA ,90.0,No ,No,Online,25-May-2026 09:00 AM,CE and BM Brahmani Basin Samal||SE Angul Irrigation Circle Angul||EE Angul Irrigation Division Angul,Angul,759143.0,1.0,,AJIT PRASAD DWIVEDY,"1,210,011",Rejected-Finance,23-Jun-2026,CE and BM Brahmani Basin Samal||SE Angul Irrigation Circle Angul||EE Angul Irrigation Division Angul
2026_ORULB_127820_31,MC(CMC)CTC_Div-IIINo4/2026-27,Devlopment of Hadabai Thakurani Playground with electrification in ward no 58.,Devlopment of Hadabai Thakurani Playground with electrification in ward no 58.,Works,Open Tender,Percentage,Civil Works - Others,No,No,NA ,12-May-2026 02:00 PM,NA ,105.0,No ,No,Online,28-May-2026 10:00 AM,Municipal Bodies||Cuttack Municipal Corporation,CMC,753012.0,1.0,"42,01,729",ABHIJIT KUMAR BEHERA,"4,201,728.65",Rejected-AOC,25-Jul-2026,Municipal Bodies||Cuttack Municipal Corporation
2026_CEBBS_129136_12,SE-AID-2/2026-27,Improvement to Santri Sub-Minor-II in between RD 00m to 150m of Derjang Irrigation Project.,Improvement to Santri Sub-Minor-II in between RD 00m to 150m of Derjang Irrigation Project.,Works,Open Tender,Percentage,Civil Works - Canal,No,No,NA ,13-May-2026 11:00 AM,NA ,90.0,No ,No,Online,25-May-2026 09:00 AM,CE and BM Brahmani Basin Samal||SE Angul Irrigation Circle Angul||EE Angul Irrigation Division Angul,Angul,759143.0,1.0,,MRUTYUNJAYA SAHU,"676,492",Rejected-Finance,23-Jun-2026,CE and BM Brahmani Basin Samal||SE Angul Irrigation Circle Angul||EE Angul Irrigation Division Angul
2026_WTDSM_129838_1,04/GM/WATCO/BPD/2026-27,"Construction, Testing and commissioning of the 1.00 ML Capacity RCC UGR at 9 MLD WTP Belgadia Under WATCO Division Baripada in Mayurbhanj district","Construction, Testing and commissioning of the 1.00 ML Capacity RCC UGR at 9 MLD WTP Belgadia Under WATCO Division Baripada in Mayurbhanj district",Works,Open Tender,Percentage,Civil Works - Others,No,No,NA ,26-May-2026 03:00 PM,NA ,90.0,No ,No,Online,11-Jun-2026 12:30 PM,WATCO Bhubaneswar||Director (Operation) Watco||WATCO Division Sambalpur,"Baripada,Mayurbhanj",757001.0,2.0,"62,50,000",BALAJI CONTECH PROJECTS PVT LTD,"4,743,125",Rejected-Technical,31-Jul-2026,WATCO Bhubaneswar||Director (Operation) Watco||WATCO Division Sambalpur
2026_EICCL_127539_1,S.E(R and B)-MLK-27/2025-26,SITC of Fire Fighting System including Aerosol based Fire Suppression System 82.5 KVA DG Set and Lightning Arrester in CHC Korukonda of Malkangiri District during 2025-26.,ELECTRICAL WORK,Works,Open Tender,Percentage,Fire & Safety,No,No,NA ,24-Mar-2026 09:00 AM,NA ,90.0,No ,No,Online,06-Apr-2026 11:00 AM,EIC-CIVIL||SERNB-CIRCLE-JEYPORE||EERNB-DIVN-MALKANGIRI,MALKANGIRI,764045.0,1.0,,BISWANATH TRIPATHY,"2,697,078",Not Admitted-Fee/PreQual/Technical/Finance,31-Jul-2026,EIC-CIVIL||SERNB-CIRCLE-JEYPORE||EERNB-DIVN-MALKANGIRI
2025_RWSS_113897_2,BID NO 07 OF 2025- 26,Supply all materials labour T and P erection testing and commissioning of external power supply to village Jaliabahal_UGR under Khaprakhol Block in Balangir District,Supply all materials labour T and P erection testing and commissioning of external power supply to village Jaliabahal_UGR under Khaprakhol Block in Balangir District,Works,National Competitive Bid,Percentage,Electrical Works,No,No,NA ,28-May-2025 06:00 PM,NA ,90.0,No ,No,Online,06-Jun-2025 11:00 AM,Rural Water Supply and Sanitation||RWSS Circle Bolangir||RWSS Division Bolangir,Village Jaliabahal under Khaprakhol Block,767028.0,1.0,"8,90,999",MAA BHUBANESWARI ELECTRICALS,"757,438",Rejected-Finance,18-Jul-2026,Rural Water Supply and Sanitation||RWSS Circle Bolangir||RWSS Division Bolangir
2025_CERWI_122464_2,RWCCESNG-18 of 2025-26,Improvement to Road from Sunari Chhak to Balanda under MMSY- Improvement to Exiting RD Road in the District of Jharsuguda for the year 2025-26.,Improvement to Road from Sunari Chhak to Balanda under MMSY- Improvement to Exiting RD Road in the District of Jharsuguda for the year 2025-26.,Works,National Competitive Bid,Percentage,Civil Works - Roads,No,No,NA ,02-Dec-2025 06:55 PM,NA ,90.0,No ,No,Online,17-Dec-2025 06:00 PM,CE RW I||RW-CIRCLE-SUNDARGARH,Jharsuguda,768204.0,2.0,"7,83,47,508",DEBASIS PATTJOSHI,"66,603,216.64",Rejected-Finance,02-Jul-2026,CE RW I||RW-CIRCLE-SUNDARGARH
2026_ORULB_126907_17,BBLM-7/2025-26,"Construction of waiting shed at Bus stop near Subash Chandra Bose chhak at Nalda, Ward No.1, Barbil Municipality","Construction of waiting shed at Bus stop near Subash Chandra Bose chhak at Nalda, Ward No.1, Barbil Municipality",Works,Open Tender,Percentage,Civil Works - Others,No,No,NA ,09-Mar-2026 10:00 AM,NA ,90.0,No ,No,Online,20-Mar-2026 11:00 AM,Municipal Bodies||Barbil Municipality,Barbil,758035.0,2.0,"9,84,000",RAMACHANDRA SANDIL,"1,012,992",Rejected-Finance,02-Jul-2026,Municipal Bodies||Barbil Municipality
2026_ORULB_125106_27,ODULB_KGM_21/2025-2026,Construction of Shed at Kalyan Mandap of Puruna Bazar in Keonjhargarh Municipality in Ward No-01,Construction of Shed at Kalyan Mandap of Puruna Bazar in Keonjhargarh Municipality in Ward No-01,Works,Open Tender,Percentage,Civil Works - Others,No,No,NA ,31-Jan-2026 11:00 AM,NA ,90.0,No ,No,Online,11-Feb-2026 11:00 AM,Municipal Bodies||Keonjhargarh Municipal Council,KEONJHARGARH MUNICIPALITY,758001.0,1.0,"15,00,000",NANDA KISHORE MAHANTA,"1,080,700.44",Rejected-AOC,20-Jul-2026,Municipal Bodies||Keonjhargarh Municipal Council
2026_CERWI_125915_1,Road Tender Online RWCSBP-29/2025-26,"Construction of road from Janda to Badbahal via Baghiajungle, Baghiadihi, Bheluapada","Construction of road from Janda to Badbahal via Baghiajungle, Baghiadihi, Bheluapada",Works,Open Tender,Percentage,Civil Works - Roads,No,No,NA ,12-Feb-2026 09:00 AM,NA ,90.0,No ,No,Online,20-Feb-2026 11:10 AM,CE RW I||RWCIRCLE-SAMBALPUR,Kuchinda,768222.0,2.0,"4,98,49,569",CHAWALA CONSTRUCTION,"38,100,026",Rejected-Finance,30-Jul-2026,CE RW I||RWCIRCLE-SAMBALPUR
2026_ORULB_125759_22,BLGR MPTY/10(01-60)/2025-26,"Construction of Paver Blok Road and Drain with Cover Slab Infront of Mahakur Babu res,W.No.3",Road and Drain Work,Works,Open Tender,Percentage,Civil Works - Roads,No,No,NA ,10-Feb-2026 11:00 AM,NA ,180.0,No ,No,Online,05-Mar-2026 11:00 AM,Municipal Bodies||Balangir Municipality,Balangir,767001.0,1.0,"5,06,204",MANABHANJAN PADHI,"505,697.9",Accepted-AOC,22-Jul-2026,Municipal Bodies||Balangir Municipality
2025_CERWI_121223_2,NCB 396 Weir Bridge,Construction of Weir adjacent to Bridge over Andhari Nallah at 2nd Km on RD Road to Silipuria Road in the District of Mayurbhanj.,Construction of Weir adjacent to Bridge over Andhari Nallah at 2nd Km on RD Road to Silipuria Road in the District of Mayurbhanj.,Works,National Competitive Bid,Percentage,Civil Works - Bridges,No,No,NA ,13-Nov-2025 06:55 PM,NA ,90.0,No ,No,Online,25-Nov-2025 11:00 AM,CE RW I||RWCIRCLE-BARIPADA,"SERW Division, Baripada",757002.0,2.0,"1,00,45,000",AJAY KUMAR SETHI,"8,538,664",Rejected-AOC,18-Jun-2026,CE RW I||RWCIRCLE-BARIPADA
2026_CEBMB_128759_15,e-CHID-01/2026-27,Improvement of Left Main Canal at RD 3250mt of Ghodahada Irrigation Project.,Improvement of Canal system,Works,Open Tender,Percentage,Civil Works - Canal,No,No,NA ,06-May-2026 10:00 AM,NA ,90.0,No ,No,Online,22-May-2026 11:30 AM,"CE-BM,RVN Basin,Berhampur||S.E. Southern Irr. Circle I Berhampur||EE Chikiti Irrigation Divn Berhampur",Berhampur,760004.0,1.0,"12,06,000",PURNA CHANDRA SAHU,"1,206,123",Rejected-AOC,24-Jul-2026,"CE-BM,RVN Basin,Berhampur||S.E. Southern Irr. Circle I Berhampur||EE Chikiti Irrigation Divn Berhampur"
2026_CERWI_126410_1,Road Tender ONLINE-RWCSBP-31 OF 2025-26,PWD Road (SH54) - Amastala,PWD Road (SH54) - Amastala,Works,Open Tender,Percentage,Civil Works - Roads,No,No,NA ,21-Feb-2026 06:00 PM,NA ,90.0,No ,No,Online,06-Mar-2026 11:00 AM,CE RW I||RWCIRCLE-SAMBALPUR,Bargarh,768001.0,2.0,"2,10,86,127",ASHUTOSH SAHU,"21,824,141",Rejected-Finance,14-Jul-2026,CE RW I||RWCIRCLE-SAMBALPUR
2025_OSCSC_116047_1,3581/2025,Selection and appointment of Level-II Transport Contractor for the biennial year 2025-27 of Gania Block.,Selection and appointment of Level-II Transport Contractor for the biennial year 2025-27 of Gania Block in Nayagarh District.,Services,Open Tender,Percentage,Handling and Transportation,No,No,NA ,25-Jul-2025 10:00 AM,30-Jul-2025 11:00 AM ,45.0,No ,No,Online,12-Aug-2025 11:00 AM,Odisha State Civil Supplies Corp. Ltd.||CSO cum DM Nayagarh,From RRC-cum-DSC to FPSs point,752090.0,2.0,"19,49,800",DILLIP KUMAR PANDA,19.25,Rejected-Finance,31-Jul-2026,Odisha State Civil Supplies Corp. Ltd.||CSO cum DM Nayagarh
2026_CERWI_127410_1,SERWDGH-Online-22 of 2025-26,Periodical Maintenance of road from Katangpani to Barghat in the district of Deogarh for the year 2025-26.,Road,Works,Open Tender,Percentage,Civil Works - Roads,No,No,NA ,18-Mar-2026 06:10 PM,NA ,90.0,No ,No,Online,24-Mar-2026 01:30 PM,CE RW I||RWCIRCLE-SAMBALPUR||RWDIVISION-DEOGARH,Deogarh,768119.0,1.0,"44,84,968",TAPESWAR NAIK,"3,415,260",Accepted-AOC,15-Jul-2026,CE RW I||RWCIRCLE-SAMBALPUR||RWDIVISION-DEOGARH
2026_RMC_128699_2,MC/RMC/29/2026,Development of Government Urdu UP School Hasanpur in ward No 31 under RMC ROURKELA,Works,Works,Open Tender,Percentage,Civil Works - Others,No,No,NA ,02-May-2026 06:00 PM,NA ,90.0,No ,No,Online,18-May-2026 09:00 AM,Rourkela Municipal Corporation,Rourkela,769012.0,1.0,"16,47,000",BRAHMANAND SAMASI,"1,646,665.17",Accepted-AOC,10-Jul-2026,Rourkela Municipal Corporation
2026_ORULB_128734_24,SNP-MUN-37/2026-27,Construction of Drain and culvert from Kumbharpada Chowk to Hanuman Temple in ward No-13 and 6,Construction of Drain and culvert from Kumbharpada Chowk to Hanuman Temple in ward No-13 and 6,Works,Open Tender,Percentage,Civil Works - Others,No,No,NA ,05-May-2026 11:00 AM,NA ,60.0,No ,No,Online,16-May-2026 11:00 AM,Municipal Bodies||Sonepur Municipal Council,Sonepur Municipality,767017.0,1.0,"13,28,954",BIKRAM KUMAR AGRAWAL,"1,328,954",Accepted-AOC,26-Jul-2026,Municipal Bodies||Sonepur Municipal Council
2026_ORULB_126398_7,DKL MPLTY/10 /2025-26,Constn. of Cafe and Mo Khata Outlet Centre in ward no. 06,AS PER DTCN,Works,Open Tender,Percentage,Civil Works - Others,No,No,NA ,23-Feb-2026 11:00 AM,NA ,120.0,No ,No,Online,06-Mar-2026 11:00 AM,Municipal Bodies||Dhenkanal Municipality,Dhenkanal,759001.0,1.0,,BISWAJIT MANSINGH,"678,116",Rejected-Finance,18-Jul-2026,Municipal Bodies||Dhenkanal Municipality
2026_ORULB_128734_18,SNP-MUN-37/2026-27,Restoration Drain and culvert from Masjid to Majhipada Club Gruha in ward no-8.,Restoration Drain and culvert from Masjid to Majhipada Club Gruha in ward no-8.,Works,Open Tender,Percentage,Civil Works - Others,No,No,NA ,05-May-2026 11:00 AM,NA ,60.0,No ,No,Online,16-May-2026 11:00 AM,Municipal Bodies||Sonepur Municipal Council,Sonepur Municipality,767017.0,1.0,"13,28,839",BIKRAM KUMAR AGRAWAL,"1,328,839",Accepted-AOC,20-Jul-2026,Municipal Bodies||Sonepur Municipal Council
2026_EICCL_127500_5,eTCN11 of 2025-2026,"Provision of fire down cumer system Booster pump, fire detection and alarm system, fire extinguisher and Signages at CHC Daspalla in the district of Nayagarh.","Provision of fire down cumer system Booster pump, fire detection and alarm system, fire extinguisher and Signages at CHC Daspalla in the district of Nayagarh.",Works,Open Tender,Percentage,Electrical Works,No,No,NA ,23-Mar-2026 10:30 AM,NA ,90.0,No ,No,Online,04-Apr-2026 11:00 AM,EIC-CIVIL||SERNB-CIRCLE-KHURDA||EE Nayagarh Rnb Division,Nayagarh,752069.0,1.0,"16,81,829",M/S FIRESTOP SALES AND SERVICES,"1,123,462",Accepted-AOC,02-Jul-2026,EIC-CIVIL||SERNB-CIRCLE-KHURDA||EE Nayagarh Rnb Division
2026_CERWI_126754_1,NCB405,Construction of H.L. Bridge over Mandursahi Nallah (Ranipokhari) at 1st Km on Rd Road to Mandursahi road in the district of Mayurbhanj,Construction of H.L. Bridge over Mandursahi Nallah (Ranipokhari) at 1st Km on Rd Road to Mandursahi road in the district of Mayurbhanj,Works,National Competitive Bid,Percentage,Civil Works - Bridges,No,No,NA ,27-Feb-2026 06:55 PM,NA ,90.0,No ,No,Online,16-Mar-2026 11:00 AM,CE RW I||RWCIRCLE-BARIPADA,Mayurbhanj,757105.0,2.0,"4,00,87,000",ANIRUDDHA BHOWMIK,"27,262,916",Rejected-AOC,10-Jul-2026,CE RW I||RWCIRCLE-BARIPADA
2026_CERWI_125467_1,Road Tender Online-RWCSBP-29/2025-26,Construction of road from Malipali Bridge to Puturupali via Launsara road,Construction of road from Malipali Bridge to Puturupali via Launsara road,Works,Open Tender,Percentage,Civil Works - Roads,No,No,NA ,03-Feb-2026 03:00 PM,NA ,90.0,No ,No,Online,20-Feb-2026 11:00 AM,CE RW I||RWCIRCLE-SAMBALPUR,Bargarh,768028.0,2.0,"3,28,76,155",Ashok Kumar Jalan,"34,026,821",Rejected-Finance,03-Jul-2026,CE RW I||RWCIRCLE-SAMBALPUR
2026_OLIC_127841_40,BID ID NO. 10/Dt.04.04.2026,INSTALLATION AND ENERGISATION OF NAULA I TW LI PROJECT,INSTALLATION AND ENERGISATION OF NAULA I TW LI PROJECT,Works,Open Tender,Percentage,Civil Works - Lift Irrigation Schemes,No,No,NA ,08-Apr-2026 10:00 AM,NA ,365.0,No ,No,Online,22-Apr-2026 10:00 AM,"Orissa Lift Irrigation Corporation||LI,Central Circle, Cuttack||LI Division Cuttack",TIRTOL BLOCK,754001.0,1.0,"19,02,244",SANJAYA KUMAR MOHAPATRA,"1,902,244",Accepted-AOC,02-Jul-2026,"Orissa Lift Irrigation Corporation||LI,Central Circle, Cuttack||LI Division Cuttack"
2026_CEBMB_128949_31,SE-HID-ADV-02/2026-27,Construction of 2 nos. of Bathing Ghat near village Bhaliapada of left distributary of HIP,MAINTENANCE WORK,Works,National Competitive Bid,Percentage,Civil Works - Others,No,No,NA ,11-May-2026 11:00 AM,NA ,90.0,No ,No,Online,25-May-2026 11:00 AM,"CE-BM,RVN Basin,Berhampur||SE Southern Irr Circle II Paralakhemundi||EE Harabhangi Irr Divn Adava",ADAVA,761217.0,1.0,"8,19,241",Subas chandra Behera,"696,437",Rejected-AOC,20-Jul-2026,"CE-BM,RVN Basin,Berhampur||SE Southern Irr Circle II Paralakhemundi||EE Harabhangi Irr Divn Adava"
2026_CEBMB_128949_25,SE-HID-ADV-02/2026-27,Repair and Renovation of Saurasingipur S/M In Between RD 00m to 180m of BIP,MAINTENANCE WORK,Works,National Competitive Bid,Percentage,Civil Works - Others,No,No,NA ,11-May-2026 11:00 AM,NA ,90.0,No ,No,Online,25-May-2026 11:00 AM,"CE-BM,RVN Basin,Berhampur||SE Southern Irr Circle II Paralakhemundi||EE Harabhangi Irr Divn Adava",ADAVA,761217.0,1.0,"16,08,234",PARAMESWARI MOHAPATRO,"1,608,234",Rejected-AOC,20-Jul-2026,"CE-BM,RVN Basin,Berhampur||SE Southern Irr Circle II Paralakhemundi||EE Harabhangi Irr Divn Adava"
2026_CERWI_126842_1,RWCCESNG-37 of 2025-26,Construction of road NH-23 to Bemta,Construction of road NH-23 to Bemta,Works,National Competitive Bid,Percentage,Civil Works - Roads,No,No,NA ,02-Mar-2026 06:00 PM,NA ,90.0,No ,No,Online,16-Mar-2026 11:00 AM,CE RW I||RW-CIRCLE-SUNDARGARH,Rourkela,769004.0,2.0,"1,85,24,823",AJAY TIWARI,"18,524,822.921",Rejected-Finance,09-Jul-2026,CE RW I||RW-CIRCLE-SUNDARGARH
2026_ORULB_128191_12,4/SMC_SBP/2026-27,"Construction of paver road from Srikanta Bisawal house to end of paver road, Niladri Vihar at ward no-29 under SMC Sambalpur","Construction of paver road from Srikanta Bisawal house to end of paver road, Niladri Vihar at ward no-29 under SMC Sambalpur",Works,Open Tender,Percentage,Civil Works - Others,No,No,NA ,21-Apr-2026 11:00 AM,NA ,120.0,No ,No,Online,01-May-2026 11:00 AM,Municipal Bodies||Sambalpur Municipal Corporation,SAMBALPUR MUNICIPAL CORPORATION,768006.0,1.0,"16,93,633",PRASANTA KUMAR PANDA,"1,693,634",Rejected-Technical,15-Jul-2026,Municipal Bodies||Sambalpur Municipal Corporation
2025_EICCL_117481_8,CE-ROADS-I-11/2025-26,Improvement of Lipinda to Gidmal via Ashokbandhali and Baididinga road from 0/000 km to 12/966 km in the district of Sambalpur under State Plan,Improvement of Lipinda to Gidmal via Ashokbandhali and Baididinga road from 0/000 km to 12/966 km in the district of Sambalpur under State Plan,Works,Open Tender,Percentage,Civil Works - Roads,No,No,NA ,30-Aug-2025 06:55 PM,NA ,90.0,No ,No,Online,16-Sep-2025 11:30 AM,EIC-CIVIL,Sambalpur-I Division,751001.0,2.0,"19,31,06,569",Ashok Kumar Jalan,"164,159,894",Rejected-AOC,31-Jul-2026,EIC-CIVIL
2026_EICCL_125844_1,CCE 13 2025-26,Improvement of road from FCI Junction to DFO road via Maharshi Vidya Mandir (ODR) from 0/000 km to 1/600 Km,Improvement of road from FCI Junction to DFO road via Maharshi Vidya Mandir (ODR) from 0/000 km to 1/600 Km,Works,Open Tender,Percentage,Civil Works - Roads,No,No,NA ,12-Feb-2026 11:00 AM,NA ,90.0,No ,No,Online,27-Feb-2026 11:00 AM,EIC-CIVIL||SERNB-CIRCLE-RAYAGADA,Rayagada,765001.0,2.0,"4,08,94,266",AKHIL KUMAR DAS,"40,894,266",Accepted-AOC,28-Jul-2026,EIC-CIVIL||SERNB-CIRCLE-RAYAGADA
2026_CERWI_126044_1,12 OF 2025 - 26,Construction of Sub- Centre Building at Arilo in the District of Jagatsinghpur,Construction of Sub- Centre Building at Arilo in the District of Jagatsinghpur,Works,Open Tender,Percentage,Civil Works - Buildings,No,No,NA ,16-Feb-2026 11:00 AM,NA ,60.0,No ,No,Online,28-Feb-2026 11:00 AM,CE RW I||RWCIRCLE-CUTTACK||RWDIVISION-JAGATSINGHPUR,Jagatsinghpur,754294.0,1.0,"36,92,407",AJAYA KUMAR BISWAL,"3,508,156",Rejected-Technical,14-Jul-2026,CE RW I||RWCIRCLE-CUTTACK||RWDIVISION-JAGATSINGHPUR
2026_STSCD_125431_8,ITDAKPD-04/2025-26,Const. of 2 Nos. Staff Qrs. at Basipitha High School Under Khunta Block,Const. of 2 Nos. Staff Qrs. at Basipitha High School Under Khunta Block,Works,National Competitive Bid,Percentage,Civil Works - Buildings,No,No,NA ,12-Feb-2026 10:00 AM,NA ,90.0,No ,No,Online,23-Feb-2026 11:00 AM,ST and SC Development Deptt||ITDA Kaptipada,Khunta,757041.0,1.0,"25,86,080",MANAS KUMAR PRUSTY,"1,931,802",Rejected-AOC,11-Jul-2026,ST and SC Development Deptt||ITDA Kaptipada
2026_CEBMB_128949_19,SE-HID-ADV-02/2026-27,"M/R to Androguda minor,Koilikota S/M,Debrisingi I,Debrisingi II, Gudiabondho I, Gudiabondho II, Lauguda Minor, Padmapur minor, Padmapur S/M I,Padmapur S/M II off taking from Sri Rampur Branch canal under B.I.P.",DESILTING OF CANAL,Works,National Competitive Bid,Percentage,Civil Works - Others,No,No,NA ,11-May-2026 11:00 AM,NA ,90.0,No ,No,Online,25-May-2026 11:00 AM,"CE-BM,RVN Basin,Berhampur||SE Southern Irr Circle II Paralakhemundi||EE Harabhangi Irr Divn Adava",ADAVA,761217.0,1.0,"7,97,777",BIJAYA KUMAR NAYAK,"797,777",Rejected-AOC,24-Jun-2026,"CE-BM,RVN Basin,Berhampur||SE Southern Irr Circle II Paralakhemundi||EE Harabhangi Irr Divn Adava"
2025_NLUO_117598_1,Providing Pest Control Service at NLUO Campus,Providing Pest Control Service at NLUO Campus.,Providing Pest Control Service at NLUO Campus.,Services,Open Tender,Item Rate,Miscellaneous Services,No,No,NA ,03-Sep-2025 01:00 PM,15-Sep-2025 11:00 AM ,60.0,No ,No,Online,18-Sep-2025 03:30 PM,National Law University Odisha,"NLUO,CUTTACK",753015.0,2.0,"5,00,000",Bharat pest control and co,"33,205.2",Rejected-Finance,04-Jul-2026,National Law University Odisha
2026_EICCL_127550_9,SE R and B Divn NoI Bam 70/2025-26,"Provision for comprehensive annual maintains of fire fighting and alaram system at PMSSY Block of MKCG, MC and H, Berhampur.","Provision for comprehensive annual maintains of fire fighting and alaram system at PMSSY Block of MKCG, MC and H, Berhampur.",Works,Open Tender,Percentage,Electrical Works,No,No,NA ,24-Mar-2026 05:00 PM,NA ,90.0,No ,No,Online,31-Mar-2026 11:30 AM,EIC-CIVIL||SERNB-CIRCLE-BERHAMPUR||EERNB-DIVN-GANJAM I,Berhampur,760005.0,1.0,"28,72,040",HAREKRUSHNA INDUSTRIES PROP. SURENDRA KUMAR JENA,"2,326,352",Accepted-AOC,22-Jul-2026,EIC-CIVIL||SERNB-CIRCLE-BERHAMPUR||EERNB-DIVN-GANJAM I
2025_CERWI_124035_3,Tender Online RCK-21/25,Construction of Bijipur to Kapasi via Indas under MMSY- Impvt. To Existing RD Roads in the Dist. of Jajpur for the year 2025-26.,Construction of road work,Works,National Competitive Bid,Percentage,Civil Works - Roads,No,No,NA ,02-Jan-2026 02:30 PM,NA ,90.0,No ,No,Online,31-Jan-2026 11:00 AM,CE RW I||RWCIRCLE-KENDRAPARA,Jajpur,755001.0,2.0,"4,41,08,667",ASISHA KUMAR SAMAL,"37,496,778",Rejected-Finance,14-Jul-2026,CE RW I||RWCIRCLE-KENDRAPARA
2026_EICCL_126291_1,ETCN-47,"Upgradation of Govt. Qtrs No VIR 23 to Type-VII at Unit-VI, Bhubaneswar as per GA and PG Dept. Lr. No. 522 Dt. 05.01.2026 Buildings.","Upgradation of Govt. Qtrs No VIR 23 to Type-VII at Unit-VI, Bhubaneswar as per GA and PG Dept. Lr. No. 522 Dt. 05.01.2026 Buildings.",Works,Open Tender,Percentage,Civil Works - Buildings,No,No,NA ,19-Feb-2026 05:00 PM,NA ,90.0,No ,No,Online,05-Mar-2026 11:00 AM,EIC-CIVIL||SERNB-CIRCLE-CENTRAL||EERNB-DIVN-II-BBSR,Bhubaneswar,751003.0,1.0,"20,50,575",BISWAJIT JENA,"1,330,823",Accepted-AOC,15-Jul-2026,EIC-CIVIL||SERNB-CIRCLE-CENTRAL||EERNB-DIVN-II-BBSR
2026_CERWI_125646_1,DMGH / Online-13 of 2025-26,Construction of 2 Nos E type Qtr. Building at Mahaling PHC(N) for the year 2025-26,Construction of 2 Nos E type Qtr. Building at Mahaling PHC(N) for the year 2025-26,Works,National Competitive Bid,Percentage,Civil Works - Buildings,No,No,NA ,06-Feb-2026 10:00 AM,NA ,90.0,No ,No,Online,19-Feb-2026 11:00 AM,CE RW I||RWCIRCLE-BHAWANIPATNA||RWDIVISION-DHARMAGARH,Kalahandi,766015.0,2.0,"59,31,792",ABHIMANYU NAIK,"5,925,860",Rejected-Finance,25-May-2026,CE RW I||RWCIRCLE-BHAWANIPATNA||RWDIVISION-DHARMAGARH
2026_EICCL_127291_1,SE DKL (R and B) 40/ 2025-26,Shifting and construction of 3 Ph 5 W LT line due to Improvement of Jagannath Road from 0/00 Km to 1/053 in Dhenkanal District,Shifting and construction of 3 Ph 5 W LT line due to Improvement of Jagannath Road from 0/00 Km to 1/053 in Dhenkanal District,Works,Open Tender,Percentage,Electrical Works,No,No,NA ,14-Mar-2026 11:00 AM,NA ,90.0,No ,No,Online,27-Mar-2026 11:00 AM,EIC-CIVIL||SERNB-CIRCLE-DHENKANAL||EERNB-DIVN-DHENKANAL,Dhenkanal,759001.0,1.0,"8,75,768",Chinmaya Singh Samant,"875,768",Rejected-Technical,22-Jul-2026,EIC-CIVIL||SERNB-CIRCLE-DHENKANAL||EERNB-DIVN-DHENKANAL
2026_PRBHL_124870_1,HIN-PS-01/2025-26,Construction of Office Building and One 50MT Godown at Sapuapali SCS of Darubhadra GP,Construction of Office Building and One 50MT Godown at Sapuapali SCS of Darubhadra GP,Works,Open Tender,Percentage,Civil Works - Buildings,No,No,NA ,03-Feb-2026 11:00 AM,NA ,90.0,No ,No,Both(Online/Offline),26-Feb-2026 11:00 AM,Panchayati Raj and Drinking Water Department Odisha||Zilla Parisad Ganjam||HINJILICUT Block,Hinjilicut,761102.0,1.0,"23,96,693",JAGANNATH DAS,"2,037,402.18",Rejected-AOC,22-Jul-2026,Panchayati Raj and Drinking Water Department Odisha||Zilla Parisad Ganjam||HINJILICUT Block
2026_ORULB_126636_16,BMC-EE-Tender Cell-73/2025-26 Dt. 25.02.2026,Construction of drain from Qtr.no-IVR 166 to IVR-161 in Ward No. 46,Construction of drain from Qtr.no-IVR 166 to IVR-161 in Ward No. 46,Works,Open Tender,Percentage,Civil Works - Others,No,No,NA ,28-Feb-2026 10:30 AM,05-Mar-2026 04:00 PM ,120.0,No ,No,Online,12-Mar-2026 11:00 AM,Municipal Bodies||Bhubaneswar Municipal Corporation,BMC AREA,751022.0,1.0,"9,29,998",SUBHASHREE SAHOO,"1,097,398",Rejected-Finance,02-Jul-2026,Municipal Bodies||Bhubaneswar Municipal Corporation
2025_CERWI_122874_26,Tender Online RCK-20/25,Constn. of road from Baransa to Badaniranjanpur via Sarangapur under MMSY TRIP in the Dist. of Jajpur for the year 2025-26.,Construction of road works,Works,National Competitive Bid,Percentage,Civil Works - Roads,No,No,NA ,02-Jan-2026 05:45 PM,NA ,90.0,No ,No,Online,13-Jan-2026 11:00 AM,CE RW I||RWCIRCLE-KENDRAPARA,Jajpur,755001.0,2.0,"2,97,36,156",PRAGYAN CONSTRUCTION,"25,278,706",Rejected-Finance,02-Jul-2026,CE RW I||RWCIRCLE-KENDRAPARA
2025_EICCL_120311_1,"Bid Identification No. Bhubaneswar (RandB) Division No. I, C.C (RandB)-01, 59 of 2025-26.","Improvement to E.I to Alteration /Modification of Existing Air-Conditioning System for Nurve Centre at Treasury and Accounts Bhawan, Kharavela Nagar, Unit-III, Bhubaneswar.","Improvement to E.I to Alteration /Modification of Existing Air-Conditioning System for Nurve Centre at Treasury and Accounts Bhawan, Kharavela Nagar, Unit-III, Bhubaneswar.",Works,National Competitive Bid,Percentage,Electrical Works,No,No,NA ,29-Oct-2025 06:00 PM,NA ,90.0,No ,No,Online,11-Nov-2025 03:00 PM,EIC-CIVIL||SERNB-CIRCLE-CENTRAL,Bhubaneswar,751001.0,1.0,"39,03,300",AJANTA ENTERPRISES,"3,318,195",Accepted-AOC,27-Jul-2026,EIC-CIVIL||SERNB-CIRCLE-CENTRAL
2026_CERWI_126588_1,Tender Online RCK-03/26,Construction of Dagarpada to NH-16 via Nuasasan in the Dist. of Jajpur for the year 2025-26.,Construction of road works,Works,National Competitive Bid,Percentage,Civil Works - Roads,No,No,NA ,25-Feb-2026 09:00 AM,NA ,90.0,No ,No,Online,06-Mar-2026 11:00 AM,CE RW I||RWCIRCLE-KENDRAPARA,Jajpur,755001.0,2.0,"3,96,20,956",ASHUTOSH PANDA,"39,620,955",Rejected-Finance,03-Jul-2026,CE RW I||RWCIRCLE-KENDRAPARA
2026_CERWI_128761_1,01/2026-27,Construction of 1NO D TYPE QUARTER and 1 NO E TYPE QUARTER BUILDINGS AT MATAPAKA,Construction of 1NO D TYPE QUARTER and 1 NO E TYPE QUARTER BUILDINGS AT MATAPAKA,Works,Open Tender,Percentage,Civil Works - Buildings,No,No,NA ,05-May-2026 11:00 AM,NA ,90.0,No ,No,Online,14-May-2026 11:00 AM,CE RW I||RWCIRCLE-SUNABEDA||RWDIVISION-MALKANGIRI - II,Malkangiri,764048.0,2.0,"63,02,528",Ashim Kumar Ray,"4,876,266",Accepted-AOC,20-Jul-2026,CE RW I||RWCIRCLE-SUNABEDA||RWDIVISION-MALKANGIRI - II
2025_CERWI_122874_32,Tender Online RCK-20/25,Construction of Road from Kapileswar High School to Brahmani Temple via Kapilaswar Temple road under MMSY-TRIP in the Dist. of Kendrapara for the year 2025-26.,Construction of road works,Works,National Competitive Bid,Percentage,Civil Works - Roads,No,No,NA ,16-Jan-2026 05:30 PM,NA ,90.0,No ,No,Online,28-Jan-2026 11:00 AM,CE RW I||RWCIRCLE-KENDRAPARA,Kendrapara,754211.0,2.0,"3,49,40,505",SUBHAM ROUT,"34,940,504",Rejected-Finance,13-Jul-2026,CE RW I||RWCIRCLE-KENDRAPARA
2026_CEBMB_128949_1,SE-HID-ADV-02/2026-27,"DESILTING TO BORADA SUBMINOR ,KAITHAPALLI SUB MINOR,GADACHIKILI SUBMINOR 1 AND II OF HARABHANGI IRRI PROJECT",DESILTING OF CANAL,Works,National Competitive Bid,Percentage,Civil Works - Others,No,No,NA ,11-May-2026 11:00 AM,NA ,90.0,No ,No,Online,25-May-2026 11:00 AM,"CE-BM,RVN Basin,Berhampur||SE Southern Irr Circle II Paralakhemundi||EE Harabhangi Irr Divn Adava",ADAVA,761217.0,1.0,"3,25,458",Ajit Kumar Gouda,"276,639",Rejected-Finance,01-Jul-2026,"CE-BM,RVN Basin,Berhampur||SE Southern Irr Circle II Paralakhemundi||EE Harabhangi Irr Divn Adava"
2025_OMFED_123011_1,HRD/LC/2025/BLS/09,Engagement of Labour Contractor on Job Basis and Mandays Basis at Omfed,Engagement of Labour Contractor on Job Basis and Mandays Basis at Omfed Bhawanipatana Dairy,Services,Open Tender,Item Rate,Human Resources Supply,No,No,NA ,13-Dec-2025 10:00 AM,23-Dec-2025 11:00 AM ,120.0,No ,No,Online,05-Jan-2026 03:00 PM,Odisha State Co. Milk Producers Federation Ltd.,Bhawanipatna Dairy,766002.0,2.0,"92,00,000",G.MANJU SERVICES PRIVATE LIMITED,"27,853.79",Rejected-Finance,10-Jul-2026,Odisha State Co. Milk Producers Federation Ltd.
2026_EICCL_127567_2,SE R and B Divn NoI Bam 69 /2025-26,"S/R to CT and GST Circle II such as providing Gypsum Board ceiling ,floor tile,roof grading and plastering etc at Berhampur","S/R to CT and GST Circle II such as providing Gypsum Board ceiling ,floor tile,roof grading and plastering etc at Berhampur",Works,Open Tender,Percentage,Civil Works - Buildings,No,No,NA ,24-Mar-2026 06:00 PM,NA ,90.0,No ,No,Online,31-Mar-2026 11:30 AM,EIC-CIVIL||SERNB-CIRCLE-BERHAMPUR||EERNB-DIVN-GANJAM I,Berhampur,760005.0,1.0,"12,63,374",Chinmaya Kumar Bisoyi,"807,296",Accepted-AOC,22-Jul-2026,EIC-CIVIL||SERNB-CIRCLE-BERHAMPUR||EERNB-DIVN-GANJAM I
2026_CEBMB_128949_5,SE-HID-ADV-02/2026-27,Desilting and Strengthening of Left Distributary in between RD 8000m to 15864m of Harabhangi Irrigation Project,DESILTING OF CANAL,Works,National Competitive Bid,Percentage,Civil Works - Others,No,No,NA ,11-May-2026 11:00 AM,NA ,90.0,No ,No,Online,25-May-2026 11:00 AM,"CE-BM,RVN Basin,Berhampur||SE Southern Irr Circle II Paralakhemundi||EE Harabhangi Irr Divn Adava",ADAVA,761217.0,1.0,"10,05,645",BAINATH NAIK,"804,616",Accepted-AOC,01-Jul-2026,"CE-BM,RVN Basin,Berhampur||SE Southern Irr Circle II Paralakhemundi||EE Harabhangi Irr Divn Adava"
2025_EICCL_123143_1,CE-Roads-I-16/2025-26,"Improvement such as widening and strengthening of road from Chadheimara Chowk to Chadchadi via Kusumpal, Tutabani from 0/000 km to 7/251 km in the district of Deogarh under State Plan","Improvement such as widening and strengthening of road from Chadheimara Chowk to Chadchadi via Kusumpal, Tutabani from 0/000 km to 7/251 km in the district of Deogarh under State Plan",Works,Open Tender,Percentage,Civil Works - Roads,No,No,NA ,12-Dec-2025 01:30 PM,NA ,90.0,No ,No,Online,30-Dec-2025 11:30 AM,EIC-CIVIL,Deogarh Division,751001.0,2.0,"18,90,80,972",Ashok Kumar Jalan,"160,737,734",Rejected-AOC,21-Jul-2026,EIC-CIVIL
2026_PIWT_129367_1,FED-06/2026-2027,CLIMATE RESILIENT COASTAL FISHERMEN VILLAGE (CRCFV) AT TALACHUA IN KENDRAPADA DISTRICT ODISHA UNDER PMMSY 2024-25 CIVIL ELECTRICAL AND PLUMBING WORK,Construction works,Works,Open Tender,Percentage,Civil Works - Buildings,No,No,NA ,15-May-2026 04:00 PM,NA ,90.0,No ,No,Online,30-May-2026 03:30 PM,"Directorate of Ports and IWT||Directorate of Ports and IWT||EE Fisheries Engg Divn,Bhubaneswar",TALACHUA,754248.0,2.0,"99,98,481",Akash Kumar Nath,"8,998,632.5",Accepted-AOC,07-Jul-2026,"Directorate of Ports and IWT||Directorate of Ports and IWT||EE Fisheries Engg Divn,Bhubaneswar"
2025_OLIC_112565_26,02/2025-26 OLIC (BAM),Guptapali-I R/L,Revival and Energisation of L.I. Project,Works,Open Tender,Percentage,Civil Works - Lift Irrigation Schemes,No,No,NA ,17-Apr-2025 12:00 PM,NA ,365.0,No ,No,Online,28-Apr-2025 12:00 PM,Orissa Lift Irrigation Corporation||LI Southern Circle Berhampur||LI Division Berhampur,Guptapali under Jagannath Prasad Block,760006.0,1.0,"14,37,000",TITU NAYAK,"1,434,112.62",Rejected-AOC,23-Jul-2026,Orissa Lift Irrigation Corporation||LI Southern Circle Berhampur||LI Division Berhampur
2026_OLIC_128504_5,01/2026-27 OLIC (BAM),Chadiyapada R/L,Installation Revival and Energisation of L.I. Project,Works,Open Tender,Percentage,Civil Works - Lift Irrigation Schemes,No,No,NA ,28-Apr-2026 12:00 PM,NA ,365.0,No ,No,Online,11-May-2026 12:00 PM,Orissa Lift Irrigation Corporation||LI Southern Circle Berhampur||LI Division Berhampur,Chadiyapada under Chikiti Block,760006.0,2.0,"14,92,000",BULU SAHU,"1,238,407.42",Rejected-AOC,30-Jul-2026,Orissa Lift Irrigation Corporation||LI Southern Circle Berhampur||LI Division Berhampur
2026_CERWI_129645_1,Online Tender 02 RWD Kuchinda 2026-27,"Construction of Additional Class Rooms for Fashimal Anchalik Higher Secondary School Building under Infrastructure Grants of Deptt. of HSE, Odisha for the year 2025-26.","Construction of Additional Class Rooms for Fashimal Anchalik Higher Secondary School Building under Infrastructure Grants of Deptt. of HSE, Odisha for the year 2025-26.",Works,Open Tender,Percentage,Civil Works - Buildings,No,No,NA ,22-May-2026 03:00 PM,NA ,90.0,No ,No,Online,06-Jun-2026 11:00 AM,CE RW I||RWCIRCLE-SAMBALPUR||RW Division Kuchinda,Kuchinda,768222.0,1.0,"35,41,918",Abhilash Patel,"3,541,918",Rejected-AOC,20-Jul-2026,CE RW I||RWCIRCLE-SAMBALPUR||RW Division Kuchinda
2026_ORULB_127914_9,BM-BDK-02-2026-27,Repair of Pot Holes and Construction of Rcc Slab in ward no-25,Repair of Pot Holes and Construction of Rcc Slab in ward no-25,Works,Open Tender,Percentage,Civil Works - Others,No,No,NA ,07-Apr-2026 01:30 PM,NA ,90.0,No ,No,Online,17-Apr-2026 11:00 AM,Municipal Bodies||Bhadrak Municipality,Bhadrak Municipality,756100.0,1.0,"3,26,054",FIAZUDDIN KHAN,"293,481",Rejected-AOC,09-Jul-2026,Municipal Bodies||Bhadrak Municipality
2026_CERWI_127715_1,Online-SESNG-29 of 2025-26,Karla RD Road to Jharsuguda border,Karla RD Road to Jharsuguda border,Works,National Competitive Bid,Percentage,Civil Works - Roads,No,No,NA ,30-Mar-2026 06:00 PM,NA ,90.0,No ,No,Online,10-Apr-2026 05:10 PM,CE RW I||RW-CIRCLE-SUNDARGARH||RW-Division-Sundargarh I,Sundargarh,770020.0,2.0,"87,80,061",BIKASH CHANDRA RAO,"8,771,281",Rejected-Finance,09-Jul-2026,CE RW I||RW-CIRCLE-SUNDARGARH||RW-Division-Sundargarh I
2025_ORULB_121303_5,MC(CMC)CTC_Div-IIINo.27/25-25,Procurement of Garden Earth and levelling of Chauliaganj Play Ground in Ward No.42,Procurement of Garden Earth and levelling of Chauliaganj Play Ground in Ward No.42.,Works,Open Tender,Percentage,Civil Works - Others,No,No,NA ,18-Dec-2025 11:00 AM,NA ,120.0,No ,No,Online,31-Dec-2025 10:00 AM,Municipal Bodies||Cuttack Municipal Corporation,CMC,753012.0,1.0,"16,80,659",BICHITRA NANDA BEHERA,"1,428,727.93",Rejected-AOC,03-Jul-2026,Municipal Bodies||Cuttack Municipal Corporation
2026_CEMIB_129607_3,SECMID_03/2026-27,Improvement to Headwork of Salasala MIP(Diversion Weir) in Narasinghpur Block of Cuttack District under Improvement to Diversion Weir Scheme for the year 2026-27.,Improvement to Headwork of Salasala MIP(Diversion Weir) in Narasinghpur Block of Cuttack District under Improvement to Diversion Weir Scheme for the year 2026-27.,Works,Open Tender,Percentage,Civil Works - Canal,No,No,NA ,22-May-2026 10:00 AM,NA ,90.0,No ,No,Online,01-Jun-2026 11:00 AM,"CE,Minor Irrigation,BBSR||SECMIC-BHUBANESWAR||CUTTACK",Narasinghpur,754032.0,2.0,"51,30,452",ABHAYA BHUSAN SAHOO,"5,130,452.27",Rejected-Finance,29-Jul-2026,"CE,Minor Irrigation,BBSR||SECMIC-BHUBANESWAR||CUTTACK"
2026_PRNAK_128486_4,eProcurement Notice No. (PSNKD)01/2026-27 Latter No 1402 Dt. 24.04.2026,Const. of Both side Drain at Badadanda of Kunjamura Village.,Const. of Both side Drain at Badadanda of Kunjamura Village.,Works,Open Tender,Percentage,Civil Works - Roads,No,No,NA ,30-Apr-2026 09:00 AM,NA ,90.0,No ,No,Online,15-May-2026 09:00 AM,Panchayati Raj and Drinking Water Department Odisha||Zilla Parisad Sambalpur||NAKTIDEUL Block,Nktideul,768118.0,1.0,"15,06,899",AKSHYA KUMAR NAYAK,"1,506,899",Rejected-AOC,17-Jul-2026,Panchayati Raj and Drinking Water Department Odisha||Zilla Parisad Sambalpur||NAKTIDEUL Block
2026_RMC_128133_4,MC/RMC/26/2026,"Renovation of Durgapur pond B, Ward No. 19 under RMC Rourkela",Works,Works,Open Tender,Percentage,Civil Works - Others,No,No,NA ,15-Apr-2026 06:00 PM,NA ,90.0,No ,No,Online,04-May-2026 10:00 AM,Rourkela Municipal Corporation,Rourkela,769012.0,1.0,"16,95,000",ANIL BEHERA (S.C),"1,695,046.42",Rejected-Technical,08-Jul-2026,Rourkela Municipal Corporation
2025_PRRNP_118020_9,Online Tender-01-2025-26,Construction of GPLF building at Damasahi,Construction of GPLF building at Damasahi,Works,Open Tender,Percentage,Civil Works - Buildings,No,No,NA ,15-Sep-2025 10:00 AM,NA ,180.0,No ,No,Online,24-Sep-2025 11:00 AM,Panchayati Raj and Drinking Water Department Odisha||Zilla Parisad Nayagarh||RANAPUR Block,Ranpur,752026.0,1.0,"25,17,000",BAPU LINGARAJ PRASAD,"2,139,863.11",Rejected-AOC,22-Jul-2026,Panchayati Raj and Drinking Water Department Odisha||Zilla Parisad Nayagarh||RANAPUR Block
2026_ORULB_126636_12,BMC-EE-Tender Cell-73/2025-26 Dt. 25.02.2026,Raising of footpath and other repair in N-4 Park in Ward No. 25,Raising of footpath and other repair in N-4 Park in Ward No. 25,Works,Open Tender,Percentage,Civil Works - Others,No,No,NA ,28-Feb-2026 10:30 AM,05-Mar-2026 04:00 PM ,120.0,No ,No,Online,12-Mar-2026 11:00 AM,Municipal Bodies||Bhubaneswar Municipal Corporation,BMC AREA,751022.0,1.0,"33,15,087",AJAYA KUMAR JENA,"3,229,976",Rejected-Finance,02-Jul-2026,Municipal Bodies||Bhubaneswar Municipal Corporation
2025_ORULB_121920_1,BMC-EE-Tender Cell-45/2025-26 Dt. 24.11.2025,Construction of road and drain from Banamali Mishra House to Nirmala Plaza main road in Ward No 53,Construction of road and drain from Banamali Mishra House to Nirmala Plaza main road in Ward No 53,Works,Open Tender,Percentage,Civil Works - Others,No,No,NA ,26-Nov-2025 11:30 AM,02-Dec-2025 04:00 PM ,120.0,No ,No,Online,10-Dec-2025 11:30 AM,Municipal Bodies||Bhubaneswar Municipal Corporation,BMC AREA,751022.0,1.0,"30,84,008",ARATIPRAVA DALAI,"3,093,624",Rejected-Finance,01-Jul-2026,Municipal Bodies||Bhubaneswar Municipal Corporation
2026_CEMIB_124778_6,"SE,MID,SBP/16/2025-26",Construction of Bhaludoli Check Dam over local nalla in Rairakhol Block of Sambalpur District under MATY 2025-26.,Construction of Bhaludoli Check Dam over local nalla in Rairakhol Block of Sambalpur District under MATY 2025-26.,Works,Open Tender,Percentage,Civil Works - Water Works,No,No,NA ,19-Jan-2026 11:00 AM,NA ,90.0,No ,No,Online,02-Feb-2026 10:00 AM,"CE,Minor Irrigation,BBSR||SENMIC-SAMBALPUR||SAMBALPUR",Sambalpur,768001.0,1.0,"38,15,971",ABHILAS PRADHAN,"3,812,154.39",Rejected-AOC,20-Feb-2026,"CE,Minor Irrigation,BBSR||SENMIC-SAMBALPUR||SAMBALPUR"
2025_ORULB_114489_11,BLGRMPTY/04(01-16)/2025-26,"Improvement of Road From Transformer to SUH,W.No-13",Road work,Works,Open Tender,Percentage,Civil Works - Roads,No,No,NA ,19-Jun-2025 11:00 AM,NA ,180.0,No ,No,Online,01-Jul-2025 11:00 AM,Municipal Bodies||Balangir Municipality,Balangir Municipality,767001.0,1.0,"16,88,245",JAGANNATH MISHRA,"1,686,556.78",Accepted-AOC,24-Jul-2026,Municipal Bodies||Balangir Municipality
2025_EICCL_117240_1,SC RandB GM-II-09/2025-26,"Construction of 50 bedded integrated Ayush at Berhampur for the year 2021-22 such as construction of 11 KV line, installation of 250 KVA 11/0.4 KV plinth mounted S/S and installation of 10/5A metering unit for providing 3-phase power supply of 160 KW",Electrical shifting work,Works,Open Tender,Percentage,Electrical Works,No,No,NA ,22-Aug-2025 03:00 PM,NA ,90.0,No ,No,Online,04-Sep-2025 11:30 AM,EIC-CIVIL||SERNB-CIRCLE-BERHAMPUR||EERNB-DIVN-GANJAM II,Berhampur,760009.0,1.0,"18,24,053",Sabyasachi Pattnaik,"1,842,295",Accepted-AOC,26-Jul-2026,EIC-CIVIL||SERNB-CIRCLE-BERHAMPUR||EERNB-DIVN-GANJAM II
2025_OTDC_119376_1,BPI/20/2025-26 Dt. 03.10.2025,Redevelopment of Chandrabhaga Beach Cafe Puri,Redevelopment of Chandrabhaga Beach Cafe Puri,Works,National Competitive Bid,Percentage,Civil Works - Others,No,No,NA ,13-Oct-2025 09:00 AM,NA ,180.0,No ,No,Online,04-Nov-2025 11:30 AM,Odisha Tourism Devl. Corp.,Chandrabhaga Konark,752111.0,2.0,"1,42,50,000",ALOK KUMAR SAHOO,"12,113,925.49",Rejected-AOC,02-Jul-2026,Odisha Tourism Devl. Corp.
2026_OUTR_129597_1,OUTR/LandG/2026-27/ 04,Maintenance of Lawns and Gardens,Agencies for providing Maintenance of Lawns and Gardens at OUTR Bhubaneswar,Services,Open Tender,Item Rate,Miscellaneous Services,No,No,NA ,22-May-2026 06:00 PM,02-Jun-2026 09:00 AM ,120.0,No ,No,Offline,17-Jun-2026 11:00 AM,Odisha University of Technology and Research,Bhubaneswar,751029.0,2.0,,MAHAVEER MULTIPURPOSE CO OPERATIVE SOCIETY LTD,"220,032",Rejected-Finance,07-Jul-2026,Odisha University of Technology and Research
2026_OPEPA_129643_9,DPC/SS/SNG/13OF2026-27,"INFRASTRUCTURE DEVELOPMENT OF GOVT. PRIMARY SCHOOL JALDA A, SASTRI GOVT UPPER PRIMARY SCHOOL JALDA C, GOVT UPPER PRIMARY SCHOOL KANSAR UNDER LATHIKATA BLOCK (3)","INFRASTRUCTURE DEVELOPMENT OF GOVT. PRIMARY SCHOOL JALDA A, SASTRI GOVT UPPER PRIMARY SCHOOL JALDA C, GOVT UPPER PRIMARY SCHOOL KANSAR UNDER LATHIKATA BLOCK (3)",Works,Open Tender,Percentage,Civil Works - Buildings,No,No,NA ,25-May-2026 09:00 AM,NA ,90.0,No ,No,Online,16-Jun-2026 05:30 PM,OPEPA Bhubaneswar||Samagra Shiksha Sundargarh,SUNDARGARH,770001.0,2.0,"6,72,58,787",BIJAYA KUMARA JAISWAL,"67,258,787.64",Rejected-AOC,06-Jul-2026,OPEPA Bhubaneswar||Samagra Shiksha Sundargarh
2026_CERWI_129374_1,EERWELBBSR- 06/2026-27,"Shifting of 11KV, LT lines and SS existing place to nearby safety place due to Strengthening and widening of road from RD road to Sankhatira Via Davar road under (SDMF)under R.W. Electrical Section, Puri","Shifting of 11KV, LT lines and SS existing place to nearby safety place due to Strengthening and widening of road from RD road to Sankhatira Via Davar road under (SDMF)under R.W. Electrical Section, Puri",Works,Open Tender,Percentage,Electrical Works,No,No,NA ,22-May-2026 12:00 PM,NA ,90.0,No ,No,Online,03-Jun-2026 01:00 PM,CE RW I||RW Electrical Circle Bhubaneswar||RW Electrical Division Bhubaneswar,Puri,752001.0,1.0,"18,73,995",AMPERE INFRA,"1,593,083",Rejected-Technical,30-Jun-2026,CE RW I||RW Electrical Circle Bhubaneswar||RW Electrical Division Bhubaneswar
2026_STSCD_125621_1,ITDAKPD-05/2025-26,Const. of 100 seated ST Hostel at Basipitha High School under Khunta Block,Const. of 100 seated ST Hostel at Basipitha High School under Khunta Block,Works,National Competitive Bid,Percentage,Civil Works - Buildings,No,No,NA ,13-Feb-2026 10:00 AM,NA ,90.0,No ,No,Online,02-Mar-2026 11:00 AM,ST and SC Development Deptt||ITDA Kaptipada,Khunta,757041.0,2.0,"2,68,32,046",CHANDAN KUMAR BEHERA,"17,175,193",Rejected-AOC,11-Jul-2026,ST and SC Development Deptt||ITDA Kaptipada
2026_CEBMB_128949_21,SE-HID-ADV-02/2026-27,M/R to Sri Rampur Branch Canal (00m to tail) and Gudiabndha Distributary (00m to tail) of B.I. P,DESILTING OF CANAL,Works,National Competitive Bid,Percentage,Civil Works - Others,No,No,NA ,11-May-2026 11:00 AM,NA ,90.0,No ,No,Online,25-May-2026 11:00 AM,"CE-BM,RVN Basin,Berhampur||SE Southern Irr Circle II Paralakhemundi||EE Harabhangi Irr Divn Adava",ADAVA,761217.0,1.0,"12,35,012",Abani Ranjan Panigrahi,"1,235,012",Rejected-AOC,23-Jun-2026,"CE-BM,RVN Basin,Berhampur||SE Southern Irr Circle II Paralakhemundi||EE Harabhangi Irr Divn Adava"
2026_CERWI_126125_1,RWKSNG-online-11/25-26,"Construction of Rest Shed Building at R.W Division, Kesinga for the year 2025-26-Building","Construction of Rest Shed Building at R.W Division, Kesinga for the year 2025-26-Building",Works,National Competitive Bid,Percentage,Civil Works - Buildings,No,No,NA ,16-Feb-2026 05:00 PM,NA ,90.0,No ,No,Online,27-Feb-2026 11:00 AM,CE RW I||RWCIRCLE-BHAWANIPATNA||RW Division Kesinga,Kalahandi,766012.0,2.0,"95,38,940",ABHIMANYU NAIK,"8,109,053",Rejected-Finance,26-May-2026,CE RW I||RWCIRCLE-BHAWANIPATNA||RW Division Kesinga
2026_CEBMB_128949_35,SE-HID-ADV-02/2026-27,Renovation of 3 nos CD of kadaguda Distributary of Harabhangi Irrigation Project,MAINTENANCE WORK,Works,National Competitive Bid,Percentage,Civil Works - Others,No,No,NA ,11-May-2026 11:00 AM,NA ,90.0,No ,No,Online,25-May-2026 11:00 AM,"CE-BM,RVN Basin,Berhampur||SE Southern Irr Circle II Paralakhemundi||EE Harabhangi Irr Divn Adava",ADAVA,761217.0,1.0,"6,70,325",Ajit Kumar Gouda,"535,590",Rejected-Finance,22-Jul-2026,"CE-BM,RVN Basin,Berhampur||SE Southern Irr Circle II Paralakhemundi||EE Harabhangi Irr Divn Adava"
2026_CERWI_128758_1,01/2026-27,Construction of 1 NO D TYPE QUARTER BUILDING AT MV-47,Construction of 1 NO D TYPE QUARTER BUILDING AT MV-47,Works,Open Tender,Percentage,Civil Works - Buildings,No,No,NA ,05-May-2026 11:00 AM,NA ,90.0,No ,No,Online,14-May-2026 11:00 AM,CE RW I||RWCIRCLE-SUNABEDA||RWDIVISION-MALKANGIRI - II,Malkangiri,764048.0,1.0,"33,61,563",ANJAN KESHARI ROUT,"2,668,072",Rejected-AOC,20-Jul-2026,CE RW I||RWCIRCLE-SUNABEDA||RWDIVISION-MALKANGIRI - II
2026_ORULB_128661_3,BINKA-NAC-01/2026-27,"Drain slab from Jagadalpur Sishu mandir to Nuapapali cricket filed, Ward no.12","Drain slab from Jagadalpur Sishu mandir to Nuapapali cricket filed, Ward no.12",Works,Open Tender,Percentage,Civil Works - Others,No,No,NA ,01-May-2026 11:00 AM,NA ,180.0,No ,No,Online,11-May-2026 11:00 AM,Municipal Bodies||Binka NAC,BINKA,767019.0,1.0,,ANANDA KUMAR PANDA,"1,015,906",Rejected-AOC,01-Jul-2026,Municipal Bodies||Binka NAC
2025_CERWI_124035_15,Tender Online RCK-21/25,Construction of Road from PMGSY Road to Trinath Temple via Dhaniapada under MMSY-CMRL in the Dist. of Kendrapara for the year 2025-26.,Construction of road work,Works,National Competitive Bid,Percentage,Civil Works - Roads,No,No,NA ,03-Jan-2026 04:30 PM,NA ,90.0,No ,No,Online,31-Jan-2026 11:00 AM,CE RW I||RWCIRCLE-KENDRAPARA,Kendrapara,754211.0,2.0,"2,81,70,012",AMBIKA PRASAD SINGH,"28,170,012",Accepted-AOC,07-Jul-2026,CE RW I||RWCIRCLE-KENDRAPARA
2026_EICCL_129340_1,SC RandB GM-II-4/2026-27,S/R to E.I. such as supply and fixing of AC at District Child Protection Unit (DCPU) Chatrapur in the District of Ganjam,/R to E.I. such as supply and fixing of AC at District Child Protection Unit (DCPU) Chatrapur in the District of Ganjam,Works,Open Tender,Percentage,Electrical Works,No,No,NA ,15-May-2026 10:00 AM,NA ,90.0,No ,No,Online,28-May-2026 11:30 AM,EIC-CIVIL||SERNB-CIRCLE-BERHAMPUR||EERNB-DIVN-GANJAM II,Ganjam,760005.0,1.0,"5,81,960",KANHU CHARAN MAHAPATRA,"453,929",Accepted-AOC,26-Jul-2026,EIC-CIVIL||SERNB-CIRCLE-BERHAMPUR||EERNB-DIVN-GANJAM II
2026_ORULB_125429_21,MC(CMC)CTC_Div-I_No.21/2025-26,Construction of C.C. road and drain in Sadhu Bhati lane near Dakbar Sahi in Ward No. 18.,Construction of C.C. road and drain in Sadhu Bhati lane near Dakbar Sahi in Ward No. 18.,Works,Open Tender,Percentage,Civil Works - Others,No,No,NA ,05-Feb-2026 05:30 PM,NA ,90.0,No ,No,Online,19-Feb-2026 11:00 AM,Municipal Bodies||Cuttack Municipal Corporation,CMC,753012.0,1.0,"7,98,400",BHANUMATI NAHAK,"733,611",Rejected-AOC,31-Jul-2026,Municipal Bodies||Cuttack Municipal Corporation
2026_ORULB_128734_20,SNP-MUN-37/2026-27,Construction of Drain Hatishala Kalyan Mandap to Banubox House and Sanjay Mahapatra House to Hussain MD house in ward o-8.,Construction of Drain Hatishala Kalyan Mandap to Banubox House and Sanjay Mahapatra House to Hussain MD house in ward o-8.,Works,Open Tender,Percentage,Civil Works - Others,No,No,NA ,05-May-2026 11:00 AM,NA ,60.0,No ,No,Online,16-May-2026 11:00 AM,Municipal Bodies||Sonepur Municipal Council,Sonepur Municipality,767017.0,1.0,"4,72,996",BIKRAM KUMAR AGRAWAL,"472,996",Rejected-Technical,20-Jul-2026,Municipal Bodies||Sonepur Municipal Council
2026_CEMIB_128417_10,"SE,MID,SBP/02/2026-27",Construction of Murgamal Check Dam over local nalla in Bamra Block of Sambalpur District under MATY 2026-27.,Construction of Murgamal Check Dam over local nalla in Bamra Block of Sambalpur District under MATY 2026-27.,Works,Open Tender,Percentage,Civil Works - Others,No,No,NA ,24-Apr-2026 11:00 AM,NA ,90.0,No ,No,Online,05-May-2026 10:00 AM,"CE,Minor Irrigation,BBSR||SENMIC-SAMBALPUR||SAMBALPUR",Sambalpur,768001.0,1.0,"39,46,256",Abhilash Patel,"3,946,255.05",Rejected-AOC,04-Jun-2026,"CE,Minor Irrigation,BBSR||SENMIC-SAMBALPUR||SAMBALPUR"
2026_ORULB_129442_1,JM-TCN02/2026-27,Repair and renovation of Park line main road work ward No.27.,As per DTCN,Works,Open Tender,Percentage,Civil Works - Roads,No,No,NA ,19-May-2026 11:00 AM,NA ,120.0,No ,No,Online,04-Jun-2026 11:00 AM,Municipal Bodies||Jeypore Municipality,Jeypore,764001.0,1.0,"16,95,714",BALARAM SETHI,"1,654,507",Rejected-Finance,27-Jul-2026,Municipal Bodies||Jeypore Municipality
2026_ORULB_127140_7,BM_14_2025_26,CONSTRUCTION OF DRAIN WITH COVER SLAB AND CULVERT FROM GOPALGAON SAMSAN TO MAHANAL VIA ADITYA DAS HOUSE IN WARD NO. 28,CONSTRUCTION OF DRAIN WITH COVER SLAB AND CULVERT FROM GOPALGAON SAMSAN TO MAHANAL VIA ADITYA DAS HOUSE IN WARD NO. 28,Works,Open Tender,Percentage,Civil Works - Others,No,No,NA ,11-Mar-2026 11:00 AM,NA ,90.0,No ,No,Online,23-Mar-2026 11:00 AM,Municipal Bodies||Balasore Municipality,Balasore Municipality,756003.0,1.0,"33,89,831",Benudhara Majhi,"2,711,865.15",Rejected-Technical,17-Jul-2026,Municipal Bodies||Balasore Municipality
2026_CERWI_126670_1,Road online NCB 18,SR to Balibandha to Naradpur Road,SR to Balibandha to Naradpur Road,Works,National Competitive Bid,Percentage,Civil Works - Roads,No,No,NA ,26-Feb-2026 01:00 PM,NA ,60.0,No ,No,Online,05-Mar-2026 05:00 PM,CE RW I||RWCIRCLE-KEONJHAR||RWDIVISION-KEONJHAR - II,Balibandha,758001.0,1.0,"35,46,000",GAYATRI MAHANTA,"3,545,550",Rejected-Finance,04-Jul-2026,CE RW I||RWCIRCLE-KEONJHAR||RWDIVISION-KEONJHAR - II
2026_EICCL_127992_1,CCE-Khordha (RandB) Circle-16/2025-26,Improvement of road from Atharnala Talabania from 0/000 km to 1/640 km in the District of Puri under state plan for the year 2025-26,Improvement of road from Atharnala Talabania from 0/000 km to 1/640 km in the District of Puri under state plan for the year 2025-26,Works,Open Tender,Percentage,Civil Works - Roads,No,No,NA ,09-Apr-2026 09:00 AM,NA ,90.0,No ,No,Online,18-Apr-2026 11:30 AM,EIC-CIVIL||SERNB-CIRCLE-KHURDA,Puri,752001.0,2.0,"1,38,49,454",AKHANDA BHARAT ASSOCIATES,"8,648,984",Accepted-AOC,30-Jul-2026,EIC-CIVIL||SERNB-CIRCLE-KHURDA
2026_CEBMB_128759_11,e-CHID-01/2026-27,Improvement to both bank of Right Main Canal at RD 9300m of Ghodahada Irrigation Project.,Improvement of Canal system,Works,Open Tender,Percentage,Civil Works - Canal,No,No,NA ,06-May-2026 10:00 AM,NA ,90.0,No ,No,Online,22-May-2026 11:30 AM,"CE-BM,RVN Basin,Berhampur||S.E. Southern Irr. Circle I Berhampur||EE Chikiti Irrigation Divn Berhampur",Berhampur,760004.0,1.0,"9,85,000",SITUN KUMAR SAHU,"836,504",Rejected-AOC,24-Jul-2026,"CE-BM,RVN Basin,Berhampur||S.E. Southern Irr. Circle I Berhampur||EE Chikiti Irrigation Divn Berhampur"
2026_CEMIB_128458_5,SEMIDRGD-03/2026-27,Construction of Atada Check Dam (RG110081) in Rayagada Block of Rayagada District under MATY 3.0 for the Year 2026-27,Construction of Atada Check Dam (RG110081) in Rayagada Block of Rayagada District under MATY 3.0 for the Year 2026-27,Works,National Competitive Bid,Percentage,Civil Works - Others,No,No,NA ,29-Apr-2026 10:00 AM,NA ,90.0,No ,No,Online,14-May-2026 11:00 AM,"CE,Minor Irrigation,BBSR||SE,KBK Minor Irr.CircleII,Jeypore||EE M.I. Division Rayagada",Rayagada,765001.0,2.0,"93,10,299",Akhyaya Kumar Sahu,"9,310,299.31",Rejected-AOC,17-Jun-2026,"CE,Minor Irrigation,BBSR||SE,KBK Minor Irr.CircleII,Jeypore||EE M.I. Division Rayagada"
2026_OSCMF_124183_3,MARKFED/05/2025-26,Repair of 4000 MT cold storage at Jagatpur,Repair of 4000 MT cold storage at Jagatpur,Works,Open Tender,Item Rate,Civil Works - Buildings,No,No,NA ,05-Jan-2026 11:00 AM,NA ,90.0,No ,No,Online,02-Feb-2026 12:00 PM,Odisha State Co-operative Marketing Federation Ltd,Jagatpur,751006.0,1.0,"36,50,402",AKSHAYA KUMAR SETH,"3,661,784",Rejected-Technical,08-Jun-2026,Odisha State Co-operative Marketing Federation Ltd
2025_EICCL_116181_1,CE-ROADS-I-08/2025-26,Improvement of Umerkote-Chandahandi-Malgaon road from 39/500 km to 52/000 km in the district of Nabarangpur under State Plan,Improvement of Umerkote-Chandahandi-Malgaon road from 39/500 km to 52/000 km in the district of Nabarangpur under State Plan,Works,Open Tender,Percentage,Civil Works - Roads,No,No,NA ,28-Jul-2025 11:00 AM,NA ,90.0,No ,No,Online,14-Aug-2025 11:30 AM,EIC-CIVIL,Nabarangpur Division,751001.0,2.0,"21,96,03,937",ANUP BUILDERS,"186,685,307",Accepted-AOC,10-Jul-2026,EIC-CIVIL
2026_CERWI_125642_1,DMGH / Online-13 of 2025-26,Construction of 2 Nos D type Qtr. Building at Bordi PHC(N) for the year 2025-26,Construction of 2 Nos D type Qtr. Building at Bordi PHC(N) for the year 2025-26,Works,National Competitive Bid,Percentage,Civil Works - Buildings,No,No,NA ,06-Feb-2026 10:00 AM,NA ,90.0,No ,No,Online,19-Feb-2026 11:00 AM,CE RW I||RWCIRCLE-BHAWANIPATNA||RWDIVISION-DHARMAGARH,Kalahandi,766015.0,2.0,"67,77,010",ABHIMANYU NAIK,"6,770,233",Rejected-Finance,26-May-2026,CE RW I||RWCIRCLE-BHAWANIPATNA||RWDIVISION-DHARMAGARH
2026_CERWI_126571_1,TENDER ONLINE RCK-03/26,Construction of Kanteijhar to Bandhapalli via Charigochhia in the Dist. of Jajpur for the year 2025-26.,Construction of road works,Works,National Competitive Bid,Percentage,Civil Works - Roads,No,No,NA ,24-Feb-2026 06:00 PM,NA ,90.0,No ,No,Online,06-Mar-2026 11:00 AM,CE RW I||RWCIRCLE-KENDRAPARA,Jajpur,755001.0,2.0,"4,96,41,874",DEBABRATA SAMAL,"49,641,874",Rejected-Finance,03-Jul-2026,CE RW I||RWCIRCLE-KENDRAPARA
2026_CERWI_130796_1,EERWELBBSR- 07/2026-27,"Shifting and reconstruction of 11KV, SS and LT lines due to construction of HL Bridge over river Budhanadi on PWD road located at Bartilo to Khandia Gorada Under R.W.E.S Jagatsinghpur","Shifting and reconstruction of 11KV, SS and LT lines due to construction of HL Bridge over river Budhanadi on PWD road located at Bartilo to Khandia Gorada Under R.W.E.S Jagatsinghpur",Works,Open Tender,Percentage,Electrical Works,No,No,NA ,04-Jun-2026 12:00 PM,NA ,90.0,No ,No,Online,17-Jun-2026 01:00 PM,CE RW I||RW Electrical Circle Bhubaneswar||RW Electrical Division Bhubaneswar,Jagatsinghpur,754103.0,1.0,"9,78,272",GAYATRI SERVICES,"812,064",Rejected-Technical,06-Jul-2026,CE RW I||RW Electrical Circle Bhubaneswar||RW Electrical Division Bhubaneswar
2026_CEMIB_127496_3,SECMID_41/2025-26,Improvement to main canal from RD 714M to RD 978M and RD 821M to 971M and RD 2720M to 3830M of Jantaria MIP in Narasinghpur Block of Cuttack District under MIPSP scheme for the year 2025-26.,Improvement to main canal from RD 714M to RD 978M and RD 821M to 971M and RD 2720M to 3830M of Jantaria MIP in Narasinghpur Block of Cuttack District under MIPSP scheme for the year 2025-26.,Works,Open Tender,Percentage,Civil Works - Canal,No,No,NA ,23-Mar-2026 10:00 AM,NA ,90.0,No ,No,Online,06-Apr-2026 11:00 AM,"CE,Minor Irrigation,BBSR||SECMIC-BHUBANESWAR||CUTTACK",Narasinghpur,754032.0,2.0,"78,56,671",Ankit Das,"7,856,671.07",Rejected-Finance,03-Jul-2026,"CE,Minor Irrigation,BBSR||SECMIC-BHUBANESWAR||CUTTACK"
2025_EICCL_118275_1,C.E. (B) - 24 / 2025-26,"Construction of Govt. College of Nursing at Talcher, Angul.","Construction of Govt. College of Nursing at Talcher, Angul.",Works,Open Tender,Percentage,Civil Works - Buildings,No,No,NA ,19-Sep-2025 06:50 PM,NA ,90.0,No ,No,Online,04-Oct-2025 11:30 AM,EIC-CIVIL,ANGUL DIST.,759100.0,2.0,"18,21,54,398",A P CONSTRUCTIOn,"160,842,333",Rejected-Finance,18-Jul-2026,EIC-CIVIL
2026_CEBBS_129136_16,SE-AID-2/2026-27,Construction of R.C.C Trough wall from RD 4355m to RD 4455m of Tail Distributary of Aunli Irrigation Project Working RD from 4355m to 4463m.,Construction of R.C.C Trough wall from RD 4355m to RD 4455m of Tail Distributary of Aunli Irrigation Project Working RD from 4355m to 4463m,Works,Open Tender,Percentage,Civil Works - Canal,No,No,NA ,13-May-2026 11:00 AM,NA ,90.0,No ,No,Online,25-May-2026 09:00 AM,CE and BM Brahmani Basin Samal||SE Angul Irrigation Circle Angul||EE Angul Irrigation Division Angul,Angul,759143.0,1.0,,ANASUYA BEHERA,"494,297",Rejected-Technical,24-Jun-2026,CE and BM Brahmani Basin Samal||SE Angul Irrigation Circle Angul||EE Angul Irrigation Division Angul
2026_CERWI_131046_1,Online Tender 04/2026-27,R.I.Office at Potlampur_building,R.I.Office at Potlampur_building,Works,National Competitive Bid,Percentage,Civil Works - Buildings,No,No,NA ,04-Jun-2026 01:00 PM,NA ,90.0,No ,No,Online,18-Jun-2026 11:00 AM,CE RW I||RWCIRCLE-BERHAMPUR||RWDIVISION-GANJAM - II,Ganjam,760011.0,1.0,"4,20,339",B RAKESH PATRA,"302,644",Accepted-AOC,20-Jul-2026,CE RW I||RWCIRCLE-BERHAMPUR||RWDIVISION-GANJAM - II
2026_CERWI_130984_1,Online Tender 04/2026-27,Chamakhandi PS_building,Chamakhandi PS_building,Works,National Competitive Bid,Percentage,Civil Works - Buildings,No,No,NA ,04-Jun-2026 01:00 PM,NA ,90.0,No ,No,Online,18-Jun-2026 11:00 AM,CE RW I||RWCIRCLE-BERHAMPUR||RWDIVISION-GANJAM - II,Ganjam,760012.0,1.0,"6,72,363",JOGENDRA SETHY,"470,654",Rejected-AOC,18-Jul-2026,CE RW I||RWCIRCLE-BERHAMPUR||RWDIVISION-GANJAM - II
2026_EICCL_124553_1,SE RandB BDK-28/2025-26-2,"Construction of Revenue Inspector (R.I) Office-cum-Residence at Dhamnagar, Ward No. 9 under Dhamnagar NAC in the District of Bhadrak","Construction of Revenue Inspector (R.I) Office-cum-Residence at Dhamnagar, Ward No. 9 under Dhamnagar NAC in the District of Bhadrak",Works,Open Tender,Percentage,Civil Works - Buildings,No,No,NA ,13-Jan-2026 06:55 PM,NA ,90.0,No ,No,Online,22-Jan-2026 11:30 AM,EIC-CIVIL||SERNB-CIRCLE-EASTERN||EERNB-DIVN-BHADRAK,Bhadrak,756100.0,2.0,,Gourahari Sahoo,"4,160,878.85",Accepted-AOC,24-Jul-2026,EIC-CIVIL||SERNB-CIRCLE-EASTERN||EERNB-DIVN-BHADRAK
2026_CERWI_129091_1,NCB-03/ RWCKJR/2026-27,Construction of bridge over Champajhar Nallah on Goudachampei to Kodipasa Gopalsahi road. (4x10.77 mtr. c/c with Open Foundation) under SBY in the District of Keonjhar.,Construction of bridge over Champajhar Nallah on Goudachampei to Kodipasa Gopalsahi road. (4x10.77 mtr. c/c with Open Foundation) under SBY in the District of Keonjhar.,Works,National Competitive Bid,Percentage,Civil Works - Bridges,No,No,NA ,09-May-2026 02:45 PM,NA ,90.0,No ,No,Online,22-May-2026 11:00 AM,CE RW I||RWCIRCLE-KEONJHAR,Keonjhar,758001.0,2.0,"4,34,49,127",AMAN INFRA ENGINEERING AND CONSTRUCTION,"43,449,126.938",Rejected-Finance,31-Jul-2026,CE RW I||RWCIRCLE-KEONJHAR
2026_CEBBS_129136_17,SE-AID-2/2026-27,Construction of R.C.C Trough wall from RD 2280m to RD 2300m of Dangapal Minor of Aunli Irrigation Project. Working RD 2240m to 2314m,Construction of R.C.C Trough wall from RD 2280m to RD 2300m of Dangapal Minor of Aunli Irrigation Project. Working RD 2240m to 2314m,Works,Open Tender,Percentage,Civil Works - Canal,No,No,NA ,13-May-2026 11:00 AM,NA ,90.0,No ,No,Online,25-May-2026 09:00 AM,CE and BM Brahmani Basin Samal||SE Angul Irrigation Circle Angul||EE Angul Irrigation Division Angul,Angul,759143.0,1.0,,BAPUJI KUMAR SAHOO,"476,157",Rejected-Technical,24-Jun-2026,CE and BM Brahmani Basin Samal||SE Angul Irrigation Circle Angul||EE Angul Irrigation Division Angul
2026_OBCC_128110_1,01/Tender/OBCC/2026-27,"Supply, Installation, Testing and Commissioning of Audio-Conferencing System in 2nd Floor Conference Hall at Head Office, OBCC Ltd., Bhubaneswar","Supply, Installation, Testing and Commissioning of Audio-Conferencing System in 2nd Floor Conference Hall at Head Office, OBCC Ltd., Bhubaneswar",Goods,Open Tender,Item Rate,Miscellaneous Goods,No,No,NA ,13-Apr-2026 06:30 PM,NA ,90.0,No ,No,Online,28-Apr-2026 05:30 PM,Orissa Bridge and Construction Corporation Ltd,"Vikash Bhawan, Nayapalli, Bhubaneswar",751012.0,1.0,,PRASAD ENTERPRISES,"1,449,900",Rejected-Finance,27-Jul-2026,Orissa Bridge and Construction Corporation Ltd
2026_ORULB_127820_21,MC(CMC)CTC_Div-IIINo4/2026-27,Construction of Park at Pratap Nagari Sai Temple back side in ward no 58,Construction of Park at Pratap Nagari Sai Temple back side in ward no 58,Works,Open Tender,Percentage,Civil Works - Others,No,No,NA ,12-May-2026 02:00 PM,NA ,105.0,No ,No,Online,28-May-2026 10:00 AM,Municipal Bodies||Cuttack Municipal Corporation,CMC,753012.0,1.0,"32,14,684",AMITABH SWAIN,"3,214,684",Rejected-AOC,25-Jul-2026,Municipal Bodies||Cuttack Municipal Corporation
2026_CERWI_126672_2,Road Online NCB No19,SR to Uchabali to Kemedia Road,SR to Uchabali to Kemedia Road,Works,National Competitive Bid,Percentage,Civil Works - Roads,No,No,NA ,26-Feb-2026 02:00 PM,NA ,60.0,No ,No,Online,07-Mar-2026 11:00 AM,CE RW I||RWCIRCLE-KEONJHAR||RWDIVISION-KEONJHAR - II,Kemendia,758001.0,1.0,"31,69,000",BISWAJIT BEHERA,"3,169,377",Rejected-Finance,04-Jul-2026,CE RW I||RWCIRCLE-KEONJHAR||RWDIVISION-KEONJHAR - II
2026_NBCC_132175_1,NBCC/SBG/Odisha/NIT/26-27/21,"Construction and Development Works of Godabarisha Mishra Adarsha Prathamika Vidyalaya at Various Locations in the District of Bolangir, Odisha.","Construction and Development Works of Godabarisha Mishra Adarsha Prathamika Vidyalaya at Various Locations in the District of Bolangir, Odisha.",Works,Open Tender,Percentage,Civil Works - Buildings,No,No,NA ,15-Jun-2026 04:00 PM,NA ,150.0,No ,No,Online,06-Jul-2026 11:30 AM,NBCC INDIA LIMITED,Bolangir,767001.0,2.0,"40,62,34,440",D. K. Engineering and Construction,"350,255,334",Rejected-Technical,21-Jul-2026,NBCC INDIA LIMITED
2026_CERWI_124715_16,EERWGNP-Online-10/2025-26,Repair and Maintenance of Putasingi to Nuagada Reach III Ch 20.00 to 25.00 km Road in the district of Rayagada for the year 2025 26,Repair and Maintenance of Putasingi to Nuagada Reach III Ch 20.00 to 25.00 km Road in the district of Rayagada for the year 2025 26,Works,Open Tender,Percentage,Civil Works - Roads,No,No,NA ,19-Jan-2026 10:00 AM,NA ,90.0,No ,No,Online,28-Jan-2026 11:00 AM,CE RW I||RWCIRCLE-RAYAGADA||RWDIVISION-GUNUPUR,Gunupur,764062.0,1.0,"14,95,075",BHARATI PADHY,"1,168,850.01",,10-Jul-2026,CE RW I||RWCIRCLE-RAYAGADA||RWDIVISION-GUNUPUR
2025_OLIC_123977_38,OLIC-BPT-05/2025-26 Dt.24.12.2025,INSTALLATION AND ENERGISATION OF ADRI L.I. PROJECT UNDER TH.RAMPUR BLOCK IN KALAHANDI DISTRICT OUT OF RIDF-2025-26,INSTALLATION AND ENERGISATION OF ADRI L.I. PROJECT UNDER TH.RAMPUR BLOCK IN KALAHANDI DISTRICT OUT OF RIDF-2025-26,Works,National Competitive Bid,Percentage,Civil Works - Lift Irrigation Schemes,No,No,NA ,01-Jan-2026 11:00 AM,NA ,90.0,No ,No,Online,31-Jan-2026 11:00 AM,Orissa Lift Irrigation Corporation||LI Western Circle Bhawanipatna||LI Division Bhawanipatna,TH.RAMPUR,766037.0,1.0,"29,72,454",ABHINANDAN PANDA,"2,526,883",Rejected-Finance,28-Apr-2026,Orissa Lift Irrigation Corporation||LI Western Circle Bhawanipatna||LI Division Bhawanipatna
2026_OSCMF_124183_2,MARKFED/05/2025-26,Construction of office room along with toilet for 2000 MT godown at Boudh,Construction of office room along with toilet for 2000 MT godown at Boudh,Works,Open Tender,Item Rate,Civil Works - Buildings,No,No,NA ,05-Jan-2026 11:00 AM,NA ,90.0,No ,No,Online,02-Feb-2026 12:00 PM,Odisha State Co-operative Marketing Federation Ltd,Boudh,751006.0,1.0,"5,09,918",ANIL KUMAR JENA,"511,508",Rejected-Technical,08-Jun-2026,Odisha State Co-operative Marketing Federation Ltd
2026_CERWI_129619_1,Online Tender 01 RWD SBD 2026 27,SR to Fire Station office building at Nandapur for the year 2026-27_building,SR to Fire Station office building at Nandapur for the year 2026-27_building,Works,Open Tender,Percentage,Civil Works - Buildings,No,No,NA ,22-May-2026 11:00 AM,NA ,90.0,No ,No,Online,05-Jun-2026 11:00 AM,CE RW I||RWCIRCLE-SUNABEDA||RWDIVISION-SUNABEDA,Sunabeda,763001.0,1.0,"13,13,203",Bhaskar Haroku Barik,"1,116,354",Rejected-AOC,12-Jul-2026,CE RW I||RWCIRCLE-SUNABEDA||RWDIVISION-SUNABEDA
2026_OCCL_127701_1,E-Procurement Notice No. 65/OCCL/2025-26 (on-line),E-Procurement Notice No. 65/OCCL/2025-26 (on-line),"Dismantling, removal and shifting of existing radial gates with its components and erection of new radial gates Dismantling of hoist bridge including hoisting arrangements and re-erection of the same after erection of new radial gate muran dam",Works,Open Tender,Item Rate,Mechanical Works,No,No,NA ,31-Mar-2026 10:00 AM,NA ,90.0,No ,No,Online,16-Apr-2026 11:30 AM,ODISHA CONSTRUCTION CORPORATION LTD||CIVIL,"Khatiguda, Nabarangapur",764085.0,2.0,0.0,KAMAKSHI ENGINEERING WORKS,"7,824,065",Rejected-Finance,20-Jul-2026,ODISHA CONSTRUCTION CORPORATION LTD||CIVIL
2026_EICCL_130786_1,IFB-SE PWD BGH No.01 OF 2026-27,Shifting of 11KV Line and LT Line for Widening of Road at Bhatli Grid to Towards Bhukta Road (Ch-20.000km-34.000km) on Bargarh-Bhatli-Ambabhona Road in the District of Bargarh for the year 2026-27,ELECTRICAL WORK,Works,Open Tender,Percentage,Electrical Works,No,No,NA ,04-Jun-2026 11:00 AM,NA ,90.0,No ,No,Online,17-Jun-2026 11:30 AM,EIC-CIVIL||SERNB-CIRCLE-NORTHERN||EERNB-DIVN-BARGARH,AMBABHONA,768031.0,1.0,"15,02,742",HIMANSU PANDA,"1,486,963",Accepted-AOC,28-Jul-2026,EIC-CIVIL||SERNB-CIRCLE-NORTHERN||EERNB-DIVN-BARGARH
2026_CERWI_126099_1,RWCCESNG-32 of 2025-26,Construction of road from Telijore Karwabahal PWD road to Ghogar,Construction of road from Telijore Karwabahal PWD road to Ghogar,Works,National Competitive Bid,Percentage,Civil Works - Roads,No,No,NA ,16-Feb-2026 11:00 AM,NA ,90.0,No ,No,Online,05-Mar-2026 11:00 AM,CE RW I||RW-CIRCLE-SUNDARGARH,Sundergarh,770020.0,2.0,"3,99,73,200",GOURAV CONSTRUCTION,"39,933,226.506",Rejected-Finance,03-Jul-2026,CE RW I||RW-CIRCLE-SUNDARGARH
2026_ORULB_127834_8,1/SMC_SBP/2026-27,Construction of paver block road at Sunapali Gauntia Pada near Sunapali Tank ward no-33,Construction of paver block road at Sunapali Gauntia Pada near Sunapali Tank ward no-33,Works,Open Tender,Percentage,Civil Works - Others,No,No,NA ,09-Apr-2026 11:00 AM,NA ,90.0,No ,No,Online,20-Apr-2026 11:00 AM,Municipal Bodies||Sambalpur Municipal Corporation,SAMBALPUR MUNICIPAL CORPORATION,768006.0,1.0,"16,95,011",ABDUL AZIZ ANSARY,"1,692,336",Rejected-Technical,31-Jul-2026,Municipal Bodies||Sambalpur Municipal Corporation
2026_CERWI_127448_1,Tender Online RCK-04/26,Construction of Road PMGSY road Udayanathpur charimania Pry. School to Erada via Batteswar Temple in the Dist. of Jajpur for the year 2025-26.,Construction of road works,Works,National Competitive Bid,Percentage,Civil Works - Roads,No,No,NA ,19-Mar-2026 06:00 PM,NA ,90.0,No ,No,Online,06-Apr-2026 11:00 AM,CE RW I||RWCIRCLE-KENDRAPARA,Jajpur,755001.0,2.0,"3,26,87,543",AMRITA DAS,"26,153,303",Rejected-Finance,08-Jul-2026,CE RW I||RWCIRCLE-KENDRAPARA
2026_ORULB_127140_6,BM_14_2025_26,CONSTRUCTION OF MAHANAL DRAIN WITH COVER SLAB FROM CHAITANYA NAYAK RES TO SANATAN NAYAK RES AT NILIABAG NEW COLONY IN WARD NO. 29,CONSTRUCTION OF MAHANAL DRAIN WITH COVER SLAB FROM CHAITANYA NAYAK RES TO SANATAN NAYAK RES AT NILIABAG NEW COLONY IN WARD NO. 29,Works,Open Tender,Percentage,Civil Works - Others,No,No,NA ,11-Mar-2026 11:00 AM,NA ,90.0,No ,No,Online,23-Mar-2026 11:00 AM,Municipal Bodies||Balasore Municipality,Balasore Municipality,756003.0,1.0,"26,01,695",ASHIS SAHU,"1,927,335.63",Rejected-Technical,18-Jul-2026,Municipal Bodies||Balasore Municipality
2026_ORULB_128191_7,4/SMC_SBP/2026-27,"Construction of Paver Road Work From Advocate Narendra Badhei house to Sanjukta Mishra House, Adarsha Marg ,Ward no-21","Construction of Paver Road Work From Advocate Narendra Badhei house to Sanjukta Mishra House, Adarsha Marg ,Ward no-21",Works,Open Tender,Percentage,Civil Works - Others,No,No,NA ,21-Apr-2026 11:00 AM,NA ,120.0,No ,No,Online,01-May-2026 11:00 AM,Municipal Bodies||Sambalpur Municipal Corporation,SAMBALPUR MUNICIPAL CORPORATION,768006.0,1.0,"5,91,619",KAUSHTUB KUMAR AGARWAL,"591,609",Accepted-AOC,15-Jul-2026,Municipal Bodies||Sambalpur Municipal Corporation
2026_ORULB_128734_21,SNP-MUN-37/2026-27,"Restoration of Drain from Mangulu Nayak House to Atal Mahapatra House, restoration of Road From Mangulu House to Pravakar Dalei House and Restoration of Road and Drain From sitelei Mandir to Bikash Panda House in ward no-9","Restoration of Drain from Mangulu Nayak House to Atal Mahapatra House, restoration of Road From Mangulu House to Pravakar Dalei House and Restoration of Road and Drain From sitelei Mandir to Bikash Panda House in ward no-9",Works,Open Tender,Percentage,Civil Works - Others,No,No,NA ,05-May-2026 11:00 AM,NA ,60.0,No ,No,Online,16-May-2026 11:00 AM,Municipal Bodies||Sonepur Municipal Council,Sonepur Municipality,767017.0,1.0,"4,18,728",SWITY AGRAWAL,"418,427",Rejected-Technical,26-Jul-2026,Municipal Bodies||Sonepur Municipal Council
2026_CERWI_125850_1,RWCSBP-29 OF 2025-26,Construction of road from San Balimal to Naktipali,Construction of road from San Balimal to Naktipali,Works,Open Tender,Percentage,Civil Works - Roads,No,No,NA ,11-Feb-2026 10:00 AM,NA ,90.0,No ,No,Online,20-Feb-2026 11:00 AM,CE RW I||RWCIRCLE-SAMBALPUR,Kuchinda,768222.0,2.0,"3,36,59,321",CHAWALA CONSTRUCTION,"26,345,151",Rejected-Finance,10-Jul-2026,CE RW I||RWCIRCLE-SAMBALPUR
2026_ORULB_128734_35,SNP-MUN-37/2026-27,CONSTRUCTION OF PAVER ROAD SATYAM SANITARY BACK SIDE TO MOHARANA BABU HOUSE IN WARD NO-11,CONSTRUCTION OF PAVER ROAD SATYAM SANITARY BACK SIDE TO MOHARANA BABU HOUSE IN WARD NO-11,Works,Open Tender,Percentage,Civil Works - Others,No,No,NA ,05-May-2026 11:00 AM,NA ,60.0,No ,No,Online,16-May-2026 11:00 AM,Municipal Bodies||Sonepur Municipal Council,Sonepur Municipality,767017.0,1.0,"7,18,499",REKHA AGRAWAL,"718,498",Rejected-Technical,24-Jul-2026,Municipal Bodies||Sonepur Municipal Council
2026_EICCL_126033_2,"Bid Identification No- C.C. (R and B)-01,105/2025-26","Improvement to OLA Building Such as Supply, Installation, Testing and Commissioning of 250KVA DG Set with A.M.F Panel for Assembly House AC Plant and VRF AC loads.","Improvement to OLA Building Such as Supply, Installation, Testing and Commissioning of 250KVA DG Set with A.M.F Panel for Assembly House AC Plant and VRF AC loads",Works,National Competitive Bid,Percentage,Electrical Works,No,No,NA ,14-Feb-2026 09:00 AM,NA ,90.0,No ,No,Online,25-Feb-2026 04:00 PM,EIC-CIVIL||SERNB-CIRCLE-CENTRAL,"OLA ,BHUBANESWAR",751001.0,1.0,"37,89,987",AJANTA ENTERPRISES,"2,841,732",Rejected-Finance,27-Jul-2026,EIC-CIVIL||SERNB-CIRCLE-CENTRAL
2026_CERWI_126430_1,01/2025-26(Buildings),Construction of block level stadium with Indoor hall building in Rairangpur Block Mayurbhanj,Construction of block level stadium with Indoor hall building in Rairangpur Block Mayurbhanj,Works,National Competitive Bid,Percentage,Civil Works - Buildings,No,No,NA ,23-Feb-2026 10:00 AM,NA ,90.0,No ,No,Online,12-Mar-2026 11:00 AM,CE RW I,Mayurbhanj,751001.0,2.0,"14,20,66,946",BIJAYA KUMAR PRADHAN,"113,554,110",Rejected-Finance,08-Jul-2026,CE RW I
2026_ORULB_128661_2,BINKA-NAC-01/2026-27,"Construction of Pathway Infront of Park on Papakshya Road, w.no.10","Construction of Pathway Infront of Park on Papakshya Road, w.no.10",Works,Open Tender,Percentage,Civil Works - Others,No,No,NA ,01-May-2026 11:00 AM,NA ,180.0,No ,No,Online,11-May-2026 11:00 AM,Municipal Bodies||Binka NAC,BINKA,767019.0,1.0,,ANANDA KUMAR PANDA,"846,581",Rejected-AOC,01-Jul-2026,Municipal Bodies||Binka NAC
2025_CERWI_122153_1,Tender Online - 09 of 2025-26,Construction of Kunjabihari Higher Secondary School building at Nuagaon under Erasama Block for the year 2025-26,Construction of Kunjabihari Higher Secondary School building at Nuagaon under Erasama Block for the year 2025-26,Works,Open Tender,Percentage,Civil Works - Buildings,No,No,NA ,28-Nov-2025 12:00 PM,NA ,90.0,No ,No,Online,08-Dec-2025 11:00 AM,CE RW I||RWCIRCLE-CUTTACK||RWDIVISION-JAGATSINGHPUR,Jagatsinghpur,754103.0,2.0,"70,49,000",JYOTI RANJAN SWAIN,"5,987,656",Rejected-Finance,23-Jul-2026,CE RW I||RWCIRCLE-CUTTACK||RWDIVISION-JAGATSINGHPUR
2026_CEBMB_128949_34,SE-HID-ADV-02/2026-27,Construction of guard wall upstream of fall at RD 13170 m of Kadaguda Distributary of Harabhangi Irrigation Project,MAINTENANCE WORK,Works,National Competitive Bid,Percentage,Civil Works - Others,No,No,NA ,11-May-2026 11:00 AM,NA ,90.0,No ,No,Online,25-May-2026 11:00 AM,"CE-BM,RVN Basin,Berhampur||SE Southern Irr Circle II Paralakhemundi||EE Harabhangi Irr Divn Adava",ADAVA,761217.0,1.0,"8,38,399",BITU BEHERA,"669,881",Rejected-Finance,22-Jul-2026,"CE-BM,RVN Basin,Berhampur||SE Southern Irr Circle II Paralakhemundi||EE Harabhangi Irr Divn Adava"
2026_CEBMB_128949_20,SE-HID-ADV-02/2026-27,"M/R to sanyasipur branch canal Canal(RD 00m to Tail) and Dombosora Minor (00 to tail ),Arai minor,rayalpodar S/M,MarigudaS/M AraiS/M, DokasuklaS/M I,Sanyasipur Minor,Dokasukla II,Sri RampurS/M,Loba S/M I, S/M II,BulsundaS/M I,S/M II,S/M III of BIP.",DESILTING OF CANAL,Works,National Competitive Bid,Percentage,Civil Works - Others,No,No,NA ,11-May-2026 11:00 AM,NA ,90.0,No ,No,Online,25-May-2026 11:00 AM,"CE-BM,RVN Basin,Berhampur||SE Southern Irr Circle II Paralakhemundi||EE Harabhangi Irr Divn Adava",ADAVA,761217.0,1.0,"10,35,472",RAJENDRA PRASAD SAHU,"1,035,472",Rejected-AOC,24-Jun-2026,"CE-BM,RVN Basin,Berhampur||SE Southern Irr Circle II Paralakhemundi||EE Harabhangi Irr Divn Adava"
2026_CERWI_129109_1,Online Tender 01 RWD Kuchinda 2026-27,S/R to Out post building at Kusumi in the District of Sambalpur for the year 2026-27.,S/R to Out post building at Kusumi in the District of Sambalpur for the year 2026-27.,Works,Open Tender,Percentage,Civil Works - Buildings,No,No,NA ,11-May-2026 11:00 AM,NA ,90.0,No ,No,Online,22-May-2026 11:00 AM,CE RW I||RWCIRCLE-SAMBALPUR||RW Division Kuchinda,Kuchinda,768222.0,1.0,"6,77,879",BINAPANI PATEL,"677,879",Rejected-AOC,22-Jun-2026,CE RW I||RWCIRCLE-SAMBALPUR||RW Division Kuchinda
2026_ORULB_125949_6,BMC-EE-Tender Cell-71/2025-26 dt. 11.02.2026,Improvement of road of Jagannath Vihar and BJB Society at Sundarpada in Ward No. 67,Improvement of road of Jagannath Vihar and BJB Society at Sundarpada in Ward No. 67,Works,Open Tender,Percentage,Civil Works - Roads,No,No,NA ,14-Feb-2026 10:30 AM,21-Feb-2026 03:30 PM ,120.0,No ,No,Online,02-Mar-2026 03:30 PM,Municipal Bodies||Bhubaneswar Municipal Corporation,BMC AREA,751022.0,2.0,"78,30,281",BHABANI SANKAR MALLIA,"9,655,519",Rejected-Finance,01-Jul-2026,Municipal Bodies||Bhubaneswar Municipal Corporation
2026_OPEPA_129643_8,DPC/SS/SNG/13OF2026-27,"INFRASTRUCTURE DEVELOPMENT OF GOVT PRIMARY SCHOOL NADITOLA, GOVT UPPER PRIMARY SCHOOL LUNGEI UNDER LATHIKATA BLOCK (2)","INFRASTRUCTURE DEVELOPMENT OF GOVT PRIMARY SCHOOL NADITOLA, GOVT UPPER PRIMARY SCHOOL LUNGEI UNDER LATHIKATA BLOCK (2)",Works,Open Tender,Percentage,Civil Works - Buildings,No,No,NA ,25-May-2026 09:00 AM,NA ,90.0,No ,No,Online,16-Jun-2026 05:30 PM,OPEPA Bhubaneswar||Samagra Shiksha Sundargarh,SUNDARGARH,770001.0,2.0,"5,91,98,799",AJAY KUMAR AGRAWAL,"59,198,799.26",Rejected-Technical,06-Jul-2026,OPEPA Bhubaneswar||Samagra Shiksha Sundargarh
2026_EICCL_129279_1,SC RandB GM-II-3/2026-27,"Construction of ITI Chatrapur such as compund wall, retaining wall, paver block at Govt ITI Chatrapur Ganjam.","Construction of ITI Chatrapur such as compund wall, retaining wall, paver block at Govt ITI Chatrapur Ganjam.",Works,Open Tender,Percentage,Civil Works - Buildings,No,No,NA ,14-May-2026 10:00 AM,NA ,90.0,No ,No,Online,26-May-2026 11:30 AM,EIC-CIVIL||SERNB-CIRCLE-BERHAMPUR||EERNB-DIVN-GANJAM II,Ganjam,760005.0,1.0,"41,94,894",DEEPAK SAHU,"2,978,375",Accepted-AOC,21-Jul-2026,EIC-CIVIL||SERNB-CIRCLE-BERHAMPUR||EERNB-DIVN-GANJAM II
2026_ECCHA_127145_17,"e-Procurement Notice No.ACE, EC-II 12 of 2025-26","ACE, EC-II JKID 57 of 2025-26 Lining of Mundamal Sub-minor from RD 0.340km to 1.230km and Derabar Sub-minor from RD 2.670km to 3.762km of HLC Range-I (Working RD. 0.34 km to 1.23 km and 2.76 km to 3.667 km)",Canal lining,Works,National Competitive Bid,Percentage,Civil Works - Canal,No,No,NA ,11-Mar-2026 10:00 AM,NA ,90.0,No ,No,Online,26-Mar-2026 11:30 AM,CE AND BM MBBS CHANDIKOLE||EASTERN CIRCLE II CHANDIKOLE,Chandikhole,755044.0,2.0,"2,51,32,404",NAKULA ROUT,"23,878,297",Rejected-Finance,10-Jul-2026,CE AND BM MBBS CHANDIKOLE||EASTERN CIRCLE II CHANDIKOLE
2026_EICCL_126329_1,eTCN-78 of 2025-26,Conversion of 33KV line to UG Cable from OERC to Tatwa Avenue Road towards infocity road junction for widening of road from Institute of Mathematics to Ekamrakanan Via Infocity C.S.Pur Bhubaneswar,Conversion of 33KV line to UG Cable from OERC to Tatwa Avenue Road towards infocity road junction for widening of road from Institute of Mathematics to Ekamrakanan Via Infocity C.S.Pur Bhubaneswar,Works,Open Tender,Percentage,Electrical Works,No,No,NA ,20-Feb-2026 12:00 PM,NA ,90.0,No ,No,Online,27-Feb-2026 11:30 AM,EIC-CIVIL||SERNB-CIRCLE-CENTRAL||EERNB-DIVN-III-BBSR,Bhubaneswar,751001.0,1.0,"49,97,097",AGRAWALLA POWER INFRASTRUCTURE,"4,959,619",Rejected-Finance,01-Jul-2026,EIC-CIVIL||SERNB-CIRCLE-CENTRAL||EERNB-DIVN-III-BBSR
2025_CERWI_120972_29,EEPTNG-online-12/2025-26,S/R to Phudukupada to Maghamara for the year 2025-26,S/R to Phudukupada to Maghamara for the year 2025-26,Works,Open Tender,Percentage,Civil Works - Roads,No,No,NA ,10-Nov-2025 11:00 AM,NA ,90.0,No ,No,Online,24-Nov-2025 11:00 AM,CE RW I||RWCIRCLE-BALANGIR||RW Division Patnagarh,Patnagarh,767025.0,1.0,"6,78,000",ASHISH KUMAR PATRA,"576,831.08",Rejected-Finance,01-Jul-2026,CE RW I||RWCIRCLE-BALANGIR||RW Division Patnagarh
2026_CEMIB_124778_7,"SE,MID,SBP/16/2025-26",Construction of Dandeijharan Check Dam over local nalla in Rairakhol Block of Sambalpur District under MATY 2025-26.,Construction of Dandeijharan Check Dam over local nalla in Rairakhol Block of Sambalpur District under MATY 2025-26.,Works,Open Tender,Percentage,Civil Works - Water Works,No,No,NA ,19-Jan-2026 11:00 AM,NA ,90.0,No ,No,Online,02-Feb-2026 10:00 AM,"CE,Minor Irrigation,BBSR||SENMIC-SAMBALPUR||SAMBALPUR",Sambalpur,768001.0,1.0,"37,25,552",ABHILAS PRADHAN,"3,721,825.55",Rejected-AOC,23-Feb-2026,"CE,Minor Irrigation,BBSR||SENMIC-SAMBALPUR||SAMBALPUR"
2025_STSCD_121511_3,01 / ITDA BNI of 2025-26,Construction of New 100 Seated Girls Hostel building at Soyamba of Koira Block.,Construction of New 100 Seated Girls Hostel building at Soyamba of Koira Block.,Works,Open Tender,Percentage,Civil Works - Buildings,No,No,NA ,19-Nov-2025 05:00 PM,NA ,90.0,No ,No,Online,09-Dec-2025 11:00 AM,ST and SC Development Deptt||ITDA Bonai,Bonaigarh,770038.0,2.0,"2,72,71,654",ACHYUTANANDA PRADHAN,"23,183,632",Accepted-AOC,29-Jul-2026,ST and SC Development Deptt||ITDA Bonai
2026_RMC_128133_5,MC/RMC/26/2026,"Development of pond and Retaining wall at Leprosy pada, Deogaon, Ward No. 07 under RMC Rourkela",Works,Works,Open Tender,Percentage,Civil Works - Others,No,No,NA ,15-Apr-2026 06:00 PM,NA ,90.0,No ,No,Online,04-May-2026 10:00 AM,Rourkela Municipal Corporation,Rourkela,769012.0,1.0,"13,60,000",ANIL BEHERA (S.C),"1,360,184.63",Rejected-Technical,08-Jul-2026,Rourkela Municipal Corporation
2025_OLIC_123796_9,BID NO. 07/Dt.23/12/2025,REVIVAL OF HARIPA-I TW LI PROJECT,REVIVAL OF HARIPA-I TW LI PROJECT,Works,Open Tender,Percentage,Civil Works - Lift Irrigation Schemes,No,No,NA ,31-Dec-2025 10:00 AM,NA ,365.0,No ,No,Online,16-Jan-2026 10:00 AM,"Orissa Lift Irrigation Corporation||LI,Central Circle, Cuttack||LI Division Cuttack",ERASAMA BLOCK,754001.0,1.0,"16,01,428",AGRAWALLA POWER INFRASTRUCTURE,"1,601,428",Accepted-AOC,21-Jul-2026,"Orissa Lift Irrigation Corporation||LI,Central Circle, Cuttack||LI Division Cuttack"
2025_OLIC_123796_26,BID NO. 07/Dt.23/12/2025,REVIVAL OF KULASAMITANGA-I TW LI PROJECT,REVIVAL OF KULASAMITANGA-I TW LI PROJECT,Works,Open Tender,Percentage,Civil Works - Lift Irrigation Schemes,No,No,NA ,31-Dec-2025 10:00 AM,NA ,365.0,No ,No,Online,16-Jan-2026 10:00 AM,"Orissa Lift Irrigation Corporation||LI,Central Circle, Cuttack||LI Division Cuttack",SALIPUR BLOCK,754001.0,1.0,"14,54,487",AGRAWALLA POWER INFRASTRUCTURE,"1,454,487",Accepted-AOC,21-Jul-2026,"Orissa Lift Irrigation Corporation||LI,Central Circle, Cuttack||LI Division Cuttack"
2026_CEMIB_129607_2,SECMID_03/2026-27,Construction of Juanbandha Check Dam over Local Nalla Near Parabatia in Chhangaon GP in Athagarh Block of Cuttack District under MATY Scheme for the year 2026-27.,Construction of Juanbandha Check Dam over Local Nalla Near Parabatia in Chhangaon GP in Athagarh Block of Cuttack District under MATY Scheme for the year 2026-27.,Works,Open Tender,Percentage,Civil Works - Canal,No,No,NA ,22-May-2026 10:00 AM,NA ,90.0,No ,No,Online,01-Jun-2026 11:00 AM,"CE,Minor Irrigation,BBSR||SECMIC-BHUBANESWAR||CUTTACK",Athagarh,754029.0,2.0,"51,67,208",ADARSA BISWAL,"5,167,208",Rejected-Finance,30-Jul-2026,"CE,Minor Irrigation,BBSR||SECMIC-BHUBANESWAR||CUTTACK"
2025_PHEO_120453_1,SEPHBBSR-41(03)/2025-26 DTD.30.10.2025,Provision of 58.5 KVA DG set including construction of foundation and shed with all accessories in connection with the work Construction of ESR including ancillary works in Zone No-6 on Rukhi Hill in ward No-9 at Nayagarh,Provision of 58.5 KVA DG set including construction of foundation and shed with all accessories in connection with the work Construction of ESR including ancillary works in Zone No-6 on Rukhi Hill in ward No-9 at Nayagarh,Works,National Competitive Bid,Percentage,Civil Works - Water Works,No,No,NA ,04-Nov-2025 01:30 PM,NA ,120.0,No ,No,Online,18-Nov-2025 12:30 PM,PHEO||SEPH-CIRCLE-BBSR||EE P.H. Division Bhubaneswar,"Rukhi Hill, Nayagarh",752069.0,1.0,"11,60,000",ABC CONSTRUCTIONS,"985,732",Rejected-AOC,10-Jul-2026,PHEO||SEPH-CIRCLE-BBSR||EE P.H. Division Bhubaneswar
2026_CEMWR_127181_1,SE/MDA-08(1)/2025-26,HYDROMECHANICAL GATE WORK,"Fabrication, Supply AND Erection of Gate AND Hoist scouring sluice of Dunduliguda check dam in Kalyansingpur block under MI Division, Rayagada.",Works,Open Tender,Percentage,Mechanical Works,No,No,NA ,12-Mar-2026 10:00 AM,NA ,90.0,No ,No,Online,23-Mar-2026 12:00 PM,Chief Engineer Mech - WR Bhubaneswar||SE Mechanical Circle Bhubaneswar||EE Mechanical Division Berhampur,"Kalyansingpur block under MI Division, Rayagada",765016.0,1.0,"9,02,622",ABHISEKH ENTERPRISERS,"902,622.35",Rejected-Finance,04-Jul-2026,Chief Engineer Mech - WR Bhubaneswar||SE Mechanical Circle Bhubaneswar||EE Mechanical Division Berhampur
2026_GWCDB_128350_1,GMWATCO-I/05(02)/2026-27 Dt.16.04.2026,"Provision for laying of pipe line with ancillary works for water supply to under Ground Reservoir of Rehabilitation project for slum and informal settlements under HFA for Economically weaker section(EWS) at Ghatikia, Bhubaneswar","Provision for laying of pipe line with ancillary works for water supply to under Ground Reservoir of Rehabilitation project for slum and informal settlements under HFA for Economically weaker section(EWS) at Ghatikia, Bhubaneswar",Works,National Competitive Bid,Percentage,Civil Works - Water Works,No,No,NA ,22-Apr-2026 11:00 AM,NA ,120.0,No ,No,Online,14-May-2026 12:30 PM,WATCO Bhubaneswar||Director (Operation) Watco||GM WATCO DIVISION-I BBSR,"Ghatikia, Bhubaneswar",751003.0,2.0,"64,95,000",BALAJI CONTECH PROJECTS PVT LTD,"4,806,537",Rejected-AOC,29-Jul-2026,WATCO Bhubaneswar||Director (Operation) Watco||GM WATCO DIVISION-I BBSR
2025_EICCL_113402_1,CCE DKL R and B/02-2025-26,"Improvement to Tangi Bhatimunda road from 1/987 km to 2/425 km, 2/700 km to 2/800 km, 3/100 km to 3/625 km and 4/285 km to 5/345 km in the district of Cuttack.","Improvement to Tangi Bhatimunda road from 1/987 km to 2/425 km, 2/700 km to 2/800 km, 3/100 km to 3/625 km and 4/285 km to 5/345 km in the district of Cuttack.",Works,Open Tender,Percentage,Civil Works - Roads,No,No,NA ,15-May-2025 01:00 PM,NA ,90.0,No ,No,Online,30-May-2025 11:00 AM,EIC-CIVIL||SERNB-CIRCLE-DHENKANAL,Choudwar,754025.0,2.0,"2,03,92,275",ABHIJIT DAS,"17,335,473",Accepted-AOC,04-Jul-2026,EIC-CIVIL||SERNB-CIRCLE-DHENKANAL
2026_CEBMB_128949_4,SE-HID-ADV-02/2026-27,Desilting and Strengthening of Left Distributary in between RD 00m to 7900m of Harabhangi Irrigation Project.,DESILTING OF CANAL,Works,National Competitive Bid,Percentage,Civil Works - Others,No,No,NA ,11-May-2026 11:00 AM,NA ,90.0,No ,No,Online,25-May-2026 11:00 AM,"CE-BM,RVN Basin,Berhampur||SE Southern Irr Circle II Paralakhemundi||EE Harabhangi Irr Divn Adava",ADAVA,761217.0,1.0,"9,65,533",BAINATH NAIK,"772,523",Accepted-AOC,01-Jul-2026,"CE-BM,RVN Basin,Berhampur||SE Southern Irr Circle II Paralakhemundi||EE Harabhangi Irr Divn Adava"
2025_EICCL_123165_1,CE-Roads-I-16/2025-26,"Improvement such as widening and strengthening of PWD road (Tamperkela) to Gumloi via Khuntpali, Tangarpali road from 0/000 km to 12/678 km in the district of Sambalpur under State Plan","Improvement such as widening and strengthening of PWD road (Tamperkela) to Gumloi via Khuntpali, Tangarpali road from 0/000 km to 12/678 km in the district of Sambalpur under State Plan",Works,Open Tender,Percentage,Civil Works - Roads,No,No,NA ,12-Dec-2025 05:30 PM,NA ,90.0,No ,No,Online,30-Dec-2025 11:30 AM,EIC-CIVIL,Sambalpur-II Division,751001.0,2.0,"18,48,28,199",Ashok Kumar Jalan,"157,122,452",Rejected-AOC,28-Jul-2026,EIC-CIVIL
2025_CERWI_122874_21,Tender Online RCK-20/25,Construction of Road from Belarnuagaon High School to Belarnuagaon Railway. Station road under MMSY-TRIP in the Dist. of Kendrapara for the year 2025-26.,Construction of road works,Works,National Competitive Bid,Percentage,Civil Works - Roads,No,No,NA ,30-Dec-2025 02:30 PM,NA ,90.0,No ,No,Online,13-Jan-2026 11:00 AM,CE RW I||RWCIRCLE-KENDRAPARA,Kendrapara,754211.0,2.0,"3,94,81,615",AMBIKA PRASAD SINGH,"39,481,615",Rejected-Finance,13-Jul-2026,CE RW I||RWCIRCLE-KENDRAPARA
2026_CEBMB_128949_6,SE-HID-ADV-02/2026-27,"Desilting to Renti Sub-Minor, Borsing Sub-Minor, Baghalingi Sub-Minor and Gundibira Sub-Minor of Harabhangi Irrigation Project",DESILTING OF CANAL,Works,National Competitive Bid,Percentage,Civil Works - Others,No,No,NA ,11-May-2026 11:00 AM,NA ,90.0,No ,No,Online,25-May-2026 11:00 AM,"CE-BM,RVN Basin,Berhampur||SE Southern Irr Circle II Paralakhemundi||EE Harabhangi Irr Divn Adava",ADAVA,761217.0,1.0,"3,28,268",Ajit Kumar Gouda,"279,028",Rejected-Finance,01-Jul-2026,"CE-BM,RVN Basin,Berhampur||SE Southern Irr Circle II Paralakhemundi||EE Harabhangi Irr Divn Adava"
2026_CEMIB_124595_8,SEMIDBLS-09/2025- 26,Improvement to Jayanti Check Dam in Chandabali Block of Bhadrak District under Improvement to Check Dam Scheme for the year 2025-26.,Improvement to Jayanti Check Dam in Chandabali Block of Bhadrak District under Improvement to Check Dam Scheme for the year 2025-26.,Works,Open Tender,Percentage,Civil Works - Others,No,No,NA ,16-Jan-2026 10:00 AM,NA ,90.0,No ,No,Online,27-Jan-2026 11:00 AM,"CE,Minor Irrigation,BBSR||Baripada Minor Irrigation Circle Baripada||MI Division Balasore",Chandabali Block,756133.0,1.0,"1,21,931",Pradyumna Kumar Rout,"140,209",Accepted-AOC,31-Jul-2026,"CE,Minor Irrigation,BBSR||Baripada Minor Irrigation Circle Baripada||MI Division Balasore"
2026_BDABU_128112_1,229/EM/BDA/2026-27 dt.08.04.2026,Construction of Rental Transit house G plus 1 of pre fabricated structure at Gadakana Bhubaneswar Phase I,Construction of Rental Transit house G plus 1 of pre fabricated structure at Gadakana Bhubaneswar Phase I,Works,Open Tender,Percentage,Civil Works - Others,No,No,NA ,13-Apr-2026 06:50 PM,NA ,90.0,No ,No,Online,29-Apr-2026 11:30 AM,Bhubaneswar Development Authority,Gadakan,751017.0,2.0,"7,89,58,300",M/S SHREE SHYAM INFRA PROP. SRI LOKESH SHARMA,"78,879,342",Rejected-AOC,03-Jul-2026,Bhubaneswar Development Authority
2025_STSCD_121511_13,01 / ITDA BNI of 2025-26,Construction of CD on the Road from Pattajharan to Nuagaon of Badpurnapani GP under Lahunipara Block,Construction of CD on the Road from Pattajharan to Nuagaon of Badpurnapani GP under Lahunipara Block,Works,Open Tender,Percentage,Civil Works - Bridges,No,No,NA ,19-Nov-2025 05:00 PM,NA ,90.0,No ,No,Online,09-Dec-2025 11:00 AM,ST and SC Development Deptt||ITDA Bonai,Bonaigarh,770038.0,2.0,"15,75,355",HEMALATA KISAN,"1,339,209",Accepted-AOC,07-Jul-2026,ST and SC Development Deptt||ITDA Bonai
2026_ORULB_127986_4,TCRM-02/2026-27,Construction of CC road and drain from Beauty palace to Pal Babu house road in W.No.12,Construction of CC road and drain from Beauty palace to Pal Babu house road in W.No.12,Works,Open Tender,Percentage,Civil Works - Others,No,No,NA ,09-Apr-2026 04:00 PM,NA ,120.0,No ,No,Online,20-Apr-2026 11:00 AM,Municipal Bodies||Talcher Municipal Council,Talcher Municipality Office,759107.0,1.0,"9,50,000",M/S MANGALA ENGINEERING CONSTRUCTION AND CO,"902,310",Rejected-AOC,10-Jul-2026,Municipal Bodies||Talcher Municipal Council
2026_EICCL_127137_1,Bid Identification No. S.E.-KHD-(R and B)-45/2025-26,Construction of Compound wall at Nachuni Mahaviyalaya in the Dist. of Khordha,Construction of Compound wall at Nachuni Mahaviyalaya in the Dist. of Khordha,Works,Open Tender,Percentage,Civil Works - Buildings,No,No,NA ,11-Mar-2026 12:00 PM,NA ,90.0,No ,No,Online,26-Mar-2026 11:30 AM,EIC-CIVIL||SERNB-CIRCLE-KHURDA||EERNB DIVN KHURDA,Khordha,752055.0,2.0,"82,29,439",ASHWINI BARAL,"5,991,031",Rejected-Finance,23-Jun-2026,EIC-CIVIL||SERNB-CIRCLE-KHURDA||EERNB DIVN KHURDA
2026_EICCL_131937_1,PWDK 09/2026-27,Improvement of Keonjhar Municipalty Road (Bada Danda) from 3/930 km to 4/130 km (LHS),Improvement of Keonjhar Municipalty Road (Bada Danda) from 3/930 km to 4/130 km (LHS),Works,Open Tender,Percentage,Civil Works - Roads,No,No,NA ,11-Jun-2026 04:00 PM,NA ,90.0,No ,No,Online,20-Jun-2026 10:30 AM,EIC-CIVIL||SERNB-CIRCLE-KEONJHAR||EERNB-DIVN-KEONJHAR,Keonjhar,758001.0,2.0,"86,60,456",BISMAY KUMAR SAHOO,"9,092,612",Rejected-Technical,13-Jul-2026,EIC-CIVIL||SERNB-CIRCLE-KEONJHAR||EERNB-DIVN-KEONJHAR
2026_CERWI_125937_1,RWCCESNG-32 of 2025-26,Construction of road from Urmei High School to Pahartoli via Lindidiri,Construction of road from Urmei High School to Pahartoli via Lindidiri,Works,National Competitive Bid,Percentage,Civil Works - Roads,No,No,NA ,12-Feb-2026 04:00 PM,NA ,90.0,No ,No,Online,05-Mar-2026 11:00 AM,CE RW I||RW-CIRCLE-SUNDARGARH,Rourkela,769004.0,2.0,"2,98,13,162",AJAY TIWARI,"29,813,162.149",Rejected-Finance,09-Jul-2026,CE RW I||RW-CIRCLE-SUNDARGARH
2025_ORULB_114489_12,BLGRMPTY/04(01-16)/2025-26,"Construction of Drain With Cover Slab and Road Infront of Manoj res,W.No-13",Drain work,Works,Open Tender,Percentage,Civil Works - Others,No,No,NA ,19-Jun-2025 11:00 AM,NA ,180.0,No ,No,Online,01-Jul-2025 11:00 AM,Municipal Bodies||Balangir Municipality,Balangir Municipality,767001.0,1.0,"10,96,601",JAGANNATH MISHRA,"1,095,504.82",Accepted-AOC,01-Apr-2026,Municipal Bodies||Balangir Municipality
2026_CERWI_125659_1,RWCSBP-30 OF 2025-26,Construction of Road from Medhabahal to Gumloi via Moralmal under MMSY CMRL Scheme in the District of Sambalpur for the year 2025-26.,Construction of Road from Medhabahal to Gumloi via Moralmal under MMSY CMRL Scheme in the District of Sambalpur for the year 2025-26.,Works,Open Tender,Percentage,Civil Works - Roads,No,No,NA ,06-Feb-2026 01:00 PM,NA ,90.0,No ,No,Online,19-Feb-2026 11:00 AM,CE RW I||RWCIRCLE-SAMBALPUR,Kuchinda,768222.0,2.0,"4,22,94,232",CHAWALA CONSTRUCTION,"33,590,079",Rejected-Finance,30-Jul-2026,CE RW I||RWCIRCLE-SAMBALPUR
2026_ORULB_126953_8,EOBRP/07/2025-26,Covering of drain from Jagadamba club to Tahasil office gate No-2 in ward no 1,Covering of drain from Jagadamba club to Tahasil office gate No-2 in ward no 1,Works,Open Tender,Percentage,Civil Works - Others,No,No,NA ,07-Mar-2026 11:00 AM,NA ,90.0,No ,No,Online,16-Mar-2026 03:00 PM,Municipal Bodies||Barpali NAC,Barpali,768029.0,1.0,"4,03,665",JITEN SUNA,"300,761.45",Rejected-AOC,17-Jul-2026,Municipal Bodies||Barpali NAC
2026_PHEO_126509_1,EICPH-06/2025-26 Dt.20.02.2026,"Construction of ESR, UGR along with laying of pipeline including other ancillary work in Khariar Road NAC","Construction of RCC ESR, UGR, Sunken Pump House, CC Road, Compound Wall, Laying of DI CWRM and Distribution Pipeline, External and Internal Electrification and Instrumentation Works with Pumping Arrangement, etc.",Works,National Competitive Bid,Percentage,Civil Works - Water Works,No,No,NA ,25-Feb-2026 11:00 AM,NA ,120.0,No ,No,Online,20-Mar-2026 04:00 PM,PHEO,Khariar Road NAC,766104.0,2.0,"11,61,94,000",Adroit Associates Private Limited,"91,201,033",Rejected-Technical,15-Jul-2026,PHEO
2026_CEMWR_127183_1,SE/MDA-08(2)/ 2025-26,HYDROMECHANICAL GATE WORK,"Fabrication, Supply AND Erection of Gate and Hoist of Head Regulator and Scouring Sluice of Kerandiguda Check Dam near Kalipanga Village of Bissamcuttack Block under MATY 2.0 of Minor Irrigation Division, Rayagada",Works,Open Tender,Percentage,Mechanical Works,No,No,NA ,12-Mar-2026 10:00 AM,NA ,90.0,No ,No,Online,23-Mar-2026 12:00 PM,Chief Engineer Mech - WR Bhubaneswar||SE Mechanical Circle Bhubaneswar||EE Mechanical Division Berhampur,"Bissamcuttack Block, RAYAGADA",765019.0,1.0,"7,74,150",ABHISEKH ENTERPRISERS,"774,150.77",Rejected-Finance,04-Jul-2026,Chief Engineer Mech - WR Bhubaneswar||SE Mechanical Circle Bhubaneswar||EE Mechanical Division Berhampur
2026_CEBMB_128949_36,SE-HID-ADV-02/2026-27,Improvement to tail reach of bakharakote sub-minor of baharapur Distributary of Harabhangi Irrigation project.,MAINTENANCE WORK,Works,National Competitive Bid,Percentage,Civil Works - Others,No,No,NA ,11-May-2026 11:00 AM,NA ,90.0,No ,No,Online,25-May-2026 11:00 AM,"CE-BM,RVN Basin,Berhampur||SE Southern Irr Circle II Paralakhemundi||EE Harabhangi Irr Divn Adava",ADAVA,761217.0,1.0,"10,05,924",Ajit Kumar Gouda,"803,733",Rejected-Finance,22-Jul-2026,"CE-BM,RVN Basin,Berhampur||SE Southern Irr Circle II Paralakhemundi||EE Harabhangi Irr Divn Adava"
2026_ORULB_124354_24,BRJNRM -04/2025-26,Completion of ECO Park and MCC Lajkura.,ECO Park and MCC Lajkura.,Works,Open Tender,Percentage,Civil Works - Others,No,No,NA ,09-Jan-2026 06:00 PM,NA ,90.0,No ,No,Online,21-Jan-2026 11:00 AM,Municipal Bodies||Brajrajnagar Municipality,Brajrajnagar Municipality,768216.0,2.0,"19,90,000",DILESWAR NAIK,"1,601,177.31",Rejected-AOC,07-Jul-2026,Municipal Bodies||Brajrajnagar Municipality
2026_CEBMB_128949_22,SE-HID-ADV-02/2026-27,M/R to Badanala Main Canal from RD 00m to 17246m of B.I. P,DESILTING OF CANAL,Works,National Competitive Bid,Percentage,Civil Works - Others,No,No,NA ,11-May-2026 11:00 AM,NA ,90.0,No ,No,Online,25-May-2026 11:00 AM,"CE-BM,RVN Basin,Berhampur||SE Southern Irr Circle II Paralakhemundi||EE Harabhangi Irr Divn Adava",ADAVA,761217.0,1.0,"12,39,178",Abani Ranjan Panigrahi,"1,239,178",Rejected-AOC,23-Jun-2026,"CE-BM,RVN Basin,Berhampur||SE Southern Irr Circle II Paralakhemundi||EE Harabhangi Irr Divn Adava"
2026_PRBNA_126251_2,TENDER CALL NOTICE NO. BDO/NPS-04 of 2025-26,"Construction of Additional Classroom at Nalanga Primary School, Sikhara GP, Naugaon Block","Construction of Additional Classroom at Nalanga Primary School, Sikhara GP, Naugaon Block",Works,Open Tender,Percentage,Civil Works - Buildings,No,No,NA ,28-Mar-2026 10:00 AM,NA ,90.0,No ,No,Online,07-Apr-2026 11:30 AM,Panchayati Raj and Drinking Water Department Odisha||Zilla Parisad Jagatsinghpur||NAUGAON Block,Naugaon,754113.0,1.0,"15,17,028",DEEPTI MAYEE DALAI,"1,244,114",Rejected-Finance,24-Jul-2026,Panchayati Raj and Drinking Water Department Odisha||Zilla Parisad Jagatsinghpur||NAUGAON Block
2026_CERWI_129855_1,Road Online NCB No.02,PWD road to Mundula Road,PWD road to Mundula Road,Works,National Competitive Bid,Percentage,Civil Works - Roads,No,No,NA ,26-May-2026 06:55 PM,NA ,90.0,No ,No,Online,05-Jun-2026 11:00 AM,CE RW I||RWCIRCLE-KEONJHAR||RW Division Bansapal,BANSAPAL,758085.0,2.0,"92,92,362",ASIS KUMAR THAMB,"8,838,876",Rejected-Finance,31-Jul-2026,CE RW I||RWCIRCLE-KEONJHAR||RW Division Bansapal
2025_CERWI_124035_16,Tender Online RCK-21/25,Construction of Road from Bindhasahi to Teheda via Temera Ghantala Mishra Sahi under MMSY-CMRL in the Dist. of Kendrapara for the year 2025-26.,Construction of road work,Works,National Competitive Bid,Percentage,Civil Works - Roads,No,No,NA ,03-Jan-2026 04:30 PM,NA ,90.0,No ,No,Online,31-Jan-2026 11:00 AM,CE RW I||RWCIRCLE-KENDRAPARA,Kendrapara,754211.0,2.0,"1,18,27,717",AMBIKA PRASAD SINGH,"11,827,717",Rejected-Finance,07-Jul-2026,CE RW I||RWCIRCLE-KENDRAPARA
2026_ORULB_128734_23,SNP-MUN-37/2026-27,Restoration of Concrete road from old hospital chaka to sishubhawan chaka,Restoration of Concrete road from old hospital chaka to sishubhawan chaka,Works,Open Tender,Percentage,Civil Works - Others,No,No,NA ,05-May-2026 11:00 AM,NA ,60.0,No ,No,Online,16-May-2026 11:00 AM,Municipal Bodies||Sonepur Municipal Council,Sonepur Municipality,767017.0,1.0,"3,83,904",BIKRAM KUMAR AGRAWAL,"383,904",Rejected-Technical,26-Jul-2026,Municipal Bodies||Sonepur Municipal Council
2026_CERWI_126333_9,Online Tender/47-2025-26/BPR,Construction of Patrapur to Badachakada road in the District of Ganjam under MMSY-TRIP for the year 2025-26,Construction of Patrapur to Badachakada road in the District of Ganjam under MMSY-TRIP for the year 2025-26,Works,National Competitive Bid,Percentage,Civil Works - Roads,No,No,NA ,20-Feb-2026 10:00 AM,NA ,90.0,No ,No,Online,02-Mar-2026 11:00 AM,CE RW I||RWCIRCLE-BERHAMPUR,Ganjam,760011.0,2.0,"3,42,98,000",Jyoti Prakash Misra,"32,585,686",Rejected-AOC,28-Jul-2026,CE RW I||RWCIRCLE-BERHAMPUR
2026_PHEO_128765_1,ACEPHBGR 01/2026-27,Procurement and commissioning of trolly mounted 62.5 KVA and 10 KVA DG set for Tusura NAC,Procurement and commissioning of trolly mounted 62.5 KVA and 10 KVA DG set for Tusura NAC,Works,National Competitive Bid,Percentage,Civil Works - Water Works,No,No,NA ,04-May-2026 02:30 PM,NA ,120.0,No ,No,Online,21-May-2026 11:00 AM,PHEO||PH Circle Bhawanipatna||PH Division Balangir,Tusura NAC,767030.0,1.0,"27,45,696",ABC CONSTRUCTIONS,"2,745,421",Rejected-Finance,27-Jul-2026,PHEO||PH Circle Bhawanipatna||PH Division Balangir
2025_EICCL_119934_23,eTCN08 of 2025-2026,Repair and Renovation of DIC Building at Nayagarh for 2025-26,Repair and Renovation of DIC Building at Nayagarh for 2025-26,Works,Open Tender,Percentage,Civil Works - Buildings,No,No,NA ,27-Nov-2025 03:15 PM,NA ,90.0,No ,No,Online,04-Dec-2025 11:00 AM,EIC-CIVIL||SERNB-CIRCLE-KHURDA||EE Nayagarh Rnb Division,Nayagarh,752069.0,1.0,"24,85,114",AMIT KUMAR PRUSTY,"2,112,587",Rejected-AOC,04-Jul-2026,EIC-CIVIL||SERNB-CIRCLE-KHURDA||EE Nayagarh Rnb Division
2025_WATCO_116949_1,WATCO (W)-13/2025-26 Dtd.08.08.2025,"Implementation of 24x7 W/S Project for Town Planning Scheme (T.P. 1, 2and 3) under Jurisdiction of (BDA) on Engineering, Procurement and Construction (EPC) Contract Including Operation and Maintenance for a Period of Five (5) Years","Implementation of 24x7 W/S Project for Town Planning Scheme (T.P. 1, 2and 3) under Jurisdiction of (BDA) on Engineering, Procurement and Construction (EPC) Contract Including Operation and Maintenance for a Period of Five (5) Years",Works,National Competitive Bid,Turn-key,Civil Works - Water Works,No,No,NA ,16-Aug-2025 05:00 PM,29-Aug-2025 03:30 PM ,120.0,No ,No,Online,10-Oct-2025 11:30 AM,WATCO Bhubaneswar,Bhubaneswar,751007.0,2.0,"1,28,64,00,000",Bansal Infraprojects Pvt ltd,"951,807,360",Rejected-AOC,03-Jul-2026,WATCO Bhubaneswar
2026_EICCL_127992_2,CCE-Khordha (RandB) Circle-16/2025-26,Improvement of Alarnath Connecting road from 0/000 km to 1/010 km in the District of Puri under state plan for the year 2025-26,Improvement of Alarnath Connecting road from 0/000 km to 1/010 km in the District of Puri under state plan for the year 2025-26,Works,Open Tender,Percentage,Civil Works - Roads,No,No,NA ,09-Apr-2026 09:00 AM,NA ,90.0,No ,No,Online,18-Apr-2026 11:30 AM,EIC-CIVIL||SERNB-CIRCLE-KHURDA,Puri,752001.0,2.0,"1,27,97,087",AKHANDA BHARAT ASSOCIATES,"7,934,194",Rejected-Finance,30-Jul-2026,EIC-CIVIL||SERNB-CIRCLE-KHURDA
2026_CERWI_126535_49,Tender Online RWC-27-25,Construction of road from Kundi R and B Road Mali Chhaka to Sahapur in the District of Cuttack for the year 2025-26,Construction of road from Kundi R and B Road Mali Chhaka to Sahapur in the District of Cuttack for the year 2025-26,Works,National Competitive Bid,Percentage,Civil Works - Roads,No,No,NA ,02-Mar-2026 12:00 PM,NA ,90.0,No ,No,Online,12-Mar-2026 11:30 AM,CE RW I||RWCIRCLE-CUTTACK,Cuttack,753004.0,2.0,"4,16,53,629",ABHILASH BISWAL,"39,483,475",Rejected-Finance,18-Jul-2026,CE RW I||RWCIRCLE-CUTTACK
2026_EICCL_128594_3,Bid Id No. SE- 02/2026-27,"Supply, Installation, Testing and Commissioning of split type Air Conditioner at District Excise Office Mayurbhanj Baripada for the year 2025-26","Supply, Installation, Testing and Commissioning of split type Air Conditioner at District Excise Office Mayurbhanj Baripada for the year 2025-26",Works,Open Tender,Percentage,Electrical Works,No,No,NA ,29-Apr-2026 10:00 AM,NA ,90.0,No ,No,Online,08-May-2026 11:00 AM,EIC-CIVIL||SERNB-CIRCLE-EASTERN||EERNB-DIVN-BARIPADA,Baripada,757001.0,1.0,,BHARAT SETHI,"787,992",Accepted-AOC,13-Jul-2026,EIC-CIVIL||SERNB-CIRCLE-EASTERN||EERNB-DIVN-BARIPADA
2026_CERWI_126670_2,Road online NCB 18,SR to Andharikhaman to Khuntapada Road,SR to Andharikhaman to Khuntapada Road,Works,National Competitive Bid,Percentage,Civil Works - Roads,No,No,NA ,26-Feb-2026 01:00 PM,NA ,60.0,No ,No,Online,05-Mar-2026 05:00 PM,CE RW I||RWCIRCLE-KEONJHAR||RWDIVISION-KEONJHAR - II,khuntapada,758001.0,1.0,"16,29,000",BIJAYA LAXMI DAS,"1,629,232",Rejected-Finance,04-Jul-2026,CE RW I||RWCIRCLE-KEONJHAR||RWDIVISION-KEONJHAR - II
2026_ORULB_127140_4,BM_14_2025_26,EXECUTION OF DIFFERENT ACTIVITIES IN BALASORE ZILLA SCHOOL UNDER PM-SHRI SCHEME FOR THE YEAR 2024-25 AND 2025-26,EXECUTION OF DIFFERENT ACTIVITIES IN BALASORE ZILLA SCHOOL UNDER PM-SHRI SCHEME FOR THE YEAR 2024-25 AND 2025-26,Works,Open Tender,Percentage,Civil Works - Others,No,No,NA ,11-Mar-2026 11:00 AM,NA ,90.0,No ,No,Online,23-Mar-2026 11:00 AM,Municipal Bodies||Balasore Municipality,Balasore Municipality,756003.0,1.0,"10,42,373",AJIT KUMAR MALIK,"766,144.03",Rejected-Technical,18-Jul-2026,Municipal Bodies||Balasore Municipality
2026_ORULB_126656_2,BLGRMPTY/12(01-02)/2025-26,"Development of Gatesarobar Pond, W.No.10 and13, Balangir Municipality",Pond Work,Works,National Competitive Bid,Percentage,Civil Works - Others,No,No,NA ,26-Feb-2026 02:00 PM,NA ,90.0,No ,No,Online,11-Mar-2026 11:00 AM,Municipal Bodies||Balangir Municipality,Balangir,767001.0,2.0,"57,85,544",PRADYUMNA KUMAR BALA,"5,727,688.32",Accepted-AOC,22-Jul-2026,Municipal Bodies||Balangir Municipality
2025_CERWI_124039_16,Online-12 Dt.13.11.2025,Construction of Sub-Centre Building at Bhudhibar under Krushnaprasad Block in the District of Puri for the year 2023-24.,Construction of Sub-Centre Building at Bhudhibar under Krushnaprasad Block in the District of Puri for the year 2023-24..,Works,National Competitive Bid,Percentage,Civil Works - Buildings,No,No,NA ,01-Jan-2026 11:00 AM,NA ,90.0,No ,No,Online,08-Jan-2026 12:00 PM,CE RW I||RWCIRCLE-BHUBANESWAR||RWDIVISION-PURI,Puri,752001.0,2.0,"57,62,000",PABITRA KUMAR PARIDA,"5,761,881",Accepted-AOC,07-Jul-2026,CE RW I||RWCIRCLE-BHUBANESWAR||RWDIVISION-PURI
2026_CERWI_125149_1,Online AGL-30/2025-2026,Construction of road from Dahimala village to Harekrushnapur RD Road,Construction of road from Dahimala village to Harekrushnapur RD Road,Works,National Competitive Bid,Percentage,Civil Works - Roads,No,No,NA ,28-Jan-2026 06:55 PM,NA ,90.0,No ,No,Online,07-Feb-2026 05:10 PM,CE RW I||RWCIRCLE-ANGUL,Dhenkanal,759143.0,2.0,"2,99,42,743",ABHAYA KUMAR SAHOO,"29,942,743",Rejected-AOC,15-Jul-2026,CE RW I||RWCIRCLE-ANGUL
2025_OLIC_121806_6,07/2025-26 OLIC (BAM),Bolasara Brahmanchhai-II R/L,Installation and Energisation of L.I. Project.,Works,Open Tender,Percentage,Civil Works - Lift Irrigation Schemes,No,No,NA ,24-Nov-2025 12:00 PM,NA ,365.0,No ,No,Online,06-Dec-2025 12:00 PM,Orissa Lift Irrigation Corporation||LI Southern Circle Berhampur||LI Division Berhampur,Bolasara Brahmanchhai under Kabisurya Nagar Block,760006.0,2.0,"58,22,000",ANIL KUMAR JENA,"4,949,493.5",Accepted-AOC,02-Jul-2026,Orissa Lift Irrigation Corporation||LI Southern Circle Berhampur||LI Division Berhampur
2026_BDABU_125251_1,52/EM/BDA/2025-26,Redevelopment of Approach Road to Odisha Urban Academy Bhubaneswar,Redevelopment of Approach Road to Odisha Urban Academy Bhubaneswar,Works,Open Tender,Percentage,Civil Works - Roads,No,No,NA ,31-Jan-2026 09:00 AM,NA ,180.0,No ,No,Online,24-Feb-2026 11:30 AM,Bhubaneswar Development Authority||Bhubaneswar Development Authority||EE BDA Division V,Bhubaneswar,751001.0,2.0,"4,13,93,660",BIJAYA PAIKARAY,"32,245,661",Accepted-AOC,15-Jul-2026,Bhubaneswar Development Authority||Bhubaneswar Development Authority||EE BDA Division V
2026_RMC_128699_5,MC/RMC/29/2026,"Improvement and renovation of Grihasti bathing Ghat at Panposh, Ward No. 05 under RMC Rourkela",Works,Works,Open Tender,Percentage,Civil Works - Others,No,No,NA ,02-May-2026 06:00 PM,NA ,90.0,No ,No,Online,18-May-2026 09:00 AM,Rourkela Municipal Corporation,Rourkela,769012.0,1.0,"3,36,000",MS S R CONSTRUCTION,"336,328.03",Rejected-Technical,10-Jul-2026,Rourkela Municipal Corporation
2025_EICCL_116181_2,CE-ROADS-I-08/2025-26,Improvement of Serango-Nuagada road from 0/000 km to 16/600 km in the district of Gajapati under State Plan,Improvement of Serango-Nuagada road from 0/000 km to 16/600 km in the district of Gajapati under State Plan,Works,Open Tender,Percentage,Civil Works - Roads,No,No,NA ,28-Jul-2025 05:00 PM,NA ,90.0,No ,No,Online,14-Aug-2025 11:30 AM,EIC-CIVIL,Paralakhemundi Division,751001.0,2.0,"33,16,61,948",ANAND SHREE INFRA REALITY PRIVATE LIMITED,"281,945,822",Rejected-Technical,14-Jul-2026,EIC-CIVIL
2026_CERWI_127322_1,Tender Online RCK-04/26,Improvement to Gadamadhupur to Bhubanpur road in the Dist. of Jajpur for the year 2025-26.,Construction of road works,Works,National Competitive Bid,Percentage,Civil Works - Roads,No,No,NA ,16-Mar-2026 03:00 PM,NA ,90.0,No ,No,Online,06-Apr-2026 11:00 AM,CE RW I||RWCIRCLE-KENDRAPARA,Jajpur,755001.0,2.0,"4,92,69,264",KALPATARU SAHOO,"51,387,842",Rejected-Finance,30-Jun-2026,CE RW I||RWCIRCLE-KENDRAPARA
2025_OSCSC_116058_1,3585/2025,Selection and appointment of Level-II Transport Contractor for the biennial year 2025-27 of Odagaon Block.,Selection and appointment of Level-II Transport Contractor for the biennial year 2025-27 of Odagaon Block.,Services,Open Tender,Percentage,Handling and Transportation,No,No,NA ,25-Jul-2025 10:00 AM,30-Jul-2025 11:00 AM ,45.0,No ,No,Online,12-Aug-2025 11:00 AM,Odisha State Civil Supplies Corp. Ltd.||CSO cum DM Nayagarh,From RRC-cum-DSC to FPSs point,752090.0,2.0,"49,11,541",ALEKHA CHANDRA RAUT,19.69,Accepted-AOC,31-Jul-2026,Odisha State Civil Supplies Corp. Ltd.||CSO cum DM Nayagarh
2025_ORULB_115623_20,JM-01/2025-26,Construction of drain near TISCO Colony drain with Cover slab in Ward No02 Joda Municipality SFC Storm Water drainage,WORKS,Works,Open Tender,Percentage,Civil Works - Others,No,No,NA ,17-Jul-2025 10:00 AM,NA ,120.0,No ,No,Online,31-Jul-2025 11:00 AM,Municipal Bodies||Joda Municipality,JODA MUNICIPALITY AT PO BANEIKALA JODA KEONJHAR,758038.0,1.0,"4,91,529",PRADEEP NAIK,"580,000",Rejected-AOC,24-Jul-2026,Municipal Bodies||Joda Municipality
2026_CEBBS_129136_15,SE-AID-2/2026-27,Improvement and Construction of trough wall to Godisahi Minor in between RD 2048m to 2245m of Derjang Irrigation Project.,Improvement and Construction of trough wall to Godisahi Minor in between RD 2048m to 2245m of Derjang Irrigation Project.,Works,Open Tender,Percentage,Civil Works - Canal,No,No,NA ,13-May-2026 11:00 AM,NA ,90.0,No ,No,Online,25-May-2026 09:00 AM,CE and BM Brahmani Basin Samal||SE Angul Irrigation Circle Angul||EE Angul Irrigation Division Angul,Angul,759143.0,1.0,,ABHISHEK MISHRA,"634,778",Rejected-Finance,24-Jun-2026,CE and BM Brahmani Basin Samal||SE Angul Irrigation Circle Angul||EE Angul Irrigation Division Angul
2026_ORULB_128333_20,MC(CMC)CTC_Div-I_No.1/2026-27,Construction of road from Jaunliapati to Nayasarak Thakuraghar in Ward No. 21.,Construction of road from Jaunliapati to Nayasarak Thakuraghar in Ward No. 21.,Works,Open Tender,Percentage,Civil Works - Others,No,No,NA ,23-Apr-2026 01:00 PM,NA ,90.0,No ,No,Online,07-May-2026 11:00 AM,Municipal Bodies||Cuttack Municipal Corporation,CMC,753012.0,1.0,"6,77,400",BHANUMATI NAHAK,"677,337",Rejected-AOC,15-Jul-2026,Municipal Bodies||Cuttack Municipal Corporation
2026_WATCO_127346_1,WATCO (W)-29(02)/2025-26 Dtd.11.03.2026,"Rehabilitation and Improvement of Sewerage system for Sector-10 and 11 within CDA under Municipal Corporation, Cuttack including O and M period of 5 years","Rehabilitation and Improvement of Sewerage system for Sector-10 and 11 within CDA under Municipal Corporation, Cuttack including O and M period of 5 years",Works,National Competitive Bid,Percentage,Civil Works - Water Works,No,No,NA ,18-Mar-2026 05:00 PM,NA ,120.0,No ,No,Online,15-Apr-2026 12:30 PM,WATCO Bhubaneswar,Sector-10 and 11 Cuttack,753014.0,2.0,"26,41,53,000",BALAJI SOLAR SYSTEMS,"209,737,149",Accepted-AOC,03-Jul-2026,WATCO Bhubaneswar
2026_ORULB_124113_5,EO/ PDPM/ W_05_MSBY/ 2025-26,Construction of Road and Drain from Sarbeswar house to Bijyananda Nayak house in Ward No. 05,Construction of Road and Drain from Sarbeswar house to Bijyananda Nayak house in Ward No. 05,Works,Open Tender,Percentage,Civil Works - Others,No,No,NA ,03-Jan-2026 05:30 PM,NA ,120.0,No ,No,Online,15-Jan-2026 11:30 AM,Municipal Bodies||Paradeep Municipality,Paradeep Municipality,754142.0,1.0,"16,52,162",AMULYA KUMAR SAHOO,"1,699,500",Accepted-AOC,30-Jul-2026,Municipal Bodies||Paradeep Municipality
2025_ORULB_117691_29,BBLM-4/2025-26,"Repair of road from Puspa Apat house to Community centre at Tapan hutting and repair of short lanes at Mandir hutting, Ward No.14","Repair of road from Puspa Apat house to Community centre at Tapan hutting and repair of short lanes at Mandir hutting, Ward No.14",Works,Open Tender,Percentage,Civil Works - Roads,No,No,NA ,09-Sep-2025 10:00 AM,NA ,90.0,No ,No,Online,24-Sep-2025 11:00 AM,Municipal Bodies||Barbil Municipality,Barbil,758035.0,2.0,"7,96,000",ABHIJIT NAIK,"795,267",Accepted-AOC,08-Jul-2026,Municipal Bodies||Barbil Municipality
2026_WTDSM_124122_1,19 / GM /WATCO/BPD/ 2025-26,Improvement of water supply to Newly Developed area to Rairangpur Muncipality in Mayurbhanj District,Improvement of water supply to Newly Developed area to Rairangpur Muncipality in Mayurbhanj District,Works,Open Tender,Percentage,Civil Works - Others,No,No,NA ,03-Jan-2026 10:00 AM,NA ,90.0,No ,No,Online,22-Jan-2026 12:30 PM,WATCO Bhubaneswar||Director (Operation) Watco||WATCO Division Sambalpur,"Rairangpur, Mayurbhanj",757043.0,2.0,"57,18,940",ramesh chandra sethi,"4,855,952",Accepted-AOC,31-Jul-2026,WATCO Bhubaneswar||Director (Operation) Watco||WATCO Division Sambalpur
2026_CERWI_125640_1,DMGH / Online-14 of 2025-26,Construction of Additional Class room for 1st floor at Patitapabana HSS building at Arebeda in the Dist of Kalahandi for the year 2025-26,Construction of Additional Class room for 1st floor at Patitapabana HSS building at Arebeda in the Dist of Kalahandi for the year 2025-26,Works,National Competitive Bid,Percentage,Civil Works - Buildings,No,No,NA ,06-Feb-2026 10:00 AM,NA ,90.0,No ,No,Online,19-Feb-2026 11:00 AM,CE RW I||RWCIRCLE-BHAWANIPATNA||RWDIVISION-DHARMAGARH,Kalahandi,766015.0,1.0,"19,97,945",ASHUTOSH MEHER,"1,995,948",Rejected-Technical,29-May-2026,CE RW I||RWCIRCLE-BHAWANIPATNA||RWDIVISION-DHARMAGARH
2026_ORULB_127203_15,EONM-06/2025-26,Construction of Iron Cover Plate on Mother Drain infront of Patanjali Shop Nabarangpur Municipality Ward No 01,CIVIL WORK,Works,Open Tender,Percentage,Civil Works - Others,No,No,NA ,16-Mar-2026 11:00 AM,NA ,90.0,No ,No,Online,26-Mar-2026 11:00 AM,Municipal Bodies||Nabarangpur Municipality,Nabarangpur,764059.0,1.0,"2,00,918",BABITA KUMARI MOHAPATRA,"190,891",Accepted-AOC,28-Jul-2026,Municipal Bodies||Nabarangpur Municipality
2026_CEBBS_129136_14,SE-AID-2/2026-27,Construction of C.C guard wall to Barsingha distributary in between RD 2624m to 2840m of Derjang Irrigation Project.,Construction of C.C guard wall to Barsingha distributary in between RD 2624m to 2840m of Derjang Irrigation Project.,Works,Open Tender,Percentage,Civil Works - Canal,No,No,NA ,13-May-2026 11:00 AM,NA ,90.0,No ,No,Online,25-May-2026 09:00 AM,CE and BM Brahmani Basin Samal||SE Angul Irrigation Circle Angul||EE Angul Irrigation Division Angul,Angul,759143.0,1.0,,RITIK KUMAR BEHERA,"1,683,983",Rejected-Finance,23-Jun-2026,CE and BM Brahmani Basin Samal||SE Angul Irrigation Circle Angul||EE Angul Irrigation Division Angul
2026_EICCL_124631_1,C.E. (B) - 40 / 2025-26,Construction of 16 Nos. of C-type Residential Quarters for Judicial Officers at Balangir.,Construction of 16 Nos. of C-type Residential Quarters for Judicial Officers at Balangir.,Works,Open Tender,Percentage,Civil Works - Buildings,No,No,NA ,15-Jan-2026 06:55 PM,NA ,90.0,No ,No,Online,31-Jan-2026 11:30 AM,EIC-CIVIL,BALANGIR DIST.,767001.0,2.0,"10,75,36,006",AVR INFRATECH PVT LTD,"83,985,621",Rejected-Finance,22-Jul-2026,EIC-CIVIL
2026_CERWI_126672_1,Road Online NCB No19,SR to PWD Road to Tuntuna Road,SR to PWD Road to Tuntuna Road,Works,National Competitive Bid,Percentage,Civil Works - Roads,No,No,NA ,26-Feb-2026 02:00 PM,NA ,60.0,No ,No,Online,07-Mar-2026 11:00 AM,CE RW I||RWCIRCLE-KEONJHAR||RWDIVISION-KEONJHAR - II,Tuntuna,758001.0,1.0,"18,00,000",biswajit behera,"1,799,883",Rejected-Technical,04-Jul-2026,CE RW I||RWCIRCLE-KEONJHAR||RWDIVISION-KEONJHAR - II
2026_EICCL_127990_1,SE RandB BDK-46/2025-26-3,Shifting of LT Line for widening and strengthening of Charampa feeder road from charampa station chhaka to station,Shifting of LT Line for widening and strengthening of Charampa feeder road from charampa station chhaka to station,Works,Open Tender,Percentage,Electrical Works,No,No,NA ,09-Apr-2026 12:00 PM,NA ,90.0,No ,No,Online,17-Apr-2026 11:30 AM,EIC-CIVIL||SERNB-CIRCLE-EASTERN||EERNB-DIVN-BHADRAK,Bhadrak,756100.0,1.0,,M/S GOURISHANKAR ENTERPRISES.RAMAKANTA MAHANI,"1,303,947.93",Rejected-Technical,06-Jul-2026,EIC-CIVIL||SERNB-CIRCLE-EASTERN||EERNB-DIVN-BHADRAK
2026_ORULB_125759_18,BLGR MPTY/10(01-60)/2025-26,"Construction of Paver Blok Road from Rakesh res to Jadhumani res,W.No.3",Road Work,Works,Open Tender,Percentage,Civil Works - Roads,No,No,NA ,10-Feb-2026 11:00 AM,NA ,180.0,No ,No,Online,05-Mar-2026 11:00 AM,Municipal Bodies||Balangir Municipality,Balangir,767001.0,1.0,"3,54,310",MANABHANJAN PADHI,"353,956",Accepted-AOC,22-Jul-2026,Municipal Bodies||Balangir Municipality
2026_ORULB_131182_1,16/SMC_SBP/2026-27,"Construction of road and drain at Eta Bandha Gali, Deheripali,W.no.-27, under Sambalpur","Construction of road and drain at Eta Bandha Gali, Deheripali,W.no.-27, under Sambalpur",Works,Open Tender,Percentage,Civil Works - Others,No,No,NA ,09-Jun-2026 11:00 AM,NA ,120.0,No ,No,Online,19-Jun-2026 11:00 AM,Municipal Bodies||Sambalpur Municipal Corporation,SAMBALPUR MUNICIPAL CORPORATION,768006.0,1.0,"31,62,469",AJIT PADHIARY,"3,162,470",Accepted-AOC,19-Jul-2026,Municipal Bodies||Sambalpur Municipal Corporation
2026_RMC_128699_4,MC/RMC/29/2026,Construction of Paver road in Hillyop Basti Shaktinagar in Ward no 36,Works,Works,Open Tender,Percentage,Civil Works - Others,No,No,NA ,02-May-2026 06:00 PM,NA ,90.0,No ,No,Online,18-May-2026 09:00 AM,Rourkela Municipal Corporation,Rourkela,769012.0,1.0,"9,69,000",JBS CONSTRUCTION,"969,201.54",Rejected-Technical,10-Jul-2026,Rourkela Municipal Corporation
2026_ORULB_127320_1,Emergency/SMC_SBP/2025-26,INSTALLATION AND MANAGEMENT OF JALACHHATRA KIOSK (DRINKING WATER DISTRIBUTION POINTS),INSTALLATION AND MANAGEMENT OF JALACHHATRA KIOSK (DRINKING WATER DISTRIBUTION POINTS),Works,Open Tender,Item Rate,Miscellaneous Works,No,No,NA ,17-Mar-2026 12:00 PM,NA ,90.0,No ,No,Online,26-Mar-2026 02:00 PM,Municipal Bodies||Sambalpur Municipal Corporation,SAMBALPUR MUNICIPAL CORPORATION,768006.0,1.0,,GANESH KUMAR AGRAWAL,"3,600,000",Accepted-AOC,14-Jul-2026,Municipal Bodies||Sambalpur Municipal Corporation
2026_CERWI_129112_1,Online Tender 01 RWD Kuchinda 2026-27,S/R to Police Station Building at Garposh in the District of Sambalpur for the year 2026-27.,S/R to Police Station Building at Garposh in the District of Sambalpur for the year 2026-27.,Works,Open Tender,Percentage,Civil Works - Buildings,No,No,NA ,11-May-2026 11:00 AM,NA ,90.0,No ,No,Online,22-May-2026 11:00 AM,CE RW I||RWCIRCLE-SAMBALPUR||RW Division Kuchinda,Kuchinda,768222.0,1.0,"6,78,053",AKSHYA KUMAR NAYAK,"678,053",Rejected-AOC,22-Jun-2026,CE RW I||RWCIRCLE-SAMBALPUR||RW Division Kuchinda
2025_IDCO_123869_1,PC/EST/E-38/2025-26,Construction of SFRC Pre-Cast Compound Wall around Ac.22.82 land at Chalanti under Jaleswar Tahasil of Balasore.,Construction of SFRC Pre-Cast Compound Wall around Ac.22.82 land at Chalanti under Jaleswar Tahasil of Balasore.,Works,Open Tender,Percentage,Civil Works - Others,No,No,NA ,26-Dec-2025 05:00 PM,NA ,90.0,No ,No,Online,13-Jan-2026 11:30 AM,IDCO||IDCO||IDCO,"Chalanti, Balasore",756086.0,2.0,"1,31,18,219",AADYA URJA SOLUTIONS PRIVATE LIMITED,"11,151,798",Rejected-AOC,03-Jul-2026,IDCO||IDCO||IDCO
2025_PRBPU_113126_2,01/PSPUINTALA/2025-26,"CONSTRUCTION OF ADDITIONAL CLASSROOM RAGHABAPALI PS,BUBEL",BUILDING WORK,Works,Open Tender,Percentage,Civil Works - Buildings,No,No,NA ,06-May-2025 05:00 PM,NA ,120.0,No ,No,Online,22-May-2025 10:00 AM,Panchayati Raj and Drinking Water Department Odisha||Zilla Parisad Balangir||PUINTALA Block,"GP-BUBEL,PS-PUINTALA",767002.0,1.0,"14,38,052",MANAS RANJAN MISHRA,"1,437,907",Accepted-AOC,24-Apr-2026,Panchayati Raj and Drinking Water Department Odisha||Zilla Parisad Balangir||PUINTALA Block
2025_OTDC_112781_3,BP I/04/2025 26 Dt.15.04.2025,"Upgradation of VIP Block of Yatrinivas, Konark.","Upgradation of VIP Block of Yatrinivas, Konark.",Works,National Competitive Bid,Percentage,Civil Works - Buildings,No,No,NA ,24-Apr-2025 09:00 AM,NA ,90.0,No ,No,Online,12-May-2025 11:30 AM,Odisha Tourism Devl. Corp.,"Yatrinivas, Konark.",752111.0,2.0,"1,80,00,000",ALOK KUMAR SAHOO,"15,301,856.46",Rejected-Technical,10-Jul-2026,Odisha Tourism Devl. Corp.
2026_OSCMF_124183_1,MARKFED/05/2025-26,Construction of 2 nos of toilet along with drain slab for 3500 MT godown at Baripada,Construction of 2 nos of toilet along with drain slab for 3500 MT godown at Baripada,Works,Open Tender,Item Rate,Civil Works - Buildings,No,No,NA ,05-Jan-2026 11:00 AM,NA ,90.0,No ,No,Online,02-Feb-2026 12:00 PM,Odisha State Co-operative Marketing Federation Ltd,Baripada,751006.0,1.0,"4,70,965",ANIL KUMAR JENA,"472,433",Rejected-Technical,08-Jun-2026,Odisha State Co-operative Marketing Federation Ltd
2025_CERWI_124039_17,Online-12 Dt.13.11.2025,Construction of Sub-Centre Building at Parajapada under Satyabadi Block in the District of Puri for the year 2023-24.,Construction of Sub-Centre Building at Parajapada under Satyabadi Block in the District of Puri for the year 2023-24.,Works,National Competitive Bid,Percentage,Civil Works - Buildings,No,No,NA ,01-Jan-2026 11:00 AM,NA ,90.0,No ,No,Online,08-Jan-2026 12:00 PM,CE RW I||RWCIRCLE-BHUBANESWAR||RWDIVISION-PURI,Puri,752001.0,2.0,"56,55,000",PRADEEPTA BADAJENA,"5,654,684",Rejected-Finance,07-Jul-2026,CE RW I||RWCIRCLE-BHUBANESWAR||RWDIVISION-PURI
2026_CERWI_126042_1,12 OF 2025-26,Construction of Sub- Centre Building at Nuagaon in the District of Jagatsinghpur,Construction of Sub- Centre Building at Nuagaon in the District of Jagatsinghpur,Works,Open Tender,Percentage,Civil Works - Buildings,No,No,NA ,16-Feb-2026 11:00 AM,NA ,60.0,No ,No,Online,28-Feb-2026 11:00 AM,CE RW I||RWCIRCLE-CUTTACK||RWDIVISION-JAGATSINGHPUR,Jagatsinghpur,754294.0,1.0,"36,91,726",AMARESH SWAIN,"3,396,757",Rejected-Technical,14-Jul-2026,CE RW I||RWCIRCLE-CUTTACK||RWDIVISION-JAGATSINGHPUR
2026_ORULB_127140_5,BM_14_2025_26,CONSTRUCTION OF DRAIN WITH COVER SLAB AND CULVERT AT SAHADEV KHUNTA AREA IN WARD NO 21,CONSTRUCTION OF DRAIN WITH COVER SLAB AND CULVERT AT SAHADEV KHUNTA AREA IN WARD NO 21,Works,Open Tender,Percentage,Civil Works - Others,No,No,NA ,11-Mar-2026 11:00 AM,NA ,90.0,No ,No,Online,23-Mar-2026 11:00 AM,Municipal Bodies||Balasore Municipality,Balasore Municipality,756003.0,1.0,"25,42,373",Kartik Chandra Parida,"1,983,051.17",Rejected-Technical,18-Jul-2026,Municipal Bodies||Balasore Municipality
2026_IDCO_133275_1,PC/EST/E-11/2026-27,Engagement of Consultant for Preparation of Detailed Project Reports (DPRs) for Industrial Parks In Accordance with Bharat Audyogik Vikas Yojna (BHAVYA) Scheme.,Engagement of Consultant for Preparation of Detailed Project Reports (DPRs) for Industrial Parks In Accordance with Bharat Audyogik Vikas Yojna (BHAVYA) Scheme.,Services,National Competitive Bid,Lump-sum,Consultancy Services,No,No,NA ,25-Jun-2026 06:00 PM,NA ,60.0,No ,No,Online,06-Jul-2026 05:30 PM,IDCO||IDCO||IDCO,"OIIDC, IDCO Tower, Janpath, Bhubaneswar, Odisha.",751022.0,2.0,,Choice Consultancy Services Private Limited,"7,840,000",Rejected-AOC,31-Jul-2026,IDCO||IDCO||IDCO
2026_EICCL_127992_3,CCE-Khordha (RandB) Circle-16/2025-26,"Improvement of road from subash Bose square to Marine Drive road via PKDA Colony Chhak, KV, Ashram and Bhudan Chhak from 4/550 km to 5/139 km in the District of Puri under state plan for the year 2025-26","Improvement of road from subash Bose square to Marine Drive road via PKDA Colony Chhak, KV, Ashram and Bhudan Chhak from 4/550 km to 5/139 km in the District of Puri under state plan for the year 2025-26",Works,Open Tender,Percentage,Civil Works - Roads,No,No,NA ,09-Apr-2026 09:00 AM,NA ,90.0,No ,No,Online,18-Apr-2026 11:30 AM,EIC-CIVIL||SERNB-CIRCLE-KHURDA,Puri,752001.0,2.0,"1,03,43,745",AKHANDA BHARAT ASSOCIATES,"6,459,669",Accepted-AOC,30-Jul-2026,EIC-CIVIL||SERNB-CIRCLE-KHURDA
2025_PRBNS_113791_12,BDO Banspal - 1 / 2025-26,Construction of One Office Building and One 50 MT Godown for LAMPCS at Gonasika,Construction of One Office Building and One 50 MT Godown for LAMPCS at Gonasika,Works,National Competitive Bid,Percentage,Civil Works - Buildings,No,No,NA ,26-May-2025 10:00 AM,NA ,90.0,No ,No,Online,03-Jun-2025 11:30 AM,Panchayati Raj and Drinking Water Department Odisha||Zilla Parisad Keonjhar||BANSAPAL Block,Banspal Block of Keronjhar District,758085.0,1.0,"24,46,395",JANMEJAY NAYAK,"2,079,661.12",Rejected-Finance,15-Jul-2026,Panchayati Raj and Drinking Water Department Odisha||Zilla Parisad Keonjhar||BANSAPAL Block
2026_EICCL_127500_3,eTCN11 of 2025-2026,"Provision of fire down cumer system Booster pump, fire detection and alarm system, fire extinguisher and Signage at CHC Ranpur in the district of Nayagarh.","Provision of fire down cumer system Booster pump, fire detection and alarm system, fire extinguisher and Signage at CHC Ranpur in the district of Nayagarh.",Works,Open Tender,Percentage,Electrical Works,No,No,NA ,23-Mar-2026 10:30 AM,NA ,90.0,No ,No,Online,04-Apr-2026 11:00 AM,EIC-CIVIL||SERNB-CIRCLE-KHURDA||EE Nayagarh Rnb Division,Nayagarh,752069.0,1.0,"15,95,139",ALOK KUMAR MOHAPATRA,"1,057,577",Rejected-Finance,02-Jul-2026,EIC-CIVIL||SERNB-CIRCLE-KHURDA||EE Nayagarh Rnb Division
2026_EICCL_128594_2,Bid Id No. SE- 02/2026-27,Construction of Hume pipe culvert and drain at 12/100 km of Bhuasuni to Golamundakata Road (ODR) for Mayurbhanj (R and B) Division for the year 2026-27,Construction of Hume pipe culvert and drain at 12/100 km of Bhuasuni to Golamundakata Road (ODR) for Mayurbhanj (R and B) Division for the year 2026-27,Works,Open Tender,Percentage,Civil Works - Roads,No,No,NA ,29-Apr-2026 10:00 AM,NA ,90.0,No ,No,Online,08-May-2026 11:00 AM,EIC-CIVIL||SERNB-CIRCLE-EASTERN||EERNB-DIVN-BARIPADA,Baripada,757001.0,1.0,,BABULAL SOREN,"486,412",Rejected-Finance,13-Jul-2026,EIC-CIVIL||SERNB-CIRCLE-EASTERN||EERNB-DIVN-BARIPADA
2026_EICCL_124468_1,NOTICE NO.S.E. JSPR (R-B)-10 OF 2025-26_18,Upgradation of Infrastructure of Kaduapada PHC under AMA HOSPITAL (2nd Phase) in the District of Jagatsinghpur for the year 2025-26.,Upgradation of Infrastructure of Kaduapada PHC under AMA HOSPITAL (2nd Phase) in the District of Jagatsinghpur for the year 2025-26.,Works,Open Tender,Percentage,Civil Works - Buildings,No,No,NA ,12-Jan-2026 06:00 PM,NA ,90.0,No ,No,Online,22-Jan-2026 11:00 AM,EIC-CIVIL||SERNB-CIRCLE-CUTTACK||EERNB-DIVN-JAGATSINGPUR,Jagatsinghpur,754103.0,2.0,"73,00,000",AKSHAYA KUMAR RAY,"6,205,727",Rejected-Finance,29-Jul-2026,EIC-CIVIL||SERNB-CIRCLE-CUTTACK||EERNB-DIVN-JAGATSINGPUR
2026_ORULB_124786_1,BMC-EE-Tender Cell-64/2025-26 Dt. 17.01.2026,Improvement of road from Plot No. 41 to Plot No. 47/1 at Bishnu Priya Nagar in Ward No. 06,Improvement of road from Plot No. 41 to Plot No. 47/1 at Bishnu Priya Nagar in Ward No. 06,Works,Open Tender,Percentage,Civil Works - Roads,No,No,NA ,20-Jan-2026 10:30 AM,27-Jan-2026 04:30 PM ,120.0,No ,No,Online,03-Feb-2026 11:00 AM,Municipal Bodies||Bhubaneswar Municipal Corporation,BMC AREA,751022.0,1.0,"14,35,573",NURSHING CONSTRUCTION CO,"1,693,976",Rejected-Finance,03-Jul-2026,Municipal Bodies||Bhubaneswar Municipal Corporation
2026_EICCL_126033_1,"Bid Identification No- C.C. (R and B)-01,105/2025-26","Improvement to OLA Building Such as Supply, Installation, Testing and Commissioning of 200 KVA DG Set with AMF Panel for total building light loads","Improvement to OLA Building Such as Supply, Installation, Testing and Commissioning of 200 KVA DG Set with AMF Panel for total building light loads",Works,National Competitive Bid,Percentage,Electrical Works,No,No,NA ,14-Feb-2026 09:00 AM,NA ,90.0,No ,No,Online,25-Feb-2026 04:00 PM,EIC-CIVIL||SERNB-CIRCLE-CENTRAL,"OLA ,BHUBANESWAR",751001.0,1.0,"34,28,891",AJANTA ENTERPRISES,"2,570,982",Rejected-Finance,28-Jul-2026,EIC-CIVIL||SERNB-CIRCLE-CENTRAL
2025_ORULB_123451_16,25/SMC_SBP/2025-26,"Repair and maintenance of pot hole with Covering of Slab in open Drains in Sarlakani, Kuretola and Chaitanya Nagar in Ward No - 29, under SMC Sambalpur","Repair and maintenance of pot hole with Covering of Slab in open Drains in Sarlakani, Kuretola and Chaitanya Nagar in Ward No - 29, under SMC Sambalpur",Works,Open Tender,Percentage,Civil Works - Others,No,No,NA ,23-Dec-2025 11:00 AM,NA ,120.0,No ,No,Online,02-Jan-2026 11:00 AM,Municipal Bodies||Sambalpur Municipal Corporation,SAMBALPUR MUNICIPAL CORPORATION,768006.0,1.0,"34,93,399",SAROJ ROUT,"3,493,399",Rejected-Technical,24-Jul-2026,Municipal Bodies||Sambalpur Municipal Corporation
2026_ORULB_127155_16,BMC-EE-Tender Cell-78/2025-26 Dt. 10.03.2026,Repair of Alli park at Surya Nagar in Ward No. 46,Repair of Alli park at Surya Nagar in Ward No. 46,Works,Open Tender,Percentage,Civil Works - Others,No,No,NA ,13-Mar-2026 10:30 AM,18-Mar-2026 03:30 PM ,120.0,No ,No,Online,25-Mar-2026 11:00 AM,Municipal Bodies||Bhubaneswar Municipal Corporation,BMC AREA,751022.0,1.0,"8,36,321",MANOJ KUMAR SAHOO,"986,859",Accepted-AOC,21-Jul-2026,Municipal Bodies||Bhubaneswar Municipal Corporation
2026_ORULB_128734_22,SNP-MUN-37/2026-27,Development of Pancharatha Mandir in W.No-8,Development of Pancharatha Mandir in W.No-8,Works,Open Tender,Percentage,Civil Works - Others,No,No,NA ,05-May-2026 11:00 AM,NA ,60.0,No ,No,Online,16-May-2026 11:00 AM,Municipal Bodies||Sonepur Municipal Council,Sonepur Municipality,767017.0,1.0,"4,50,997",BIKRAM KUMAR AGRAWAL,"450,997",Accepted-AOC,26-Jul-2026,Municipal Bodies||Sonepur Municipal Council
2025_CERWI_124035_17,Tender Online RCK-21/25,Construction of R and B Road at Raitikar to Masakhia Road under MMSY-CMRL in the Dist. of Jajpur for the year 2025-26.,Construction of road work,Works,National Competitive Bid,Percentage,Civil Works - Roads,No,No,NA ,03-Jan-2026 04:30 PM,NA ,90.0,No ,No,Online,31-Jan-2026 11:00 AM,CE RW I||RWCIRCLE-KENDRAPARA,Jajpur,755001.0,2.0,"3,74,26,755",PRAGYAN CONSTRUCTION,"37,426,755",Rejected-Finance,14-Jul-2026,CE RW I||RWCIRCLE-KENDRAPARA
2026_ORULB_128661_1,BINKA-NAC-01/2026-27,"Beautification Infront of Market Complex near Town Hall, w.no.5","Beautification Infront of Market Complex near Town Hall, w.no.5",Works,Open Tender,Percentage,Civil Works - Others,No,No,NA ,01-May-2026 11:00 AM,NA ,180.0,No ,No,Online,11-May-2026 11:00 AM,Municipal Bodies||Binka NAC,BINKA,767019.0,1.0,,ANANDA KUMAR PANDA,"703,863",Rejected-AOC,01-Jul-2026,Municipal Bodies||Binka NAC
2026_ORULB_128795_15,MC(CMC)CTC_Div-IIINo8/2026-27,Development of play ground at Mukameswar in ward no-56,Development of play ground at Mukameswar in ward no-56,Works,Open Tender,Percentage,Civil Works - Others,No,No,NA ,25-May-2026 05:00 PM,NA ,105.0,No ,No,Online,08-Jun-2026 10:00 AM,Municipal Bodies||Cuttack Municipal Corporation,CMC,753012.0,1.0,"25,21,019",TAPAN KUMAR SAMAL,"2,521,019",Rejected-AOC,25-Jul-2026,Municipal Bodies||Cuttack Municipal Corporation
2026_BDABU_125478_1,55/EE/BDA/2025-26,Provision of illumination the balance pathway and effecting permanent power supply along with construction of Toilet block at Bluish Zone Drain- 4 Vani Vihar,"Provision of illumination the balance pathway and effecting permanent power supply along with construction of Toilet block at Bluish Zone Drain- 4, Vani Vihar",Works,Open Tender,Percentage,Civil Works - Others,No,No,NA ,03-Feb-2026 05:30 PM,NA ,180.0,No ,No,Online,19-Feb-2026 11:30 AM,Bhubaneswar Development Authority||Bhubaneswar Development Authority||EE BDA Division V,Bhubaneswar,751001.0,2.0,"77,32,948",LAXMIDHAR SETHY,"6,385,558",Rejected-Finance,15-Jul-2026,Bhubaneswar Development Authority||Bhubaneswar Development Authority||EE BDA Division V
2026_CEBMB_128949_23,SE-HID-ADV-02/2026-27,"M/R to, Ramachandraguda S/m, Jatili S/m -I,Jatili S/M-II,Jatili S/M III,Jatili S/M -IV,Biripadar S/M-I and Biripadar S/M-II Canal of B.I. P",DESILTING OF CANAL,Works,National Competitive Bid,Percentage,Civil Works - Others,No,No,NA ,11-May-2026 11:00 AM,NA ,90.0,No ,No,Online,25-May-2026 11:00 AM,"CE-BM,RVN Basin,Berhampur||SE Southern Irr Circle II Paralakhemundi||EE Harabhangi Irr Divn Adava",ADAVA,761217.0,1.0,"5,06,031",RAKESH KUMAR PATRO,"506,031",Rejected-AOC,23-Jun-2026,"CE-BM,RVN Basin,Berhampur||SE Southern Irr Circle II Paralakhemundi||EE Harabhangi Irr Divn Adava"
2026_ORULB_124402_1,MC(CMC)CTC_EL_06/2025-26,"Supply, Installation and Commissioning of One High Mast at CDA, Sector-13 near PHD Water Tank in Ward No. 03.","Supply, Installation and Commissioning of One High Mast at CDA, Sector-13 near PHD Water Tank in Ward No. 03.",Works,Open Tender,Percentage,Electrical Works,No,No,NA ,13-Jan-2026 01:00 PM,NA ,90.0,No ,No,Online,28-Jan-2026 11:00 AM,Municipal Bodies||Cuttack Municipal Corporation,CMC,753012.0,1.0,"5,74,000",M/s. EASTERN ENGINEERING,"459,711",Rejected-AOC,01-Jul-2026,Municipal Bodies||Cuttack Municipal Corporation
2026_CELBB_128317_9,e Procurement Notice No.KHD-01 of 2026-27,KHD 01-09 Restoration to Hada right embankment near Sahajpur,Restoration to Hada right embankment near Sahajpur,Works,Open Tender,Percentage,Civil Works - Others,No,No,NA ,21-Apr-2026 12:00 PM,NA ,90.0,No ,No,Online,02-May-2026 11:00 AM,"CE-BM,LMB Basin,BBSR||SE, Central Irr.Circle, BBSR||Khurda Irrigation Divn",Khordha,752056.0,1.0,"38,07,916",ABHINASH DALEI,"2,872,691.68",Rejected-Finance,03-Jul-2026,"CE-BM,LMB Basin,BBSR||SE, Central Irr.Circle, BBSR||Khurda Irrigation Divn"
2026_ORULB_125949_5,BMC-EE-Tender Cell-71/2025-26 dt. 11.02.2026,Reconstruction of road and drain from Sankar Ch. Das house to Subash Martha House at Patrapada in Ward No. 65,Reconstruction of road and drain from Sankar Ch. Das house to Subash Martha House at Patrapada in Ward No. 65,Works,Open Tender,Percentage,Civil Works - Others,No,No,NA ,14-Feb-2026 10:30 AM,21-Feb-2026 03:30 PM ,120.0,No ,No,Online,02-Mar-2026 03:30 PM,Municipal Bodies||Bhubaneswar Municipal Corporation,BMC AREA,751022.0,2.0,"63,55,911",DIPAK PRADHAN,"7,724,224",Rejected-Finance,02-Jul-2026,Municipal Bodies||Bhubaneswar Municipal Corporation
2026_EICCL_126329_2,eTCN-78 of 2025-26,"Construction of 11KV line to Power supply to Regional Transport Office, C.S.Pur Bhubaneswar","Construction of 11KV line to Power supply to Regional Transport Office, C.S.Pur Bhubaneswar",Works,Open Tender,Percentage,Electrical Works,No,No,NA ,20-Feb-2026 12:15 PM,NA ,90.0,No ,No,Online,27-Feb-2026 11:30 AM,EIC-CIVIL||SERNB-CIRCLE-CENTRAL||EERNB-DIVN-III-BBSR,Bhubaneswar,751001.0,1.0,"28,52,029",AGRAWALLA POWER INFRASTRUCTURE,"2,829,292",Rejected-Finance,01-Jul-2026,EIC-CIVIL||SERNB-CIRCLE-CENTRAL||EERNB-DIVN-III-BBSR
2026_BDABU_126322_1,"95, Dated-17/02/2026","Permanent power supply to the Crematorium at Dumduma, Bhubaneswar.","Permanent power supply to the Crematorium at Dumduma, Bhubaneswar.",Works,Open Tender,Percentage,Electrical Works,No,No,NA ,20-Feb-2026 10:00 AM,NA ,90.0,No ,No,Online,02-Mar-2026 05:30 PM,Bhubaneswar Development Authority||Bhubaneswar Development Authority||EE BDA Division IV,Bhubaneswar,751001.0,2.0,"12,31,919",M/S S. R. ENGINEERS AND CONSTRUCTION,"1,108,727",Accepted-AOC,17-Jul-2026,Bhubaneswar Development Authority||Bhubaneswar Development Authority||EE BDA Division IV
2026_PHEO_129480_1,NIT No.1 Dtd.12.5.2026,"Construction of UGR and ancillary work at Govt. ITI Campus, Malkangiri in the district of Malkangiri under D.No.39-2230 for the Year 2026-27","Construction of UGR and ancillary work at Govt. ITI Campus, Malkangiri in the district of Malkangiri",Works,National Competitive Bid,Percentage,Civil Works - Water Works,No,No,NA ,20-May-2026 11:00 AM,NA ,120.0,No ,No,Online,01-Jun-2026 11:00 AM,PHEO||PH Circle Bhawanipatna||PH Division Koraput,Malkangiri,764045.0,1.0,"14,24,165",ABHIMANYU SWAIN,"910,041",Rejected-Finance,30-Jul-2026,PHEO||PH Circle Bhawanipatna||PH Division Koraput
2026_RMC_128133_6,MC/RMC/26/2026,"Construction of boundary wall balance and periphery development of Adibasi Harijan School, Ward No. 16 under RMC, Rourkela",Works,Works,Open Tender,Percentage,Civil Works - Others,No,No,NA ,15-Apr-2026 06:00 PM,NA ,90.0,No ,No,Online,04-May-2026 10:00 AM,Rourkela Municipal Corporation,Rourkela,769012.0,1.0,"7,32,000",ANIL BEHERA (S.C),"731,670.37",Rejected-Technical,08-Jul-2026,Rourkela Municipal Corporation
2026_CEMIB_129607_1,SECMID_03/2026-27,Construction of Tarasingh Check Dam over Local Nalla near village Tarasingh in Athagarh Block of Cuttack District under MATY scheme for the year 2025-26.,Construction of Tarasingh Check Dam over Local Nalla near village Tarasingh in Athagarh Block of Cuttack District under MATY scheme for the year 2025-26.,Works,Open Tender,Percentage,Civil Works - Canal,No,No,NA ,22-May-2026 10:00 AM,NA ,90.0,No ,No,Online,01-Jun-2026 11:00 AM,"CE,Minor Irrigation,BBSR||SECMIC-BHUBANESWAR||CUTTACK",Athagarh,754029.0,2.0,"62,72,971",BIKASH KUMAR SAMAL,"6,272,970.57",Rejected-Finance,27-Jul-2026,"CE,Minor Irrigation,BBSR||SECMIC-BHUBANESWAR||CUTTACK"
2026_CERWI_130962_1,Online Tender 04/2026-27,Marine PS GF FF_building,Marine PS GF FF_building,Works,National Competitive Bid,Percentage,Civil Works - Buildings,No,No,NA ,04-Jun-2026 01:00 PM,NA ,90.0,No ,No,Online,18-Jun-2026 11:00 AM,CE RW I||RWCIRCLE-BERHAMPUR||RWDIVISION-GANJAM - II,Ganjam,760012.0,1.0,"6,72,422",B RAKESH PATRA,"484,144",Accepted-AOC,18-Jul-2026,CE RW I||RWCIRCLE-BERHAMPUR||RWDIVISION-GANJAM - II
2025_ORULB_120037_18,PM_02/2025-26,"Improvement of Road from C.C. Road to Sarat Nayak house, Binod Rout House, Premananda , Binod Rout,MP Community Center Road, Green Gola Road, MP Road to Ajaya jena house in ward No-5","Improvement of Road from C.C. Road to Sarat Nayak house, Binod Rout House, Premananda , Binod Rout,MP Community Center Road, Green Gola Road, MP Road to Ajaya jena house in ward No-5",Works,Open Limited,Percentage,Civil Works - Others,No,No,NA ,31-Oct-2025 06:00 PM,NA ,90.0,No ,No,Online,15-Nov-2025 11:00 AM,Municipal Bodies||Pattamundai Municipality,Pattamundai,754215.0,1.0,"12,04,575",JYOTSHNAMAYEE MOHAPATRA,"1,208,331",Rejected-AOC,25-Jul-2026,Municipal Bodies||Pattamundai Municipality
2026_EICCL_127618_2,CCEJC R AND B 16/2025-26,Construction of Security barrack of Airstrip at Malkangiri,CIVIL WORKS,Works,National Competitive Bid,Percentage,Civil Works - Buildings,No,No,NA ,26-Mar-2026 12:00 PM,NA ,90.0,No ,No,Online,10-Apr-2026 11:00 AM,EIC-CIVIL||SERNB-CIRCLE-JEYPORE,MALKANGIRI,764045.0,2.0,"1,08,33,367",ABINASH PADHIARY,"8,179,192",Rejected-AOC,22-Jul-2026,EIC-CIVIL||SERNB-CIRCLE-JEYPORE
2026_CERWI_125638_1,DMGH / Online-14 of 2025-26,Construction of 1 Nos F type Qtr. Building at Dhansuli PHC for the year 2025-26,Construction of 1 Nos F type Qtr. Building at Dhansuli PHC for the year 2025-26,Works,National Competitive Bid,Percentage,Civil Works - Buildings,No,No,NA ,06-Feb-2026 10:00 AM,NA ,90.0,No ,No,Online,19-Feb-2026 11:00 AM,CE RW I||RWCIRCLE-BHAWANIPATNA||RWDIVISION-DHARMAGARH,Kalahandi,766015.0,1.0,"25,41,768",ARJUN PATTNAIK,"2,262,173",Rejected-Technical,25-May-2026,CE RW I||RWCIRCLE-BHAWANIPATNA||RWDIVISION-DHARMAGARH
2025_ORULB_121303_7,MC(CMC)CTC_Div-IIINo.27/25-25,Re-Construction RCC Drain with Cover Slab and CC Road from Sahi Chhak to Bikash Patra house at Thattari Sahi in Ward No.42,Re-Construction RCC Drain with Cover Slab and CC Road from Sahi Chhak to Bikash Patra house at Thattari Sahi in Ward No.42,Works,Open Tender,Percentage,Civil Works - Others,No,No,NA ,18-Dec-2025 11:00 AM,NA ,120.0,No ,No,Online,31-Dec-2025 10:00 AM,Municipal Bodies||Cuttack Municipal Corporation,CMC,753012.0,1.0,"12,60,468",BICHITRA NANDA BEHERA,"1,071,524",Rejected-AOC,08-Jul-2026,Municipal Bodies||Cuttack Municipal Corporation
2026_ORULB_127372_29,ODULB_KGM_22/2025-2026,Special Repair of Drain from Keuta Sahi Culvert to Balijodi Nala via- Karan Sahi in Ward No-02,Special Repair of Drain from Keuta Sahi Culvert to Balijodi Nala via- Karan Sahi in Ward No-02,Works,Open Tender,Percentage,Civil Works - Others,No,No,NA ,19-Mar-2026 04:00 PM,NA ,120.0,No ,No,Online,31-Mar-2026 11:00 AM,Municipal Bodies||Keonjhargarh Municipal Council,KEONJHAR,758001.0,1.0,"24,95,200",BIJAYA KUMAR BEHERA,"1,875,864.07",Accepted-AOC,22-Jul-2026,Municipal Bodies||Keonjhargarh Municipal Council
2026_EICCL_127567_4,SE R and B Divn NoI Bam 69 /2025-26,Construction of 1 no open Pendal at Govt.Polytechnic Berhampur,Construction of 1 no open Pendal at Govt.Polytechnic Berhampur,Works,Open Tender,Percentage,Civil Works - Buildings,No,No,NA ,24-Mar-2026 06:00 PM,NA ,90.0,No ,No,Online,31-Mar-2026 11:30 AM,EIC-CIVIL||SERNB-CIRCLE-BERHAMPUR||EERNB-DIVN-GANJAM I,Berhampur,760005.0,1.0,"6,63,323",Chinmaya Kumar Bisoyi,"494,175",Accepted-AOC,22-Jul-2026,EIC-CIVIL||SERNB-CIRCLE-BERHAMPUR||EERNB-DIVN-GANJAM I
2025_ORULB_121303_10,MC(CMC)CTC_Div-IIINo.27/25-25,Construction of RCC Drain with Cover Slab from Baban Behera house to Asha Medicine Store in Ward No.42,Construction of RCC Drain with Cover Slab from Baban Behera house to Asha Medicine Store in Ward No.42,Works,Open Tender,Percentage,Civil Works - Others,No,No,NA ,18-Dec-2025 11:00 AM,NA ,120.0,No ,No,Online,31-Dec-2025 10:00 AM,Municipal Bodies||Cuttack Municipal Corporation,CMC,753012.0,1.0,"12,60,501",BICHITRA NANDA BEHERA,"1,071,552",Accepted-AOC,08-Jul-2026,Municipal Bodies||Cuttack Municipal Corporation
2026_CEBMB_128949_7,SE-HID-ADV-02/2026-27,Desilting to Khariguda distributary and Takarada Distributary of Harbhangi Irrigation Project.,DESILTING OF CANAL,Works,National Competitive Bid,Percentage,Civil Works - Others,No,No,NA ,11-May-2026 11:00 AM,NA ,90.0,No ,No,Online,25-May-2026 11:00 AM,"CE-BM,RVN Basin,Berhampur||SE Southern Irr Circle II Paralakhemundi||EE Harabhangi Irr Divn Adava",ADAVA,761217.0,1.0,"10,61,702",Ajit Kumar Gouda,"849,468",Rejected-Finance,01-Jul-2026,"CE-BM,RVN Basin,Berhampur||SE Southern Irr Circle II Paralakhemundi||EE Harabhangi Irr Divn Adava"
2026_ORULB_127372_15,ODULB_KGM_22/2025-2026,Special Repair of Road and Drain with Cover slab from Gujurati Sahi Chhaka to madhu Patra house in Ward No-02,Special Repair of Road and Drain with Cover slab from Gujurati Sahi Chhaka to madhu Patra house in Ward No-02,Works,Open Tender,Percentage,Civil Works - Others,No,No,NA ,19-Mar-2026 11:00 AM,NA ,120.0,No ,No,Online,31-Mar-2026 11:00 AM,Municipal Bodies||Keonjhargarh Municipal Council,KEONJHAR,758001.0,1.0,"7,28,300",DEBA PRASAD KHAMARI,"530,842.73",Accepted-AOC,22-Jul-2026,Municipal Bodies||Keonjhargarh Municipal Council
