Tender ID,tender_externalreference,tender_title,Work Description,Tender Category,Tender Type,Form of contract,Product Category,Is Multi Currency Allowed For BOQ,Allow Two Stage Bidding,Independent External Monitor/Remarks,Published Date,Pre Bid Meeting Date,Bid Validity(Days),Should Allow NDA Tender,Allow Preferential Bidder,Payment Mode,Bid Opening Date,Organisation Chain,location,Pincode,No of Bids Received,Tender Value in ₹,Bidder Name,Awarded Value,Status,Contract Date :,Department
2026_ORULB_128122_12,03/SMC_SBP/2026-27,"Construction of road and drain Dacia Gali, Bablu tent house, Pattnaikpada, W.No-24","Construction of road and drain Dacia Gali, Bablu tent house, Pattnaikpada, W.No-24",Works,Open Tender,Percentage,Civil Works - Others,No,No,NA ,18-Apr-2026 11:00 AM,NA ,120.0,No ,No,Online,28-Apr-2026 11:00 AM,Municipal Bodies||Sambalpur Municipal Corporation,SAMBALPUR MUNICIPAL CORPORATION,768004.0,1.0,"16,91,335",ABHINAS NANDA,"1,691,335.96",Rejected-Technical,06-Jun-2026,Municipal Bodies||Sambalpur Municipal Corporation
2026_ORULB_127693_11,MC(CMC)CTC_Div-IIINo1/2026-27,Construction of Ramnagar Nuapatna Crematorium in ward no-59.,Construction of Ramnagar Nuapatna Crematorium in ward no-59.,Works,Open Tender,Percentage,Civil Works - Others,No,No,NA ,07-Apr-2026 05:00 PM,NA ,105.0,No ,No,Online,22-Apr-2026 10:00 AM,Municipal Bodies||Cuttack Municipal Corporation,CMC,753012.0,1.0,"37,31,313",AMITABH SWAIN,"3,731,313.46",Accepted-AOC,10-Jun-2026,Municipal Bodies||Cuttack Municipal Corporation
2026_CERWI_127337_1,EE/RWELECT/SBP/53/2025-26,Shifting of 11/4 KV 25 KVA S/S from old PHC Gudighat to Construction of New PHC Building at Gudighat Under RWES Bolangir,Shifting of 11/4 KV 25 KVA S/S from old PHC Gudighat to Construction of New PHC Building at Gudighat Under RWES Bolangir,Works,Open Tender,Percentage,Electrical Works,No,No,NA ,18-Mar-2026 11:30 AM,NA ,90.0,No ,No,Online,30-Mar-2026 11:30 AM,CE RW I||RW Electrical Circle Bhubaneswar||RW Electrical Division Sambalpur,Balangir,768001.0,1.0,"6,30,714",PNP CONSTRUCTION,"630,083",Rejected-Finance,05-Jun-2026,CE RW I||RW Electrical Circle Bhubaneswar||RW Electrical Division Sambalpur
2026_STSCD_127462_2,ITDATHR-05/2025-26,Construction of Anganwadi Centre at Budhaumer Biswanathpur Sector,Construction of Anganwadi Centre at Budhaumer Biswanathpur Sector,Works,National Competitive Bid,Percentage,Civil Works - Buildings,No,No,NA ,20-Mar-2026 12:00 PM,NA ,180.0,No ,No,Online,02-Apr-2026 11:00 AM,ST and SC Development Deptt||ITDA Th. Rampur,KALAHANDI/BHAWANIPATNA,766001.0,2.0,,PRATAP KISHOR NAIK,"941,327.51",Rejected-Finance,05-Jun-2026,ST and SC Development Deptt||ITDA Th. Rampur
2026_DFODE_124492_1,dfodghfeandcc06,Construction of Elephant proof trench (EPT) 1 K.M at Budido under Reamal Range under Deogarh Forest Division for the year 2025-26,Construction of Elephant proof trench (EPT) 1 K.M at Budido under Reamal Range under Deogarh Forest Division for the year 2025-26,Works,Open Tender,Percentage,Civil Works - Others,No,No,NA ,13-Jan-2026 11:00 AM,NA ,60.0,No ,No,Online,28-Jan-2026 11:00 AM,Forest Environment and Climate Change Department||RCCF Rourkela||DFO Deogarh,Construction of Elephant proof trench (EPT) 1 K.M,768108.0,1.0,,KABITA PRADHAN,"517,877.61",Rejected-Finance,05-Jun-2026,Forest Environment and Climate Change Department||RCCF Rourkela||DFO Deogarh
2026_EICCL_127531_3,SERNBKHR - 22 /2025-26,"Supply, Installation of Mobile Scissor Lift for Multipurpose Hall MPH Building at Khariar NAC in the district of Nuapada for the year 2025-26","Supply, Installation of Mobile Scissor Lift for Multipurpose Hall MPH Building at Khariar NAC in the district of Nuapada for the year 2025-26",Works,National Competitive Bid,Percentage,Electrical Works,No,No,NA ,24-Mar-2026 10:00 AM,NA ,90.0,No ,No,Online,04-Apr-2026 11:00 AM,EIC-CIVIL||SERNB-CIRCLE-BOLANGIR||EERNB-DIVISION-KHARIAR,Khariar,766107.0,1.0,"5,51,713",PRABIN KUMAR AGRAWAL,"434,032.62",Accepted-AOC,29-May-2026,EIC-CIVIL||SERNB-CIRCLE-BOLANGIR||EERNB-DIVISION-KHARIAR
2026_EICCL_125836_1,SE R and B Divn NoI Bam 60/2025-26,S/R to Saraswati Sishu Vidya Mandir to ITI road such as constrn of CC road at ch. 0/700 to 0/778 km,S/R to Saraswati Sishu Vidya Mandir to ITI road such as constrn of CC road at ch. 0/700 to 0/778 km,Works,Open Tender,Percentage,Civil Works - Buildings,No,No,NA ,10-Feb-2026 06:00 PM,NA ,90.0,No ,No,Online,17-Feb-2026 11:30 AM,EIC-CIVIL||SERNB-CIRCLE-BERHAMPUR||EERNB-DIVN-GANJAM I,Ganjam,760005.0,1.0,"11,25,317",BAPINI SETHY,"889,001",Accepted-AOC,04-Jun-2026,EIC-CIVIL||SERNB-CIRCLE-BERHAMPUR||EERNB-DIVN-GANJAM I
2026_PRBCN_128753_16,Tender Online 01 Badachana of 2026-27,DEVELOPEMENT OF MELAN PADI PLAYGROUND Dhanmandal,DEVELOPEMENT OF MELAN PADI PLAYGROUND Dhanmandal,Works,Open Tender,Percentage,Civil Works - Buildings,No,No,NA ,06-May-2026 10:00 AM,NA ,90.0,No ,No,Online,21-May-2026 11:00 AM,Panchayati Raj and Drinking Water Department Odisha||Zilla Parisad Jajpur||BADCHANA Block,Badachana,754296.0,1.0,"23,24,274",ALOK KUMAR PRUSTY,"2,324,274.44",Accepted-AOC,12-Jun-2026,Panchayati Raj and Drinking Water Department Odisha||Zilla Parisad Jajpur||BADCHANA Block
2026_CERWI_127171_6,Tender Online 22 JJPT of 2025-26,S/R to Mahadev Chhanda to Harijansahi Road in the District of Jajpur for the Year 2025-26,S/R to Mahadev Chhanda to Harijansahi Road in the District of Jajpur for the Year 2025-26,Works,Open Tender,Percentage,Civil Works - Roads,No,No,NA ,11-Mar-2026 04:00 PM,NA ,30.0,No ,No,Online,19-Mar-2026 11:00 AM,CE RW I||RWCIRCLE-KENDRAPARA||RWDIVISION I JAJPUR,JAJPUR,755007.0,1.0,"4,19,080",SANTOSH KUMAR PADIHARI,"278,688.14",Rejected-AOC,30-Jun-2026,CE RW I||RWCIRCLE-KENDRAPARA||RWDIVISION I JAJPUR
2026_PRBCN_128753_3,Tender Online 01 Badachana of 2026-27,CONSTRUCTION OFOFFICE BUILDING WITH MARKET COMPLEX FOR GRAM PANCHAYAT LEVEL FEDERATIONS ( GPLF) Balichandrapur,CONSTRUCTION OFOFFICE BUILDING WITH MARKET COMPLEX FOR GRAM PANCHAYAT LEVEL FEDERATIONS ( GPLF) Balichandrapur,Works,Open Tender,Percentage,Civil Works - Buildings,No,No,NA ,06-May-2026 10:00 AM,NA ,90.0,No ,No,Online,21-May-2026 11:00 AM,Panchayati Raj and Drinking Water Department Odisha||Zilla Parisad Jajpur||BADCHANA Block,Badachana,754296.0,1.0,"22,22,426",BINAYAK SAMAL,"2,222,426.02",Rejected-Technical,12-Jun-2026,Panchayati Raj and Drinking Water Department Odisha||Zilla Parisad Jajpur||BADCHANA Block
2026_OBCC_125178_1,46/Tender/OBCC/2025-26,Selection of Consulting firm for preparation of Masterplan Detail Design and DPR for Construction of Tech Business Park in Keonjhar Odisha,Selection of Consulting firm for preparation of Masterplan Detail Design and DPR for Construction of Tech Business Park in Keonjhar Odisha,Services,National Competitive Bid,Lump-sum,Consultancy Services,No,No,NA ,29-Jan-2026 03:00 PM,05-Feb-2026 11:30 AM ,120.0,No ,No,Online,23-Feb-2026 05:30 PM,Orissa Bridge and Construction Corporation Ltd,Keonjhar Odisha,758001.0,2.0,,S.M. Consultants Pvt. Ltd.,"6,900,000",Rejected-Finance,03-Jun-2026,Orissa Bridge and Construction Corporation Ltd
2026_ORULB_127354_1,KNK-3(01)-2025-26,Construction of crematorium centre at sijugoradi in ward No-3,Construction of crematorium centre at sijugoradi in ward No-3,Works,Open Tender,Percentage,Civil Works - Others,No,No,NA ,20-Mar-2026 12:00 PM,NA ,120.0,No ,No,Online,26-Mar-2026 11:30 AM,Municipal Bodies||Konark NAC,Konark NAC,752111.0,1.0,"6,95,950",SANTOSH KUMAR ROUTRAY,"698,120.75",Rejected-Finance,02-Jun-2026,Municipal Bodies||Konark NAC
2026_EICCL_127777_4,Bid Id No. SE- 85/2025-26,Renovation of Work of Academic block Building of Government Polytechnic at Baripada in the District of Mayurbhanj for the year 2025-26,Renovation of Work of Academic block Building of Government Polytechnic at Baripada in the District of Mayurbhanj for the year 2025-26,Works,Open Tender,Percentage,Civil Works - Buildings,No,No,NA ,02-Apr-2026 01:00 PM,NA ,90.0,No ,No,Online,15-Apr-2026 11:00 AM,EIC-CIVIL||SERNB-CIRCLE-EASTERN||EERNB-DIVN-BARIPADA,Baripada,757001.0,1.0,,BHABESH KUMAR PARIDA,"4,155,987",Rejected-Finance,04-Jun-2026,EIC-CIVIL||SERNB-CIRCLE-EASTERN||EERNB-DIVN-BARIPADA
2026_ORULB_126678_4,37/SMC_SBP/2025-26,"Construction of RCC drain and Paver road from Beheramunda AWC to Arjun Behera house in Happy Colony, Beheramunda,Ward No.18","Construction of RCC drain and Paver road from Beheramunda AWC to Arjun Behera house in Happy Colony, Beheramunda,Ward No.18",Works,Open Tender,Percentage,Civil Works - Others,No,No,NA ,06-Mar-2026 11:00 AM,NA ,120.0,No ,No,Online,17-Mar-2026 11:00 AM,Municipal Bodies||Sambalpur Municipal Corporation,Sambalpur Municipal Corporation,768006.0,1.0,"9,00,718",DOLIMINA SUNA (S.C),"900,717.69",Rejected-Technical,06-Jun-2026,Municipal Bodies||Sambalpur Municipal Corporation
2026_RMC_127686_7,MC/RMC/17./2026,"Redevelopement of Park HIG B 312 park,Kalinga Vihar, Chhend, Ward No. 13 under RMC Rourkela",Works,Works,Open Tender,Percentage,Civil Works - Others,No,No,NA ,30-Mar-2026 06:00 PM,NA ,90.0,No ,No,Online,15-Apr-2026 11:00 AM,Rourkela Municipal Corporation,Rourkela,769012.0,1.0,"7,85,000",NIKHILA KALAKAR PRADHAN,"784,848.64",Rejected-Technical,08-Jun-2026,Rourkela Municipal Corporation
2026_ECCHA_127145_19,"e-Procurement Notice No.ACE, EC-II 12 of 2025-26","ACE, EC-II JKID 59 of 2025-26 Scoured Bank Protection to Brahmani right Embankment near village Chahata on CE No- 26 A.",Embankment protection,Works,National Competitive Bid,Percentage,Civil Works - Others,No,No,NA ,11-Mar-2026 10:00 AM,NA ,90.0,No ,No,Online,26-Mar-2026 11:30 AM,CE AND BM MBBS CHANDIKOLE||EASTERN CIRCLE II CHANDIKOLE,Chandikhole,755044.0,2.0,"2,48,49,747",NAKULA ROUT,"23,609,745",Accepted-AOC,21-Jun-2026,CE AND BM MBBS CHANDIKOLE||EASTERN CIRCLE II CHANDIKOLE
2026_EICCL_125600_1,RGD 22 25-26,S/R to DPO building at Rayagada for the year 2025-26,S/R to DPO building at Rayagada for the year 2025-26,Works,Open Tender,Percentage,Civil Works - Buildings,No,No,NA ,06-Feb-2026 11:00 AM,NA ,90.0,No ,No,Online,17-Feb-2026 11:30 AM,EIC-CIVIL||SERNB-CIRCLE-RAYAGADA||EERNB DIVN RAYAGADA I,Rayagada,765001.0,1.0,"31,63,299",M RAMA RAO,"3,163,298.718",Rejected-AOC,03-Mar-2026,EIC-CIVIL||SERNB-CIRCLE-RAYAGADA||EERNB DIVN RAYAGADA I
2026_EICCL_126576_1,SE RandB BDK-39/2025-26-4,"Renovation of SDO quarter such as Repair ,Reconstruction of 1no quarterfor the year 2025-2026.","Renovation of SDO quarter such as Repair ,Reconstruction of 1no quarterfor the year 2025-2026.",Works,Open Tender,Percentage,Civil Works - Buildings,No,No,NA ,24-Feb-2026 06:30 PM,NA ,90.0,No ,No,Online,04-Mar-2026 11:30 AM,EIC-CIVIL||SERNB-CIRCLE-EASTERN||EERNB-DIVN-BHADRAK,Bhadrak,756100.0,1.0,,PRAVAT KUMAR MOHANTY,"916,788.64",Rejected-Finance,06-Jun-2026,EIC-CIVIL||SERNB-CIRCLE-EASTERN||EERNB-DIVN-BHADRAK
2026_CERWI_125119_1,Online-AGL-30/2025-26,Construction of road from Aradiha chhaka to Gadtaras,Construction of road from Aradiha chhaka to Gadtaras,Works,National Competitive Bid,Percentage,Civil Works - Roads,No,No,NA ,28-Jan-2026 01:00 PM,NA ,90.0,No ,No,Online,07-Feb-2026 05:10 PM,CE RW I||RWCIRCLE-ANGUL,Angul,759143.0,2.0,"2,99,43,400",TAPAN KUMAR SAHU,"29,943,400",Rejected-AOC,18-Jun-2026,CE RW I||RWCIRCLE-ANGUL
2026_ORULB_127615_8,NLGN _09/2025-26,"Renovation of Crematorium at Raigan in W.No.12, under Nilgiri N.A.C.","Renovation of Crematorium at Raigan in W.No.12, under Nilgiri N.A.C.",Works,Open Tender,Percentage,Civil Works - Buildings,No,No,NA ,26-Mar-2026 10:00 AM,NA ,210.0,No ,No,Online,10-Apr-2026 11:00 AM,Municipal Bodies||Nilgiri NAC,Nilgiri NAC,756040.0,1.0,"2,54,237",Harish Chandra Bag,"254,237",Rejected-AOC,01-Jun-2026,Municipal Bodies||Nilgiri NAC
2026_OCCL_127262_1,E-procurement Notice No. 02/OCCL/GMWZ/2025-26 (on-line),Bid identification No. OCCL-SMP/02/25-26,"Extension of Sub-Divisional Veterinary Hospital at Padmapur,in Bargarh District.",Works,Open Tender,Percentage,Civil Works - Others,No,No,NA ,13-Mar-2026 03:30 PM,NA ,90.0,No ,No,Online,30-Mar-2026 12:00 PM,ODISHA CONSTRUCTION CORPORATION LTD||CIVIL,"Padmapur, in Bargarh District, Odisha",768036.0,2.0,"1,92,95,697",M/S TANUSHREE CONSTRUCTION PROPRIETOR RAJENDRA BEHERA,"15,987,051",Rejected-Technical,05-Jun-2026,ODISHA CONSTRUCTION CORPORATION LTD||CIVIL
2026_OMFED_129390_11,07 /MM/CFP/56/ 2026-2027/22,SUPPLY OF DDGS AT JAGANNATHPUR PLANT,SUPPLY OF DDGS AT JAGANNATHPUR PLANT,Goods,Open Tender,Item Rate,Miscellaneous Goods,No,No,NA ,18-May-2026 10:00 AM,NA ,60.0,No ,No,Online,01-Jun-2026 02:00 PM,Odisha State Co. Milk Producers Federation Ltd.,JAGANNATHPUR,752101.0,1.0,"17,00,00,000",SHREE LINGRAJ FEEDS LIMITED,"8,794,800",Accepted-AOC,11-Jun-2026,Odisha State Co. Milk Producers Federation Ltd.
2026_SERIF_128488_1,VI-13(10)/SERIFED/2025-26/604,Construction of Entry Mural at Existing Applique Pipili Dist-Puri,Construction of Entry Mural at Existing Applique Pipili Dist-Puri,Works,Open Tender,Percentage,Civil Works - Others,No,No,NA ,28-Apr-2026 10:00 AM,NA ,90.0,No ,No,Online,08-May-2026 11:30 AM,Odisha Cooperative Tasar and Silk Federation LTD,"Pipili, Puri",752104.0,2.0,,LAXMIDHAR SETHY,"8,483,478",Rejected-AOC,03-Jun-2026,Odisha Cooperative Tasar and Silk Federation LTD
2026_EICCL_128310_2,SERNBKHR - 01 /2026-27,"Extension of Existing Control Room with Wash room, Construction of Waiting Shed, Provision of thermoplastic compound painting Yellow color at RTO Driving Track, Nuapada for the year 2025-26 Civil plus PH plus EI","Extension of Existing Control Room with Wash room, Construction of Waiting Shed, Provision of thermoplastic compound painting Yellow color at RTO Driving Track, Nuapada for the year 2025-26 Civil plus PH plus EI",Works,National Competitive Bid,Percentage,Civil Works - Buildings,No,No,NA ,22-Apr-2026 10:00 AM,NA ,90.0,No ,No,Online,04-May-2026 11:00 AM,EIC-CIVIL||SERNB-CIRCLE-BOLANGIR||EERNB-DIVISION-KHARIAR,Nuapada,766105.0,1.0,"24,21,091",PUHAN SUBHALAXMI,"2,418,669.71",Rejected-AOC,03-Jun-2026,EIC-CIVIL||SERNB-CIRCLE-BOLANGIR||EERNB-DIVISION-KHARIAR
2026_PRNPA_124184_6,e-procurement Notice No.(PSNPD)01/2025-26 vide letter no.03 dt.01/01/2026,Construction of Additional class room at SAHIAPLA,Construction of Additional class room at SAHIAPLA,Works,Open Tender,Percentage,Civil Works - Buildings,No,No,NA ,05-Jan-2026 10:00 AM,NA ,90.0,No ,No,Online,21-Jan-2026 11:00 AM,Panchayati Raj and Drinking Water Department Odisha||Zilla Parisad Nuapada||NUAPADA Block,Nuapada,766105.0,1.0,"14,61,118",MAHENDRA KUMAR SAHU,"1,242,096",Rejected-Finance,13-May-2026,Panchayati Raj and Drinking Water Department Odisha||Zilla Parisad Nuapada||NUAPADA Block
2026_CERWI_124920_3,ONLINE TENDER 06/ RWD-II/2025-26,SR to NH-224 to Ranijhari road for the year 2025-26,Road work,Works,Open Tender,Percentage,Civil Works - Roads,No,No,NA ,21-Jan-2026 03:00 PM,NA ,90.0,No ,No,Online,31-Jan-2026 11:00 AM,CE RW I||RWCIRCLE-BHUBANESWAR||RW Division Nayagarh-II,NAYAGARH,752069.0,1.0,"16,95,000",SONALI GURU,"1,162,507",Rejected-Finance,22-Jun-2026,CE RW I||RWCIRCLE-BHUBANESWAR||RW Division Nayagarh-II
2026_CERWI_125092_11,CCERWCSBD Online - 26/2025-26,Improvement to L037-Chhatabeda to Bhatipada Road in the District of Nabarangpur under MMSY-Impvt. to Existing RD Road for the year 2025-26,Improvement to L037-Chhatabeda to Bhatipada Road in the District of Nabarangpur under MMSY-Impvt. to Existing RD Road for the year 2025-26,Works,National Competitive Bid,Percentage,Civil Works - Roads,No,No,NA ,28-Jan-2026 06:55 PM,NA ,90.0,No ,No,Online,04-Feb-2026 11:00 AM,CE RW I||RWCIRCLE-SUNABEDA,UMERKOTE,764073.0,2.0,"2,62,18,000",ABHAYA KUMAR MAHUNTA,"24,909,279.84",Rejected-AOC,29-Jun-2026,CE RW I||RWCIRCLE-SUNABEDA
2026_CERWI_126745_2,ONLINE TENDER / 14 /RWD-II/ 2025-26,SR to PWD Road to Bantala road for the year 2025-26,Road works,Works,Open Tender,Percentage,Civil Works - Roads,No,No,NA ,02-Mar-2026 11:00 AM,NA ,90.0,No ,No,Online,09-Mar-2026 05:00 PM,CE RW I||RWCIRCLE-BHUBANESWAR||RW Division Nayagarh-II,NAYAGARH,752069.0,1.0,"5,08,000",ROJALIN SAHOO,"449,091",Rejected-Finance,25-Jun-2026,CE RW I||RWCIRCLE-BHUBANESWAR||RW Division Nayagarh-II
2026_ORULB_127700_1,MC(CMC)CTC_Div-I_No.27/2025-26,Desilting of MSD drain from Baimundi Chhaka to Bidanasi Bandha Chhaka in Ward No. 01.,Desilting of MSD drain from Baimundi Chhaka to Bidanasi Bandha Chhaka in Ward No. 01.,Works,Open Tender,Percentage,Civil Works - Others,No,No,NA ,31-Mar-2026 03:00 PM,NA ,90.0,No ,No,Online,10-Apr-2026 11:00 AM,Municipal Bodies||Cuttack Municipal Corporation,CMC,753012.0,1.0,"9,72,100",DILIP KUMAR NANDA,"972,105",Rejected-AOC,24-Jun-2026,Municipal Bodies||Cuttack Municipal Corporation
2026_ORULB_124433_1,UKTM-MUN- 06/2025-26(3),Development of Mata Tank In Ward No-05,Civil Work,Works,Open Tender,Percentage,Civil Works - Water Works,No,No,NA ,12-Jan-2026 10:00 AM,NA ,60.0,No ,No,Online,28-Jan-2026 11:00 AM,Municipal Bodies||Umerkote Municipality,Umerkote Municipality,764073.0,1.0,,ARUN KUMAR SETHY,"761,213",Accepted-AOC,25-Jun-2026,Municipal Bodies||Umerkote Municipality
2026_CERWI_125039_1,Road Online-AGL-30/2025-26,Construction of road from Katranga to Baisina via Papasara,Construction of road from Katranga to Baisina via Papasara,Works,National Competitive Bid,Percentage,Civil Works - Roads,No,No,NA ,24-Jan-2026 06:30 PM,NA ,90.0,No ,No,Online,07-Feb-2026 05:10 PM,CE RW I||RWCIRCLE-ANGUL,Angul,759143.0,2.0,"3,19,01,148",SANJEEV KUMAR SINGH,"31,901,148",Rejected-AOC,18-Jun-2026,CE RW I||RWCIRCLE-ANGUL
2026_ORULB_127681_1,EOCHAMPUANAC-NO-65/2025-26,"STREET SWEEPING, DRAIN CLEANING, BUSH CUTTING AND UPROOTING , DEWEEDING, DESILTING AND DOOR TO DOOR SEGREGATED WASTE COLLECTION OF CHAMPUA NAC FOR WARD NO-01 TO WARD NO-13","STREET SWEEPING, DRAIN CLEANING, BUSH CUTTING AND UPROOTING , DEWEEDING, DESILTING AND DOOR TO DOOR SEGREGATED WASTE COLLECTION OF CHAMPUA NAC FOR WARD NO-01 TO WARD NO-13",Services,Open Tender,Percentage,Consultancy Services,No,No,NA ,30-Mar-2026 11:00 AM,NA ,270.0,No ,No,Online,18-Apr-2026 11:00 AM,Municipal Bodies||Champua NAC,CHAMPUA,758041.0,2.0,"1,71,06,200",SWARNADEVI AGENCY PVT. LTD.,"14,039,761.91",Rejected-Technical,04-Jun-2026,Municipal Bodies||Champua NAC
2026_OPEPA_129075_1,IFB-DPC SS KPT ACR 144/144 OF 2024-25,CONSTRUCTION OF 1 NO ADDITIONAL CLASS ROOM BUILDING AT PIPALPADAR UPS OF NARAYANAPATNA BLOCK,CONSTRUCTION OF 1 NO ADDITIONAL CLASS ROOM BUILDING AT PIPALPADAR UPS OF NARAYANAPATNA BLOCK,Works,Open Tender,Percentage,Civil Works - Buildings,No,No,NA ,11-May-2026 11:00 AM,NA ,90.0,No ,No,Online,26-May-2026 11:30 AM,OPEPA Bhubaneswar||Samagra Shiksha Koraput,PIPALPADAR UPS OF NARAYANAPATNA BLOCK,764014.0,1.0,"14,33,504",NANDA KISHOR PRASAD CHOURASIA,"1,419,169",Accepted-AOC,09-Jun-2026,OPEPA Bhubaneswar||Samagra Shiksha Koraput
2026_ORULB_125887_3,SOROM_07_2025-26,Renovation of CRC Near Agriculture office in Ward No.-01,Renovation Work,Works,Open Tender,Percentage,Civil Works - Others,No,No,NA ,18-Feb-2026 10:00 AM,NA ,120.0,No ,No,Online,26-Feb-2026 10:00 AM,Municipal Bodies||Soro Municipality,"Soro Municipality, Soro",756045.0,1.0,"2,11,864",JAJATIKESHARI PRADHAN,"211,864.21",Accepted-AOC,04-Jun-2026,Municipal Bodies||Soro Municipality
2026_ORULB_126907_21,BBLM-7/2025-26,"Completion of Bhoga Mandap near Harihar temple, Ward No.10, Barbil Municipality","Completion of Bhoga Mandap near Harihar temple, Ward No.10, Barbil Municipality",Works,Open Tender,Percentage,Civil Works - Others,No,No,NA ,09-Mar-2026 10:00 AM,NA ,90.0,No ,No,Online,20-Mar-2026 11:00 AM,Municipal Bodies||Barbil Municipality,Barbil,758035.0,2.0,"12,25,000",PRITIRANJAN PATRA,"1,236,374",Rejected-Finance,02-Jun-2026,Municipal Bodies||Barbil Municipality
2026_CERWI_126745_3,ONLINE TENDER / 14 /RWD-II/ 2025-26,SR to PWD road to Barkola for the year 2025-26,Road works,Works,Open Tender,Percentage,Civil Works - Roads,No,No,NA ,02-Mar-2026 11:00 AM,NA ,90.0,No ,No,Online,09-Mar-2026 05:00 PM,CE RW I||RWCIRCLE-BHUBANESWAR||RW Division Nayagarh-II,NAYAGARH,752069.0,1.0,"8,47,000",MANORANJAN JENA,"751,824",Accepted-AOC,25-Jun-2026,CE RW I||RWCIRCLE-BHUBANESWAR||RW Division Nayagarh-II
2026_CERWI_125092_10,CCERWCSBD Online - 26/2025-26,Improvement to L071-Turudhi to Amapara Road in the District of Nabarangpur under MMSY-Impvt. to Existing RD Road for the year 2025-26.,Improvement to L071-Turudhi to Amapara Road in the District of Nabarangpur under MMSY-Impvt. to Existing RD Road for the year 2025-26.,Works,National Competitive Bid,Percentage,Civil Works - Roads,No,No,NA ,28-Jan-2026 06:30 PM,NA ,90.0,No ,No,Online,04-Feb-2026 11:00 AM,CE RW I||RWCIRCLE-SUNABEDA,UMERKOTE,764073.0,2.0,"2,33,80,000",Gopal Haldar,"22,212,999.16",Rejected-AOC,29-Jun-2026,CE RW I||RWCIRCLE-SUNABEDA
2026_CERWI_124920_2,ONLINE TENDER 06/ RWD-II/2025-26,"SR to Gr. Floor for R.W. Sub-Division, Daspalla for the year 2025-26",Bldg works,Works,Open Tender,Percentage,Civil Works - Buildings,No,No,NA ,21-Jan-2026 03:00 PM,NA ,90.0,No ,No,Online,31-Jan-2026 11:00 AM,CE RW I||RWCIRCLE-BHUBANESWAR||RW Division Nayagarh-II,NAYAGARH,752069.0,1.0,"4,23,000",SONALI GURU,"275,347",Rejected-Finance,16-Jun-2026,CE RW I||RWCIRCLE-BHUBANESWAR||RW Division Nayagarh-II
2026_ORULB_128125_5,EO/BPHM/01/26-27,Construction of Paver Block Road From Tikili Sahoo House to Mahanty House ward -14,Construction of Paver Block Road From Tikili Sahoo House to Mahanty House ward -14,Works,Open Tender,Percentage,Civil Works - Roads,No,No,NA ,17-Apr-2026 10:00 AM,NA ,90.0,No ,No,Online,02-May-2026 11:00 AM,Municipal Bodies||Belpahar Municipal Council,Belpahar Municipality,768218.0,1.0,"19,50,000",SIDDHI VINAYAK CONSTRUCTIONS PROP-MANASI SAHU,"1,950,000",Rejected-AOC,03-Jun-2026,Municipal Bodies||Belpahar Municipal Council
2026_PRNPA_124184_7,e-procurement Notice No.(PSNPD)01/2025-26 vide letter no.03 dt.01/01/2026,Construction of Additional class room at paraskhol UPS kotenchuan,Construction of Additional class room at paraskhol UPS kotenchuan,Works,Open Tender,Percentage,Civil Works - Buildings,No,No,NA ,05-Jan-2026 10:00 AM,NA ,90.0,No ,No,Online,21-Jan-2026 11:00 AM,Panchayati Raj and Drinking Water Department Odisha||Zilla Parisad Nuapada||NUAPADA Block,Nuapada,766105.0,1.0,"14,63,257",MAHENDRA KUMAR SAHU,"1,243,915",Rejected-Finance,13-May-2026,Panchayati Raj and Drinking Water Department Odisha||Zilla Parisad Nuapada||NUAPADA Block
2026_EICCL_126736_1,SE R and B Divn NoI Bam 65/2025-26,"Annual repair of DIG office building such as providing ceilling, wall panelling, flush door, inside and outside painting works etc at BAM","Annual repair of DIG office building such as providing ceilling, wall panelling, flush door, inside and outside painting works etc at BAM",Works,Open Tender,Percentage,Civil Works - Buildings,No,No,NA ,27-Feb-2026 06:00 PM,NA ,90.0,No ,No,Online,07-Mar-2026 11:30 AM,EIC-CIVIL||SERNB-CIRCLE-BERHAMPUR||EERNB-DIVN-GANJAM I,Ganjam,760005.0,1.0,"10,28,077",Chinmaya Kumar Bisoyi,"596,285",Rejected-AOC,03-Jun-2026,EIC-CIVIL||SERNB-CIRCLE-BERHAMPUR||EERNB-DIVN-GANJAM I
2026_EICCL_125091_1,Bid Identification No-SE-R AND B-SNG-28 OF 2025-26,Development of Eco park at Ch. 63/300 Km ( Bhasma Village ) on Sambalpur . Sundargarh. Rourkela Road (SH-10) in the District of Sundargarh under CSR Head of Basundhara Area. (including EI works).,Development of Eco park at Ch. 63/300 Km ( Bhasma Village ) on Sambalpur . Sundargarh. Rourkela Road (SH-10) in the District of Sundargarh under CSR Head of Basundhara Area. (including EI works).,Works,Open Tender,Percentage,Civil Works - Buildings,No,No,NA ,28-Jan-2026 10:00 AM,NA ,90.0,No ,No,Online,09-Feb-2026 11:00 AM,EIC-CIVIL||SERNB-CIRCLE-KEONJHAR||EERNB-DIVN-SUNDERGARH,Sundargarh,770001.0,2.0,"73,66,666",BISWAJEET PATTNAIK,"6,262,402.76",Rejected-AOC,24-Jun-2026,EIC-CIVIL||SERNB-CIRCLE-KEONJHAR||EERNB-DIVN-SUNDERGARH
2026_JIRR_124173_10,JKID-04 OF 2025-26,10-Improvement to Pahanga OAE on Kharasuan left from RD 0.00km to 0.900km,Improvement to Pahanga OAE on Kharasuan left from RD 0.00km to 0.900km,Works,National Competitive Bid,Percentage,Civil Works - Others,No,No,NA ,05-Jan-2026 11:00 AM,NA ,90.0,No ,No,Online,16-Jan-2026 11:00 AM,CE AND BM MBBS CHANDIKOLE||EASTERN CIRCLE II CHANDIKOLE||Jaraka Irr Div Jaraka,Jaraka,755050.0,1.0,"50,30,597",RANJANKUMAR SETHY,"3,839,854.88",Rejected-Technical,22-May-2026,CE AND BM MBBS CHANDIKOLE||EASTERN CIRCLE II CHANDIKOLE||Jaraka Irr Div Jaraka
2026_RWSS_125765_1,RWSS_49_2025-26,CONSTRUCTION OF COMPOUND WALL AND REPAIR OF PUMP HOUSE FOR PWS TO ARILO KESARADA UNDER TIRTOL BLOCK,CONSTRUCTION OF COMPOUND WALL AND REPAIR OF PUMP HOUSE FOR PWS TO ARILO KESARADA UNDER TIRTOL BLOCK,Works,National Competitive Bid,Percentage,Civil Works - Water Works,No,No,NA ,11-Feb-2026 10:00 AM,11-Feb-2026 10:00 AM ,180.0,No ,No,Online,19-Feb-2026 11:00 AM,Rural Water Supply and Sanitation||RWSS Circle Cuttack||EE RWSS Divn Jagatsinghpur,OFFICE OF THE SE RWSS DIVISION JAGATSINGHPUR,754103.0,1.0,"15,03,736",PRIYATAMA ROUT,"1,428,699.57",Rejected-Technical,29-Jun-2026,Rural Water Supply and Sanitation||RWSS Circle Cuttack||EE RWSS Divn Jagatsinghpur
2026_OMFED_129390_10,07 /MM/CFP/56/ 2026-2027/22,SUPPLY OF MAIZE AT JAGANNATHPUR PLANT,SUPPLY OF MAIZE AT JAGANNATHPUR PLANT,Goods,Open Tender,Item Rate,Miscellaneous Goods,No,No,NA ,18-May-2026 10:00 AM,NA ,60.0,No ,No,Online,01-Jun-2026 02:00 PM,Odisha State Co. Milk Producers Federation Ltd.,JAGANNATHPUR,752101.0,1.0,"17,00,00,000",SHREE LINGRAJ FEEDS LIMITED,"24,381,000",Rejected-Finance,11-Jun-2026,Odisha State Co. Milk Producers Federation Ltd.
2026_EICCL_126898_1,SE (RnB) KPD 24 / 2025-26,"Supply and fixing of damaged arena flood light,LED recess light at MPH Pattamundai in the district of kendrapara.","Supply and fixing of damaged arena flood light,LED recess light at MPH Pattamundai in the district of kendrapara.",Works,Open Tender,Percentage,Electrical Works,No,No,NA ,06-Mar-2026 11:00 AM,NA ,90.0,No ,No,Online,17-Mar-2026 11:00 AM,EIC-CIVIL||SERNB-CIRCLE-CUTTACK||EERNB-DIVN-KENDRAPADA,Kendrapara,754211.0,1.0,"13,84,652",M/S SRI JAGANNATH ELECTRICAL AND CONSTRUCTION,"1,149,123",Rejected-Finance,08-May-2026,EIC-CIVIL||SERNB-CIRCLE-CUTTACK||EERNB-DIVN-KENDRAPADA
2026_OSRTC_127761_1,3388.0,EoI for Empanelment of Bus Body Repairing Firms,Expression of Interest for Empanelment of Bus Body Repairing Firms for Repair and Refurbishment of Various Types of Buses of the Odisha State Road Transport Corporation OSRTC,Works,Open Tender,EOI,Miscellaneous Works,No,No,NA ,01-Apr-2026 12:30 PM,22-Apr-2026 04:00 PM ,90.0,No ,No,Offline,02-May-2026 05:00 PM,Orissa State Road Transport Corporation,"OSRTC, Paribahan Bhawan, Sachivalaya Marg, bbsr",751009.0,1.0,,SOOR CRAFT INDUSTRIES,0.0,Accepted-AOC,09-Jun-2026,Orissa State Road Transport Corporation
2026_ORULB_127615_9,NLGN _09/2025-26,"Construction of Drain with cover slab from Gundia house to Thupa house, W.08.","Construction of Drain with cover slab from Gundia house to Thupa house, W.08.",Works,Open Tender,Percentage,Civil Works - Buildings,No,No,NA ,26-Mar-2026 10:00 AM,NA ,210.0,No ,No,Online,10-Apr-2026 11:00 AM,Municipal Bodies||Nilgiri NAC,Nilgiri NAC,756040.0,1.0,"1,69,491",Harish Chandra Bag,"169,491",Rejected-AOC,01-Jun-2026,Municipal Bodies||Nilgiri NAC
2026_RMC_127686_6,MC/RMC/17./2026,"Development of park infront of E 20, phase I in Ward No. 18 under RMC Rourkela",Works,Works,Open Tender,Percentage,Civil Works - Others,No,No,NA ,30-Mar-2026 06:00 PM,NA ,90.0,No ,No,Online,15-Apr-2026 11:00 AM,Rourkela Municipal Corporation,Rourkela,769012.0,1.0,"8,80,000",PRAVAT KUMAR BEHURA,"879,793.62",Rejected-Technical,08-Jun-2026,Rourkela Municipal Corporation
2026_EICCL_127777_5,Bid Id No. SE- 85/2025-26,Repair and Renovation to New Teaching Hospital of PRMMCH at Baripada in the District of Mayurbhanj for the year 2025-26,Repair and Renovation to New Teaching Hospital of PRMMCH at Baripada in the District of Mayurbhanj for the year 2025-26,Works,Open Tender,Percentage,Civil Works - Buildings,No,No,NA ,02-Apr-2026 01:00 PM,NA ,90.0,No ,No,Online,15-Apr-2026 11:00 AM,EIC-CIVIL||SERNB-CIRCLE-EASTERN||EERNB-DIVN-BARIPADA,Baripada,757001.0,1.0,,SAMARJEET GOSWAMI,"4,671,024",Rejected-Finance,09-Jun-2026,EIC-CIVIL||SERNB-CIRCLE-EASTERN||EERNB-DIVN-BARIPADA
2026_ECCHA_124250_4,"e-Procurement Notice No.ACE, EC-II 10 of 2025-26","ACE, EC-II JKID 31 of 2025-26 Lining of Disty No.12A from RD 0.00 Km to 0.383 Km and from RD 0.810 Km to 1.902 Km of HLC Range-I and Kantigadia Sub-Minor.",Canal lining,Works,National Competitive Bid,Percentage,Civil Works - Canal,No,No,NA ,06-Jan-2026 10:00 AM,NA ,90.0,No ,No,Online,21-Jan-2026 11:30 AM,CE AND BM MBBS CHANDIKOLE||EASTERN CIRCLE II CHANDIKOLE,Jaraka,755050.0,2.0,"2,51,94,384",NIHAR RANJAN NAYAK,"17,363,751",Rejected-Finance,09-Jun-2026,CE AND BM MBBS CHANDIKOLE||EASTERN CIRCLE II CHANDIKOLE
2026_PRBCN_128753_2,Tender Online 01 Badachana of 2026-27,"Developement of Infrastructure in Janhagiri,Badaghumuri","Developement of Infrastructure in Janhagiri,Badaghumuri",Works,Open Tender,Percentage,Civil Works - Buildings,No,No,NA ,06-May-2026 10:00 AM,NA ,90.0,No ,No,Online,21-May-2026 11:00 AM,Panchayati Raj and Drinking Water Department Odisha||Zilla Parisad Jajpur||BADCHANA Block,Badachana,754296.0,1.0,"20,20,500",AMINA CHARAN NAYAK,"2,020,500.19",Rejected-Technical,12-Jun-2026,Panchayati Raj and Drinking Water Department Odisha||Zilla Parisad Jajpur||BADCHANA Block
2026_ORULB_126636_34,BMC-EE-Tender Cell-73/2025-26 Dt. 25.02.2026,Renovation with peripheral development of Nanda Kishore Pond in Ward No. 59,Renovation with peripheral development of Nanda Kishore Pond in Ward No. 59,Works,Open Tender,Percentage,Civil Works - Others,No,No,NA ,28-Feb-2026 10:30 AM,05-Mar-2026 04:00 PM ,120.0,No ,No,Online,12-Mar-2026 11:00 AM,Municipal Bodies||Bhubaneswar Municipal Corporation,BMC AREA,751022.0,1.0,"29,65,696",M/S OMM SAI ASSOCIATES,"3,094,627",Rejected-Finance,09-Jun-2026,Municipal Bodies||Bhubaneswar Municipal Corporation
2026_PRBCN_128753_17,Tender Online 01 Badachana of 2026-27,CONSTRUCTION OF OFFICE BUILDING WITH MARKET COMPLEX FOR GRAM PANCHAYAT LEVEL FEDERATIONS ( GPLF) Paria,CONSTRUCTION OFOFFICE BUILDING WITH MARKET COMPLEX FOR GRAM PANCHAYAT LEVEL FEDERATIONS ( GPLF) Paria,Works,Open Tender,Percentage,Civil Works - Buildings,No,No,NA ,06-May-2026 10:00 AM,NA ,90.0,No ,No,Online,21-May-2026 11:00 AM,Panchayati Raj and Drinking Water Department Odisha||Zilla Parisad Jajpur||BADCHANA Block,Badachana,754296.0,1.0,"22,50,223",PRASANTA KUMAR JENA,"2,250,223.2",Rejected-Technical,12-Jun-2026,Panchayati Raj and Drinking Water Department Odisha||Zilla Parisad Jajpur||BADCHANA Block
2026_ORULB_126636_20,BMC-EE-Tender Cell-73/2025-26 Dt. 25.02.2026,Improvement of road from Lotous Play School to Varenyas Resturant Via.plot no-472(P) and plot no. M 17 in Ward No. 39,Improvement of road from Lotous Play School to Varenyas Resturant Via.plot no-472(P) and plot no. M 17 in Ward No. 39,Works,Open Tender,Percentage,Civil Works - Roads,No,No,NA ,28-Feb-2026 10:30 AM,05-Mar-2026 04:00 PM ,120.0,No ,No,Online,12-Mar-2026 11:00 AM,Municipal Bodies||Bhubaneswar Municipal Corporation,BMC AREA,751022.0,1.0,"16,84,534",RANJIT SING,"1,729,542",Rejected-Finance,23-Jun-2026,Municipal Bodies||Bhubaneswar Municipal Corporation
2026_EICCL_124928_18,RC(RANDB) RGD NO. II/ 19 /2025-26,Electrical renovation of 5 nos Male ward and 1 no Female ward and Kitchen for Sub-Jail staff at Gunupur during 2025-26,Electrical Work,Works,Open Tender,Percentage,Electrical Works,No,No,NA ,22-Jan-2026 11:00 AM,NA ,90.0,No ,No,Online,30-Jan-2026 11:00 AM,EIC-CIVIL||SERNB-CIRCLE-RAYAGADA||EERNB-DIVN-RAYAGADA NEW,Gunupur,765017.0,1.0,"5,36,445",Rajendra Jena,"418,427",Rejected-Finance,06-Jun-2026,EIC-CIVIL||SERNB-CIRCLE-RAYAGADA||EERNB-DIVN-RAYAGADA NEW
2026_EICCL_127531_2,SERNBKHR - 22 /2025-26,"Supply, Installation of Mobile Scissor Lift for Multipurpose Hall MPH Building at Nuapada NAC in the district of Nuapada for the year 2025-26","Supply, Installation of Mobile Scissor Lift for Multipurpose Hall MPH Building at Nuapada NAC in the district of Nuapada for the year 2025-26",Works,National Competitive Bid,Percentage,Electrical Works,No,No,NA ,24-Mar-2026 10:00 AM,NA ,90.0,No ,No,Online,04-Apr-2026 11:00 AM,EIC-CIVIL||SERNB-CIRCLE-BOLANGIR||EERNB-DIVISION-KHARIAR,Nuapada,766105.0,1.0,"5,51,713",PRABIN KUMAR AGRAWAL,"434,032.62",Accepted-AOC,29-May-2026,EIC-CIVIL||SERNB-CIRCLE-BOLANGIR||EERNB-DIVISION-KHARIAR
2026_EICCL_126183_1,S.E.-KHD-(RandB)-43 /2025-26,"Supply and fixing of Flood lights, Street lights, LED Battens, Fans etc. at DHH Khordha as per order No. 108 Dt. 02.01.2026 of DHSO Odisha Buildings.","Supply and fixing of Flood lights, Street lights, LED Battens, Fans etc. at DHH Khordha as per order No. 108 Dt. 02.01.2026 of DHSO Odisha Buildings.",Works,Open Tender,Percentage,Electrical Works,No,No,NA ,17-Feb-2026 12:50 PM,NA ,90.0,No ,No,Online,27-Feb-2026 11:30 AM,EIC-CIVIL||SERNB-CIRCLE-KHURDA||EERNB DIVN KHURDA,Khordha,752056.0,1.0,"17,04,852",M/S GANAPATI ENGINEERING AND CONSTRUCTIONS PROP.RAJASHREE MOHANTY,"1,261,590",Rejected-AOC,17-Jun-2026,EIC-CIVIL||SERNB-CIRCLE-KHURDA||EERNB DIVN KHURDA
2026_ORULB_127693_10,MC(CMC)CTC_Div-IIINo1/2026-27,Construction of Old Kacharamala Crematorium in Ward No.59.,Construction of Old Kacharamala Crematorium in Ward No.59.,Works,Open Tender,Percentage,Civil Works - Others,No,No,NA ,07-Apr-2026 05:00 PM,NA ,105.0,No ,No,Online,22-Apr-2026 10:00 AM,Municipal Bodies||Cuttack Municipal Corporation,CMC,753012.0,1.0,"37,31,313",Gyanaranjan sahoo,"3,731,313.46",Rejected-AOC,10-Jun-2026,Municipal Bodies||Cuttack Municipal Corporation
2026_CERWI_124963_4,NCB-27/RWCRGDA/2025-26,Construction and Maintenance of Uperkodinga to Biriguda under MMSY TRIP Scheme in the district of Rayagada for the year 2025 26,Construction and Maintenance of Uperkodinga to Biriguda under MMSY TRIP Scheme in the district of Rayagada for the year 2025 26,Works,National Competitive Bid,Percentage,Civil Works - Roads,No,No,NA ,22-Jan-2026 10:00 AM,NA ,90.0,No ,No,Online,12-Feb-2026 11:00 AM,CE RW I||RWCIRCLE-RAYAGADA,EE RW DIVISION RAYAGADA,765001.0,2.0,"4,17,27,600",NARAYAN BISOI,"35,472,618.71",Rejected-Finance,19-Jun-2026,CE RW I||RWCIRCLE-RAYAGADA
2026_ORULB_128122_13,03/SMC_SBP/2026-27,"construction of road at Tamlapada, W.No-24","construction of road at Tamlapada, W.No-24",Works,Open Tender,Percentage,Civil Works - Others,No,No,NA ,18-Apr-2026 11:00 AM,NA ,120.0,No ,No,Online,28-Apr-2026 11:00 AM,Municipal Bodies||Sambalpur Municipal Corporation,SAMBALPUR MUNICIPAL CORPORATION,768004.0,1.0,"12,68,125",SALEGRAM KHUNTIA,"1,268,125.95",Rejected-Technical,18-Jun-2026,Municipal Bodies||Sambalpur Municipal Corporation
2026_EICCL_128659_1,SERANDB PURI-04/2026-27,"Development of Parking at Horticulture Parking in the District of Puri, for ensuing Car Festival-2026.","Development of Parking at Horticulture Parking in the District of Puri, for ensuing Car Festival-2026.",Works,Open Tender,Percentage,Civil Works - Others,No,No,NA ,30-Apr-2026 10:00 AM,NA ,90.0,No ,No,Online,08-May-2026 11:00 AM,EIC-CIVIL||SERNB-CIRCLE-KHURDA||EERNB-DIVN-PURI,Puri,752001.0,1.0,"40,43,795",PABITRA KUMAR PARIDA,"4,043,795",Rejected-AOC,05-Jun-2026,EIC-CIVIL||SERNB-CIRCLE-KHURDA||EERNB-DIVN-PURI
2026_ORULB_128122_11,03/SMC_SBP/2026-27,"Construction of road and drain at Phani Bhusan Mishra Gali at Nandapada, W.No-24","Construction of road and drain at Phani Bhusan Mishra Gali at Nandapada, W.No-24",Works,Open Tender,Percentage,Civil Works - Others,No,No,NA ,18-Apr-2026 11:00 AM,NA ,120.0,No ,No,Online,28-Apr-2026 11:00 AM,Municipal Bodies||Sambalpur Municipal Corporation,SAMBALPUR MUNICIPAL CORPORATION,768004.0,1.0,"16,91,511",ABHINAS NANDA,"1,691,263.89",Rejected-Technical,06-Jun-2026,Municipal Bodies||Sambalpur Municipal Corporation
2026_ORULB_125854_63,04/VNM/2025-26,Construction of Road from Gayatri vihar main road ro Nilu Rout House.in ward no-17,Construction of Road from Gayatri vihar main road ro Nilu Rout House.in ward no-17,Works,Open Tender,Percentage,Civil Works - Roads,No,No,NA ,12-Feb-2026 11:00 AM,NA ,30.0,No ,No,Online,02-Mar-2026 11:00 AM,Municipal Bodies||Vyasanagar Municipality,vyasanagar municipality,755019.0,1.0,"2,54,246",Kalakar Barik,"254,118.94",Accepted-AOC,12-Jun-2026,Municipal Bodies||Vyasanagar Municipality
2026_RWSS_128539_1,01/SE/RWSS/2026-27 Dt. 21.04.2026,RPWS Project to Upper Sahi habitation of Balipata village under Kaniha Block in Angul District.,RPWS Project to Upper Sahi habitation of Balipata village under Kaniha Block in Angul District.,Works,National Competitive Bid,Percentage,Civil Works - Water Works,No,No,NA ,29-Apr-2026 10:00 AM,NA ,180.0,No ,No,Online,11-May-2026 12:00 PM,Rural Water Supply and Sanitation||RWSS Circle Bhubaneswar||EE RWSS Divn Angul,Angul,759100.0,1.0,"30,18,000",JHUNU BISWAL,"3,019,025",Rejected-AOC,25-Jun-2026,Rural Water Supply and Sanitation||RWSS Circle Bhubaneswar||EE RWSS Divn Angul
2026_ORULB_124590_30,BBLM-6/2025-26,"Construction of road from Rakhal sahi to Hirakud colony, Ward No.1, Barbil","Construction of road from Rakhal sahi to Hirakud colony, Ward No.1, Barbil",Works,Open Tender,Percentage,Civil Works - Roads,No,No,NA ,20-Jan-2026 10:00 AM,NA ,90.0,No ,No,Online,04-Feb-2026 11:00 AM,Municipal Bodies||Barbil Municipality,Barbil,758035.0,2.0,"10,00,000",ISWAR CHANDRA SAMAL,"1,048,804",Accepted-AOC,01-Jun-2026,Municipal Bodies||Barbil Municipality
2026_ORULB_126636_36,BMC-EE-Tender Cell-73/2025-26 Dt. 25.02.2026,Renovation with peripheral development of Dasanka Pokhari in Ward No. 60,Renovation with peripheral development of Dasanka Pokhari in Ward No. 60,Works,Open Tender,Percentage,Civil Works - Others,No,No,NA ,28-Feb-2026 10:30 AM,05-Mar-2026 04:00 PM ,120.0,No ,No,Online,12-Mar-2026 11:00 AM,Municipal Bodies||Bhubaneswar Municipal Corporation,BMC AREA,751022.0,1.0,"8,47,477",LUCKY PANDA,"838,519",Rejected-Finance,01-Jun-2026,Municipal Bodies||Bhubaneswar Municipal Corporation
2026_ECCHA_124250_6,"e-Procurement Notice No.ACE, EC-II 10 of 2025-26","ACE, EC-II JKID 33 of 2025-26 Lining of Disty No.14 from RD 9.165 Km to 10.687 Km of HLC Range-I (Working RD 9.165 Km to 10.402 Km)",Canal lining,Works,National Competitive Bid,Percentage,Civil Works - Canal,No,No,NA ,06-Jan-2026 10:00 AM,NA ,90.0,No ,No,Online,21-Jan-2026 11:30 AM,CE AND BM MBBS CHANDIKOLE||EASTERN CIRCLE II CHANDIKOLE,Jaraka,755050.0,2.0,"2,50,70,389",NIHAR RANJAN NAYAK,"17,363,751",Rejected-Finance,09-Jun-2026,CE AND BM MBBS CHANDIKOLE||EASTERN CIRCLE II CHANDIKOLE
2026_PRBCN_128753_15,Tender Online 01 Badachana of 2026-27,CONSTRUCTION OFOFFICE BUILDING WITH MARKET COMPLEX FOR GRAM PANCHAYAT LEVEL FEDERATIONS ( GPLF) Samia,CONSTRUCTION OFOFFICE BUILDING WITH MARKET COMPLEX FOR GRAM PANCHAYAT LEVEL FEDERATIONS ( GPLF) Samia,Works,Open Tender,Percentage,Civil Works - Buildings,No,No,NA ,06-May-2026 10:00 AM,NA ,90.0,No ,No,Online,21-May-2026 11:00 AM,Panchayati Raj and Drinking Water Department Odisha||Zilla Parisad Jajpur||BADCHANA Block,Badachana,754296.0,1.0,"22,59,661",AMINA CHARAN NAYAK,"2,259,661.34",Rejected-Technical,12-Jun-2026,Panchayati Raj and Drinking Water Department Odisha||Zilla Parisad Jajpur||BADCHANA Block
2026_ORULB_126636_22,BMC-EE-Tender Cell-73/2025-26 Dt. 25.02.2026,"Construction of one Community Centre, at Dumduma Phase-4, Housing Board Colony under BMC in ward no. 65","Construction of one Community Centre, at Dumduma Phase-4, Housing Board Colony under BMC in ward no. 65",Works,Open Tender,Percentage,Civil Works - Others,No,No,NA ,28-Feb-2026 10:30 AM,05-Mar-2026 04:00 PM ,120.0,No ,No,Online,12-Mar-2026 11:00 AM,Municipal Bodies||Bhubaneswar Municipal Corporation,BMC AREA,751022.0,1.0,"28,24,899",ARUNIMA PATRA,"3,000,376",Rejected-Finance,04-Jun-2026,Municipal Bodies||Bhubaneswar Municipal Corporation
2026_CERWI_127171_5,Tender Online 22 JJPT of 2025-26,S/R to MDR 13 to Kuanrapur Road in the District of Jajpur for the Year 2025-26,S/R to MDR 13 to Kuanrapur Road in the District of Jajpur for the Year 2025-26,Works,Open Tender,Percentage,Civil Works - Roads,No,No,NA ,11-Mar-2026 04:00 PM,NA ,30.0,No ,No,Online,19-Mar-2026 11:00 AM,CE RW I||RWCIRCLE-KENDRAPARA||RWDIVISION I JAJPUR,JAJPUR,755007.0,1.0,"3,66,021",CHIITA RANJAN NAYAK,"219,648.99",Rejected-AOC,30-Jun-2026,CE RW I||RWCIRCLE-KENDRAPARA||RWDIVISION I JAJPUR
2026_CERWI_125366_1,Online-AGL-32/2025-26,Construction of road from PWD Road to Bahali via- Sorisopankala,Construction of road from PWD Road to Bahali via- Sorisopankala,Works,National Competitive Bid,Percentage,Civil Works - Roads,No,No,NA ,02-Feb-2026 09:00 AM,NA ,90.0,No ,No,Online,10-Feb-2026 10:00 AM,CE RW I||RWCIRCLE-ANGUL,Boudh,762014.0,2.0,"5,10,59,646",SANTANU KUMAR THATI,"53,357,330",Accepted-AOC,19-Jun-2026,CE RW I||RWCIRCLE-ANGUL
2026_ORULB_124590_24,BBLM-6/2025-26,"Repair of road from PWD road to Uttamsingh hutting, Ward No.14, Barbil","Repair of road from PWD road to Uttamsingh hutting, Ward No.14, Barbil",Works,Open Tender,Percentage,Civil Works - Roads,No,No,NA ,20-Jan-2026 10:00 AM,NA ,90.0,No ,No,Online,04-Feb-2026 11:00 AM,Municipal Bodies||Barbil Municipality,Barbil,758035.0,2.0,"20,10,000",B.B BUILDERS PROP ANIL KUMAR BEHERA,"2,107,644",Accepted-AOC,01-Jun-2026,Municipal Bodies||Barbil Municipality
2026_ORULB_128319_2,07/SMC_SBP/2026-27,"Const of paver road from Sishir Pattnaik house to Narendra Tripathy house, New Colony, Dhankauda ward no-29","Const of paver road from Sishir Pattnaik house to Narendra Tripathy house, New Colony, Dhankauda ward no-29",Works,Open Tender,Percentage,Civil Works - Others,No,No,NA ,23-Apr-2026 11:00 AM,NA ,120.0,No ,No,Online,03-May-2026 11:00 AM,Municipal Bodies||Sambalpur Municipal Corporation,SAMBALPUR MUNICIPAL CORPORATION,768006.0,1.0,"8,46,271",MAA KAMAKHYA CONSTRUCTION,"846,270.54",Rejected-Technical,30-Jun-2026,Municipal Bodies||Sambalpur Municipal Corporation
2026_RMC_127686_4,MC/RMC/17./2026,"Reapair and renovation of vending zone market complex at timber colony Ward No. 24 , under RMC Rourkela",Works,Works,Open Tender,Percentage,Civil Works - Others,No,No,NA ,30-Mar-2026 06:00 PM,NA ,90.0,No ,No,Online,15-Apr-2026 11:00 AM,Rourkela Municipal Corporation,Rourkela,769012.0,1.0,"11,58,000",ARADHYA CONSTRUCTION,"1,158,052.72",Rejected-Technical,08-Jun-2026,Rourkela Municipal Corporation
2026_ORULB_126678_7,37/SMC_SBP/2025-26,Construction of road from Manoj mishra gali Jhaduapada.,Construction of road from Manoj mishra gali Jhaduapada.,Works,Open Tender,Percentage,Civil Works - Others,No,No,NA ,06-Mar-2026 11:00 AM,NA ,120.0,No ,No,Online,17-Mar-2026 11:00 AM,Municipal Bodies||Sambalpur Municipal Corporation,Sambalpur Municipal Corporation,768006.0,1.0,"4,23,385","M/s. SURVEILLANCE SYSTEM, PROPRIETOR- ESHA JHAJHARIA","423,384",Rejected-Technical,08-Jun-2026,Municipal Bodies||Sambalpur Municipal Corporation
2026_EICCL_126181_1,S.E.-KHD-(RandB)-43 /2025-26,Construction of Waiting Hall and Vehicle shed for Sub-Registrar office at Khordha as per Revenue and DM Deptt. Lr. No. 3241 dt. 22.01.2026 Buildings.,Construction of Waiting Hall and Vehicle shed for Sub-Registrar office at Khordha as per Revenue and DM Deptt. Lr. No. 3241 dt. 22.01.2026 Buildings.,Works,Open Tender,Percentage,Civil Works - Buildings,No,No,NA ,17-Feb-2026 12:00 PM,NA ,90.0,No ,No,Online,27-Feb-2026 11:30 AM,EIC-CIVIL||SERNB-CIRCLE-KHURDA||EERNB DIVN KHURDA,Khordha,752056.0,1.0,"16,91,724",SHREE KISHAN ENTERPRISES,"1,408,360",Rejected-AOC,17-Jun-2026,EIC-CIVIL||SERNB-CIRCLE-KHURDA||EERNB DIVN KHURDA
2026_EICCL_126550_1,SE R and B Divn NoI Bam 64/2025-26,Annual Repair to Old Nursing Hostel (G plush 3) at MKCG Medical College and Hospital at Berhampur as per Letter No. 25587 Dtd. 08.12.2025 of DMETO Buildings.,Annual Repair to Old Nursing Hostel (G plush 3) at MKCG Medical College and Hospital at Berhampur as per Letter No. 25587 Dtd. 08.12.2025 of DMETO Buildings.,Works,Open Tender,Percentage,Civil Works - Buildings,No,No,NA ,24-Feb-2026 06:00 PM,NA ,90.0,No ,No,Online,06-Mar-2026 11:30 AM,EIC-CIVIL||SERNB-CIRCLE-BERHAMPUR||EERNB-DIVN-GANJAM I,Ganjam,760005.0,1.0,"17,81,183",Gopal Krushna Behera,"1,041,992",Rejected-AOC,04-Jun-2026,EIC-CIVIL||SERNB-CIRCLE-BERHAMPUR||EERNB-DIVN-GANJAM I
2026_ORULB_128276_9,03/BGH- MUN/2026-27,Construction of CC Road from bhisma deb dora house to bag babu house w.no-16,Construction of CC Road from bhisma deb dora house to bag babu house w.no-16,Works,Open Tender,Percentage,Civil Works - Others,No,No,NA ,21-Apr-2026 01:00 PM,NA ,90.0,No ,No,Online,29-Apr-2026 11:00 AM,Municipal Bodies||Bargarh Municipal Council,Bargarh,768028.0,1.0,"16,97,319",MAMATA AGRAWAL,"1,436,774.024",Accepted-AOC,26-Jun-2026,Municipal Bodies||Bargarh Municipal Council
2026_ORULB_124590_4,BBLM-6/2025-26,"Repair of road from Mangal Munda house to Chhat ghat, Gate area and from Sagar Jaiswal house to main road, Nalda -Odisha boarder, Ward No.1, Barbil","Repair of road from Mangal Munda house to Chhat ghat, Gate area and from Sagar Jaiswal house to main road, Nalda -Odisha boarder, Ward No.1, Barbil",Works,Open Tender,Percentage,Civil Works - Roads,No,No,NA ,20-Jan-2026 10:00 AM,NA ,90.0,No ,No,Online,04-Feb-2026 11:00 AM,Municipal Bodies||Barbil Municipality,Barbil,758035.0,2.0,"10,00,000",Ketan Rao,"1,045,883",Accepted-AOC,02-Jun-2026,Municipal Bodies||Barbil Municipality
2026_ORULB_124740_9,ATH-NAC-04/2025-26,Construction of cement comcrete road from PWD main road to Bigyan Mishra house in w.no.15,Construction of cement comcrete road from PWD main road to Bigyan Mishra house in w.no.15,Works,Open Tender,Percentage,Civil Works - Roads,No,No,NA ,20-Jan-2026 11:00 AM,NA ,30.0,No ,No,Online,03-Feb-2026 11:00 AM,Municipal Bodies||Athgarh NAC,ATHGARH,754029.0,1.0,"7,75,713",TARAMANI SETHI,"767,256.73",Rejected-AOC,12-Jun-2026,Municipal Bodies||Athgarh NAC
2026_OMFED_129390_12,07 /MM/CFP/56/ 2026-2027/22,SUPPLY OF DOMC AT JAGANNATHPUR PLANT,SUPPLY OF DOMC AT JAGANNATHPUR PLANT,Goods,Open Tender,Item Rate,Miscellaneous Goods,No,No,NA ,18-May-2026 10:00 AM,NA ,60.0,No ,No,Online,01-Jun-2026 02:00 PM,Odisha State Co. Milk Producers Federation Ltd.,JAGANNATHPUR,752101.0,1.0,"17,00,00,000",GUPTA FEED PRODUCTS PVT LTD,"16,830,000",Rejected-Finance,11-Jun-2026,Odisha State Co. Milk Producers Federation Ltd.
2026_CERWI_126333_6,Online Tender/47-2025-26/BPR,Construction of Laxmanapur PWD road to Budhiling road in the District of Ganjam under MMSY-TRIP for the year 2025-26,Construction of Laxmanapur PWD road to Budhiling road in the District of Ganjam under MMSY-TRIP for the year 2025-26,Works,National Competitive Bid,Percentage,Civil Works - Roads,No,No,NA ,20-Feb-2026 10:00 AM,NA ,90.0,No ,No,Online,02-Mar-2026 11:00 AM,CE RW I||RWCIRCLE-BERHAMPUR,Ganjam,760011.0,2.0,"2,96,79,000",BALARAM DALAI,"26,713,529",Accepted-AOC,20-May-2026,CE RW I||RWCIRCLE-BERHAMPUR
2026_EICCL_127590_1,SE RandB BDK-45/2025-26-4,Shifting of 11 KV/DTR/LT Line for widening and strengthening of Barikpur-Dhamnagar road from Maa Rice mill to Bhagabanpur Chhaka,Shifting of 11 KV/DTR/LT Line for widening and strengthening of Barikpur-Dhamnagar road from Maa Rice mill to Bhagabanpur Chhaka,Works,Open Tender,Percentage,Electrical Works,No,No,NA ,25-Mar-2026 12:00 PM,NA ,90.0,No ,No,Online,31-Mar-2026 11:30 AM,EIC-CIVIL||SERNB-CIRCLE-EASTERN||EERNB-DIVN-BHADRAK,Bhadrak,756100.0,1.0,,M/S GOURISHANKAR ENTERPRISES.RAMAKANTA MAHANI,"2,988,258",Rejected-Finance,16-Jun-2026,EIC-CIVIL||SERNB-CIRCLE-EASTERN||EERNB-DIVN-BHADRAK
2026_ORULB_127834_5,1/SMC_SBP/2026-27,"Development of Crematorium at Centreline, Burla, Wno.05 under SMC, Sambalpur","Development of Crematorium at Centreline, Burla, Wno.05 under SMC, Sambalpur",Works,Open Tender,Percentage,Civil Works - Others,No,No,NA ,09-Apr-2026 11:00 AM,NA ,90.0,No ,No,Online,20-Apr-2026 11:00 AM,Municipal Bodies||Sambalpur Municipal Corporation,SAMBALPUR MUNICIPAL CORPORATION,768006.0,1.0,"25,41,822",SAHIL KUMAR RAY,"2,541,869.66",Rejected-Technical,22-Jun-2026,Municipal Bodies||Sambalpur Municipal Corporation
2026_RWSS_125765_3,RWSS_49_2025-26,EXTENSION OF HDPE PIPELINE FOR PWS TO NABAPATNA SABARA SAHI UNDER JSPUR BLOCK,EXTENSION OF HDPE PIPELINE FOR PWS TO NABAPATNA SABARA SAHI UNDER JSPUR BLOCK,Works,National Competitive Bid,Percentage,Civil Works - Water Works,No,No,NA ,11-Feb-2026 10:00 AM,11-Feb-2026 10:00 AM ,180.0,No ,No,Online,19-Feb-2026 11:00 AM,Rural Water Supply and Sanitation||RWSS Circle Cuttack||EE RWSS Divn Jagatsinghpur,OFFICE OF THE SE RWSS DIVISION JAGATSINGHPUR,754103.0,1.0,"10,98,513",MANJULATA MALLICK,"1,043,697",Rejected-Finance,29-Jun-2026,Rural Water Supply and Sanitation||RWSS Circle Cuttack||EE RWSS Divn Jagatsinghpur
2026_EICCL_128310_1,SERNBKHR - 01 /2026-27,Utility Shifting of HT/LT line from Ch.11/700 km. to 14/233km towards Improvement such as widening and strengthening of Dharamgarh_Golamunda_,Utility Shifting of HT/LT line from Ch.11/700 km. to 14/233km towards Improvement such as widening and strengthening of Dharamgarh_Golamunda_ Sinapali Road in the district of Nuapada for the year 2025-26,Works,National Competitive Bid,Percentage,Electrical Works,No,No,NA ,22-Apr-2026 10:00 AM,NA ,90.0,No ,No,Online,04-May-2026 11:00 AM,EIC-CIVIL||SERNB-CIRCLE-BOLANGIR||EERNB-DIVISION-KHARIAR,Sinapali,766108.0,1.0,"15,69,431",RAHUL BOSE,"1,223,999.24",Rejected-Finance,05-Jun-2026,EIC-CIVIL||SERNB-CIRCLE-BOLANGIR||EERNB-DIVISION-KHARIAR
2026_SERIF_128488_2,VI-13(10)/SERIFED/2025-26/604,Erection work of Applique Hanging with MS Pole at Pipili Dist-Puri,Erection work of Applique Hanging with MS Pole at Pipili Dist-Puri,Works,Open Tender,Percentage,Civil Works - Others,No,No,NA ,28-Apr-2026 10:00 AM,NA ,90.0,No ,No,Online,08-May-2026 11:30 AM,Odisha Cooperative Tasar and Silk Federation LTD,"Pipili, Puri",752104.0,2.0,,DHIREN KUMAR MAHARANA,"5,839,562",Accepted-AOC,03-Jun-2026,Odisha Cooperative Tasar and Silk Federation LTD
2026_CERWI_125092_12,CCERWCSBD Online - 26/2025-26,Improvement to L102-PL road to Landibeda Road in the District of Nabarangpur under MMSY-Impvt. to Existing RD Road for the year 2025-26.,Improvement to L102-PL road to Landibeda Road in the District of Nabarangpur under MMSY-Impvt. to Existing RD Road for the year 2025-26.,Works,National Competitive Bid,Percentage,Civil Works - Roads,No,No,NA ,29-Jan-2026 09:00 AM,NA ,90.0,No ,No,Online,04-Feb-2026 11:00 AM,CE RW I||RWCIRCLE-SUNABEDA,UMERKOTE,764073.0,2.0,"3,09,30,000",ABHAYA KUMAR MAHUNTA,"29,386,720.35",Rejected-AOC,29-Jun-2026,CE RW I||RWCIRCLE-SUNABEDA
2026_PRNPA_124184_5,e-procurement Notice No.(PSNPD)01/2025-26 vide letter no.03 dt.01/01/2026,Construction of Additional class room at kukurimundi PS parkod,Construction of Additional class room at kukurimundi PS parkod,Works,Open Tender,Percentage,Civil Works - Buildings,No,No,NA ,05-Jan-2026 10:00 AM,NA ,90.0,No ,No,Online,21-Jan-2026 11:00 AM,Panchayati Raj and Drinking Water Department Odisha||Zilla Parisad Nuapada||NUAPADA Block,Nuapada,766105.0,1.0,"14,61,118",DHIBAR DHARUA,"1,242,096",Rejected-Finance,13-May-2026,Panchayati Raj and Drinking Water Department Odisha||Zilla Parisad Nuapada||NUAPADA Block
2026_CERWI_126745_1,ONLINE TENDER / 14 /RWD-II/ 2025-26,SR to NH 224 to Badagotha road for the year 2025-26,Road works,Works,Open Tender,Percentage,Civil Works - Roads,No,No,NA ,02-Mar-2026 11:00 AM,NA ,90.0,No ,No,Online,09-Mar-2026 05:00 PM,CE RW I||RWCIRCLE-BHUBANESWAR||RW Division Nayagarh-II,NAYAGARH,752069.0,1.0,"9,49,000",ROJALIN SAHOO,"841,062",Rejected-Finance,25-Jun-2026,CE RW I||RWCIRCLE-BHUBANESWAR||RW Division Nayagarh-II
2026_ORULB_125887_1,SOROM_07_2025-26,"Construction of CC Drain from Mahendra Sahu house to Ramakanta Sahu house,Via Narana house at Badakhuri in Ward No.-01",Construction Work,Works,Open Tender,Percentage,Civil Works - Others,No,No,NA ,18-Feb-2026 10:00 AM,NA ,120.0,No ,No,Online,26-Feb-2026 10:00 AM,Municipal Bodies||Soro Municipality,"Soro Municipality, Soro",756045.0,1.0,"3,89,830",NARAHARI KHATUA,"389,829.64",Accepted-AOC,17-Jun-2026,Municipal Bodies||Soro Municipality
2026_ORULB_127700_2,MC(CMC)CTC_Div-I_No.27/2025-26,Desilting of MSD from Deula Sahi Chhaka to Kali Temple in Ward No. 7.,Desilting of MSD from Deula Sahi Chhaka to Kali Temple in Ward No. 7.,Works,Open Tender,Percentage,Civil Works - Others,No,No,NA ,31-Mar-2026 03:00 PM,NA ,90.0,No ,No,Online,10-Apr-2026 11:00 AM,Municipal Bodies||Cuttack Municipal Corporation,CMC,753012.0,1.0,"3,47,600",Ganesh Chandra Swain,"347,540",Rejected-AOC,24-Jun-2026,Municipal Bodies||Cuttack Municipal Corporation
2026_CERWI_126770_11,EETIG-ONLINE-19-2025-26,SR RI office at Jharial under Bangomunda block for the year 2025-26,SR RI office at Jharial under Bangomunda block for the year 2025-26,Works,Open Tender,Percentage,Civil Works - Buildings,No,No,NA ,02-Mar-2026 11:00 AM,NA ,90.0,No ,No,Online,10-Mar-2026 11:00 AM,CE RW I||RWCIRCLE-BALANGIR||RWDIVISION-TITLAGARH,TITILAGARH,767042.0,1.0,"3,35,598",ABHISHEK SARAF,"335,262",Rejected-Finance,18-Jun-2026,CE RW I||RWCIRCLE-BALANGIR||RWDIVISION-TITLAGARH
2026_ORULB_127692_9,MC(CMC)CTC_Div-IIINo39/2025-26,Desilting of MSWC-II from N.H.-16 to OSAP 6TH battalio gate in Ward No.47.,Desilting of MSWC-II from N.H.-16 to OSAP 6TH battalio gate in Ward No.47.,Works,Open Tender,Percentage,Civil Works - Others,No,No,NA ,31-Mar-2026 11:00 AM,NA ,60.0,No ,No,Online,10-Apr-2026 10:00 AM,Municipal Bodies||Cuttack Municipal Corporation,CMC,753012.0,1.0,"9,34,613",RABINDRA KUMAR SWAIN,"934,613",Rejected-AOC,15-Jun-2026,Municipal Bodies||Cuttack Municipal Corporation
2026_EICCL_124989_11,CCEEC-16/2025-26,Construction of Principal Quarter (GF) and E-Type (FF and SF) with Head Room (Residential Category) at ITI Karanjia in the district of Mayurbhanj.,Building Work,Works,National Competitive Bid,Percentage,Civil Works - Buildings,No,No,NA ,04-Feb-2026 12:00 PM,NA ,90.0,No ,No,Online,18-Feb-2026 11:00 AM,EIC-CIVIL||SERNB-CIRCLE-EASTERN,Rairangpur,757043.0,2.0,"3,29,98,043",ASHOK KUMAR DAS,"26,401,734",Accepted-AOC,24-Jun-2026,EIC-CIVIL||SERNB-CIRCLE-EASTERN
2026_ORULB_127692_8,MC(CMC)CTC_Div-IIINo39/2025-26,Fixing of New Grill barricade on vacant drain wall of MSWC-II at Gandarpur Entrance point in Ward No.47.,Fixing of New Grill barricade on vacant drain wall of MSWC-II at Gandarpur Entrance point in Ward No.47.,Works,Open Tender,Percentage,Civil Works - Others,No,No,NA ,31-Mar-2026 11:00 AM,NA ,60.0,No ,No,Online,10-Apr-2026 10:00 AM,Municipal Bodies||Cuttack Municipal Corporation,CMC,753012.0,1.0,"3,80,717",KRUSHNA CHANDRA DAS (S.C),"380,717",Rejected-AOC,15-Jun-2026,Municipal Bodies||Cuttack Municipal Corporation
2026_EICCL_124989_10,CCEEC-16/2025-26,Construction of 50 seated Girls Hostel (GF) and Head Room (Non- Residential Category) at ITI Karanjia in the district of Mayurbhanj.,Building Work,Works,National Competitive Bid,Percentage,Civil Works - Buildings,No,No,NA ,04-Feb-2026 12:00 PM,NA ,90.0,No ,No,Online,18-Feb-2026 11:00 AM,EIC-CIVIL||SERNB-CIRCLE-EASTERN,Rairangpur,757043.0,2.0,"3,79,51,451",ASHOK KUMAR DAS,"30,364,956",Rejected-Technical,29-Jun-2026,EIC-CIVIL||SERNB-CIRCLE-EASTERN
2026_PRBDN_127333_18,DSB-03/2025-26,CONSTRUCTION OF STAFF QUARTER IN KAIMATI HIGH SCHOOL,CONSTRUCTION OF STAFF QUARTER,Works,Open Tender,Percentage,Civil Works - Buildings,No,No,NA ,17-Mar-2026 10:00 AM,NA ,120.0,No ,No,Online,31-Mar-2026 11:00 AM,Panchayati Raj and Drinking Water Department Odisha||Zilla Parisad Dhenkanal||DHENKANAL (SADAR) Block,"Sadar Block,Dhenkanal",759001.0,1.0,"11,73,100",SIVA CONSTRUCTION PROP PATAYAT GARANAYAK,"1,173,100.522",Rejected-AOC,20-Jun-2026,Panchayati Raj and Drinking Water Department Odisha||Zilla Parisad Dhenkanal||DHENKANAL (SADAR) Block
2026_ORULB_124262_2,CMC)CTC_Div-IIINo.35/25-26,Construction of road with CC and paver block from Bank of Mahanadi to Kasibaba Matha in Ward No.46.,Construction of road with CC and paver block from Bank of Mahanadi to Kasibaba Matha in Ward No.46.,Works,Open Tender,Percentage,Civil Works - Others,No,No,NA ,27-Feb-2026 02:00 PM,NA ,105.0,No ,No,Online,18-Mar-2026 10:00 AM,Municipal Bodies||Cuttack Municipal Corporation,CMC,753012.0,1.0,"16,54,438",KRUSHNA CHANDRA DAS (S.C),"1,654,438",Accepted-AOC,08-Jun-2026,Municipal Bodies||Cuttack Municipal Corporation
2026_CERWI_125092_9,CCERWCSBD Online - 26/2025-26,"Improvement to Sukhigam DMK Chowk to Otemunda CG Border Via Duruaguda, Jamupara in the District of Nabarangpur under the Scheme MMSY-Connection Missing Road Links (CMRL) for the year 2025-26","Improvement to Sukhigam DMK Chowk to Otemunda CG Border Via Duruaguda, Jamupara in the District of Nabarangpur under the Scheme MMSY-Connection Missing Road Links (CMRL) for the year 2025-26",Works,National Competitive Bid,Percentage,Civil Works - Roads,No,No,NA ,28-Jan-2026 06:00 PM,NA ,90.0,No ,No,Online,04-Feb-2026 11:00 AM,CE RW I||RWCIRCLE-SUNABEDA,UMERKOTE,764073.0,2.0,"3,48,48,000",Akbar Ali,"33,109,198.1",Rejected-AOC,29-Jun-2026,CE RW I||RWCIRCLE-SUNABEDA
2026_PRNPA_124184_4,e-procurement Notice No.(PSNPD)01/2025-26 vide letter no.03 dt.01/01/2026,Construction of Additional class room at haldi PS dumerpani,Construction of Additional class room at haldi PS dumerpani,Works,Open Tender,Percentage,Civil Works - Buildings,No,No,NA ,05-Jan-2026 10:00 AM,NA ,90.0,No ,No,Online,21-Jan-2026 11:00 AM,Panchayati Raj and Drinking Water Department Odisha||Zilla Parisad Nuapada||NUAPADA Block,Nuapada,766105.0,1.0,"14,63,257",TARUN KUMAR UJIR,"1,243,915",Rejected-Finance,13-May-2026,Panchayati Raj and Drinking Water Department Odisha||Zilla Parisad Nuapada||NUAPADA Block
2026_EICCL_125687_1,SE (R and B) Angul-70/ 2025-26,"Construction of Postmortem Centre at Raj Kishorenagar of Angul district. (Civil, EI, PH)","Construction of Postmortem Centre at Raj Kishorenagar of Angul district. (Civil, EI, PH)",Works,Open Tender,Percentage,Civil Works - Buildings,No,No,NA ,07-Feb-2026 10:00 AM,NA ,90.0,No ,No,Online,24-Feb-2026 11:00 AM,EIC-CIVIL||SERNB-CIRCLE-DHENKANAL||EERNB Angul Division,ANGUL,759122.0,2.0,"82,19,857",PRAMOD KUMAR PRADHAN,"8,219,857",Rejected-AOC,04-Jun-2026,EIC-CIVIL||SERNB-CIRCLE-DHENKANAL||EERNB Angul Division
2026_ORULB_128276_16,03/BGH- MUN/2026-27,Construction of CC Rod from jogendra behera house to master house w.no-19,Construction of CC Rod from jogendra behera house to master house w.no-19,Works,Open Tender,Percentage,Civil Works - Others,No,No,NA ,21-Apr-2026 01:00 PM,NA ,90.0,No ,No,Online,29-Apr-2026 11:00 AM,Municipal Bodies||Bargarh Municipal Council,Bargarh,768028.0,1.0,"8,00,000",MAMATA AGRAWAL,"678,365.732",Accepted-AOC,26-Jun-2026,Municipal Bodies||Bargarh Municipal Council
2026_RWSS_125765_2,RWSS_49_2025-26,REPAIR AND RESTORATION WORK AND FHTC CONNECTION FOR PWS TO TANDAUNI UNDER BALIKUDA BLOCK,REPAIR AND RESTORATION WORK AND FHTC CONNECTION FOR PWS TO TANDAUNI UNDER BALIKUDA BLOCK,Works,National Competitive Bid,Percentage,Civil Works - Water Works,No,No,NA ,11-Feb-2026 10:00 AM,11-Feb-2026 10:00 AM ,180.0,No ,No,Online,19-Feb-2026 11:00 AM,Rural Water Supply and Sanitation||RWSS Circle Cuttack||EE RWSS Divn Jagatsinghpur,OFFICE OF THE SE RWSS DIVISION JAGATSINGHPUR,754103.0,1.0,"6,83,587",MANJULATA MALLICK,"649,476",Rejected-Finance,29-Jun-2026,Rural Water Supply and Sanitation||RWSS Circle Cuttack||EE RWSS Divn Jagatsinghpur
2026_ORULB_124509_16,BMC-EE-Tender Cell-62/2025-26 Dt. 12.01.2026,Construction of 1st floor building of Maa Baradei Gym Center in ward no-44,Construction of 1st floor building of Maa Baradei Gym Center in ward no-44,Works,Open Tender,Percentage,Civil Works - Buildings,No,No,NA ,15-Jan-2026 10:30 AM,19-Jan-2026 04:30 PM ,120.0,No ,No,Online,27-Jan-2026 04:00 PM,Municipal Bodies||Bhubaneswar Municipal Corporation,BMC AREA,751022.0,1.0,"25,41,939",M/s Binod Routray,"2,549,565",Rejected-Finance,05-Jun-2026,Municipal Bodies||Bhubaneswar Municipal Corporation
2026_JIRR_124173_13,JKID-04 OF 2025-26,12-Construction of 6 Nos of Bathing Ghat on Kelua left embankment from village Arabala to Mohanpur,Construction of 6 Nos of Bathing Ghat on Kelua left embankment from village Arabala to Mohanpur,Works,National Competitive Bid,Percentage,Civil Works - Others,No,No,NA ,05-Jan-2026 11:00 AM,NA ,90.0,No ,No,Online,16-Jan-2026 11:00 AM,CE AND BM MBBS CHANDIKOLE||EASTERN CIRCLE II CHANDIKOLE||Jaraka Irr Div Jaraka,Jaraka,755050.0,1.0,"47,66,712",HEMANTA KUMAR BEHERA,"4,660,891.42",Rejected-Technical,22-May-2026,CE AND BM MBBS CHANDIKOLE||EASTERN CIRCLE II CHANDIKOLE||Jaraka Irr Div Jaraka
2026_ORULB_126857_7,06/BGH- MUN/2025-26,Construction of CC Drain and cover slab at govindpali school to nag bacha mandir w.no-15,Construction of CC Drain and cover slab at govindpali school to nag bacha mandir w.no-15,Works,Open Tender,Percentage,Civil Works - Others,No,No,NA ,06-Mar-2026 04:00 PM,NA ,90.0,No ,No,Online,17-Mar-2026 11:00 AM,Municipal Bodies||Bargarh Municipal Council,Bargarh,768028.0,1.0,"8,00,274",RANJAN SETH,"634,141.133",Rejected-Finance,09-Jun-2026,Municipal Bodies||Bargarh Municipal Council
2026_OMFED_129390_13,07 /MM/CFP/56/ 2026-2027/22,SUPPLY OF COMMON SALT AT JAGANNATHPUR PLANT,SUPPLY OF COMMON SALT AT JAGANNATHPUR PLANT,Goods,Open Tender,Item Rate,Miscellaneous Goods,No,No,NA ,18-May-2026 10:00 AM,NA ,60.0,No ,No,Online,01-Jun-2026 02:00 PM,Odisha State Co. Milk Producers Federation Ltd.,JAGANNATHPUR,752101.0,1.0,"17,00,00,000",MARINE INTERNATIONAL,"539,100",Accepted-AOC,09-Jun-2026,Odisha State Co. Milk Producers Federation Ltd.
2026_ORULB_124740_8,ATH-NAC-04/2025-26,Construction of concrete road from Pratap Routray house to Trinath Dalei house in w no 15,Construction of concrete road from Pratap Routray house to Trinath Dalei house in w no 15,Works,Open Tender,Percentage,Civil Works - Roads,No,No,NA ,20-Jan-2026 11:00 AM,NA ,30.0,No ,No,Online,03-Feb-2026 11:00 AM,Municipal Bodies||Athgarh NAC,ATHGARH,754029.0,1.0,"3,59,723",TARAMANI SETHI,"354,327.08",Rejected-AOC,09-Jun-2026,Municipal Bodies||Athgarh NAC
2026_CERWI_126333_7,Online Tender/47-2025-26/BPR,Construction of Badapalli to Nuapalli road in the District of Ganjam under MMSY-TRIP for the year 2025-26,Construction of Badapalli to Nuapalli road in the District of Ganjam under MMSY-TRIP for the year 2025-26,Works,National Competitive Bid,Percentage,Civil Works - Roads,No,No,NA ,20-Feb-2026 10:00 AM,NA ,90.0,No ,No,Online,02-Mar-2026 11:00 AM,CE RW I||RWCIRCLE-BERHAMPUR,Ganjam,760011.0,2.0,"2,96,91,000",BALARAM DALAI,"28,208,945",Accepted-AOC,20-May-2026,CE RW I||RWCIRCLE-BERHAMPUR
2026_WPURI_128211_1,GMWATCOPURI/01-02/2026-27,Supply of 500ml water bottle for the devotees of Car Festival-2026 ( Part-II),Supply of 500ml water bottle for the devotees of Car Festival-2026 ( Part-II),Works,National Competitive Bid,Percentage,Civil Works - Water Works,No,No,NA ,21-Apr-2026 11:00 AM,NA ,120.0,No ,No,Online,02-May-2026 12:30 PM,WATCO Bhubaneswar||Director (Operation) Watco||WATCO Division Puri,Puri,752002.0,1.0,"14,40,000",PREMIUM INDUSTRIES,"969,984",Rejected-Finance,12-Jun-2026,WATCO Bhubaneswar||Director (Operation) Watco||WATCO Division Puri
2026_ORULB_124590_5,BBLM-6/2025-26,"Construction of drain from Alli house to Anganwadi Centre at Odia basti, Nalda, Ward No.1","Construction of drain from Alli house to Anganwadi Centre at Odia basti, Nalda, Ward No.1",Works,Open Tender,Percentage,Civil Works - Others,No,No,NA ,20-Jan-2026 10:00 AM,NA ,90.0,No ,No,Online,04-Feb-2026 11:00 AM,Municipal Bodies||Barbil Municipality,Barbil,758035.0,2.0,"3,00,000",ISWAR CHANDRA SAMAL,"314,192",Accepted-AOC,01-Jun-2026,Municipal Bodies||Barbil Municipality
2026_ORULB_125863_1,34/SMC_SBP/2025-26,Development and Maintenance of Pothole-free roads and covered drains in WN-15 Of SMC,Development and Maintenance of Pothole-free roads and covered drains in WN-15 Of SMC,Works,Open Tender,Percentage,Civil Works - Others,No,No,NA ,16-Feb-2026 11:00 AM,NA ,120.0,No ,No,Online,26-Feb-2026 11:00 AM,Municipal Bodies||Sambalpur Municipal Corporation,SAMBALPUR MUNICIPAL CORPORATION,768006.0,1.0,"18,44,528",SARITA AGRAWAL,"1,844,528",Rejected-Technical,22-Jun-2026,Municipal Bodies||Sambalpur Municipal Corporation
2026_CERWI_126071_1,RWDSE_MKG_II_20/2025-26/SE,S/R to KP Road to Sangal Road for the year 2025-26 (Paver Block (carriage way 5.50 mtr),"PANCARD,GST,CONTRACTOR REGISTRATION, AFFIDAVIT ETC.",Works,Open Tender,Percentage,Civil Works - Roads,No,No,NA ,18-Feb-2026 11:00 AM,NA ,90.0,No ,No,Online,26-Feb-2026 11:00 AM,CE RW I||RWCIRCLE-SUNABEDA||RWDIVISION-MALKANGIRI - II,MALKANGIRI,764045.0,2.0,"69,92,000",SNIGDHA BISWAS,"4,964,879",Rejected-AOC,15-Jun-2026,CE RW I||RWCIRCLE-SUNABEDA||RWDIVISION-MALKANGIRI - II
2026_CERWI_127034_1,OT/25/SERWDG-I/25-26,Construction of R.I. Office-cum-Residence building at Kanheipur of Khalikote Tahasil in the District of Ganjam.,Construction of R.I. Office-cum-Residence building at Kanheipur of Khalikote Tahasil in the District of Ganjam.,Works,National Competitive Bid,Percentage,Civil Works - Buildings,No,No,NA ,09-Mar-2026 03:00 PM,NA ,90.0,No ,No,Online,17-Mar-2026 11:00 AM,CE RW I||RWCIRCLE-BERHAMPUR||RWDIVISION-GANJAM - I,Berhampur,760010.0,2.0,"82,59,000",SUSANTA KUMA SETHI,"6,399,814",Rejected-Finance,04-Jun-2026,CE RW I||RWCIRCLE-BERHAMPUR||RWDIVISION-GANJAM - I
2026_RMC_127686_5,MC/RMC/17./2026,Renovation of Park at BL 210 in ward No. 18 under RMC Rourkela,Works,Works,Open Tender,Percentage,Civil Works - Others,No,No,NA ,30-Mar-2026 06:00 PM,NA ,90.0,No ,No,Online,15-Apr-2026 11:00 AM,Rourkela Municipal Corporation,Rourkela,769012.0,1.0,"9,14,000",BALARAM SAHOO,"913,682.78",Rejected-Technical,08-Jun-2026,Rourkela Municipal Corporation
2026_ORULB_127521_3,45/SMC_SBP/2025-26,"Construction of paver block road from Anand raos house to Haribandhu senapatis house at Jaikudi Nagar, Malipali, Bhalupali in Ward No. -28","Construction of paver block road from Anand raos house to Haribandhu senapatis house at Jaikudi Nagar, Malipali, Bhalupali in Ward No. -28",Works,Open Tender,Percentage,Civil Works - Others,No,No,NA ,25-Mar-2026 11:00 AM,NA ,120.0,No ,No,Online,05-Apr-2026 11:00 AM,Municipal Bodies||Sambalpur Municipal Corporation,SAMBALPUR MUNICIPAL CORPORATION,768006.0,1.0,"11,86,634",M/s Kashish constructions Prop-Priyanshu Agrawal,"1,186,634.39",Rejected-Technical,06-Jun-2026,Municipal Bodies||Sambalpur Municipal Corporation
2026_CERWI_127335_1,EE/RWELECT/SBP/53/2025-26,Shifting of Electrical Pole for the work Construction of Bridge over Local Nallah at 1.850 KM on Sunapara to Panposh Road Under SBY for the year 2023-24 Under RWES Kuchinda Non Res Building Vide Lr no 782 Date 31.01.2026 of SERW Divn Kuchinda,Shifting of Electrical Pole for the work Construction of Bridge over Local Nallah at 1.850 KM on Sunapara to Panposh Road Under SBY for the year 2023-24 Under RWES Kuchinda Non Res Building Vide Lr no 782 Date 31.01.2026 of SERW Divn Kuchinda,Works,Open Tender,Percentage,Electrical Works,No,No,NA ,18-Mar-2026 11:30 AM,NA ,90.0,No ,No,Online,30-Mar-2026 11:30 AM,CE RW I||RW Electrical Circle Bhubaneswar||RW Electrical Division Sambalpur,Sambalpur,768001.0,1.0,"9,51,434",TUSAR RANJAN PARIDA,"951,433.747",Rejected-AOC,17-Jun-2026,CE RW I||RW Electrical Circle Bhubaneswar||RW Electrical Division Sambalpur
2026_EICCL_126589_1,SE RandB BDK-39/2025-26-11,"Supply and Installation of 100 KVA Transformer of 11/ 0.4 KV (AL) Pole mounted Sub -Station at Odisha Adarsha Vidyalaya,Olanga under Bhadrak Block, Bhadrak","Supply and Installation of 100 KVA Transformer of 11/ 0.4 KV (AL) Pole mounted Sub -Station at Odisha Adarsha Vidyalaya,Olanga under Bhadrak Block, Bhadrak",Works,Open Tender,Percentage,Electrical Works,No,No,NA ,25-Feb-2026 09:00 AM,NA ,90.0,No ,No,Online,04-Mar-2026 11:30 AM,EIC-CIVIL||SERNB-CIRCLE-EASTERN||EERNB-DIVN-BHADRAK,Bhadrak,756100.0,1.0,,Santosh Kumar Parida,"529,419",Rejected-Finance,18-Jun-2026,EIC-CIVIL||SERNB-CIRCLE-EASTERN||EERNB-DIVN-BHADRAK
2026_ORULB_126636_23,BMC-EE-Tender Cell-73/2025-26 Dt. 25.02.2026,Construction of drain from Qtr.no-IVR-E.3 to IVR-111 in ward no. 46,Construction of drain from Qtr.no-IVR-E.3 to IVR-111 in ward no. 46,Works,Open Tender,Percentage,Civil Works - Others,No,No,NA ,28-Feb-2026 10:30 AM,05-Mar-2026 04:00 PM ,120.0,No ,No,Online,12-Mar-2026 11:00 AM,Municipal Bodies||Bhubaneswar Municipal Corporation,BMC AREA,751022.0,1.0,"9,29,998",SURESH KUMAR BARIK,"1,097,398",Rejected-Finance,04-Jun-2026,Municipal Bodies||Bhubaneswar Municipal Corporation
2026_PRBCN_128753_14,Tender Online 01 Badachana of 2026-27,CONSTRUCTION OF OFFICE BUILDING WITH MARKET COMPLEX FOR GRAM PANCHAYAT LEVEL FEDERATIONS ( GPLF) Saudia,CONSTRUCTION OF OFFICE BUILDING WITH MARKET COMPLEX FOR GRAM PANCHAYAT LEVEL FEDERATIONS ( GPLF) Saudia,Works,Open Tender,Percentage,Civil Works - Buildings,No,No,NA ,06-May-2026 10:00 AM,NA ,90.0,No ,No,Online,21-May-2026 11:00 AM,Panchayati Raj and Drinking Water Department Odisha||Zilla Parisad Jajpur||BADCHANA Block,Badachana,754296.0,1.0,"22,47,214",RAJAT KUMAR BEHERA,"2,247,214.48",Rejected-Technical,12-Jun-2026,Panchayati Raj and Drinking Water Department Odisha||Zilla Parisad Jajpur||BADCHANA Block
2026_PRBCN_128753_1,Tender Online 01 Badachana of 2026-27,CONSTRUCTION OFOFFICE BUILDING WITH MARKET COMPLEX FOR GRAM PANCHAYAT LEVEL FEDERATIONS ( GPLF) Achutabasanta,CONSTRUCTION OFOFFICE BUILDING WITH MARKET COMPLEX FOR GRAM PANCHAYAT LEVEL FEDERATIONS ( GPLF) Achutabasanta,Works,Open Tender,Percentage,Civil Works - Buildings,No,No,NA ,06-May-2026 10:00 AM,NA ,90.0,No ,No,Online,21-May-2026 11:00 AM,Panchayati Raj and Drinking Water Department Odisha||Zilla Parisad Jajpur||BADCHANA Block,Badachana,754296.0,1.0,"22,21,248",NALINI PRAVA DAS,"2,221,248.37",Accepted-AOC,12-Jun-2026,Panchayati Raj and Drinking Water Department Odisha||Zilla Parisad Jajpur||BADCHANA Block
2026_ECCHA_124250_7,"e-Procurement Notice No.ACE, EC-II 10 of 2025-26","ACE, EC-II JKID 34 of 2025-26 Lining of Disty No.6 from RD 0.000Km to 5.133Km of HLC Range-I (Working RD 0.100 Km to 1.175 Km)",Canal lining,Works,National Competitive Bid,Percentage,Civil Works - Canal,No,No,NA ,06-Jan-2026 10:00 AM,NA ,90.0,No ,No,Online,21-Jan-2026 11:30 AM,CE AND BM MBBS CHANDIKOLE||EASTERN CIRCLE II CHANDIKOLE,Jaraka,755050.0,2.0,"2,50,26,139",RAJESH KUMAR SATHUA,"17,017,775",Rejected-Finance,21-Jun-2026,CE AND BM MBBS CHANDIKOLE||EASTERN CIRCLE II CHANDIKOLE
2026_EICCL_127531_1,SERNBKHR - 22 /2025-26,"Supply, Installation of Mobile Scissor Lift for Multipurpose Hall MPH Building at Khariar Road NAC in the district of Nuapada for the year 2025-26","Supply, Installation of Mobile Scissor Lift for Multipurpose Hall MPH Building at Khariar Road NAC in the district of Nuapada for the year 2025-26",Works,National Competitive Bid,Percentage,Electrical Works,No,No,NA ,24-Mar-2026 10:00 AM,NA ,90.0,No ,No,Online,04-Apr-2026 11:00 AM,EIC-CIVIL||SERNB-CIRCLE-BOLANGIR||EERNB-DIVISION-KHARIAR,Khariar Road,766104.0,1.0,"5,51,713",PRABIN KUMAR AGRAWAL,"434,032.62",Accepted-AOC,29-May-2026,EIC-CIVIL||SERNB-CIRCLE-BOLANGIR||EERNB-DIVISION-KHARIAR
2026_ORULB_126853_3,BPDM 5/2026-2027,"Construction of road and drain from main road towards Ayurvedic College, Takatpur in Ward No.27 under Baripada Municipality","Construction of road and drain from main road towards Ayurvedic College, Takatpur in Ward No.27 under Baripada Municipality",Works,Open Tender,Percentage,Civil Works - Roads,No,No,NA ,05-Mar-2026 01:00 PM,10-Mar-2026 11:00 AM ,180.0,No ,No,Online,20-Mar-2026 11:00 AM,Municipal Bodies||Baripada Municipality,Baripada Municipality,757001.0,2.0,"84,74,576",SHISHIR KUMAR SINGH,"9,989,999",Rejected-Finance,12-Jun-2026,Municipal Bodies||Baripada Municipality
2026_ORULB_127914_4,BM-BDK-02-2026-27,Repair of Pot Holes and Construction of Rcc Slab in ward no-05,Repair of Pot Holes and Construction of Rcc Slab in ward no-05,Works,Open Tender,Percentage,Civil Works - Others,No,No,NA ,07-Apr-2026 01:15 PM,NA ,90.0,No ,No,Online,17-Apr-2026 11:00 AM,Municipal Bodies||Bhadrak Municipality,Bhadrak Municipality,756100.0,1.0,"2,09,612",SATYA PRAKASH BISWAL,"209,612",Rejected-AOC,22-Jul-2026,Municipal Bodies||Bhadrak Municipality
2026_ORULB_128122_10,03/SMC_SBP/2026-27,"Construction of road and drain from Raghunath mandir to Behera house , Ward no-23","Construction of road and drain from Raghunath mandir to Behera house , Ward no-23",Works,Open Tender,Percentage,Civil Works - Others,No,No,NA ,18-Apr-2026 11:00 AM,NA ,120.0,No ,No,Online,28-Apr-2026 11:00 AM,Municipal Bodies||Sambalpur Municipal Corporation,SAMBALPUR MUNICIPAL CORPORATION,768004.0,1.0,"16,92,863",SALEGRAM KHUNTIA,"1,692,863.73",Rejected-Technical,17-Jun-2026,Municipal Bodies||Sambalpur Municipal Corporation
2026_CERWI_126129_1,RWCCESNG-33 of 2025-26,Road from Kanaktora basti to Babudera via Damanmunda,Road from Kanaktora basti to Babudera via Damanmunda,Works,National Competitive Bid,Percentage,Civil Works - Roads,No,No,NA ,17-Feb-2026 11:00 AM,NA ,90.0,No ,No,Online,06-Mar-2026 11:00 AM,CE RW I||RW-CIRCLE-SUNDARGARH,Jharsuguda,770020.0,2.0,"3,29,85,552",SRINIBAS PRADHAN INFRA PRIVATE LIMITED,"25,992,615.179",Rejected-Finance,18-Jun-2026,CE RW I||RW-CIRCLE-SUNDARGARH
2026_CERWI_127048_1,OT/25/SERWDG-I/25-26,Construction of R.I. Office-cum-Residence building at Keshpur of Khalikote Tahasil in the District of Ganjam.,Construction of R.I. Office-cum-Residence building at Keshpur of Khalikote Tahasil in the District of Ganjam.,Works,National Competitive Bid,Percentage,Civil Works - Buildings,No,No,NA ,09-Mar-2026 03:00 PM,NA ,90.0,No ,No,Online,17-Mar-2026 11:00 AM,CE RW I||RWCIRCLE-BERHAMPUR||RWDIVISION-GANJAM - I,Berhampur,760010.0,2.0,"82,78,000",SUSANTA KUMA SETHI,"6,870,473",Rejected-Finance,01-Jun-2026,CE RW I||RWCIRCLE-BERHAMPUR||RWDIVISION-GANJAM - I
2026_ORULB_128122_14,03/SMC_SBP/2026-27,"Construction of road and drain at Gouranath Land to Basundhara hospital,WARD NO-24.","Construction of road and drain at Gouranath Land to Basundhara hospital,WARD NO-24.",Works,Open Tender,Percentage,Civil Works - Others,No,No,NA ,18-Apr-2026 11:00 AM,NA ,120.0,No ,No,Online,28-Apr-2026 11:00 AM,Municipal Bodies||Sambalpur Municipal Corporation,SAMBALPUR MUNICIPAL CORPORATION,768004.0,1.0,"16,91,303",ABHINAS NANDA,"1,691,303.35",Rejected-Technical,25-Jun-2026,Municipal Bodies||Sambalpur Municipal Corporation
2026_CERWI_125712_1,Online-ANG-33/2025-26,Construction of road from Parjang Block Zone.3 Jharasahi to Talasahi road for the year 2025-26 in the district of Dhenkanal,Construction of road from Parjang Block Zone.3 Jharasahi to Talasahi road for the year 2025-26 in the district of Dhenkanal,Works,National Competitive Bid,Percentage,Civil Works - Roads,No,No,NA ,07-Feb-2026 12:50 PM,NA ,90.0,No ,No,Online,16-Feb-2026 05:30 PM,CE RW I||RWCIRCLE-ANGUL,Kamakhyanagar,759018.0,2.0,"3,28,12,306",ANAND ENGINEERING,"32,812,306",Rejected-AOC,18-Jun-2026,CE RW I||RWCIRCLE-ANGUL
2026_PRBCN_128753_5,Tender Online 01 Badachana of 2026-27,"DEVELOPEMENT OF CHOUPADARI PLAYGROUND,BALIPADIA","DEVELOPEMENT OF CHOUPADARI PLAYGROUND,BALIPADIA",Works,Open Tender,Percentage,Civil Works - Buildings,No,No,NA ,06-May-2026 10:00 AM,NA ,90.0,No ,No,Online,21-May-2026 11:00 AM,Panchayati Raj and Drinking Water Department Odisha||Zilla Parisad Jajpur||BADCHANA Block,Badachana,754296.0,1.0,"25,12,630",SIDHANTA SAMAL,"2,512,630.4",Rejected-Technical,12-Jun-2026,Panchayati Raj and Drinking Water Department Odisha||Zilla Parisad Jajpur||BADCHANA Block
2026_ORULB_124590_21,BBLM-6/2025-26,"Pothole repair of paver road in Ward No.1,2,4,5 and 7, Barbil","Pothole repair of paver road in Ward No.1,2,4,5 and 7, Barbil",Works,Open Tender,Percentage,Civil Works - Roads,No,No,NA ,20-Jan-2026 10:00 AM,NA ,90.0,No ,No,Online,04-Feb-2026 11:00 AM,Municipal Bodies||Barbil Municipality,Barbil,758035.0,2.0,"5,00,000",Ananta Charan Rout,"524,463",Rejected-Finance,01-Jun-2026,Municipal Bodies||Barbil Municipality
2026_ORULB_124435_1,UKTM-MUN- 06/2025-26(5),Development of Bathing Ghat and Beautification work at Ektaguda Bridge in ward no-13,Civil Work,Works,Open Tender,Percentage,Civil Works - Others,No,No,NA ,12-Jan-2026 10:00 AM,NA ,60.0,No ,No,Online,28-Jan-2026 11:00 AM,Municipal Bodies||Umerkote Municipality,Umerkote Municipality,764073.0,1.0,,SUDHANSU KUMAR BISWAL,"930,674.49",Rejected-Finance,22-Jun-2026,Municipal Bodies||Umerkote Municipality
2026_PRBCN_128753_10,Tender Online 01 Badachana of 2026-27,CONSTRUCTION OFOFFICE BUILDING WITH MARKET COMPLEX FOR GRAM PANCHAYAT LEVEL FEDERATIONS ( GPLF) Kaimatia,CONSTRUCTION OFOFFICE BUILDING WITH MARKET COMPLEX FOR GRAM PANCHAYAT LEVEL FEDERATIONS ( GPLF) Kaimatia,Works,Open Tender,Percentage,Civil Works - Buildings,No,No,NA ,06-May-2026 10:00 AM,NA ,90.0,No ,No,Online,21-May-2026 11:00 AM,Panchayati Raj and Drinking Water Department Odisha||Zilla Parisad Jajpur||BADCHANA Block,Badachana,754296.0,1.0,"22,29,622",ALOK KUMAR PRUSTY,"2,229,621.97",Rejected-Technical,12-Jun-2026,Panchayati Raj and Drinking Water Department Odisha||Zilla Parisad Jajpur||BADCHANA Block
2026_ORULB_126636_27,BMC-EE-Tender Cell-73/2025-26 Dt. 25.02.2026,"Construction of internal road and drain at Sridev Housing Complex, Patrapada in Ward No. 65","Construction of internal road and drain at Sridev Housing Complex, Patrapada in Ward No. 65",Works,Open Tender,Percentage,Civil Works - Others,No,No,NA ,28-Feb-2026 10:30 AM,05-Mar-2026 04:00 PM ,120.0,No ,No,Online,12-Mar-2026 11:00 AM,Municipal Bodies||Bhubaneswar Municipal Corporation,BMC AREA,751022.0,1.0,"25,25,358",PRAMODINI BASTIA,"3,093,159",Accepted-AOC,04-Jun-2026,Municipal Bodies||Bhubaneswar Municipal Corporation
2026_RMC_127686_1,MC/RMC/17./2026,"Improvement of Drain from B 1 to B 24 at Koel nagar, B Block, Ward No. 35 under RMC Rourkela",Works,Works,Open Tender,Percentage,Civil Works - Others,No,No,NA ,30-Mar-2026 06:00 PM,NA ,90.0,No ,No,Online,15-Apr-2026 11:00 AM,Rourkela Municipal Corporation,Rourkela,769012.0,1.0,"17,93,000",MITRA SEKHAR PARIDA,"1,792,847.1",Rejected-Technical,08-Jun-2026,Rourkela Municipal Corporation
2026_ORULB_127071_20,KSNG-NAC-06/2025-26,REPAIR OF ROAD BEHIND GOVERNMENT HOSPITAL IN WARD NO 11,REPAIR OF ROAD BEHIND GOVERNMENT HOSPITAL IN WARD NO 11,Works,Open Tender,Percentage,Civil Works - Roads,No,No,NA ,10-Mar-2026 10:00 AM,NA ,90.0,No ,No,Online,23-Mar-2026 11:00 AM,Municipal Bodies||Kesinga NAC,KESINGA NAC,766012.0,1.0,"2,54,622",DEBARAJ MAJHI,"245,456",Accepted-AOC,24-Jun-2026,Municipal Bodies||Kesinga NAC
2026_ORULB_124457_26,BPDM-1 OF 2026/2027,Rejuvenation of Tulshichaura Pond at Ward No.27 of Baripada Municipaliaty,Rejuvenation of Tulshichaura Pond at Ward No.27 of Baripada Municipaliaty,Works,Open Tender,Percentage,Civil Works - Others,No,No,NA ,13-Jan-2026 01:00 PM,NA ,90.0,No ,No,Online,29-Jan-2026 11:30 AM,Municipal Bodies||Baripada Municipality,Baripada Municipality,757001.0,1.0,"20,19,401",MD. ISLAM,"2,380,511",Rejected-Finance,12-Jun-2026,Municipal Bodies||Baripada Municipality
2026_ORULB_124187_7,ASKANAC/MSBY-08/2025-26,"REPAIR AND RENOVATION OF CREMATORIUM YARD AT PAKALAPALLI WARD NO-18, ASKA","REPAIR AND RENOVATION OF CREMATORIUM YARD AT PAKALAPALLI WARD NO-18, ASKA",Works,Open Tender,Percentage,Civil Works - Others,No,No,NA ,06-Jan-2026 11:00 AM,NA ,60.0,No ,No,Online,20-Jan-2026 11:00 AM,Municipal Bodies||Aska NAC,"NAC,ASKA",761110.0,2.0,"9,02,122",Santosh Kumar Jena,"766,894.26",Rejected-Finance,06-Jun-2026,Municipal Bodies||Aska NAC
2026_CERWI_126993_1,TENDER ONLINE JJPR-II-08 OF 2025-26,Construction of New Sub Center building at Raichhanda for the year 2023-24,Construction of New Sub Center building at Raichhanda for the year 2023-24,Works,Open Tender,Percentage,Civil Works - Buildings,No,No,NA ,07-Mar-2026 04:55 PM,NA ,90.0,No ,No,Online,13-Mar-2026 11:00 AM,CE RW I||RWCIRCLE-KENDRAPARA||RW Division II-Jajpur,Jaraka,755050.0,1.0,"40,10,675",CHINMAY KUMAR MOHANTY,"4,010,675",Accepted-AOC,29-Mar-2026,CE RW I||RWCIRCLE-KENDRAPARA||RW Division II-Jajpur
2026_EICCL_127074_8,SE R and B Divn. No.I BAM 63/2025-26,"Construction of Entrance gates at K.A.T.S Govt Ayurvedic college and Hospital, Ankuspur Berhampur","Construction of Entrance gates at K.A.T.S Govt Ayurvedic college and Hospital, Ankuspur Berhampur",Works,Open Tender,Percentage,Civil Works - Roads,No,No,NA ,09-Mar-2026 06:00 PM,NA ,90.0,No ,No,Online,17-Mar-2026 11:30 AM,EIC-CIVIL||SERNB-CIRCLE-BERHAMPUR||EERNB-DIVN-GANJAM I,Berhampur,760005.0,1.0,"33,00,747",NAROTTAM SETHY,"2,475,561",Rejected-AOC,02-Jun-2026,EIC-CIVIL||SERNB-CIRCLE-BERHAMPUR||EERNB-DIVN-GANJAM I
2026_PIWT_126287_1,DPIWT-33/2025-26,"Improvement of Jetty and Public Rain Shelter (Waiting Hall) at Arakhakuda under Krushnaprasad Block of Puri District, Odisha.",CIVIL CONSTRUCTION WORKS,Works,Open Tender,Percentage,Civil Works - Others,No,No,NA ,19-Feb-2026 02:45 PM,26-Feb-2026 11:30 AM ,90.0,No ,No,Online,11-Mar-2026 11:30 AM,Directorate of Ports and IWT||Directorate of Ports and IWT,Arakhakuda under Krushnaprasad Block of Puri Distr,752010.0,2.0,"44,66,22,907",M/s. fortune group,"475,653,396",Accepted-AOC,22-Jun-2026,Directorate of Ports and IWT||Directorate of Ports and IWT
2026_CERWI_125360_2,SERWDGH-Online-13 of 2025-26,Periodical Maintenance to Road from Fatanagar to Nilgundia under Additional AMP 2025-26 in the district of Deogarh,Road work,Works,Open Tender,Percentage,Civil Works - Roads,No,No,NA ,02-Feb-2026 10:00 AM,NA ,90.0,No ,No,Online,09-Feb-2026 10:00 AM,CE RW I||RWCIRCLE-SAMBALPUR||RWDIVISION-DEOGARH,Deogarh,768119.0,2.0,"58,47,454","SHRI GANESH CONSTRUCTION,PROP-SAPAN KUMAR SAHU","4,635,277",Rejected-AOC,22-Jun-2026,CE RW I||RWCIRCLE-SAMBALPUR||RWDIVISION-DEOGARH
2026_ORULB_128202_1,BMC-EE-Tender Cell-06/2026-27 dt. 16.04.2026,Desilting of Storm Water RandB Drains in BMC Area for ensuring Monsoon 2026 under PWD Division-II,Desilting of Storm Water RandB Drains in BMC Area for ensuring Monsoon 2026 under PWD Division-II,Works,Open Tender,Percentage,Civil Works - Others,No,No,NA ,17-Apr-2026 03:00 PM,20-Apr-2026 03:30 PM ,120.0,No ,No,Online,23-Apr-2026 04:00 PM,Municipal Bodies||Bhubaneswar Municipal Corporation,BMC AREA,751022.0,2.0,"1,40,80,518",PRAKASH CHANDRA PANDA,"16,947,311",Rejected-Finance,09-Jun-2026,Municipal Bodies||Bhubaneswar Municipal Corporation
2026_PRNPA_124184_1,e-procurement Notice No.(PSNPD)01/2025-26 vide letter no.03 dt.01/01/2026,Construction of Additional class room at UPS Nuapada,Construction of Additional class room at UPS Nuapada,Works,Open Tender,Percentage,Civil Works - Buildings,No,No,NA ,05-Jan-2026 10:00 AM,NA ,90.0,No ,No,Online,21-Jan-2026 11:00 AM,Panchayati Raj and Drinking Water Department Odisha||Zilla Parisad Nuapada||NUAPADA Block,Nuapada,766105.0,1.0,"9,39,627",RANU BOSE,"798,777",Rejected-Finance,13-May-2026,Panchayati Raj and Drinking Water Department Odisha||Zilla Parisad Nuapada||NUAPADA Block
2026_ORULB_128125_3,EO/BPHM/01/26-27,Construction of Paver block and Bathing Step and Pond Cleaning near Padhan Kata pond Chualiberana ward no-12,Construction of Paver block and Bathing Step and Pond Cleaning near Padhan Kata pond Chualiberana ward no-12,Works,Open Tender,Percentage,Civil Works - Others,No,No,NA ,17-Apr-2026 10:00 AM,NA ,90.0,No ,No,Online,02-May-2026 11:00 AM,Municipal Bodies||Belpahar Municipal Council,Belpahar Municipality,768218.0,1.0,"15,00,000",TAUSIF ALAM,"1,500,000",Rejected-AOC,03-Jun-2026,Municipal Bodies||Belpahar Municipal Council
2026_EICCL_127074_9,SE R and B Divn. No.I BAM 63/2025-26,S/R to SBR Womens college at Berhampur such as repair and construction of compound wall,S/R to SBR Womens college at Berhampur such as repair and construction of compound wall,Works,Open Tender,Percentage,Civil Works - Roads,No,No,NA ,09-Mar-2026 06:00 PM,NA ,90.0,No ,No,Online,17-Mar-2026 11:30 AM,EIC-CIVIL||SERNB-CIRCLE-BERHAMPUR||EERNB-DIVN-GANJAM I,Berhampur,760005.0,1.0,"3,43,419",BIGHNESWAR PADHY,"255,160",Accepted-AOC,03-Jun-2026,EIC-CIVIL||SERNB-CIRCLE-BERHAMPUR||EERNB-DIVN-GANJAM I
2026_ORULB_125609_5,KNK-2(12)-2025-26,Development of parking place at back side of bus stand (kakatpur road side) in ward No-9,Development of parking place at back side of bus stand (kakatpur road side) in ward No-9,Works,Open Tender,Percentage,Civil Works - Others,No,No,NA ,07-Feb-2026 12:00 PM,NA ,120.0,No ,No,Online,23-Feb-2026 11:30 AM,Municipal Bodies||Konark NAC,Konark NAC,752111.0,1.0,"10,84,833",SANATAN KANDI,"1,024,211",Rejected-AOC,05-Jun-2026,Municipal Bodies||Konark NAC
2026_EICCL_125012_1,SE(RandB)BLS-Divn-1-38/2025-26,"Supply, Installation, Testing and commissioning of 10 Passenger G1 lift at Soro Court.","Supply, Installation, Testing and commissioning of 10 PassengerG1 lift at Soro Court.",Works,Open Tender,Percentage,Electrical Works,No,No,NA ,30-Jan-2026 10:00 AM,30-Jan-2026 10:00 AM ,90.0,No ,No,Online,10-Feb-2026 10:00 AM,EIC-CIVIL||SERNB-CIRCLE-EASTERN||EERNB-DIVN-BALASORE,Balasore,756001.0,1.0,,"M/S KK ENTERPRISES,PROPRIETOR-KABERI MOHANTY","2,178,537.13",Rejected-Technical,19-Jun-2026,EIC-CIVIL||SERNB-CIRCLE-EASTERN||EERNB-DIVN-BALASORE
2026_ORULB_126613_9,MC(CMC)CTC_Div-IINo.36/2025-26,Construction of C.C. road South Point Hospital back side in Ward No. 30.,Construction of C.C. road South Point Hospital back side in Ward No. 30.,Works,Open Tender,Percentage,Civil Works - Others,No,No,NA ,25-Mar-2026 02:00 PM,NA ,90.0,No ,No,Online,09-Apr-2026 11:00 AM,Municipal Bodies||Cuttack Municipal Corporation,CMC,753012.0,1.0,"10,07,000",SUMANTA DAS,"1,006,965",Rejected-AOC,02-Jun-2026,Municipal Bodies||Cuttack Municipal Corporation
2026_CERWI_125362_1,Online-AGL-32/2025-26,Construction of road from Manamunda Sagada PWD Road to Tilatinga Via Gudvelipadar Rakshyskuti,Construction of road from Manamunda Sagada PWD Road to Tilatinga Via Gudvelipadar Rakshyskuti,Works,National Competitive Bid,Percentage,Civil Works - Roads,No,No,NA ,02-Feb-2026 09:00 AM,NA ,90.0,No ,No,Online,10-Feb-2026 09:00 AM,CE RW I||RWCIRCLE-ANGUL,Boudh,762014.0,2.0,"5,49,36,841",M/s PMRT Construction,"57,617,759",Accepted-AOC,23-Jun-2026,CE RW I||RWCIRCLE-ANGUL
2026_RWSS_125888_1,21/RWSS/BBSR/2025-26,"Refilling of Gas cylinder argon gas to state Water testing laboratory, Khandagiri, Bhubaneswar","Refilling of Gas cylinder argon gas to state Water testing laboratory, Khandagiri, Bhubaneswar",Goods,National Competitive Bid,Percentage,Lab Chemistry Reagents,No,No,NA ,11-Feb-2026 06:00 PM,NA ,180.0,No ,No,Online,21-Feb-2026 11:30 AM,Rural Water Supply and Sanitation||RWSS Circle Bhubaneswar||RWSS Division Bhubaneswar,"STATE WATER TESTING LAB, BBSR",751030.0,1.0,"9,60,000",PECK BIOTECH PRIVATE LIMITED,"906,720",Rejected-Technical,16-Jun-2026,Rural Water Supply and Sanitation||RWSS Circle Bhubaneswar||RWSS Division Bhubaneswar
2026_ORULB_126678_17,37/SMC_SBP/2025-26,Construction of Road and Drain from Sripati Res to Danardan Badapanda Res at Sadeipali in WNo.05,Construction of Road and Drain from Sripati Res to Danardan Badapanda Res at Sadeipali in WNo.05,Works,Open Tender,Percentage,Civil Works - Others,No,No,NA ,06-Mar-2026 11:00 AM,NA ,120.0,No ,No,Online,17-Mar-2026 11:00 AM,Municipal Bodies||Sambalpur Municipal Corporation,Sambalpur Municipal Corporation,768006.0,1.0,"12,69,428","M/s. SURVEILLANCE SYSTEM, PROPRIETOR- ESHA JHAJHARIA","1,269,421",Rejected-Technical,06-Jun-2026,Municipal Bodies||Sambalpur Municipal Corporation
2026_ORULB_127812_2,MC(CMC)CTC_Div-IIiNo1/2026-27,"Construction of Boundary wall with M..S Barricating Intsllation of borewell with P.H. work at Jobra Park, Jobra Barrage and I Love Cuttack canal road in Ward No.40.","Construction of Boundary wall with M..S Barricating Intsllation of borewell with P.H. work at Jobra Park, Jobra Barrage and I Love Cuttack canal road in Ward No.40.",Works,Open Tender,Percentage,Civil Works - Others,No,No,NA ,13-Apr-2026 03:45 PM,NA ,90.0,No ,No,Online,27-Apr-2026 10:00 AM,Municipal Bodies||Cuttack Municipal Corporation,CMC,753012.0,1.0,"18,00,547",MANAS KUMAR BEHERA (S.C.),"1,800,547",Rejected-AOC,15-Jun-2026,Municipal Bodies||Cuttack Municipal Corporation
2026_ORULB_127834_1,1/SMC_SBP/2026-27,"Development and Maintenance of Potholes-free roads and Covering of slab in open drain in near Bhimobhoi daily market, Near Gramadevi mandir, Near Sai mandir, Back side of army recruitment office, old Santinagar and Malipara in Ward No.19","Development and Maintenance of Potholes-free roads and Covering of slab in open drain in near Bhimobhoi daily market, Near Gramadevi mandir, Near Sai mandir, Back side of army recruitment office, old Santinagar and Malipara in Ward No.19",Works,Open Tender,Percentage,Civil Works - Others,No,No,NA ,09-Apr-2026 11:00 AM,NA ,90.0,No ,No,Online,20-Apr-2026 11:00 AM,Municipal Bodies||Sambalpur Municipal Corporation,SAMBALPUR MUNICIPAL CORPORATION,768006.0,1.0,"34,56,457",MOHAMMED ALI HUSSAIN,"3,456,456.81",Rejected-Technical,24-Jun-2026,Municipal Bodies||Sambalpur Municipal Corporation
2026_EICCL_128660_1,SERANDB PURI-04/2026-27,"Development of Parking at Sterling Chhak Parking - I (Shani Temple Side) in the District of Puri, for ensuing Car Festival -2026.","Development of Parking at Sterling Chhak Parking - I (Shani Temple Side) in the District of Puri, for ensuing Car Festival -2026.",Works,Open Tender,Percentage,Civil Works - Others,No,No,NA ,30-Apr-2026 10:00 AM,NA ,90.0,No ,No,Online,08-May-2026 11:00 AM,EIC-CIVIL||SERNB-CIRCLE-KHURDA||EERNB-DIVN-PURI,Puri,752001.0,1.0,"22,80,509",ANIL KUMAR SAHU,"2,280,509",Rejected-Technical,05-Jun-2026,EIC-CIVIL||SERNB-CIRCLE-KHURDA||EERNB-DIVN-PURI
2026_OPEPA_129073_1,IFB-DPC SS KPT ACR 143/144 OF 2024-25,CONSTRUCTION OF 1 NO ADDITIONAL CLASS ROOM BUILDING AT PANGAPALLUR UPS OF NARAYANAPATNA BLOCK,CONSTRUCTION OF 1 NO ADDITIONAL CLASS ROOM BUILDING AT PANGAPALLUR UPS OF NARAYANAPATNA BLOCK,Works,Open Tender,Percentage,Civil Works - Buildings,No,No,NA ,11-May-2026 11:00 AM,NA ,90.0,No ,No,Online,26-May-2026 11:30 AM,OPEPA Bhubaneswar||Samagra Shiksha Koraput,PANGAPALLUR UPS OF NARAYANAPATNA BLOCK,764014.0,1.0,"14,35,310",CHALA RADHA KUMARI,"1,220,156.9",Rejected-AOC,24-Jun-2026,OPEPA Bhubaneswar||Samagra Shiksha Koraput
2026_ORULB_124590_20,BBLM-6/2025-26,"Laying of cover slab over drain of Ward No.1,2,4,5 and 7, Barbil","Laying of cover slab over drain of Ward No.1,2,4,5 and 7, Barbil",Works,Open Tender,Percentage,Civil Works - Others,No,No,NA ,20-Jan-2026 10:00 AM,NA ,90.0,No ,No,Online,04-Feb-2026 11:00 AM,Municipal Bodies||Barbil Municipality,Barbil,758035.0,2.0,"19,50,000",SUBASH CHANDRA PARIDA,"2,045,527",Accepted-AOC,25-Jun-2026,Municipal Bodies||Barbil Municipality
2026_CERWI_128398_1,TENDERONLINEDNAYAGARH022526,Construction of building in Prahallad Higher Secondary School at Padmabati in the District of Nayagarh for the year 2025-26 Balance Work,Construction of building in Prahallad Higher Secondary School at Padmabati in the District of Nayagarh for the year 2025-26 Balance Work,Works,Open Tender,Percentage,Civil Works - Buildings,No,No,NA ,23-Apr-2026 02:30 PM,NA ,90.0,No ,No,Online,05-May-2026 11:00 AM,CE RW I||RWCIRCLE-BHUBANESWAR||RWDIVISION-NAYAGARH,Nayagarh,752070.0,1.0,"5,60,547",SURESH KUMAR BHUJABAL,"446,812",Rejected-AOC,16-Jun-2026,CE RW I||RWCIRCLE-BHUBANESWAR||RWDIVISION-NAYAGARH
2026_ORULB_126636_26,BMC-EE-Tender Cell-73/2025-26 Dt. 25.02.2026,Construction of internal Road at Ganapati Nagar in Ward No. 27,Construction of internal Road at Ganapati Nagar in Ward No. 27,Works,Open Tender,Percentage,Civil Works - Roads,No,No,NA ,28-Feb-2026 10:30 AM,05-Mar-2026 04:00 PM ,120.0,No ,No,Online,12-Mar-2026 11:00 AM,Municipal Bodies||Bhubaneswar Municipal Corporation,BMC AREA,751022.0,1.0,"21,35,365",RAJIV KUMAR JENA,"1,932,633",Rejected-Finance,20-Jun-2026,Municipal Bodies||Bhubaneswar Municipal Corporation
2026_PRBCN_128753_11,Tender Online 01 Badachana of 2026-27,CONSTRUCTION OFOFFICE BUILDING WITH MARKET COMPLEX FOR GRAM PANCHAYAT LEVEL FEDERATIONS ( GPLF) Kundal,CONSTRUCTION OFOFFICE BUILDING WITH MARKET COMPLEX FOR GRAM PANCHAYAT LEVEL FEDERATIONS ( GPLF) Kundal,Works,Open Tender,Percentage,Civil Works - Buildings,No,No,NA ,06-May-2026 10:00 AM,NA ,90.0,No ,No,Online,21-May-2026 11:00 AM,Panchayati Raj and Drinking Water Department Odisha||Zilla Parisad Jajpur||BADCHANA Block,Badachana,754296.0,1.0,"22,20,179",PRASANNA KUMAR ROUT,"2,220,179.06",Rejected-Technical,12-Jun-2026,Panchayati Raj and Drinking Water Department Odisha||Zilla Parisad Jajpur||BADCHANA Block
2026_ORULB_124590_34,BBLM-6/2025-26,"Repair of road from Dalki basti to Sirajuddin hutting, Ward No.2, Barbil","Repair of road from Dalki basti to Sirajuddin hutting, Ward No.2, Barbil",Works,Open Tender,Percentage,Civil Works - Others,No,No,NA ,20-Jan-2026 10:00 AM,NA ,90.0,No ,No,Online,04-Feb-2026 11:00 AM,Municipal Bodies||Barbil Municipality,Barbil,758035.0,2.0,"19,96,000",NARAYAN HEMBRAM,"2,094,690",Rejected-Finance,25-Jun-2026,Municipal Bodies||Barbil Municipality
2026_CERWI_126171_1,EE/RWELECT/SBP/41/2025-26,EI to Construction of lines and sub station towards providing 3PH Power supply to Superintendent of Excise office Building Boudh,EI to Construction of lines and sub station towards providing 3PH Power supply to Superintendent of Excise office Building Boudh,Works,Open Tender,Percentage,Electrical Works,No,No,NA ,17-Feb-2026 11:00 AM,NA ,90.0,No ,No,Online,27-Feb-2026 11:30 AM,CE RW I||RW Electrical Circle Bhubaneswar||RW Electrical Division Sambalpur,Boudh,768001.0,1.0,"9,80,934",SRIDHAR SAHOO,"817,903.09",Rejected-Finance,17-Jun-2026,CE RW I||RW Electrical Circle Bhubaneswar||RW Electrical Division Sambalpur
2026_ORULB_128122_15,03/SMC_SBP/2026-27,"Construction of road and drain at Dhubagali, Hatpada, W.No-24","Construction of road and drain at Dhubagali, Hatpada, W.No-24",Works,Open Tender,Percentage,Civil Works - Others,No,No,NA ,18-Apr-2026 11:00 AM,NA ,120.0,No ,No,Online,28-Apr-2026 11:00 AM,Municipal Bodies||Sambalpur Municipal Corporation,SAMBALPUR MUNICIPAL CORPORATION,768004.0,1.0,"16,91,190",RENU PANSARI,"1,691,190.59",Rejected-Technical,17-Jun-2026,Municipal Bodies||Sambalpur Municipal Corporation
2026_CERWI_127270_1,EE/RWELECT/SBP/51/2025-26,"EI to Peripheral Area Lighting, Supply Fixation of Air Conditioner, Provision of LAN and CCTV Provision for external electrification for Construction of new J.M.F.C Court Building at Hemgiri.","EI to Peripheral Area Lighting, Supply Fixation of Air Conditioner, Provision of LAN and CCTV Provision for external electrification for Construction of new J.M.F.C Court Building at Hemgiri.",Works,Open Tender,Percentage,Electrical Works,No,No,NA ,16-Mar-2026 11:30 AM,NA ,90.0,No ,No,Online,25-Mar-2026 11:30 AM,CE RW I||RW Electrical Circle Bhubaneswar||RW Electrical Division Sambalpur,Sundargarh,768001.0,1.0,"37,82,337",SARADA TECHNO SERVICES,"3,778,554.22",Rejected-AOC,17-Jun-2026,CE RW I||RW Electrical Circle Bhubaneswar||RW Electrical Division Sambalpur
2026_ORULB_127914_1,BM-BDK-02-2026-27,Repair of Pot Holes in ward no-01,Repair of Pot Holes in ward no-01,Works,Open Tender,Percentage,Civil Works - Others,No,No,NA ,07-Apr-2026 01:00 PM,NA ,90.0,No ,No,Online,17-Apr-2026 11:00 AM,Municipal Bodies||Bhadrak Municipality,Bhadrak Municipality,756100.0,1.0,"2,74,351",Satrughna Dhada,"210,976",Rejected-Technical,11-Jun-2026,Municipal Bodies||Bhadrak Municipality
2026_ORULB_128122_17,03/SMC_SBP/2026-27,"Construction of paver road drain with culvert at Lane-4 Ambira nagar ward no-28, under SMC, Sambalpur","Construction of paver road drain with culvert at Lane-4 Ambira nagar ward no-28, under SMC, Sambalpur",Works,Open Tender,Percentage,Civil Works - Others,No,No,NA ,18-Apr-2026 11:00 AM,NA ,120.0,No ,No,Online,28-Apr-2026 11:00 AM,Municipal Bodies||Sambalpur Municipal Corporation,SAMBALPUR MUNICIPAL CORPORATION,768004.0,1.0,"12,69,675",BHUMIJA CONSTRUCTION,"1,269,675.44",Rejected-Technical,30-Jun-2026,Municipal Bodies||Sambalpur Municipal Corporation
2026_ORULB_126857_28,06/BGH- MUN/2025-26,Const of Cc road and drain from pintu house to dash kirana store W.No.-16,Const of Cc road and drain from pintu house to dash kirana store W.No.-16,Works,Open Tender,Percentage,Civil Works - Others,No,No,NA ,06-Mar-2026 04:00 PM,NA ,90.0,No ,No,Online,17-Mar-2026 11:00 AM,Municipal Bodies||Bargarh Municipal Council,Bargarh,768028.0,1.0,"19,00,016",RANJAN SETH,"1,288,094.333",Accepted-AOC,08-Jun-2026,Municipal Bodies||Bargarh Municipal Council
2026_EICCL_127777_1,Bid Id No. SE- 85/2025-26,Construction of RCC drain with Cover Slab on Chipat Junction to Baripada Baghra Road from 2/260 km to 2/380 km (RHS) for the year 2025-26,Construction of RCC drain with Cover Slab on Chipat Junction to Baripada Baghra Road from 2/260 km to 2/380 km (RHS) for the year 2025-26,Works,Open Tender,Percentage,Civil Works - Roads,No,No,NA ,02-Apr-2026 01:00 PM,NA ,90.0,No ,No,Online,15-Apr-2026 11:00 AM,EIC-CIVIL||SERNB-CIRCLE-EASTERN||EERNB-DIVN-BARIPADA,Baripada,757001.0,1.0,,PRADIPTA GANTAYAT,"1,276,871",Rejected-Finance,04-Jun-2026,EIC-CIVIL||SERNB-CIRCLE-EASTERN||EERNB-DIVN-BARIPADA
2026_PRBCN_128753_13,Tender Online 01 Badachana of 2026-27,CONSTRUCTION OFOFFICE BUILDING WITH MARKET COMPLEX FOR GRAM PANCHAYAT LEVEL FEDERATIONS ( GPLF) Palei,CONSTRUCTION OFOFFICE BUILDING WITH MARKET COMPLEX FOR GRAM PANCHAYAT LEVEL FEDERATIONS ( GPLF) Palei,Works,Open Tender,Percentage,Civil Works - Buildings,No,No,NA ,06-May-2026 10:00 AM,NA ,90.0,No ,No,Online,21-May-2026 11:00 AM,Panchayati Raj and Drinking Water Department Odisha||Zilla Parisad Jajpur||BADCHANA Block,Badachana,754296.0,1.0,"22,40,129",ALOK KUMAR PRUSTY,"2,240,129.11",Rejected-Technical,12-Jun-2026,Panchayati Raj and Drinking Water Department Odisha||Zilla Parisad Jajpur||BADCHANA Block
2026_CERWI_127171_3,Tender Online 22 JJPT of 2025-26,S/R to Singhpur Dihakula RD Road to Andhalo Road for the Year 2025-26 in the Dist. of Jajpur,S/R to Singhpur Dihakula RD Road to Andhalo Road for the Year 2025-26 in the Dist. of Jajpur,Works,Open Tender,Percentage,Civil Works - Roads,No,No,NA ,11-Mar-2026 04:00 PM,NA ,30.0,No ,No,Online,19-Mar-2026 11:30 AM,CE RW I||RWCIRCLE-KENDRAPARA||RWDIVISION I JAJPUR,JAJPUR,755007.0,1.0,"19,90,214",AKASH MALIK,"1,273,736.979",Rejected-AOC,30-Jun-2026,CE RW I||RWCIRCLE-KENDRAPARA||RWDIVISION I JAJPUR
2026_ORULB_126636_30,BMC-EE-Tender Cell-73/2025-26 Dt. 25.02.2026,Peripheral Development of Bajrang Vihar Water body in ward no. 6,Peripheral Development of Bajrang Vihar Water body in ward no. 6,Works,Open Tender,Percentage,Civil Works - Others,No,No,NA ,28-Feb-2026 10:30 AM,05-Mar-2026 04:00 PM ,120.0,No ,No,Online,12-Mar-2026 11:00 AM,Municipal Bodies||Bhubaneswar Municipal Corporation,BMC AREA,751022.0,1.0,"23,25,886",J N INFRASTRUCTURE PRIVATE LIMITED,"2,340,328",Rejected-Finance,09-Jun-2026,Municipal Bodies||Bhubaneswar Municipal Corporation
2026_PRBCN_128753_6,Tender Online 01 Badachana of 2026-27,CONSTRUCTION OFOFFICE BUILDING WITH MARKET COMPLEX FOR GRAM PANCHAYAT LEVEL FEDERATIONS ( GPLF) Bantala,CONSTRUCTION OFOFFICE BUILDING WITH MARKET COMPLEX FOR GRAM PANCHAYAT LEVEL FEDERATIONS ( GPLF) Bantala,Works,Open Tender,Percentage,Civil Works - Buildings,No,No,NA ,06-May-2026 10:00 AM,NA ,90.0,No ,No,Online,21-May-2026 11:00 AM,Panchayati Raj and Drinking Water Department Odisha||Zilla Parisad Jajpur||BADCHANA Block,Badachana,754296.0,1.0,"22,29,622",PRASANNA KUMAR ROUT,"2,229,621.97",Rejected-Technical,12-Jun-2026,Panchayati Raj and Drinking Water Department Odisha||Zilla Parisad Jajpur||BADCHANA Block
2026_IDCO_126877_1,CTC/CIV/EST/E-04/2025-26,"Construction of Paver work at Plot No. 31 to B/26(both side) of Old Industrial Estate,Jagatpur,Cuttack.",Construction of Paver Work,Works,National Competitive Bid,Percentage,Civil Works - Others,No,No,NA ,09-Mar-2026 05:00 PM,NA ,30.0,No ,No,Online,23-Mar-2026 11:30 AM,IDCO||IDCO||IDCO,"Divisional Office, IDCO,Jagatpur IE",754021.0,1.0,,RASHMI RANJAN MAHUNTA,"1,905,808",Rejected-AOC,18-Jun-2026,IDCO||IDCO||IDCO
2026_RMC_127686_2,MC/RMC/17./2026,Improvement of road and drain in D Cabin B.R Ambedkar lane in Ward No. 39 under RMC Rourkela,Works,Works,Open Tender,Percentage,Civil Works - Others,No,No,NA ,30-Mar-2026 06:00 PM,NA ,90.0,No ,No,Online,15-Apr-2026 11:00 AM,Rourkela Municipal Corporation,Rourkela,769012.0,1.0,"13,92,000",ANUPA MALLICK,"1,391,639.64",Rejected-Technical,08-Jun-2026,Rourkela Municipal Corporation
2026_ORULB_127521_4,45/SMC_SBP/2025-26,Construction of Road and drain from Binakhandi UP School to Mausi Maa Mandir Ward No-32,Construction of Road and drain from Binakhandi UP School to Mausi Maa Mandir Ward No-32,Works,Open Tender,Percentage,Civil Works - Others,No,No,NA ,25-Mar-2026 11:00 AM,NA ,120.0,No ,No,Online,05-Apr-2026 11:00 AM,Municipal Bodies||Sambalpur Municipal Corporation,SAMBALPUR MUNICIPAL CORPORATION,768006.0,1.0,"25,40,436",SAILESH KUMAR MISHRA,"2,540,436.44",Rejected-Technical,11-Jun-2026,Municipal Bodies||Sambalpur Municipal Corporation
2026_ORULB_125863_6,34/SMC_SBP/2025-26,"Repair and maintenance of pot holes in Bakbira and Barampura area of Ward No - 01, under SMC Sambalpur","Repair and maintenance of pot holes in Bakbira and Barampura area of Ward No - 01, under SMC Sambalpur",Works,Open Tender,Percentage,Civil Works - Others,No,No,NA ,16-Feb-2026 11:00 AM,NA ,120.0,No ,No,Online,26-Feb-2026 11:00 AM,Municipal Bodies||Sambalpur Municipal Corporation,SAMBALPUR MUNICIPAL CORPORATION,768006.0,1.0,"40,96,466",BISHESH GOEL,"4,096,466",Rejected-Technical,23-Jun-2026,Municipal Bodies||Sambalpur Municipal Corporation
2026_OPEPA_129071_1,IFB-DPC SS KPT ACR 141/144 OF 2024-25,CONSTRUCTION OF 1 NO ADDITIONAL CLASS ROOM BUILDING AT AMBLIAMBAGUDAPS OF NARAYANAPATNA BLOCK,CONSTRUCTION OF 1 NO ADDITIONAL CLASS ROOM BUILDING AT AMBLIAMBAGUDA PS OF NARAYANAPATNA BLOCK,Works,Open Tender,Percentage,Civil Works - Buildings,No,No,NA ,11-May-2026 11:00 AM,NA ,90.0,No ,No,Online,26-May-2026 11:30 AM,OPEPA Bhubaneswar||Samagra Shiksha Koraput,AMBLIAMBAGUDA PS OF NARAYANAPATNA BLOCK,764014.0,1.0,"14,33,504",PIDIKA DAMANA,"1,360,395",Rejected-AOC,09-Jun-2026,OPEPA Bhubaneswar||Samagra Shiksha Koraput
2026_ORULB_127834_3,1/SMC_SBP/2026-27,"Development and Maintenance of Potholes-free roads and Covering of slab in open drain in Sambhupara, Shankar gali, Ring lane, Mahadev lane, Omkar lane, Krishna lane and Sriram lane in Ward No.19","Development and Maintenance of Potholes-free roads and Covering of slab in open drain in Sambhupara, Shankar gali, Ring lane, Mahadev lane, Omkar lane, Krishna lane and Sriram lane in Ward No.19",Works,Open Tender,Percentage,Civil Works - Others,No,No,NA ,09-Apr-2026 11:00 AM,NA ,90.0,No ,No,Online,20-Apr-2026 11:00 AM,Municipal Bodies||Sambalpur Municipal Corporation,SAMBALPUR MUNICIPAL CORPORATION,768006.0,1.0,"32,05,004",SHYAMA CONSTRUCTIONS,"3,205,016.7",Rejected-Technical,24-Jun-2026,Municipal Bodies||Sambalpur Municipal Corporation
2026_EICCL_124281_8,RC(RANDB) RGD NO. II/ 15 /2025-26,S/R for Veterinary office building such as raising and construction of compound wall and approach road at Gudari during 2025-26,Building Work,Works,Open Limited,Percentage,Civil Works - Buildings,No,No,NA ,08-Jan-2026 11:00 AM,NA ,90.0,No ,No,Online,16-Jan-2026 11:00 AM,EIC-CIVIL||SERNB-CIRCLE-RAYAGADA||EERNB-DIVN-RAYAGADA NEW,Gudari,765026.0,1.0,"6,41,976",JAGADISH PANDA,"545,744",Rejected-AOC,04-Jun-2026,EIC-CIVIL||SERNB-CIRCLE-RAYAGADA||EERNB-DIVN-RAYAGADA NEW
2026_EICCL_126187_1,S.E.-KHD-(RandB)-43 /2025-26,"Supply and Installation of Air Conditioner with all accessories to Surgery ward and Burn ward at DHH and Post Natal ward and Pediatric ward at MCH, Khordha as per order No. 92 Dt. 02.01.2026 of DHSO Odisha Buildings.","Supply and Installation of Air Conditioner with all accessories to Surgery ward and Burn ward at DHH and Post Natal ward and Pediatric ward at MCH, Khordha as per order No. 92 Dt. 02.01.2026 of DHSO Odisha Buildings.",Works,Open Tender,Percentage,Electrical Works,No,No,NA ,17-Feb-2026 12:50 PM,NA ,90.0,No ,No,Online,27-Feb-2026 11:30 AM,EIC-CIVIL||SERNB-CIRCLE-KHURDA||EERNB DIVN KHURDA,Khordha,752056.0,1.0,"17,68,367",M/S. M.C.C. ASSOCIATES,"1,472,166",Rejected-AOC,21-May-2026,EIC-CIVIL||SERNB-CIRCLE-KHURDA||EERNB DIVN KHURDA
2026_OMFED_129390_14,07 /MM/CFP/56/ 2026-2027/22,SUPPLY OF CALCITE POWDER AT JAGANNATHPUR PLANT,SUPPLY OF CALCITE POWDER AT JAGANNATHPUR PLANT,Goods,Open Tender,Item Rate,Miscellaneous Goods,No,No,NA ,18-May-2026 10:00 AM,NA ,60.0,No ,No,Online,01-Jun-2026 02:00 PM,Odisha State Co. Milk Producers Federation Ltd.,JAGANNATHPUR,752101.0,1.0,"17,00,00,000",M/S. MAMATA TRADERS,"534,000",Accepted-AOC,09-Jun-2026,Odisha State Co. Milk Producers Federation Ltd.
2026_JIRR_124173_28,JKID-04 OF 2025-26,27-Improvement to Mayapada Mirzapur TRE near Matiapada Malik Sahi,Improvement to Mayapada Mirzapur TRE near Matiapada Malik Sahi,Works,National Competitive Bid,Percentage,Civil Works - Others,No,No,NA ,05-Jan-2026 11:00 AM,NA ,90.0,No ,No,Online,16-Jan-2026 11:00 AM,CE AND BM MBBS CHANDIKOLE||EASTERN CIRCLE II CHANDIKOLE||Jaraka Irr Div Jaraka,Jaraka,755050.0,1.0,"25,89,894",NAMITA JENA,"2,071,915",Rejected-Technical,22-May-2026,CE AND BM MBBS CHANDIKOLE||EASTERN CIRCLE II CHANDIKOLE||Jaraka Irr Div Jaraka
2026_ORULB_126678_15,37/SMC_SBP/2025-26,"Repair and maintenance of potholes in different areas of Barhakuni, Mundoghat, Potapali, Sikirdi, Jhankarpali and Paradesipada in Ward No - 01, under SMC Sambalpur","Repair and maintenance of potholes in different areas of Barhakuni, Mundoghat, Potapali, Sikirdi, Jhankarpali and Paradesipada in Ward No - 01, under SMC Sambalpur",Works,Open Tender,Percentage,Civil Works - Others,No,No,NA ,06-Mar-2026 11:00 AM,NA ,120.0,No ,No,Online,17-Mar-2026 11:00 AM,Municipal Bodies||Sambalpur Municipal Corporation,Sambalpur Municipal Corporation,768006.0,1.0,"42,28,563",ARUN KUMAR DEHURY,"4,228,563",Rejected-Technical,25-Jun-2026,Municipal Bodies||Sambalpur Municipal Corporation
2026_ORULB_128125_1,EO/BPHM/01/26-27,Construction of Paver Block Road with Rcc Drain From Transformer to Baba Matha in ward -03,Construction of Paver Block Road with Rcc Drain From Transformer to Baba Matha in ward -03,Works,Open Tender,Percentage,Civil Works - Roads,No,No,NA ,17-Apr-2026 10:00 AM,NA ,90.0,No ,No,Online,02-May-2026 11:00 AM,Municipal Bodies||Belpahar Municipal Council,Belpahar Municipality,768218.0,1.0,"18,00,000",Chandan Kumar Bhol,"1,800,000",Accepted-AOC,03-Jun-2026,Municipal Bodies||Belpahar Municipal Council
2026_PRNPA_124184_3,e-procurement Notice No.(PSNPD)01/2025-26 vide letter no.03 dt.01/01/2026,Construction of Additional class room at sankarmandirpada PSkhariar road nac,const of additional classroom at sankarmandirpada PS khariar road nac,Works,Open Tender,Percentage,Civil Works - Buildings,No,No,NA ,05-Jan-2026 10:00 AM,NA ,90.0,No ,No,Online,21-Jan-2026 11:00 AM,Panchayati Raj and Drinking Water Department Odisha||Zilla Parisad Nuapada||NUAPADA Block,Nuapada,766105.0,1.0,"14,49,609",PRATIMA SAHU,"1,232,313",Rejected-Finance,13-May-2026,Panchayati Raj and Drinking Water Department Odisha||Zilla Parisad Nuapada||NUAPADA Block
2026_CERWI_125092_14,CCERWCSBD Online - 26/2025-26,Improvement to L068-Pipulidihi to Gudripara Road in the District of Nabarangpur under MMSY-Impvt. to Existing RD Road for the year 2025-26.,Improvement to L068-Pipulidihi to Gudripara Road in the District of Nabarangpur under MMSY-Impvt. to Existing RD Road for the year 2025-26.,Works,National Competitive Bid,Percentage,Civil Works - Roads,No,No,NA ,29-Jan-2026 09:00 AM,NA ,90.0,No ,No,Online,04-Feb-2026 11:00 AM,CE RW I||RWCIRCLE-SUNABEDA,UMERKOTE,764073.0,2.0,"2,74,15,000",ABHAYA KUMAR MAHUNTA,"26,046,783.85",Accepted-AOC,29-Jun-2026,CE RW I||RWCIRCLE-SUNABEDA
2026_CERWI_128940_1,EERWELBBSR 01/2026-27,"Shifting of electrical networks from the road allignment on safety point of view for construction of PWD road from Kandhabareni village to Chasabarabati under Narsinghpur Block in the District of Cuttack under R.W. Electrical Section, Cuttack","Shifting of electrical networks from the road allignment on safety point of view for construction of PWD road from Kandhabareni village to Chasabarabati under Narsinghpur Block in the District of Cuttack under R.W. Electrical Section, Cuttack",Works,Open Tender,Percentage,Electrical Works,No,No,NA ,12-May-2026 12:00 PM,NA ,90.0,No ,No,Online,21-May-2026 01:00 PM,CE RW I||RW Electrical Circle Bhubaneswar||RW Electrical Division Bhubaneswar,CHASARABATI,754037.0,1.0,"14,85,575",MANGALA PRASANNA NAYAK,"1,485,575",Accepted-AOC,08-Jun-2026,CE RW I||RW Electrical Circle Bhubaneswar||RW Electrical Division Bhubaneswar
2026_ORULB_127700_4,MC(CMC)CTC_Div-I_No.27/2025-26,Desilting of drain from Deula Sahi Chhaka to Revenew Pond MSWC-I in Ward No. 09,Desilting of drain from Deula Sahi Chhaka to Revenew Pond MSWC-I in Ward No. 09,Works,Open Tender,Percentage,Civil Works - Others,No,No,NA ,31-Mar-2026 03:00 PM,NA ,90.0,No ,No,Online,10-Apr-2026 11:00 AM,Municipal Bodies||Cuttack Municipal Corporation,CMC,753012.0,1.0,"4,02,800",DILIP KUMAR NANDA,"402,733",Rejected-AOC,24-Jun-2026,Municipal Bodies||Cuttack Municipal Corporation
2026_CERWI_125360_1,SERWDGH-Online-13 of 2025-26,Periodical Maintenance to Road from Tuhilamal to Jadagola under Additional AMP 2025-26 in the district of Deogarh,Road work,Works,Open Tender,Percentage,Civil Works - Roads,No,No,NA ,02-Feb-2026 10:00 AM,NA ,90.0,No ,No,Online,09-Feb-2026 11:00 AM,CE RW I||RWCIRCLE-SAMBALPUR||RWDIVISION-DEOGARH,Deogarh,768119.0,2.0,"53,38,512","SHRI GANESH CONSTRUCTION,PROP-SAPAN KUMAR SAHU","4,231,839",Rejected-AOC,22-Jun-2026,CE RW I||RWCIRCLE-SAMBALPUR||RWDIVISION-DEOGARH
2026_OLIC_124367_40,Bid Id No. 08/Dt. 07.01.2026,INSTALLATION AND ENERGISATION OF TAMAPADA-IV TW LI PROJECT,INSTALLATION AND ENERGISATION OF TAMAPADA-IV TW LI PROJECT,Works,Open Tender,Percentage,Civil Works - Lift Irrigation Schemes,No,No,NA ,12-Jan-2026 10:00 AM,NA ,365.0,No ,No,Online,28-Jan-2026 10:00 AM,"Orissa Lift Irrigation Corporation||LI,Central Circle, Cuttack||LI Division Cuttack",NIALI BLOCK,754001.0,1.0,"18,95,392",SAMBIT BISOYI,"1,895,392",Rejected-Technical,11-Jun-2026,"Orissa Lift Irrigation Corporation||LI,Central Circle, Cuttack||LI Division Cuttack"
2026_CERWI_124920_7,ONLINE TENDER 06/ RWD-II/2025-26,SR to Ghugudipada to Makaraprasad road for the year 2025-26,Road works,Works,Open Tender,Percentage,Civil Works - Roads,No,No,NA ,21-Jan-2026 03:00 PM,NA ,90.0,No ,No,Online,31-Jan-2026 11:00 AM,CE RW I||RWCIRCLE-BHUBANESWAR||RW Division Nayagarh-II,NAYAGARH,752069.0,1.0,"49,95,000",BANAMALI MISHRA,"3,790,988",Accepted-AOC,16-Jun-2026,CE RW I||RWCIRCLE-BHUBANESWAR||RW Division Nayagarh-II
2026_ORULB_126907_18,BBLM-7/2025-26,"Construction of Aspirational Toilet at Buru hutting, Ward No.3, Barbil Municipality","Construction of Aspirational Toilet at Buru hutting, Ward No.3, Barbil Municipality",Works,Open Tender,Percentage,Civil Works - Others,No,No,NA ,09-Mar-2026 10:00 AM,NA ,90.0,No ,No,Online,20-Mar-2026 11:00 AM,Municipal Bodies||Barbil Municipality,Barbil,758035.0,2.0,"15,91,000",UMESHCHANDRA MUNDA,"1,668,525",Rejected-Finance,02-Jun-2026,Municipal Bodies||Barbil Municipality
2026_PRNPA_124184_2,e-procurement Notice No.(PSNPD)01/2025-26 vide letter no.03 dt.01/01/2026,Construction of Additional class room at maulibhatta PS Nuapada,construction of addtional class room at Maulibhatta PS Nuapada,Works,Open Tender,Percentage,Civil Works - Buildings,No,No,NA ,05-Jan-2026 10:00 AM,NA ,90.0,No ,No,Online,21-Jan-2026 11:00 AM,Panchayati Raj and Drinking Water Department Odisha||Zilla Parisad Nuapada||NUAPADA Block,Nuapada,766105.0,1.0,"9,40,737",BIKASH KUMAR PANDA,"799,721",Accepted-AOC,13-May-2026,Panchayati Raj and Drinking Water Department Odisha||Zilla Parisad Nuapada||NUAPADA Block
2026_ORULB_126678_28,37/SMC_SBP/2025-26,"Repair and maintenance of pot hole in different area of Chaunrpur in Ward No - 01, under SMC Sambalpur","Repair and maintenance of pot hole in different area of Chaunrpur in Ward No - 01, under SMC Sambalpur",Works,Open Tender,Percentage,Civil Works - Others,No,No,NA ,06-Mar-2026 11:00 AM,NA ,120.0,No ,No,Online,17-Mar-2026 11:00 AM,Municipal Bodies||Sambalpur Municipal Corporation,Sambalpur Municipal Corporation,768006.0,1.0,"42,12,535",BHOJRAJ SINGH,"4,212,535.81",Rejected-Technical,25-Jun-2026,Municipal Bodies||Sambalpur Municipal Corporation
2026_CERWI_125469_1,Road Tender Online-RWCSBP-29/2025-26,Barhamunda chowk to Ainlapali road,Barhamunda chowk to Ainlapali road,Works,Open Tender,Percentage,Civil Works - Roads,No,No,NA ,03-Feb-2026 03:00 PM,NA ,90.0,No ,No,Online,20-Feb-2026 11:00 AM,CE RW I||RWCIRCLE-SAMBALPUR,Bargarh,768028.0,2.0,"3,76,63,982",ROHIT KUMAR AGRAWAL,"38,982,221",Rejected-Finance,01-Jun-2026,CE RW I||RWCIRCLE-SAMBALPUR
2026_PIWT_126285_1,DPIWT-32/2025-26,"Improvement of Jetty and Public Rain Shelter (Waiting Hall) at Janhikuda under Krushnaprasad Block of Puri District, Odisha.",CIVIL CONSTRUCTION WORKS,Works,Open Tender,Percentage,Civil Works - Others,No,No,NA ,19-Feb-2026 02:30 PM,26-Feb-2026 11:30 AM ,90.0,No ,No,Online,11-Mar-2026 11:30 AM,Directorate of Ports and IWT||Directorate of Ports and IWT,Janhikuda under Krushnaprasad Block of Puri Distri,752032.0,2.0,"27,86,58,000",M/s. fortune group,"296,770,771",Accepted-AOC,22-Jun-2026,Directorate of Ports and IWT||Directorate of Ports and IWT
2026_ORULB_127834_2,1/SMC_SBP/2026-27,Development and Maintenance of Potholes-free roads and Covering of slab in open drain in Gopalmal to Balasagar bandh and near panda chamber gali Ward No.19,Development and Maintenance of Potholes-free roads and Covering of slab in open drain in Gopalmal to Balasagar bandh and near panda chamber gali Ward No.19,Works,Open Tender,Percentage,Civil Works - Others,No,No,NA ,09-Apr-2026 11:00 AM,NA ,90.0,No ,No,Online,20-Apr-2026 11:00 AM,Municipal Bodies||Sambalpur Municipal Corporation,SAMBALPUR MUNICIPAL CORPORATION,768006.0,1.0,"31,57,015",MOHAMMED ALI HUSSAIN,"3,157,011.57",Accepted-AOC,24-Jun-2026,Municipal Bodies||Sambalpur Municipal Corporation
2026_CERWI_128263_1,01/EE/RW/AND/2026-27,"Construction of Additional Classroom Building of Jagannath Higher Secondary School at Paramanandapur, Batto in the district of Keonjhar for the year 2025-26","Construction of Additional Classroom Building of Jagannath Higher Secondary School at Paramanandapur, Batto in the district of Keonjhar for the year 2025-26",Works,Open Tender,Percentage,Civil Works - Buildings,No,No,NA ,20-Apr-2026 11:00 AM,NA ,90.0,No ,No,Online,29-Apr-2026 11:30 AM,CE RW I||RWCIRCLE-KEONJHAR||RWDIVISION-ANANDAPUR,Salapada,758020.0,1.0,"16,40,794",ABHAYA KUMAR NAYAK,"1,640,794",Accepted-AOC,16-Jun-2026,CE RW I||RWCIRCLE-KEONJHAR||RWDIVISION-ANANDAPUR
2026_GWCDI_127870_1,GMWATCO-II/ 03/2026-27 Dt.06.04.2026,Improvement of Water Supply for laying of 100mm dia pipe line of Newly Developed area at Gada Mahavir under Ward No-58 and Including Protection Work at Kapileswar Pump House and Supplying and Installation of Air Blower Pump with Electric Motor,"Improvement of Chlorine Leak Absorption System at Bhuasuni Treatment Plant, Samantarapur, Old Town, BBSR. (Laying of Pipeline at Gada Mahavir)",Works,National Competitive Bid,Percentage,Civil Works - Water Works,No,No,NA ,09-Apr-2026 11:00 AM,NA ,120.0,No ,No,Online,24-Apr-2026 12:30 PM,WATCO Bhubaneswar||Director (Operation) Watco||GM WATCO DIVISION-II BBSR,"Samantarapur in Bhubaneswar,",751002.0,1.0,"21,78,000",Rakesh Kumar Jena,"1,633,797",Rejected-AOC,18-Jun-2026,WATCO Bhubaneswar||Director (Operation) Watco||GM WATCO DIVISION-II BBSR
2026_ORULB_124437_1,UKTM-MUN- 06/2025-26(7),Development of Nunia Dhodi Water Tank In Ward No-14,Civil Work,Works,Open Tender,Percentage,Civil Works - Water Works,No,No,NA ,12-Jan-2026 10:00 AM,NA ,60.0,No ,No,Online,28-Jan-2026 11:00 AM,Municipal Bodies||Umerkote Municipality,Umerkote Municipality,764073.0,1.0,,SUMITRA BEPARI,"969,921.77",Rejected-Technical,22-Jun-2026,Municipal Bodies||Umerkote Municipality
2026_CERWI_125710_1,Online-ANG-33/2025-26,Construction of road from Analakata RD Road to Ria Kumusi road for the yer 2025-26 in the distric of Dhenkanal,Construction of road from Analakata RD Road to Ria Kumusi road for the yer 2025-26 in the distric of Dhenkanal,Works,National Competitive Bid,Percentage,Civil Works - Roads,No,No,NA ,07-Feb-2026 12:40 PM,NA ,90.0,No ,No,Online,16-Feb-2026 05:30 PM,CE RW I||RWCIRCLE-ANGUL,Kamakhyanagar,759018.0,2.0,"3,18,11,280",MANO RANJAN PANI,"31,811,280",Rejected-AOC,18-Jun-2026,CE RW I||RWCIRCLE-ANGUL
2026_RMC_127686_3,MC/RMC/17./2026,Open space Development near sub station at timber colony Ward No. 24 under RMC Rourkela,Works,Works,Open Tender,Percentage,Civil Works - Others,No,No,NA ,30-Mar-2026 06:00 PM,NA ,90.0,No ,No,Online,15-Apr-2026 11:00 AM,Rourkela Municipal Corporation,Rourkela,769012.0,1.0,"12,73,000",ALOK KUMAR JENA,"1,272,636.61",Accepted-AOC,08-Jun-2026,Rourkela Municipal Corporation
2026_PRBCN_128753_7,Tender Online 01 Badachana of 2026-27,CONSTRUCTION OFOFFICE BUILDING WITH MARKET COMPLEX FOR GRAM PANCHAYAT LEVEL FEDERATIONS ( GPLF) Byree,CONSTRUCTION OF OFFICE FEDERATIONS BUILDING WITH MARKET COMPLEX FOR GRAM PANCHAYAT LEVEL FEDERATIONS ( GPLF) Byree,Works,Open Tender,Percentage,Civil Works - Buildings,No,No,NA ,06-May-2026 10:00 AM,NA ,90.0,No ,No,Online,21-May-2026 11:00 AM,Panchayati Raj and Drinking Water Department Odisha||Zilla Parisad Jajpur||BADCHANA Block,Badachana,754296.0,1.0,"22,37,502",RAMAKANTA KHUNTIA,"2,237,502.18",Rejected-Technical,12-Jun-2026,Panchayati Raj and Drinking Water Department Odisha||Zilla Parisad Jajpur||BADCHANA Block
2026_PRBCN_128753_12,Tender Online 01 Badachana of 2026-27,CONSTRUCTION OFOFFICE BUILDING WITH MARKET COMPLEX FOR GRAM PANCHAYAT LEVEL FEDERATIONS ( GPLF) Majhipada,CONSTRUCTION OFOFFICE BUILDING WITH MARKET COMPLEX FOR GRAM PANCHAYAT LEVEL FEDERATIONS ( GPLF) Majhipada,Works,Open Tender,Percentage,Civil Works - Buildings,No,No,NA ,06-May-2026 10:00 AM,NA ,90.0,No ,No,Online,21-May-2026 11:00 AM,Panchayati Raj and Drinking Water Department Odisha||Zilla Parisad Jajpur||BADCHANA Block,Badachana,754296.0,1.0,"22,33,710",RAJAT KUMAR BEHERA,"2,233,710.03",Rejected-Technical,12-Jun-2026,Panchayati Raj and Drinking Water Department Odisha||Zilla Parisad Jajpur||BADCHANA Block
2026_ORULB_126636_25,BMC-EE-Tender Cell-73/2025-26 Dt. 25.02.2026,Construction of internal road at Trinatha Nagar in Ward No 27,Construction of internal road at Trinatha Nagar in Ward No 27,Works,Open Tender,Percentage,Civil Works - Roads,No,No,NA ,28-Feb-2026 10:30 AM,05-Mar-2026 04:00 PM ,120.0,No ,No,Online,12-Mar-2026 11:00 AM,Municipal Bodies||Bhubaneswar Municipal Corporation,BMC AREA,751022.0,1.0,"21,01,031",PRATIVA TRADING AND CONSTRUCTION,"1,901,559",Rejected-Finance,20-Jun-2026,Municipal Bodies||Bhubaneswar Municipal Corporation
2026_PGDDK_129458_1,EEPDD-02(01)/2026-27,"Deployment of one light Commercial Vehicle (Bolero/TUV-300 / SUMO Gold/ Ertiga) on hire basis to be engaged for official use of the Additional Chief Engineer, UIDC, Khatiguda for one year/12 calendar months.","Deployment of one light Commercial Vehicle (Bolero/TUV-300 / SUMO Gold/ Ertiga) on hire basis to be engaged for official use of the Additional Chief Engineer, UIDC, Khatiguda for one year/12 calendar months.",Services,Open Tender,Item Rate,Miscellaneous Services,No,No,NA ,19-May-2026 11:00 AM,NA ,90.0,No ,No,Online,29-May-2026 10:00 AM,CE AND BM IK BASIN BARINIPUT JEYPORE||Upper Indravati Dam Circle Khatiguda||Podgada Dam Division Khatiguda,KHATIGUDA,764085.0,1.0,"4,46,400",BRUNDABAN BHARATI,"297,600",Accepted-AOC,01-Jun-2026,CE AND BM IK BASIN BARINIPUT JEYPORE||Upper Indravati Dam Circle Khatiguda||Podgada Dam Division Khatiguda
2026_CERWI_128042_1,RW ELEC BAM 01 of 2026 27,External and Internal Electrification along with LAN Connection Fire Safety alarm Installation of Transformer and D.G.Set at Newly Constructed JMFC Court Building at Jharigam in the District of Nabarangapur,External and Internal Electrification along with LAN Connection Fire Safety alarm Installation of Transformer and D.G.Set at Newly Constructed JMFC Court Building at Jharigam in the District of Nabarangapur,Works,National Competitive Bid,Percentage,Civil Works - Buildings,No,No,NA ,13-Apr-2026 11:00 AM,NA ,120.0,No ,No,Online,23-Apr-2026 09:00 AM,CE RW I||RW Electrical Circle Bhubaneswar||RW Electrical Division Berhampur,Nabarangapur,760011.0,1.0,"22,90,878",LENKA PRASAD,"2,222,151.25",Accepted-AOC,01-Jun-2026,CE RW I||RW Electrical Circle Bhubaneswar||RW Electrical Division Berhampur
2026_ORULB_125854_70,04/VNM/2025-26,Completion of Kahnadahata Primary school boundary and class room and Construction of new class room in ward no-26,Completion of Kahnadahata Primary school boundary and class room and Construction of new class room in ward no-26,Works,Open Tender,Percentage,Civil Works - Buildings,No,No,NA ,12-Feb-2026 11:00 AM,NA ,45.0,No ,No,Online,02-Mar-2026 11:00 AM,Municipal Bodies||Vyasanagar Municipality,vyasanagar municipality,755019.0,1.0,"6,35,626",DIPENDRA KUMAR JENA,"533,162.25",Accepted-AOC,12-Jun-2026,Municipal Bodies||Vyasanagar Municipality
2026_ORULB_128122_16,03/SMC_SBP/2026-27,"Const of paver road from infront of D Meher house, Ambira Nagar ward no-28, under SMC, Sambalpur","Const of paver road from infront of D Meher house, Ambira Nagar ward no-28, under SMC, Sambalpur",Works,Open Tender,Percentage,Civil Works - Others,No,No,NA ,18-Apr-2026 11:00 AM,NA ,120.0,No ,No,Online,28-Apr-2026 11:00 AM,Municipal Bodies||Sambalpur Municipal Corporation,SAMBALPUR MUNICIPAL CORPORATION,768004.0,1.0,"12,69,793",NARAYAN BAGH,"1,269,792.56",Rejected-Technical,06-Jun-2026,Municipal Bodies||Sambalpur Municipal Corporation
2026_EICCL_125681_1,C.E. (B) - 47 / 2025-26,"Construction of New Academic Building (G plus 1) at Rajdhani College, Bhubaneswar.","Construction of New Academic Building (G plus 1) at Rajdhani College, Bhubaneswar.",Works,Open Tender,Percentage,Civil Works - Buildings,No,No,NA ,06-Feb-2026 05:00 PM,NA ,90.0,No ,No,Online,23-Feb-2026 11:30 AM,EIC-CIVIL,BHUBANESWAR,751003.0,2.0,"13,69,71,383",KAILASH CHANDRA LENKA,"107,426,656",Rejected-Finance,20-Jun-2026,EIC-CIVIL
2026_PZPRC_124212_1,2026_Chandrapur_GSSK_01,Construction of GPLF Building at Dangasorda at Chandrapur Block,Construction of GPLF Building at Dangasorda Chandrapur Block,Works,Open Tender,Percentage,Civil Works - Buildings,No,No,As per DTCN ,08-Jan-2026 11:00 AM,NA ,150.0,No ,No,Online,28-Jan-2026 11:00 AM,Panchayati Raj and Drinking Water Department Odisha||Zilla Parisad Rayagada||CHANDRAPUR,Dangasorda,765020.0,1.0,"21,21,215",RAMA CHANDRA BREDEKA,"1,781,821",Rejected-AOC,04-May-2026,Panchayati Raj and Drinking Water Department Odisha||Zilla Parisad Rayagada||CHANDRAPUR
2026_ORULB_124262_11,CMC)CTC_Div-IIINo.35/25-26,Beautification of Trangular place in front of Cuttack College at Bidyadharpur in W.No-55,Beautification of Trangular place in front of Cuttack College at Bidyadharpur in W.No-55,Works,Open Tender,Percentage,Civil Works - Others,No,No,NA ,27-Feb-2026 02:00 PM,NA ,105.0,No ,No,Online,18-Mar-2026 10:00 AM,Municipal Bodies||Cuttack Municipal Corporation,CMC,753012.0,1.0,"12,60,407",Ganesh Chandra Swain,"1,260,435.71",Accepted-AOC,18-Jun-2026,Municipal Bodies||Cuttack Municipal Corporation
2026_EICCL_124538_1,CCE DKL R and B/14-2025-26,Construction of 2 Nos. of C-Type Qrs. (Duplex) for Judicial Officers at Hindol,Construction of 2 Nos. of C-Type Qrs. (Duplex) for Judicial Officers at Hindol,Works,Open Tender,Percentage,Civil Works - Buildings,No,No,NA ,13-Jan-2026 05:30 PM,NA ,90.0,No ,No,Online,28-Jan-2026 11:00 AM,EIC-CIVIL||SERNB-CIRCLE-DHENKANAL,Dhenkanal,759001.0,2.0,"2,98,80,941",RAHUL JENA,"22,906,729",Rejected-Finance,23-Jun-2026,EIC-CIVIL||SERNB-CIRCLE-DHENKANAL
2026_ORULB_127914_2,BM-BDK-02-2026-27,Repair of Pot Holes and Construction of Rcc Slab in ward no-02,Repair of Pot Holes and Construction of Rcc Slab in ward no-02,Works,Open Tender,Percentage,Civil Works - Others,No,No,NA ,07-Apr-2026 01:00 PM,NA ,90.0,No ,No,Online,17-Apr-2026 11:00 AM,Municipal Bodies||Bhadrak Municipality,Bhadrak Municipality,756100.0,1.0,"6,06,868",Satrughna Dhada,"466,681",Rejected-Technical,11-Jun-2026,Municipal Bodies||Bhadrak Municipality
2026_CERWI_125669_3,SERWDGH-Online-11 of 2025-26,"Repair of Govt Ayurvedic Dispensary,Laimura for the year 2025-26 in the district of Deogarh.",Building,Works,Open Tender,Percentage,Civil Works - Buildings,No,No,NA ,06-Feb-2026 05:00 PM,NA ,90.0,No ,No,Online,13-Feb-2026 11:00 AM,CE RW I||RWCIRCLE-SAMBALPUR||RWDIVISION-DEOGARH,Deogarh,768119.0,1.0,"4,23,722",SUBRATA SAHU,"286,012",Rejected-AOC,21-Jun-2026,CE RW I||RWCIRCLE-SAMBALPUR||RWDIVISION-DEOGARH
2026_ORULB_124590_50,BBLM-6/2025-26,Repair of different parks of Barbil Municipality,Repair of different parks of Barbil Municipality,Works,Open Tender,Percentage,Civil Works - Others,No,No,NA ,20-Jan-2026 10:00 AM,NA ,90.0,No ,No,Online,04-Feb-2026 11:00 AM,Municipal Bodies||Barbil Municipality,Barbil,758035.0,2.0,"25,00,000",AMIYA PRAKASH BEJ,"2,621,955",Accepted-AOC,12-Jun-2026,Municipal Bodies||Barbil Municipality
2026_EICCL_124443_1,SERANDB PURI-53/2025-26,Construction of SDVO Building at Puri for 2025-26,Construction of SDVO Building at Puri for 2025-26,Works,National Competitive Bid,Percentage,Civil Works - Buildings,No,No,NA ,12-Jan-2026 10:00 AM,NA ,90.0,No ,No,Online,22-Jan-2026 11:00 AM,EIC-CIVIL||SERNB-CIRCLE-KHURDA||EERNB-DIVN-PURI,Puri,752001.0,1.0,"45,80,321",BISWAJITA RAY,"3,312,488",Rejected-AOC,03-Jun-2026,EIC-CIVIL||SERNB-CIRCLE-KHURDA||EERNB-DIVN-PURI
2026_ORULB_125204_19,BSP_2026-27_03,Construction of RCC drain with paver work infront of Basudevpur Municipality Office of W.No-11,Construction of RCC drain with paver work infront of Basudevpur Municipality Office of W.No-11,Works,Open Tender,Percentage,Civil Works - Others,No,No,NA ,01-Feb-2026 10:00 AM,NA ,90.0,No ,No,Online,11-Feb-2026 11:00 AM,Municipal Bodies||Basudevpur Municipality,Basudevpur Municipality,756125.0,1.0,"11,91,620",Bijay Kumar Nayak,"1,026,462",Accepted-AOC,11-Jun-2026,Municipal Bodies||Basudevpur Municipality
2026_STSCD_127876_3,BidIdentificationNo-01/2026-27,"Construction of Dormitory / Waiting Hall at EMRS, Bahalda under Bahalda Block.","Construction of Dormitory / Waiting Hall at EMRS, Bahalda under Bahalda Block.",Works,Open Tender,Percentage,Civil Works - Buildings,No,No,NA ,07-Apr-2026 11:00 AM,NA ,90.0,No ,No,Online,22-Apr-2026 11:00 AM,ST and SC Development Deptt||ITDA Rairangpur,EMRS Bahalda,757046.0,1.0,"25,23,802",SARBESWAR MOHANTA,"2,511,182.99",Rejected-AOC,26-Jun-2026,ST and SC Development Deptt||ITDA Rairangpur
2026_ORULB_124509_1,BMC-EE-Tender Cell-62/2025-26 Dt. 12.01.2026,Improvement of road from Sampark Vihar Community Welfare Society up to Shiva Temple at Sampark Vihar Lane- 2 in Ward No. 1,Improvement of road from Sampark Vihar Community Welfare Society up to Shiva Temple at Sampark Vihar Lane- 2 in Ward No. 1,Works,Open Tender,Percentage,Civil Works - Roads,No,No,NA ,15-Jan-2026 10:30 AM,19-Jan-2026 04:30 PM ,120.0,No ,No,Online,27-Jan-2026 04:00 PM,Municipal Bodies||Bhubaneswar Municipal Corporation,BMC AREA,751022.0,1.0,"4,42,352",SUNIL KUMAR BEHERA,"545,465",Rejected-Finance,04-Jun-2026,Municipal Bodies||Bhubaneswar Municipal Corporation
2026_CERWI_124966_2,Tender Online Divn.NPR-14/2025-26,Periodical Maintenance of Kendrapati Pipili Astaranga Road for the year 2025-26,Road Work,Works,National Competitive Bid,Percentage,Civil Works - Roads,No,No,NA ,22-Jan-2026 11:30 AM,NA ,90.0,No ,No,Online,30-Jan-2026 11:00 AM,CE RW I||RWCIRCLE-BHUBANESWAR||RWDIVISION-NIMAPADA,Nimapara,752106.0,1.0,"23,68,000",SAGAR CHANDRA NAYAK,"2,367,850.84",Rejected-Finance,05-Mar-2026,CE RW I||RWCIRCLE-BHUBANESWAR||RWDIVISION-NIMAPADA
2026_PRBDN_127333_4,DSB-03/2025-26,CONSTRUCTION OF GPLF BUILDING WITH MARKET COMPLEX AT MANIPUR,CONSTRUCTION OF GPLF BUILDING WITH MARKET COMPLEX,Works,Open Tender,Percentage,Civil Works - Buildings,No,No,NA ,17-Mar-2026 10:00 AM,NA ,120.0,No ,No,Online,31-Mar-2026 11:00 AM,Panchayati Raj and Drinking Water Department Odisha||Zilla Parisad Dhenkanal||DHENKANAL (SADAR) Block,"Sadar Block,Dhenkanal",759001.0,1.0,"25,06,982",Manoranjan Behera,"2,506,982.542",Rejected-AOC,05-Jun-2026,Panchayati Raj and Drinking Water Department Odisha||Zilla Parisad Dhenkanal||DHENKANAL (SADAR) Block
2026_EICCL_127903_1,S.E. (R and B) - 32/2025-26/NGP,Const. of Under Ground Reservoir Cum Pump House Inside the Premises of New 30 Bedded CHC Dabugam in the Dist. of Nabarangpur (Building),Civil Work,Works,Open Tender,Percentage,Civil Works - Buildings,No,No,NA ,07-Apr-2026 12:00 PM,NA ,90.0,No ,No,Online,16-Apr-2026 11:00 AM,EIC-CIVIL||SERNB-CIRCLE-JEYPORE||EERNB Division Nabarangpur,Dabugam,764072.0,1.0,"38,61,552",NILAMADHAB NAIK,"3,475,783",Rejected-Finance,12-Jun-2026,EIC-CIVIL||SERNB-CIRCLE-JEYPORE||EERNB Division Nabarangpur
2026_ORULB_128804_1,08/SMC_SBP/2026-27,"Construction of paver road and drain from kailash shukla house to birendra choubey house at krishna nagar, ward no.14.","Construction of paver road and drain from kailash shukla house to birendra choubey house at krishna nagar, ward no.14.",Works,Open Tender,Percentage,Civil Works - Others,No,No,NA ,08-May-2026 11:00 AM,NA ,120.0,No ,No,Online,19-May-2026 11:00 AM,Municipal Bodies||Sambalpur Municipal Corporation,SAMBALPUR MUNICIPAL CORPORATION,768006.0,1.0,"16,96,094",SWASTIK KHUNTIA,"1,691,156",Rejected-Technical,30-Jun-2026,Municipal Bodies||Sambalpur Municipal Corporation
2026_PRBDO_127479_4,04/2025-26/DGN,"CONSTRUCTION OF OFFICE BUILDING WITH MARKET COMPLEX FOR GRAM PANCHAYAT LEVEL FEDERATIONS AT SINGHAMUNDA GP, UNDER DEOGAON BLOCK","CONSTRUCTION OF OFFICE BUILDING WITH MARKET COMPLEX FOR GRAM PANCHAYAT LEVEL FEDERATIONS AT SINGHAMUNDA GP, UNDER DEOGAON BLOCK",Works,Open Tender,Percentage,Civil Works - Buildings,No,No,NA ,23-Mar-2026 10:00 AM,NA ,90.0,No ,No,Online,09-Apr-2026 11:00 AM,Panchayati Raj and Drinking Water Department Odisha||Zilla Parisad Balangir||DEOGAON Block,DEOGAON,767029.0,2.0,"23,08,085",DEEPAK BEHERA,"2,305,777",Accepted-AOC,20-Jun-2026,Panchayati Raj and Drinking Water Department Odisha||Zilla Parisad Balangir||DEOGAON Block
2026_ORULB_125887_71,SOROM_07_2025-26,Construction of Almunium sheet Roof at Sunni Kabarstan in Ward No.-06,Construction Work,Works,Open Tender,Percentage,Civil Works - Others,No,No,NA ,18-Feb-2026 10:00 AM,NA ,120.0,No ,No,Online,26-Feb-2026 10:00 AM,Municipal Bodies||Soro Municipality,"Soro Municipality, Soro",756045.0,1.0,"3,81,346",NIKHAT JAHAN,"381,346.47",Accepted-AOC,04-Jun-2026,Municipal Bodies||Soro Municipality
2026_CERWI_125202_1,Online Tender17/SERW Division Boudh 2025-26,Construction of RI Office Cum Residence Building at Dhalapur for the year 2024-25,Construction of RI Office Cum Residence Building at Dhalapur for the year 2024-25,Works,Open Tender,Percentage,Civil Works - Buildings,No,No,NA ,30-Jan-2026 03:00 PM,NA ,90.0,No ,No,Online,11-Feb-2026 11:00 AM,CE RW I||RWCIRCLE-BERHAMPUR||RWDIVISION-BOUDH,O/o SERWDivision Boudh,762014.0,2.0,"61,15,298",BISWAJIT DEHURY,"6,109,183",Rejected-Finance,04-Jun-2026,CE RW I||RWCIRCLE-BERHAMPUR||RWDIVISION-BOUDH
2026_ORULB_126552_18,06/PKDM-2025-26,"Construction of Cover plate over drain and repair of road at Om Shanti Colony-3 area, Ward No.1",Construction of Cover plate over drain and repair of road work,Works,Open Tender,Percentage,Civil Works - Others,No,No,NA ,27-Feb-2026 10:00 AM,NA ,90.0,No ,No,Online,13-Mar-2026 11:00 AM,Municipal Bodies||Parlakhemundi Municipal Council,Paralakhemundi Municipality,761200.0,1.0,"7,51,565",M/S SIMANCHAL LIMA,"744,050",Accepted-AOC,08-Jun-2026,Municipal Bodies||Parlakhemundi Municipal Council
2026_ORULB_127216_1,41/SMC_SBP/2025-26,"Construction of road and drain at Chandi Poddar house to Mukesh Agrawal house, Poddar Colony,Gali no.3, Khetrajpur, ward no.14.","Construction of road and drain at Chandi Poddar house to Mukesh Agrawal house, Poddar Colony,Gali no.3, Khetrajpur, ward no.14.",Works,Open Tender,Percentage,Civil Works - Others,No,No,NA ,14-Mar-2026 11:00 AM,NA ,120.0,No ,No,Online,24-Mar-2026 11:00 AM,Municipal Bodies||Sambalpur Municipal Corporation,SAMBALPUR MUNICIPAL CORPORATION,768006.0,1.0,"17,00,147",GANESH KUMAR AGRAWAL,"1,700,147",Accepted-AOC,06-Jun-2026,Municipal Bodies||Sambalpur Municipal Corporation
2026_ORULB_126552_30,06/PKDM-2025-26,"Construction of Cover plate over drain and repair of road at Bhavani Talkies Street, Kampo Street, Ward No.13",Construction of Cover plate over drain and repair of road work,Works,Open Tender,Percentage,Civil Works - Others,No,No,NA ,27-Feb-2026 10:00 AM,NA ,90.0,No ,No,Online,13-Mar-2026 11:00 AM,Municipal Bodies||Parlakhemundi Municipal Council,Paralakhemundi Municipality,761200.0,1.0,"1,52,666",SANOJ KUMAR ADHIKARI,"152,651",Accepted-AOC,08-Jun-2026,Municipal Bodies||Parlakhemundi Municipal Council
2026_ORULB_126552_24,06/PKDM-2025-26,"Construction of Cover plate over drain and repair of road at Keuta St, Rekhana St. to Keuta St., Rekhana St., Sai Mandir road, Gunubari St. Tulasi Nagar, Nagarampali Street area, Kachara St. goli, Kumbhar St., Basant Bihar-1,2, Ward No.7",Construction of Cover plate over drain and repair of road work,Works,Open Tender,Percentage,Civil Works - Others,No,No,NA ,27-Feb-2026 10:00 AM,NA ,90.0,No ,No,Online,13-Mar-2026 11:00 AM,Municipal Bodies||Parlakhemundi Municipal Council,Paralakhemundi Municipality,761200.0,1.0,"2,51,867",CHITTARANJAN DASH,"251,615",Accepted-AOC,08-Jun-2026,Municipal Bodies||Parlakhemundi Municipal Council
2026_ORULB_127314_6,43/SMC_SBP/2025-26,"Construction of Paver biock road from Prasanta Sahu house to Mohapatra house at Pradhanpada, Ward No-27 under SMC, Sambalpur.","Construction of Paver biock road from Prasanta Sahu house to Mohapatra house at Pradhanpada, Ward No-27 under SMC, Sambalpur.",Works,Open Tender,Percentage,Civil Works - Others,No,No,NA ,17-Mar-2026 04:00 PM,NA ,120.0,No ,No,Online,30-Mar-2026 11:00 AM,Municipal Bodies||Sambalpur Municipal Corporation,SAMBALPUR MUNICIPAL CORPORATION,768006.0,1.0,"21,19,238",S T INFRA,"2,119,238",Rejected-Technical,08-Jun-2026,Municipal Bodies||Sambalpur Municipal Corporation
2026_ORULB_126616_27,MC(CMC)CTC_Div-IIiNo39/2025-26,construction of C.C Road from Sai Residency Phase-2 gate to Immamnagar Chasa sahi Existing CC Road in Ward no-49,construction of C.C Road from Sai Residency Phase-2 gate to Immamnagar Chasa sahi Existing CC Road in Ward no-49,Works,Open Tender,Percentage,Civil Works - Others,No,No,NA ,30-Mar-2026 11:00 AM,NA ,105.0,No ,No,Online,17-Apr-2026 10:00 AM,Municipal Bodies||Cuttack Municipal Corporation,CMC,753012.0,1.0,"12,60,137",BINAY PRASAD MOHAPATRA,"1,266,137",Rejected-AOC,24-Jun-2026,Municipal Bodies||Cuttack Municipal Corporation
2026_RMC_127909_1,MC/RMC/24/2026,Lighting Arrangement at Power House Road Parking under RMC Rourkela,Electrical,Works,Open Tender,Percentage,Electrical Works,No,No,NA ,07-Apr-2026 06:00 PM,NA ,90.0,No ,No,Online,27-Apr-2026 11:00 AM,Rourkela Municipal Corporation,Rourkela,769012.0,1.0,"24,74,000",GOLAP KESHARI CHAINI,"2,473,629.08",Rejected-Technical,20-Jun-2026,Rourkela Municipal Corporation
2026_ORULB_125204_4,BSP_2026-27_03,Open space devlopment near Nabagraha temple in ward no.08,Open space devlopment near Nabagraha temple in ward no.08,Works,Open Tender,Percentage,Civil Works - Others,No,No,NA ,01-Feb-2026 10:00 AM,NA ,90.0,No ,No,Online,11-Feb-2026 11:00 AM,Municipal Bodies||Basudevpur Municipality,Basudevpur Municipality,756125.0,1.0,"7,42,596",Pitambar Mandal,"727,386",Accepted-AOC,10-Jun-2026,Municipal Bodies||Basudevpur Municipality
2026_ECCHA_126597_7,"e-Procurement Notice No.ACE, EC-II 11 of 2025-26","ACE, EC-II JKID 42 of 2025-26 Scoured Bank Protection to Kelua Left Embankment near village Nalakula on Rahapada Mohanpur OAE.",Embankment protection,Works,National Competitive Bid,Percentage,Civil Works - Others,No,No,NA ,25-Feb-2026 11:00 AM,NA ,90.0,No ,No,Online,12-Mar-2026 11:30 AM,CE AND BM MBBS CHANDIKOLE||EASTERN CIRCLE II CHANDIKOLE,Jaraka,755050.0,2.0,"2,47,75,948",ABHISEK BEHURA,"21,059,556",Rejected-Finance,21-Jun-2026,CE AND BM MBBS CHANDIKOLE||EASTERN CIRCLE II CHANDIKOLE
2026_ORULB_124105_4,BMC-EE-Tender Cell-59/2025-26 Dt. 30.12.2025,Construction of Community Center at Kolathia HB Ph-1 extension in Ward No. 49,Construction of Community Center at Kolathia HB Ph-1 extension in Ward No. 49,Works,Open Tender,Percentage,Civil Works - Others,No,No,NA ,03-Jan-2026 10:30 AM,09-Jan-2026 04:00 PM ,120.0,No ,No,Online,16-Jan-2026 11:00 AM,Municipal Bodies||Bhubaneswar Municipal Corporation,BMC AREA,751022.0,1.0,"28,91,314",ANJAN KUMAR DAS,"2,900,329",Rejected-Finance,04-Jun-2026,Municipal Bodies||Bhubaneswar Municipal Corporation
2026_CERWI_125613_1,OnlineTender/26/SERWDG-I/25-26,SR to Khajapalli - Satanalla Road,SR to Khajapalli - Satanalla Road,Works,National Competitive Bid,Percentage,Civil Works - Roads,No,No,NA ,06-Feb-2026 05:00 PM,NA ,90.0,No ,No,Online,19-Feb-2026 11:00 AM,CE RW I||RWCIRCLE-BERHAMPUR||RWDIVISION-GANJAM - I,Berhampur,760010.0,1.0,"8,40,000",Babula Sethy,"671,738",Rejected-AOC,04-Jun-2026,CE RW I||RWCIRCLE-BERHAMPUR||RWDIVISION-GANJAM - I
2026_ORULB_128122_1,03/SMC_SBP/2026-27,"Construction of Road and Drain from Sindhi Dharmasala to Seva Nurshing Home, ward no-26., under SMC SAMBALPUR","Construction of Road and Drain from Sindhi Dharmasala to Seva Nurshing Home, ward no-26., under SMC SAMBALPUR",Works,Open Tender,Percentage,Civil Works - Others,No,No,NA ,18-Apr-2026 11:00 AM,NA ,120.0,No ,No,Online,28-Apr-2026 11:00 AM,Municipal Bodies||Sambalpur Municipal Corporation,SAMBALPUR MUNICIPAL CORPORATION,768004.0,1.0,"25,40,611",SAHIL KUMAR RAY,"2,540,611.21",Rejected-Technical,16-Jun-2026,Municipal Bodies||Sambalpur Municipal Corporation
2026_IDCO_126618_2,PC/EST/41/2025-26,"SITC of 33/0.433kV, 2x1250kVA Sub-station for Power Supply to M/s RIR Power at Flatted Factory, EMC Park, Janla, Khordha","SITC of 33/0.433kV, 2x1250kVA Sub-station for Power Supply to M/s RIR Power at Flatted Factory, EMC Park, Janla, Khordha",Works,National Competitive Bid,Percentage,Electrical Works,No,No,NA ,27-Feb-2026 05:00 PM,NA ,180.0,No ,No,Online,17-Mar-2026 11:30 AM,IDCO||IDCO||IDCO,"EMC Park, Janla, Khordha",752054.0,2.0,"1,32,65,490",Sarada Systems Pvt. Ltd.,"10,280,754.97",Rejected-AOC,05-Jun-2026,IDCO||IDCO||IDCO
2026_EICCL_127497_2,Bid Identification No-SE-R AND B-SNG-35 OF 2025-26,"S/R to Govt. College Sundargarh such as fixing of Tile, replacing Door and Window , Construction of shelve for Museum Room under RUSA fund for the year 2025.26","S/R to Govt. College Sundargarh such as fixing of Tile, replacing Door and Window , Construction of shelve for Museum Room under RUSA fund for the year 2025.26",Works,Open Tender,Percentage,Civil Works - Buildings,No,No,NA ,25-Mar-2026 10:00 AM,NA ,90.0,No ,No,Online,07-Apr-2026 11:00 AM,EIC-CIVIL||SERNB-CIRCLE-KEONJHAR||EERNB-DIVN-SUNDERGARH,Sundargarh,770001.0,1.0,"14,92,900",SHRABAN KUMAR SAHOO,"1,491,316.77",Rejected-Technical,23-Jun-2026,EIC-CIVIL||SERNB-CIRCLE-KEONJHAR||EERNB-DIVN-SUNDERGARH
2026_ORULB_126552_9,06/PKDM-2025-26,"Construction of road with cover plate at back side of Sakiliramudu Street and New Kampo Street 2, Ward No.10",Pothole and cover plate work,Works,Open Tender,Percentage,Civil Works - Others,No,No,NA ,27-Feb-2026 10:00 AM,NA ,90.0,No ,No,Online,13-Mar-2026 11:00 AM,Municipal Bodies||Parlakhemundi Municipal Council,Paralakhemundi Municipality,761200.0,1.0,"2,88,505",SHRIRAM UTTAM,"288,505",Rejected-AOC,08-Jun-2026,Municipal Bodies||Parlakhemundi Municipal Council
2026_PRKMN_129415_1,E-Procurement Notice No.(PSKMN)01/2026-27vide letter no 3039dt.14/5/2026,Construction of AddI. Class Room at Govt. PS Godbhata of Sunabeda GP,Construction of AddI. Class Room at Govt. PS Godbhata of Sunabeda GP,Works,Open Tender,Percentage,Civil Works - Buildings,No,No,NA ,20-May-2026 10:00 AM,NA ,90.0,No ,No,Online,04-Jun-2026 11:00 AM,Panchayati Raj and Drinking Water Department Odisha||Zilla Parisad Nuapada||KOMNA Block,Komna,766106.0,1.0,"14,76,004",DINESH SAHU,"1,473,051",Accepted-AOC,29-Jun-2026,Panchayati Raj and Drinking Water Department Odisha||Zilla Parisad Nuapada||KOMNA Block
2026_ORULB_126831_1,BSP_2026-27_05,Repair of approach road at Aahara kendra Basudevpur,Repair of approach road at Aahara kendra Basudevpur,Works,Open Tender,Percentage,Civil Works - Roads,No,No,NA ,06-Mar-2026 10:00 AM,NA ,90.0,No ,No,Online,16-Mar-2026 11:00 AM,Municipal Bodies||Basudevpur Municipality,Basudevpur Municipality,756125.0,1.0,"1,42,960",Lipak Kumar Muduli,"123,146",Rejected-AOC,10-Jun-2026,Municipal Bodies||Basudevpur Municipality
2026_CERWI_127054_1,Online Tender/61-2025-26/BPR,OD/PLB/02/2025-26,Periodical maintenance of 5 years completed PMGSY roads- (i) L053-Raikia to Masurmaha road (OR-25-296B) (ii) L037-Kelapada to Koilari (OR-25-165) (iii) L054-Sudrukumpa to Mudikola (OR-25-141),Works,National Competitive Bid,Percentage,Civil Works - Roads,No,No,NA ,09-Mar-2026 10:00 AM,NA ,90.0,No ,No,Online,24-Mar-2026 11:00 AM,CE RW I||RWCIRCLE-BERHAMPUR,Phulbani,760011.0,2.0,"2,31,44,359",Sandeep Panigrahi,"19,533,839",Rejected-AOC,19-Jun-2026,CE RW I||RWCIRCLE-BERHAMPUR
2026_ORULB_126653_9,PIPILI-NAC-6(17)/2025-26,Construction of Paver Block road near Shensha Club in Ward No 03,Construction of Paver Block road near Shensha Club in Ward No 03,Works,Open Tender,Percentage,Civil Works - Roads,No,No,NA ,11-Mar-2026 12:00 PM,NA ,120.0,No ,No,Online,20-Mar-2026 11:00 AM,Municipal Bodies||Pipli NAC,Pipli NAC,752104.0,1.0,"4,00,000",M/S MUSKAN CONSTRUCTION,"335,613.58",Rejected-AOC,08-Jun-2026,Municipal Bodies||Pipli NAC
2026_WPURI_128209_1,GMWATCOPURI/01-01/2026-27,Supply of 500ml water bottle for the devotees of Car Festival-2026 ( Part-I),Supply of 500ml water bottle for the devotees of Car Festival-2026 ( Part-I),Works,National Competitive Bid,Percentage,Civil Works - Water Works,No,No,NA ,21-Apr-2026 11:00 AM,NA ,120.0,No ,No,Online,02-May-2026 12:30 PM,WATCO Bhubaneswar||Director (Operation) Watco||WATCO Division Puri,Puri,752002.0,1.0,"14,40,000",PREMIUM INDUSTRIES,"969,984",Rejected-Finance,18-Jun-2026,WATCO Bhubaneswar||Director (Operation) Watco||WATCO Division Puri
2026_ORULB_127784_2,EOCHAMPUANAC-NO-66/2025-26,Construction of Guard wall with canel near Kalyan Mandap in Ward No-09,Construction of Guard wall with canel near Kalyan Mandap in Ward No-09,Works,Open Tender,Percentage,Civil Works - Others,No,No,NA ,02-Apr-2026 02:00 PM,NA ,120.0,No ,No,Online,17-Apr-2026 09:30 AM,Municipal Bodies||Champua NAC,CHAMPUA,758041.0,1.0,"42,02,176",SHYAM NARAYAN SAHOO,"3,352,495.72",Rejected-AOC,20-Jun-2026,Municipal Bodies||Champua NAC
2026_ORULB_127834_11,1/SMC_SBP/2026-27,Construction of paver block road and drain from G.K Nanda house to A.K Dash road in ward no 29 under SMC Sambalpur,Construction of paver block road and drain from G.K Nanda house to A.K Dash road in ward no 29 under SMC Sambalpur,Works,Open Tender,Percentage,Civil Works - Others,No,No,NA ,09-Apr-2026 11:00 AM,NA ,90.0,No ,No,Online,20-Apr-2026 11:00 AM,Municipal Bodies||Sambalpur Municipal Corporation,SAMBALPUR MUNICIPAL CORPORATION,768006.0,1.0,"10,58,303",ABDUL AZIZ ANSARY,"1,058,302.93",Rejected-Technical,30-Jun-2026,Municipal Bodies||Sambalpur Municipal Corporation
2026_OLIC_124367_32,Bid Id No. 08/Dt. 07.01.2026,INSTALLATION AND ENERGISATION OF VEDA SALIPUR-III TW LI PROJECT,INSTALLATION AND ENERGISATION OF VEDA SALIPUR-III TW LI PROJECT,Works,Open Tender,Percentage,Civil Works - Lift Irrigation Schemes,No,No,NA ,12-Jan-2026 10:00 AM,NA ,365.0,No ,No,Online,28-Jan-2026 10:00 AM,"Orissa Lift Irrigation Corporation||LI,Central Circle, Cuttack||LI Division Cuttack",MAHANGA BLOCK,754001.0,1.0,"18,99,975",M/S. MAA LAXMI ELECTRICALS,"1,899,975",Rejected-Technical,11-Jun-2026,"Orissa Lift Irrigation Corporation||LI,Central Circle, Cuttack||LI Division Cuttack"
2026_ORULB_126616_8,MC(CMC)CTC_Div-IIiNo39/2025-26,Open space development and its surroundings over the Triangular place near Jogeswar temple in Ward No.43.,Open space development and its surroundings over the Triangular place near Jogeswar temple in Ward No.43.,Works,Open Tender,Percentage,Civil Works - Others,No,No,NA ,30-Mar-2026 11:00 AM,NA ,105.0,No ,No,Online,17-Apr-2026 10:00 AM,Municipal Bodies||Cuttack Municipal Corporation,CMC,753012.0,1.0,"16,80,368",CHANDRA SEKHAR SAHOO,"1,680,368",Rejected-AOC,22-Jun-2026,Municipal Bodies||Cuttack Municipal Corporation
2026_CERWI_124941_32,14Online)/RWD/BPD/2025-26,S/R to L049 R.D.Road to Tilagadia Road,S/R to L049 R.D.Road to Tilagadia Road,Works,Open Tender,Percentage,Civil Works - Roads,No,No,NA ,22-Jan-2026 03:00 PM,NA ,90.0,No ,No,Online,03-Feb-2026 05:30 PM,CE RW I||RWCIRCLE-BARIPADA||RW Division Baripada,"Baripada, Mayurbhanj",757002.0,1.0,"24,37,000",TANMAYEE DASH,"2,434,537",Rejected-AOC,28-Apr-2026,CE RW I||RWCIRCLE-BARIPADA||RW Division Baripada
2026_ORULB_126552_8,06/PKDM-2025-26,"Development of open space at Rekhana Sahi Chakka, Ward No.8",Development of open space,Works,Open Tender,Percentage,Civil Works - Others,No,No,NA ,27-Feb-2026 10:00 AM,NA ,90.0,No ,No,Online,13-Mar-2026 11:00 AM,Municipal Bodies||Parlakhemundi Municipal Council,Paralakhemundi Municipality,761200.0,1.0,"2,64,221",SASMITA KUMARI DAS,"264,195",Accepted-AOC,08-Jun-2026,Municipal Bodies||Parlakhemundi Municipal Council
2026_ORULB_127334_2,RGDA-MUN-09/2025-26,Beautification of Gandhi Park Rayagada Municipality,Beautification of Gandhi Park Rayagada Municipality,Works,Open Tender,Percentage,Civil Works - Others,No,No,NA ,16-Mar-2026 06:40 PM,NA ,90.0,No ,No,Online,31-Mar-2026 11:30 AM,Municipal Bodies||Rayagada Municipality,RAYAGADA MUNICIPALITY,765001.0,2.0,"81,67,202",BASUDEB DAS,"8,159,035",Accepted-AOC,06-Jun-2026,Municipal Bodies||Rayagada Municipality
2026_ORULB_125862_1,33/SMC_SBP/2025-26,"Rejuvenation of Gaon Bandha, Baijamunda (Right )","Rejuvenation of Gaon Bandha, Baijamunda (Right )",Works,National Competitive Bid,Percentage,Civil Works - Others,No,No,NA ,13-Feb-2026 11:00 AM,NA ,120.0,No ,No,Online,06-Mar-2026 11:00 AM,Municipal Bodies||Sambalpur Municipal Corporation,SAMBALPUR MUNICIPAL CORPORATION,768006.0,2.0,"1,26,04,075",RAJAT KUMAR KAR,"12,604,075",Rejected-Finance,22-Jun-2026,Municipal Bodies||Sambalpur Municipal Corporation
2026_EICCL_127300_1,SE(RandB)BLS-Divn-1-55/2025-26,Repair and Renovation of Sub-Jail at Nilgiri for the year 2025-26,Repair and Renovation of Sub-Jail at Nilgiri for the year 2025-26,Works,Open Tender,Percentage,Civil Works - Buildings,No,No,NA ,16-Mar-2026 10:00 AM,16-Mar-2026 10:00 AM ,90.0,No ,No,Online,26-Mar-2026 10:00 AM,EIC-CIVIL||SERNB-CIRCLE-EASTERN||EERNB-DIVN-BALASORE,Balasore,756001.0,1.0,,Harish Chandra Bag,"1,246,345.19",Rejected-AOC,19-Jun-2026,EIC-CIVIL||SERNB-CIRCLE-EASTERN||EERNB-DIVN-BALASORE
2026_ORULB_125882_4,BMC-EE-Tender Cell-70/2025-26 Dt. 11.02.2026,Construction of Road and Drain at Lokanath Vihar in Ward No. 10,Construction of Road and Drain at Lokanath Vihar in Ward No. 10,Works,Open Tender,Percentage,Civil Works - Others,No,No,NA ,14-Feb-2026 10:30 AM,18-Feb-2026 04:00 PM ,120.0,No ,No,Online,24-Feb-2026 11:00 AM,Municipal Bodies||Bhubaneswar Municipal Corporation,BMC AREA,751022.0,1.0,"25,40,719",AMARESH SAHOO,"2,998,048",Rejected-Finance,04-Jun-2026,Municipal Bodies||Bhubaneswar Municipal Corporation
2026_CERWI_125749_2,Online Tender/48-2025-26/BPR,Construction of Kokolaba to Dangabhumi vie Beniasahi road in the District of Ganjam under MMSY-TRIP for the year 2025-26,Construction of Kokolaba to Dangabhumi vie Beniasahi road in the District of Ganjam under MMSY-TRIP for the year 2025-26,Works,National Competitive Bid,Percentage,Civil Works - Roads,No,No,NA ,09-Feb-2026 02:00 PM,NA ,90.0,No ,No,Online,21-Feb-2026 11:00 AM,CE RW I||RWCIRCLE-BERHAMPUR,Bhanjanagar,760011.0,2.0,"2,96,81,000",Prabhat Chandra Dalabehera,"31,087,221",Accepted-AOC,04-Jun-2026,CE RW I||RWCIRCLE-BERHAMPUR
2026_ORULB_125204_5,BSP_2026-27_03,Completion of park near Dangua pokhari in ward no.09,Completion of park near Dangua pokhari in ward no.09,Works,Open Tender,Percentage,Civil Works - Others,No,No,NA ,01-Feb-2026 10:00 AM,NA ,90.0,No ,No,Online,11-Feb-2026 11:00 AM,Municipal Bodies||Basudevpur Municipality,Basudevpur Municipality,756125.0,1.0,"3,89,705",Susmita Sethi,"372,526",Rejected-AOC,10-Jun-2026,Municipal Bodies||Basudevpur Municipality
2026_ORULB_128537_4,EO/BPHM/02/26-27,Construction of Paver Road and drain with Cover Slab From Ahfak Ahamad House to Marky Police House Via -Sukesh Tiwari and Mannan House Mirdha dera ward no-11,Construction of Paver Road and drain with Cover Slab From Ahfak Ahamad House to Marky Police House Via -Sukesh Tiwari and Mannan House Mirdha dera ward no-11,Works,Open Tender,Percentage,Civil Works - Roads,No,No,NA ,30-Apr-2026 10:00 AM,NA ,90.0,No ,No,Online,12-May-2026 11:00 AM,Municipal Bodies||Belpahar Municipal Council,Belpahar Municipality,768218.0,1.0,"18,00,000",lalu kishan,"1,800,000",Rejected-AOC,03-Jun-2026,Municipal Bodies||Belpahar Municipal Council
2026_ORULB_126616_26,MC(CMC)CTC_Div-IIiNo39/2025-26,Construction of Road from Trinath Sahi Anganwadi to MCC in Ward no. 49.,Construction of Road from Trinath Sahi Anganwadi to MCC in Ward no. 49.,Works,Open Tender,Percentage,Civil Works - Others,No,No,NA ,30-Mar-2026 11:00 AM,NA ,105.0,No ,No,Online,17-Apr-2026 10:00 AM,Municipal Bodies||Cuttack Municipal Corporation,CMC,753012.0,1.0,"16,80,035",SUKANYA PRIYADARSINI,"1,680,035",Rejected-AOC,23-Jun-2026,Municipal Bodies||Cuttack Municipal Corporation
2026_ORULB_126552_25,06/PKDM-2025-26,"Construction of Cover plate over drain and repair of road at Maruti Nagar-2,3,4, Biswanath Bihar-1, Radhagobinda Nagar-2,3, Teacher Colony, Jyotish Nagar, Subhadra Bihar main road, Ayyappa Mandir road, Dandumala Street, Jagannath Bihar area, Ward No.",Construction of Cover plate over drain and repair of road work,Works,Open Tender,Percentage,Civil Works - Others,No,No,NA ,27-Feb-2026 10:00 AM,NA ,90.0,No ,No,Online,13-Mar-2026 11:00 AM,Municipal Bodies||Parlakhemundi Municipal Council,Paralakhemundi Municipality,761200.0,1.0,"12,45,829",JALUMURU JAGANNATH RAO,"1,245,705",Accepted-AOC,08-Jun-2026,Municipal Bodies||Parlakhemundi Municipal Council
2026_OLIC_127841_15,BID ID NO. 10/Dt.04.04.2026,INSTALLATION AND ENERGISATION OF ORANDA4 TW LI PROJECT,INSTALLATION AND ENERGISATION OF ORANDA4 TW LI PROJECT,Works,Open Tender,Percentage,Civil Works - Lift Irrigation Schemes,No,No,NA ,08-Apr-2026 10:00 AM,NA ,365.0,No ,No,Online,22-Apr-2026 10:00 AM,"Orissa Lift Irrigation Corporation||LI,Central Circle, Cuttack||LI Division Cuttack",BALIKUDA BLOCK,754001.0,1.0,"18,99,310",MEERA ROUT,"1,899,310",Accepted-AOC,10-Jun-2026,"Orissa Lift Irrigation Corporation||LI,Central Circle, Cuttack||LI Division Cuttack"
2026_ORULB_127314_7,43/SMC_SBP/2025-26,"Construction of C.C road from Dr. Sambhu Mishra house to Dillip Tripathy house at Deheripali, Ward No-27,SMC,Sambalpur","Construction of C.C road from Dr. Sambhu Mishra house to Dillip Tripathy house at Deheripali, Ward No-27,SMC,Sambalpur",Works,Open Tender,Percentage,Civil Works - Others,No,No,NA ,17-Mar-2026 04:00 PM,NA ,120.0,No ,No,Online,30-Mar-2026 11:00 AM,Municipal Bodies||Sambalpur Municipal Corporation,SAMBALPUR MUNICIPAL CORPORATION,768006.0,1.0,"21,18,965",RAMESH CHANDRA MAHAKUD,"2,118,965.15",Rejected-Technical,10-Jun-2026,Municipal Bodies||Sambalpur Municipal Corporation
2026_RWSS_126957_9,RWSS_53_2025-26,CONSTRUCTION OF GOVT QUARTER FOR AEE RWSS SUB DIVISION PARADEEP,CONSTRUCTION OF GOVT QUARTER FOR AEE RWSS SUB DIVISION PARADEEP,Works,National Competitive Bid,Percentage,Civil Works - Water Works,No,No,NA ,07-Mar-2026 10:00 AM,07-Mar-2026 10:00 AM ,90.0,No ,No,Online,16-Mar-2026 11:00 AM,Rural Water Supply and Sanitation||RWSS Circle Cuttack||EE RWSS Divn Jagatsinghpur,OFFICE OF THE SE RWSS DIVISION JAGATSINGHPUR,754103.0,1.0,"36,25,314",KHAGESWAR MISHRA,"3,263,145.13",Rejected-Finance,29-Jun-2026,Rural Water Supply and Sanitation||RWSS Circle Cuttack||EE RWSS Divn Jagatsinghpur
2026_ORULB_126552_31,06/PKDM-2025-26,"Construction of Cover plate over drain and repair of road at Sanjaya Gandhi Colony, Sundi St., Elkela St., Erdala St., Treasury Road, Postal Colony, Ward No.14 and 15",Construction of Cover plate over drain and repair of road work,Works,Open Tender,Percentage,Civil Works - Others,No,No,NA ,27-Feb-2026 10:00 AM,NA ,90.0,No ,No,Online,13-Mar-2026 11:00 AM,Municipal Bodies||Parlakhemundi Municipal Council,Paralakhemundi Municipality,761200.0,1.0,"5,37,284",SURESH KUMAR MAJHI,"536,747",Rejected-AOC,08-Jun-2026,Municipal Bodies||Parlakhemundi Municipal Council
2026_ORULB_124453_2,BMC-EE-Tender Cell-60/2025-26 dt. 09.01.2026,"Construction of CC Road at Sasan Padia, Basistha Nagar and Hata Sahi, Old Town in Ward No. 60","Construction of CC Road at Sasan Padia, Basistha Nagar and Hata Sahi, Old Town in Ward No. 60",Works,Open Tender,Percentage,Civil Works - Roads,No,No,NA ,13-Jan-2026 10:30 AM,19-Jan-2026 04:00 PM ,120.0,No ,No,Online,28-Jan-2026 11:00 AM,Municipal Bodies||Bhubaneswar Municipal Corporation,BMC AREA,751022.0,2.0,"92,96,545",BHABANI SANKAR MALLIA,"10,969,923",Accepted-AOC,05-Jun-2026,Municipal Bodies||Bhubaneswar Municipal Corporation
2026_ORULB_126552_19,06/PKDM-2025-26,"Construction of Cover plate over drain and repair of road at Sana Reli Street, LIC Colony area, Radhamani Nagar-1,2 Station road, Hatapada to Subash statue, Odia Parala Street, Teli Gouda St., Teli St., Jadima Sahi, Syam Bihar, Mela Street, Ward No.2",Construction of Cover plate over drain and repair of road work,Works,Open Tender,Percentage,Civil Works - Others,No,No,NA ,27-Feb-2026 10:00 AM,NA ,90.0,No ,No,Online,13-Mar-2026 11:00 AM,Municipal Bodies||Parlakhemundi Municipal Council,Paralakhemundi Municipality,761200.0,1.0,"16,35,098",LOPINTI REKHA,"1,634,935",Accepted-AOC,08-Jun-2026,Municipal Bodies||Parlakhemundi Municipal Council
2026_ORULB_125679_12,BMC-EE-Tender Cell-69/2025-26 Dt. 06.02.2026,Improvement of road and Construction of drain at Sweet Complex Phase-2 in Ward No. 52,Improvement of road and Construction of drain at Sweet Complex Phase-2 in Ward No. 52,Works,Open Tender,Percentage,Civil Works - Roads,No,No,NA ,09-Feb-2026 10:30 AM,13-Feb-2026 04:00 PM ,120.0,No ,No,Online,20-Feb-2026 11:00 AM,Municipal Bodies||Bhubaneswar Municipal Corporation,BMC AREA,751022.0,1.0,"42,36,992",AMARJIT SAHOO,"4,849,661",Accepted-AOC,20-Jun-2026,Municipal Bodies||Bhubaneswar Municipal Corporation
2026_PRBDO_127479_5,04/2025-26/DGN,"CONSTRUCTION OF ADDITIONAL CLASS ROOM BUILDING AT BABIJORE UPPER PRIMARY SCHOOL UNDER DEOGAON BLOCK (Civil, El) Composite Tender.","CONSTRUCTION OF ADDITIONAL CLASS ROOM BUILDING AT BABIJORE UPPER PRIMARY SCHOOL UNDER DEOGAON BLOCK (Civil, El) Composite Tender.",Works,Open Tender,Percentage,Civil Works - Buildings,No,No,NA ,23-Mar-2026 10:00 AM,NA ,90.0,No ,No,Online,09-Apr-2026 11:00 AM,Panchayati Raj and Drinking Water Department Odisha||Zilla Parisad Balangir||DEOGAON Block,DEOGAON,767029.0,2.0,"27,43,828",ADITYA DHARUA,"2,741,084",Accepted-AOC,20-Jun-2026,Panchayati Raj and Drinking Water Department Odisha||Zilla Parisad Balangir||DEOGAON Block
2026_CERWI_127169_5,Tender Online JJPR-II-09 of 2025-26,S/R to NH-200 to Barakan to Sorei for the year 2025-26,S/R to NH-200 to Barakan to Sorei for the year 2025-26,Works,Open Tender,Percentage,Civil Works - Roads,No,No,NA ,12-Mar-2026 10:00 AM,NA ,90.0,No ,No,Online,17-Mar-2026 05:30 PM,CE RW I||RWCIRCLE-KENDRAPARA||RW Division II-Jajpur,Jaraka,755050.0,1.0,"4,65,000",SAHIL CONSTRUCTION,"463,969",Rejected-Finance,29-Mar-2026,CE RW I||RWCIRCLE-KENDRAPARA||RW Division II-Jajpur
2026_STSCD_127876_2,BidIdentificationNo-01/2026-27,"Construction, Extension and heightening of boundary with barbed wire fencing walls at EMRS, Bahalda under Bahalda Block.","Construction, Extension and heightening of boundary with barbed wire fencing walls at EMRS, Bahalda under Bahalda Block.",Works,Open Tender,Percentage,Civil Works - Others,No,No,NA ,07-Apr-2026 11:00 AM,NA ,90.0,No ,No,Online,22-Apr-2026 11:00 AM,ST and SC Development Deptt||ITDA Rairangpur,EMRS Bahalda,757046.0,1.0,"66,24,723",JAGABANDHU PATRA,"6,591,599.39",Rejected-AOC,26-Jun-2026,ST and SC Development Deptt||ITDA Rairangpur
2026_PRBDN_127333_5,DSB-03/2025-26,CONSTRUCTION OF GPLF BUILDING WITH MARKET COMPLEX AT NAGIAPASI,CONSTRUCTION OF GPLF BUILDING WITH MARKET COMPLEX,Works,Open Tender,Percentage,Civil Works - Buildings,No,No,NA ,17-Mar-2026 10:00 AM,NA ,120.0,No ,No,Online,31-Mar-2026 11:00 AM,Panchayati Raj and Drinking Water Department Odisha||Zilla Parisad Dhenkanal||DHENKANAL (SADAR) Block,"Sadar Block,Dhenkanal",759001.0,1.0,"24,56,220",SABITRI SAHOO,"2,456,220.846",Rejected-AOC,05-Jun-2026,Panchayati Raj and Drinking Water Department Odisha||Zilla Parisad Dhenkanal||DHENKANAL (SADAR) Block
2026_ORULB_125204_18,BSP_2026-27_03,Median repair work in Dhamara Jamujhadi road of Basudevpur Municipality,Median repair work in Dhamara Jamujhadi road of Basudevpur Municipality,Works,Open Tender,Percentage,Civil Works - Others,No,No,NA ,01-Jul-2026 06:00 PM,NA ,90.0,No ,No,Online,11-Feb-2026 11:00 AM,Municipal Bodies||Basudevpur Municipality,Basudevpur Municipality,756125.0,1.0,"4,48,556",Kamala Kanta Das,"385,857",Accepted-AOC,11-Jun-2026,Municipal Bodies||Basudevpur Municipality
2026_EICCL_127756_3,SE R and B PLB 16 of 2025-26,"PROVISION FOR ANNUAL COMPREHENSIVE MAINTENANCE OF FIRE FIGHTING AND ALARM SYSTEM AT M.C.H BUILDING, DHH, PHULBANI IN THE DISTRICT OF KANDHAMAL","PROVISION FOR ANNUAL COMPREHENSIVE MAINTENANCE OF FIRE FIGHTING AND ALARM SYSTEM AT M.C.H BUILDING, DHH, PHULBANI IN THE DISTRICT OF KANDHAMAL",Works,Open Tender,Percentage,Fire & Safety,No,No,NA ,04-Apr-2026 10:00 AM,NA ,90.0,No ,No,Online,20-Apr-2026 11:30 AM,EIC-CIVIL||SERNB-CIRCLE-PHULBANI||EERNB DIVN PHULBANI,"M.C.H Building at DHH, Phulbani",762001.0,1.0,"24,11,379",SMART I TECHNOLOGIES,"2,291,050",Accepted-AOC,15-Jun-2026,EIC-CIVIL||SERNB-CIRCLE-PHULBANI||EERNB DIVN PHULBANI
2026_CERWI_125999_1,Tender Online RWC 1-2026,Improvement to PWD road to Ankula road in the district of Cuttack under MMSY-Improvement Existing RD road for the year 2025-26,Improvement to PWD road to Ankula road in the district of Cuttack under MMSY-Improvement Existing RD road for the year 2025-26,Works,National Competitive Bid,Percentage,Civil Works - Roads,No,No,NA ,17-Feb-2026 06:00 PM,NA ,90.0,No ,No,Online,27-Feb-2026 11:30 AM,CE RW I||RWCIRCLE-CUTTACK,Cuttack,753004.0,2.0,"2,68,59,746",M/S B.B CONSTRUCTION,"26,671,728",Rejected-Finance,08-Jun-2026,CE RW I||RWCIRCLE-CUTTACK
2026_ORULB_124590_51,BBLM-6/2025-26,"Laying of paver block and construction of drain from Ranjit Shop to Hanuman Akhada at Bagiaburu hutting and laying of paver block from Muna shop to Khusubu nagar, Ward No.8, Barbil","Laying of paver block and construction of drain from Ranjit Shop to Hanuman Akhada at Bagiaburu hutting and laying of paver block from Muna shop to Khusubu nagar, Ward No.8, Barbil",Works,Open Tender,Percentage,Civil Works - Others,No,No,NA ,20-Jan-2026 10:00 AM,NA ,90.0,No ,No,Online,04-Feb-2026 11:00 AM,Municipal Bodies||Barbil Municipality,Barbil,758035.0,2.0,"5,99,000",SUVARANJAN SAMAL,"628,023",Rejected-Finance,01-Jun-2026,Municipal Bodies||Barbil Municipality
2026_WPURI_125606_1,GMWATCOPURI/26-03/2025-26,Construction of 3nos Drinking water Kiosk under Pipili NAC,Construction of 3nos Drinking water Kiosk under Pipili NAC,Works,National Competitive Bid,Percentage,Civil Works - Water Works,No,No,NA ,09-Feb-2026 11:00 AM,NA ,120.0,No ,No,Online,21-Feb-2026 12:30 PM,WATCO Bhubaneswar||Director (Operation) Watco||WATCO Division Puri,Pipili,752104.0,1.0,"21,27,418",BALAJI CONTECH PROJECTS PVT LTD,"1,680,660",Rejected-Finance,12-Jun-2026,WATCO Bhubaneswar||Director (Operation) Watco||WATCO Division Puri
2026_ORULB_128192_16,BBLM-1/2026-27,"Leveling of Playground with construction of stage near Ward-4 Primary School, Ward No.15, Barbil","Leveling of Playground with construction of stage near Ward-4 Primary School, Ward No.15, Barbil",Works,Open Tender,Percentage,Civil Works - Others,No,No,NA ,20-Apr-2026 10:00 AM,NA ,90.0,No ,No,Online,04-May-2026 11:00 AM,Municipal Bodies||Barbil Municipality,Barbil,758035.0,2.0,"16,00,000",PRITIRANJAN PATRA,"1,398,124",Rejected-Finance,22-Jun-2026,Municipal Bodies||Barbil Municipality
2026_ORULB_126857_73,06/BGH- MUN/2025-26,Construction of CC Road from manoj house to PWD Road w.no-16,Construction of CC Road from manoj house to PWD Road w.no-16,Works,Open Tender,Percentage,Civil Works - Others,No,No,NA ,06-Mar-2026 04:00 PM,NA ,90.0,No ,No,Online,17-Mar-2026 11:00 AM,Municipal Bodies||Bargarh Municipal Council,Bargarh,768028.0,1.0,"14,98,000",RANJAN SETH,"1,015,026.052",Rejected-Finance,10-Jun-2026,Municipal Bodies||Bargarh Municipal Council
2026_CERWI_125669_2,SERWDGH-Online-11 of 2025-26,Repair of Twin F type qtr Qtr No.F/9 and F/10 at RW Colony Deogarh for the year 2025-26 in the district of Deogarh.,Building,Works,Open Tender,Percentage,Civil Works - Buildings,No,No,NA ,06-Feb-2026 05:00 PM,NA ,90.0,No ,No,Online,13-Feb-2026 11:00 AM,CE RW I||RWCIRCLE-SAMBALPUR||RWDIVISION-DEOGARH,Deogarh,768119.0,1.0,"2,54,209",SUBRATA SAHU,"169,303",Rejected-AOC,21-Jun-2026,CE RW I||RWCIRCLE-SAMBALPUR||RWDIVISION-DEOGARH
2026_ORULB_126857_67,06/BGH- MUN/2025-26,"Construction of CC Road, Drain and Slab from kushakumbhar house to Abhaya samal house w.no-18","Construction of CC Road, Drain and Slab from kushakumbhar house to Abhaya samal house w.no-18",Works,Open Tender,Percentage,Civil Works - Others,No,No,NA ,06-Mar-2026 04:00 PM,NA ,90.0,No ,No,Online,17-Mar-2026 11:00 AM,Municipal Bodies||Bargarh Municipal Council,Bargarh,768028.0,1.0,"17,98,872",RANJAN SETH,"1,219,546.378",Rejected-Finance,10-Jun-2026,Municipal Bodies||Bargarh Municipal Council
2026_OSPHW_127560_2,30/OPHWC/2025-26,"Construction of Atal Bus Stand (C type) at Tusura NAC under Gudvella Block, Bolangir",Building Work,Works,National Competitive Bid,Percentage,Civil Works - Buildings,No,No,NA ,24-Mar-2026 06:55 PM,NA ,90.0,No ,No,Online,08-Apr-2026 10:30 AM,Orissa State Police Housing and Welfare Corporation Ltd,Bolangir,751022.0,2.0,"9,96,79,855",KT CONSTRUCTION,"99,580,176",Rejected-Finance,12-Jun-2026,Orissa State Police Housing and Welfare Corporation Ltd
2026_CERWI_127232_2,Online Tender-23 RWD Kuchinda 2025-26,S/R to E Type Twin Qtr at R.W Colony Kuchinda in the District of Sambalpur for the year 2025-26.,S/R to E Type Twin Qtr at R.W Colony Kuchinda in the District of Sambalpur for the year 2025-26.,Works,National Competitive Bid,Percentage,Civil Works - Buildings,No,No,NA ,12-Mar-2026 06:00 PM,NA ,90.0,No ,No,Online,19-Mar-2026 11:00 AM,CE RW I||RWCIRCLE-SAMBALPUR||RW Division Kuchinda,Kuchinda,768222.0,1.0,"5,08,448",SUJIT KUMAR AGARWAL,"507,940",Rejected-AOC,21-Mar-2026,CE RW I||RWCIRCLE-SAMBALPUR||RW Division Kuchinda
2026_ORULB_128238_1,BMC-EE-Tender Cell-07/2026-27 dt. 18.04.2026,"Annual Maintenance, Cleaning of water stretch and Main Drain No. 5 under BMC for 2026-27","Annual Maintenance, Cleaning of water stretch and Main Drain No. 5 under BMC for 2026-27",Works,Open Tender,Percentage,Civil Works - Others,No,No,NA ,20-Apr-2026 11:30 AM,22-Apr-2026 04:00 PM ,120.0,No ,No,Online,27-Apr-2026 12:30 PM,Municipal Bodies||Bhubaneswar Municipal Corporation,BMC AREA,751022.0,2.0,"57,33,953",RANJITA PARIDA,"3,709,495",Accepted-Finance,01-Jun-2026,Municipal Bodies||Bhubaneswar Municipal Corporation
2026_ORULB_124590_53,BBLM-6/2025-26,"Construction of road and drain from Indoor stadium to Jagannath steel colony in Ward No.8 and construction of road and drain from Kailash house to well at Dhobi hutting in Ward No.10, Barbil","Construction of road and drain from Indoor stadium to Jagannath steel colony in Ward No.8 and construction of road and drain from Kailash house to well at Dhobi hutting in Ward No.10, Barbil",Works,Open Tender,Percentage,Civil Works - Others,No,No,NA ,20-Jan-2026 10:00 AM,NA ,90.0,No ,No,Online,04-Feb-2026 11:00 AM,Municipal Bodies||Barbil Municipality,Barbil,758035.0,2.0,"15,66,000",ASHOK KUMAR NAYAK,"1,641,896",Accepted-AOC,02-Jun-2026,Municipal Bodies||Barbil Municipality
2026_ORULB_124432_1,UKTM-MUN- 06/2025-26(2),Improvement of Crematorium Ground at Dhurlighat Ward No-05,Civil Work,Works,Open Tender,Percentage,Civil Works - Others,No,No,NA ,12-Jan-2026 10:00 AM,NA ,60.0,No ,No,Online,28-Jan-2026 11:00 AM,Municipal Bodies||Umerkote Municipality,Umerkote Municipality,764073.0,1.0,,SUBHASRI SASMAL,"1,403,483",Rejected-Finance,25-Jun-2026,Municipal Bodies||Umerkote Municipality
2026_ORULB_129651_1,1102_NACPTG_22.05.2026,Supply of Manpower for Sanitation Service,Supply of Manpower for Sanitation Service to NAC Patnagarh,Services,Open Tender,Percentage,Human Resources Supply,No,No,NA ,22-May-2026 05:00 PM,NA ,180.0,No ,No,Online,08-Jun-2026 11:00 AM,Municipal Bodies||Patnagarh NAC,NAC PATNAGARH,767025.0,2.0,"2,33,39,688",ANADI CHARAN NATH,"23,227,657.5",Accepted-AOC,29-Jun-2026,Municipal Bodies||Patnagarh NAC
2026_SERIF_127558_5,VI-13(12)/SERIFED/2025-26/456,Establishment of Tasar Facility Centre for women empowerment and livelihood at Lahunipada PTMCS Dist Sundergarh,Establishment of Tasar Facility Centre for women empowerment and livelihood at Lahunipada PTMCS Dist Sundergarh,Works,Open Tender,Item Rate,Civil Works - Buildings,No,No,NA ,26-Mar-2026 10:00 AM,NA ,150.0,No ,No,Online,21-Apr-2026 11:30 AM,Odisha Cooperative Tasar and Silk Federation LTD,Lahunipada Sundergarh,770040.0,2.0,,PARIKSHITA BARIK,"29,904,575",Rejected-AOC,24-Jun-2026,Odisha Cooperative Tasar and Silk Federation LTD
2026_EICCL_124989_2,CCEEC-16/2025-26,Construction of Box cell culvert over local nallah at 8/360 km on West Bengal Boarder to Kuanrapur Road in the district of Balasore under State plan for the year 2025-26.,Box cell culvert,Works,National Competitive Bid,Percentage,Civil Works - Others,No,No,NA ,22-Jan-2026 06:00 PM,NA ,90.0,No ,No,Online,06-Feb-2026 11:00 AM,EIC-CIVIL||SERNB-CIRCLE-EASTERN,Balasore,756001.0,2.0,"3,39,05,014",JANMEJAY NATH,"27,127,401",Rejected-Finance,19-Jun-2026,EIC-CIVIL||SERNB-CIRCLE-EASTERN
2026_PRBDO_127479_7,04/2025-26/DGN,"CONSTRUCTION OF ADDITIONAL CLASS ROOM BUILDING AT GOURGOTH UPPER PRIMARY SCHOOL UNDER DEOGAON BLOCK (Civil, El) Composite Tender","CONSTRUCTION OF ADDITIONAL CLASS ROOM BUILDING AT GOURGOTH UPPER PRIMARY SCHOOL UNDER DEOGAON BLOCK (Civil, El) Composite Tender",Works,Open Tender,Percentage,Civil Works - Buildings,No,No,NA ,23-Mar-2026 10:00 AM,NA ,90.0,No ,No,Online,09-Apr-2026 11:00 AM,Panchayati Raj and Drinking Water Department Odisha||Zilla Parisad Balangir||DEOGAON Block,DEOGAON,767025.0,2.0,"13,96,849",ADITYA DHARUA,"1,395,452",Accepted-AOC,20-Jun-2026,Panchayati Raj and Drinking Water Department Odisha||Zilla Parisad Balangir||DEOGAON Block
2026_ORULB_125679_10,BMC-EE-Tender Cell-69/2025-26 Dt. 06.02.2026,Improvement of road from Hyundai Service Center up to Timber workshop through Akhsya Jena house at Patia in Ward No. 03,Improvement of road from Hyundai Service Center up to Timber workshop through Akhsya Jena house at Patia in Ward No. 03,Works,Open Tender,Percentage,Civil Works - Roads,No,No,NA ,09-Feb-2026 10:30 AM,13-Feb-2026 04:00 PM ,120.0,No ,No,Online,20-Feb-2026 11:00 AM,Municipal Bodies||Bhubaneswar Municipal Corporation,BMC AREA,751022.0,1.0,"12,05,797",DEEPAK DAS,"1,422,840",Rejected-Finance,19-Jun-2026,Municipal Bodies||Bhubaneswar Municipal Corporation
2026_WPURI_125604_1,GMWATCOPURI/26-02/2025-26,Construction of 3nos Drinking water Kiosk under Konark NAC,Construction of 3nos Drinking water Kiosk under Konark NAC,Works,National Competitive Bid,Percentage,Civil Works - Water Works,No,No,NA ,09-Feb-2026 11:00 AM,NA ,120.0,No ,No,Online,21-Feb-2026 12:30 PM,WATCO Bhubaneswar||Director (Operation) Watco||WATCO Division Puri,konark,752111.0,1.0,"21,71,857",BALAJI CONTECH PROJECTS PVT LTD,"1,694,047",Accepted-AOC,12-Jun-2026,WATCO Bhubaneswar||Director (Operation) Watco||WATCO Division Puri
2026_CERWI_125202_2,Online Tender17/SERW Division Boudh 2025-26,Construction of RI Office Cum Residence Building at Birnarsinghapur for the year 2024-25,Construction of RI Office Cum Residence Building at Birnarsinghapur for the year 2024-25,Works,Open Tender,Percentage,Civil Works - Buildings,No,No,NA ,30-Jan-2026 03:00 PM,NA ,90.0,No ,No,Online,11-Feb-2026 11:00 AM,CE RW I||RWCIRCLE-BERHAMPUR||RWDIVISION-BOUDH,O/o SERWDivision Boudh,762014.0,2.0,"60,97,869",MANOJA KUMAR SAHOO,"6,091,771",Rejected-Finance,04-Jun-2026,CE RW I||RWCIRCLE-BERHAMPUR||RWDIVISION-BOUDH
2026_ORULB_127314_5,43/SMC_SBP/2025-26,"Construction of paver block road from Panigrahi house to Katardua pond at Shanti Nagar, ward no.19","Construction of paver block road from Panigrahi house to Katardua pond at Shanti Nagar, ward no.19",Works,Open Tender,Percentage,Civil Works - Others,No,No,NA ,17-Mar-2026 04:00 PM,NA ,120.0,No ,No,Online,30-Mar-2026 11:00 AM,Municipal Bodies||Sambalpur Municipal Corporation,SAMBALPUR MUNICIPAL CORPORATION,768006.0,1.0,"21,19,203",BIBHUTI BHUSAN NAYAK,"2,119,202.74",Rejected-Technical,09-Jun-2026,Municipal Bodies||Sambalpur Municipal Corporation
2026_ORULB_126552_33,06/PKDM-2025-26,"Construction of Cover plate over drain and repair of road at Khanja St., Jagili St., Pana St., Gola St.,PWD Colony, Mediri St., Reli St, Dilkhus Bar, Reli Street main road, Ward No.16",Construction of Cover plate over drain and repair of road work,Works,Open Tender,Percentage,Civil Works - Others,No,No,NA ,27-Feb-2026 10:00 AM,NA ,90.0,No ,No,Online,13-Mar-2026 11:00 AM,Municipal Bodies||Parlakhemundi Municipal Council,Paralakhemundi Municipality,761200.0,1.0,"14,21,198",Debaraj Lima,"1,421,056",Rejected-AOC,08-Jun-2026,Municipal Bodies||Parlakhemundi Municipal Council
2026_ORULB_127216_2,41/SMC_SBP/2025-26,"Construction of road and drain at Hanuman mandir to Balkrishna Sharma house, Krishna nagar, Khetrajpur, ward no.14.","Construction of road and drain at Hanuman mandir to Balkrishna Sharma house, Krishna nagar, Khetrajpur, ward no.14.",Works,Open Tender,Percentage,Civil Works - Others,No,No,NA ,14-Mar-2026 11:00 AM,NA ,120.0,No ,No,Online,24-Mar-2026 11:00 AM,Municipal Bodies||Sambalpur Municipal Corporation,SAMBALPUR MUNICIPAL CORPORATION,768006.0,1.0,"16,90,016",GANESH KUMAR AGRAWAL,"1,695,016",Accepted-AOC,06-Jun-2026,Municipal Bodies||Sambalpur Municipal Corporation
2026_RMC_127909_2,MC/RMC/24/2026,Lighting Arrangement in the Open Space in front of Birsa Munda Athletic Stadium ROURKELA,Electrical,Works,Open Tender,Percentage,Electrical Works,No,No,NA ,07-Apr-2026 06:00 PM,NA ,90.0,No ,No,Online,27-Apr-2026 11:00 AM,Rourkela Municipal Corporation,Rourkela,769012.0,1.0,"19,13,000",JBS ENTERPRISES,"1,912,724.89",Not Admitted-Fee/PreQual/Technical/Finance,20-Jun-2026,Rourkela Municipal Corporation
2026_EICCL_126577_1,SE RandB BDK-39/2025-26-5,"S/R to Kamargaon Balimeda road from 11.000km to 16.000 km such as cutting and disposal of damaged road crust and laying WMM,PMC and Seal coat for the year 2025-2026.","S/R to Kamargaon Balimeda road from 11.000km to 16.000 km such as cutting and disposal of damaged road crust and laying WMM,PMC and Seal coat for the year 2025-2026.",Works,Open Tender,Percentage,Civil Works - Roads,No,No,NA ,24-Feb-2026 06:30 PM,NA ,90.0,No ,No,Online,04-Mar-2026 11:30 AM,EIC-CIVIL||SERNB-CIRCLE-EASTERN||EERNB-DIVN-BHADRAK,Bhadrak,756100.0,1.0,,BRAHMANANDA SAHOO,"1,793,544.38",Rejected-Finance,18-Jun-2026,EIC-CIVIL||SERNB-CIRCLE-EASTERN||EERNB-DIVN-BHADRAK
2026_ORULB_125204_7,BSP_2026-27_03,Open space devlopment infront of Sabarpur School in ward no.15,Open space devlopment infront of Sabarpur School in ward no.15,Works,Open Tender,Percentage,Civil Works - Others,No,No,NA ,01-Feb-2026 10:00 AM,NA ,90.0,No ,No,Online,11-Feb-2026 11:00 AM,Municipal Bodies||Basudevpur Municipality,Basudevpur Municipality,756125.0,1.0,"7,27,254",MADHUSUDAN PATRA(SC),"600,798",Accepted-AOC,10-Jun-2026,Municipal Bodies||Basudevpur Municipality
2026_ORULB_125862_3,33/SMC_SBP/2025-26,Rejuvenation of Katerdhua Bandha in ward No.21,Rejuvenation of Katerdhua Bandha in ward No.21,Works,National Competitive Bid,Percentage,Civil Works - Others,No,No,NA ,13-Feb-2026 11:00 AM,NA ,120.0,No ,No,Online,06-Mar-2026 11:00 AM,Municipal Bodies||Sambalpur Municipal Corporation,SAMBALPUR MUNICIPAL CORPORATION,768006.0,2.0,"53,35,582",B. AHALYA,"5,335,582",Accepted-AOC,22-Jun-2026,Municipal Bodies||Sambalpur Municipal Corporation
2026_CERWI_127336_1,EE/RWELECT/SBP/53/2025-26,Shifting of 11 KV line and Sub station from the Premises of Govt UGHS Building at Chhatabar Under RWES Sundargarh,Shifting of 11 KV line and Sub station from the Premises of Govt UGHS Building at Chhatabar Under RWES Sundargarh,Works,Open Tender,Percentage,Electrical Works,No,No,NA ,18-Mar-2026 11:30 AM,NA ,90.0,No ,No,Online,30-Mar-2026 11:30 AM,CE RW I||RW Electrical Circle Bhubaneswar||RW Electrical Division Sambalpur,Sundergarh,768001.0,1.0,"10,24,597",TUSAR RANJAN PARIDA,"1,024,596.795",Rejected-AOC,17-Jun-2026,CE RW I||RW Electrical Circle Bhubaneswar||RW Electrical Division Sambalpur
2026_OSPHW_128105_4,01/OPHWC/2026-27,"Construction of Armoury Building at OSAP 1st Bn., Dhenkanal",Building Work,Works,National Competitive Bid,Percentage,Civil Works - Buildings,No,No,NA ,13-Apr-2026 06:55 PM,NA ,90.0,No ,No,Online,28-Apr-2026 10:30 AM,Orissa State Police Housing and Welfare Corporation Ltd,Dhenkanal,751022.0,2.0,"2,12,21,544",J J CONSTRUCTION,"16,979,357",Rejected-Finance,12-Jun-2026,Orissa State Police Housing and Welfare Corporation Ltd
2026_DFODE_124493_1,dfodghfeandcc06,Construction of Elephant proof trench (EPT) 1 K.M at Arjunjhari under Reamal Range under Deogarh Forest Division for the year 2025-26,Construction of Elephant proof trench (EPT) 1 K.M at Arjunjhari under Reamal Range under Deogarh Forest Division for the year 2025-26,Works,Open Tender,Percentage,Civil Works - Others,No,No,NA ,13-Jan-2026 11:00 AM,NA ,60.0,No ,No,Online,28-Jan-2026 11:00 AM,Forest Environment and Climate Change Department||RCCF Rourkela||DFO Deogarh,Construction of Elephant proof trench (EPT) 1 K.M,768108.0,1.0,,KABITA PRADHAN,"517,877.61",Rejected-Finance,27-May-2026,Forest Environment and Climate Change Department||RCCF Rourkela||DFO Deogarh
2026_EICCL_128910_1,Bid Id No. SE- 05/2026-27,Repair and renovation to Residence of Sub-Collector at Baripada for the year 2026-27 (Work such as construction of shed over roof).,Repair and renovation to Residence of Sub-Collector at Baripada for the year 2026-27 (Work such as construction of shed over roof).,Works,Open Tender,Percentage,Civil Works - Buildings,No,No,NA ,08-May-2026 10:00 AM,NA ,90.0,No ,No,Online,15-May-2026 11:00 AM,EIC-CIVIL||SERNB-CIRCLE-EASTERN||EERNB-DIVN-BARIPADA,Baripada,757001.0,1.0,,YUDHISTIR BISWAL,"977,370",Rejected-Finance,04-Jun-2026,EIC-CIVIL||SERNB-CIRCLE-EASTERN||EERNB-DIVN-BARIPADA
2026_ORULB_126831_2,BSP_2026-27_05,Paver work near Hanuman temple at Jadav Padia,Paver work near Hanuman temple at Jadav Padia,Works,Open Tender,Percentage,Civil Works - Roads,No,No,NA ,06-Mar-2026 10:00 AM,NA ,90.0,No ,No,Online,16-Mar-2026 11:00 AM,Municipal Bodies||Basudevpur Municipality,Basudevpur Municipality,756125.0,1.0,"4,14,232",Lipak Kumar Muduli,"386,196",Accepted-AOC,10-Jun-2026,Municipal Bodies||Basudevpur Municipality
2026_OPEPA_127981_3,DPC/SS/SNG/12OF2026-27,NEW CONSTRUCTION AND RENOVATION OF OLD KGBV HOSTEL BUILDING KOIRA,NEW CONSTRUCTION RENOVATION OF OLD KGBV HOSTEL BUILDING CIVIL ELECTRICAL PH,Works,Open Tender,Percentage,Civil Works - Buildings,No,No,NA ,10-Apr-2026 09:00 AM,NA ,90.0,No ,No,Online,27-Apr-2026 05:30 PM,OPEPA Bhubaneswar||Samagra Shiksha Sundargarh,SUNDARGARH,770001.0,2.0,"1,15,72,936",BIJAYA KUMARA JAISWAL,"11,572,936",Rejected-Technical,03-Jul-2026,OPEPA Bhubaneswar||Samagra Shiksha Sundargarh
2026_ORULB_124860_1,NAC-BAN-06/2025-26,BEAUTIFICATION OF SMART PARK AT NAC BANKI,BEAUTIFICATION OF SMART PARK AT NAC BANKI,Works,Open Tender,Percentage,Civil Works - Others,No,No,NA ,21-Jan-2026 11:00 AM,NA ,180.0,No ,No,Online,07-Feb-2026 11:00 AM,Municipal Bodies||Banki NAC,BANKI NAC,754008.0,2.0,"70,57,591",JITENDRA KUMAR BEHERA,"7,057,591.16",Rejected-Technical,01-Jun-2026,Municipal Bodies||Banki NAC
2026_OLIC_124367_24,Bid Id No. 08/Dt. 07.01.2026,INSTALLATION AND ENERGISATION OF DEBORIO-IV TW LI PROJECT,INSTALLATION AND ENERGISATION OF DEBORIO-IV TW LI PROJECT,Works,Open Tender,Percentage,Civil Works - Lift Irrigation Schemes,No,No,NA ,12-Jan-2026 10:00 AM,NA ,365.0,No ,No,Online,28-Jan-2026 10:00 AM,"Orissa Lift Irrigation Corporation||LI,Central Circle, Cuttack||LI Division Cuttack",MAHANGA BLOCK,754001.0,1.0,"18,96,510",M/S. MAA LAXMI ELECTRICALS,"1,896,510",Rejected-Technical,10-Jun-2026,"Orissa Lift Irrigation Corporation||LI,Central Circle, Cuttack||LI Division Cuttack"
2026_OMFED_129390_9,07 /MM/CFP/56/ 2026-2027/22,SUPPLY OF RICE POLISH AT JAGANNATHPUR PLANT,SUPPLY OF RICE POLISH AT JAGANNATHPUR PLANT,Goods,Open Tender,Item Rate,Miscellaneous Goods,No,No,NA ,18-May-2026 10:00 AM,NA ,60.0,No ,No,Online,01-Jun-2026 02:00 PM,Odisha State Co. Milk Producers Federation Ltd.,JAGANNATHPUR,752101.0,1.0,"17,00,00,000",PRAMOD TRADING COMPANY,"19,000,000",Accepted-AOC,09-Jun-2026,Odisha State Co. Milk Producers Federation Ltd.
2026_ORULB_127784_1,EOCHAMPUANAC-NO-66/2025-26,Construction of Walking path both side of Ratha Danda for Pedestrian in Ward No-10,Construction of Walking path both side of Ratha Danda for Pedestrian in Ward No-10,Works,Open Tender,Percentage,Civil Works - Others,No,No,NA ,02-Apr-2026 02:00 PM,NA ,120.0,No ,No,Online,17-Apr-2026 09:30 AM,Municipal Bodies||Champua NAC,CHAMPUA,758041.0,1.0,"43,06,821",SHYAM NARAYAN SAHOO,"3,441,112.1",Rejected-AOC,20-Jun-2026,Municipal Bodies||Champua NAC
2026_CERWI_126567_1,TENDER ONLINE RCK-03/26,Construction of Janak Haladharpur Road Trailokya Jena House Gada top Baliganda Pada via Veterinary Hospital and Mahadev Temple Road Badabalikuda in the Dist. of Jajpur for the year 2025-26.,Construction of road works,Works,National Competitive Bid,Percentage,Civil Works - Roads,No,No,NA ,24-Feb-2026 05:45 PM,NA ,90.0,No ,No,Online,06-Mar-2026 11:00 AM,CE RW I||RWCIRCLE-KENDRAPARA,Jajpur,755001.0,2.0,"3,96,33,881",ASHUTOSH PANDA,"39,633,880",Accepted-AOC,18-Jun-2026,CE RW I||RWCIRCLE-KENDRAPARA
2026_OMFED_129390_8,07 /MM/CFP/56/ 2026-2027/22,SUPPLY OF DORB AT JAGANNATHPUR PLANT,SUPPLY OF DORB AT JAGANNATHPUR PLANT,Goods,Open Tender,Item Rate,Miscellaneous Goods,No,No,NA ,18-May-2026 10:00 AM,NA ,60.0,No ,No,Online,01-Jun-2026 02:00 PM,Odisha State Co. Milk Producers Federation Ltd.,JAGANNATHPUR,752101.0,1.0,"17,00,00,000",VIJAY LAXMI SUPPLIERS,"31,960,000",Rejected-Finance,11-Jun-2026,Odisha State Co. Milk Producers Federation Ltd.
2026_OPEPA_127981_2,DPC/SS/SNG/12OF2026-27,NEW CONSTRUCTION AND RENOVATION OF OLD KGBV HOSTEL BUILDING BONAI,NEW CONSTRUCTION RENOVATION OF OLD KGBV HOSTEL BUILDING CIVIL ELECTRICAL PH,Works,Open Tender,Percentage,Civil Works - Buildings,No,No,NA ,10-Apr-2026 09:00 AM,NA ,90.0,No ,No,Online,27-Apr-2026 05:30 PM,OPEPA Bhubaneswar||Samagra Shiksha Sundargarh,SUNDARGARH,770001.0,2.0,"1,13,42,608",SHIBA BADAIK,"11,342,608",Rejected-AOC,03-Jul-2026,OPEPA Bhubaneswar||Samagra Shiksha Sundargarh
2026_ORULB_126831_3,BSP_2026-27_05,Paver work infront of Ram mandir,Paver work infront of Ram mandir,Works,Open Tender,Percentage,Civil Works - Roads,No,No,NA ,06-Mar-2026 10:00 AM,NA ,90.0,No ,No,Online,16-Mar-2026 11:00 AM,Municipal Bodies||Basudevpur Municipality,Basudevpur Municipality,756125.0,1.0,"3,07,380",Lipak Kumar Muduli,"264,777",Rejected-AOC,10-Jun-2026,Municipal Bodies||Basudevpur Municipality
2026_OSPHW_128105_5,01/OPHWC/2026-27,"Construction of Establishment of CRPF Bn. Hdqtrs. at Daringbadi, Kandhamal",Building Work,Works,National Competitive Bid,Percentage,Civil Works - Buildings,No,No,NA ,13-Apr-2026 06:55 PM,NA ,90.0,No ,No,Online,28-Apr-2026 10:30 AM,Orissa State Police Housing and Welfare Corporation Ltd,Kandhamal,751022.0,2.0,"86,26,057",BIKRAM SETHI,"6,901,709",Accepted-AOC,09-Jun-2026,Orissa State Police Housing and Welfare Corporation Ltd
2026_EICCL_124928_2,RC(RANDB) RGD NO. II/ 19 /2025-26,"Special Repair to Ambodala- Belghar road such as berm cleaning, tree painting and maintenance of shoulder from 10/0 to 13/040 Km during 2025-26",Road Work,Works,Open Tender,Percentage,Civil Works - Roads,No,No,NA ,22-Jan-2026 11:00 AM,NA ,90.0,No ,No,Online,30-Jan-2026 11:00 AM,EIC-CIVIL||SERNB-CIRCLE-RAYAGADA||EERNB-DIVN-RAYAGADA NEW,Rayagada,765017.0,1.0,"2,38,375",ASHOK KULDIPIA,"238,375",Accepted-AOC,08-Jun-2026,EIC-CIVIL||SERNB-CIRCLE-RAYAGADA||EERNB-DIVN-RAYAGADA NEW
2026_ORULB_127334_1,RGDA-MUN-09/2025-26,Renovation of SDBC and BM at Gandhi Nagar School towards Kasturi Nagar 10th lane in w.no-17 and 18.,Renovation of SDBC and BM at Gandhi Nagar School towards Kasturi Nagar 10th lane in w.no-17 and 18.,Works,Open Tender,Percentage,Civil Works - Roads,No,No,NA ,16-Mar-2026 06:40 PM,NA ,90.0,No ,No,Online,31-Mar-2026 11:30 AM,Municipal Bodies||Rayagada Municipality,RAYAGADA MUNICIPALITY,765001.0,2.0,"65,49,179",G DEEPAK KUMAR,"6,542,630",Rejected-Finance,06-Jun-2026,Municipal Bodies||Rayagada Municipality
2026_EICCL_127899_1,S.E. (R and B) - 32/2025-26/NGP,Const. of Under Ground Reservoir Cum Pump House Inside the Premises of New 30 Bedded CHC Papadahandi in the Dist. of Nabarangpur (Building),Civil Work,Works,Open Tender,Percentage,Civil Works - Buildings,No,No,NA ,07-Apr-2026 12:00 PM,NA ,90.0,No ,No,Online,16-Apr-2026 11:00 AM,EIC-CIVIL||SERNB-CIRCLE-JEYPORE||EERNB Division Nabarangpur,Papadahandi,764071.0,1.0,"38,66,857",MAHESHWAR BHANDARI,"3,866,857",Rejected-Finance,12-Jun-2026,EIC-CIVIL||SERNB-CIRCLE-JEYPORE||EERNB Division Nabarangpur
2026_EICCL_125813_1,SERANDB PURI-61/2025-26,Provision of Supply Installation Testing and Commissioning of Fire Fighting System Automatic Sprinkler Automatic Fire Detection and Alarm System Fire Extinguisher and Signage System of CHC Nimapara Health Institution of Puri District,Provision of Supply Installation Testing and Commissioning of Fire Fighting System Automatic Sprinkler Automatic Fire Detection and Alarm System Fire Extinguisher and Signage System of CHC Nimapara Health Institution of Puri District,Works,National Competitive Bid,Percentage,Electrical Works,No,No,NA ,10-Feb-2026 05:30 PM,NA ,90.0,No ,No,Online,17-Feb-2026 11:00 AM,EIC-CIVIL||SERNB-CIRCLE-KHURDA||EERNB-DIVN-PURI,Puri,752001.0,1.0,"36,83,853",TRANSTECH SOLUTION,"2,755,522",Rejected-AOC,03-Jun-2026,EIC-CIVIL||SERNB-CIRCLE-KHURDA||EERNB-DIVN-PURI
2026_CERWI_125365_1,Online-AGL-32/2025-26,"Construction of road from NH -157 to Marding via- Lundrijhore, Bhaunripathar","Construction of road from NH -157 to Marding via- Lundrijhore, Bhaunripathar",Works,National Competitive Bid,Percentage,Civil Works - Roads,No,No,NA ,02-Feb-2026 09:00 AM,NA ,90.0,No ,No,Online,10-Feb-2026 10:00 AM,CE RW I||RWCIRCLE-ANGUL,Boudh,762014.0,2.0,"5,10,25,079",Swadhin Kumar sahu,"53,295,695",Rejected-AOC,19-Jun-2026,CE RW I||RWCIRCLE-ANGUL
2026_ECCHA_126597_5,"e-Procurement Notice No.ACE, EC-II 11 of 2025-26","ACE, EC-II JKID 40 of 2025-26 Scoured Bank Protection to Brahmani Right Embankment at village Bhuban on CE No.26A.",Embankment protection,Works,National Competitive Bid,Percentage,Civil Works - Others,No,No,NA ,25-Feb-2026 11:00 AM,NA ,90.0,No ,No,Online,12-Mar-2026 11:30 AM,CE AND BM MBBS CHANDIKOLE||EASTERN CIRCLE II CHANDIKOLE,Jaraka,755050.0,2.0,"2,45,59,086",SUBRAT KUMAR DASH,"20,877,679",Rejected-Finance,21-Jun-2026,CE AND BM MBBS CHANDIKOLE||EASTERN CIRCLE II CHANDIKOLE
2026_EICCL_127300_2,SE(RandB)BLS-Divn-1-55/2025-26,"Repair and Renovation to the Sub-Collector Res at Balasore for 2025-26 Such as Compound wall rising MS Angle, Barbed wire and Concertino coil round and Colouring work etc","Repair and Renovation to the Sub-Collector Res at Balasore for 2025-26 Such as Compound wall rising MS Angle, Barbed wire and Concertino coil round and Colouring work etc",Works,Open Tender,Percentage,Civil Works - Buildings,No,No,NA ,16-Mar-2026 10:00 AM,16-Mar-2026 10:00 AM ,90.0,No ,No,Online,26-Mar-2026 10:00 AM,EIC-CIVIL||SERNB-CIRCLE-EASTERN||EERNB-DIVN-BALASORE,Balasore,756001.0,1.0,,BASANTA KUMAR PATRA,"1,538,194.21",Accepted-AOC,21-Jun-2026,EIC-CIVIL||SERNB-CIRCLE-EASTERN||EERNB-DIVN-BALASORE
2026_ORULB_124306_1,28/SMC_SBP/2025-26,Construction of Paver block Road with drain from Sarbesh Sagar house to chandra Meher House at Talbhatta pada Ward No.15,Construction of Paver block Road with drain from Sarbesh Sagar house to chandra Meher House at Talbhatta pada Ward No.15,Works,Open Tender,Percentage,Civil Works - Others,No,No,NA ,13-Jan-2026 11:00 AM,NA ,120.0,No ,No,Online,27-Jan-2026 11:00 AM,Municipal Bodies||Sambalpur Municipal Corporation,SAMBALPUR MUNICIPAL CORPORATION,768006.0,1.0,"8,77,051",JAYANTA KUMAR MEHER,"877,051.67",Accepted-AOC,06-Jun-2026,Municipal Bodies||Sambalpur Municipal Corporation
2026_ORULB_125204_6,BSP_2026-27_03,Construction of Open air gym near Mahisa pada in ward no.12,Construction of Open air gym near Mahisa pada in ward no.12,Works,Open Tender,Percentage,Civil Works - Others,No,No,NA ,01-Feb-2026 10:00 AM,NA ,90.0,No ,No,Online,11-Feb-2026 11:00 AM,Municipal Bodies||Basudevpur Municipality,Basudevpur Municipality,756125.0,1.0,"5,95,393",Susmita Sethi,"510,764",Rejected-AOC,10-Jun-2026,Municipal Bodies||Basudevpur Municipality
2026_CERWI_126786_1,CCERWCSBD-Online-40/2025-26,Construction of Rural Works Division Building at Malkangiri for the year 2025-26,Construction of Rural Works Division Building at Malkangiri for the year 2025-26,Works,National Competitive Bid,Percentage,Civil Works - Buildings,No,No,NA ,28-Feb-2026 04:00 PM,NA ,90.0,No ,No,Online,18-Mar-2026 11:00 AM,CE RW I||RWCIRCLE-SUNABEDA,Malkangiri,764045.0,2.0,"1,31,20,000",Pradeepta Kumar Panda,"11,153,133.85",Rejected-AOC,29-Jun-2026,CE RW I||RWCIRCLE-SUNABEDA
2026_RMC_127909_3,MC/RMC/24/2026,Provision of lights in the Open Space and Parks at Malgodown and Basanti Colony Rourkela,Electrical,Works,Open Tender,Percentage,Electrical Works,No,No,NA ,07-Apr-2026 06:00 PM,NA ,90.0,No ,No,Online,27-Apr-2026 11:00 AM,Rourkela Municipal Corporation,Rourkela,769012.0,1.0,"8,29,000",M/S GANGA ELECTRIC,"828,881.75",Rejected-Technical,20-Jun-2026,Rourkela Municipal Corporation
2026_ORULB_126552_32,06/PKDM-2025-26,"Construction of Cover plate over drain and repair of road at Gandhi Nagar, Kamakhi Nagar, Sridhar Nagar, Sridhar Nagar, Friends Colony, Womens College road, Medical backside, Ward No.15",Construction of Cover plate over drain and repair of road work,Works,Open Tender,Percentage,Civil Works - Others,No,No,NA ,27-Feb-2026 10:00 AM,NA ,90.0,No ,No,Online,13-Mar-2026 11:00 AM,Municipal Bodies||Parlakhemundi Municipal Council,Paralakhemundi Municipality,761200.0,1.0,"15,44,048",NARENDRA BADAMUNDI,"1,528,607",Rejected-AOC,08-Jun-2026,Municipal Bodies||Parlakhemundi Municipal Council
2026_ORULB_127314_4,43/SMC_SBP/2025-26,"Construction of paver block road from B. B Nagar main road to Suraj Munda house, ward no.19","Construction of paver block road from B. B Nagar main road to Suraj Munda house, ward no.19",Works,Open Tender,Percentage,Civil Works - Others,No,No,NA ,17-Mar-2026 04:00 PM,NA ,120.0,No ,No,Online,30-Mar-2026 11:00 AM,Municipal Bodies||Sambalpur Municipal Corporation,SAMBALPUR MUNICIPAL CORPORATION,768006.0,1.0,"21,19,298",JK CONSTRUCTION AND EQUIPMENT,"2,119,298.18",Rejected-Technical,23-Jun-2026,Municipal Bodies||Sambalpur Municipal Corporation
2026_OSCSC_126790_1,526 Dt. 27.02.2026,"Selection and appointment of Handling Contractor (Labour works) for handling of food grain (Rice, wheat etc) at all the RRCs (except in those PEG godowns where godown owner is undertaking handling work) of Sundargarh District","Selection and appointment of Handling Contractor (Labour works) for handling of food grain (Rice, wheat etc) at all the RRCs (except in those PEG godowns where godown owner is undertaking handling work) of Sundargarh District",Services,Open Tender,Percentage,Handling and Transportation,No,No,NA ,02-Mar-2026 10:00 AM,06-Mar-2026 11:00 AM ,45.0,No ,No,Online,17-Mar-2026 11:00 AM,Odisha State Civil Supplies Corp. Ltd.||CSO cum DM Sundargarh,Sundargarh,770001.0,2.0,"1,41,28,942",MAHALAXMI CYCLE STORE,"14,128,942",Accepted-AOC,06-Jun-2026,Odisha State Civil Supplies Corp. Ltd.||CSO cum DM Sundargarh
2026_ORULB_126552_26,06/PKDM-2025-26,"Construction of Cover plate over drain and repair of road at Keuta St, Rekhana St. to Keuta St., Rekhana St., Sai Mandir road, Matia St., Tota Street, Ward No.8",Construction of Cover plate over drain and repair of road work,Works,Open Tender,Percentage,Civil Works - Others,No,No,NA ,27-Feb-2026 10:00 AM,NA ,90.0,No ,No,Online,13-Mar-2026 11:00 AM,Municipal Bodies||Parlakhemundi Municipal Council,Paralakhemundi Municipality,761200.0,1.0,"3,59,653",SHRIRAM UTTAM,"356,056",Rejected-Technical,08-Jun-2026,Municipal Bodies||Parlakhemundi Municipal Council
2026_CERWI_125202_3,Online Tender17/SERW Division Boudh 2025-26,Construction of RI Office Cum Residence Building at Debagarh for the year 2024-25,Construction of RI Office Cum Residence Building at Debagarh for the year 2024-25,Works,Open Tender,Percentage,Civil Works - Buildings,No,No,NA ,30-Jan-2026 03:00 PM,NA ,90.0,No ,No,Online,11-Feb-2026 11:00 AM,CE RW I||RWCIRCLE-BERHAMPUR||RWDIVISION-BOUDH,O/o SERWDivision Boudh,762014.0,2.0,"58,97,349",MANOJA KUMAR SAHOO,"5,891,452",Rejected-Finance,04-Jun-2026,CE RW I||RWCIRCLE-BERHAMPUR||RWDIVISION-BOUDH
2026_PRBDO_127479_6,04/2025-26/DGN,"REPAIR AND RENOVATION OF KASTURBA GANDHI BALIKA VIDYALAYA GIRLS HOSTEL BUILDING AT PONNY SUGAR MILL UPS UNDER DEOGAON BLOCK (Civil, El) Composite Tender",REPAIR AND RENOVATION OF KASTURBA GANDHI BALIKA VIDYALAYA GIRLS HOSTEL BUILDING AT PONNY SUGAR MILL UPS UNDER DEOGAON BLOCK Civil El Composite Tender.,Works,Open Tender,Percentage,Civil Works - Buildings,No,No,NA ,23-Mar-2026 10:00 AM,NA ,90.0,No ,No,Online,09-Apr-2026 11:00 AM,Panchayati Raj and Drinking Water Department Odisha||Zilla Parisad Balangir||DEOGAON Block,DEOGAON,767029.0,2.0,"21,02,279",ADITYA DHARUA,"1,934,097",Accepted-AOC,20-Jun-2026,Panchayati Raj and Drinking Water Department Odisha||Zilla Parisad Balangir||DEOGAON Block
2026_EICCL_126534_6,SE (R and B) Angul-74/ 2025-26,"Supply and Installation of 250 kva Substation, 11kv HT line with HT Metering Unit for Power Supply to I and C Center R.T.O, Angul for the Year 2025-26.","Supply and Installation of 250 kva Substation, 11kv HT line with HT Metering Unit for Power Supply to I and C Center R.T.O, Angul for the Year 2025-26.",Works,Open Tender,Percentage,Electrical Works,No,No,NA ,24-Feb-2026 04:00 PM,NA ,90.0,No ,No,Online,07-Mar-2026 11:00 AM,EIC-CIVIL||SERNB-CIRCLE-DHENKANAL||EERNB Angul Division,ANGUL,759122.0,1.0,"25,46,118",M/S SHREE GANESH POWER TECH,"2,546,118",Accepted-AOC,23-Jun-2026,EIC-CIVIL||SERNB-CIRCLE-DHENKANAL||EERNB Angul Division
2026_ORULB_124261_3,CMC)CTC_Div-IIINo.34/25-26,S/R to CC road in between Shanti Vihar Chhack to Jagannath Vihar Chahck in Ward No.43.,S/R to CC road in between Shanti Vihar Chhack to Jagannath Vihar Chahck in Ward No.43.,Works,Open Tender,Percentage,Civil Works - Others,No,No,NA ,22-Jan-2026 11:00 AM,NA ,105.0,No ,No,Online,09-Feb-2026 10:00 AM,Municipal Bodies||Cuttack Municipal Corporation,CMC,753012.0,1.0,"10,19,420",CHANDRA SEKHAR SAHOO,"1,060,197",Accepted-AOC,15-Jun-2026,Municipal Bodies||Cuttack Municipal Corporation
2026_PRBDN_127333_6,DSB-03/2025-26,CONSTRUCTION OF GPLF BUILDING WITH MARKET COMPLEX AT BELTIKIRI,CONSTRUCTION OF GPLF BUILDING WITH MARKET COMPLEX,Works,Open Tender,Percentage,Civil Works - Buildings,No,No,NA ,17-Mar-2026 10:00 AM,NA ,120.0,No ,No,Online,31-Mar-2026 11:00 AM,Panchayati Raj and Drinking Water Department Odisha||Zilla Parisad Dhenkanal||DHENKANAL (SADAR) Block,"Sadar Block,Dhenkanal",759001.0,1.0,"24,44,369",Anshuman Swain,"2,444,369.493",Rejected-AOC,05-Jun-2026,Panchayati Raj and Drinking Water Department Odisha||Zilla Parisad Dhenkanal||DHENKANAL (SADAR) Block
2026_ORULB_124509_3,BMC-EE-Tender Cell-62/2025-26 Dt. 12.01.2026,Improvement of boundary wall of Durga Madap at Prashanti Vihar in ward no.01,Improvement of boundary wall of Durga Madap at Prashanti Vihar in ward no.01,Works,Open Tender,Percentage,Civil Works - Others,No,No,NA ,15-Jan-2026 10:30 AM,19-Jan-2026 04:30 PM ,120.0,No ,No,Online,27-Jan-2026 04:00 PM,Municipal Bodies||Bhubaneswar Municipal Corporation,BMC AREA,751022.0,1.0,"12,65,768",DIPTASUNDAR SWAIN,"1,493,606",Accepted-AOC,19-Jun-2026,Municipal Bodies||Bhubaneswar Municipal Corporation
2026_STSCD_127876_1,BidIdentificationNo-01/2026-27,"Construction of Additional Class Room at EMRS, Bahalda under Bahalda Block.","Construction of Additional Class Room at EMRS, Bahalda under Bahalda Block.",Works,Open Tender,Percentage,Civil Works - Buildings,No,No,NA ,07-Apr-2026 11:00 AM,NA ,90.0,No ,No,Online,22-Apr-2026 11:00 AM,ST and SC Development Deptt||ITDA Rairangpur,EMRS Bahalda,757046.0,1.0,"39,22,737",ABHISEK KUMAR MOHANTY,"3,903,123.32",Accepted-AOC,26-Jun-2026,ST and SC Development Deptt||ITDA Rairangpur
2026_ORULB_126857_126,06/BGH- MUN/2025-26,"Construction CC road, drain and slab from Arabinda Nagar in front of Saar factory","Construction CC road, drain and slab from Arabinda Nagar in front of Saar factory",Works,Open Tender,Percentage,Civil Works - Others,No,No,NA ,06-Mar-2026 04:00 PM,NA ,90.0,No ,No,Online,17-Mar-2026 11:00 AM,Municipal Bodies||Bargarh Municipal Council,Bargarh,768028.0,1.0,"18,00,000",BHARAT MOHANTY,"1,216,278.331",Rejected-Finance,06-Jun-2026,Municipal Bodies||Bargarh Municipal Council
2026_ORULB_124590_46,BBLM-6/2025-26,"Repair of bye lane in Ward No.8, Barbil","Repair of bye lane in Ward No.8, Barbil",Works,Open Tender,Percentage,Civil Works - Roads,No,No,NA ,20-Jan-2026 10:00 AM,NA ,90.0,No ,No,Online,04-Feb-2026 11:00 AM,Municipal Bodies||Barbil Municipality,Barbil,758035.0,2.0,"20,00,000",RAJAT KUMAR DAS,"2,097,909",Accepted-AOC,25-Jun-2026,Municipal Bodies||Barbil Municipality
2026_ORULB_128192_15,BBLM-1/2026-27,"Development of Water Body at Nalda, Ward No.1, Barbil","Development of Water Body at Nalda, Ward No.1, Barbil",Works,Open Tender,Percentage,Civil Works - Others,No,No,NA ,20-Apr-2026 10:00 AM,NA ,90.0,No ,No,Online,04-May-2026 11:00 AM,Municipal Bodies||Barbil Municipality,Barbil,758035.0,2.0,"16,00,000",UMESHCHANDRA MUNDA,"1,671,636",Rejected-Finance,25-Jun-2026,Municipal Bodies||Barbil Municipality
2026_EICCL_127243_1,SE (R AND B) BGR/ 33/ 2025-26,"Repair and renovation of DIC office building such as wall putty, plastic emulsion, brick work, plastering, false ceiling, UPV Door and windows etc. for the year 2025-26",Building work,Works,National Competitive Bid,Percentage,Civil Works - Buildings,No,No,NA ,13-Mar-2026 10:00 AM,NA ,90.0,No ,No,Online,24-Mar-2026 11:00 AM,EIC-CIVIL||SERNB-CIRCLE-BOLANGIR||EERNB DIVN BOLANGIR,Bolangir,767001.0,1.0,"20,34,000",ANKIT MAJHI,"2,031,966",Rejected-Finance,09-Jun-2026,EIC-CIVIL||SERNB-CIRCLE-BOLANGIR||EERNB DIVN BOLANGIR
2026_CERWI_126970_1,CCE-BLS-NCB NO-61 OF 2025-26,Construction of road from Gopibindha to Baikunthapura via Dashsahi Laxminarayanpur under MMSY-CMRL Scheme in the District of Balasore for the year 2025-26 - 42/6545,Construction of road from Gopibindha to Baikunthapura via Dashsahi Laxminarayanpur under MMSY-CMRL Scheme in the District of Balasore for the year 2025-26 - 42/6545,Works,National Competitive Bid,Percentage,Civil Works - Roads,No,No,NA ,07-Mar-2026 03:00 PM,NA ,90.0,No ,No,Online,17-Mar-2026 11:00 AM,CE RW I||RWCIRCLE-BALASORE,Balasore,756056.0,2.0,"3,15,31,482",Rakesh Panda,"28,031,487",Accepted-AOC,24-Jun-2026,CE RW I||RWCIRCLE-BALASORE
2026_ORULB_124590_52,BBLM-6/2025-26,"Construction of short lane at Bakal hutting and Megazine hutting and repair of road at Azad basti, Ward No.8, Barbil","Construction of short lane at Bakal hutting and Megazine hutting and repair of road at Azad basti, Ward No.8, Barbil",Works,Open Tender,Percentage,Civil Works - Others,No,No,NA ,20-Jan-2026 10:00 AM,NA ,90.0,No ,No,Online,04-Feb-2026 11:00 AM,Municipal Bodies||Barbil Municipality,Barbil,758035.0,2.0,"14,80,000",ISWAR CHANDRA SAMAL,"1,555,110",Accepted-AOC,01-Jun-2026,Municipal Bodies||Barbil Municipality
2026_CERWI_125669_1,SERWDGH-Online-11 of 2025-26,Repair of Twin F type qtr G plus1 Qtr No.F11 F12 and 13 at RW Colony Deogarh for the year 2025-26 in the district of Deogarh,Building,Works,Open Tender,Percentage,Civil Works - Buildings,No,No,NA ,06-Feb-2026 05:00 PM,NA ,90.0,No ,No,Online,13-Feb-2026 11:00 AM,CE RW I||RWCIRCLE-SAMBALPUR||RWDIVISION-DEOGARH,Deogarh,768119.0,1.0,"3,38,982",SUBRATA SAHU,"225,762",Rejected-AOC,21-Jun-2026,CE RW I||RWCIRCLE-SAMBALPUR||RWDIVISION-DEOGARH
2026_ORULB_126857_70,06/BGH- MUN/2025-26,Const of CC Road at saileshrivihar w.no-18,Const of CC Road at saileshrivihar w.no-18,Works,Open Tender,Percentage,Civil Works - Others,No,No,NA ,06-Mar-2026 04:00 PM,NA ,90.0,No ,No,Online,17-Mar-2026 11:00 AM,Municipal Bodies||Bargarh Municipal Council,Bargarh,768028.0,1.0,"18,01,400",RANJAN SETH,"1,221,288.03",Rejected-Finance,10-Jun-2026,Municipal Bodies||Bargarh Municipal Council
2026_CERWI_127232_1,Online Tender-23 RWD Kuchinda 2025-26,S/R to D Type Twin Qtr at R.W Colony Kuchinda in the District of Sambalpur for the year 2025-26.,S/R to D Type Twin Qtr at R.W Colony Kuchinda in the District of Sambalpur for the year 2025-26.,Works,National Competitive Bid,Percentage,Civil Works - Buildings,No,No,NA ,12-Mar-2026 06:00 PM,NA ,90.0,No ,No,Online,19-Mar-2026 11:00 AM,CE RW I||RWCIRCLE-SAMBALPUR||RW Division Kuchinda,Kuchinda,768222.0,1.0,"5,08,465",BAPUN DHURUA,"507,956",Accepted-AOC,23-Mar-2026,CE RW I||RWCIRCLE-SAMBALPUR||RW Division Kuchinda
2026_EICCL_127593_1,SE RandB BDK-45/2025-26-5,Shifting of 11 KV/DTR/LT Line for widening and strengthening of Barikpur-Dhamnagar road from 250 KVA transformer to 100 KVA Transformer (Khanqua S/S).,Shifting of 11 KV/DTR/LT Line for widening and strengthening of Barikpur-Dhamnagar road from 250 KVA transformer to 100 KVA Transformer (Khanqua S/S).,Works,Open Tender,Percentage,Electrical Works,No,No,NA ,25-Mar-2026 12:00 PM,NA ,90.0,No ,No,Online,31-Mar-2026 11:30 AM,EIC-CIVIL||SERNB-CIRCLE-EASTERN||EERNB-DIVN-BHADRAK,Bhadrak,756100.0,1.0,,ICON BUILDERS,"3,200,150.99",Accepted-AOC,18-Jun-2026,EIC-CIVIL||SERNB-CIRCLE-EASTERN||EERNB-DIVN-BHADRAK
2026_CERWI_125669_5,SERWDGH-Online-11 of 2025-26,Repair of 30 men barrak at Reamal Polce Station for the year 2025-26 in the district of Deogarh.,Building,Works,Open Tender,Percentage,Civil Works - Buildings,No,No,NA ,06-Feb-2026 05:00 PM,NA ,90.0,No ,No,Online,13-Feb-2026 11:00 AM,CE RW I||RWCIRCLE-SAMBALPUR||RWDIVISION-DEOGARH,Deogarh,768119.0,1.0,"2,54,189",SHARAT KUMAR SAHOO,"188,100",Rejected-AOC,21-Jun-2026,CE RW I||RWCIRCLE-SAMBALPUR||RWDIVISION-DEOGARH
2026_PRBGR_127361_2,1.0,Construction of GPLF Building with Market Complex at Rungaon GP,Construction of GPLF Building cum Market Complex at Rungaon GP,Works,Open Tender,Percentage,Civil Works - Buildings,No,No,NA ,07-Apr-2026 11:00 AM,NA ,90.0,No ,No,Offline,02-May-2026 09:00 AM,Panchayati Raj and Drinking Water Department Odisha||Zilla Parisad Sundargarh||BADAGAON Block,rungaon GP,770016.0,2.0,"23,12,357",JAYANTA KUMAR BISI,"2,310,045",Rejected-AOC,29-May-2026,Panchayati Raj and Drinking Water Department Odisha||Zilla Parisad Sundargarh||BADAGAON Block
2026_CERWI_126353_1,RWD Ctc-23/2025-26,S/R to Kulia to Sanaratpati for the year 2025-26,S/R to Kulia to Sanaratpati for the year 2025-26,Works,Open Tender,Percentage,Civil Works - Roads,No,No,NA ,21-Feb-2026 12:00 PM,NA ,90.0,No ,No,Online,27-Feb-2026 11:00 AM,CE RW I||RWCIRCLE-CUTTACK||RWDIVISION-CUTTACK,Cuttack,753004.0,2.0,"55,96,974",SOUMYA RANJAN SARANGI,"4,161,350.45",Rejected-Finance,02-Jun-2026,CE RW I||RWCIRCLE-CUTTACK||RWDIVISION-CUTTACK
2026_OSPHW_127560_5,30/OPHWC/2025-26,Constn. of 6 nos. F type Staff Qtrs. at 4th SSBN. Malkangiri,Building Work,Works,National Competitive Bid,Percentage,Civil Works - Buildings,No,No,NA ,24-Mar-2026 06:55 PM,NA ,90.0,No ,No,Online,08-Apr-2026 10:30 AM,Orissa State Police Housing and Welfare Corporation Ltd,Malkangiri,751022.0,2.0,"1,63,20,462",PUJA SARKAR,"13,214,678",Rejected-Finance,04-Jun-2026,Orissa State Police Housing and Welfare Corporation Ltd
2026_CERWI_125060_1,Road Online-AGL-34/2025-26,R.D road (Brahmanidei Chhak Arahata) to PWD Road (Kundapathar) Via Arahata Nuanali,R.D road (Brahmanidei Chhak Arahata) to PWD Road (Kundapathar) Via Arahata Nuanali,Works,National Competitive Bid,Percentage,Civil Works - Roads,No,No,NA ,29-Jan-2026 09:00 AM,NA ,90.0,No ,No,Online,12-Feb-2026 10:00 AM,CE RW I||RWCIRCLE-ANGUL,Angul,759143.0,2.0,"2,99,02,244",RUPESH CHANDRA PRADHAN,"29,902,244",Rejected-AOC,19-Jun-2026,CE RW I||RWCIRCLE-ANGUL
2026_EICCL_125817_1,SERANDB PURI-61/2025-26,Provision of Supply Installation Testing and Commissioning of Fire Fighting System Automatic Sprinkler Automatic Fire Detection and Alarm System Fire Extinguisher and Signage System of CHC Charichhaka Health Institution of Puri District,Provision of Supply Installation Testing and Commissioning of Fire Fighting System Automatic Sprinkler Automatic Fire Detection and Alarm System Fire Extinguisher and Signage System of CHC Charichhaka Health Institution of Puri District,Works,National Competitive Bid,Percentage,Electrical Works,No,No,NA ,10-Feb-2026 05:30 PM,NA ,90.0,No ,No,Online,17-Feb-2026 11:00 AM,EIC-CIVIL||SERNB-CIRCLE-KHURDA||EERNB-DIVN-PURI,Puri,752001.0,1.0,"34,65,541",TRANSTECH SOLUTION,"2,592,225",Rejected-Technical,03-Jun-2026,EIC-CIVIL||SERNB-CIRCLE-KHURDA||EERNB-DIVN-PURI
2026_ORULB_128192_11,BBLM-1/2026-27,"Development of Hat near Laxmi padia in Ward No.6, Barbil Municipality","Development of Hat near Laxmi padia in Ward No.6, Barbil Municipality",Works,Open Tender,Percentage,Civil Works - Others,No,No,NA ,20-Apr-2026 10:00 AM,NA ,90.0,No ,No,Online,04-May-2026 11:00 AM,Municipal Bodies||Barbil Municipality,Barbil,758035.0,2.0,"15,02,000",BIKRAM KUMAR MOHANTY,"1,276,732",Rejected-Finance,22-Jun-2026,Municipal Bodies||Barbil Municipality
2026_EICCL_124989_7,CCEEC-16/2025-26,Improvement such as widening and strengthening of Seragarh Nilagiri Kaptipada Udala Baripada Medinapur border road (old portion) from Kaptipada Golei to Kaptipada New Bus Stand Via Kaptipada Ratha Danda from 0/000 km to 1/135 km in the district of Ma,Road Work,Works,National Competitive Bid,Percentage,Civil Works - Roads,No,No,NA ,22-Jan-2026 06:55 PM,NA ,90.0,No ,No,Online,06-Feb-2026 11:00 AM,EIC-CIVIL||SERNB-CIRCLE-EASTERN,Mayurbhanj,757001.0,2.0,"6,29,26,944",ISHIKA CONSTRUCTION,"50,347,848",Accepted-AOC,26-Jun-2026,EIC-CIVIL||SERNB-CIRCLE-EASTERN
2026_CERWI_125749_13,Online Tender/48-2025-26/BPR,Construction of Kadua to Alamada via Goudasahi and Dalakhai road in the District of Ganjam under MMSY-TRIP for the year 2025-26,Construction of Kadua to Alamada via Goudasahi and Dalakhai road in the District of Ganjam under MMSY-TRIP for the year 2025-26,Works,National Competitive Bid,Percentage,Civil Works - Roads,No,No,NA ,09-Feb-2026 02:00 PM,NA ,90.0,No ,No,Online,21-Feb-2026 11:00 AM,CE RW I||RWCIRCLE-BERHAMPUR,Bhanjanagar,760011.0,2.0,"5,91,87,000",Prabhat Chandra Dalabehera,"61,986,336",Accepted-AOC,04-Jun-2026,CE RW I||RWCIRCLE-BERHAMPUR
2026_PRBDO_127479_2,04/2025-26/DGN,"CONSTRUCTION OF OFFICE BUILDING WITH MARKET COMPLEX FOR GRAM PANCHAYAT LEVEL FEDERATIONS AT SARASMAL GP, UNDER DEOGAON BLOCK","CONSTRUCTION OF OFFICE BUILDING WITH MARKET COMPLEX FOR GRAM PANCHAYAT LEVEL FEDERATIONS AT SARASMAL GP, UNDER DEOGAON BLOCK",Works,Open Tender,Percentage,Civil Works - Buildings,No,No,NA ,23-Mar-2026 10:00 AM,NA ,90.0,No ,No,Online,09-Apr-2026 11:00 AM,Panchayati Raj and Drinking Water Department Odisha||Zilla Parisad Balangir||DEOGAON Block,DEOGAON,767029.0,2.0,"23,44,949",SRIPATI CHHATRIA,"2,295,705",Rejected-Finance,20-Jun-2026,Panchayati Raj and Drinking Water Department Odisha||Zilla Parisad Balangir||DEOGAON Block
2026_STSCD_127876_5,BidIdentificationNo-01/2026-27,"Preparation of Football Ground and other Sports Activity at EMRS, Bahalda under Bahalda Block.","Preparation of Football Ground and other Sports Activity at EMRS, Bahalda under Bahalda Block.",Works,Open Tender,Percentage,Civil Works - Others,No,No,NA ,07-Apr-2026 11:00 AM,NA ,90.0,No ,No,Online,22-Apr-2026 11:00 AM,ST and SC Development Deptt||ITDA Rairangpur,EMRS Bahalda,757046.0,1.0,"13,80,679",AMIT KUMAR MOHAKUD,"1,373,775.61",Accepted-AOC,26-Jun-2026,ST and SC Development Deptt||ITDA Rairangpur
2026_PRBDN_127333_2,DSB-03/2025-26,CONSTRUCTION OF GPLF BUILDING WITH MARKET COMPLEX AT DHIRAPATANA,CONSTRUCTION OF GPLF BUILDING WITH MARKET COMPLEX,Works,Open Tender,Percentage,Civil Works - Buildings,No,No,NA ,17-Mar-2026 10:00 AM,NA ,120.0,No ,No,Online,31-Mar-2026 11:00 AM,Panchayati Raj and Drinking Water Department Odisha||Zilla Parisad Dhenkanal||DHENKANAL (SADAR) Block,"Sadar Block,Dhenkanal",759001.0,1.0,"24,89,169",Basanta Kumar Sethi,"2,489,169.008",Rejected-AOC,05-Jun-2026,Panchayati Raj and Drinking Water Department Odisha||Zilla Parisad Dhenkanal||DHENKANAL (SADAR) Block
2026_ORULB_126552_22,06/PKDM-2025-26,"Construction of Cover plate over drain and repair of road at Katika St., Deo St., Palace backside, Jangam St., Pooli St., Mrudinga St., Gandhi School road, Ward No.5",Construction of Cover plate over drain and repair of road work,Works,Open Tender,Percentage,Civil Works - Others,No,No,NA ,27-Feb-2026 10:00 AM,NA ,90.0,No ,No,Online,13-Mar-2026 11:00 AM,Municipal Bodies||Parlakhemundi Municipal Council,Paralakhemundi Municipality,761200.0,1.0,"11,84,553",KARUNA KAR SABAR,"1,184,435",Rejected-AOC,08-Jun-2026,Municipal Bodies||Parlakhemundi Municipal Council
2026_CERWI_125615_1,Online Tender- 15/EERWDBLG/2025-26,"Construction of Additional Class Room for Bapuji Higher Secondary Schoo Building ,Kotagarh for the year 2025-26","Construction of Additional Class Room for Bapuji Higher Secondary Schoo Building ,Kotagarh for the year 2025-26",Works,National Competitive Bid,Percentage,Civil Works - Buildings,No,No,NA ,05-Feb-2026 06:00 PM,NA ,90.0,No ,No,Online,13-Feb-2026 11:30 AM,CE RW I||RWCIRCLE-BERHAMPUR||EE RW Divn. Baliguda,Balliguda/Kandhamal/Odisha,762103.0,1.0,"19,09,818",BIJAYALAXMI MISHRA,"1,623,537",Accepted-AOC,12-Jun-2026,CE RW I||RWCIRCLE-BERHAMPUR||EE RW Divn. Baliguda
2026_ORULB_126552_36,06/PKDM-2025-26,"Construction of road and drain Subhadra Bihar to Magha field, Ward No.7",Construction of road and drain work,Works,Open Tender,Percentage,Civil Works - Others,No,No,NA ,27-Feb-2026 10:00 AM,NA ,90.0,No ,No,Online,13-Mar-2026 11:00 AM,Municipal Bodies||Parlakhemundi Municipal Council,Paralakhemundi Municipality,761200.0,1.0,"13,14,308",HARIS CHANDRA NAYAK,"1,301,165",Rejected-Technical,08-Jun-2026,Municipal Bodies||Parlakhemundi Municipal Council
2026_CERWI_125202_7,Online Tender17/SERW Division Boudh 2025-26,Construction of RI Office Cum Residence Building at Gundulia for the year 2024-25,Construction of RI Office Cum Residence Building at Gundulia for the year 2024-25,Works,Open Tender,Percentage,Civil Works - Buildings,No,No,NA ,30-Jan-2026 03:00 PM,NA ,90.0,No ,No,Online,11-Feb-2026 11:00 AM,CE RW I||RWCIRCLE-BERHAMPUR||RWDIVISION-BOUDH,O/o SERWDivision Boudh,762014.0,2.0,"60,13,707",ASHARANI DALAL,"6,007,693",Accepted-AOC,18-Jun-2026,CE RW I||RWCIRCLE-BERHAMPUR||RWDIVISION-BOUDH
2026_KPRIP_127848_3,"SE,KRC AND BD-25(2025-26)",Construction of Boundary Wall to Ayurvedic center at Angulia R and R colony For the DPs of Village Chamakapur Under KIP,Construction of Boundary Wall to Ayurvedic center at Angulia R and R colony For the DPs of Village Chamakapur Under KIP,Works,National Competitive Bid,Percentage,Civil Works - Buildings,No,No,NA ,06-Apr-2026 10:00 AM,NA ,90.0,No ,No,Online,16-Apr-2026 11:00 AM,Kanupur Irrigation Project||CCE-Kanupur||Kanupur R C AND B,SE Kanupur Reh. C and B Division Basudevpur,758047.0,1.0,"5,84,453",PRAMOD KUMAR DAS,"490,999",Accepted-AOC,02-Jun-2026,Kanupur Irrigation Project||CCE-Kanupur||Kanupur R C AND B
2026_ORULB_125204_2,BSP_2026-27_03,Open space devlopment of Mandari Chandan field in ward no.6,Open space devlopment of Mandari Chandan field in ward no.6,Works,Open Tender,Percentage,Civil Works - Others,No,No,NA ,01-Feb-2026 10:00 AM,NA ,90.0,No ,No,Online,11-Feb-2026 11:00 AM,Municipal Bodies||Basudevpur Municipality,Basudevpur Municipality,756125.0,1.0,"6,50,603",Pitambar Mandal,"610,331",Rejected-AOC,10-Jun-2026,Municipal Bodies||Basudevpur Municipality
2026_EICCL_124281_10,RC(RANDB) RGD NO. II/ 15 /2025-26,"R/R of Revenue IB Gudari such as painting, grading concrete, fixing of new UPVC doors, windows and compound wall during 2025-26",Building Work,Works,Open Limited,Percentage,Civil Works - Buildings,No,No,NA ,08-Jan-2026 11:00 AM,NA ,90.0,No ,No,Online,16-Jan-2026 11:00 AM,EIC-CIVIL||SERNB-CIRCLE-RAYAGADA||EERNB-DIVN-RAYAGADA NEW,Gudari,765026.0,1.0,"5,09,967",Bighnaraj Barik,"433,523",Rejected-AOC,04-Jun-2026,EIC-CIVIL||SERNB-CIRCLE-RAYAGADA||EERNB-DIVN-RAYAGADA NEW
2026_ORULB_125568_17,BM-BDK-07-2025-26,Repair of Pot Holes and Construction of Rcc Slab in ward no.17,Repair of Pot Holes and Construction of Rcc Slab in ward no.17,Works,Open Tender,Percentage,Civil Works - Others,No,No,NA ,09-Feb-2026 10:00 AM,NA ,90.0,No ,No,Online,19-Feb-2026 11:00 AM,Municipal Bodies||Bhadrak Municipality,Bhadrak Municipality,756100.0,1.0,"2,61,796",BIDYADHAR BEHERA,"259,099.5",Rejected-AOC,29-Jun-2026,Municipal Bodies||Bhadrak Municipality
2026_ORULB_124105_2,BMC-EE-Tender Cell-59/2025-26 Dt. 30.12.2025,Construction of Road from Plot No.8125(Gitanjali Swain) to Plot No. 4753 near RIET School in Ward No. 11,Construction of Road from Plot No.8125(Gitanjali Swain) to Plot No. 4753 near RIET School in Ward No. 11,Works,Open Tender,Percentage,Civil Works - Roads,No,No,NA ,03-Jan-2026 10:30 AM,09-Jan-2026 04:00 PM ,120.0,No ,No,Online,16-Jan-2026 11:00 AM,Municipal Bodies||Bhubaneswar Municipal Corporation,BMC AREA,751022.0,1.0,"23,74,055",AMARESH SAHOO,"2,381,457",Rejected-Finance,03-Jun-2026,Municipal Bodies||Bhubaneswar Municipal Corporation
2026_ORULB_125862_6,33/SMC_SBP/2025-26,"Repairing of road and drain from Dhankauda Block office to NH via village, Ward No-29, under SMC Sambalpur","Repairing of road and drain from Dhankauda Block office to NH via village, Ward No-29, under SMC Sambalpur",Works,National Competitive Bid,Percentage,Civil Works - Others,No,No,NA ,13-Feb-2026 11:00 AM,NA ,120.0,No ,No,Online,06-Mar-2026 11:00 AM,Municipal Bodies||Sambalpur Municipal Corporation,SAMBALPUR MUNICIPAL CORPORATION,768006.0,2.0,"52,52,966",Gopabandhu Oram,"5,252,966.79",Accepted-AOC,24-Jun-2026,Municipal Bodies||Sambalpur Municipal Corporation
2026_OPEPA_129070_1,IFB-DPC SS KPT ACR 140/144 OF 2024-25,CONSTRUCTION OF 1 NO ADDITIONAL CLASS ROOM BUILDING AT BAGHLAMATI PROJ PS OF DASMANTPUR BLOCK,CONSTRUCTION OF 1 NO ADDITIONAL CLASS ROOM BUILDING AT BAGHLAMATI PROJ PS OF DASMANTPUR BLOCK,Works,Open Tender,Percentage,Civil Works - Buildings,No,No,NA ,11-May-2026 11:00 AM,NA ,90.0,No ,No,Online,26-May-2026 11:30 AM,OPEPA Bhubaneswar||Samagra Shiksha Koraput,BAGHLAMATI PROJ PS OF DASMANTPUR BLOCK,764028.0,1.0,"14,45,381",PADMA CHARAN BISOI,"1,443,935",Accepted-AOC,09-Jun-2026,OPEPA Bhubaneswar||Samagra Shiksha Koraput
2026_ORULB_125882_3,BMC-EE-Tender Cell-70/2025-26 Dt. 11.02.2026,Construction of RCC Precast compound wall of Mandap Basti in Ward No. 09,Construction of RCC Precast compound wall of Mandap Basti in Ward No. 09,Works,Open Tender,Percentage,Civil Works - Others,No,No,NA ,14-Feb-2026 10:30 AM,18-Feb-2026 04:00 PM ,120.0,No ,No,Online,24-Feb-2026 11:00 AM,Municipal Bodies||Bhubaneswar Municipal Corporation,BMC AREA,751022.0,1.0,"39,86,738",AMARES KUMAR SAMAL,"4,234,386",Rejected-Finance,19-Jun-2026,Municipal Bodies||Bhubaneswar Municipal Corporation
2026_CERWI_125434_1,Online-AGL-33/2025-26,Construction of road from Machhakuta jungle to Jayapanga Road,Construction of road from Machhakuta jungle to Jayapanga Road,Works,National Competitive Bid,Percentage,Civil Works - Roads,No,No,NA ,03-Feb-2026 09:00 AM,NA ,90.0,No ,No,Online,16-Feb-2026 05:30 PM,CE RW I||RWCIRCLE-ANGUL,Angul,759143.0,2.0,"6,67,12,129",MAHENDRA SAHOO,"66,712,129",Accepted-AOC,19-Jun-2026,CE RW I||RWCIRCLE-ANGUL
2026_PRKMN_129415_7,E-Procurement Notice No.(PSKMN)01/2026-27vide letter no 3039dt.14/5/2026,"Construction of A.E.E. Quarter, Block-Komna","Construction of A.E.E. Quarter, Block-Komna",Works,Open Tender,Percentage,Civil Works - Buildings,No,No,NA ,20-May-2026 10:00 AM,NA ,90.0,No ,No,Online,04-Jun-2026 11:00 AM,Panchayati Raj and Drinking Water Department Odisha||Zilla Parisad Nuapada||KOMNA Block,Komna,766106.0,1.0,"11,67,271",RAJIB KUMAR HOTA,"1,164,353",Accepted-AOC,29-Jun-2026,Panchayati Raj and Drinking Water Department Odisha||Zilla Parisad Nuapada||KOMNA Block
2026_OSPHW_128105_1,01/OPHWC/2026-27,"Construction of Atal Bus Stand (B-Type) at Sanadudhianali under Athamallick Block, Angul.",Building Work,Works,National Competitive Bid,Percentage,Civil Works - Buildings,No,No,NA ,13-Apr-2026 06:55 PM,NA ,90.0,No ,No,Online,28-Apr-2026 10:30 AM,Orissa State Police Housing and Welfare Corporation Ltd,Angul,751022.0,2.0,"27,96,30,426",BKD INFRASTRUCTURE PRIVATE LIMITED,"248,395,707",Accepted-AOC,10-Jun-2026,Orissa State Police Housing and Welfare Corporation Ltd
2026_ORULB_128122_7,03/SMC_SBP/2026-27,"Construction of CC road and drain at Roypada samaleswari temple area, Ward no.17.","Construction of CC road and drain at Roypada samaleswari temple area, Ward no.17.",Works,Open Tender,Percentage,Civil Works - Others,No,No,NA ,18-Apr-2026 11:00 AM,NA ,120.0,No ,No,Online,28-Apr-2026 11:00 AM,Municipal Bodies||Sambalpur Municipal Corporation,SAMBALPUR MUNICIPAL CORPORATION,768004.0,1.0,"12,71,756",SAROJ SETH,"1,271,756.39",Rejected-Technical,16-Jun-2026,Municipal Bodies||Sambalpur Municipal Corporation
2026_EICCL_124445_1,SERANDB PURI-53/2025-26,Construction of (R and B)Section office at Brahmagiri in the district of Puri. (Building Work),Construction of (R and B)Section office at Brahmagiri in the district of Puri. (Building Work),Works,National Competitive Bid,Percentage,Civil Works - Buildings,No,No,NA ,12-Jan-2026 10:00 AM,NA ,90.0,No ,No,Online,22-Jan-2026 11:00 AM,EIC-CIVIL||SERNB-CIRCLE-KHURDA||EERNB-DIVN-PURI,Puri,752001.0,2.0,"51,01,168",BADRINATH SWAIN,"3,922,798",Accepted-AOC,22-Jun-2026,EIC-CIVIL||SERNB-CIRCLE-KHURDA||EERNB-DIVN-PURI
2026_OLIC_124367_21,Bid Id No. 08/Dt. 07.01.2026,INSTALLATION AND ENERGISATION OF URADHA TW LI PROJECT,INSTALLATION AND ENERGISATION OF URADHA TW LI PROJECT,Works,Open Tender,Percentage,Civil Works - Lift Irrigation Schemes,No,No,NA ,12-Jan-2026 10:00 AM,NA ,365.0,No ,No,Online,28-Jan-2026 10:00 AM,"Orissa Lift Irrigation Corporation||LI,Central Circle, Cuttack||LI Division Cuttack",KANTAPADA BLOCK,754001.0,1.0,"18,88,298",HAREKRUSHNA ROUT,"1,888,298",Rejected-Technical,04-Jun-2026,"Orissa Lift Irrigation Corporation||LI,Central Circle, Cuttack||LI Division Cuttack"
2026_OPEPA_127981_10,DPC/SS/SNG/12OF2026-27,NEW CONSTRUCTION OF KGBV HOSTEL BUILDING RAJGANGPUR,NEW CONSTRUCTION RENOVATION OF OLD KGBV HOSTEL BUILDING CIVIL ELECTRICAL PH,Works,Open Tender,Percentage,Civil Works - Buildings,No,No,NA ,10-Apr-2026 09:00 AM,NA ,90.0,No ,No,Online,27-Apr-2026 05:30 PM,OPEPA Bhubaneswar||Samagra Shiksha Sundargarh,SUNDARGARH,770001.0,2.0,"92,30,963",ABDUL HALIM SIDDIQUE,"9,221,732",Rejected-Technical,03-Jul-2026,OPEPA Bhubaneswar||Samagra Shiksha Sundargarh
2026_EICCL_124094_1,CCE 09/2025-26,Construction of Canteen Cum Bar Association hall at Ranpur,Construction of Canteen Cum Bar Association hall at Ranpur,Works,Open Tender,Percentage,Civil Works - Buildings,No,No,NA ,02-Jan-2026 10:00 AM,NA ,90.0,No ,No,Online,17-Jan-2026 11:30 AM,EIC-CIVIL||SERNB-CIRCLE-KHURDA,Nayagarh,752069.0,2.0,"1,31,84,441",ACE COMMERCIAL COMPANY PRIVATE LIMITED,"11,208,093",Accepted-AOC,18-Jun-2026,EIC-CIVIL||SERNB-CIRCLE-KHURDA
2026_OLIC_124367_35,Bid Id No. 08/Dt. 07.01.2026,INSTALLATION AND ENERGISATION OF RAICHANDOL-III TW LI PROJECT,INSTALLATION AND ENERGISATION OF RAICHANDOL-III TW LI PROJECT,Works,Open Tender,Percentage,Civil Works - Lift Irrigation Schemes,No,No,NA ,12-Jan-2026 10:00 AM,NA ,365.0,No ,No,Online,28-Jan-2026 10:00 AM,"Orissa Lift Irrigation Corporation||LI,Central Circle, Cuttack||LI Division Cuttack",NIALI BLOCK,754001.0,1.0,"18,96,685",SAMBIT BISOYI,"1,896,685",Rejected-Technical,11-Jun-2026,"Orissa Lift Irrigation Corporation||LI,Central Circle, Cuttack||LI Division Cuttack"
2026_EICCL_128600_2,Bid Id No. SE- 04/2026-27,Repair and Renovation to D type Tahasildar Quarter at Baripada for the year 2026-27 (Work such as Construction of shed over roof made of G.I. Square pipe framing with Blue scope sheet roofing),Repair and Renovation to D type Tahasildar Quarter at Baripada for the year 2026-27 (Work such as Construction of shed over roof made of G.I. Square pipe framing with Blue scope sheet roofing),Works,Open Tender,Percentage,Civil Works - Buildings,No,No,NA ,29-Apr-2026 10:00 AM,NA ,90.0,No ,No,Online,08-May-2026 11:00 AM,EIC-CIVIL||SERNB-CIRCLE-EASTERN||EERNB-DIVN-BARIPADA,Baripada,757001.0,1.0,,PRAMOD KUMAR MOHANTY,"858,061",Rejected-Finance,03-Jun-2026,EIC-CIVIL||SERNB-CIRCLE-EASTERN||EERNB-DIVN-BARIPADA
2026_OPEPA_127981_6,DPC/SS/SNG/12OF2026-27,NEW CONSTRUCTION AND RENOVATION OF OLD KGBV HOSTEL BUILDING LATHIKATA,NEW CONSTRUCTION RENOVATION OF OLD KGBV HOSTEL BUILDING CIVIL ELECTRICAL PH,Works,Open Tender,Percentage,Civil Works - Buildings,No,No,NA ,10-Apr-2026 09:00 AM,NA ,90.0,No ,No,Online,27-Apr-2026 05:30 PM,OPEPA Bhubaneswar||Samagra Shiksha Sundargarh,SUNDARGARH,770001.0,2.0,"1,13,59,509",SHIBA BADAIK,"11,359,509",Rejected-Technical,03-Jul-2026,OPEPA Bhubaneswar||Samagra Shiksha Sundargarh
2026_OPEPA_127981_7,DPC/SS/SNG/12OF2026-27,NEW CONSTRUCTION AND RENOVATION OF OLD KGBV HOSTEL BUILDING NUAGAON,NEW CONSTRUCTION RENOVATION OF OLD KGBV HOSTEL BUILDING CIVIL ELECTRICAL PH,Works,Open Tender,Percentage,Civil Works - Buildings,No,No,NA ,10-Apr-2026 09:00 AM,NA ,90.0,No ,No,Online,27-Apr-2026 05:30 PM,OPEPA Bhubaneswar||Samagra Shiksha Sundargarh,SUNDARGARH,770001.0,2.0,"1,13,57,335",BIKRAM BAG,"11,357,335",Rejected-AOC,03-Jul-2026,OPEPA Bhubaneswar||Samagra Shiksha Sundargarh
2026_OBCC_128513_1,10/Tender/OBCC/2026-27,"Procurement of various Hostel Furniture (Bed, Table, Chair etc.) for Redevelopment of SCB MCH Cuttack, Phase-I Residential Package-I","Procurement of various Hostel Furniture (Bed, Table, Chair etc.) for Redevelopment of SCB MCH Cuttack, Phase-I Residential Package-I",Goods,Open Tender,Item Rate,Miscellaneous Goods,No,No,NA ,28-Apr-2026 09:00 AM,NA ,90.0,No ,No,Online,13-May-2026 11:30 AM,Orissa Bridge and Construction Corporation Ltd,Cuttack,753007.0,2.0,,Narmada Furniture,"95,807,140",Rejected-Finance,30-Jun-2026,Orissa Bridge and Construction Corporation Ltd
2026_ORULB_128122_6,03/SMC_SBP/2026-27,"Construction of CC road and drain at Madbhati road, Patel Colony, PK Poultry farm, Barbazar, Ward No.16","Construction of CC road and drain at Madbhati road, Patel Colony, PK Poultry farm, Barbazar, Ward No.16",Works,Open Tender,Percentage,Civil Works - Others,No,No,NA ,18-Apr-2026 11:00 AM,NA ,120.0,No ,No,Online,28-Apr-2026 11:00 AM,Municipal Bodies||Sambalpur Municipal Corporation,SAMBALPUR MUNICIPAL CORPORATION,768004.0,1.0,"12,72,129",NANDA KISHORE BAG (S.C),"1,272,129.12",Rejected-Technical,16-Jun-2026,Municipal Bodies||Sambalpur Municipal Corporation
2026_CERWI_125121_1,Online-30/2025-2026,Construction of road from Budhapanka Apartipur RD road to Budhapanka Pandarabhaarania RD road via Ambasahi,Construction of road from Budhapanka Apartipur RD road to Budhapanka Pandarabhaarania RD road via Ambasahi,Works,National Competitive Bid,Percentage,Civil Works - Roads,No,No,NA ,28-Jan-2026 01:30 PM,NA ,90.0,No ,No,Online,07-Feb-2026 05:10 PM,CE RW I||RWCIRCLE-ANGUL,Angul,759143.0,2.0,"2,99,02,237",SANJEEV KUMAR SINGH,"29,902,237",Rejected-Technical,18-Jun-2026,CE RW I||RWCIRCLE-ANGUL
2026_PRKMN_129415_6,E-Procurement Notice No.(PSKMN)01/2026-27vide letter no 3039dt.14/5/2026,Construction of Conference Hall at Panchayat Samiti Campus,Construction of Conference Hall at Panchayat Samiti Campus,Works,Open Tender,Percentage,Civil Works - Buildings,No,No,NA ,20-May-2026 10:00 AM,NA ,90.0,No ,No,Online,04-Jun-2026 11:00 AM,Panchayati Raj and Drinking Water Department Odisha||Zilla Parisad Nuapada||KOMNA Block,Komna,766106.0,1.0,"16,67,551",RAJIB KUMAR HOTA,"1,663,382",Accepted-AOC,29-Jun-2026,Panchayati Raj and Drinking Water Department Odisha||Zilla Parisad Nuapada||KOMNA Block
2026_IDCO_124322_1,PA/EST/E-02/2025-26,Selection of Agency for deployment of Accounts Personnel at IDCO.,Selection of Agency for deployment of Accounts Personnel at IDCO.,Services,Open Tender,Item Rate,Human Resources Supply,No,No,NA ,08-Jan-2026 05:00 PM,NA ,90.0,No ,No,Online,09-Feb-2026 12:00 PM,IDCO||IDCO||IDCO,IDCO Towers,751022.0,2.0,0.0,Kaapro Management Solutions Pvt. Ltd.,3.85,Rejected-AOC,29-Jun-2026,IDCO||IDCO||IDCO
2026_ORULB_125882_2,BMC-EE-Tender Cell-70/2025-26 Dt. 11.02.2026,Repair of Road in front of Dasarathi Apartment in Ward No. 26,Repair of Road in front of Dasarathi Apartment in Ward No. 26,Works,Open Tender,Percentage,Civil Works - Roads,No,No,NA ,14-Feb-2026 10:30 AM,18-Feb-2026 04:00 PM ,120.0,No ,No,Online,24-Feb-2026 11:00 AM,Municipal Bodies||Bhubaneswar Municipal Corporation,BMC AREA,751022.0,1.0,"7,49,070",RANJIT SING,"883,903",Rejected-Finance,19-Jun-2026,Municipal Bodies||Bhubaneswar Municipal Corporation
2026_CERWI_125711_1,Online-ANG-33/2025-26,Construction of road from Tarinipasi to Koi road for the year 2024-25 in the district of Dhenkanal.,Construction of road from Tarinipasi to Koi road for the year 2024-25 in the district of Dhenkanal.,Works,National Competitive Bid,Percentage,Civil Works - Roads,No,No,NA ,07-Feb-2026 12:40 PM,NA ,90.0,No ,No,Online,16-Feb-2026 05:30 PM,CE RW I||RWCIRCLE-ANGUL,Kamakhyanagar,759018.0,2.0,"4,84,57,449",Abinash Sahoo,"48,457,449",Rejected-AOC,18-Jun-2026,CE RW I||RWCIRCLE-ANGUL
2026_EICCL_127717_1,CCEEC-03/2025-26,Arrangement of Stage with all other allied services for District level Chitra Parba-2026.,District level Chitra Parba-2026,Services,Open Tender,Lump-sum,Miscellaneous Services,No,No,NA ,30-Mar-2026 06:55 PM,NA ,90.0,No ,No,Online,06-Apr-2026 11:30 AM,EIC-CIVIL||SERNB-CIRCLE-EASTERN,Mayurbhanj,757001.0,1.0,0.0,Rakesh Panda,"1,777,000",Rejected-Technical,06-Jun-2026,EIC-CIVIL||SERNB-CIRCLE-EASTERN
2026_EICCL_124281_11,RC(RANDB) RGD NO. II/ 15 /2025-26,"Repair of D type and E type medical quarters of Gudari such as painting, grading concrete, fixing of new UPVC and MS doors and windows during 25-26",Building Work,Works,Open Limited,Percentage,Civil Works - Buildings,No,No,NA ,08-Jan-2026 11:00 AM,NA ,90.0,No ,No,Online,16-Jan-2026 11:00 AM,EIC-CIVIL||SERNB-CIRCLE-RAYAGADA||EERNB-DIVN-RAYAGADA NEW,Gudari,765026.0,1.0,"5,12,879",CHHABILAL BEHERA,"435,998",Rejected-AOC,04-Jun-2026,EIC-CIVIL||SERNB-CIRCLE-RAYAGADA||EERNB-DIVN-RAYAGADA NEW
2026_ORULB_125204_3,BSP_2026-27_03,Construction of Open air gym and bathing ghat near Gayadhar Nayak house in ward no.7,Construction of Open air gym and bathing ghat near Gayadhar Nayak house in ward no.7,Works,Open Tender,Percentage,Civil Works - Others,No,No,NA ,01-Feb-2026 10:00 AM,NA ,90.0,No ,No,Online,11-Feb-2026 11:00 AM,Municipal Bodies||Basudevpur Municipality,Basudevpur Municipality,756125.0,1.0,"7,42,796",Pitambar Mandal,"727,582",Accepted-AOC,10-Jun-2026,Municipal Bodies||Basudevpur Municipality
2026_ORULB_128201_1,BMC-EE-Tender Cell-05/2026-27 dt. 16.04.2026,Annual Maintenance cleaning of water stretch and Main Drain No. 4(Reach-1)from Ekamra Park to Sumos Cafe in Bhubaneswar City under BMC for 2026-27,Annual Maintenance cleaning of water stretch and Main Drain No. 4(Reach-1)from Ekamra Park to Sumos Cafe in Bhubaneswar City under BMC for 2026-27,Works,Open Tender,Percentage,Civil Works - Others,No,No,NA ,17-Apr-2026 03:00 PM,20-Apr-2026 03:30 PM ,120.0,No ,No,Online,23-Apr-2026 03:30 PM,Municipal Bodies||Bhubaneswar Municipal Corporation,BMC AREA,751022.0,1.0,"15,96,879",PRABHATA KUMAR SAHOO,"1,221,038",Accepted-AOC,01-Jun-2026,Municipal Bodies||Bhubaneswar Municipal Corporation
2026_CERWI_125202_6,Online Tender17/SERW Division Boudh 2025-26,Construction of RI Office Cum Residence Building at Telibandha for the year 2024-25,Construction of RI Office Cum Residence Building at Telibandha for the year 2024-25,Works,Open Tender,Percentage,Civil Works - Buildings,No,No,NA ,30-Jan-2026 03:00 PM,NA ,90.0,No ,No,Online,11-Feb-2026 11:00 AM,CE RW I||RWCIRCLE-BERHAMPUR||RWDIVISION-BOUDH,O/o SERWDivision Boudh,762014.0,2.0,"59,98,821",ANTARJYAMI GAIGOURIA,"5,992,822",Rejected-Finance,18-Jun-2026,CE RW I||RWCIRCLE-BERHAMPUR||RWDIVISION-BOUDH
2026_PRKHR_127393_1,khr2/26,CONSTRUCTION OF MULTIPURPOSE HALL AT TUKLA OF TUKLA GP OF KHARIAR BLOCK,CONSTRUCTION OF MULTIPURPOSE HALL AT TUKLA OF TUKLA GP OF KHARIAR BLOCK,Works,Open Tender,Percentage,Civil Works - Buildings,No,No,NA ,18-Mar-2026 05:00 PM,NA ,180.0,No ,No,Online,06-Apr-2026 06:00 PM,Panchayati Raj and Drinking Water Department Odisha||Zilla Parisad Nuapada||KHARIAR Block,KHARIAR,766107.0,1.0,"28,52,019",MAMITA MEHER,"2,849,166",Rejected-AOC,04-Jun-2026,Panchayati Raj and Drinking Water Department Odisha||Zilla Parisad Nuapada||KHARIAR Block
2026_CERWI_125488_4,17-2025/26,SR to Raikia Manikeswar Karada Road such as Construction of RCC Boxcell During the Year of 2025-26 in the dist. Of Kandhamal.,SR to Raikia Manikeswar Karada Road such as Construction of RCC Boxcell During the Year of 2025-26 in the dist. Of Kandhamal.,Works,National Competitive Bid,Percentage,Civil Works - Roads,No,No,NA ,04-Feb-2026 02:00 PM,NA ,90.0,No ,No,Online,12-Feb-2026 11:30 AM,CE RW I||RWCIRCLE-BERHAMPUR||RWDIVISION-PHULBANI,Phulbani,762001.0,1.0,"18,35,000",SUNITA BEHERA,"1,339,782",Rejected-AOC,02-Jun-2026,CE RW I||RWCIRCLE-BERHAMPUR||RWDIVISION-PHULBANI
2026_ORULB_125679_14,BMC-EE-Tender Cell-69/2025-26 Dt. 06.02.2026,Construction of 3 nos. of LOO in different places of Ward No. 56,Construction of 3 nos. of LOO in different places of Ward No. 56,Works,Open Tender,Percentage,Civil Works - Others,No,No,NA ,09-Feb-2026 10:30 AM,13-Feb-2026 04:00 PM ,120.0,No ,No,Online,20-Feb-2026 11:00 AM,Municipal Bodies||Bhubaneswar Municipal Corporation,BMC AREA,751022.0,1.0,"14,73,386",MALLICK CONSTRUCTION,"1,634,454",Rejected-Finance,05-Jun-2026,Municipal Bodies||Bhubaneswar Municipal Corporation
2026_ORULB_127216_6,41/SMC_SBP/2025-26,"Development of road and drain from Municipal road to Beheramunda village, ward no.18.","Development of road and drain from Municipal road to Beheramunda village, ward no.18.",Works,Open Tender,Percentage,Civil Works - Others,No,No,NA ,14-Mar-2026 11:00 AM,NA ,120.0,No ,No,Online,24-Mar-2026 11:00 AM,Municipal Bodies||Sambalpur Municipal Corporation,SAMBALPUR MUNICIPAL CORPORATION,768006.0,1.0,"16,96,457","M/s. SURVEILLANCE SYSTEM, PROPRIETOR- ESHA JHAJHARIA","1,696,457",Rejected-Technical,22-Jun-2026,Municipal Bodies||Sambalpur Municipal Corporation
2026_ORULB_126552_37,06/PKDM-2025-26,"Construction of road at Dandumala Street down, Ward No.7",Construction of road work,Works,Open Tender,Percentage,Civil Works - Others,No,No,NA ,27-Feb-2026 10:00 AM,NA ,90.0,No ,No,Online,13-Mar-2026 11:00 AM,Municipal Bodies||Parlakhemundi Municipal Council,Paralakhemundi Municipality,761200.0,1.0,"1,67,926",MINOSI KARJI,"167,926",Accepted-AOC,08-Jun-2026,Municipal Bodies||Parlakhemundi Municipal Council
2026_ORULB_126552_23,06/PKDM-2025-26,"Construction of Cover plate over drain and repair of road at Seri St. to Bakiti St. down, Seri Jagili St., Seri St. main road, Ward No.6",Construction of Cover plate over drain and repair of road work,Works,Open Tender,Percentage,Civil Works - Others,No,No,NA ,27-Feb-2026 10:00 AM,NA ,90.0,No ,No,Online,13-Mar-2026 11:00 AM,Municipal Bodies||Parlakhemundi Municipal Council,Paralakhemundi Municipality,761200.0,1.0,"2,66,272",CHITTARANJAN DASH,"266,006",Accepted-AOC,08-Jun-2026,Municipal Bodies||Parlakhemundi Municipal Council
2026_OLIC_127841_13,BID ID NO. 10/Dt.04.04.2026,INSTALLATION AND ENERGISATION OF KRUSHNADASPUR TW LI PROJECT,INSTALLATION AND ENERGISATION OF KRUSHNADASPUR TW LI PROJECT,Works,Open Tender,Percentage,Civil Works - Lift Irrigation Schemes,No,No,NA ,08-Apr-2026 10:00 AM,NA ,365.0,No ,No,Online,22-Apr-2026 10:00 AM,"Orissa Lift Irrigation Corporation||LI,Central Circle, Cuttack||LI Division Cuttack",BALIKUDA BLOCK,754001.0,1.0,"19,07,124",TRILOCHAN NAYAK,"1,907,124",Rejected-Technical,22-Jun-2026,"Orissa Lift Irrigation Corporation||LI,Central Circle, Cuttack||LI Division Cuttack"
2026_STSCD_127876_4,BidIdentificationNo-01/2026-27,Construction of CC Road from Charan Pokhari to Fudan House via Jara-Bale in Jasipur village under Bahalda Block.,Construction of CC Road from Charan Pokhari to Fudan House via Jara-Bale in Jasipur village under Bahalda Block.,Works,Open Tender,Percentage,Civil Works - Roads,No,No,NA ,07-Apr-2026 11:00 AM,NA ,90.0,No ,No,Online,22-Apr-2026 11:00 AM,ST and SC Development Deptt||ITDA Rairangpur,Jashipur,757053.0,1.0,"33,61,505",TULASHI RAJAK,"3,344,697.48",Rejected-AOC,26-Jun-2026,ST and SC Development Deptt||ITDA Rairangpur
2026_PRBDN_127333_3,DSB-03/2025-26,CONSTRUCTION OF GPLF BUILDING WITH MARKET COMPLEX AT BHAPUR,CONSTRUCTION OF GPLF BUILDING WITH MARKET COMPLEX,Works,Open Tender,Percentage,Civil Works - Buildings,No,No,NA ,17-Mar-2026 10:00 AM,NA ,120.0,No ,No,Online,31-Mar-2026 11:00 AM,Panchayati Raj and Drinking Water Department Odisha||Zilla Parisad Dhenkanal||DHENKANAL (SADAR) Block,"Sadar Block,Dhenkanal",759001.0,1.0,"24,89,169",Tapaswini Mohapatra,"2,489,169.008",Rejected-AOC,05-Jun-2026,Panchayati Raj and Drinking Water Department Odisha||Zilla Parisad Dhenkanal||DHENKANAL (SADAR) Block
2026_ORULB_128804_6,08/SMC_SBP/2026-27,"Construction of Paver Road From Sushil Mishra House to Seth Babu House,Adarsh Marg, Ainthapali,","Construction of Paver Road From Sushil Mishra House to Seth Babu House,Adarsh Marg, Ainthapali,",Works,Open Tender,Percentage,Civil Works - Others,No,No,NA ,08-May-2026 11:00 AM,NA ,120.0,No ,No,Online,19-May-2026 11:00 AM,Municipal Bodies||Sambalpur Municipal Corporation,SAMBALPUR MUNICIPAL CORPORATION,768006.0,1.0,"8,45,038",MS SAKSHI CONSTRUCTION,"845,038.57",Rejected-Technical,25-Jun-2026,Municipal Bodies||Sambalpur Municipal Corporation
2026_CERWI_125044_1,Online-AGL-30/2025-26,Construction of road from Papasara to Bhegogotha,Construction of road from Papasara to Bhegogotha,Works,National Competitive Bid,Percentage,Civil Works - Roads,No,No,NA ,26-Jan-2026 09:00 AM,NA ,90.0,No ,No,Online,07-Feb-2026 05:10 PM,CE RW I||RWCIRCLE-ANGUL,Angul,759143.0,2.0,"5,01,63,458",SANJEEV KUMAR SINGH,"50,163,458",Rejected-AOC,19-Jun-2026,CE RW I||RWCIRCLE-ANGUL
2026_PRBDO_127479_3,04/2025-26/DGN,"CONSTRUCTION OF OFFICE BUILDING WITH MARKET COMPLEX FOR GRAM PANCHAYAT LEVEL FEDERATIONS AT DHANDAMAL GP, UNDER DEOGAON BLOCK","CONSTRUCTION OF OFFICE BUILDING WITH MARKET COMPLEX FOR GRAM PANCHAYAT LEVEL FEDERATIONS AT DHANDAMAL GP, UNDER DEOGAON BLOCK",Works,Open Tender,Percentage,Civil Works - Buildings,No,No,NA ,23-Mar-2026 10:00 AM,NA ,90.0,No ,No,Online,09-Apr-2026 11:00 AM,Panchayati Raj and Drinking Water Department Odisha||Zilla Parisad Balangir||DEOGAON Block,DEOGAON,767029.0,2.0,"23,44,949",SRIPATI CHHATRIA,"2,342,604",Rejected-Finance,20-Jun-2026,Panchayati Raj and Drinking Water Department Odisha||Zilla Parisad Balangir||DEOGAON Block
2026_EICCL_126534_3,SE (R and B) Angul-74/ 2025-26,"S/R to PWD. I.B. at Talcher such as outside, inside painting and Paver Block fixing.","S/R to PWD. I.B. at Talcher such as outside, inside painting and Paver Block fixing.",Works,Open Tender,Percentage,Civil Works - Buildings,No,No,NA ,24-Feb-2026 04:00 PM,NA ,90.0,No ,No,Online,07-Mar-2026 11:00 AM,EIC-CIVIL||SERNB-CIRCLE-DHENKANAL||EERNB Angul Division,ANGUL,759122.0,1.0,"15,25,703",NIRANJAN SAHOO,"1,297,000",Rejected-AOC,22-Jun-2026,EIC-CIVIL||SERNB-CIRCLE-DHENKANAL||EERNB Angul Division
2026_ORULB_126870_2,38/SMC_SBP/2025-26,"Rejuvenation and Beautification of Thanabandha Pond at Hirakud, SMC","Rejuvenation and Beautification of Thanabandha Pond at Hirakud, SMC",Works,National Competitive Bid,Percentage,Civil Works - Others,No,No,NA ,07-Mar-2026 11:00 AM,NA ,120.0,No ,No,Online,30-Mar-2026 11:00 AM,Municipal Bodies||Sambalpur Municipal Corporation,SAMBALPUR MUNICIPAL CORPORATION,768006.0,2.0,"80,06,141",TIRUMALA TRADERS PROP-CH SRINU,"8,006,140.8",Rejected-Finance,24-Jun-2026,Municipal Bodies||Sambalpur Municipal Corporation
2026_EICCL_124989_6,CCEEC-16/2025-26,Construction of Two Nos. New E type quarter at Udala Town under Mayurbhanj (R and B) Division for the year 2025-26.,Building Work,Works,National Competitive Bid,Percentage,Civil Works - Buildings,No,No,NA ,22-Jan-2026 06:55 PM,NA ,90.0,No ,No,Online,06-Feb-2026 11:00 AM,EIC-CIVIL||SERNB-CIRCLE-EASTERN,Mayurbhanj,757041.0,2.0,"1,22,78,000",SRI ANIRUDHA BEHERA,"982,362,800",Rejected-Technical,05-Jun-2026,EIC-CIVIL||SERNB-CIRCLE-EASTERN
2026_CERWI_125159_1,RWD Ctc-19 of 2025-26,Construction of Revenue Inspectors office cum Residence at Dhanamandal under Kantapada Tahasil in the District of Cuttack for the year 2025-26,Construction of Revenue Inspectors office cum Residence at Dhanamandal under Kantapada Tahasil in the District of Cuttack for the year 2025-26,Works,Open Tender,Percentage,Civil Works - Buildings,No,No,NA ,29-Jan-2026 11:00 AM,NA ,90.0,No ,No,Online,04-Feb-2026 11:00 AM,CE RW I||RWCIRCLE-CUTTACK||RWDIVISION-CUTTACK,Cuttack,753004.0,2.0,"73,72,833",ASHOK KUMAR SWAIN,"5,899,004",Rejected-Finance,28-Jun-2026,CE RW I||RWCIRCLE-CUTTACK||RWDIVISION-CUTTACK
2026_ORULB_128192_10,BBLM-1/2026-27,"Development of parking place near Radhakrishna Mandir at Kalinga Nagar in Ward No.14, Barbil Municipality","Development of parking place near Radhakrishna Mandir at Kalinga Nagar in Ward No.14, Barbil Municipality",Works,Open Tender,Percentage,Civil Works - Others,No,No,NA ,20-Apr-2026 10:00 AM,NA ,90.0,No ,No,Online,04-May-2026 11:00 AM,Municipal Bodies||Barbil Municipality,Barbil,758035.0,2.0,"12,87,000",M/S MAHIMA ENTERPRISES,"1,093,455",Rejected-Finance,11-Jun-2026,Municipal Bodies||Barbil Municipality
2026_ORULB_124590_43,BBLM-6/2025-26,"Repair of bye lane in Ward No.14, Barbil","Repair of bye lane in Ward No.14, Barbil",Works,Open Tender,Percentage,Civil Works - Roads,No,No,NA ,20-Jan-2026 10:00 AM,NA ,90.0,No ,No,Online,04-Feb-2026 11:00 AM,Municipal Bodies||Barbil Municipality,Barbil,758035.0,2.0,"20,00,000",Sri Binod Kumar Jena,"2,097,909",Rejected-Finance,23-Jun-2026,Municipal Bodies||Barbil Municipality
2026_EICCL_127243_4,SE (R AND B) BGR/ 33/ 2025-26,"Provision of 100 KVA, 11/ 0.4 KV Sub-Station for R and B Division Office, Balangir",Building work (Electrical),Works,National Competitive Bid,Percentage,Electrical Works,No,No,NA ,13-Mar-2026 10:00 AM,NA ,90.0,No ,No,Online,24-Mar-2026 11:00 AM,EIC-CIVIL||SERNB-CIRCLE-BOLANGIR||EERNB DIVN BOLANGIR,Bolangir,767001.0,1.0,"10,46,266",M/S SAMBEET SUPPLIERS,"1,045,220",Rejected-Finance,11-Jun-2026,EIC-CIVIL||SERNB-CIRCLE-BOLANGIR||EERNB DIVN BOLANGIR
2026_SERIF_127558_1,VI-13(12)/SERIFED/2025-26/456,Establishment of Tasar Facility Centre for women empowerment and livelihood at Chandua PTRCS Dist Mayurbhanj,Establishment of Tasar Facility Centre for women empowerment and livelihood at Chandua PTRCS Dist Mayurbhanj,Works,Open Tender,Item Rate,Civil Works - Buildings,No,No,NA ,26-Mar-2026 10:00 AM,NA ,90.0,No ,No,Online,21-Apr-2026 11:30 AM,Odisha Cooperative Tasar and Silk Federation LTD,Chandua Mayurbhanj,757014.0,2.0,,PARIKSHITA BARIK,"29,904,649",Rejected-AOC,24-Jun-2026,Odisha Cooperative Tasar and Silk Federation LTD
2026_CERWI_125689_1,Tender Online RCK- 02/26,Construction of Building 5 Nos of Class Room one Girls Common Room one reding room at Derabish College in the District of Kendrapara for the year 2025-2026,Construction of Building 5 Nos of Class Room one Girls Common Room one reding room at Derabish College in the District of Kendrapara for the year 2025-2026,Works,National Competitive Bid,Percentage,Civil Works - Buildings,No,No,NA ,07-Feb-2026 09:00 AM,NA ,90.0,No ,No,Online,20-Feb-2026 11:00 AM,CE RW I||RWCIRCLE-KENDRAPARA,Kendrapara,755001.0,2.0,"2,52,98,625",SUJIT RANJAN GHADEI,"19,505,239",Rejected-Finance,17-Jun-2026,CE RW I||RWCIRCLE-KENDRAPARA
2026_OTDC_127575_1,BP-I/29/2025-26 Dt. 25.02.2026,"Supply, Fitting and Fixing of Signages at different WACs and Panthanivas in Odisha.","Supply, Fitting and Fixing of Signages at different WACs and Panthanivas in Odisha.",Works,National Competitive Bid,Item Rate,Miscellaneous Works,No,No,NA ,25-Mar-2026 09:00 AM,NA ,180.0,No ,No,Online,02-Apr-2026 11:30 AM,Odisha Tourism Devl. Corp.,Bhubaneswar,751014.0,1.0,,DIGITAL GRAPHICS,"5,132,992",Accepted-AOC,08-Jun-2026,Odisha Tourism Devl. Corp.
2026_OSPHW_127560_4,30/OPHWC/2025-26,"Constn. of DPO Bldg. at Jajpur, Jajpur",Building Work,Works,National Competitive Bid,Percentage,Civil Works - Buildings,No,No,NA ,24-Mar-2026 06:55 PM,NA ,90.0,No ,No,Online,08-Apr-2026 10:30 AM,Orissa State Police Housing and Welfare Corporation Ltd,Jajpur,751022.0,2.0,"4,96,43,509",KT CONSTRUCTION,"39,719,771",Accepted-AOC,12-Jun-2026,Orissa State Police Housing and Welfare Corporation Ltd
2026_ORULB_126857_75,06/BGH- MUN/2025-26,Construction of CC Road from kuna mudduli house to nalia road w.no-18,Construction of CC Road from kuna mudduli house to nalia road w.no-18,Works,Open Tender,Percentage,Civil Works - Others,No,No,NA ,06-Mar-2026 04:00 PM,NA ,90.0,No ,No,Online,17-Mar-2026 11:00 AM,Municipal Bodies||Bargarh Municipal Council,Bargarh,768028.0,1.0,"17,93,394",RANJAN SETH,"1,215,874.598",Rejected-Finance,10-Jun-2026,Municipal Bodies||Bargarh Municipal Council
2026_CERWI_125669_4,SERWDGH-Online-11 of 2025-26,"Repair of Govt Homeopathic Dispensary,Deogarh for the year 2025-26 in the district of Deogarh.",Building,Works,Open Tender,Percentage,Civil Works - Buildings,No,No,NA ,06-Feb-2026 05:00 PM,NA ,90.0,No ,No,Online,13-Feb-2026 11:00 AM,CE RW I||RWCIRCLE-SAMBALPUR||RWDIVISION-DEOGARH,Deogarh,768119.0,1.0,"4,23,716",SUBRATA SAHU,"281,771",Rejected-AOC,21-Jun-2026,CE RW I||RWCIRCLE-SAMBALPUR||RWDIVISION-DEOGARH
2026_PRBGR_127361_1,1.0,Construction of GPLF Building with Market Complex at Bargaon GP,Construction of GPLF Building with Market Complex at Bargaon GP,Works,Open Tender,Percentage,Civil Works - Buildings,No,No,NA ,07-Apr-2026 10:00 AM,NA ,90.0,No ,No,Offline,02-May-2026 09:00 AM,Panchayati Raj and Drinking Water Department Odisha||Zilla Parisad Sundargarh||BADAGAON Block,Bargaon GP,770016.0,2.0,"22,92,535",JAYANTA KUMAR BISI,"2,290,243",Rejected-AOC,29-May-2026,Panchayati Raj and Drinking Water Department Odisha||Zilla Parisad Sundargarh||BADAGAON Block
2026_CERWI_125046_1,Online-AGL-30/2025-26,Construction of road from Kampla PWD Road Deuli Siva Mandir,Construction of road from Kampla PWD Road Deuli Siva Mandir,Works,National Competitive Bid,Percentage,Civil Works - Roads,No,No,NA ,26-Jan-2026 09:00 AM,NA ,90.0,No ,No,Online,07-Feb-2026 05:10 PM,CE RW I||RWCIRCLE-ANGUL,Angul,759143.0,2.0,"3,96,18,780",SANJEEV KUMAR SINGH,"39,618,780",Rejected-AOC,18-Jun-2026,CE RW I||RWCIRCLE-ANGUL
2026_ORULB_126857_88,06/BGH- MUN/2025-26,"Construction of balance concrete portion CC Road, Drain and slab to Sanjeeb Mohanty house w.no-18","Construction of balance concrete portion CC Road, Drain and slab to Sanjeeb Mohanty house w.no-18",Works,Open Tender,Percentage,Civil Works - Others,No,No,NA ,06-Mar-2026 04:00 PM,NA ,90.0,No ,No,Online,17-Mar-2026 11:00 AM,Municipal Bodies||Bargarh Municipal Council,Bargarh,768028.0,1.0,"19,00,000",BHARAT MOHANTY,"1,288,103.788",Rejected-Finance,10-Jun-2026,Municipal Bodies||Bargarh Municipal Council
2026_PRBDO_127479_1,04/2025-26/DGN,"CONSTRUCTION OF OFFICE BUILDING WITH MARKET COMPLEX FOR GRAM PANCHAYAT LEVEL FEDERATIONS AT BADBAHAL GP, UNDER DEOGAON BLOCK","CONSTRUCTION OF OFFICE BUILDING WITH MARKET COMPLEX FOR GRAM PANCHAYAT LEVEL FEDERATIONS AT BADBAHAL GP, UNDER DEOGAON BLOCK",Works,Open Tender,Percentage,Civil Works - Buildings,No,No,NA ,23-Mar-2026 10:00 AM,NA ,90.0,No ,No,Online,09-Apr-2026 11:00 AM,Panchayati Raj and Drinking Water Department Odisha||Zilla Parisad Balangir||DEOGAON Block,DEOGAON,767029.0,2.0,"23,08,085",MD SOHAIL AKHTAR KHAN,"2,305,777",Accepted-AOC,20-Jun-2026,Panchayati Raj and Drinking Water Department Odisha||Zilla Parisad Balangir||DEOGAON Block
2026_STSCD_127876_6,BidIdentificationNo-01/2026-27,"Construction of Additonal Class Room at Talapati High School, Talapati under Bisoi Block.","Construction of Additonal Class Room at Talapati High School, Talapati under Bisoi Block.",Works,Open Tender,Percentage,Civil Works - Buildings,No,No,NA ,07-Apr-2026 11:00 AM,NA ,90.0,No ,No,Online,22-Apr-2026 11:00 AM,ST and SC Development Deptt||ITDA Rairangpur,Talapati,757033.0,1.0,"11,60,217",ANJANA KUMARI MOHANTA,"1,154,415.92",Rejected-AOC,26-Jun-2026,ST and SC Development Deptt||ITDA Rairangpur
2026_CERWI_126169_1,EE/RWELECT/SBP/41/2025-26,Shifting of 11 KV lines from the approch road for the work construction of Bridge over Lingara Nallah on Dudhiabeda to Badakerjang road in the district of Angul under BSY Non Res Building vide Lr no 489 date 24.01.2026 of SERW Angul Under RWES Angul,Shifting of 11 KV lines from the approch road for the work construction of Bridge over Lingara Nallah on Dudhiabeda to Badakerjang road in the district of Angul under BSY Non Res Building vide Lr no 489 date 24.01.2026 of SERW Angul Under RWES Angul,Works,Open Tender,Percentage,Electrical Works,No,No,NA ,17-Feb-2026 11:00 AM,NA ,90.0,No ,No,Online,27-Feb-2026 11:30 AM,CE RW I||RW Electrical Circle Bhubaneswar||RW Electrical Division Sambalpur,Angul,768001.0,1.0,"10,50,301",SRIDHAR SAHOO,"869,439.266",Rejected-Finance,17-Jun-2026,CE RW I||RW Electrical Circle Bhubaneswar||RW Electrical Division Sambalpur
2026_ORULB_126552_35,06/PKDM-2025-26,"Construction of road at backside of Bada Brahmin Street and Sankuri Tank,11",Construction of road work,Works,Open Tender,Percentage,Civil Works - Others,No,No,NA ,27-Feb-2026 10:00 AM,NA ,90.0,No ,No,Online,13-Mar-2026 11:00 AM,Municipal Bodies||Parlakhemundi Municipal Council,Paralakhemundi Municipality,761200.0,1.0,"3,57,614",M/S SIMANCHAL LIMA,"354,038",Accepted-AOC,08-Jun-2026,Municipal Bodies||Parlakhemundi Municipal Council
2026_ORULB_127216_4,41/SMC_SBP/2025-26,"Construction of CC road from Mishra Babu house to Sahu Babu house Durgapali, Uparpada in WN-15","Construction of CC road from Mishra Babu house to Sahu Babu house Durgapali, Uparpada in WN-15",Works,Open Tender,Percentage,Civil Works - Others,No,No,NA ,14-Mar-2026 11:00 AM,NA ,120.0,No ,No,Online,24-Mar-2026 11:00 AM,Municipal Bodies||Sambalpur Municipal Corporation,SAMBALPUR MUNICIPAL CORPORATION,768006.0,1.0,"12,66,745",NANDA KISHORE BAG (S.C),"1,266,745",Rejected-Technical,22-Jun-2026,Municipal Bodies||Sambalpur Municipal Corporation
2026_ORULB_127314_3,43/SMC_SBP/2025-26,"Construction of paver block road from Mohanty house to Madhu Panda house at Matru Vihar, ward no.19.","Construction of paver block road from Mohanty house to Madhu Panda house at Matru Vihar, ward no.19.",Works,Open Tender,Percentage,Civil Works - Others,No,No,NA ,17-Mar-2026 04:00 PM,NA ,120.0,No ,No,Online,30-Mar-2026 11:00 AM,Municipal Bodies||Sambalpur Municipal Corporation,SAMBALPUR MUNICIPAL CORPORATION,768006.0,1.0,"21,19,011",MOHAMMED ALI HUSSAIN,"2,119,010.52",Rejected-Technical,09-Jun-2026,Municipal Bodies||Sambalpur Municipal Corporation
2026_EICCL_124543_1,RGD19,Construction of Proposed G plus 1 Office-Cum-residential Quarter of section Officer at Tikiri in the district of Rayagada for the year 2025-26 as per EIC Civil Odisha Lr. No. 46421 dt. 10.12.2025 Buildings.,Construction of Proposed G plus 1 Office-Cum-residential Quarter of section Officer at Tikiri in the district of Rayagada for the year 2025-26 as per EIC Civil Odisha Lr. No. 46421 dt. 10.12.2025 Buildings.,Works,Open Tender,Percentage,Civil Works - Buildings,No,No,NA ,13-Jan-2026 05:30 PM,NA ,90.0,No ,No,Online,27-Jan-2026 11:30 AM,EIC-CIVIL||SERNB-CIRCLE-RAYAGADA||EERNB DIVN RAYAGADA I,Rayagada,765001.0,2.0,"91,45,101",SAYAMMA TADINGI,"9,135,956",Rejected-Technical,12-Jun-2026,EIC-CIVIL||SERNB-CIRCLE-RAYAGADA||EERNB DIVN RAYAGADA I
2026_CERWI_125676_1,RWDSE_MKG_II_17/2025-26/SE,S/R to Podia to MPV-66 Road for the year 2025-26 (SDBC Work),"PANCARD, GST, CONTRACTOR REGISTRATION AFFIDAVIT ETC.",Works,Open Tender,Percentage,Civil Works - Roads,No,No,NA ,07-Feb-2026 11:00 AM,NA ,90.0,No ,No,Online,16-Feb-2026 11:00 AM,CE RW I||RWCIRCLE-SUNABEDA||RWDIVISION-MALKANGIRI - II,MALKANGIRI,764045.0,1.0,"14,29,000",Prasenjit Mondal,"1,429,041",Rejected-AOC,14-Jun-2026,CE RW I||RWCIRCLE-SUNABEDA||RWDIVISION-MALKANGIRI - II
2026_ORULB_126552_21,06/PKDM-2025-26,"Construction of Cover plate over drain and repair of road at Laxmi nagar backside, Rajuguru Sahi backside, Training School road, Kadma Khandi Sahi, Katikia Gouda Sahi area, MMH School Road, Srikarana Street, Ward No.4",Construction of Cover plate over drain and repair of road work,Works,Open Tender,Percentage,Civil Works - Others,No,No,NA ,27-Feb-2026 10:00 AM,NA ,90.0,No ,No,Online,13-Mar-2026 11:00 AM,Municipal Bodies||Parlakhemundi Municipal Council,Paralakhemundi Municipality,761200.0,1.0,"16,60,578",LOPINTI REKHA,"1,660,412",Rejected-AOC,08-Jun-2026,Municipal Bodies||Parlakhemundi Municipal Council
2026_ORULB_127205_37,05/VNM/2025-26,Pothole repairing from Jena sahi to Laxmi temple in ward No-01,Pothole repairing from Jena sahi to Laxmi temple in ward No-01,Works,Open Tender,Percentage,Civil Works - Others,No,No,NA ,16-Mar-2026 11:00 AM,NA ,30.0,No ,No,Online,06-Apr-2026 11:00 AM,Municipal Bodies||Vyasanagar Municipality,VYASANAGAR MUNICIPALITY,755019.0,1.0,"81,955",CHANDAN KUMAR SAMAL,"64,436.92",Rejected-Finance,13-Jun-2026,Municipal Bodies||Vyasanagar Municipality
2026_OSPHW_127737_9,31/OPHWC/2025-26,"Construction for Upgradation of Swimming Pool of Odisha Maritime Academy at Paradip, Jagatsinghpur",Building Work,Works,National Competitive Bid,Percentage,Civil Works - Buildings,No,No,NA ,02-Apr-2026 06:55 PM,NA ,90.0,No ,No,Online,17-Apr-2026 10:30 AM,Orissa State Police Housing and Welfare Corporation Ltd,Jagatsinghpur,751022.0,2.0,"3,32,35,038",SNBS PROJECTS PRIVATE LIMITED,"27,518,612",Rejected-Technical,12-Jun-2026,Orissa State Police Housing and Welfare Corporation Ltd
2026_CERWI_125202_4,Online Tender17/SERW Division Boudh 2025-26,Construction of RI Office Cum Residence Building at Sarasara for the year 2024-25,Construction of RI Office Cum Residence Building at Sarasara for the year 2024-25,Works,Open Tender,Percentage,Civil Works - Buildings,No,No,NA ,30-Jan-2026 03:00 PM,NA ,90.0,No ,No,Online,11-Feb-2026 11:00 AM,CE RW I||RWCIRCLE-BERHAMPUR||RWDIVISION-BOUDH,O/o SERWDivision Boudh,762014.0,2.0,"59,56,707",SAMBHRANT NAYAK,"5,550,750",Rejected-Finance,04-Jun-2026,CE RW I||RWCIRCLE-BERHAMPUR||RWDIVISION-BOUDH
2026_ORULB_125679_16,BMC-EE-Tender Cell-69/2025-26 Dt. 06.02.2026,Renovation of Day-care centre at Rental Colony in Ward No. 15,Renovation of Day-care centre at Rental Colony in Ward No. 15,Works,Open Tender,Percentage,Civil Works - Others,No,No,NA ,09-Feb-2026 10:30 AM,13-Feb-2026 04:00 PM ,120.0,No ,No,Online,20-Feb-2026 11:00 AM,Municipal Bodies||Bhubaneswar Municipal Corporation,BMC AREA,751022.0,1.0,"6,77,754",BABA PATALESWAR ENGINEERING WORK,"679,867",Rejected-Finance,04-Jun-2026,Municipal Bodies||Bhubaneswar Municipal Corporation
2026_CERWI_125488_6,17-2025/26,SR to Karada to Indragada road such as WMM and SDBC at chainage 12.00km to 15.00km in the District of Kandahamal for the year 2025-26,SR to Karada to Indragada road such as WMM and SDBC at chainage 12.00km to 15.00km in the District of Kandahamal for the year 2025-26,Works,National Competitive Bid,Percentage,Civil Works - Roads,No,No,NA ,04-Feb-2026 02:00 PM,NA ,90.0,No ,No,Online,12-Feb-2026 11:30 AM,CE RW I||RWCIRCLE-BERHAMPUR||RWDIVISION-PHULBANI,Phulbani,762001.0,1.0,"33,61,000",RUDRA NARAYAN PRADHAN,"2,352,349",Rejected-AOC,02-Jun-2026,CE RW I||RWCIRCLE-BERHAMPUR||RWDIVISION-PHULBANI
2026_ORULB_125204_1,BSP_2026-27_03,CONST. OF OPEN AIR GYM NEAR BARAGADIA PADA IN WARD NO.6,CONST. OF OPEN AIR GYM NEAR BARAGADIA PADA IN WARD NO.6,Works,Open Tender,Percentage,Civil Works - Others,No,No,NA ,01-Feb-2026 10:00 AM,NA ,90.0,No ,No,Online,11-Feb-2026 11:00 AM,Municipal Bodies||Basudevpur Municipality,Basudevpur Municipality,756125.0,1.0,"3,98,783",Sibani Priyadarsani Behera,"371,793",Rejected-AOC,10-Jun-2026,Municipal Bodies||Basudevpur Municipality
2026_ORULB_126616_22,MC(CMC)CTC_Div-IIiNo39/2025-26,"Constrction of Road and Drain at Kendrapara Main Road, Madhusudan Nagar entarnce to Naba Sethy House at New Toral in Ward no-49.","Constrction of Road and Drain at Kendrapara Main Road, Madhusudan Nagar entarnce to Naba Sethy House at New Toral in Ward no-49.",Works,Open Tender,Percentage,Civil Works - Others,No,No,NA ,30-Mar-2026 11:00 AM,NA ,105.0,No ,No,Online,17-Apr-2026 10:00 AM,Municipal Bodies||Cuttack Municipal Corporation,CMC,753012.0,1.0,"12,56,847",BINAY PRASAD MOHAPATRA,"1,256,841",Rejected-AOC,23-Jun-2026,Municipal Bodies||Cuttack Municipal Corporation
2026_CERWI_127684_1,Online DKL 24/2025-26,Construction of Corridor across Library and Plus 3 Science Academic Block building of OPS Mahavidyalaya Hindol Road Dhenkanal for the year 2025-26,Construction of Corridor across Library and Plus 3 Science Academic Block building of OPS Mahavidyalaya Hindol Road Dhenkanal for the year 2025-26,Works,Open Tender,Percentage,Civil Works - Buildings,No,No,NA ,30-Mar-2026 11:30 AM,NA ,90.0,No ,No,Online,08-Apr-2026 05:00 PM,CE RW I||RWCIRCLE-ANGUL||RWDIVISION-DHENKANAL,Dhenkanal,759001.0,1.0,"11,54,827",FAKIRA MOHAN MOHAPATRA,"1,154,827",Rejected-Finance,08-Jun-2026,CE RW I||RWCIRCLE-ANGUL||RWDIVISION-DHENKANAL
2026_CERWI_124960_1,Tender Online Divn.NPR-13/2025-26,Construction of E type Qtr. At RW Section at Konark for the year 2025-26,Building,Works,National Competitive Bid,Percentage,Civil Works - Bridges,No,No,NA ,22-Jan-2026 09:00 AM,NA ,90.0,No ,No,Online,04-Feb-2026 11:00 AM,CE RW I||RWCIRCLE-BHUBANESWAR||RWDIVISION-NIMAPADA,Nimapara,752106.0,1.0,"36,30,000",SANATAN KANDI,"3,009,560.19",Rejected-Finance,09-Apr-2026,CE RW I||RWCIRCLE-BHUBANESWAR||RWDIVISION-NIMAPADA
2026_RMC_127909_4,MC/RMC/24/2026,"Extension of Street light Phase and Fixing of Street lights and Semi Highmast fittings at Janta Niwas Gali in Ward No. 30, Rourkela.",Electrical,Works,Open Tender,Percentage,Electrical Works,No,No,NA ,07-Apr-2026 06:00 PM,NA ,90.0,No ,No,Online,27-Apr-2026 11:00 AM,Rourkela Municipal Corporation,Rourkela,769012.0,1.0,"5,10,000",M/s. EASTERN ENGINEERING,"509,696.81",Rejected-Technical,20-Jun-2026,Rourkela Municipal Corporation
2026_PZPRC_126266_1,2026_Chandrapur_GSSK_02,Construction of GPLF BUilding at Jarpa,Construction of GPLF BUilding at Jarpa,Works,Open Tender,Percentage,Civil Works - Buildings,No,No,As per DTCN ,23-Feb-2026 11:00 AM,NA ,150.0,No ,No,Online,05-Mar-2026 11:00 AM,Panchayati Raj and Drinking Water Department Odisha||Zilla Parisad Rayagada||CHANDRAPUR,Jarapa,765020.0,1.0,"21,84,315",Anil Kumar Malik,"2,072,915",Accepted-AOC,01-Jun-2026,Panchayati Raj and Drinking Water Department Odisha||Zilla Parisad Rayagada||CHANDRAPUR
2026_OTDC_126267_1,BP-I/23/2025-26 Dt. 29.11.2025,Repair and Renovation of Way Side Amenity Centre at Jhinkpada in Mayurbhanj Dist,Repair and Renovation of Way Side Amenity Centre at Jhinkpada in Mayurbhanj Dist,Works,National Competitive Bid,Percentage,Civil Works - Buildings,No,No,NA ,19-Feb-2026 09:00 AM,NA ,90.0,No ,No,Online,26-Feb-2026 11:30 AM,Odisha Tourism Devl. Corp.,Mayurbhanj,757050.0,1.0,"24,98,045",SANTOSH KUMAR BISWAL,"2,123,588.42",Rejected-AOC,04-Jun-2026,Odisha Tourism Devl. Corp.
2026_ORULB_125862_5,33/SMC_SBP/2025-26,"Rejuvenation of Themra near Mandir, Gudhali Bandh, ward no-39 under SMC Sambalpur.","Rejuvenation of Themra near Mandir, Gudhali Bandh, ward no-39 under SMC Sambalpur.",Works,National Competitive Bid,Percentage,Civil Works - Others,No,No,NA ,13-Feb-2026 11:00 AM,NA ,120.0,No ,No,Online,06-Mar-2026 11:00 AM,Municipal Bodies||Sambalpur Municipal Corporation,SAMBALPUR MUNICIPAL CORPORATION,768006.0,2.0,"42,15,749",S T INFRA,"4,100,000",Rejected-Finance,22-Jun-2026,Municipal Bodies||Sambalpur Municipal Corporation
2026_CERWI_125613_4,OnlineTender/26/SERWDG-I/25-26,SR Badhinuapalli to NH-5 Via Bikrampur road,SR Badhinuapalli to NH-5 Via Bikrampur road,Works,National Competitive Bid,Percentage,Civil Works - Roads,No,No,NA ,06-Feb-2026 05:00 PM,NA ,90.0,No ,No,Online,19-Feb-2026 11:00 AM,CE RW I||RWCIRCLE-BERHAMPUR||RWDIVISION-GANJAM - I,Berhampur,760010.0,1.0,"12,61,000",tapan kumar acharya,"1,260,825",Accepted-AOC,01-Jun-2026,CE RW I||RWCIRCLE-BERHAMPUR||RWDIVISION-GANJAM - I
2026_WPURI_125602_1,GMWATCOPURI/26-01/2025-26,Construction of 3nos Drinking water Kiosk under Nimapara NAC,Construction of 3nos Drinking water Kiosk under Nimapara NAC,Works,National Competitive Bid,Percentage,Civil Works - Water Works,No,No,NA ,09-Feb-2026 11:00 AM,NA ,120.0,No ,No,Online,21-Feb-2026 12:30 PM,WATCO Bhubaneswar||Director (Operation) Watco||WATCO Division Puri,Nimapara,752106.0,1.0,"21,43,580",BALAJI CONTECH PROJECTS PVT LTD,"1,714,864",Rejected-Finance,12-Jun-2026,WATCO Bhubaneswar||Director (Operation) Watco||WATCO Division Puri
2026_ECCHA_126597_2,"e-Procurement Notice No.ACE, EC-II 11 of 2025-26","ACE, EC-II JKID 37 of 2025-26 Scoured Bank Protection to Brahmani Left Embankment at village Durgapur on OAE-18B.",Embankment protection,Works,National Competitive Bid,Percentage,Civil Works - Others,No,No,NA ,25-Feb-2026 11:00 AM,NA ,90.0,No ,No,Online,12-Mar-2026 11:30 AM,CE AND BM MBBS CHANDIKOLE||EASTERN CIRCLE II CHANDIKOLE,Jaraka,755050.0,2.0,"2,22,35,284",AMIT KUMAR,"17,810,462",Rejected-Finance,21-Jun-2026,CE AND BM MBBS CHANDIKOLE||EASTERN CIRCLE II CHANDIKOLE
2026_ORULB_126831_4,BSP_2026-27_05,Town hall Peripheri devlopment,Town hall Peripheri devlopment,Works,Open Tender,Percentage,Civil Works - Others,No,No,NA ,06-Mar-2026 10:00 AM,NA ,90.0,No ,No,Online,16-Mar-2026 11:00 AM,Municipal Bodies||Basudevpur Municipality,Basudevpur Municipality,756125.0,1.0,"2,42,113",SASHIKANTA SETHI(S.C),"208,556",Rejected-AOC,10-Jun-2026,Municipal Bodies||Basudevpur Municipality
2026_OSPHW_128105_2,01/OPHWC/2026-27,"Const. of 24 Nos. E Type Qtr. At Dist. Hdqtrs., Malkangiri",Building Work,Works,National Competitive Bid,Percentage,Civil Works - Buildings,No,No,NA ,13-Apr-2026 06:55 PM,NA ,90.0,No ,No,Online,28-Apr-2026 10:30 AM,Orissa State Police Housing and Welfare Corporation Ltd,Malkangiri,751022.0,2.0,"6,94,53,814",PRAFULLA KUMAR PANDA,"57,625,829",Rejected-Technical,08-Jun-2026,Orissa State Police Housing and Welfare Corporation Ltd
2026_PRKMN_129415_4,E-Procurement Notice No.(PSKMN)01/2026-27vide letter no 3039dt.14/5/2026,Construction of AddI. Class Room at Govt. PS Haluapali of Sialati GP,Construction of AddI. Class Room at Govt. PS Haluapali of Sialati GP,Works,Open Tender,Percentage,Civil Works - Buildings,No,No,NA ,20-May-2026 10:00 AM,NA ,90.0,No ,No,Online,04-Jun-2026 11:00 AM,Panchayati Raj and Drinking Water Department Odisha||Zilla Parisad Nuapada||KOMNA Block,Komna,766106.0,1.0,"14,98,047",AJAY KUMAR GAHIR,"1,495,051",Accepted-AOC,29-Jun-2026,Panchayati Raj and Drinking Water Department Odisha||Zilla Parisad Nuapada||KOMNA Block
2026_CERWI_127049_1,OT/25/SERWDG-I/25-26,Construction of R.I. Office-cum-Residence building at Khajapalli of Khalikote Tahasil in the District of Ganjam.,Construction of R.I. Office-cum-Residence building at Khajapalli of Khalikote Tahasil in the District of Ganjam.,Works,National Competitive Bid,Percentage,Civil Works - Buildings,No,No,NA ,09-Mar-2026 03:00 PM,NA ,90.0,No ,No,Online,17-Mar-2026 11:00 AM,CE RW I||RWCIRCLE-BERHAMPUR||RWDIVISION-GANJAM - I,Berhampur,760010.0,2.0,"82,70,000",AMARESWARA SATAPATHY,"6,616,426",Rejected-Finance,03-Jun-2026,CE RW I||RWCIRCLE-BERHAMPUR||RWDIVISION-GANJAM - I
2026_OLIC_124367_36,Bid Id No. 08/Dt. 07.01.2026,INSTALLATION AND ENERGISATION OF SAGADAILO-VI TW LI PROJECT,INSTALLATION AND ENERGISATION OF SAGADAILO-VI TW LI PROJECT,Works,Open Tender,Percentage,Civil Works - Lift Irrigation Schemes,No,No,NA ,12-Jan-2026 10:00 AM,NA ,365.0,No ,No,Online,28-Jan-2026 10:00 AM,"Orissa Lift Irrigation Corporation||LI,Central Circle, Cuttack||LI Division Cuttack",NIALI BLOCK,754001.0,1.0,"18,93,605",MAMATA MANJARI MALLICK,"1,893,605",Accepted-AOC,30-Jun-2026,"Orissa Lift Irrigation Corporation||LI,Central Circle, Cuttack||LI Division Cuttack"
2026_CERWI_126420_1,EE/RWELECT/SBP/43/2025-26,Provision of 20KVA DG to R.W. Division Titlagarh for the year 2025-26_building,Provision of 20KVA DG to R.W. Division Titlagarh for the year 2025-26_building,Works,Open Tender,Percentage,Electrical Works,No,No,NA ,23-Feb-2026 11:30 AM,NA ,90.0,No ,No,Online,06-Mar-2026 11:30 AM,CE RW I||RW Electrical Circle Bhubaneswar||RW Electrical Division Sambalpur,Balangir,768001.0,1.0,"8,05,024",SMARTPLUS CONSULTANCY AND INFORMATICS PRIVATE LIMITED,"724,521.321",Accepted-AOC,17-Jun-2026,CE RW I||RW Electrical Circle Bhubaneswar||RW Electrical Division Sambalpur
2026_OPEPA_127981_5,DPC/SS/SNG/12OF2026-27,NEW CONSTRUCTION AND RENOVATION OF OLD KGBV HOSTEL BUILDING LAHUNIPARA,NEW CONSTRUCTION RENOVATION OF OLD KGBV HOSTEL BUILDING CIVIL ELECTRICAL PH,Works,Open Tender,Percentage,Civil Works - Buildings,No,No,NA ,10-Apr-2026 09:00 AM,NA ,90.0,No ,No,Online,27-Apr-2026 05:30 PM,OPEPA Bhubaneswar||Samagra Shiksha Sundargarh,SUNDARGARH,770001.0,2.0,"1,13,31,761",LALMA BARLA,"11,331,761",Rejected-AOC,03-Jul-2026,OPEPA Bhubaneswar||Samagra Shiksha Sundargarh
2026_EICCL_128600_1,Bid Id No. SE- 04/2026-27,S/R such as Repair to Residence of Sub-Collector at Baripada for the year 2026-27 (Now occupied by Kasturi Panda (I.A.S).,S/R such as Repair to Residence of Sub-Collector at Baripada for the year 2026-27 (Now occupied by Kasturi Panda (I.A.S).,Works,Open Tender,Percentage,Civil Works - Buildings,No,No,NA ,29-Apr-2026 10:00 AM,NA ,90.0,No ,No,Online,08-May-2026 11:00 AM,EIC-CIVIL||SERNB-CIRCLE-EASTERN||EERNB-DIVN-BARIPADA,Baripada,757001.0,1.0,,SANGITA KHUNTIA,"610,077",Rejected-Finance,04-Jun-2026,EIC-CIVIL||SERNB-CIRCLE-EASTERN||EERNB-DIVN-BARIPADA
2026_RWSS_125703_1,05/RWSS/2025-26/RFP,"Hiring of Agency FOR Engagement of 2 Nos. of Attendant, 6 Nos. of Sweeper, 1 No. Gardener and 6 Nos. of Security Guard through manpower service provider on outsourcing basis under the jurisdiction of RWSS Division, Bhubaneswar","Hiring of Agency FOR Engagement of 2 Nos. of Attendant, 6 Nos. of Sweeper, 1 No. Gardener and 6 Nos. of Security Guard through manpower service provider on outsourcing basis under the jurisdiction of RWSS Division, Bhubaneswar",Services,National Competitive Bid,Percentage,Miscellaneous Services,No,No,NA ,07-Feb-2026 03:00 PM,NA ,180.0,No ,No,Online,17-Feb-2026 11:30 AM,Rural Water Supply and Sanitation||RWSS Circle Bhubaneswar||RWSS Division Bhubaneswar,BHUBANESWAR,751030.0,2.0,"20,26,760",Herald Manpower And Placemnet Services,"2,104,790",Rejected-Finance,18-Jun-2026,Rural Water Supply and Sanitation||RWSS Circle Bhubaneswar||RWSS Division Bhubaneswar
2026_CERWI_128535_1,33 of 2025-26,Construction of 1 No. D type quarter Building at Sagar PHC under Athagarh block of Cuttack District for the year 2025-26.,Construction of 1 No. D type quarter Building at Sagar PHC under Athagarh block of Cuttack District for the year 2025-26.,Works,Open Tender,Percentage,Miscellaneous Works,No,No,NA ,28-Apr-2026 01:00 PM,NA ,90.0,No ,No,Online,12-May-2026 11:30 AM,CE RW I||RWCIRCLE-CUTTACK||RWDIVISION-CUTTACK-II,Cuttack,753004.0,1.0,"33,77,178",OMPRASAD BALABANTARAY,"3,377,178",Rejected-AOC,08-Jun-2026,CE RW I||RWCIRCLE-CUTTACK||RWDIVISION-CUTTACK-II
2026_OPEPA_129072_1,IFB-DPC SS KPT ACR 142/144 OF 2024-25,CONSTRUCTION OF 1 NO ADDITIONAL CLASS ROOM BUILDING AT GADBAGUDA PROJ UPS OF NARAYANAPATNA BLOCK,CONSTRUCTION OF 1 NO ADDITIONAL CLASS ROOM BUILDING AT GADBAGUDA PROJ UPS OF NARAYANAPATNA BLOCK,Works,Open Tender,Percentage,Civil Works - Buildings,No,No,NA ,11-May-2026 11:00 AM,NA ,90.0,No ,No,Online,26-May-2026 11:30 AM,OPEPA Bhubaneswar||Samagra Shiksha Koraput,GADBAGUDA PROJ UPS OF NARAYANAPATNA BLOCK,764014.0,1.0,"14,35,310",PURBA KHARA,"1,419,521",Rejected-AOC,09-Jun-2026,OPEPA Bhubaneswar||Samagra Shiksha Koraput
2026_OPEPA_127981_4,DPC/SS/SNG/12OF2026-27,NEW CONSTRUCTION AND RENOVATION OF OLD KGBV HOSTEL BUILDING KUARMUNDA,NEW CONSTRUCTION RENOVATION OF OLD KGBV HOSTEL BUILDING CIVIL ELECTRICAL PH,Works,Open Tender,Percentage,Civil Works - Buildings,No,No,NA ,10-Apr-2026 09:00 AM,NA ,30.0,No ,No,Online,27-Apr-2026 05:30 PM,OPEPA Bhubaneswar||Samagra Shiksha Sundargarh,SUNDARGARH,770001.0,2.0,"1,13,71,020",SURAJ BUILDER,"11,371,020",Rejected-Technical,03-Jul-2026,OPEPA Bhubaneswar||Samagra Shiksha Sundargarh
2026_PRKMN_129415_5,E-Procurement Notice No.(PSKMN)01/2026-27vide letter no 3039dt.14/5/2026,Construction of AddI. Class Room at Govt. PS Jagannathpali of Tikrapada GP,Construction of AddI. Class Room at Govt. PS Jagannathpali of Tikrapada GP,Works,Open Tender,Percentage,Civil Works - Buildings,No,No,NA ,20-May-2026 10:00 AM,NA ,90.0,No ,No,Online,04-Jun-2026 11:00 AM,Panchayati Raj and Drinking Water Department Odisha||Zilla Parisad Nuapada||KOMNA Block,Komna,766106.0,1.0,"15,01,214",DINESH SAHU,"1,498,211",Accepted-AOC,29-Jun-2026,Panchayati Raj and Drinking Water Department Odisha||Zilla Parisad Nuapada||KOMNA Block
2026_OBCC_125086_1,44/Tender/OBCC/2025-26,"Selection of Consulting firm for preparation of Masterplan, Detail Design and DPR for Development of Interpretation Center, Mathas, Bindusagar parikrama, and upgradation of Dodhwawalla and Dalmia Dharamsala at Bhubaneswar.","Selection of Consulting firm for preparation of Masterplan, Detail Design and DPR for Development of Interpretation Center, Mathas, Bindusagar parikrama, and upgradation of Dodhwawalla and Dalmia Dharamsala at Bhubaneswar.",Services,Open Tender,Lump-sum,Miscellaneous Services,No,No,NA ,27-Jan-2026 05:30 PM,02-Feb-2026 11:30 AM ,120.0,No ,No,Online,17-Feb-2026 11:30 AM,Orissa Bridge and Construction Corporation Ltd,Bhubaneswar,751002.0,2.0,,RADIANT,"9,500,000",Rejected-Finance,30-Jun-2026,Orissa Bridge and Construction Corporation Ltd
2026_OSPHW_128105_3,01/OPHWC/2026-27,"Construction of Atal Bus Stand (C-Type) at Harilabeda under Jamada Block, Mayurbhanj",Building Work,Works,National Competitive Bid,Percentage,Civil Works - Buildings,No,No,NA ,13-Apr-2026 06:55 PM,NA ,90.0,No ,No,Online,28-Apr-2026 10:30 AM,Orissa State Police Housing and Welfare Corporation Ltd,Mayurbhanj,751022.0,2.0,"6,57,80,194",SUDARSAN PUTHAL,"54,604,139",Rejected-Finance,17-Jun-2026,Orissa State Police Housing and Welfare Corporation Ltd
2026_CERWI_125151_15,E PROCUREMENT NOTICE NO.RWD-II/KPD-17/25-26,S/R to Sanjharia to Dihudipur road for the year 2025-26,S/R to Sanjharia to Dihudipur road for the year 2025-26,Works,Open Tender,Percentage,Civil Works - Roads,No,No,NA ,29-Jan-2026 11:00 AM,NA ,90.0,No ,No,Online,11-Feb-2026 11:00 AM,CE RW I||RWCIRCLE-KENDRAPARA||RWDIVISION II-KENDRAPARA,Kendrapda,754211.0,1.0,"6,72,000",LAXMIPRIYA SETHI,"672,208",Rejected-Finance,18-Jun-2026,CE RW I||RWCIRCLE-KENDRAPARA||RWDIVISION II-KENDRAPARA
2026_CERWI_126519_1,NCB-41/RWCKJR/2025-26,Improvement of Road from PWD Road (Soso) to Adalapanka Via-Mouda Road from 0/00km to 8/00km under DMF in the district of Keonjhar for the year 2025-26,Improvement of Road from PWD Road (Soso) to Adalapanka Via-Mouda Road from 0/00km to 8/00km under DMF in the district of Keonjhar for the year 2025-26,Works,National Competitive Bid,Percentage,Civil Works - Roads,No,No,NA ,24-Feb-2026 09:00 AM,NA ,90.0,No ,No,Online,07-Mar-2026 11:00 AM,CE RW I||RWCIRCLE-KEONJHAR,Keonjhar,758001.0,2.0,"7,18,92,186",SANGRAM KESHARI LENKA,"71,892,186.151",Rejected-Finance,03-Jun-2026,CE RW I||RWCIRCLE-KEONJHAR
2026_ORULB_126831_5,BSP_2026-27_05,Construction of approach road and covering boundary wall at Crematorium,Construction of approach road and covering boundary wall at Crematorium,Works,Open Tender,Percentage,Civil Works - Roads,No,No,NA ,06-Mar-2026 10:00 AM,NA ,90.0,No ,No,Online,16-Mar-2026 11:00 AM,Municipal Bodies||Basudevpur Municipality,Basudevpur Municipality,756125.0,1.0,"1,73,673",Lipak Kumar Muduli,"166,017",Rejected-AOC,10-Jun-2026,Municipal Bodies||Basudevpur Municipality
2026_ECCHA_126597_3,"e-Procurement Notice No.ACE, EC-II 11 of 2025-26","ACE, EC-II JKID 38 of 2025-26 Scoured Bank Protection to Brahmani Left Embankment near village Nuahata on OAE-18B.",Embankment protection,Works,National Competitive Bid,Percentage,Civil Works - Others,No,No,NA ,25-Feb-2026 11:00 AM,NA ,90.0,No ,No,Online,12-Mar-2026 11:30 AM,CE AND BM MBBS CHANDIKOLE||EASTERN CIRCLE II CHANDIKOLE,Jaraka,755050.0,2.0,"2,41,08,504",SATYAJIT SAMAL,"20,395,794",Rejected-Finance,21-Jun-2026,CE AND BM MBBS CHANDIKOLE||EASTERN CIRCLE II CHANDIKOLE
2026_ORULB_125862_4,33/SMC_SBP/2025-26,Rejuvenation of Jagannath Colony Bandha-2 in Ward No.-27.,Rejuvenation of Jagannath Colony Bandha-2 in Ward No.-27.,Works,National Competitive Bid,Percentage,Civil Works - Others,No,No,NA ,13-Feb-2026 11:00 AM,NA ,120.0,No ,No,Online,06-Mar-2026 11:00 AM,Municipal Bodies||Sambalpur Municipal Corporation,SAMBALPUR MUNICIPAL CORPORATION,768006.0,2.0,"59,24,718",B. AHALYA,"5,924,718",Accepted-AOC,22-Jun-2026,Municipal Bodies||Sambalpur Municipal Corporation
2026_EICCL_124281_12,RC(RANDB) RGD NO. II/ 15 /2025-26,Repair and renovation of RI staff quarter building near RI office at Gunupur during 2025-26,Building Work,Works,Open Limited,Percentage,Civil Works - Buildings,No,No,NA ,08-Jan-2026 11:00 AM,NA ,90.0,No ,No,Online,16-Jan-2026 11:00 AM,EIC-CIVIL||SERNB-CIRCLE-RAYAGADA||EERNB-DIVN-RAYAGADA NEW,Gunupur,765022.0,1.0,"4,02,766",MINAKETAN MAHAPATRA,"342,391",Rejected-AOC,04-Jun-2026,EIC-CIVIL||SERNB-CIRCLE-RAYAGADA||EERNB-DIVN-RAYAGADA NEW
2026_CERWI_126028_1,NCB 405,Construction of H.L. Bridge over Local Nallah at 1st Km on Ruansi to Jhulan road,Construction of H.L. Bridge over Local Nallah at 1st Km on Ruansi to Jhulan road,Works,National Competitive Bid,Percentage,Civil Works - Bridges,No,No,NA ,13-Feb-2026 06:55 PM,NA ,90.0,No ,No,Online,02-Mar-2026 11:00 AM,CE RW I||RWCIRCLE-BARIPADA,Mayurbhanj,757105.0,2.0,"4,30,26,000",SATYABRATA DHAL,"30,982,389",Rejected-AOC,22-Jun-2026,CE RW I||RWCIRCLE-BARIPADA
2026_ORULB_126616_23,MC(CMC)CTC_Div-IIiNo39/2025-26,"Construction of Road from Madhubabu chhak to Immamnagar to Safei canal in Imammnagar Samal sahi , in Ward No-49.","Construction of Road from Madhubabu chhak to Immamnagar to Safei canal in Imammnagar Samal sahi , in Ward No-49.",Works,Open Tender,Percentage,Civil Works - Others,No,No,NA ,30-Mar-2026 11:00 AM,NA ,105.0,No ,No,Online,17-Apr-2026 10:00 AM,Municipal Bodies||Cuttack Municipal Corporation,CMC,753012.0,1.0,"16,79,334",BISWARANJAN MOHANTY,"1,679,334",Rejected-AOC,23-Jun-2026,Municipal Bodies||Cuttack Municipal Corporation
2026_CERWI_125473_1,Road Tender Online-RWCSBP-29/2025-26,Construction of road from Karalmal to Bindhanpali,Construction of road from Karalmal to Bindhanpali,Works,Open Tender,Percentage,Civil Works - Roads,No,No,NA ,03-Feb-2026 03:00 PM,NA ,90.0,No ,No,Online,20-Feb-2026 11:00 AM,CE RW I||RWCIRCLE-SAMBALPUR,Bargarh,768028.0,2.0,"3,47,79,252",M/S UNISON INFRACON,"35,996,526",Rejected-Finance,09-Jun-2026,CE RW I||RWCIRCLE-SAMBALPUR
2026_EICCL_125815_1,SE R and B Divn NoI Bam 60/2025-26,"S/R to different Non residential building such as providing inside and outside painting, grading and other repair works at BAM","S/R to different Non residential building such as providing inside and outside painting, grading and other repair works at BAM",Works,Open Tender,Percentage,Civil Works - Buildings,No,No,NA ,10-Feb-2026 05:00 PM,NA ,90.0,No ,No,Online,17-Feb-2026 11:30 AM,EIC-CIVIL||SERNB-CIRCLE-BERHAMPUR||EERNB-DIVN-GANJAM I,Ganjam,760005.0,1.0,"22,59,746",LIPUN SAHU,"1,491,432",Rejected-Finance,05-Jun-2026,EIC-CIVIL||SERNB-CIRCLE-BERHAMPUR||EERNB-DIVN-GANJAM I
2026_CERWI_125488_7,17-2025/26,SR to SKPM to Budamaha Chhaka to Adusikupa such as construction of HPC and Approach Rooad for the year of 2025-26 in the dist. Of Kandahamal,SR to SKPM to Budamaha Chhaka to Adusikupa such as construction of HPC and Approach Rooad for the year of 2025-26 in the dist. Of Kandahamal,Works,National Competitive Bid,Percentage,Civil Works - Roads,No,No,NA ,04-Feb-2026 02:00 PM,NA ,90.0,No ,No,Online,12-Feb-2026 11:30 AM,CE RW I||RWCIRCLE-BERHAMPUR||RWDIVISION-PHULBANI,Phulbani,762001.0,1.0,"5,04,000",ASHOK NAIK,"367,805",Accepted-AOC,02-Jun-2026,CE RW I||RWCIRCLE-BERHAMPUR||RWDIVISION-PHULBANI
2026_ORULB_125679_17,BMC-EE-Tender Cell-69/2025-26 Dt. 06.02.2026,Renovation of Sahid Laxman Nayak Basti Community Centre in Ward No. 15,Renovation of Sahid Laxman Nayak Basti Community Centre in Ward No. 15,Works,Open Tender,Percentage,Civil Works - Others,No,No,NA ,09-Feb-2026 10:30 AM,13-Feb-2026 04:00 PM ,120.0,No ,No,Online,20-Feb-2026 11:00 AM,Municipal Bodies||Bhubaneswar Municipal Corporation,BMC AREA,751022.0,1.0,"6,77,927",SOUMYA RANJAN MALLICK,"680,040",Rejected-Finance,04-Jun-2026,Municipal Bodies||Bhubaneswar Municipal Corporation
2026_OLIC_127841_38,BID ID NO. 10/Dt.04.04.2026,INSTALLATION AND ENERGISATION OF SUDHAKANTHI II TW LI PROJECT,INSTALLATION AND ENERGISATION OF SUDHAKANTHI II TW LI PROJECT,Works,Open Tender,Percentage,Civil Works - Lift Irrigation Schemes,No,No,NA ,08-Apr-2026 10:00 AM,NA ,365.0,No ,No,Online,22-Apr-2026 10:00 AM,"Orissa Lift Irrigation Corporation||LI,Central Circle, Cuttack||LI Division Cuttack",NAUGAON BLOCK,754001.0,1.0,"19,10,529",CHANDAN KUMAR SAHOO,"1,910,529",Accepted-AOC,22-Jun-2026,"Orissa Lift Irrigation Corporation||LI,Central Circle, Cuttack||LI Division Cuttack"
2026_ORULB_126612_9,MC(CMC)CTC_Div-IINo.35/2025-26,Repair and Renovation of public Toilet near ring road in ward no 35.,Repair and Renovation of public Toilet near ring road in ward no 35.,Works,Open Tender,Percentage,Civil Works - Others,No,No,NA ,25-Mar-2026 11:00 AM,NA ,60.0,No ,No,Online,15-Apr-2026 10:00 AM,Municipal Bodies||Cuttack Municipal Corporation,CMC,753012.0,1.0,"5,10,329",Sunil Kumar Mallick (S.C),"510,328.69",Rejected-AOC,03-Jun-2026,Municipal Bodies||Cuttack Municipal Corporation
2026_EICCL_124815_1,SE R and B Divn NoI Bam 54/2025-26,"Repairing and over wheeling of fire jockey pump disel engine, main electric pump in fire pump house of Paediatric Department, MKCG MC and Hospital at Berhampur. building","Repairing and over wheeling of fire jockey pump disel engine, main electric pump in fire pump house of Paediatric Department, MKCG MC and Hospital at Berhampur. building",Works,Open Tender,Percentage,Electrical Works,No,No,NA ,19-Jan-2026 05:00 PM,NA ,90.0,No ,No,Online,27-Jan-2026 11:30 AM,EIC-CIVIL||SERNB-CIRCLE-BERHAMPUR||EERNB-DIVN-GANJAM I,Ganjam,760005.0,1.0,"4,17,797",TRANSTECH SOLUTION,"417,797",Accepted-AOC,04-Jun-2026,EIC-CIVIL||SERNB-CIRCLE-BERHAMPUR||EERNB-DIVN-GANJAM I
2026_CERWI_127050_1,OT/25/SERWDG-I/25-26,Construction of R.I. Office-cum-Residence building at Sabiliya of Khalikote Tahasil in the District of Ganjam.,Construction of R.I. Office-cum-Residence building at Sabiliya of Khalikote Tahasil in the District of Ganjam.,Works,National Competitive Bid,Percentage,Civil Works - Buildings,No,No,NA ,09-Mar-2026 03:00 PM,NA ,90.0,No ,No,Online,17-Mar-2026 11:00 AM,CE RW I||RWCIRCLE-BERHAMPUR||RWDIVISION-GANJAM - I,Berhampur,760010.0,2.0,"82,59,000",Arabinda Panda,"6,606,679",Rejected-Finance,05-Jun-2026,CE RW I||RWCIRCLE-BERHAMPUR||RWDIVISION-GANJAM - I
2026_CERWI_125202_5,Online Tender17/SERW Division Boudh 2025-26,Construction of RI Office Cum Residence Building at Purunakatak for the year 2024-25,Construction of RI Office Cum Residence Building at Purunakatak for the year 2024-25,Works,Open Tender,Percentage,Civil Works - Buildings,No,No,NA ,30-Jan-2026 03:00 PM,NA ,90.0,No ,No,Online,11-Feb-2026 11:00 AM,CE RW I||RWCIRCLE-BERHAMPUR||RWDIVISION-BOUDH,O/o SERWDivision Boudh,762014.0,2.0,"60,51,209",SAILENDRA KUMAR PRADHAN,"6,045,158",Rejected-Finance,20-Jun-2026,CE RW I||RWCIRCLE-BERHAMPUR||RWDIVISION-BOUDH
2026_OSPHW_127737_8,31/OPHWC/2025-26,"Cluster for 1.Constn. of 6 Nos. F Type Qtr.(Splus3)of Sambalpur-I, 2.Constn of 6 Nos. F Type Qtr.(Splus3)of Sambalpur-II and 3.Constn. of 3 Nos. E Type Qtr. With Stilt of Sambalpur-II Excise Station at Kainsir under Sambalpur Tahasil",Building Work,Works,National Competitive Bid,Percentage,Civil Works - Buildings,No,No,NA ,02-Apr-2026 06:55 PM,NA ,90.0,No ,No,Online,17-Apr-2026 10:30 AM,Orissa State Police Housing and Welfare Corporation Ltd,Sambalpur,751022.0,2.0,"5,44,39,721",Sanjeeb Sahu,"43,557,221",Rejected-Finance,10-Jun-2026,Orissa State Police Housing and Welfare Corporation Ltd
2026_ORULB_127314_2,43/SMC_SBP/2025-26,Construction of drain and Box Culvert near Central School towards urvashi vihar in ward no.19,Construction of drain and Box Culvert near Central School towards urvashi vihar in ward no.19,Works,Open Tender,Percentage,Civil Works - Others,No,No,NA ,17-Mar-2026 04:00 PM,NA ,120.0,No ,No,Online,30-Mar-2026 11:00 AM,Municipal Bodies||Sambalpur Municipal Corporation,SAMBALPUR MUNICIPAL CORPORATION,768006.0,1.0,"25,69,007",JK CONSTRUCTION AND EQUIPMENT,"2,569,007.12",Rejected-Technical,30-Jun-2026,Municipal Bodies||Sambalpur Municipal Corporation
2026_ORULB_126552_20,06/PKDM-2025-26,"Construction of Cover plate over drain and repair of road at Station road to Hatapada, Hatapada to Rajuguru Street, Sunari St., Chitrakara Street, Ward No.3",Construction of Cover plate over drain and repair of road work,Works,Open Tender,Percentage,Civil Works - Others,No,No,NA ,27-Feb-2026 10:00 AM,NA ,90.0,No ,No,Online,13-Mar-2026 11:00 AM,Municipal Bodies||Parlakhemundi Municipal Council,Paralakhemundi Municipality,761200.0,1.0,"7,65,344",CHITTARANJAN DASH,"757,690",Accepted-AOC,08-Jun-2026,Municipal Bodies||Parlakhemundi Municipal Council
2026_OLIC_127841_10,BID ID NO. 10/Dt.04.04.2026,INSTALLATION AND ENERGISATION OF KHANDAPASA2 TW LI PROJECT,INSTALLATION AND ENERGISATION OF KHANDAPASA2 TW LI PROJECT,Works,Open Tender,Percentage,Civil Works - Lift Irrigation Schemes,No,No,NA ,08-Apr-2026 10:00 AM,NA ,365.0,No ,No,Online,22-Apr-2026 10:00 AM,"Orissa Lift Irrigation Corporation||LI,Central Circle, Cuttack||LI Division Cuttack",BALIKUDA BLOCK,754001.0,1.0,"19,10,529",SUSANTA KUMAR DAS,"1,910,529",Rejected-Technical,10-Jun-2026,"Orissa Lift Irrigation Corporation||LI,Central Circle, Cuttack||LI Division Cuttack"
2026_ORULB_126552_34,06/PKDM-2025-26,"Construction of right side drain from Hi-tech apartment to main road, W.No.1",Construction of right side drain work,Works,Open Tender,Percentage,Civil Works - Others,No,No,NA ,27-Feb-2026 10:00 AM,NA ,90.0,No ,No,Online,13-Mar-2026 11:00 AM,Municipal Bodies||Parlakhemundi Municipal Council,Paralakhemundi Municipality,761200.0,1.0,"16,59,819",SIMMA ALLADA,"1,643,221",Rejected-AOC,08-Jun-2026,Municipal Bodies||Parlakhemundi Municipal Council
2026_ORULB_127216_5,41/SMC_SBP/2025-26,"Construction of Drain at Chandan Nagar ,from Chhal Bihari Pathak house to Umashankar Mishra house ,Ward No.15","Construction of Drain at Chandan Nagar ,from Chhal Bihari Pathak house to Umashankar Mishra house ,Ward No.15",Works,Open Tender,Percentage,Civil Works - Others,No,No,NA ,14-Mar-2026 11:00 AM,NA ,120.0,No ,No,Online,24-Mar-2026 11:00 AM,Municipal Bodies||Sambalpur Municipal Corporation,SAMBALPUR MUNICIPAL CORPORATION,768006.0,1.0,"4,12,725",SAROJ SETH,"412,725",Rejected-Technical,22-Jun-2026,Municipal Bodies||Sambalpur Municipal Corporation
2026_ORULB_128804_5,08/SMC_SBP/2026-27,"Construction of Paver Road and Drain From Jain Infotech to main road Adarsh Marg, Ainthapali, Ward no-21","Construction of Paver Road and Drain From Jain Infotech to main road Adarsh Marg, Ainthapali, Ward no-21",Works,Open Tender,Percentage,Civil Works - Others,No,No,NA ,08-May-2026 11:00 AM,NA ,120.0,No ,No,Online,19-May-2026 11:00 AM,Municipal Bodies||Sambalpur Municipal Corporation,SAMBALPUR MUNICIPAL CORPORATION,768006.0,1.0,"7,59,392",ABHINAS NANDA,"759,392.57",Accepted-AOC,22-Jun-2026,Municipal Bodies||Sambalpur Municipal Corporation
2026_STSCD_127876_7,BidIdentificationNo-01/2026-27,Construction of C.C. Road from Nuasahi to Dhadichua Road of Badhatnabeda GP of Kusumi Block.,Construction of C.C. Road from Nuasahi to Dhadichua Road of Badhatnabeda GP of Kusumi Block.,Works,Open Tender,Percentage,Civil Works - Roads,No,No,NA ,07-Apr-2026 11:00 AM,NA ,90.0,No ,No,Online,22-Apr-2026 11:00 AM,ST and SC Development Deptt||ITDA Rairangpur,Nuasahi to Dhadichua Road,757047.0,1.0,"21,06,203",BIRENDRA BEHERA,"2,095,671.99",Rejected-AOC,26-Jun-2026,ST and SC Development Deptt||ITDA Rairangpur
2026_ORULB_126857_108,06/BGH- MUN/2025-26,Construction of CC Road from sunilmeher house to santoshini nag house w.no-16,Construction of CC Road from sunilmeher house to santoshini nag house w.no-16,Works,Open Tender,Percentage,Civil Works - Others,No,No,NA ,06-Mar-2026 04:00 PM,NA ,90.0,No ,No,Online,17-Mar-2026 11:00 AM,Municipal Bodies||Bargarh Municipal Council,Bargarh,768028.0,1.0,"15,03,196",RANJAN SETH,"1,018,669.133",Rejected-Finance,10-Jun-2026,Municipal Bodies||Bargarh Municipal Council
2026_ORULB_126857_89,06/BGH- MUN/2025-26,"Construction of CC Road, Drain and slab from bandha pada kuna sahu house to siva mandir w.no-18","Construction of CC Road, Drain and slab from bandha pada kuna sahu house to siva mandir w.no-18",Works,Open Tender,Percentage,Civil Works - Others,No,No,NA ,06-Mar-2026 04:00 PM,NA ,90.0,No ,No,Online,17-Mar-2026 11:00 AM,Municipal Bodies||Bargarh Municipal Council,Bargarh,768028.0,1.0,"15,01,788",RANJAN SETH,"1,018,196.08",Rejected-Finance,10-Jun-2026,Municipal Bodies||Bargarh Municipal Council
2026_ORULB_124590_40,BBLM-6/2025-26,"Repair of bye lane in Ward No.7, Barbil","Repair of bye lane in Ward No.7, Barbil",Works,Open Tender,Percentage,Civil Works - Roads,No,No,NA ,20-Jan-2026 10:00 AM,NA ,90.0,No ,No,Online,04-Feb-2026 11:00 AM,Municipal Bodies||Barbil Municipality,Barbil,758035.0,2.0,"20,00,000",Sri Binod Kumar Jena,"2,097,909",Rejected-Finance,23-Jun-2026,Municipal Bodies||Barbil Municipality
2026_ORULB_126857_62,06/BGH- MUN/2025-26,Construction of CC Road and Drain from manojmeher to swetamehergali via debtagali w.no-13,Construction of CC Road and Drain from manojmeher to swetamehergali via debtagali w.no-13,Works,Open Tender,Percentage,Civil Works - Others,No,No,NA ,06-Mar-2026 04:00 PM,NA ,90.0,No ,No,Online,17-Mar-2026 11:00 AM,Municipal Bodies||Bargarh Municipal Council,Bargarh,768028.0,1.0,"7,04,932",MAMATA AGRAWAL,"597,400.957",Accepted-Technical,26-Jun-2026,Municipal Bodies||Bargarh Municipal Council
2026_ORULB_128192_1,BBLM-1/2026-27,"Construction of Market Complex near residence of Executive Officer, Ward No.10, Barbil","Construction of Market Complex near residence of Executive Officer, Ward No.10, Barbil",Works,Open Tender,Percentage,Civil Works - Others,No,No,NA ,20-Apr-2026 10:00 AM,NA ,180.0,No ,No,Online,04-May-2026 11:00 AM,Municipal Bodies||Barbil Municipality,Barbil,758035.0,2.0,"48,70,975",ARJUN SINGH SOREN,"4,356,864",Rejected-Finance,25-Jun-2026,Municipal Bodies||Barbil Municipality
2026_EICCL_125653_5,SE (R and B) Angul-70/ 2025-26,"Renovation of old conference hall and allied peripheral developmental works at Sub Collector office Athamallik (Civil, EI)","Renovation of old conference hall and allied peripheral developmental works at Sub Collector office Athamallik (Civil, EI)",Works,Open Tender,Percentage,Civil Works - Buildings,No,No,NA ,07-Feb-2026 10:00 AM,NA ,90.0,No ,No,Online,24-Feb-2026 11:00 AM,EIC-CIVIL||SERNB-CIRCLE-DHENKANAL||EERNB Angul Division,ANGUL,759122.0,1.0,"28,33,485",ASHUTOSH BADAMALI,"2,833,485",Rejected-AOC,25-Jun-2026,EIC-CIVIL||SERNB-CIRCLE-DHENKANAL||EERNB Angul Division
2026_ORULB_127470_2,EO/BIJEPUR/06/2025-26,"Construction of Market Complex near Govt. High School, Bijepur under 5th SFC Incentive Grant under Bijepur NAC for the year 2025-26 (Block-B)","Construction of Market Complex near Govt. High School, Bijepur under 5th SFC Incentive Grant under Bijepur NAC for the year 2025-26 (Block-B)",Works,Open Tender,Percentage,Civil Works - Buildings,No,No,NA ,23-Mar-2026 09:00 AM,NA ,90.0,No ,No,Online,04-Apr-2026 11:00 AM,Municipal Bodies||Bijepur NAC,Bijepur NAC,768032.0,1.0,"16,74,656",JITEN SUNA,"1,413,410",Rejected-Finance,01-Jun-2026,Municipal Bodies||Bijepur NAC
2026_CERWI_127019_1,OT/25/SERWDG-I/25-26,Construction of R.I. Office-cum-Residence building at Kanchana of Khalikote Tahasil in the District of Ganjam.,Construction of R.I. Office-cum-Residence building at Kanchana of Khalikote Tahasil in the District of Ganjam.,Works,National Competitive Bid,Percentage,Civil Works - Buildings,No,No,NA ,09-Mar-2026 03:00 PM,NA ,90.0,No ,No,Online,17-Mar-2026 11:00 AM,CE RW I||RWCIRCLE-BERHAMPUR||RWDIVISION-GANJAM - I,Berhampur,760010.0,2.0,"82,67,000",Ajaya Kumar Sethy,"7,026,543",Accepted-AOC,02-Jun-2026,CE RW I||RWCIRCLE-BERHAMPUR||RWDIVISION-GANJAM - I
2026_ORULB_125204_10,BSP_2026-27_03,Completion of Bansipatna Park in ward no.21,Completion of Bansipatna Park in ward no.21,Works,Open Tender,Percentage,Civil Works - Others,No,No,NA ,01-Feb-2026 10:00 AM,NA ,90.0,No ,No,Online,11-Feb-2026 11:00 AM,Municipal Bodies||Basudevpur Municipality,Basudevpur Municipality,756125.0,1.0,"5,78,371",Bijay Kumar Nayak,"484,559",Accepted-AOC,10-Jun-2026,Municipal Bodies||Basudevpur Municipality
2026_CERWI_126413_2,EEPTNG-online-21/2025-26,Construction of Building for implementation of VC system in Tahasil Office at Saintala in the District of Balangir,Construction of Building for implementation of VC system in Tahasil Office at Saintala in the District of Balangir,Works,Open Tender,Percentage,Civil Works - Buildings,No,No,NA ,09-Mar-2026 02:00 PM,NA ,90.0,No ,No,Online,18-Mar-2026 11:00 AM,CE RW I||RWCIRCLE-BALANGIR||RW Division Patnagarh,Patnagarh,767025.0,1.0,"24,92,000",Ankit Agrawal,"2,448,338",Rejected-Finance,25-Jun-2026,CE RW I||RWCIRCLE-BALANGIR||RW Division Patnagarh
2026_ORULB_127122_1,EO/Bijepur/04/2025-26,Construction of Urban Hata near Sriram Nagar Chowk at W.N-04 under Bijepur NAC for the year 2025-26,Construction of Urban Hata near Sriram Nagar Chowk at W.N-04 under Bijepur NAC for the year 2025-26,Works,Open Tender,Percentage,Civil Works - Buildings,No,No,NA ,11-Mar-2026 09:00 AM,NA ,120.0,No ,No,Online,30-Mar-2026 11:00 AM,Municipal Bodies||Bijepur NAC,Bijepur NAC,768032.0,2.0,"1,35,18,191",GHANDHI MISHRA,"13,518,191.47",Not Admitted-Fee/PreQual/Technical,09-Jun-2026,Municipal Bodies||Bijepur NAC
2026_CERWI_126240_1,SERWDGH-Online-15 of 2025-26,Periodical Maintenance of road from Siarimalia to Podadihi in the district of Deogarh for the year 2025-26.,Road work,Works,Open Tender,Percentage,Civil Works - Roads,No,No,NA ,18-Feb-2026 02:00 PM,NA ,90.0,No ,No,Online,24-Feb-2026 11:00 AM,CE RW I||RWCIRCLE-SAMBALPUR||RWDIVISION-DEOGARH,Deogarh,768119.0,1.0,"45,33,979",KEDARA KUMAR PRADHAN,"3,466,227",Accepted-AOC,21-Jun-2026,CE RW I||RWCIRCLE-SAMBALPUR||RWDIVISION-DEOGARH
2026_CERWI_127223_2,Tender Online 22 JJPT of 2025-26,S/R to Mnadarakhanda Chhaka to Babalpur via Bhanra Sasan Road for the Year 2025-26 in the Dist. of Jajpur,S/R to Mnadarakhanda Chhaka to Babalpur via Bhanra Sasan Road for the Year 2025-26 in the Dist. of Jajpur,Works,Open Tender,Percentage,Civil Works - Roads,No,No,NA ,12-Mar-2026 04:00 PM,NA ,30.0,No ,No,Online,19-Mar-2026 11:30 AM,CE RW I||RWCIRCLE-KENDRAPARA||RWDIVISION I JAJPUR,JAJPUR,755007.0,1.0,"5,76,908",AKASH MALIK,"389,412.576",Accepted-AOC,30-Jun-2026,CE RW I||RWCIRCLE-KENDRAPARA||RWDIVISION I JAJPUR
2026_CERWI_125173_1,Online-RWCCESNG-28 of 2025-26,L088-Muralipali to Sardha Road,L088-Muralipali to Sardha Road,Works,National Competitive Bid,Percentage,Civil Works - Roads,No,No,NA ,29-Jan-2026 03:00 PM,NA ,90.0,No ,No,Online,12-Feb-2026 11:00 AM,CE RW I||RW-CIRCLE-SUNDARGARH,Jharsuguda,770020.0,2.0,"3,92,16,983",Nikhil Agrawal,"31,353,977.573",Accepted-AOC,02-Jun-2026,CE RW I||RW-CIRCLE-SUNDARGARH
2026_ORULB_126552_39,06/PKDM-2025-26,"Beautification of Rajuguru Sahi Junction, Ward No.3",Beautification work,Works,Open Tender,Percentage,Civil Works - Others,No,No,NA ,27-Feb-2026 10:00 AM,NA ,90.0,No ,No,Online,13-Mar-2026 11:00 AM,Municipal Bodies||Parlakhemundi Municipal Council,Paralakhemundi Municipality,761200.0,1.0,"4,25,418",CHITTARANJAN DASH,,Rejected-AOC,08-Jun-2026,Municipal Bodies||Parlakhemundi Municipal Council
2026_CERWI_125202_17,Online Tender17/SERW Division Boudh 2025-26,Construction of RI Office Cum Residence Building at Manamunda for the year 2024-25,Construction of RI Office Cum Residence Building at Manamunda for the year 2024-25,Works,Open Tender,Percentage,Civil Works - Buildings,No,No,NA ,30-Jan-2026 03:00 PM,NA ,90.0,No ,No,Online,11-Feb-2026 11:00 AM,CE RW I||RWCIRCLE-BERHAMPUR||RWDIVISION-BOUDH,O/o SERWDivision Boudh,762014.0,2.0,"60,10,236",ASHISH SINGH,"6,004,226",Rejected-Finance,04-Jun-2026,CE RW I||RWCIRCLE-BERHAMPUR||RWDIVISION-BOUDH
2026_ORULB_126552_11,06/PKDM-2025-26,"Renovation of Community Hall at New Kampo Street-3, Ward No.12",Renovation of Community Hall work,Works,Open Tender,Percentage,Civil Works - Others,No,No,NA ,27-Feb-2026 10:00 AM,NA ,90.0,No ,No,Online,13-Mar-2026 11:00 AM,Municipal Bodies||Parlakhemundi Municipal Council,Paralakhemundi Municipality,761200.0,1.0,"5,02,001",LOPINTI REKHA,"501,951",Accepted-AOC,08-Jun-2026,Municipal Bodies||Parlakhemundi Municipal Council
2026_CERWI_125202_8,Online Tender17/SERW Division Boudh 2025-26,Construction of RI Office Cum Residence Building at Harabhanga for the year 2024-25,Construction of RI Office Cum Residence Building at Harabhanga for the year 2024-25,Works,Open Tender,Percentage,Civil Works - Buildings,No,No,NA ,30-Jan-2026 03:00 PM,NA ,90.0,No ,No,Online,11-Feb-2026 11:00 AM,CE RW I||RWCIRCLE-BERHAMPUR||RWDIVISION-BOUDH,O/o SERWDivision Boudh,762014.0,2.0,"60,71,589",Abinash Ajeya Dehury,"6,065,517",Rejected-Finance,04-Jun-2026,CE RW I||RWCIRCLE-BERHAMPUR||RWDIVISION-BOUDH
2026_OSPHW_127737_5,31/OPHWC/2025-26,"Construction of Atal Bus Stand (C-Type) at Kunchanapalli under Podia Block, Malkangiri",Building Work,Works,National Competitive Bid,Percentage,Civil Works - Buildings,No,No,NA ,31-Mar-2026 06:55 PM,NA ,90.0,No ,No,Online,17-Apr-2026 10:30 AM,Orissa State Police Housing and Welfare Corporation Ltd,Malkangiri,751022.0,2.0,"9,71,43,590",Biswa Bihari Pattanaik,"78,365,734",Accepted-AOC,17-Jun-2026,Orissa State Police Housing and Welfare Corporation Ltd
2026_ORULB_126616_12,MC(CMC)CTC_Div-IIiNo39/2025-26,Re-construction of CC road and culvert from Udayanath Sahoo res to Ramakanta Mohapatra res at Mahanadi Vihar in Ward No.47.,Re-construction of CC road and culvert from Udayanath Sahoo res to Ramakanta Mohapatra res at Mahanadi Vihar in Ward No.47.,Works,Open Tender,Percentage,Civil Works - Others,No,No,NA ,30-Mar-2026 11:00 AM,NA ,105.0,No ,No,Online,17-Apr-2026 10:00 AM,Municipal Bodies||Cuttack Municipal Corporation,CMC,753012.0,1.0,"9,32,045",BINAY PRASAD MOHAPATRA,"932,045",Rejected-AOC,23-Jun-2026,Municipal Bodies||Cuttack Municipal Corporation
2026_EICCL_125612_1,RGD 22 25-26,installation of 100KVA 11 4 KV plinth mounted Kashipur in the District of Rayagada,installation of 100KVA 11 4 KV plinth mounted Kashipur in the District of Rayagada,Works,Open Tender,Percentage,Electrical Works,No,No,NA ,06-Feb-2026 11:00 AM,NA ,90.0,No ,No,Online,17-Feb-2026 11:30 AM,EIC-CIVIL||SERNB-CIRCLE-RAYAGADA||EERNB DIVN RAYAGADA I,Rayagada,765001.0,1.0,"13,59,847",BARATAM AMARNATH,"1,128,673.352",Accepted-AOC,02-Jun-2026,EIC-CIVIL||SERNB-CIRCLE-RAYAGADA||EERNB DIVN RAYAGADA I
2026_RMC_128130_3,MC/RMC/25/2026,"Repair and renovation of labour tenament Kalyan Mandap ai Jail road, Ward No.12 under RMC Rourkela",Works,Works,Open Tender,Percentage,Civil Works - Others,No,No,NA ,15-Apr-2026 06:00 PM,NA ,90.0,No ,No,Online,30-Apr-2026 11:00 AM,Rourkela Municipal Corporation,Rourkela,769012.0,1.0,"21,19,000",ABODHA KUMAR RAY,"2,118,843.99",Rejected-Technical,20-Jun-2026,Rourkela Municipal Corporation
2026_PRBLO_128533_2,1/26-27/LSNG,CONSTRUCTION OF ADDITIONAL CLASSROOM AT KANDAJURI UPS,CONSTRUCTION OF ADDITIONAL CLASSROOM AT KANDAJURI UPS,Works,Open Tender,Percentage,Civil Works - Buildings,No,No,NA ,30-Apr-2026 10:00 AM,NA ,90.0,No ,No,Offline,15-May-2026 10:00 AM,Panchayati Raj and Drinking Water Department Odisha||Zilla Parisad Balangir||LOISINGA Block,loisingha,767020.0,1.0,"13,28,494",BISWAMITRA NAIK,"1,328,494",Rejected-Finance,08-Jun-2026,Panchayati Raj and Drinking Water Department Odisha||Zilla Parisad Balangir||LOISINGA Block
2026_ORULB_126614_2,MC(CMC)CTC_Div-IINo.37/2025-26,Repair and Renovation of Toilet at Machua bazar in ward no 34 .,Repair and Renovation of Toilet at Machua bazar in ward no 34 .,Works,Open Tender,Percentage,Civil Works - Others,No,No,NA ,31-Mar-2026 11:00 AM,NA ,105.0,No ,No,Online,10-Apr-2026 10:00 AM,Municipal Bodies||Cuttack Municipal Corporation,CMC,753012.0,1.0,"37,40,325",AJIT KUMAR BAL,"3,740,324.86",Rejected-AOC,10-Jun-2026,Municipal Bodies||Cuttack Municipal Corporation
2026_OHPCL_125481_1,"BHEP/61/2025-26, DTD-02.02.2026","Job Contract for Annual Maintenance of Administrative Office Canteen and Erectors Hostel of BHEP, Balimela for 01 (one) year","Job Contract for Annual Maintenance of Administrative Office Canteen and Erectors Hostel of BHEP, Balimela for 01 (one) year",Services,Open Tender,Percentage,Miscellaneous Services,No,No,NA ,04-Feb-2026 12:00 PM,NA ,120.0,No ,No,Online,17-Feb-2026 12:00 PM,Odisha Hydro Power Corporation Ltd||Balimela H.E. Project Balimela,Administrative office canteen and EH premises,764051.0,2.0,"25,33,334",BHABISHYAT JENA,"2,406,667",Not Admitted-Fee/PreQual/Technical,10-Jun-2026,Odisha Hydro Power Corporation Ltd||Balimela H.E. Project Balimela
2026_SERIF_129196_1,VI-14(02)/SERIFED/2026-27/660,Construction of Hostel Facilities at OSSRTI Mancheswar Bhubaneswar,Construction of Hostel Facilities at OSSRTI Mancheswar Bhubaneswar,Works,Open Tender,Percentage,Civil Works - Buildings,No,No,NA ,12-May-2026 01:00 PM,15-May-2026 03:00 PM ,90.0,No ,No,Online,26-May-2026 11:30 AM,Odisha Cooperative Tasar and Silk Federation LTD,Mancheswar Bhubaneswar,751017.0,2.0,,ASISH KUMAR MOHANTY,"15,867,078",Rejected-Technical,24-Jun-2026,Odisha Cooperative Tasar and Silk Federation LTD
2026_CERWI_125151_24,E PROCUREMENT NOTICE NO.RWD-II/KPD-17/25-26,S/R to Chadheya to Satakudia road for the 2025-26,S/R to Chadheya to Satakudia road for the 2025-26,Works,Open Tender,Percentage,Civil Works - Roads,No,No,NA ,29-Jan-2026 01:00 PM,NA ,90.0,No ,No,Online,11-Feb-2026 11:00 AM,CE RW I||RWCIRCLE-KENDRAPARA||RWDIVISION II-KENDRAPARA,Kendrapda,754211.0,1.0,"16,81,000",Kedarnath Dalai,"1,680,773",Rejected-Finance,18-Jun-2026,CE RW I||RWCIRCLE-KENDRAPARA||RWDIVISION II-KENDRAPARA
2026_OPEPA_127981_9,DPC/SS/SNG/12OF2026-27,NEW CONSTRUCTION OF KGBV HOSTEL BUILDING GURUNDIA,NEW CONSTRUCTION RENOVATION OF OLD KGBV HOSTEL BUILDING CIVIL ELECTRICAL PH,Works,Open Tender,Percentage,Civil Works - Buildings,No,No,NA ,10-Apr-2026 09:00 AM,NA ,90.0,No ,No,Online,27-Apr-2026 05:30 PM,OPEPA Bhubaneswar||Samagra Shiksha Sundargarh,SUNDARGARH,770001.0,2.0,"94,21,947","A R INFRA ,PROP-NELSAN KANDULNA","9,421,947",Rejected-AOC,03-Jul-2026,OPEPA Bhubaneswar||Samagra Shiksha Sundargarh
2026_EICCL_125824_1,SERANDB PURI-61/2025-26,Provision of Supply Installation Testing and Commissioning of Fire Fighting System Automatic Sprinkler Automatic Fire Detection and Alarm System Fire Extinguisher and Signage System of CHC Chandanpur Health Institution of Puri District,Provision of Supply Installation Testing and Commissioning of Fire Fighting System Automatic Sprinkler Automatic Fire Detection and Alarm System Fire Extinguisher and Signage System of CHC Chandanpur Health Institution of Puri District,Works,National Competitive Bid,Percentage,Electrical Works,No,No,NA ,10-Feb-2026 05:30 PM,NA ,90.0,No ,No,Online,17-Feb-2026 11:00 AM,EIC-CIVIL||SERNB-CIRCLE-KHURDA||EERNB-DIVN-PURI,Puri,752001.0,1.0,"34,50,141",K3ALERT SYSTEM,"2,580,705",Rejected-Technical,03-Jun-2026,EIC-CIVIL||SERNB-CIRCLE-KHURDA||EERNB-DIVN-PURI
2026_OPEPA_127981_8,DPC/SS/SNG/12OF2026-27,NEW CONSTRUCTION AND RENOVATION OF OLD KGBV HOSTEL BUILDING SUBDEGA,NEW CONSTRUCTION RENOVATION OF OLD KGBV HOSTEL BUILDING CIVIL ELECTRICAL PH,Works,Open Tender,Percentage,Civil Works - Buildings,No,No,NA ,10-Apr-2026 09:00 AM,NA ,90.0,No ,No,Online,27-Apr-2026 05:30 PM,OPEPA Bhubaneswar||Samagra Shiksha Sundargarh,SUNDARGARH,770001.0,2.0,"1,14,24,451",BIKASH CHANDRA RAO,"11,413,026.78",Rejected-AOC,03-Jul-2026,OPEPA Bhubaneswar||Samagra Shiksha Sundargarh
2026_OLIC_124367_13,Bid Id No. 08/Dt. 07.01.2026,INSTALLATION AND ENERGISATION OF DIHASARICHUAN-IX TW LI PROJECT,INSTALLATION AND ENERGISATION OF DIHASARICHUAN-IX TW LI PROJECT,Works,Open Tender,Percentage,Civil Works - Lift Irrigation Schemes,No,No,NA ,12-Jan-2026 10:00 AM,NA ,365.0,No ,No,Online,28-Jan-2026 10:00 AM,"Orissa Lift Irrigation Corporation||LI,Central Circle, Cuttack||LI Division Cuttack",CUTTACK SADAR BLOCK,754001.0,1.0,"23,98,908",BICHITRA SINGH,"2,398,908",Rejected-Technical,11-Jun-2026,"Orissa Lift Irrigation Corporation||LI,Central Circle, Cuttack||LI Division Cuttack"
2026_SERIF_129782_1,VI-14(01)/SERIFED/2026-27/716,Construction of the building for Accommodation of the CSB unit at OSSRTI Mancheswar Bhubaneswar,Construction of the building for Accommodation of the CSB unit at OSSRTI Mancheswar Bhubaneswar,Works,Open Tender,Percentage,Civil Works - Buildings,No,No,NA ,26-May-2026 10:00 AM,NA ,90.0,No ,No,Online,06-Jun-2026 11:30 AM,Odisha Cooperative Tasar and Silk Federation LTD,Mancheswar Bhubaneswar,751017.0,2.0,,DHIREN KUMAR MAHARANA,"9,390,426",Rejected-AOC,24-Jun-2026,Odisha Cooperative Tasar and Silk Federation LTD
2026_OMFED_129390_2,07 /MM/CFP/56/ 2026-2027/22,SUPPLY OF RICE POLISH AT RADHADAMODARPUR PLANT,SUPPLY OF RICE POLISH AT RADHADAMODARPUR PLANT,Goods,Open Tender,Item Rate,Miscellaneous Goods,No,No,NA ,18-May-2026 10:00 AM,NA ,60.0,No ,No,Online,01-Jun-2026 02:00 PM,Odisha State Co. Milk Producers Federation Ltd.,RADHADAMODARPUR,754029.0,1.0,"17,00,00,000",PRAMOD TRADING COMPANY,"15,960,000",Accepted-AOC,09-Jun-2026,Odisha State Co. Milk Producers Federation Ltd.
2026_CERWI_125151_25,E PROCUREMENT NOTICE NO.RWD-II/KPD-17/25-26,S/R to Badagara to Sanagara via Anoli road for the year 2025-26,S/R to Badagara to Sanagara via Anoli road for the year 2025-26,Works,Open Tender,Percentage,Civil Works - Roads,No,No,NA ,29-Jul-2026 04:28 PM,NA ,90.0,No ,No,Online,11-Feb-2026 11:00 AM,CE RW I||RWCIRCLE-KENDRAPARA||RWDIVISION II-KENDRAPARA,Kendrapda,754211.0,1.0,"16,81,000",MD SHAWEZ ZAMAN,"1,680,687",Rejected-Finance,18-Jun-2026,CE RW I||RWCIRCLE-KENDRAPARA||RWDIVISION II-KENDRAPARA
2026_ORULB_126552_1,06/PKDM-2025-26,"Construction of Community Hall at Teli Mela Street, Ward No.2",Community Hall Work,Works,Open Tender,Percentage,Civil Works - Buildings,No,No,NA ,27-Feb-2026 10:00 AM,NA ,90.0,No ,No,Online,13-Mar-2026 11:00 AM,Municipal Bodies||Parlakhemundi Municipal Council,Paralakhemundi Municipality,761200.0,1.0,"4,23,010",Partharaj Palo,"422,968",Accepted-AOC,08-Jun-2026,Municipal Bodies||Parlakhemundi Municipal Council
2026_CERWI_125004_30,CCE-BLS-NCB-51 of 2025-26,Construction of Road from Bhelpura Pradhan Chhaka to Jamunasul Sea Beach via Nuagan Market and BaruniPadia. in the District of Balasore under MMSY TRIP for the year 25-26,Construction of Road from Bhelpura Pradhan Chhaka to Jamunasul Sea Beach via Nuagan Market and BaruniPadia. in the District of Balasore under MMSY TRIP for the year 25-26,Works,National Competitive Bid,Percentage,Civil Works - Roads,No,No,NA ,26-Jan-2026 09:00 AM,NA ,90.0,No ,No,Online,09-Feb-2026 01:00 PM,CE RW I||RWCIRCLE-BALASORE,Balasore,756001.0,2.0,"4,76,57,000",SANJAY KUMAR DEY,"50,035,525.32",Rejected-AOC,08-Jun-2026,CE RW I||RWCIRCLE-BALASORE
2026_CERWI_125151_19,E PROCUREMENT NOTICE NO.RWD-II/KPD-17/25-26,S/R to Pattamundai NAC to Amber via Tatana Atharabaria road for the year 2025-26,S/R to Pattamundai NAC to Amber via Tatana Atharabaria road for the year 2025-26,Works,Open Tender,Percentage,Civil Works - Roads,No,No,NA ,29-Jan-2026 11:00 AM,NA ,90.0,No ,No,Online,11-Feb-2026 11:00 AM,CE RW I||RWCIRCLE-KENDRAPARA||RWDIVISION II-KENDRAPARA,Kendrapda,754211.0,1.0,"8,40,000",MRUTYUNJAY GAPEI,"840,426",Rejected-Finance,18-Jun-2026,CE RW I||RWCIRCLE-KENDRAPARA||RWDIVISION II-KENDRAPARA
2026_RMC_128130_2,MC/RMC/25/2026,"Repair and renovation of road and drain at C2M block chhend phase II , Ward No.15 under RMC Rourkela",Works,Works,Open Tender,Percentage,Civil Works - Others,No,No,NA ,15-Apr-2026 06:00 PM,NA ,90.0,No ,No,Online,30-Apr-2026 11:00 AM,Rourkela Municipal Corporation,Rourkela,769012.0,1.0,"27,75,000",AMULYA KUMAR SETHI,"2,774,776.06",Rejected-Technical,20-Jun-2026,Rourkela Municipal Corporation
2026_OMFED_128914_1,07 /MM/CFP/55/2026/21,Supply of HDPE Laminated Nutri Gold Bags,Supply of HDPE Laminated Nutri Gold Bags,Goods,Open Tender,Item Rate,Miscellaneous Goods,No,No,NA ,08-May-2026 10:00 AM,NA ,180.0,No ,No,Online,18-May-2026 02:00 PM,Odisha State Co. Milk Producers Federation Ltd.,Jagannathpur,752101.0,1.0,"70,00,000",ASHAMANI POLLYPRODUCTS PVT LTD,"5,662,500",Rejected-Finance,12-Jun-2026,Odisha State Co. Milk Producers Federation Ltd.
2026_ORULB_125568_31,BM-BDK-07-2025-26,Beautification of inside Kuansh Park in Ward No.15,Beautification of inside Kuansh Park in Ward No.15,Works,Open Tender,Percentage,Civil Works - Others,No,No,NA ,09-Feb-2026 10:00 AM,NA ,90.0,No ,No,Online,19-Feb-2026 11:00 AM,Municipal Bodies||Bhadrak Municipality,Bhadrak Municipality,756100.0,1.0,"19,08,018",PRAVAT KUMAR MOHANTY,"1,908,018",Accepted-AOC,30-Jun-2026,Municipal Bodies||Bhadrak Municipality
2026_ORULB_126612_5,MC(CMC)CTC_Div-IINo.35/2025-26,Construction of Community Center in ward no 35.,Construction of Community Center in ward no 35.,Works,Open Tender,Percentage,Civil Works - Others,No,No,NA ,25-Mar-2026 11:00 AM,NA ,120.0,No ,No,Online,15-Apr-2026 10:00 AM,Municipal Bodies||Cuttack Municipal Corporation,CMC,753012.0,1.0,"25,48,354",AMITABH SWAIN,"2,548,354",Rejected-AOC,01-Jun-2026,Municipal Bodies||Cuttack Municipal Corporation
2026_OSPHW_127737_4,31/OPHWC/2025-26,"Construction of Atal Bus Stand (C-Type) at Chandahandi, Nowrangpur.",Building Work,Works,National Competitive Bid,Percentage,Civil Works - Buildings,No,No,NA ,31-Mar-2026 06:55 PM,NA ,90.0,No ,No,Online,17-Apr-2026 10:30 AM,Orissa State Police Housing and Welfare Corporation Ltd,Nowrangpur,751022.0,2.0,"9,72,54,855",AVR INFRATECH PVT LTD,"77,813,609",Rejected-Finance,12-Jun-2026,Orissa State Police Housing and Welfare Corporation Ltd
2026_CERWI_125202_9,Online Tender17/SERW Division Boudh 2025-26,Construction of RI Office Cum Residence Building at Badigaon for the year 2024-25,Construction of RI Office Cum Residence Building at Badigaon for the year 2024-25,Works,Open Tender,Percentage,Civil Works - Buildings,No,No,NA ,30-Jan-2026 03:00 PM,NA ,90.0,No ,No,Online,11-Feb-2026 11:00 AM,CE RW I||RWCIRCLE-BERHAMPUR||RWDIVISION-BOUDH,O/o SERWDivision Boudh,762014.0,2.0,"59,61,568",ABHIPSA SAHU,"5,955,607",Rejected-Finance,04-Jun-2026,CE RW I||RWCIRCLE-BERHAMPUR||RWDIVISION-BOUDH
2026_CERWI_128541_1,33 of 2025-26,Construction of 1 No. D type quarter Building at Jagiapada PHC under Athagarh block of Cuttack District for the year 2025-26.,Construction of 1 No. D type quarter Building at Jagiapada PHC under Athagarh block of Cuttack District for the year 2025-26.,Works,Open Tender,Percentage,Miscellaneous Works,No,No,NA ,28-Apr-2026 01:00 PM,NA ,90.0,No ,No,Online,12-May-2026 11:30 AM,CE RW I||RWCIRCLE-CUTTACK||RWDIVISION-CUTTACK-II,Cuttack,753004.0,1.0,"33,61,753",AJAYA KUMAR ROUT,"3,361,753",Rejected-AOC,09-Jun-2026,CE RW I||RWCIRCLE-CUTTACK||RWDIVISION-CUTTACK-II
2026_CERWI_125202_16,Online Tender17/SERW Division Boudh 2025-26,Construction of RI Office Cum Residence Building at Dahya for the year 2024-25,Construction of RI Office Cum Residence Building at Dahya for the year 2024-25,Works,Open Tender,Percentage,Civil Works - Buildings,No,No,NA ,30-Jan-2026 03:00 PM,NA ,90.0,No ,No,Online,11-Feb-2026 11:00 AM,CE RW I||RWCIRCLE-BERHAMPUR||RWDIVISION-BOUDH,O/o SERWDivision Boudh,762014.0,2.0,"60,34,461",SUDHARANI URMA,"6,028,427",Rejected-Finance,04-Jun-2026,CE RW I||RWCIRCLE-BERHAMPUR||RWDIVISION-BOUDH
2026_ORULB_126552_10,06/PKDM-2025-26,"Beautification of Park near Old Court Chakka, Ward No.11",Beautification of Park work,Works,Open Tender,Percentage,Civil Works - Others,No,No,NA ,27-Feb-2026 10:00 AM,NA ,90.0,No ,No,Online,13-Mar-2026 11:00 AM,Municipal Bodies||Parlakhemundi Municipal Council,Paralakhemundi Municipality,761200.0,1.0,"2,54,347",LOPINTI REKHA,"254,322",Accepted-AOC,08-Jun-2026,Municipal Bodies||Parlakhemundi Municipal Council
2026_OLIC_127841_20,BID ID NO. 10/Dt.04.04.2026,INSTALLATION AND ENERGISATION OF MADHYASASANA VI TW LI PROJECT,INSTALLATION AND ENERGISATION OF MADHYASASANA VI TW LI PROJECT,Works,Open Tender,Percentage,Civil Works - Lift Irrigation Schemes,No,No,NA ,08-Apr-2026 10:00 AM,NA ,365.0,No ,No,Online,22-Apr-2026 10:00 AM,"Orissa Lift Irrigation Corporation||LI,Central Circle, Cuttack||LI Division Cuttack",BIRIDI BLOCK,754001.0,1.0,"18,82,731",ALOK KUMAR SETHY,"1,882,731",Rejected-Technical,12-Jun-2026,"Orissa Lift Irrigation Corporation||LI,Central Circle, Cuttack||LI Division Cuttack"
2026_ORULB_125887_45,SOROM_07_2025-26,Installation of Seating Street benches in Ward No.-14,Installation Work,Works,Open Tender,Percentage,Civil Works - Others,No,No,NA ,18-Feb-2026 10:00 AM,NA ,120.0,No ,No,Online,26-Feb-2026 10:00 AM,Municipal Bodies||Soro Municipality,"Soro Municipality, Soro",756045.0,1.0,"1,01,695",SAROJ KUMAR DAS,"101,694.92",Rejected-Technical,04-Jun-2026,Municipal Bodies||Soro Municipality
2026_OPEPA_129067_1,IFB-DPC SS KPT ACR 139/144 OF 2024-25,CONSTRUCTION OF 1 NO ADDITIONAL CLASS ROOM BUILDING AT BAGRIBEDA PROJ PS OF DASMANTPUR BLOCK,CONSTRUCTION OF 1 NO ADDITIONAL CLASS ROOM BUILDING AT BAGRIBEDA PROJ PS OF DASMANTPUR BLOCK,Works,Open Tender,Percentage,Civil Works - Buildings,No,No,NA ,11-May-2026 11:00 AM,NA ,90.0,No ,No,Online,26-May-2026 11:30 AM,OPEPA Bhubaneswar||Samagra Shiksha Koraput,BAGRIBEDA PROJ PS OF DASMANTPUR BLOCK,764021.0,1.0,"14,48,090",PADMA CHARAN BISOI,"1,440,849",Accepted-AOC,09-Jun-2026,OPEPA Bhubaneswar||Samagra Shiksha Koraput
2026_ORULB_124590_58,BBLM-6/2025-26,"Construction of road at Chatei hutting and repair of road at Buru hutting and Weighbridge hutting, Ward No.14, Barbil","Construction of road at Chatei hutting and repair of road at Buru hutting and Weighbridge hutting, Ward No.14, Barbil",Works,Open Tender,Percentage,Civil Works - Others,No,No,NA ,20-Jan-2026 10:00 AM,NA ,90.0,No ,No,Online,04-Feb-2026 11:00 AM,Municipal Bodies||Barbil Municipality,Barbil,758035.0,2.0,"9,88,000",Sri Binod Kumar Jena,"1,036,528",Rejected-Finance,23-Jun-2026,Municipal Bodies||Barbil Municipality
2026_CERWI_126413_3,EEPTNG-online-21/2025-26,"Construction of vehicle stand and minor repair at Tahasil Office, Saintala in the District of Balangir","Construction of vehicle stand and minor repair at Tahasil Office, Saintala in the District of Balangir",Works,Open Tender,Percentage,Civil Works - Buildings,No,No,NA ,09-Mar-2026 02:00 PM,NA ,90.0,No ,No,Online,18-Mar-2026 11:00 AM,CE RW I||RWCIRCLE-BALANGIR||RW Division Patnagarh,Patnagarh,767025.0,1.0,"16,03,000",BASANTA TRIPATHY,"1,601,371",Accepted-AOC,29-Jun-2026,CE RW I||RWCIRCLE-BALANGIR||RW Division Patnagarh
2026_ORULB_125204_11,BSP_2026-27_03,Completion of Open air Gym at Sethi sahi in ward no.21,Completion of Open air Gym at Sethi sahi in ward no.21,Works,Open Tender,Percentage,Civil Works - Others,No,No,NA ,01-Feb-2026 10:00 AM,NA ,90.0,No ,No,Online,11-Feb-2026 11:00 AM,Municipal Bodies||Basudevpur Municipality,Basudevpur Municipality,756125.0,1.0,"4,88,565",CHINMAYA SETHI,"420,850",Rejected-AOC,11-Jun-2026,Municipal Bodies||Basudevpur Municipality
2026_CERWI_124951_1,Road tender Online RWCSBP-29 of 25-26,Construction of road from Debeipali to Champapada via-Bijilipada with link to Balbaspur,Construction of road from Debeipali to Champapada via-Bijilipada with link to Balbaspur,Works,Open Tender,Percentage,Civil Works - Roads,No,No,NA ,21-Jan-2026 06:00 PM,NA ,90.0,No ,No,Online,30-Jan-2026 11:00 AM,CE RW I||RWCIRCLE-SAMBALPUR,Sambalpur,768001.0,2.0,"5,89,55,323","M/S SHIBAJI CONSTRUCTION, PROP. KHAGESWAR BEHERA",,Rejected-AOC,,CE RW I||RWCIRCLE-SAMBALPUR
2026_EICCL_127580_1,SERNBKHR - 23 /2025-26,Extension of 2nd Floor of Tahasil Office at Nuapada in the district of Nuapada for the year 2025-26,Extension of 2nd Floor of Tahasil Office at Nuapada in the district of Nuapada for the year 2025-26,Works,National Competitive Bid,Percentage,Civil Works - Buildings,No,No,NA ,25-Mar-2026 10:00 AM,NA ,90.0,No ,No,Online,09-Apr-2026 11:00 AM,EIC-CIVIL||SERNB-CIRCLE-BOLANGIR||EERNB-DIVISION-KHARIAR,Nuapad,766105.0,2.0,"76,70,658",ABHIJIT SINGH THAKUR,"7,662,987.48",Rejected-AOC,26-May-2026,EIC-CIVIL||SERNB-CIRCLE-BOLANGIR||EERNB-DIVISION-KHARIAR
2026_ORULB_127470_3,EO/BIJEPUR/06/2025-26,"Construction of Market Complex near Govt. High School, Bijepur under 5th SFC Incentive Grant under Bijepur NAC for the year 2025-26 (Block-C)","Construction of Market Complex near Govt. High School, Bijepur under 5th SFC Incentive Grant under Bijepur NAC for the year 2025-26 (Block-C)",Works,Open Tender,Percentage,Civil Works - Buildings,No,No,NA ,23-Mar-2026 09:00 AM,NA ,90.0,No ,No,Online,04-Apr-2026 11:00 AM,Municipal Bodies||Bijepur NAC,Bijepur NAC,768032.0,1.0,"16,93,575",CHANDRAMA PANIGRAHI,"1,432,087",Rejected-Finance,01-Jun-2026,Municipal Bodies||Bijepur NAC
2026_ORULB_126857_46,06/BGH- MUN/2025-26,Construction of CC Road from patra house to pintu house w.no-18,Construction of CC Road from patra house to pintu house w.no-18,Works,Open Tender,Percentage,Civil Works - Others,No,No,NA ,06-Mar-2026 04:00 PM,NA ,90.0,No ,No,Online,17-Mar-2026 11:00 AM,Municipal Bodies||Bargarh Municipal Council,Bargarh,768028.0,1.0,"19,00,000",RANJAN SETH,"1,288,163.186",Rejected-Finance,09-Jun-2026,Municipal Bodies||Bargarh Municipal Council
2026_ORULB_125854_35,04/VNM/2025-26,Construction of new drain from Kangali Mahakud house to Dr. B.N Mohapatra house in ward no-23,Construction of new drain from Kangali Mahakud house to Dr. B.N Mohapatra house in ward no-23,Works,Open Tender,Percentage,Civil Works - Others,No,No,NA ,12-Feb-2026 11:00 AM,NA ,30.0,No ,No,Online,02-Mar-2026 11:00 AM,Municipal Bodies||Vyasanagar Municipality,vyasanagar municipality,755019.0,1.0,"4,24,007",KUMAR PRIYARANJAN,"423,032.12",Rejected-Finance,12-Jun-2026,Municipal Bodies||Vyasanagar Municipality
2026_ORULB_128192_2,BBLM-1/2026-27,"Construction of Market Complex at Biju Patnaik Bus Terminal, Ward No.15, Barbil","Construction of Market Complex at Biju Patnaik Bus Terminal, Ward No.15, Barbil",Works,Open Tender,Percentage,Civil Works - Buildings,No,No,NA ,20-Apr-2026 10:00 AM,NA ,180.0,No ,No,Online,04-May-2026 11:00 AM,Municipal Bodies||Barbil Municipality,Barbil,758035.0,2.0,"48,70,975",ARJUN SINGH SOREN,"4,135,246",Rejected-Finance,25-Jun-2026,Municipal Bodies||Barbil Municipality
2026_ORULB_127470_1,EO/BIJEPUR/06/2025-26,"Construction of Market Complex near Govt. High School, Bijepur under 5th SFC Incentive Grant under Bijepur NAC for the year 2025-26 (Block-A)","Construction of Market Complex near Govt. High School, Bijepur under 5th SFC Incentive Grant under Bijepur NAC for the year 2025-26 (Block-A)",Works,Open Tender,Percentage,Civil Works - Buildings,No,No,NA ,23-Mar-2026 09:00 AM,NA ,90.0,No ,No,Online,04-Apr-2026 11:00 AM,Municipal Bodies||Bijepur NAC,Bijepur NAC,768032.0,1.0,"16,74,656",ANIL KUMAR MEHER,"1,420,108",Rejected-Finance,01-Jun-2026,Municipal Bodies||Bijepur NAC
2026_EICCL_126763_1,S.E. (R and B) - 31/2025-26/NGP,"Supply, Installation, Testing and Commissioning of Streetlight, External Panel and Tricolor Triranga LED for Illumination Work from Govt. Polytechnic at Nabarangpur in the District of Nabarangpur for the year 2025-26. BUILDINGS",ELECTRICAL WORKS,Works,Open Tender,Percentage,Electrical Works,No,No,NA ,28-Feb-2026 11:00 AM,NA ,90.0,No ,No,Online,10-Mar-2026 11:00 AM,EIC-CIVIL||SERNB-CIRCLE-JEYPORE||EERNB Division Nabarangpur,Nabarangapur,764059.0,1.0,"20,77,054",CHANDAN NAYAK,"2,076,846",Accepted-AOC,02-Jun-2026,EIC-CIVIL||SERNB-CIRCLE-JEYPORE||EERNB Division Nabarangpur
2026_CERWI_128543_1,33 of 2025-26,Construction of 1 No D type quarter Building at Joranda PHC under Athagarh block of Cuttack District for the year 2025-26.,Construction of 1 No D type quarter Building at Joranda PHC under Athagarh block of Cuttack District for the year 2025-26.,Works,Open Tender,Percentage,Miscellaneous Works,No,No,NA ,28-Apr-2026 01:00 PM,NA ,90.0,No ,No,Online,12-May-2026 11:30 AM,CE RW I||RWCIRCLE-CUTTACK||RWDIVISION-CUTTACK-II,Cuttack,753004.0,1.0,"33,69,426",ADARSA BISWAL,"3,369,426",Rejected-AOC,09-Jun-2026,CE RW I||RWCIRCLE-CUTTACK||RWDIVISION-CUTTACK-II
2026_CERWI_125678_1,Online-RWCSBP-30/2025-26,Mahulpali to Banjipali road,Mahulpali to Banjipali road,Works,Open Tender,Percentage,Civil Works - Roads,No,No,NA ,06-Feb-2026 05:00 PM,NA ,90.0,No ,No,Online,19-Feb-2026 11:00 AM,CE RW I||RWCIRCLE-SAMBALPUR,Bargarh,768028.0,2.0,"5,60,27,307",Jayanta Barik,"58,212,372",Rejected-Finance,25-Jun-2026,CE RW I||RWCIRCLE-SAMBALPUR
2026_CERWI_124916_1,Road Tender Online RWCSBP-29,"Construction of road from PWD road Rengali to Jambahal via-Badpada,Mahulpada with link to Panashpada","Construction of road from PWD road Rengali to Jambahal via-Badpada,Mahulpada with link to Panashpada",Works,Open Tender,Percentage,Civil Works - Roads,No,No,NA ,21-Jan-2026 11:00 AM,NA ,90.0,No ,No,Online,30-Jan-2026 11:00 AM,CE RW I||RWCIRCLE-SAMBALPUR,Sambalpur,768001.0,2.0,"3,09,85,170",ARUN KUMAR BHATTACHARYA,"25,175,451",Rejected-Finance,09-Jun-2026,CE RW I||RWCIRCLE-SAMBALPUR
2026_STSCD_127876_9,BidIdentificationNo-01/2026-27,Construction of Road at Talapati to Banduda village under Kusumi Block.,Construction of Road at Talapati to Banduda village under Kusumi Block.,Works,Open Tender,Percentage,Civil Works - Roads,No,No,NA ,07-Apr-2026 11:00 AM,NA ,90.0,No ,No,Online,22-Apr-2026 11:00 AM,ST and SC Development Deptt||ITDA Rairangpur,Talapati to Banduda village,747047.0,1.0,"16,34,981",AMIT KUMAR MOHAKUD,"1,626,806.1",Rejected-AOC,26-Jun-2026,ST and SC Development Deptt||ITDA Rairangpur
2026_EICCL_124609_1,TENDER CALL NOTICE NO.22 OF 2025-26,Improvement such as widening and strengthening of Road from Petrol Pump near Governor House to Ganganagar Chhak from 0.000 Km to 0.866.00 Km in the District of Khordha under CRDP for the year 2025-26.,Improvement such as widening and strengthening of Road from Petrol Pump near Governor House to Ganganagar Chhak from 0.000 Km to 0.866.00 Km in the District of Khordha under CRDP for the year 2025-26.,Works,Open Tender,Percentage,Civil Works - Roads,No,No,NA ,15-Jan-2026 06:55 PM,NA ,90.0,No ,No,Online,22-Jan-2026 05:30 PM,EIC-CIVIL,Bhubaneswar,751001.0,2.0,"3,93,94,379",CHAKRADHAR PARIDA,"30,503,068",Accepted-AOC,09-Jun-2026,EIC-CIVIL
2026_OSPHW_127737_6,31/OPHWC/2025-26,"Const. of Atal Bus Stand (C Type) at Sunalarambha Under Bheden Block, Bargarh.",Building Work,Works,National Competitive Bid,Percentage,Civil Works - Buildings,No,No,NA ,31-Mar-2026 06:55 PM,NA ,90.0,No ,No,Online,17-Apr-2026 10:30 AM,Orissa State Police Housing and Welfare Corporation Ltd,Bargarh,751022.0,2.0,"7,72,10,496",BLL CONSTRUCTION,"77,056,075",Accepted-AOC,01-Jun-2026,Orissa State Police Housing and Welfare Corporation Ltd
2026_ORULB_125679_19,BMC-EE-Tender Cell-69/2025-26 Dt. 06.02.2026,Construction of road and drain from Isha Apartment to Nayapalli Pond in Ward No. 37,Construction of road and drain from Isha Apartment to Nayapalli Pond in Ward No. 37,Works,Open Tender,Percentage,Civil Works - Others,No,No,NA ,09-Feb-2026 10:30 AM,13-Feb-2026 04:00 PM ,120.0,No ,No,Online,20-Feb-2026 11:00 AM,Municipal Bodies||Bhubaneswar Municipal Corporation,BMC AREA,751022.0,1.0,"6,77,909",DEEPAK DAS,"759,936",Rejected-Finance,04-Jun-2026,Municipal Bodies||Bhubaneswar Municipal Corporation
2026_ORULB_126552_12,06/PKDM-2025-26,"Completion of incomplete Community Hall at Khanja Dhoba Sahi Chakka, Ward No.15",Completion of incomplete Community Hall work,Works,Open Tender,Percentage,Civil Works - Others,No,No,NA ,27-Feb-2026 10:00 AM,NA ,90.0,No ,No,Online,13-Mar-2026 11:00 AM,Municipal Bodies||Parlakhemundi Municipal Council,Paralakhemundi Municipality,761200.0,1.0,"4,23,942",MINOSI KARJI,"423,942",Accepted-AOC,08-Jun-2026,Municipal Bodies||Parlakhemundi Municipal Council
2026_CERWI_125202_14,Online Tender17/SERW Division Boudh 2025-26,Construction of RI Office Cum Residence Building at Kantamal for the year 2024-25,Construction of RI Office Cum Residence Building at Kantamal for the year 2024-25,Works,Open Tender,Percentage,Civil Works - Buildings,No,No,NA ,30-Jan-2026 03:00 PM,NA ,90.0,No ,No,Online,11-Feb-2026 11:00 AM,CE RW I||RWCIRCLE-BERHAMPUR||RWDIVISION-BOUDH,O/o SERWDivision Boudh,762014.0,2.0,"62,17,440",ASHISH SINGH,"6,211,223",Rejected-Finance,04-Jun-2026,CE RW I||RWCIRCLE-BERHAMPUR||RWDIVISION-BOUDH
2026_ORULB_126616_11,MC(CMC)CTC_Div-IIiNo39/2025-26,Construction of Paver Block road from Manas Kar Galaxy ad. to Purna Mohanty res (Plot No.1341/63) at Mahanadi Vihar in Ward No.47.,Construction of Paver Block road from Manas Kar Galaxy ad. to Purna Mohanty res (Plot No.1341/63) at Mahanadi Vihar in Ward No.47.,Works,Open Tender,Percentage,Civil Works - Others,No,No,NA ,30-Mar-2026 11:00 AM,NA ,105.0,No ,No,Online,17-Apr-2026 10:00 AM,Municipal Bodies||Cuttack Municipal Corporation,CMC,753012.0,1.0,"9,76,542",BISWARANJAN MOHANTY,"976,542.27",Rejected-AOC,23-Jun-2026,Municipal Bodies||Cuttack Municipal Corporation
2026_ORULB_125747_5,32/SMC_SBP/2025-26,Construction of paver road and drain from Rudramani Churia house to Basudev Pradhan house in ward no.19,Construction of paver road and drain from Rudramani Churia house to Basudev Pradhan house in ward no.19,Works,Open Tender,Percentage,Civil Works - Others,No,No,NA ,13-Feb-2026 11:00 AM,NA ,120.0,No ,No,Online,24-Feb-2026 11:00 AM,Municipal Bodies||Sambalpur Municipal Corporation,SAMBALPUR MUNICIPAL CORPORATION,768006.0,1.0,"8,64,578",B. JAIKRISHNA,"864,578.17",Rejected-Technical,06-Jun-2026,Municipal Bodies||Sambalpur Municipal Corporation
2026_OPEPA_129058_1,IFB-DPC SS KPT ACR 135/144 OF 2024-25,CONSTRUCTION OF 1 NO ADDITIONAL CLASS ROOM BUILDING AT BELAPUT PROJ UPS OF BANDHUGAM BLOCK,CONSTRUCTION OF 1 NO ADDITIONAL CLASS ROOM BUILDING AT BELAPUT PROJ UPS OF BANDHUGAM BLOCK,Works,Open Tender,Percentage,Civil Works - Buildings,No,No,NA ,11-May-2026 11:00 AM,NA ,90.0,No ,No,Online,26-May-2026 11:30 AM,OPEPA Bhubaneswar||Samagra Shiksha Koraput,BELAPUT PROJ UPS OF BANDHUGAM BLOCK,764027.0,1.0,"14,41,676",JOSADA KHARA,"1,412,843",Rejected-Technical,09-Jun-2026,OPEPA Bhubaneswar||Samagra Shiksha Koraput
2026_PRBLO_128533_1,1/26-27/LSNG,CONSTRUCTION OF ADDITIONAL CLASSROOM AT LOISINGHA NUPS,CONSTRUCTION OF ADDITIONAL CLASSROOM AT LOISINGHA NUPS,Works,Open Tender,Percentage,Civil Works - Buildings,No,No,NA ,30-Apr-2026 10:00 AM,NA ,90.0,No ,No,Offline,15-May-2026 10:00 AM,Panchayati Raj and Drinking Water Department Odisha||Zilla Parisad Balangir||LOISINGA Block,loisingha,767020.0,1.0,"13,28,494",CHANDRAKANTA MISHRA,"1,328,494",Rejected-Technical,08-Jun-2026,Panchayati Raj and Drinking Water Department Odisha||Zilla Parisad Balangir||LOISINGA Block
2026_PHEO_126515_1,EICPH-07/2025-26 Dt.20.02.2026,"Construction of ESR, UGR along with laying of pipeline including other ancillary work in Nuapada NAC","Construction of RCC ESR, RCC UGR, Sunken Pump House, CC Road, Boundary Wall, Laying of CWRM, Distribution Pipeline, Pumping Arrangement, External and Internal Electrification, Automation Works",Works,National Competitive Bid,Percentage,Civil Works - Water Works,No,No,NA ,27-Feb-2026 11:00 AM,NA ,120.0,No ,No,Online,20-Mar-2026 04:00 PM,PHEO,Nuapada,766105.0,2.0,"11,61,81,000",BIRAJA NANDAN MISHRA,"93,281,639",Rejected-Technical,05-Jun-2026,PHEO
2026_JIRR_124173_3,JKID-04 OF 2025-26,3-Improvement to Bedpur Serpur OAE on Brahmani right from RD 0.00km to RD 1.20km,Improvement to Bedpur Serpur OAE on Brahmani right from RD 0.00km to RD 1.20km,Works,National Competitive Bid,Percentage,Civil Works - Others,No,No,NA ,05-Jan-2026 11:00 AM,NA ,90.0,No ,No,Online,16-Jan-2026 11:00 AM,CE AND BM MBBS CHANDIKOLE||EASTERN CIRCLE II CHANDIKOLE||Jaraka Irr Div Jaraka,Jaraka,755050.0,1.0,"67,10,000",GANESWAR BEHERA,"5,368,671.18",Rejected-Technical,22-May-2026,CE AND BM MBBS CHANDIKOLE||EASTERN CIRCLE II CHANDIKOLE||Jaraka Irr Div Jaraka
2026_DFOCU_124865_2,DFO-CTC-04 of 2025-26,SMC works such as Reinforced Cement Concrete Check Dam 28.0193 Mtr. Length of Kansa Section under Tomka Range in the District of Jajpur under OMBADC Scheme for the year 2025-26 DPR of 2023-24,Civil works,Works,National Competitive Bid,Percentage,Civil Works - Others,No,No,NA ,20-Jan-2026 05:00 PM,NA ,90.0,No ,No,Online,30-Jan-2026 11:00 AM,Forest Environment and Climate Change Department||RCCF Angul||DFO Cuttack,"DFO Cuttack Forest Division, Cuttack",753010.0,1.0,"25,91,337",Arpita Sahoo,"2,276,515",Rejected-Finance,18-Jun-2026,Forest Environment and Climate Change Department||RCCF Angul||DFO Cuttack
2026_ORULB_126653_15,PIPILI-NAC-6(17)/2025-26,Development of Thakurani Pokhari near Khandiagiri park in ward no-12,Development of Thakurani Pokhari near Khandiagiri park in ward no-12,Works,Open Tender,Percentage,Civil Works - Others,No,No,NA ,11-Mar-2026 12:00 PM,NA ,120.0,No ,No,Online,20-Mar-2026 11:00 AM,Municipal Bodies||Pipli NAC,Pipli NAC,752104.0,1.0,"10,00,000",Bharat Chandra Biswal,"817,046.63",Rejected-AOC,08-Jun-2026,Municipal Bodies||Pipli NAC
2026_ORULB_126552_3,06/PKDM-2025-26,"Beautification of Samutia Sahi Junction, Ward No.3",Beautification work,Works,Open Tender,Percentage,Civil Works - Others,No,No,NA ,27-Feb-2026 10:00 AM,NA ,90.0,No ,No,Online,13-Mar-2026 11:00 AM,Municipal Bodies||Parlakhemundi Municipal Council,Paralakhemundi Municipality,761200.0,1.0,"1,27,189",CHITTARANJAN DASH,"127,062",Rejected-AOC,08-Jun-2026,Municipal Bodies||Parlakhemundi Municipal Council
2026_EICCL_127888_1,S.E. (R and B) - 32/2025-26/NGP,External Power Supply for Inst. of 250 KVA 11/0.4 KV Plinth Mounted Sub-Station for Power Supply to CHC Sanamasigam in the Dist. of Ngp for 2025-26 (Building),Electrical Work,Works,Open Tender,Percentage,Electrical Works,No,No,NA ,07-Apr-2026 09:00 AM,NA ,90.0,No ,No,Online,16-Apr-2026 11:00 AM,EIC-CIVIL||SERNB-CIRCLE-JEYPORE||EERNB Division Nabarangpur,Nabarangapur,764059.0,1.0,"20,99,890",CHANDAN NAYAK,"1,887,801",Rejected-Finance,12-Jun-2026,EIC-CIVIL||SERNB-CIRCLE-JEYPORE||EERNB Division Nabarangpur
2026_ORULB_127548_14,BMC-EE-Tender Cell-85/2025-26 dt. 23.03.2026,"Annual Maintenance, Cleaning of water stretch and Main Drain No. 10 under BMC for 2026-27","Annual Maintenance, Cleaning of water stretch and Main Drain No. 10 under BMC for 2026-27",Works,Open Tender,Percentage,Civil Works - Others,No,No,NA ,26-Mar-2026 10:30 AM,02-Apr-2026 03:30 PM ,120.0,No ,No,Online,09-Apr-2026 03:30 PM,Municipal Bodies||Bhubaneswar Municipal Corporation,BMC AREA,751022.0,1.0,"37,82,749",BIBHU PRASAD SAHOO,"2,653,894",Accepted-AOC,09-Jun-2026,Municipal Bodies||Bhubaneswar Municipal Corporation
2026_OMFED_129390_1,07 /MM/CFP/56/ 2026-2027/22,SUPPLY OF DORB AT RADHADAMODARPUR PLANT,SUPPLY OF DORB AT RADHADAMODARPUR PLANT,Goods,Open Tender,Item Rate,Miscellaneous Goods,No,No,NA ,18-May-2026 10:00 AM,NA ,60.0,No ,No,Online,01-Jun-2026 02:00 PM,Odisha State Co. Milk Producers Federation Ltd.,RADHADAMODARPUR,754029.0,1.0,"17,00,00,000",GUPTA FEED PRODUCTS PVT LTD,"28,215,000",Rejected-Finance,09-Jun-2026,Odisha State Co. Milk Producers Federation Ltd.
2026_OLIC_124367_38,Bid Id No. 08/Dt. 07.01.2026,INSTALLATION AND ENERGISATION OF SELADA-VI TW LI PROJECT,INSTALLATION AND ENERGISATION OF SELADA-VI TW LI PROJECT,Works,Open Tender,Percentage,Civil Works - Lift Irrigation Schemes,No,No,NA ,12-Jan-2026 10:00 AM,NA ,365.0,No ,No,Online,28-Jan-2026 10:00 AM,"Orissa Lift Irrigation Corporation||LI,Central Circle, Cuttack||LI Division Cuttack",NIALI BLOCK,754001.0,1.0,"19,02,962",MAMATA MANJARI MALLICK,"1,902,962",Rejected-Technical,09-Jun-2026,"Orissa Lift Irrigation Corporation||LI,Central Circle, Cuttack||LI Division Cuttack"
2026_CERWI_125151_26,E PROCUREMENT NOTICE NO.RWD-II/KPD-17/25-26,S/R to Khandiata to Amber road for the year 2025-26,S/R to Khandiata to Amber road for the year 2025-26,Works,Open Tender,Percentage,Civil Works - Roads,No,No,NA ,29-Jan-2026 01:10 PM,NA ,90.0,No ,No,Online,11-Feb-2026 11:00 AM,CE RW I||RWCIRCLE-KENDRAPARA||RWDIVISION II-KENDRAPARA,Kendrapda,754211.0,1.0,"8,40,000",SUSANTA KUMAR KUND,"840,433",Rejected-Finance,18-Jun-2026,CE RW I||RWCIRCLE-KENDRAPARA||RWDIVISION II-KENDRAPARA
2026_ORULB_126552_2,06/PKDM-2025-26,"Beautification of Panchabati at Odiya Bhandari Street, Ward No.3",Beautification work,Works,Open Tender,Percentage,Civil Works - Others,No,No,NA ,27-Feb-2026 10:00 AM,NA ,90.0,No ,No,Online,13-Mar-2026 11:00 AM,Municipal Bodies||Parlakhemundi Municipal Council,Paralakhemundi Municipality,761200.0,1.0,"1,70,197",CHITTARANJAN DASH,"170,027",Rejected-AOC,08-Jun-2026,Municipal Bodies||Parlakhemundi Municipal Council
2026_ORULB_126653_14,PIPILI-NAC-6(17)/2025-26,Construction of pathway at jayapurkilla slum office front in ward no-9,Construction of pathway at jayapurkilla slum office front in ward no-9,Works,Open Tender,Percentage,Civil Works - Others,No,No,NA ,11-Mar-2026 12:00 PM,NA ,120.0,No ,No,Online,20-Mar-2026 11:00 AM,Municipal Bodies||Pipli NAC,Pipli NAC,752104.0,1.0,"8,50,000",SAMIMA PARBIN,"720,791.06",Rejected-AOC,08-Jun-2026,Municipal Bodies||Pipli NAC
2026_EICCL_125826_1,SERANDB PURI-61/2025-26,Provision of Supply Installation Testing and Commissioning of Fire Fighting System Automatic Sprinkler Automatic Fire Detection and Alarm System Fire Extinguisher and Signage System of CHC Sakhigopal Health Institution of Puri District,Provision of Supply Installation Testing and Commissioning of Fire Fighting System Automatic Sprinkler Automatic Fire Detection and Alarm System Fire Extinguisher and Signage System of CHC Sakhigopal Health Institution of Puri District,Works,National Competitive Bid,Percentage,Electrical Works,No,No,NA ,10-Feb-2026 05:30 PM,NA ,90.0,No ,No,Online,17-Feb-2026 11:00 AM,EIC-CIVIL||SERNB-CIRCLE-KHURDA||EERNB-DIVN-PURI,Puri,752001.0,1.0,"36,81,392",DISCERN ENGINEERING PRIVATE LIMITED,"2,753,681",Rejected-AOC,03-Jun-2026,EIC-CIVIL||SERNB-CIRCLE-KHURDA||EERNB-DIVN-PURI
2026_CERWI_126026_1,Road Tender Online-RWCSBP-31 of 2025-26,Construction of road from Kardala to Kudapali via-Bagdia,Construction of road from Kardala to Kudapali via-Bagdia,Works,Open Tender,Percentage,Civil Works - Roads,No,No,NA ,21-Feb-2026 09:00 AM,NA ,90.0,No ,No,Online,06-Mar-2026 11:00 AM,CE RW I||RWCIRCLE-SAMBALPUR,Sambalpur,768001.0,2.0,"4,79,76,139",Ashok Kumar Jalan,"37,685,257",Rejected-Finance,09-Jun-2026,CE RW I||RWCIRCLE-SAMBALPUR
2026_RMC_128130_1,MC/RMC/25/2026,"Construction of 100 seated Goushala, Ward No.7 under RMC, Rourkela",Works,Works,Open Tender,Percentage,Civil Works - Others,No,No,NA ,15-Apr-2026 06:00 PM,NA ,90.0,No ,No,Online,30-Apr-2026 11:00 AM,Rourkela Municipal Corporation,Rourkela,769012.0,1.0,"49,92,000",ADARSH CONSTRUCTION PROP.ADARSH AGARWAL,"4,991,724.62",Rejected-Technical,20-Jun-2026,Rourkela Municipal Corporation
2026_ORULB_125568_32,BM-BDK-07-2025-26,Renovation of Cha Cha Nehru Childrens Park in Ward No.12,Renovation of Cha Cha Nehru Childrens Park in Ward No.12,Works,Open Tender,Percentage,Civil Works - Others,No,No,NA ,09-Feb-2026 10:00 AM,NA ,90.0,No ,No,Online,19-Feb-2026 11:00 AM,Municipal Bodies||Bhadrak Municipality,Bhadrak Municipality,756100.0,1.0,"18,40,837",ARJUN CHANDRA SAHU,"1,546,487",Accepted-AOC,03-Jun-2026,Municipal Bodies||Bhadrak Municipality
2026_ORULB_126616_10,MC(CMC)CTC_Div-IIiNo39/2025-26,Construction of Paver Block road from Plot No.1320 to Kalinga Dental Care Sec-3 Mahanadi Vihar in Ward No.47.,Construction of Paver Block road from Plot No.1320 to Kalinga Dental Care Sec-3 Mahanadi Vihar in Ward No.47.,Works,Open Tender,Percentage,Civil Works - Others,No,No,NA ,30-Mar-2026 11:00 AM,NA ,105.0,No ,No,Online,17-Apr-2026 10:00 AM,Municipal Bodies||Cuttack Municipal Corporation,CMC,753012.0,1.0,"9,14,130",CHANDAN BISWAL,"914,130",Rejected-AOC,08-Jun-2026,Municipal Bodies||Cuttack Municipal Corporation
2026_ORULB_126552_13,06/PKDM-2025-26,"Peripheral Development of Dandumal Sahi Community center, Ward No.15",Peripheral Development of Dandumal Sahi Community center,Works,Open Tender,Percentage,Civil Works - Others,No,No,NA ,27-Feb-2026 10:00 AM,NA ,90.0,No ,No,Online,13-Mar-2026 11:00 AM,Municipal Bodies||Parlakhemundi Municipal Council,Paralakhemundi Municipality,761200.0,1.0,"4,24,280",JALUMURU JAGANNATH RAO,"424,238",Accepted-AOC,08-Jun-2026,Municipal Bodies||Parlakhemundi Municipal Council
2026_OSPHW_127737_7,31/OPHWC/2025-26,"Cluster for 1. Construction of 12 Nos. E Type Qtr. and 2. Construction of 4 Nos. D Type Qtr. For Staff at RTO Baripada, Mayurbhanj",Building Work,Works,National Competitive Bid,Percentage,Civil Works - Buildings,No,No,NA ,02-Apr-2026 06:55 PM,NA ,90.0,No ,No,Online,17-Apr-2026 10:30 AM,Orissa State Police Housing and Welfare Corporation Ltd,Mayurbhanj,751022.0,2.0,"5,46,26,699",ARUN KUMAR NAYAK,"44,580,849",Rejected-Finance,04-Jun-2026,Orissa State Police Housing and Welfare Corporation Ltd
2026_ORULB_127205_39,05/VNM/2025-26,Pothole repairing from Barakua to Shiva Temple in Ward No-01,Pothole repairing from Barakua to Shiva Temple in Ward No-01,Works,Open Tender,Percentage,Civil Works - Others,No,No,NA ,16-Mar-2026 11:00 AM,NA ,30.0,No ,No,Online,06-Apr-2026 11:00 AM,Municipal Bodies||Vyasanagar Municipality,VYASANAGAR MUNICIPALITY,755019.0,1.0,"1,27,169",RANJAN KUMAR SETHY,"99,812.74",Rejected-Finance,13-Jun-2026,Municipal Bodies||Vyasanagar Municipality
2026_EICCL_128652_1,SERANDB PURI-04/2026-27,"Development of Parking at Matitota Helipad Ground in the District of Puri, for ensuing Car Festival-2026.","Development of Parking at Matitota Helipad Ground in the District of Puri, for ensuing Car Festival-2026.",Works,Open Tender,Percentage,Civil Works - Others,No,No,NA ,30-Apr-2026 10:00 AM,NA ,90.0,No ,No,Online,08-May-2026 11:00 AM,EIC-CIVIL||SERNB-CIRCLE-KHURDA||EERNB-DIVN-PURI,Puri,752001.0,2.0,"55,32,613",AJAY KUMAR BEHERA,"5,532,613",Rejected-AOC,05-Jun-2026,EIC-CIVIL||SERNB-CIRCLE-KHURDA||EERNB-DIVN-PURI
2026_OBCC_124685_1,42/Tender/OBCC/2025-26,Selection of an Agency for Feasibility Study and preparation of DPR for various schools across Odisha under Aitihya Vidyalaya Scheme,Selection of an Agency for Feasibility Study and preparation of DPR for various schools across Odisha under Aitihya Vidyalaya Scheme,Services,Open Tender,Lump-sum,Miscellaneous Services,No,No,NA ,16-Jan-2026 06:15 PM,21-Jan-2026 11:30 AM ,120.0,No ,No,Online,31-Jan-2026 11:30 AM,Orissa Bridge and Construction Corporation Ltd,Bhubaneswar,751012.0,2.0,,PRAKRITI ARCHITECTS,"29,800,000",Rejected-Finance,29-Jun-2026,Orissa Bridge and Construction Corporation Ltd
2026_STSCD_127876_8,BidIdentificationNo-01/2026-27,Construction of C.C. Road from Naik Sahi to Tulasi Sahi of Badhatnabeda GP of Kusumi Block,Construction of C.C. Road from Naik Sahi to Tulasi Sahi of Badhatnabeda GP of Kusumi Block,Works,Open Tender,Percentage,Civil Works - Roads,No,No,NA ,07-Apr-2026 11:00 AM,NA ,90.0,No ,No,Online,22-Apr-2026 11:00 AM,ST and SC Development Deptt||ITDA Rairangpur,Naik Sahi to Tulasi Sahi of Badhatnabeda GP,757047.0,1.0,"20,51,168",ABHISEK KUMAR MOHANTY,"2,040,912.16",Rejected-AOC,26-Jun-2026,ST and SC Development Deptt||ITDA Rairangpur
2026_ORULB_126857_107,06/BGH- MUN/2025-26,Const of CC Road from rushitandi house to gyanagadtiya house w.no-05,Const of CC Road from rushitandi house to gyanagadtiya house w.no-05,Works,Open Tender,Percentage,Civil Works - Others,No,No,NA ,06-Mar-2026 04:00 PM,NA ,90.0,No ,No,Online,17-Mar-2026 11:00 AM,Municipal Bodies||Bargarh Municipal Council,Bargarh,768028.0,1.0,"12,02,557",RANJAN SETH,"845,968.668",Rejected-AOC,04-Jun-2026,Municipal Bodies||Bargarh Municipal Council
2026_EICCL_126891_1,SE (RnB) KPD 24 / 2025-26,"Renovation of PWD I.B at Garapur,Kendrapara in the district of Kendrapara for the year 2025-26.","Renovation of PWD I.B at Garapur,Kendrapara in the district of Kendrapara for the year 2025-26.",Works,Open Tender,Percentage,Civil Works - Buildings,No,No,NA ,06-Mar-2026 11:00 AM,NA ,90.0,No ,No,Online,17-Mar-2026 11:00 AM,EIC-CIVIL||SERNB-CIRCLE-CUTTACK||EERNB-DIVN-KENDRAPADA,Kendrapara,754211.0,1.0,"25,34,933",AJIT KUMAR SAHOO,"1,740,738",Rejected-Finance,29-May-2026,EIC-CIVIL||SERNB-CIRCLE-CUTTACK||EERNB-DIVN-KENDRAPADA
2026_ORULB_125479_6,31/SMC_SBP/2025-26,Rejuvenation of Pond at Farm Road near C.B Steel,Rejuvenation of Pond at Farm Road near C.B Steel,Works,National Competitive Bid,Percentage,Civil Works - Others,No,No,NA ,07-Feb-2026 11:00 AM,NA ,120.0,No ,No,Online,02-Mar-2026 11:00 AM,Municipal Bodies||Sambalpur Municipal Corporation,SAMBALPUR MUNICIPAL CORPORATION,768006.0,2.0,"50,29,785",DEBASISH PADHAN,"5,029,785",Rejected-Finance,22-Jun-2026,Municipal Bodies||Sambalpur Municipal Corporation
2026_CERWI_128786_1,OnlineEERKL 02/2026-27,Construction of Boundary wall for the site proposed for construction of Court Complex building at Nuagaon for the year 2026-27,Construction of Boundary wall for the site proposed for construction of Court Complex building at Nuagaon for the year 2026-27,Works,Open Tender,Percentage,Civil Works - Buildings,No,No,NA ,05-May-2026 11:00 AM,NA ,270.0,No ,No,Online,15-May-2026 11:00 AM,CE RW I||RW-CIRCLE-SUNDARGARH||RW-Division-Sundargarh II,ROURKELA,769004.0,2.0,"75,89,851",AB ENTERPRISES,"6,452,132",Rejected-AOC,30-Jun-2026,CE RW I||RW-CIRCLE-SUNDARGARH||RW-Division-Sundargarh II
2026_ORULB_128192_3,BBLM-1/2026-27,"Construction of Check Dam on Thakurani nala near Saitan Chhak, Ward No.3, Barbil","Construction of Check Dam on Thakurani nala near Saitan Chhak, Ward No.3, Barbil",Works,Open Tender,Percentage,Civil Works - Others,No,No,NA ,20-Apr-2026 10:00 AM,NA ,180.0,No ,No,Online,04-May-2026 11:00 AM,Municipal Bodies||Barbil Municipality,Barbil,758035.0,2.0,"50,01,582",ARJUN SINGH SOREN,"4,099,351",Rejected-Finance,25-Jun-2026,Municipal Bodies||Barbil Municipality
2026_EICCL_124569_1,SERANDB PURI-55/2025-26,Shifting of line and substation for widening of road by RandB Puri at Old PK road to Haripur Chhak via Balanga Sambhupatna Balanga Haripur road from 16/700 to 31/023km under Electrical Section Satasankha PED Puri under 6percent deposit works scheme,Shifting of line and substation for widening of road by RandB Puri at Old PK road to Haripur Chhak via Balanga Sambhupatna Balanga Haripur road from 16/700 to 31/023km under Electrical Section Satasankha PED Puri under 6percent deposit works scheme,Works,Open Tender,Percentage,Electrical Works,No,No,NA ,15-Jan-2026 10:00 AM,NA ,90.0,No ,No,Online,22-Jan-2026 11:00 AM,EIC-CIVIL||SERNB-CIRCLE-KHURDA||EERNB-DIVN-PURI,Puri,752001.0,1.0,"22,74,666",AMPERE INFRA,"1,908,445",Rejected-AOC,05-Jun-2026,EIC-CIVIL||SERNB-CIRCLE-KHURDA||EERNB-DIVN-PURI
2026_ORULB_125192_27,GUN-MUN-78/2025-26,Repair and Restoration of pothole and laying of drain cover slab in ward No.03,Repair and Restoration of pothole and laying of drain cover slab in ward No.03,Works,Open Tender,Percentage,Civil Works - Others,No,No,NA ,01-Feb-2026 11:00 AM,NA ,90.0,No ,No,Online,11-Feb-2026 11:00 AM,Municipal Bodies||Gunupur Municipal Council,Gunupur Municipality area,765022.0,1.0,"16,94,028",Anil Kumar Bishoyi,"1,998,951",Rejected-Finance,19-Jun-2026,Municipal Bodies||Gunupur Municipal Council
2026_ORULB_124740_13,ATH-NAC-04/2025-26,"Construction of cement concrete road from Gochi Mausi house to GSC Collage main road in w.no,18","Construction of cement concrete road from Gochi Mausi house to GSC Collage main road in w.no,18",Works,Open Tender,Percentage,Civil Works - Roads,No,No,NA ,20-Jan-2026 11:00 AM,NA ,30.0,No ,No,Online,03-Feb-2026 11:00 AM,Municipal Bodies||Athgarh NAC,ATHGARH,754029.0,1.0,"5,13,402",AJAYA KUMAR ROUT,"506,727.28",Rejected-AOC,22-Jun-2026,Municipal Bodies||Athgarh NAC
2026_ORULB_127470_4,EO/BIJEPUR/06/2025-26,"Construction of Market Complex near Govt. High School, Bijepur under 5th SFC Incentive Grant under Bijepur NAC for the year 2025-26 (Block-D)","Construction of Market Complex near Govt. High School, Bijepur under 5th SFC Incentive Grant under Bijepur NAC for the year 2025-26 (Block-D)",Works,Open Tender,Percentage,Civil Works - Buildings,No,No,NA ,23-Mar-2026 09:00 AM,NA ,90.0,No ,No,Online,04-Apr-2026 11:00 AM,Municipal Bodies||Bijepur NAC,Bijepur NAC,768032.0,1.0,"16,74,656",JITEN SUNA,"1,401,687",Rejected-Finance,01-Jun-2026,Municipal Bodies||Bijepur NAC
2026_ORULB_126857_69,06/BGH- MUN/2025-26,"Construction of CC Road, Drain and slab at subashnagar w.no-14","Construction of CC Road, Drain and slab at subashnagar w.no-14",Works,Open Tender,Percentage,Civil Works - Others,No,No,NA ,06-Mar-2026 04:00 PM,NA ,90.0,No ,No,Online,17-Mar-2026 11:00 AM,Municipal Bodies||Bargarh Municipal Council,Bargarh,768028.0,1.0,"19,00,256",Neeraj Kumar Dash,"1,207,586.618",Rejected-Finance,10-Jun-2026,Municipal Bodies||Bargarh Municipal Council
2026_EICCL_125653_3,SE (R and B) Angul-70/ 2025-26,"S/R to Post Mortem centres at DHH, Angul for the year 2025-26 (Civil, EI, PH)","S/R to Post Mortem centres at DHH, Angul for the year 2025-26 (Civil, EI, PH)",Works,Open Tender,Percentage,Civil Works - Buildings,No,No,NA ,07-Feb-2026 10:00 AM,NA ,90.0,No ,No,Online,27-Feb-2026 11:00 AM,EIC-CIVIL||SERNB-CIRCLE-DHENKANAL||EERNB Angul Division,ANGUL,759122.0,1.0,"15,09,059",ABHISHEK MISHRA,"1,509,059",Rejected-AOC,22-Jun-2026,EIC-CIVIL||SERNB-CIRCLE-DHENKANAL||EERNB Angul Division
2026_ORULB_126857_82,06/BGH- MUN/2025-26,Construction of CC Drain at Nigamananda Vihar gali no-01 w.no-01,Construction of CC Drain at Nigamananda Vihar gali no-01 w.no-01,Works,Open Tender,Percentage,Civil Works - Others,No,No,NA ,06-Mar-2026 04:00 PM,NA ,90.0,No ,No,Online,17-Mar-2026 11:00 AM,Municipal Bodies||Bargarh Municipal Council,Bargarh,768028.0,1.0,"2,09,422",AMIYA KUMAR DASH,"169,194.434",Accepted-AOC,04-Jun-2026,Municipal Bodies||Bargarh Municipal Council
2026_ORULB_126305_1,EO_BLG.N_06_2025-26,"Construction of Market Complex near RMC Hata,Ward No.3 of NAC Balliguda","Construction of Market Complex near RMC Hata,Ward No.3 of NAC Balliguda",Works,Open Tender,Percentage,Civil Works - Buildings,No,No,NA ,20-Feb-2026 01:00 PM,NA ,90.0,No ,No,Online,02-Mar-2026 11:30 AM,Municipal Bodies||Balliguda N.A.C,NAC BALLIGUDA,762103.0,1.0,"45,00,000",AJIT MALLICK,"4,454,069",Rejected-AOC,18-Jun-2026,Municipal Bodies||Balliguda N.A.C
2026_ORULB_124590_63,BBLM-6/2025-26,"Construction of drain from upstream of Basti dam to downstream of Basti dam at Mahanta basti, Ward No.7, Barbil","Construction of drain from upstream of Basti dam to downstream of Basti dam at Mahanta basti, Ward No.7, Barbil",Works,Open Tender,Percentage,Civil Works - Others,No,No,NA ,20-Jan-2026 10:00 AM,NA ,120.0,No ,No,Online,04-Feb-2026 11:00 AM,Municipal Bodies||Barbil Municipality,Barbil,758035.0,2.0,"60,77,622",AMIYA PRAKASH BEJ,"5,074,814",Rejected-Finance,02-Jun-2026,Municipal Bodies||Barbil Municipality
2026_ORULB_125887_42,SOROM_07_2025-26,Improvement of Parking Area infront of Hanuman Temple at Guhariasahi in Ward No.-14,Improvement Work,Works,Open Tender,Percentage,Civil Works - Others,No,No,NA ,18-Feb-2026 10:00 AM,NA ,120.0,No ,No,Online,26-Feb-2026 10:00 AM,Municipal Bodies||Soro Municipality,"Soro Municipality, Soro",756045.0,1.0,"2,88,136",RAMAKANTA BEHERA,"288,136.45",Rejected-Technical,04-Jun-2026,Municipal Bodies||Soro Municipality
2026_STSCD_127596_2,PA ITDA PLB 07 of 2025-26,Construction of 2 (two) nos Staff quarter at Sainipadar AS under Phulbani Block,Construction of 2 (two) nos Staff quarter at Sainipadar AS under Phulbani Block,Works,Open Tender,Percentage,Civil Works - Buildings,No,No,NA ,26-Mar-2026 10:00 AM,NA ,90.0,No ,No,Online,06-Apr-2026 11:00 AM,"ST and SC Development Deptt||ITDA, Phulbani","Office of the PA, ITDA, Phulbani",762001.0,1.0,"21,71,936",BASANTA KUMAR PADHY,"2,171,067",Rejected-Finance,08-Jun-2026,"ST and SC Development Deptt||ITDA, Phulbani"
2026_ORULB_125599_2,BMC-EE-Tender Cell-67/2025-26 dt. 05.02.2026,Renovation with peripheral development of Chilli Pokhari Pond in Ward No. 58,Renovation with peripheral development of Chilli Pokhari Pond in Ward No. 58,Works,Open Tender,Percentage,Civil Works - Others,No,No,NA ,07-Feb-2026 10:30 AM,13-Feb-2026 04:00 PM ,120.0,No ,No,Online,21-Feb-2026 03:30 PM,Municipal Bodies||Bhubaneswar Municipal Corporation,BMC AREA,751022.0,2.0,"50,84,401",BISWARANJAN MALLICK,"5,999,593",Accepted-AOC,01-Jun-2026,Municipal Bodies||Bhubaneswar Municipal Corporation
2026_CERWI_125202_11,Online Tender17/SERW Division Boudh 2025-26,Construction of RI Office Cum Residence Building at Mundapada for the year 2024-25,Construction of RI Office Cum Residence Building at Mundapada for the year 2024-25,Works,Open Tender,Percentage,Civil Works - Buildings,No,No,NA ,30-Jan-2026 03:00 PM,NA ,90.0,No ,No,Online,11-Feb-2026 11:00 AM,CE RW I||RWCIRCLE-BERHAMPUR||RWDIVISION-BOUDH,O/o SERWDivision Boudh,762014.0,2.0,"60,20,856",ASHARANI DALAL,"6,014,835",Accepted-AOC,20-Jun-2026,CE RW I||RWCIRCLE-BERHAMPUR||RWDIVISION-BOUDH
2026_ORULB_126552_17,06/PKDM-2025-26,"Construction of Cover plate over drain and repair of road at Kanaka Pronami street, Damping yard road, Gashi Sahi, Jagili Sahi area, Khandi Jagili Street, Om Shanti Colony-1,2 area, Ward No.1",Construction of Cover plate over drain and repair of road work,Works,Open Tender,Percentage,Civil Works - Others,No,No,NA ,27-Feb-2026 10:00 AM,NA ,90.0,No ,No,Online,13-Mar-2026 11:00 AM,Municipal Bodies||Parlakhemundi Municipal Council,Paralakhemundi Municipality,761200.0,1.0,"15,77,166",HARIS CHANDRA NAYAK,"1,561,394",Rejected-Technical,08-Jun-2026,Municipal Bodies||Parlakhemundi Municipal Council
2026_EICCL_124550_1,CCEEC-15/2025-26,"Special Repair to P.R.M Medical College and Hospital such as External Painting of Teaching Hospital, Mortuary, ESS, Aahara Kendra and Boundary wall at Rangamathia, Baripada in the District of Mayurbhanj.",Building Work,Works,National Competitive Bid,Percentage,Civil Works - Others,No,No,NA ,15-Jan-2026 10:00 AM,NA ,90.0,No ,No,Online,22-Jan-2026 11:00 AM,EIC-CIVIL||SERNB-CIRCLE-EASTERN,Mayurbhanj,757001.0,2.0,"1,24,12,817",BASUDEB SAHU,"12,400,404",Rejected-Finance,23-Apr-2026,EIC-CIVIL||SERNB-CIRCLE-EASTERN
2026_ORULB_127307_3,BMC-EE-Tender Cell-79/2025-26 dt. 13.03.2026,Construction of road lead to Paikarapur Crematorium in Ward No. 22,Construction of road lead to Paikarapur Crematorium in Ward No. 22,Works,Open Tender,Percentage,Civil Works - Roads,No,No,NA ,17-Mar-2026 11:00 AM,24-Mar-2026 04:00 PM ,120.0,No ,No,Online,06-Apr-2026 03:30 PM,Municipal Bodies||Bhubaneswar Municipal Corporation,BMC AREA,751022.0,2.0,"1,01,68,906",AMARES KUMAR SAMAL,"8,999,482",Rejected-Technical,20-Jun-2026,Municipal Bodies||Bhubaneswar Municipal Corporation
2026_ORULB_126616_28,MC(CMC)CTC_Div-IIiNo39/2025-26,Development of Open Space in front of Kumbhar sahi Thakura Ghra at Immamnagar jagatpur in Ward no-49,Development of Open Space in front of Kumbhar sahi Thakura Ghra at Immamnagar jagatpur in Ward no-49,Works,Open Tender,Percentage,Civil Works - Others,No,No,NA ,30-Mar-2026 11:00 AM,NA ,105.0,No ,No,Online,17-Apr-2026 10:00 AM,Municipal Bodies||Cuttack Municipal Corporation,CMC,753012.0,1.0,"12,57,128",BISWARANJAN MOHANTY,"1,257,128",Accepted-AOC,23-Jun-2026,Municipal Bodies||Cuttack Municipal Corporation
2026_EICCL_127916_2,SE R and B Divn NoI Bam 1/2026-27,"Supply and fixing with complete installation of 60 KVA UPS at 3 nos of ICU at Paediatric Building of MKCG, MC and H, Berhampur.","Supply and fixing with complete installation of 60 KVA UPS at 3 nos of ICU at Paediatric Building of MKCG, MC and H, Berhampur.",Works,Open Tender,Percentage,Electrical Works,No,No,NA ,07-Apr-2026 04:30 PM,NA ,90.0,No ,No,Online,15-Apr-2026 11:30 AM,EIC-CIVIL||SERNB-CIRCLE-BERHAMPUR||EERNB-DIVN-GANJAM I,Berhampur,760005.0,1.0,"23,78,000",ANIL KUMAR SAHU,"1,821,548",Rejected-AOC,04-Jun-2026,EIC-CIVIL||SERNB-CIRCLE-BERHAMPUR||EERNB-DIVN-GANJAM I
2026_ORULB_127692_15,MC(CMC)CTC_Div-IIINo39/2025-26,Desilting of MSWC-I from Andarpur to Gosala in Ward No.53.,Desilting of MSWC-I from Andarpur to Gosala in Ward No.53.,Works,Open Tender,Percentage,Civil Works - Others,No,No,NA ,31-Mar-2026 11:00 AM,NA ,60.0,No ,No,Online,10-Apr-2026 10:00 AM,Municipal Bodies||Cuttack Municipal Corporation,CMC,753012.0,1.0,"37,40,177",ABHISHEK KARTIK RAY,"3,740,177.37",Rejected-AOC,29-Jun-2026,Municipal Bodies||Cuttack Municipal Corporation
2026_ECCHA_126597_8,"e-Procurement Notice No.ACE, EC-II 11 of 2025-26","ACE, EC-II JKID 43 of 2025-26 Scoured Bank Protection to Kelua Right Embankment near village Mundamala on CE No.26A.",Embankment protection,Works,National Competitive Bid,Percentage,Civil Works - Others,No,No,NA ,25-Feb-2026 11:00 AM,NA ,90.0,No ,No,Online,12-Mar-2026 11:30 AM,CE AND BM MBBS CHANDIKOLE||EASTERN CIRCLE II CHANDIKOLE,Jaraka,755050.0,2.0,"2,50,29,366",ABHIJIT LENKA,"21,277,464",Rejected-Finance,21-Jun-2026,CE AND BM MBBS CHANDIKOLE||EASTERN CIRCLE II CHANDIKOLE
2026_PRBLO_128533_4,1/26-27/LSNG,CONSTRUCTION OF ADD. CLASS ROOM AT BIRKEL UPS,CONSTRUCTION OF ADD. CLASS ROOM AT BIRKEL UPS,Works,Open Tender,Percentage,Civil Works - Buildings,No,No,NA ,30-Apr-2026 10:00 AM,NA ,90.0,No ,No,Offline,15-May-2026 10:00 AM,Panchayati Raj and Drinking Water Department Odisha||Zilla Parisad Balangir||LOISINGA Block,loisingha,767020.0,1.0,"13,28,494",CHANDRAKANTA MISHRA,"1,328,494",Rejected-Technical,08-Jun-2026,Panchayati Raj and Drinking Water Department Odisha||Zilla Parisad Balangir||LOISINGA Block
2026_EICCL_127988_1,SE RandB BDK-46/2025-26-2,Construction of Video Conference (VC) Hall at Tahasil Basudevpur for the year 2025-2026 under Bhadrak Distict,Construction of Video Conference (VC) Hall at Tahasil Basudevpur for the year 2025-2026 under Bhadrak Distict,Works,Open Tender,Percentage,Civil Works - Buildings,No,No,NA ,09-Apr-2026 09:00 AM,NA ,90.0,No ,No,Online,17-Apr-2026 11:30 AM,EIC-CIVIL||SERNB-CIRCLE-EASTERN||EERNB-DIVN-BHADRAK,Bhadrak,756100.0,1.0,,BISWANATH PANDA,"1,800,578.11",Rejected-Finance,25-Jun-2026,EIC-CIVIL||SERNB-CIRCLE-EASTERN||EERNB-DIVN-BHADRAK
2026_RMC_128130_5,MC/RMC/25/2026,"Development and up gradation of Desai park at Fertilizer Township, Ward No. 8 under RMC Rourkela",Works,Works,Open Tender,Percentage,Civil Works - Others,No,No,NA ,15-Apr-2026 06:00 PM,NA ,90.0,No ,No,Online,30-Apr-2026 11:00 AM,Rourkela Municipal Corporation,Rourkela,769012.0,1.0,"10,61,000",ANIL BEHERA (S.C),"1,060,947.13",Rejected-Technical,20-Jun-2026,Rourkela Municipal Corporation
2026_CERWI_125369_1,Online-AGL-32/2025-26,Manamunda Sagada road at Sariapali to panjana Dahya sagada road,"Manamunda Sagada road at Sariapali to panjana Dahya sagada road via Chingudipali,Rugudapada,Jhagadugadia",Works,National Competitive Bid,Percentage,Civil Works - Roads,No,No,NA ,02-Feb-2026 09:00 AM,NA ,90.0,No ,No,Online,10-Feb-2026 10:00 AM,CE RW I||RWCIRCLE-ANGUL,Boudh,762014.0,2.0,"6,45,11,460",MUKTESWAR NAIK,"67,595,108",Rejected-AOC,17-Jun-2026,CE RW I||RWCIRCLE-ANGUL
2026_ORULB_126552_6,06/PKDM-2025-26,"Completion of incomplete Community Hall at Betal Mela, Ward No.6",Completion of incomplete Community Hall work,Works,Open Tender,Percentage,Civil Works - Others,No,No,NA ,27-Feb-2026 10:00 AM,NA ,90.0,No ,No,Online,13-Mar-2026 11:00 AM,Municipal Bodies||Parlakhemundi Municipal Council,Paralakhemundi Municipality,761200.0,1.0,"8,45,954",NAKKA ANJINAYALU,"845,108",Accepted-AOC,08-Jun-2026,Municipal Bodies||Parlakhemundi Municipal Council
2026_EICCL_127442_1,SE CTC (RandB)-76 of 2025-26,"Repair and Renovation of Amphitheatre of Odisha Judicial Academy, Cuttack for the year 2025-26",Building work,Works,Open Tender,Percentage,Civil Works - Buildings,No,No,NA ,20-Mar-2026 10:00 AM,NA ,90.0,No ,No,Online,04-Apr-2026 11:00 AM,EIC-CIVIL||SERNB-CIRCLE-CUTTACK||EERNB-DIVN-CUTTACK,Cuttack,753001.0,2.0,"53,36,177",BISHWOJIT BISWAL,"4,269,475",Rejected-AOC,11-Jun-2026,EIC-CIVIL||SERNB-CIRCLE-CUTTACK||EERNB-DIVN-CUTTACK
2026_EICCL_127895_1,S.E. (R and B) - 32/2025-26/NGP,"Supply, Inst., Testing and Comm. of 35 KVA/26 KW CPCB IV, DG Set with AMF Control Panel to be Installed at Govt. College of Nursing at Ngp in the Dist. of Ngp (Building)",Electrical Work,Works,Open Tender,Percentage,Electrical Works,No,No,NA ,07-Apr-2026 12:00 PM,NA ,90.0,No ,No,Online,16-Apr-2026 11:00 AM,EIC-CIVIL||SERNB-CIRCLE-JEYPORE||EERNB Division Nabarangpur,Nabarangapur,764059.0,1.0,"7,71,402",CHANDAN NAYAK,"770,631",Accepted-AOC,12-Jun-2026,EIC-CIVIL||SERNB-CIRCLE-JEYPORE||EERNB Division Nabarangpur
2026_OLIC_124367_14,Bid Id No. 08/Dt. 07.01.2026,INSTALLATION AND ENERGISATION OF DIHASARICHUAN-VIII TW LI PROJECT,INSTALLATION AND ENERGISATION OF DIHASARICHUAN-VIII TW LI PROJECT,Works,Open Tender,Percentage,Civil Works - Lift Irrigation Schemes,No,No,NA ,12-Jan-2026 10:00 AM,NA ,365.0,No ,No,Online,28-Jan-2026 10:00 AM,"Orissa Lift Irrigation Corporation||LI,Central Circle, Cuttack||LI Division Cuttack",CUTTACK SADAR BLOCK,754001.0,1.0,"23,97,189",Arif Ali Khan,"2,397,189",Rejected-Technical,11-Jun-2026,"Orissa Lift Irrigation Corporation||LI,Central Circle, Cuttack||LI Division Cuttack"
2026_EICCL_128656_1,SERANDB PURI-04/2026-27,"Development of Parking at Matitota Play Ground in the District of Puri, for ensuing Car Festival-2026.","Development of Parking at Matitota Play Ground in the District of Puri, for ensuing Car Festival-2026.",Works,Open Tender,Percentage,Civil Works - Others,No,No,NA ,30-Apr-2026 10:00 AM,NA ,90.0,No ,No,Online,08-May-2026 11:00 AM,EIC-CIVIL||SERNB-CIRCLE-KHURDA||EERNB-DIVN-PURI,Puri,752001.0,2.0,"70,67,349",AJAY KUMAR BEHERA,"7,067,349",Rejected-AOC,05-Jun-2026,EIC-CIVIL||SERNB-CIRCLE-KHURDA||EERNB-DIVN-PURI
2026_OMFED_129390_5,07 /MM/CFP/56/ 2026-2027/22,SUPPLY OF DOMC AT RADHADAMODARPUR PLANT,SUPPLY OF DOMC AT RADHADAMODARPUR PLANT,Goods,Open Tender,Item Rate,Miscellaneous Goods,No,No,NA ,18-May-2026 10:00 AM,NA ,60.0,No ,No,Online,01-Jun-2026 02:00 PM,Odisha State Co. Milk Producers Federation Ltd.,RADHADAMODARPUR,754029.0,1.0,"17,00,00,000",GUPTA FEED PRODUCTS PVT LTD,"16,703,520",Accepted-AOC,11-Jun-2026,Odisha State Co. Milk Producers Federation Ltd.
2026_ORULB_126616_7,MC(CMC)CTC_Div-IIiNo39/2025-26,Open Space Development by the side of Chauliaganj-Nayabazar mainroad and beautification of surrounding in ward no.43,Open Space Development by the side of Chauliaganj-Nayabazar mainroad and beautification of surrounding in ward no.43,Works,Open Tender,Percentage,Civil Works - Others,No,No,NA ,30-Mar-2026 11:00 AM,NA ,105.0,No ,No,Online,17-Apr-2026 10:00 AM,Municipal Bodies||Cuttack Municipal Corporation,CMC,753012.0,1.0,"16,78,998",BINAY PRASAD MOHAPATRA,"1,678,998.22",Rejected-AOC,22-Jun-2026,Municipal Bodies||Cuttack Municipal Corporation
2026_EICCL_127256_1,TCN No 65 of 2025-26,"SITC of 11/0.4KV 100 KVA Plinth mounted transformer along with LTDB, DP structure and necessary arrangement for power supply to District Education Office Building Puri","SITC of 11/0.4KV 100 KVA Plinth mounted transformer along with LTDB, DP structure and necessary arrangement for power supply to District Education Office Building Puri",Works,National Competitive Bid,Percentage,Electrical Works,No,No,NA ,13-Mar-2026 03:00 PM,NA ,90.0,No ,No,Online,20-Mar-2026 11:00 AM,EIC-CIVIL||SERNB-CIRCLE-KHURDA||EERNB-DIVN-PURI,Puri,752001.0,1.0,"7,97,761",BIKRAM KESHARI PATTANAIK,"797,761",Accepted-AOC,22-Jun-2026,EIC-CIVIL||SERNB-CIRCLE-KHURDA||EERNB-DIVN-PURI
2026_OLIC_124367_15,Bid Id No. 08/Dt. 07.01.2026,INSTALLATION AND ENERGISATION OF KESHPUR-I TW LI PROJECT,INSTALLATION AND ENERGISATION OF KESHPUR-I TW LI PROJECT,Works,Open Tender,Percentage,Civil Works - Lift Irrigation Schemes,No,No,NA ,12-Jan-2026 10:00 AM,NA ,365.0,No ,No,Online,28-Jan-2026 10:00 AM,"Orissa Lift Irrigation Corporation||LI,Central Circle, Cuttack||LI Division Cuttack",CUTTACK SADAR BLOCK,754001.0,1.0,"18,93,371",Arif Ali Khan,"1,893,371",Accepted-AOC,11-Jun-2026,"Orissa Lift Irrigation Corporation||LI,Central Circle, Cuttack||LI Division Cuttack"
2026_JIRR_124173_7,JKID-04 OF 2025-26,7-Improvement to Hatibari TRE on Brahmani left from RD 0.00km to RD 1.50km,Improvement to Hatibari TRE on Brahmani left from RD 0.00km to RD 1.50km,Works,National Competitive Bid,Percentage,Civil Works - Others,No,No,NA ,05-Jan-2026 11:00 AM,NA ,90.0,No ,No,Online,16-Jan-2026 11:00 AM,CE AND BM MBBS CHANDIKOLE||EASTERN CIRCLE II CHANDIKOLE||Jaraka Irr Div Jaraka,Jaraka,755050.0,1.0,"59,14,137",ATISH KUMAR SAHOO,"4,600,015.84",Rejected-Technical,22-May-2026,CE AND BM MBBS CHANDIKOLE||EASTERN CIRCLE II CHANDIKOLE||Jaraka Irr Div Jaraka
2026_ORULB_126552_7,06/PKDM-2025-26,"Completion of incomplete Community Hall at Kachara Street, Ward No.7",Completion of incomplete Community Hall work,Works,Open Tender,Percentage,Civil Works - Others,No,No,NA ,27-Feb-2026 10:00 AM,NA ,90.0,No ,No,Online,13-Mar-2026 11:00 AM,Municipal Bodies||Parlakhemundi Municipal Council,Paralakhemundi Municipality,761200.0,1.0,"1,15,173",Partharaj Palo,"115,161",Accepted-AOC,08-Jun-2026,Municipal Bodies||Parlakhemundi Municipal Council
2026_CERWI_126201_2,Online Tender/46-2025-26/BPR,Construction of RD Road to Gambharijhola road in the District of Kandhamal under MMSY-TRIP for the year 2025-26,Construction of RD Road to Gambharijhola road in the District of Kandhamal under MMSY-TRIP for the year 2025-26,Works,National Competitive Bid,Percentage,Civil Works - Roads,No,No,NA ,17-Feb-2026 06:55 PM,NA ,90.0,No ,No,Online,05-Mar-2026 04:30 PM,CE RW I||RWCIRCLE-BERHAMPUR,Phulbani,760011.0,2.0,"2,94,45,000",M/S AKASH INFRATECH PROP. AKASHDEEP SINGH SANDHU,"25,030,592",Accepted-AOC,19-Jun-2026,CE RW I||RWCIRCLE-BERHAMPUR
2026_RMC_128130_4,MC/RMC/25/2026,"Development of open children Park near library at Tulsitola chhend colony, Ward No. 15 under RMC Rourkela",Works,Works,Open Tender,Percentage,Civil Works - Others,No,No,NA ,15-Apr-2026 06:00 PM,NA ,90.0,No ,No,Online,30-Apr-2026 11:00 AM,Rourkela Municipal Corporation,Rourkela,769012.0,1.0,"13,19,000",AMULYA KUMAR SETHI,"1,318,737.97",Rejected-Technical,20-Jun-2026,Rourkela Municipal Corporation
2026_EICCL_126767_1,S.E. (R and B) - 31/2025-26/NGP,Shifting of Electrical Poles - Widening and Strengthening of Papadahandi-Umerkote-Yerla Road from 18/00 Km to 40/00 Km in the District of Nabarangpur under State Plan for the year 2025-26,Electrical Works,Works,Open Tender,Percentage,Electrical Works,No,No,NA ,28-Feb-2026 11:00 AM,NA ,90.0,No ,No,Online,10-Mar-2026 11:00 AM,EIC-CIVIL||SERNB-CIRCLE-JEYPORE||EERNB Division Nabarangpur,Papadahandi,764071.0,1.0,"39,77,387",CHANDAN NAYAK,"3,976,989",Accepted-AOC,02-Jun-2026,EIC-CIVIL||SERNB-CIRCLE-JEYPORE||EERNB Division Nabarangpur
2026_PRBLO_128533_5,1/26-27/LSNG,CONSTRUCTION OF ADD. CLASS ROOM AT BANIPALI PUPS,CONSTRUCTION OF ADD. CLASS ROOM AT BANIPALI PUPS,Works,Open Tender,Percentage,Civil Works - Buildings,No,No,NA ,30-Apr-2026 10:00 AM,NA ,90.0,No ,No,Offline,15-May-2026 10:00 AM,Panchayati Raj and Drinking Water Department Odisha||Zilla Parisad Balangir||LOISINGA Block,loisingha,767020.0,1.0,"13,28,494",CHANDRAKANTA MISHRA,"1,328,494",Rejected-Technical,04-Jun-2026,Panchayati Raj and Drinking Water Department Odisha||Zilla Parisad Balangir||LOISINGA Block
2026_OCAPL_127173_1,OCPL/MCMP/SER-204/2026,Skill Development and Livelihood Generation Program for Women in Apparel and Tailoring at RR Colony of OCPL,Skill Development and Livelihood Generation Program for Women in Apparel and Tailoring at RR Colony of OCPL.,Services,Open Tender,Item Rate,Consultancy Services,No,No,NA ,13-Mar-2026 03:00 PM,NA ,180.0,No ,No,Online,20-Apr-2026 03:30 PM,Odisha Coal and Power Limited,Hemgir,770013.0,2.0,,ALIG Educational and Welfare Society,"1,402,310",Accepted-AOC,04-Jun-2026,Odisha Coal and Power Limited
2026_CERWI_128928_1,EERWELBBSR 01/2026-27,"Shifting of line and Sub Station from Cuttack -Chandabali Road to Govindpur to Purbakachha, Via Islampur to nearby safety places due to widening and strengthening of road under R.W. Electrical Section, Cuttack.","Shifting of line and Sub Station from Cuttack -Chandabali Road to Govindpur to Purbakachha, Via Islampur to nearby safety places due to widening and strengthening of road under R.W. Electrical Section, Cuttack.",Works,Open Tender,Percentage,Electrical Works,No,No,NA ,12-May-2026 12:00 PM,NA ,90.0,No ,No,Online,21-May-2026 01:00 PM,CE RW I||RW Electrical Circle Bhubaneswar||RW Electrical Division Bhubaneswar,Govindpur,754201.0,1.0,"18,37,089",MANGALA PRASANNA NAYAK,"1,837,089",Rejected-Finance,08-Jun-2026,CE RW I||RW Electrical Circle Bhubaneswar||RW Electrical Division Bhubaneswar
2026_EICCL_125078_1,RGD-II TCN No- 20/2025-26,"Construction of Video Conference hall (OSWAN) at Gudari Tahasil, (Civil, EI and PH) for 2025-26",Building Work,Works,Open Tender,Percentage,Civil Works - Buildings,No,No,NA ,28-Jan-2026 11:00 AM,NA ,90.0,No ,No,Online,05-Feb-2026 11:00 AM,EIC-CIVIL||SERNB-CIRCLE-RAYAGADA||EERNB-DIVN-RAYAGADA NEW,Gudari,765026.0,1.0,"19,31,081",HARIKRUSHNA PANIGRAHY,"1,931,081",Accepted-AOC,04-Jun-2026,EIC-CIVIL||SERNB-CIRCLE-RAYAGADA||EERNB-DIVN-RAYAGADA NEW
2026_CERWI_124920_10,ONLINE TENDER 06/ RWD-II/2025-26,SR to PWD road at Sundarkumpa to Ranijhari Via Sikharbasa road for the year 2025-26,Road works,Works,Open Tender,Percentage,Civil Works - Roads,No,No,NA ,21-Jan-2026 03:00 PM,NA ,90.0,No ,No,Online,31-Jan-2026 11:00 AM,CE RW I||RWCIRCLE-BHUBANESWAR||RW Division Nayagarh-II,NAYAGARH,752069.0,1.0,"15,50,000",SONALI GURU,"1,129,555",Rejected-Finance,22-Jun-2026,CE RW I||RWCIRCLE-BHUBANESWAR||RW Division Nayagarh-II
2026_ORULB_128869_3,10/SMC_SBP/2026-27,Construction of Paver Road and Drain from Budharaja Mandir to Pinku Yadav house (WN-21),Construction of Paver Road and Drain from Budharaja Mandir to Pinku Yadav house (WN-21),Works,Open Tender,Percentage,Civil Works - Others,No,No,NA ,08-May-2026 11:00 AM,NA ,120.0,No ,No,Online,19-May-2026 11:00 AM,Municipal Bodies||Sambalpur Municipal Corporation,SAMBALPUR MUNICIPAL CORPORATION,768006.0,1.0,"12,68,944",ABHINAS NANDA,"1,268,979.03",Rejected-Technical,25-Jun-2026,Municipal Bodies||Sambalpur Municipal Corporation
2026_ORULB_126552_16,06/PKDM-2025-26,"Construction of Cover plate over drain and repair of road at Durgamapeta street area, Ram Nagar area, Ward No.1",Construction of Cover plate over drain and repair of road work,Works,Open Tender,Percentage,Civil Works - Others,No,No,NA ,27-Feb-2026 10:00 AM,NA ,90.0,No ,No,Online,13-Mar-2026 11:00 AM,Municipal Bodies||Parlakhemundi Municipal Council,Paralakhemundi Municipality,761200.0,1.0,"16,28,921",SANOJ KUMAR ADHIKARI,"1,612,631",Rejected-Technical,08-Jun-2026,Municipal Bodies||Parlakhemundi Municipal Council
2026_CERWI_125370_1,Online-AGL-32/2025-26,Construction of road from Bagadia to Kasurbandh via Badadunguripali,Construction of road from Bagadia to Kasurbandh via Badadunguripali,Works,National Competitive Bid,Percentage,Civil Works - Roads,No,No,NA ,02-Feb-2026 09:00 AM,NA ,90.0,No ,No,Online,10-Feb-2026 10:00 AM,CE RW I||RWCIRCLE-ANGUL,Boudh,759143.0,2.0,"5,09,84,652",MUKTESWAR NAIK,"53,217,780",Accepted-AOC,17-Jun-2026,CE RW I||RWCIRCLE-ANGUL
2026_ORULB_126857_116,06/BGH- MUN/2025-26,Construction of balance portion of CC Road and slab at niagamnanda vihar gali no-9 nagar W.NO-01,Construction of balance portion of CC Road and slab at niagamnanda vihar gali no-9 nagar W.NO-01,Works,Open Tender,Percentage,Civil Works - Others,No,No,NA ,06-Mar-2026 04:00 PM,NA ,90.0,No ,No,Online,17-Mar-2026 11:00 AM,Municipal Bodies||Bargarh Municipal Council,Bargarh,768028.0,1.0,"19,96,095",AMIYA KUMAR DASH,"1,353,284.214",Accepted-AOC,04-Jun-2026,Municipal Bodies||Bargarh Municipal Council
2026_CERWI_127223_5,Tender Online 22 JJPT of 2025-26,S/R to PWD Road to Botaltangi Road for the Year 2025-26 in the Dist. of Jajpur,S/R to PWD Road to Botaltangi Road for the Year 2025-26 in the Dist. of Jajpur,Works,Open Tender,Percentage,Civil Works - Roads,No,No,NA ,12-Mar-2026 04:00 PM,NA ,30.0,No ,No,Online,19-Mar-2026 11:30 AM,CE RW I||RWCIRCLE-KENDRAPARA||RWDIVISION I JAJPUR,JAJPUR,755007.0,1.0,"7,95,881",AKASH MALIK,"537,219.54",Accepted-AOC,30-Jun-2026,CE RW I||RWCIRCLE-KENDRAPARA||RWDIVISION I JAJPUR
2026_STSCD_127596_3,PA ITDA PLB 07 of 2025-26,Construction of PA quarter at Phulbani under Phulbani Block,Construction of PA quarter at Phulbani under Phulbani Block,Works,Open Tender,Percentage,Civil Works - Buildings,No,No,NA ,26-Mar-2026 10:00 AM,NA ,90.0,No ,No,Online,06-Apr-2026 11:00 AM,"ST and SC Development Deptt||ITDA, Phulbani","Office of the PA, ITDA, Phulbani",762001.0,1.0,"36,65,915",BASANTA KUMAR PADHY,"3,838,946",Rejected-Finance,08-Jun-2026,"ST and SC Development Deptt||ITDA, Phulbani"
2026_EICCL_127582_5,SE (R and B) Angul-77/ 2025-26,S/R to Civil Court building at Athamallik such as construction of cow catcher.,S/R to Civil Court building at Athamallik such as construction of cow catcher.,Works,Open Tender,Percentage,Civil Works - Buildings,No,No,NA ,25-Mar-2026 10:00 AM,NA ,90.0,No ,No,Online,09-Apr-2026 11:00 AM,EIC-CIVIL||SERNB-CIRCLE-DHENKANAL||EERNB Angul Division,ANGUL,759122.0,1.0,"6,15,763",DEBASISH PRADHAN,"615,578",Rejected-AOC,23-Jun-2026,EIC-CIVIL||SERNB-CIRCLE-DHENKANAL||EERNB Angul Division
2026_CERWI_126537_1,TENDER ONLINE RCK-03/26,Construction of Adibasi Sahi Nimamula to Khanditara High School to Mangala Mandir in the Dist. of Jajpur for the year 2025-26.,Construction of road works,Works,National Competitive Bid,Percentage,Civil Works - Roads,No,No,NA ,24-Feb-2026 04:00 PM,NA ,90.0,No ,No,Online,06-Mar-2026 11:00 AM,CE RW I||RWCIRCLE-KENDRAPARA,Jajpur,755001.0,2.0,"2,97,36,225",MS SHREE JAGANNATH ENTERPRISES,"31,074,355",Accepted-AOC,18-Jun-2026,CE RW I||RWCIRCLE-KENDRAPARA
2026_WATCO_125209_1,WATCO (W)-27(06)/2025-26 Dtd.28.01.2026,"Annual Operation and Maintenance of 129 MLD WTP at Sector-12, CDA and Intake Well, Chahata, Cuttack under WATCO Division, Cuttack (For Two Years)","Annual Operation and Maintenance of 129 MLD WTP at Sector-12, CDA and Intake Well, Chahata, Cuttack under WATCO Division, Cuttack (For Two Years)",Works,National Competitive Bid,Percentage,Civil Works - Water Works,No,No,NA ,07-Feb-2026 05:00 PM,NA ,120.0,No ,No,Online,24-Feb-2026 12:30 PM,WATCO Bhubaneswar,"Sector-12, CDA , Cuttack",753015.0,2.0,"3,97,07,000",OM CORPORATION,"28,807,771",Rejected-Technical,05-Jun-2026,WATCO Bhubaneswar
2026_CERWI_126673_1,RWD /KPD-18 OF 2025-26,Construction of Additional room Building Birahanumanjiw Higher secondary school at-Nikirai in the district of Kendrapara for the year 2024-2025,Construction of Additional room Building Birahanumanjiw Higher secondary school at-Nikirai in the district of Kendrapara for the year 2024-2025,Works,Open Tender,Percentage,Civil Works - Buildings,No,No,NA ,26-Feb-2026 03:00 PM,NA ,90.0,No ,No,Online,09-Mar-2026 11:00 AM,CE RW I||RWCIRCLE-KENDRAPARA||RWDIVISION-KENDRAPARA,Kendrapara,754212.0,1.0,"20,32,467",ANIL KUMAR THATOI,"1,931,047",Rejected-Finance,17-Jun-2026,CE RW I||RWCIRCLE-KENDRAPARA||RWDIVISION-KENDRAPARA
2026_ORULB_125479_3,31/SMC_SBP/2025-26,Rejuvenation of Balasagar Bandha in ward no.19,Rejuvenation of Balasagar Bandha in ward no.19,Works,National Competitive Bid,Percentage,Civil Works - Others,No,No,NA ,07-Feb-2026 11:00 AM,NA ,120.0,No ,No,Online,02-Mar-2026 11:00 AM,Municipal Bodies||Sambalpur Municipal Corporation,SAMBALPUR MUNICIPAL CORPORATION,768006.0,2.0,"1,24,00,719",B. AHALYA,"12,400,718.61",Rejected-Finance,06-Jun-2026,Municipal Bodies||Sambalpur Municipal Corporation
2026_ORULB_124740_12,ATH-NAC-04/2025-26,"Construction of cement concrete road from Mallick Babu house to Prakash Sethi house in w.no,18","Construction of cement concrete road from Mallick Babu house to Prakash Sethi house in w.no,18",Works,Open Tender,Percentage,Civil Works - Roads,No,No,NA ,20-Jan-2026 11:00 AM,NA ,30.0,No ,No,Online,03-Feb-2026 11:00 AM,Municipal Bodies||Athgarh NAC,ATHGARH,754029.0,1.0,"6,63,513",TARAMANI SETHI,"652,184.25",Rejected-AOC,18-Jun-2026,Municipal Bodies||Athgarh NAC
2026_ORULB_124740_10,ATH-NAC-04/2025-26,Construction of paver block road from Ranjan Mahammd house towards Shayam Suddin Mahammad house in w.no.17,Construction of paver block road from Ranjan Mahammd house towards Shayam Suddin Mahammad house in w.no.17,Works,Open Tender,Percentage,Civil Works - Roads,No,No,NA ,20-Jan-2026 11:00 AM,NA ,30.0,No ,No,Online,03-Feb-2026 11:00 AM,Municipal Bodies||Athgarh NAC,ATHGARH,754029.0,1.0,"2,00,970",M/S SHREE BALAJI INTERNATIONAL,"200,969.45",Accepted-AOC,11-Jun-2026,Municipal Bodies||Athgarh NAC
2026_ORULB_126857_81,06/BGH- MUN/2025-26,Construction of CC Drain at Nigamananda Vihar Gali no-04 w.no-01,Construction of CC Drain at Nigamananda Vihar Gali no-04 w.no-01,Works,Open Tender,Percentage,Civil Works - Others,No,No,NA ,06-Mar-2026 04:00 PM,NA ,90.0,No ,No,Online,17-Mar-2026 11:00 AM,Municipal Bodies||Bargarh Municipal Council,Bargarh,768028.0,1.0,"4,50,912",AMIYA KUMAR DASH,"363,023.47",Accepted-AOC,04-Jun-2026,Municipal Bodies||Bargarh Municipal Council
2026_ORULB_127863_19,SOROM_01_2026-27,Construction of Paver Road and Drain Infront of Itua Temple in Ward No.- 13,Construction work,Works,Open Tender,Percentage,Civil Works - Others,No,No,NA ,08-Apr-2026 10:00 AM,NA ,120.0,No ,No,Online,18-Apr-2026 09:00 AM,Municipal Bodies||Soro Municipality,"Soro Municipality, Soro",756045.0,1.0,"3,38,983",DURGAMADHAB MOHAPATRA,"338,983.06",Accepted-AOC,17-Jun-2026,Municipal Bodies||Soro Municipality
2026_ORULB_124590_48,BBLM-6/2025-26,"Repair of bye lane in Ward No.10, Barbil","Repair of bye lane in Ward No.10, Barbil",Works,Open Tender,Percentage,Civil Works - Others,No,No,NA ,20-Jan-2026 10:00 AM,NA ,90.0,No ,No,Online,04-Feb-2026 11:00 AM,Municipal Bodies||Barbil Municipality,Barbil,758035.0,2.0,"20,00,000",RANJIT KUMAR MAHANTA,"2,097,909",Accepted-AOC,01-Jun-2026,Municipal Bodies||Barbil Municipality
2026_ORULB_124590_60,BBLM-6/2025-26,"Repair of road from Sani Mandir to Sadhusingh hutting padia, Ward No.4 and 15, Barbil","Repair of road from Sani Mandir to Sadhusingh hutting padia, Ward No.4 and 15, Barbil",Works,Open Tender,Percentage,Civil Works - Others,No,No,NA ,20-Jan-2026 10:00 AM,NA ,90.0,No ,No,Online,04-Feb-2026 11:00 AM,Municipal Bodies||Barbil Municipality,Barbil,758035.0,2.0,"26,51,000",SUBASH CHANDRA PARIDA,"2,780,177",Accepted-AOC,25-Jun-2026,Municipal Bodies||Barbil Municipality
2026_ORULB_125204_15,BSP_2026-27_03,Construction of Bitumen road from Dhamara road towards Adikanda Mallick house in ward no.08,Construction of Bitumen road from Dhamara road towards Adikanda Mallick house in ward no.08,Works,Open Tender,Percentage,Civil Works - Roads,No,No,NA ,01-Feb-2026 10:00 AM,NA ,90.0,No ,No,Online,11-Feb-2026 11:00 AM,Municipal Bodies||Basudevpur Municipality,Basudevpur Municipality,756125.0,1.0,"7,53,555",Pitambar Mandal,"738,121",Accepted-AOC,11-Jun-2026,Municipal Bodies||Basudevpur Municipality
2026_CERWI_127223_7,Tender Online 22 JJPT of 2025-26,S/R to NH-200 to Baiduburia for 2025-26 (Such as Patch and Pothole repairs on C.C. road surface from 0/00 km to 0/940 km (In stretches),S/R to NH-200 to Baiduburia for 2025-26 (Such as Patch and Pothole repairs on C.C. road surface from 0/00 km to 0/940 km (In stretches),Works,Open Tender,Percentage,Civil Works - Roads,No,No,NA ,12-Mar-2026 05:15 PM,NA ,30.0,No ,No,Online,19-Mar-2026 11:30 AM,CE RW I||RWCIRCLE-KENDRAPARA||RWDIVISION I JAJPUR,JAJPUR,755007.0,1.0,"1,92,143",HARIHAR BISWAL,"153,694.79",Rejected-AOC,30-Jun-2026,CE RW I||RWCIRCLE-KENDRAPARA||RWDIVISION I JAJPUR
2026_CERWI_127169_8,Tender Online JJPR-II-09 of 2025-26,S/R to Madhuban Palasahi Chhaka to Kainchisasana for the year 2025-26,S/R to Madhuban Palasahi Chhaka to Kainchisasana for the year 2025-26,Works,Open Tender,Percentage,Civil Works - Roads,No,No,NA ,12-Mar-2026 02:00 PM,NA ,90.0,No ,No,Online,17-Mar-2026 05:30 PM,CE RW I||RWCIRCLE-KENDRAPARA||RW Division II-Jajpur,Jaraka,755050.0,1.0,"5,98,000",DILLIP KUMAR BEHERA,"538,075",Rejected-Finance,06-Jun-2026,CE RW I||RWCIRCLE-KENDRAPARA||RW Division II-Jajpur
2026_PRBDN_127333_8,DSB-03/2025-26,CONSTRUCTION OF GPLF BUILDING WITH MARKET COMPLEX AT GENGUTIA,CONSTRUCTION OF GPLF BUILDING WITH MARKET COMPLEX,Works,Open Tender,Percentage,Civil Works - Buildings,No,No,NA ,17-Mar-2026 10:00 AM,NA ,120.0,No ,No,Online,31-Mar-2026 11:00 AM,Panchayati Raj and Drinking Water Department Odisha||Zilla Parisad Dhenkanal||DHENKANAL (SADAR) Block,"Sadar Block,Dhenkanal",759001.0,1.0,"24,60,852",ANGADA KUMAR NAYAK,"2,460,852.403",Accepted-AOC,20-Jun-2026,Panchayati Raj and Drinking Water Department Odisha||Zilla Parisad Dhenkanal||DHENKANAL (SADAR) Block
2026_ORULB_126857_114,06/BGH- MUN/2025-26,Construction of CC Road at pichu dugri gali w.no-05,Construction of CC Road at pichu dugri gali w.no-05,Works,Open Tender,Percentage,Civil Works - Others,No,No,NA ,06-Mar-2026 04:00 PM,NA ,90.0,No ,No,Online,17-Mar-2026 11:00 AM,Municipal Bodies||Bargarh Municipal Council,Bargarh,768028.0,1.0,"8,00,000",Tarun Sharma,"563,731.499",Rejected-Finance,06-Jun-2026,Municipal Bodies||Bargarh Municipal Council
2026_PRBDO_127479_8,04/2025-26/DGN,"CONSTRUCTION OF ADDITIONAL CLASS ROOM BUILDING AT KANDHAPALI PRIMARY SCHOOL UNDER DEOGAON BLOCK (Civil, El) Composite Tender","CONSTRUCTION OF ADDITIONAL CLASS ROOM BUILDING AT KANDHAPALI PRIMARY SCHOOL UNDER DEOGAON BLOCK (Civil, El) Composite Tender",Works,Open Tender,Percentage,Civil Works - Buildings,No,No,NA ,23-Mar-2026 10:00 AM,NA ,90.0,No ,No,Online,09-Apr-2026 11:00 AM,Panchayati Raj and Drinking Water Department Odisha||Zilla Parisad Balangir||DEOGAON Block,DEOGAON,767029.0,2.0,"13,86,790",ADITYA DHARUA,"1,385,403",Accepted-AOC,20-Jun-2026,Panchayati Raj and Drinking Water Department Odisha||Zilla Parisad Balangir||DEOGAON Block
2026_ORULB_126552_14,06/PKDM-2025-26,"Improvement of Skating Track Near Gajapati Stadium, Ward No.15",Improvement of Skating Track work,Works,Open Tender,Percentage,Civil Works - Others,No,No,NA ,27-Feb-2026 10:00 AM,NA ,90.0,No ,No,Online,13-Mar-2026 11:00 AM,Municipal Bodies||Parlakhemundi Municipal Council,Paralakhemundi Municipality,761200.0,1.0,"8,48,670",DAIPA SABAR,"847,821",Rejected-AOC,08-Jun-2026,Municipal Bodies||Parlakhemundi Municipal Council
2026_OLIC_127841_30,BID ID NO. 10/Dt.04.04.2026,INSTALLATION AND ENERGISATION OF NAHADIPADA TW LI PROJECT,INSTALLATION AND ENERGISATION OF NAHADIPADA TW LI PROJECT,Works,Open Tender,Percentage,Civil Works - Lift Irrigation Schemes,No,No,NA ,08-Apr-2026 10:00 AM,NA ,365.0,No ,No,Online,22-Apr-2026 10:00 AM,"Orissa Lift Irrigation Corporation||LI,Central Circle, Cuttack||LI Division Cuttack",NAUGAON BLOCK,754001.0,1.0,"19,02,715",CHANDAN KUMAR SAHOO,"1,902,715",Accepted-AOC,22-Jun-2026,"Orissa Lift Irrigation Corporation||LI,Central Circle, Cuttack||LI Division Cuttack"
2026_OLIC_127841_18,BID ID NO. 10/Dt.04.04.2026,INSTALLATION AND ENERGISATION OF BAMBILO4 TW LI PROJECT,INSTALLATION AND ENERGISATION OF BAMBILO4 TW LI PROJECT,Works,Open Tender,Percentage,Civil Works - Lift Irrigation Schemes,No,No,NA ,08-Apr-2026 10:00 AM,NA ,365.0,No ,No,Online,22-Apr-2026 10:00 AM,"Orissa Lift Irrigation Corporation||LI,Central Circle, Cuttack||LI Division Cuttack",BIRIDI BLOCK,754001.0,1.0,"18,87,684",BHAGABAN PADHY,"1,887,684",Rejected-Technical,10-Jun-2026,"Orissa Lift Irrigation Corporation||LI,Central Circle, Cuttack||LI Division Cuttack"
2026_ORULB_126552_28,06/PKDM-2025-26,"Construction of Cover plate over drain and repair of road at Boxi Street, Karan St., Sai Nagar, Gopini St., Sana Odia Street, Ward No.10 and 11.",Construction of Cover plate over drain and repair of road work,Works,Open Tender,Percentage,Civil Works - Others,No,No,NA ,27-Feb-2026 10:00 AM,NA ,90.0,No ,No,Online,13-Mar-2026 11:00 AM,Municipal Bodies||Parlakhemundi Municipal Council,Paralakhemundi Municipality,761200.0,1.0,"87,470",SASMITA KUMARI DAS,"87,461",Accepted-AOC,08-Jun-2026,Municipal Bodies||Parlakhemundi Municipal Council
2026_WSDC_125738_1,04/2025-26 Dt.02.02.2026,"Design,supply,Cont,Ern,Comm with convty permission asper OERC guidelines for net metering of total aggregated capacity of 100KWP gridconnected solar rooftop powerplants including CAMC for a period of 7 years at diff build of 16MLD STP Matagajpur, ctc","Design,supply,Cont,Ern,Comm with convty permission asper OERC guidelines for net metering of total aggregated capacity of 100KWP gridconnected solar rooftop powerplants including CAMC for a period of 7 years at diff build of 16MLD STP Matagajpur, ctc",Works,Open Tender,Lump-sum,Civil Works - Water Works,No,No,NA ,09-Feb-2026 11:00 AM,NA ,120.0,No ,No,Online,27-Feb-2026 12:30 PM,WATCO Bhubaneswar||Director (Operation) Watco||WATCO Sewerage Division Cuttack,Cuttack,753004.0,2.0,"61,20,000",ALFA PROJECTS AND SERVICES PRIVATE LIMITED,"4,773,600",Rejected-AOC,17-Jun-2026,WATCO Bhubaneswar||Director (Operation) Watco||WATCO Sewerage Division Cuttack
2026_ORULB_127692_16,MC(CMC)CTC_Div-IIINo39/2025-26,Desilting of MSWC-I from Kalyani Nazar to Andarpur in Ward No.53.,Desilting of MSWC-I from Kalyani Nazar to Andarpur in Ward No.53.,Works,Open Tender,Percentage,Civil Works - Others,No,No,NA ,31-Mar-2026 11:00 AM,NA ,60.0,No ,No,Online,10-Apr-2026 10:00 AM,Municipal Bodies||Cuttack Municipal Corporation,CMC,753012.0,1.0,"34,48,302",ABHISHEK KARTIK RAY,"3,448,303.11",Rejected-AOC,29-Jun-2026,Municipal Bodies||Cuttack Municipal Corporation
2026_EICCL_127916_1,SE R and B Divn NoI Bam 1/2026-27,"Supply and fixing with complete installation of 80 KVA UPS at 2 nos of Central ICU Building of MKCG, MC and H, Berhampur.","Supply and fixing with complete installation of 80 KVA UPS at 2 nos of Central ICU Building of MKCG, MC and H, Berhampur.",Works,Open Tender,Percentage,Electrical Works,No,No,NA ,07-Apr-2026 04:30 PM,NA ,90.0,No ,No,Online,15-Apr-2026 11:30 AM,EIC-CIVIL||SERNB-CIRCLE-BERHAMPUR||EERNB-DIVN-GANJAM I,Berhampur,760005.0,1.0,"26,68,000",ANIL KUMAR SAHU,"2,054,627",Rejected-AOC,05-Jun-2026,EIC-CIVIL||SERNB-CIRCLE-BERHAMPUR||EERNB-DIVN-GANJAM I
2026_CERWI_126238_4,ONLINE TENDER / 10 /RWD-II/ 2025-26,SR to NH-224 to Kiriyalanji road for the year 2025-26,Road work,Works,Open Tender,Percentage,Civil Works - Roads,No,No,NA ,19-Feb-2026 11:00 AM,NA ,90.0,No ,No,Online,26-Feb-2026 05:30 PM,CE RW I||RWCIRCLE-BHUBANESWAR||RW Division Nayagarh-II,NAYAGARH,752069.0,1.0,"9,99,000",ABADHAN KANHAR,"699,762",Accepted-AOC,25-Jun-2026,CE RW I||RWCIRCLE-BHUBANESWAR||RW Division Nayagarh-II
2026_ORULB_126614_7,MC(CMC)CTC_Div-IINo.37/2025-26,Desilting of MSD from Level crossing to Nua Sahi Play Gound (Filed side) in Ward No.41.,Desilting of MSD from Level crossing to Nua Sahi Play Gound (Filed side) in Ward No.41.,Works,Open Tender,Percentage,Civil Works - Others,No,No,NA ,31-Mar-2026 11:00 AM,NA ,105.0,No ,No,Online,10-Apr-2026 10:00 AM,Municipal Bodies||Cuttack Municipal Corporation,CMC,753012.0,1.0,"8,00,375",AJIT KUMAR BEHERA,"800,375",Rejected-AOC,15-Jun-2026,Municipal Bodies||Cuttack Municipal Corporation
2026_OPEPA_129063_1,IFB-DPC SS KPT ACR 137/144 OF 2024-25,CONSTRUCTION OF 1 NO ADDITIONAL CLASS ROOM BUILDING AT SANAMATHUR PROJ PS OF BANDHUGAM BLOCK,CONSTRUCTION OF 1 NO ADDITIONAL CLASS ROOM BUILDING AT SANAMATHUR PROJ PS OF BANDHUGAM BLOCK,Works,Open Tender,Percentage,Civil Works - Buildings,No,No,NA ,11-May-2026 11:00 AM,NA ,90.0,No ,No,Online,26-May-2026 11:30 AM,OPEPA Bhubaneswar||Samagra Shiksha Koraput,SANAMATHUR PROJ PS OF BANDHUGAM BLOCK,764027.0,1.0,"14,36,686",JOSADA KHARA,"1,407,953",Rejected-Technical,09-Jun-2026,OPEPA Bhubaneswar||Samagra Shiksha Koraput
2026_RMC_128130_6,MC/RMC/25/2026,"Beautification and peripheral development of newly constructed AWC building at Panposh mini 1 and Kishan tola 1, Ward No. 4 and 5 under RMC Rourkela",Works,Works,Open Tender,Percentage,Civil Works - Others,No,No,NA ,15-Apr-2026 06:00 PM,NA ,90.0,No ,No,Online,30-Apr-2026 11:00 AM,Rourkela Municipal Corporation,Rourkela,769012.0,1.0,"8,48,000",ANIL BEHERA (S.C),"847,581.96",Rejected-Technical,20-Jun-2026,Rourkela Municipal Corporation
2026_PRBLO_128533_7,1/26-27/LSNG,REPAIR AND RENOVATION OF KGBV GIRLS HOSTEL (OLD) BUILDING AT LOISINGHA UPS,REPAIR AND RENOVATION OF KGBV GIRLS HOSTEL (OLD) BUILDING AT LOISINGHA UPS,Works,Open Tender,Percentage,Civil Works - Buildings,No,No,NA ,30-Apr-2026 10:00 AM,NA ,90.0,No ,No,Offline,15-May-2026 10:00 AM,Panchayati Raj and Drinking Water Department Odisha||Zilla Parisad Balangir||LOISINGA Block,loisingha,767020.0,1.0,"19,89,736",CHANDRAKANTA MISHRA,"1,989,736",Rejected-Technical,08-Jun-2026,Panchayati Raj and Drinking Water Department Odisha||Zilla Parisad Balangir||LOISINGA Block
2026_ORULB_126552_5,06/PKDM-2025-26,"Construction of Community Hall at Seri Madiga Street, Ward No.6",Construction of Community Hall work,Works,Open Tender,Percentage,Civil Works - Others,No,No,NA ,27-Feb-2026 10:00 AM,NA ,90.0,No ,No,Online,13-Mar-2026 11:00 AM,Municipal Bodies||Parlakhemundi Municipal Council,Paralakhemundi Municipality,761200.0,1.0,"4,23,658",SASMITA KUMARI DAS,"423,616",Accepted-AOC,08-Jun-2026,Municipal Bodies||Parlakhemundi Municipal Council
2026_CERWI_125016_4,OnlineTender/23/SERWDG-I/25-26,SR to Sandhamula Lachipur Via Talasara Road,SR to Sandhamula Lachipur Via Talasara Road,Works,National Competitive Bid,Percentage,Civil Works - Roads,No,No,NA ,23-Jan-2026 11:00 AM,NA ,90.0,No ,No,Online,02-Feb-2026 11:00 AM,CE RW I||RWCIRCLE-BERHAMPUR||RWDIVISION-GANJAM - I,Berhampur,760010.0,1.0,"18,49,000",AMARNATH DASH,"1,479,333",Rejected-AOC,04-Jun-2026,CE RW I||RWCIRCLE-BERHAMPUR||RWDIVISION-GANJAM - I
2026_ORULB_126653_13,PIPILI-NAC-6(17)/2025-26,Re-development of Biju Pattanik Children park in ward no-6,Re-development of Biju Pattanik Children park in ward no-6,Works,Open Tender,Percentage,Civil Works - Others,No,No,NA ,11-Mar-2026 12:00 PM,NA ,120.0,No ,No,Online,20-Mar-2026 11:00 AM,Municipal Bodies||Pipli NAC,Pipli NAC,752104.0,1.0,"10,00,000",Bharat Chandra Biswal,"665,456.87",Rejected-AOC,06-Jun-2026,Municipal Bodies||Pipli NAC
2026_CERWI_127380_1,RWDSE_MKG_II_ONLINE_23/2025-26,S/R to BM Road to MV-32 Road for the year 2025-26 (SDBC Work),"PAN CARD, GST, Contractor Registration, Affidavit etc.",Works,Open Tender,Percentage,Civil Works - Roads,No,No,NA ,18-Mar-2026 11:00 AM,NA ,90.0,No ,No,Online,24-Mar-2026 11:00 AM,CE RW I||RWCIRCLE-SUNABEDA||RWDIVISION-MALKANGIRI - II,Malkangiri,764045.0,1.0,"15,30,000",PINNITI SRINIVAS RAO,"1,529,608",Accepted-AOC,10-Jun-2026,CE RW I||RWCIRCLE-SUNABEDA||RWDIVISION-MALKANGIRI - II
2026_CERWI_128545_1,33 of 2025-26,Construction of 1 No. D type quarter Building at Bramhapura PHC under Banki block of Cuttack District for the year 2025-26.,Construction of 1 No. D type quarter Building at Bramhapura PHC under Banki block of Cuttack District for the year 2025-26.,Works,Open Tender,Percentage,Miscellaneous Works,No,No,NA ,28-Apr-2026 01:00 PM,NA ,90.0,No ,No,Online,12-May-2026 11:30 AM,CE RW I||RWCIRCLE-CUTTACK||RWDIVISION-CUTTACK-II,Cuttack,753004.0,1.0,"33,73,595",ABHINASH DALEI,"3,373,595",Rejected-AOC,08-Jun-2026,CE RW I||RWCIRCLE-CUTTACK||RWDIVISION-CUTTACK-II
2026_OMFED_129390_6,07 /MM/CFP/56/ 2026-2027/22,SUPPLY OF COMMON SALT AT RADHADAMODARPUR PLANT,SUPPLY OF COMMON SALT AT RADHADAMODARPUR PLANT,Goods,Open Tender,Item Rate,Miscellaneous Goods,No,No,NA ,18-May-2026 10:00 AM,NA ,60.0,No ,No,Online,01-Jun-2026 02:00 PM,Odisha State Co. Milk Producers Federation Ltd.,RADHADAMODARPUR,754029.0,1.0,"17,00,00,000",MARINE INTERNATIONAL,"479,200",Accepted-AOC,11-Jun-2026,Odisha State Co. Milk Producers Federation Ltd.
2026_EICCL_126765_1,S.E. (R and B) - 31/2025-26/NGP,Shifting of Electrical Poles - Widening and Strengthening of Impvorment of Deobandha to Chandahandi Via Fatki Road from 0/00 Km to 22/00 Km in the District of Nabarangpur for the year 2025-26,ELECTRICAL WORKS,Works,Open Tender,Percentage,Electrical Works,No,No,NA ,28-Feb-2026 11:00 AM,NA ,90.0,No ,No,Online,10-Mar-2026 11:00 AM,EIC-CIVIL||SERNB-CIRCLE-JEYPORE||EERNB Division Nabarangpur,Chandahandi,764077.0,1.0,"38,21,049",CHANDAN NAYAK,"3,820,667",Accepted-AOC,02-Jun-2026,EIC-CIVIL||SERNB-CIRCLE-JEYPORE||EERNB Division Nabarangpur
2026_OMFED_129390_7,07 /MM/CFP/56/ 2026-2027/22,SUPPLY OF CALCITE POWDER AT RADHADAMODARPUR PLANT,SUPPLY OF CALCITE POWDER AT RADHADAMODARPUR PLANT,Goods,Open Tender,Item Rate,Miscellaneous Goods,No,No,NA ,18-May-2026 10:00 AM,NA ,60.0,No ,No,Online,01-Jun-2026 02:00 PM,Odisha State Co. Milk Producers Federation Ltd.,RADHADAMODARPUR,754029.0,1.0,"17,00,00,000",M/S. MAMATA TRADERS,"356,000",Accepted-AOC,11-Jun-2026,Odisha State Co. Milk Producers Federation Ltd.
2026_OLIC_124367_16,Bid Id No. 08/Dt. 07.01.2026,INSTALLATION AND ENERGISATION OF PRAHARAJPUR-I TW LI PROJECT,INSTALLATION AND ENERGISATION OF PRAHARAJPUR-I TW LI PROJECT,Works,Open Tender,Percentage,Civil Works - Lift Irrigation Schemes,No,No,NA ,12-Jan-2026 10:00 AM,NA ,365.0,No ,No,Online,28-Jan-2026 10:00 AM,"Orissa Lift Irrigation Corporation||LI,Central Circle, Cuttack||LI Division Cuttack",CUTTACK SADAR BLOCK,754001.0,1.0,"19,00,863",Arif Ali Khan,"1,900,863",Accepted-AOC,11-Jun-2026,"Orissa Lift Irrigation Corporation||LI,Central Circle, Cuttack||LI Division Cuttack"
2026_EICCL_128021_1,SERNBKHR - 24 /2025-26,"Construction of Boundary wall for Ekalavya Model Residential School,Nuapada","Construction of Boundary wall for Ekalavya Model Residential School,Nuapada",Works,National Competitive Bid,Percentage,Civil Works - Buildings,No,No,NA ,10-Apr-2026 10:00 AM,NA ,90.0,No ,No,Online,21-Apr-2026 11:00 AM,EIC-CIVIL||SERNB-CIRCLE-BOLANGIR||EERNB-DIVISION-KHARIAR,Nuapada,766105.0,1.0,"8,79,223",ALIA KHAN,"878,343.9",Rejected-AOC,12-May-2026,EIC-CIVIL||SERNB-CIRCLE-BOLANGIR||EERNB-DIVISION-KHARIAR
2026_PHEO_126262_1,36 OF 2025-26,Supply of ISI marked D.I. Pipes (DI-K-7 and K-9) for the work - Construction of CWR for receiving 8 MLD treated water from Mega project of RWSS and necessary allied works at Talcher town under State Action Plan 2024-25,Supply of ISI marked D.I. Pipes (DI-K-7 and K-9) for the work - Construction of CWR for receiving 8 MLD treated water from Mega project of RWSS and necessary allied works at Talcher town under State Action Plan 2024-25,Works,Open Tender,Item Rate,Civil Works - Water Works,No,No,NA ,19-Feb-2026 09:00 AM,NA ,120.0,No ,No,Online,06-Mar-2026 11:00 AM,PHEO||SEPH-CIRCLE-CUTTACK||PH Division Angul,ANGUL,759122.0,2.0,"1,57,63,000",Electrosteel Castings Limited,"11,819,638",Rejected-AOC,01-Jun-2026,PHEO||SEPH-CIRCLE-CUTTACK||PH Division Angul
2026_ORULB_126552_4,06/PKDM-2025-26,"Improvement of Utkala Hotasini building, Bhandari Sahi Ward No.4",Improvement of Utkala Hotasini building,Works,Open Tender,Percentage,Civil Works - Others,No,No,NA ,27-Feb-2026 10:00 AM,NA ,90.0,No ,No,Online,13-Mar-2026 11:00 AM,Municipal Bodies||Parlakhemundi Municipal Council,Paralakhemundi Municipality,761200.0,1.0,"8,49,083",HARIS CHANDRA NAYAK,"840,592",Rejected-Technical,08-Jun-2026,Municipal Bodies||Parlakhemundi Municipal Council
2026_PRBLO_128533_6,1/26-27/LSNG,CONSTRUCTION OF ADD. CLASS ROOM AT BISALPALI NUPS,CONSTRUCTION OF ADD. CLASS ROOM AT BISALPALI NUPS,Works,Open Tender,Percentage,Civil Works - Buildings,No,No,NA ,30-Apr-2026 10:00 AM,NA ,90.0,No ,No,Offline,15-May-2026 10:00 AM,Panchayati Raj and Drinking Water Department Odisha||Zilla Parisad Balangir||LOISINGA Block,loisingha,767020.0,1.0,"13,28,494",CHANDRAKANTA MISHRA,"1,328,494",Rejected-Technical,08-Jun-2026,Panchayati Raj and Drinking Water Department Odisha||Zilla Parisad Balangir||LOISINGA Block
2026_ORULB_125204_9,BSP_2026-27_03,Open space Devlopment in front of Samal sahi AWC in ward no.20,Open space Devlopment in front of Samal sahi AWC in ward no.20,Works,Open Tender,Percentage,Civil Works - Others,No,No,NA ,01-Feb-2026 10:00 AM,NA ,90.0,No ,No,Online,11-Feb-2026 11:00 AM,Municipal Bodies||Basudevpur Municipality,Basudevpur Municipality,756125.0,1.0,"6,29,692",Bijay Kumar Nayak,"542,417",Accepted-AOC,10-Jun-2026,Municipal Bodies||Basudevpur Municipality
2026_EICCL_127897_1,S.E. (R and B) - 32/2025-26/NGP,Shifting of Electrical Poles Improvement of Kodinga to Chatahandi Road from 0/00 Km to 19/611 Km in the Dist. of Nabarangpur,Shifting of Electrical Pole,Works,Open Tender,Percentage,Electrical Works,No,No,NA ,07-Apr-2026 12:00 PM,NA ,90.0,No ,No,Online,16-Apr-2026 11:00 AM,EIC-CIVIL||SERNB-CIRCLE-JEYPORE||EERNB Division Nabarangpur,Nabarangapur,764059.0,1.0,"39,83,748",CHANDAN NAYAK,"3,551,511",Rejected-Finance,12-Jun-2026,EIC-CIVIL||SERNB-CIRCLE-JEYPORE||EERNB Division Nabarangpur
2026_EICCL_126440_1,IFB-SE PWD BGH No.25 OF 2025-26,S/R TO DUSMILE CHOWK TO MACHHIMURA ROAD FROM CH 0/000 KM TO 2/100 KM AND 3/500 TO 6/600 KM SUCH AS POTHOLE REPAIR IN THE DISTRICT OF BARGARH FOR 2025-26,Road work,Works,Open Tender,Percentage,Civil Works - Roads,No,No,NA ,23-Feb-2026 11:00 AM,NA ,90.0,No ,No,Online,06-Mar-2026 11:30 AM,EIC-CIVIL||SERNB-CIRCLE-NORTHERN||EERNB-DIVN-BARGARH,Bargarh,768028.0,1.0,"18,42,784",GIRIJA SHANKAR DEBTA,"1,741,246",Rejected-Finance,05-Jun-2026,EIC-CIVIL||SERNB-CIRCLE-NORTHERN||EERNB-DIVN-BARGARH
2026_EICCL_126897_1,SE (RnB) KPD 24 / 2025-26,Shifting and re Construction of 33 KV line Aul Feeder LT line Guarding and 33/0.4 KV 250 KVA plinth mounted DSS without DTR for Construction SDH Pattamundai New in Kendrapara District for the year 2025 -26,Shifting and re Construction of 33 KV line Aul Feeder LT line Guarding and 33/0.4 KV 250 KVA plinth mounted DSS without DTR for Construction SDH Pattamundai New in Kendrapara District for the year 2025 -26,Works,Open Tender,Percentage,Electrical Works,No,No,NA ,06-Mar-2026 11:00 AM,NA ,90.0,No ,No,Online,17-Mar-2026 11:00 AM,EIC-CIVIL||SERNB-CIRCLE-CUTTACK||EERNB-DIVN-KENDRAPADA,Kendrapara,754211.0,1.0,"21,76,002",ABHISHEKA SARANGI,"1,805,864",Rejected-Technical,08-May-2026,EIC-CIVIL||SERNB-CIRCLE-CUTTACK||EERNB-DIVN-KENDRAPADA
2026_ORULB_125747_2,32/SMC_SBP/2025-26,Construction of Paver road from NH-55 to Sarbeswar Pattnaik house at Sri Satya sai Marg at Bhatra in ward no 37,Construction of Paver road from NH-55 to Sarbeswar Pattnaik house at Sri Satya sai Marg at Bhatra in ward no 37,Works,Open Tender,Percentage,Civil Works - Others,No,No,NA ,13-Feb-2026 11:00 AM,NA ,120.0,No ,No,Online,24-Feb-2026 11:00 AM,Municipal Bodies||Sambalpur Municipal Corporation,SAMBALPUR MUNICIPAL CORPORATION,768006.0,1.0,"12,68,835",JAYANTA KUMAR MEHER,"1,268,773.74",Accepted-AOC,04-Jun-2026,Municipal Bodies||Sambalpur Municipal Corporation
2026_WATCO_127345_1,WATCO (W)-29(01)/2025-26 Dtd.11.03.2026,Laying of sewer network for uncovered areas of Ward No-16 within Puri Municipality,Laying of sewer network for uncovered areas of Ward No-16 within Puri Municipality,Works,National Competitive Bid,Percentage,Civil Works - Water Works,No,No,NA ,18-Mar-2026 05:00 PM,NA ,120.0,No ,No,Online,15-Apr-2026 12:30 PM,WATCO Bhubaneswar,Puri,752001.0,2.0,"8,75,44,000",BALAJI SOLAR SYSTEMS,"69,597,574",Accepted-AOC,25-Jun-2026,WATCO Bhubaneswar
2026_ORULB_126552_29,06/PKDM-2025-26,"Construction of Cover plate over drain and repair of road at BB St. to Gopini St., Kampo Street, Municipality Colony, Kandra Street, main road, Durgamapeta Street, Ward No.12",Construction of Cover plate over drain and repair of road work,Works,Open Tender,Percentage,Civil Works - Others,No,No,NA ,27-Feb-2026 10:00 AM,NA ,90.0,No ,No,Online,13-Mar-2026 11:00 AM,Municipal Bodies||Parlakhemundi Municipal Council,Paralakhemundi Municipality,761200.0,1.0,"1,28,410",SANOJ KUMAR ADHIKARI,"128,282",Accepted-AOC,08-Jun-2026,Municipal Bodies||Parlakhemundi Municipal Council
2026_OLIC_127841_31,BID ID NO. 10/Dt.04.04.2026,INSTALLATION AND ENERGISATION OF NAHADIPADA II TW LI PROJECT,INSTALLATION AND ENERGISATION OF NAHADIPADA II TW LI PROJECT,Works,Open Tender,Percentage,Civil Works - Lift Irrigation Schemes,No,No,NA ,08-Apr-2026 10:00 AM,NA ,365.0,No ,No,Online,22-Apr-2026 10:00 AM,"Orissa Lift Irrigation Corporation||LI,Central Circle, Cuttack||LI Division Cuttack",NAUGAON BLOCK,754001.0,1.0,"19,11,664",CHANDAN KUMAR SAHOO,"1,911,664",Accepted-AOC,22-Jun-2026,"Orissa Lift Irrigation Corporation||LI,Central Circle, Cuttack||LI Division Cuttack"
2026_ORULB_126552_15,06/PKDM-2025-26,"Open Gym and Child equipment at Fire Station, Betaguda","Open Gym and Child equipment at Fire Station, Betaguda",Works,Open Tender,Percentage,Civil Works - Others,No,No,NA ,27-Feb-2026 10:00 AM,NA ,90.0,No ,No,Online,13-Mar-2026 11:00 AM,Municipal Bodies||Parlakhemundi Municipal Council,Paralakhemundi Municipality,761200.0,1.0,"2,70,504",SHRIRAM UTTAM,"270,504",Rejected-AOC,08-Jun-2026,Municipal Bodies||Parlakhemundi Municipal Council
2026_CERWI_125202_13,Online Tender17/SERW Division Boudh 2025-26,Construction of RI Office Cum Residence Building at Baragaon for the year 2024-25,Construction of RI Office Cum Residence Building at Baragaon for the year 2024-25,Works,Open Tender,Percentage,Civil Works - Buildings,No,No,NA ,30-Jan-2026 03:00 PM,NA ,90.0,No ,No,Online,11-Feb-2026 11:00 AM,CE RW I||RWCIRCLE-BERHAMPUR||RWDIVISION-BOUDH,O/o SERWDivision Boudh,762014.0,2.0,"63,41,006",Soumyajeet Karna,"6,334,665",Rejected-Finance,04-Jun-2026,CE RW I||RWCIRCLE-BERHAMPUR||RWDIVISION-BOUDH
2026_PRBDO_127479_9,04/2025-26/DGN,"CONSTRUCTION OF ADDITIONAL CLASS ROOM BUILDING AT MAHALEI UPPER PRIMARY SCHOOL UNDER DEOGAON BLOCK (Civil, El) Composite Tender","CONSTRUCTION OF ADDITIONAL CLASS ROOM BUILDING AT MAHALEI UPPER PRIMARY SCHOOL UNDER DEOGAON BLOCK (Civil, El) Composite Tender",Works,Open Tender,Percentage,Civil Works - Buildings,No,No,NA ,23-Mar-2026 10:00 AM,NA ,90.0,No ,No,Online,09-Apr-2026 11:00 AM,Panchayati Raj and Drinking Water Department Odisha||Zilla Parisad Balangir||DEOGAON Block,DEOGAON,767029.0,2.0,"15,36,663",ADITYA DHARUA,"1,535,126",Accepted-AOC,20-Jun-2026,Panchayati Raj and Drinking Water Department Odisha||Zilla Parisad Balangir||DEOGAON Block
2026_EICCL_128595_1,SERNBKHR - 02 /2026-27,"S/R to Circuit House at Nuapada, Such as providing inner and outer painting with Minor Repair for the year 2026-27","S/R to Circuit House at Nuapada, Such as providing inner and outer painting with Minor Repair for the year 2026-27",Works,National Competitive Bid,Percentage,Civil Works - Buildings,No,No,NA ,29-Apr-2026 10:00 AM,NA ,90.0,No ,No,Online,11-May-2026 11:00 AM,EIC-CIVIL||SERNB-CIRCLE-BOLANGIR||EERNB-DIVISION-KHARIAR,Nuapada,766105.0,1.0,"21,07,608",ABHIJIT SINGH THAKUR,"2,105,500.88",Rejected-AOC,03-Jun-2026,EIC-CIVIL||SERNB-CIRCLE-BOLANGIR||EERNB-DIVISION-KHARIAR
2026_CERWI_127169_9,Tender Online JJPR-II-09 of 2025-26,S/R to RD Road Madhusudanpur to Tarash for the year 2025-26,S/R to RD Road Madhusudanpur to Tarash for the year 2025-26,Works,Open Tender,Percentage,Civil Works - Roads,No,No,NA ,12-Mar-2026 10:00 AM,NA ,90.0,No ,No,Online,17-Mar-2026 05:30 PM,CE RW I||RWCIRCLE-KENDRAPARA||RW Division II-Jajpur,Jaraka,755050.0,1.0,"4,65,000",MADHULITA ROUTRAY,"464,694",Rejected-Finance,29-Mar-2026,CE RW I||RWCIRCLE-KENDRAPARA||RW Division II-Jajpur
2026_PRBDN_127333_9,DSB-03/2025-26,CONSTRUCTION OF GPLF BUILDING WITH MARKET COMPLEX AT GOVINDAPUR,CONSTRUCTION OF GPLF BUILDING WITH MARKET COMPLEX,Works,Open Tender,Percentage,Civil Works - Buildings,No,No,NA ,17-Mar-2026 10:00 AM,NA ,120.0,No ,No,Online,31-Mar-2026 11:00 AM,Panchayati Raj and Drinking Water Department Odisha||Zilla Parisad Dhenkanal||DHENKANAL (SADAR) Block,"Sadar Block,Dhenkanal",759001.0,1.0,"24,69,522",Anshuman Swain,"2,469,522.47",Rejected-AOC,05-Jun-2026,Panchayati Raj and Drinking Water Department Odisha||Zilla Parisad Dhenkanal||DHENKANAL (SADAR) Block
2026_CERWI_127223_6,Tender Online 22 JJPT of 2025-26,S/R to Mandarakhanda Chhaka to Babalpur via Bhanra Sasan Road for the Year 2025-26 in the Dist. of Jajpur,S/R to Mandarakhanda Chhaka to Babalpur via Bhanra Sasan Road for the Year 2025-26 in the Dist. of Jajpur,Works,Open Tender,Percentage,Civil Works - Roads,No,No,NA ,12-Mar-2026 04:00 PM,NA ,30.0,No ,No,Online,19-Mar-2026 11:30 AM,CE RW I||RWCIRCLE-KENDRAPARA||RWDIVISION I JAJPUR,JAJPUR,755007.0,1.0,"2,09,942",AKASH MALIK,"141,710.749",Accepted-AOC,30-Jun-2026,CE RW I||RWCIRCLE-KENDRAPARA||RWDIVISION I JAJPUR
2026_ORULB_125204_14,BSP_2026-27_03,Construction of paver road from MCC main road towards Susanta Behera house via- Mahendra Sahu house in ward no.5,Construction of paver road from MCC main road towards Susanta Behera house via- Mahendra Sahu house in ward no.5,Works,Open Tender,Percentage,Civil Works - Roads,No,No,NA ,01-Feb-2026 10:00 AM,NA ,90.0,No ,No,Online,11-Feb-2026 11:00 AM,Municipal Bodies||Basudevpur Municipality,Basudevpur Municipality,756125.0,1.0,"4,62,712",ANJALI PATRA,"431,340",Accepted-AOC,11-Jun-2026,Municipal Bodies||Basudevpur Municipality
2026_ORULB_126857_80,06/BGH- MUN/2025-26,Construction of CC Drain at Nigamananda Vihar gali no-05 w.no-01,Construction of CC Drain at Nigamananda Vihar gali no-05 w.no-01,Works,Open Tender,Percentage,Civil Works - Others,No,No,NA ,06-Mar-2026 04:00 PM,NA ,90.0,No ,No,Online,17-Mar-2026 11:00 AM,Municipal Bodies||Bargarh Municipal Council,Bargarh,768028.0,1.0,"2,09,422",AMIYA KUMAR DASH,"169,192.242",Accepted-AOC,03-Jun-2026,Municipal Bodies||Bargarh Municipal Council
2026_ORULB_126636_1,BMC-EE-Tender Cell-73/2025-26 Dt. 25.02.2026,Construction of one additional room in Community Centre at Prashanti Vihar in Ward No 01,Construction of one additional room in Community Centre at Prashanti Vihar in Ward No 01,Works,Open Tender,Percentage,Civil Works - Others,No,No,NA ,28-Feb-2026 10:30 AM,05-Mar-2026 04:00 PM ,120.0,No ,No,Online,12-Mar-2026 11:00 AM,Municipal Bodies||Bhubaneswar Municipal Corporation,BMC AREA,751022.0,1.0,"21,18,278",SAMBIT KUMAR PRADHAN,"2,498,318",Accepted-AOC,19-Jun-2026,Municipal Bodies||Bhubaneswar Municipal Corporation
2026_CERWI_125566_1,Road Tender Online-RWCSBP-29/2025-26,Bhaludunguri Palsanali to Ghutoberna road,Bhaludunguri Palsanali to Ghutoberna road,Works,Open Tender,Percentage,Civil Works - Roads,No,No,NA ,05-Feb-2026 01:00 PM,NA ,90.0,No ,No,Online,20-Feb-2026 11:00 AM,CE RW I||RWCIRCLE-SAMBALPUR,Bargarh,768028.0,2.0,"2,96,47,112",Nikhil Agrawal,"30,684,761",Rejected-Finance,01-Jun-2026,CE RW I||RWCIRCLE-SAMBALPUR
2026_ORULB_124740_11,ATH-NAC-04/2025-26,Repair of Cement Concrete Road from Ramakant Barik house towards Arakhita Pradhan house in w.no.17,Repair of Cement Concrete Road from Ramakant Barik house towards Arakhita Pradhan house in w.no.17,Works,Open Tender,Percentage,Civil Works - Roads,No,No,NA ,20-Jan-2026 11:00 AM,NA ,30.0,No ,No,Online,03-Feb-2026 11:00 AM,Municipal Bodies||Athgarh NAC,ATHGARH,754029.0,1.0,"2,63,758",M/S SHREE BALAJI INTERNATIONAL,"263,731.42",Accepted-AOC,25-Jun-2026,Municipal Bodies||Athgarh NAC
2026_ORULB_126907_5,BBLM-7/2025-26,"Construction of short lane from Patel Mahanta house to Mahura Mahanta house at Mahanta basti and short lane from Ram Yadav house to Mathura Kulbant house at Punjabi para, Ward No.7, Barbil Municipality","Construction of short lane from Patel Mahanta house to Mahura Mahanta house at Mahanta basti and short lane from Ram Yadav house to Mathura Kulbant house at Punjabi para, Ward No.7, Barbil Municipality",Works,Open Tender,Percentage,Civil Works - Others,No,No,NA ,09-Mar-2026 10:00 AM,NA ,90.0,No ,No,Online,20-Mar-2026 11:00 AM,Municipal Bodies||Barbil Municipality,Barbil,758035.0,2.0,"8,60,000",GOLEKHA BIHARI ORAM,"868,593",Accepted-AOC,03-Jun-2026,Municipal Bodies||Barbil Municipality
2026_CERWI_125004_8,CCE-BLS-NCB-51 of 2025-26,Construction of Road from Sanroutpada PMGSY road to Gobardhanpur RD road (a) Sanroutpada PMGSY road to Dingasole via Kasimpur (b) Gobardhan RD road to Dingasole Hatapada via Banga Adibasi Sahi in the District of Balasore under MMSY TRIP for the year,Construction of Road from Sanroutpada PMGSY road to Gobardhanpur RD road (a) Sanroutpada PMGSY road to Dingasole via Kasimpur (b) Gobardhan RD road to Dingasole Hatapada via Banga Adibasi Sahi in the District of Balasore under MMSY TRIP for the year,Works,National Competitive Bid,Percentage,Civil Works - Roads,No,No,NA ,23-Jan-2026 09:00 AM,NA ,90.0,No ,No,Online,09-Feb-2026 01:00 PM,CE RW I||RWCIRCLE-BALASORE,Balasore,756001.0,2.0,"4,55,75,000",BHAGABAN MOHALIK,"38,743,350",Accepted-AOC,25-Jun-2026,CE RW I||RWCIRCLE-BALASORE
2026_CERWI_126347_1,SERWDGH-Online-17 of 2025-26,Repair of E Type (Additional Tahasildar Quarter at Reamal Tahasil Office for the year 2025-26 in the district of Deogarh.,Building work,Works,Open Tender,Percentage,Civil Works - Buildings,No,No,NA ,20-Feb-2026 12:00 PM,NA ,90.0,No ,No,Online,26-Feb-2026 10:00 AM,CE RW I||RWCIRCLE-SAMBALPUR||RWDIVISION-DEOGARH,Deogarh,768119.0,1.0,"2,54,158",ANIL KUMAR SAHU,"180,452",Accepted-AOC,21-Jun-2026,CE RW I||RWCIRCLE-SAMBALPUR||RWDIVISION-DEOGARH
2026_ORULB_125854_1,04/VNM/2025-26,Construction of paver road in Twin Adibasi sahi in ward No-01.,Construction of paver road in Twin Adibasi sahi in ward No-01.,Works,Open Tender,Percentage,Civil Works - Roads,No,No,NA ,12-Feb-2026 11:00 AM,NA ,30.0,No ,No,Online,02-Mar-2026 11:00 AM,Municipal Bodies||Vyasanagar Municipality,vyasanagar municipality,755019.0,1.0,,CHANDAN KUMAR SAMAL,"255,248.31",Accepted-AOC,13-Jun-2026,Municipal Bodies||Vyasanagar Municipality
2026_PZPBC_128073_3,BMCK 01/2026-27,"Construction of G.S.S.K Building at Durgi , GP-Durgi","Construction of G.S.S.K Building at Durgi , GP-Durgi",Works,Open Tender,Percentage,Civil Works - Buildings,No,No,NA ,13-Apr-2026 11:00 AM,NA ,90.0,No ,No,Online,28-Apr-2026 11:00 AM,Panchayati Raj and Drinking Water Department Odisha||Zilla Parisad Rayagada||BISSAM CUTTACK Block,Durgi,765025.0,1.0,"21,80,564",AMAR PRASAD PATNAIK,"2,180,564",Rejected-Finance,12-Jun-2026,Panchayati Raj and Drinking Water Department Odisha||Zilla Parisad Rayagada||BISSAM CUTTACK Block
2026_STSCD_127876_11,BidIdentificationNo-01/2026-27,Construction of Bridge and CC road Bhudhikhamani to Sagjodi under Bisoi Block.,Construction of Bridge and CC road Bhudhikhamani to Sagjodi under Bisoi Block.,Works,Open Tender,Percentage,Civil Works - Bridges,No,No,NA ,07-Apr-2026 11:00 AM,NA ,90.0,No ,No,Online,22-Apr-2026 11:00 AM,ST and SC Development Deptt||ITDA Rairangpur,Bhudhikhamani to Sagjodi under Bisoi Block.,757033.0,1.0,"29,41,546",ABHISEK KUMAR MOHANTY,"2,926,838.27",Rejected-AOC,29-Jun-2026,ST and SC Development Deptt||ITDA Rairangpur
2026_ORULB_124590_12,BBLM-6/2025-26,"Construction of drain from Sabita Samal house to Krishna Biswakarma house, Ward No.5, Barbil","Construction of drain from Sabita Samal house to Krishna Biswakarma house, Ward No.5, Barbil",Works,Open Tender,Percentage,Civil Works - Others,No,No,NA ,20-Jan-2026 10:00 AM,NA ,90.0,No ,No,Online,04-Feb-2026 11:00 AM,Municipal Bodies||Barbil Municipality,Barbil,758035.0,2.0,"5,36,000",BIKRAM KUMAR MOHANTY,"561,693",Rejected-Finance,12-Jun-2026,Municipal Bodies||Barbil Municipality
2026_PRKMN_126860_1,E-Procurement Notice No.(PSKMN)03/2025-26vide letter no 1064 dt.26/2/26,Construction of AddI. Class Room at Chhindpani UGHS of Silva GP,Construction of AddI. Class Room at Chhindpani UGHS of Silva GP,Works,Open Tender,Percentage,Civil Works - Buildings,No,No,NA ,06-Mar-2026 10:00 AM,NA ,90.0,No ,No,Online,30-Mar-2026 11:00 AM,Panchayati Raj and Drinking Water Department Odisha||Zilla Parisad Nuapada||KOMNA Block,Komna,766106.0,1.0,"15,91,289",DEBASIS TANDI,"1,589,698",Rejected-AOC,21-Apr-2026,Panchayati Raj and Drinking Water Department Odisha||Zilla Parisad Nuapada||KOMNA Block
2026_PRNPA_124184_10,e-procurement Notice No.(PSNPD)01/2025-26 vide letter no.03 dt.01/01/2026,Construction of Additional class room at mahatamtora UGHS bhainsatal,Construction of Additional class room at mahatamtora UGHS bhainsata,Works,Open Tender,Percentage,Civil Works - Buildings,No,No,NA ,05-Jan-2026 10:00 AM,NA ,90.0,No ,No,Online,21-Jan-2026 11:00 AM,Panchayati Raj and Drinking Water Department Odisha||Zilla Parisad Nuapada||NUAPADA Block,Nuapada,766105.0,1.0,"16,42,339",BIKASH KUMAR PANDA,"1,396,152",Rejected-Finance,13-May-2026,Panchayati Raj and Drinking Water Department Odisha||Zilla Parisad Nuapada||NUAPADA Block
2026_EICCL_124219_1,SE RandB BDK-30/2025-26-5,"Supply and Installation of 63 KVA Transformer at Skill Development centre, Charampa Bhadrak","Supply and Installation of 63 KVA Transformer at Skill Development centre, Charampa Bhadrak",Works,Open Tender,Percentage,Electrical Works,No,No,NA ,05-Jan-2026 06:00 PM,NA ,90.0,No ,No,Online,13-Jan-2026 11:30 AM,EIC-CIVIL||SERNB-CIRCLE-EASTERN||EERNB-DIVN-BHADRAK,Bhadrak,756100.0,1.0,,BHARAT SETHI,"562,284",Rejected-Finance,18-Jun-2026,EIC-CIVIL||SERNB-CIRCLE-EASTERN||EERNB-DIVN-BHADRAK
2026_ORULB_124786_5,BMC-EE-Tender Cell-64/2025-26 Dt. 17.01.2026,Renovation of Baula Gadia Gym in Ward No. 54,Renovation of Baula Gadia Gym in Ward No. 54,Works,Open Tender,Percentage,Civil Works - Others,No,No,NA ,20-Jan-2026 10:30 AM,27-Jan-2026 04:30 PM ,120.0,No ,No,Online,03-Feb-2026 11:00 AM,Municipal Bodies||Bhubaneswar Municipal Corporation,BMC AREA,751022.0,1.0,"23,47,850",GAGAN KUMAR ROUT,"2,770,463",Rejected-Finance,05-Jun-2026,Municipal Bodies||Bhubaneswar Municipal Corporation
2026_STSCD_127577_2,ITDA (T)-07 / 2025-26,"CONSTRUCTION OF BOUNDRY WALL WITH GATE AT COMPOSITE URBAN HOSTEL,IN DEOGARH MUNICIPALITY","CONSTRUCTION OF BOUNDRY WALL WITH GATE AT COMPOSITE URBAN HOSTEL,IN DEOGARH MUNICIPALITY",Works,Open Tender,Percentage,Civil Works - Others,No,No,NA ,25-Mar-2026 10:00 AM,NA ,90.0,No ,No,Online,09-Apr-2026 10:00 AM,ST and SC Development Deptt||ITDA Tileibani,Urbran Hostel Deogarh Municipality,768119.0,1.0,"16,68,612",HEMANTA KUMAR GUPTA,"1,195,728.61",Rejected-AOC,12-Jun-2026,ST and SC Development Deptt||ITDA Tileibani
2026_ORULB_124740_3,ATH-NAC-04/2025-26,Construction of RCC slab for covering the Drain from Dhalia Dutta house to Maa Tareni Verity store in wno 05,Construction of RCC slab for covering the Drain from Dhalia Dutta house to Maa Tareni Verity store in wno 05,Works,Open Tender,Percentage,Civil Works - Canal,No,No,NA ,20-Jan-2026 11:00 AM,NA ,30.0,No ,No,Online,03-Feb-2026 11:00 AM,Municipal Bodies||Athgarh NAC,ATHGARH,754029.0,1.0,"1,83,152",AJAYA KUMAR ROUT,"183,198.48",Rejected-AOC,11-Jun-2026,Municipal Bodies||Athgarh NAC
2026_CERWI_124917_1,Road tender online RWCSBP-29 of 25-26,Construction of road from PWD road to Rengalpali,Construction of road from PWD road to Rengalpali,Works,Open Tender,Percentage,Civil Works - Roads,No,No,NA ,21-Jan-2026 11:00 AM,NA ,90.0,No ,No,Online,30-Jan-2026 11:00 AM,CE RW I||RWCIRCLE-SAMBALPUR,Sambalpur,768001.0,2.0,"3,69,71,068",DHANESWAR SAHU,"28,615,507",Accepted-AOC,01-Jun-2026,CE RW I||RWCIRCLE-SAMBALPUR
2026_HUDD_126500_1,RFP-02,Selection of agency to provide Consultancy Service for Establishment and Operationalisation of State Level Technical Cell SLTC and City Level Technical Cell CLTC under Pradhan Mantri Awas Yojana-Urban 2.0 in Odisha,Selection of agency to provide Consultancy Service for Establishment and Operationalisation of State Level Technical Cell SLTC and City Level Technical Cell CLTC under Pradhan Mantri Awas Yojana-Urban 2.0 in Odisha,Services,Open Tender,Item Rate,Consultancy Services,No,No,NA ,23-Feb-2026 06:00 PM,NA ,120.0,No ,No,Online,06-Mar-2026 12:30 PM,Housing and Urban Development Department,OUHM Keshari Nagar Bhubaneswar,751001.0,2.0,,ARKITECHNO Consultants (India) Pvt. Ltd.,"65,880,000",Rejected-AOC,30-Jun-2026,Housing and Urban Development Department
2026_ORULB_126398_5,DKL MPLTY/10 /2025-26,Development of Non-Veg Market,AS PER DTCN,Works,Open Tender,Percentage,Civil Works - Others,No,No,NA ,23-Feb-2026 11:00 AM,NA ,120.0,No ,No,Online,06-Mar-2026 11:00 AM,Municipal Bodies||Dhenkanal Municipality,Dhenkanal,759001.0,1.0,,BISWAJIT MANSINGH,"661,261",Rejected-Finance,05-Jun-2026,Municipal Bodies||Dhenkanal Municipality
2026_ORULB_126678_19,37/SMC_SBP/2025-26,Construction of Road and Drain from Kunu Dandpat Res to Susanta Acharya Res at Samaleswar Nagar in WNo.06,Construction of Road and Drain from Kunu Dandpat Res to Susanta Acharya Res at Samaleswar Nagar in WNo.06,Works,Open Tender,Percentage,Civil Works - Others,No,No,NA ,06-Mar-2026 11:00 AM,NA ,120.0,No ,No,Online,17-Mar-2026 11:00 AM,Municipal Bodies||Sambalpur Municipal Corporation,Sambalpur Municipal Corporation,768006.0,1.0,"16,93,400",BINOD KUMAR SAHU,"1,693,376",Rejected-Technical,05-Jun-2026,Municipal Bodies||Sambalpur Municipal Corporation
2026_CERWI_126980_4,RWDSE_MKG_II_21/2025-26/SE,S/R to KP Road to Sangal Road for the year 2025-26,"PAN CARD, GST, Contractor Registraction, Affidevit etc",Works,Open Tender,Percentage,Civil Works - Roads,No,No,NA ,07-Mar-2026 04:30 PM,NA ,90.0,No ,No,Online,16-Mar-2026 11:00 AM,CE RW I||RWCIRCLE-SUNABEDA||RWDIVISION-MALKANGIRI - II,Malkangiri,764045.0,1.0,"20,86,000",ANANTA MANDAL,"1,230,710",Rejected-AOC,10-Jun-2026,CE RW I||RWCIRCLE-SUNABEDA||RWDIVISION-MALKANGIRI - II
2026_ORULB_128479_1,EO/BRMP/01/2026-27,Improvement of crematorium site (compound wall east side) w.no-1 at Biramitrapur Municipality.,Improvement of crematorium site (compound wall east side) w.no-1 at Biramitrapur Municipality.,Works,Open Tender,Percentage,Civil Works - Others,No,No,NA ,28-Apr-2026 10:00 AM,NA ,180.0,No ,No,Online,11-May-2026 11:30 AM,Municipal Bodies||Birmitrapur Municipality,BIRMITRAPUR,770033.0,1.0,"10,68,921",ABDUL QAIYUM ANSARI,"1,068,921.36",Rejected-AOC,23-Jun-2026,Municipal Bodies||Birmitrapur Municipality
2026_ORULB_128276_21,03/BGH- MUN/2026-27,Repairing of pot hole cc road from SBM club to reserve police/dumping yard w.no-15,Repairing of pot hole cc road from SBM club to reserve police/dumping yard w.no-15,Works,Open Tender,Percentage,Civil Works - Others,No,No,NA ,21-Apr-2026 01:00 PM,NA ,90.0,No ,No,Online,29-Apr-2026 11:00 AM,Municipal Bodies||Bargarh Municipal Council,Bargarh,768028.0,1.0,"7,00,000",RANJAN SETH,"592,816.565",Rejected-Finance,10-Jun-2026,Municipal Bodies||Bargarh Municipal Council
2026_CERWI_125465_1,Road tender Online-RWCSBP-29/2025-26,Construction of road from Amlipali to Paharsirgida road,Construction of road from Amlipali to Paharsirgida road,Works,Open Tender,Percentage,Civil Works - Roads,No,No,NA ,03-Feb-2026 02:00 PM,NA ,90.0,No ,No,Online,20-Feb-2026 11:00 AM,CE RW I||RWCIRCLE-SAMBALPUR,Bargarh,768028.0,2.0,"2,98,38,624",M/S SRI OMI INFRA,"30,882,976",Rejected-Finance,29-Jun-2026,CE RW I||RWCIRCLE-SAMBALPUR
2026_KPRIP_128092_3,"SE,KRC AND BD-01(2026-27)","Construction of boundary wall of Community Centre along with Slab to Existing Drain and Approach road to community centre, anganwadi Centre and post Office at Dhoblabeda (Daduan) R and R Colony for the DPs of village Daduan of KIP","Construction of boundary wall of Community Centre along with Slab to Existing Drain and Approach road to community centre, anganwadi Centre and post Office at Dhoblabeda (Daduan) R and R Colony for the DPs of village Daduan of KIP",Works,National Competitive Bid,Percentage,Civil Works - Buildings,No,No,NA ,13-Apr-2026 10:00 AM,NA ,90.0,No ,No,Online,23-Apr-2026 11:00 AM,Kanupur Irrigation Project||CCE-Kanupur||Kanupur R C AND B,SE Kanupur Reh. C and B Division Basudevpur,758047.0,1.0,"22,43,090",DAYANIDHI PATRA,"1,783,256",Rejected-AOC,10-Jun-2026,Kanupur Irrigation Project||CCE-Kanupur||Kanupur R C AND B
2026_EICCL_126762_1,S.E. (R and B) - 31/2025-26/NGP,"Const. of 11 KV Line with 55 mm2 AAAC and Installation of 1X100 KVA 11/0.4 KV DP Mounted Sub-Station for Providing Power Supply to Automobile Workshop at Govt. Polytechnic Building, Ngp for 2025-26","Const. of 11 KV Line with 55 mm2 AAAC and Installation of 1X100 KVA 11/0.4 KV DP Mounted Sub-Station for Providing Power Supply to Automobile Workshop at Govt. Polytechnic Building, Ngp for 2025-26",Works,Open Tender,Percentage,Electrical Works,No,No,NA ,28-Feb-2026 11:00 AM,NA ,90.0,No ,No,Online,10-Mar-2026 11:00 AM,EIC-CIVIL||SERNB-CIRCLE-JEYPORE||EERNB Division Nabarangpur,Nabarangapur,764059.0,1.0,"6,04,936",CHANDAN NAYAK,"604,875",Accepted-AOC,02-Jun-2026,EIC-CIVIL||SERNB-CIRCLE-JEYPORE||EERNB Division Nabarangpur
2026_CERWI_128542_1,33 of 2025-26,Construction of 1 No. D type quarter Building at Gurudijhatia PHC under Athagarh block of Cuttack District for the year 2025-26.,Construction of 1 No. D type quarter Building at Gurudijhatia PHC under Athagarh block of Cuttack District for the year 2025-26.,Works,Open Tender,Percentage,Miscellaneous Works,No,No,NA ,28-Apr-2026 01:00 PM,NA ,90.0,No ,No,Online,12-May-2026 11:30 AM,CE RW I||RWCIRCLE-CUTTACK||RWDIVISION-CUTTACK-II,Cuttack,753004.0,1.0,"33,72,970",ADARSA BISWAL,"3,200,948",Rejected-AOC,18-Jun-2026,CE RW I||RWCIRCLE-CUTTACK||RWDIVISION-CUTTACK-II
2026_PRBDN_127333_13,DSB-03/2025-26,"CONSTRUCTION OF ADDITIONAL CLASSROOM AT GOVT. PS,GURJANGA,GENGUTIA",CONSTRUCTION OF ADDITIONAL CLASSROOM,Works,Open Tender,Percentage,Civil Works - Buildings,No,No,NA ,17-Mar-2026 10:00 AM,NA ,120.0,No ,No,Online,31-Mar-2026 11:00 AM,Panchayati Raj and Drinking Water Department Odisha||Zilla Parisad Dhenkanal||DHENKANAL (SADAR) Block,"Sadar Block,Dhenkanal",759001.0,1.0,"14,90,025",ANGADA KUMAR NAYAK,"1,490,025.668",Rejected-AOC,20-Jun-2026,Panchayati Raj and Drinking Water Department Odisha||Zilla Parisad Dhenkanal||DHENKANAL (SADAR) Block
2026_ORULB_127700_8,MC(CMC)CTC_Div-I_No.27/2025-26,Desilting of MSWC-1 from S. B. Womens Hostel to Sutahat Lengidi polo in Ward No. 15.,Desilting of MSWC-1 from S. B. Womens Hostel to Sutahat Lengidi polo in Ward No. 15.,Works,Open Tender,Percentage,Civil Works - Others,No,No,NA ,31-Mar-2026 03:00 PM,NA ,90.0,No ,No,Online,10-Apr-2026 11:00 AM,Municipal Bodies||Cuttack Municipal Corporation,CMC,753012.0,1.0,"5,05,900",chandra sekhar behera,"505,861",Rejected-AOC,24-Jun-2026,Municipal Bodies||Cuttack Municipal Corporation
2026_EICCL_125595_1,RGD 22 25-26,S/R to Town Police station building at Rayagada,S/R to Town Police station building at Rayagada,Works,Open Tender,Percentage,Civil Works - Buildings,No,No,NA ,06-Feb-2026 11:00 AM,NA ,90.0,No ,No,Online,17-Feb-2026 11:30 AM,EIC-CIVIL||SERNB-CIRCLE-RAYAGADA||EERNB DIVN RAYAGADA I,Rayagada,765001.0,1.0,"3,39,224",BABULA KHOSHLA,"339,223.522",Rejected-AOC,30-Mar-2026,EIC-CIVIL||SERNB-CIRCLE-RAYAGADA||EERNB DIVN RAYAGADA I
2026_PRBDN_127333_12,DSB-03/2025-26,CONSTRUCTION OF NON RESIDENTIAL BUILDING AT BLOCK HEAD QUARTER,CONSTRUCTION OF NON RESIDENTIAL BUILDING AT BLOCK OFFICE,Works,Open Tender,Percentage,Civil Works - Buildings,No,No,NA ,17-Mar-2026 10:00 AM,NA ,120.0,No ,No,Online,31-Mar-2026 11:00 AM,Panchayati Raj and Drinking Water Department Odisha||Zilla Parisad Dhenkanal||DHENKANAL (SADAR) Block,"Sadar Block,Dhenkanal",759001.0,1.0,"25,18,373",JYOTIRANJAN DAS,"2,518,373.972",Rejected-AOC,20-Jun-2026,Panchayati Raj and Drinking Water Department Odisha||Zilla Parisad Dhenkanal||DHENKANAL (SADAR) Block
2026_ORULB_127692_2,MC(CMC)CTC_Div-IIINo39/2025-26,"Desilting of MSWC-II from Nua Bazar culvert to Divine Nagar via Sidheswar Chack MSD Nayabazar culvert to Potapokhari Market complex, R.D.Office to Netaji Filed at Nayabazar and Binayak Nagar to Netaji field in Ward No.43.","Desilting of MSWC-II from Nua Bazar culvert to Divine Nagar via Sidheswar Chack MSD Nayabazar culvert to Potapokhari Market complex, R.D.Office to Netaji Filed at Nayabazar and Binayak Nagar to Netaji field in Ward No.43.",Works,Open Tender,Percentage,Civil Works - Others,No,No,NA ,31-Mar-2026 11:00 AM,NA ,60.0,No ,No,Online,10-Apr-2026 10:00 AM,Municipal Bodies||Cuttack Municipal Corporation,CMC,753012.0,1.0,"13,37,287",CHANDRA SEKHAR SAHOO,"1,337,287",Rejected-AOC,15-Jun-2026,Municipal Bodies||Cuttack Municipal Corporation
2026_ORULB_127649_1,MC(CMC)CTC_Div-I_No.26/2025-26,Construction of C.C. road from Giri Dhari Senapati house to Maheswar Behera house in Ward No. 1.,Construction of C.C. road from Giri Dhari Senapati house to Maheswar Behera house in Ward No. 1.,Works,Open Tender,Percentage,Civil Works - Others,No,No,NA ,30-Mar-2026 03:00 PM,NA ,90.0,No ,No,Online,13-Apr-2026 11:00 AM,Municipal Bodies||Cuttack Municipal Corporation,CMC,753012.0,1.0,"4,62,500",ABINASH BASTIA,"462,408",Rejected-AOC,24-Jun-2026,Municipal Bodies||Cuttack Municipal Corporation
2026_EICCL_126935_1,SE (RnB) KPD 25 / 2025-26,Construction of 1st floor Four Additional RCC Classrooms Building at M.N High School Pattamundai for the year 2025-26.,Construction of 1st floor Four Additional RCC Classrooms Building at M.N High School Pattamundai for the year 2025-26.,Works,Open Tender,Percentage,Civil Works - Buildings,No,No,NA ,07-Mar-2026 11:00 AM,NA ,90.0,No ,No,Online,24-Mar-2026 11:00 AM,EIC-CIVIL||SERNB-CIRCLE-CUTTACK||EERNB-DIVN-KENDRAPADA,Kendrapara,754211.0,2.0,"51,53,130",DEBABRATA TRIPATHY,"4,195,678",Rejected-Finance,27-May-2026,EIC-CIVIL||SERNB-CIRCLE-CUTTACK||EERNB-DIVN-KENDRAPADA
2026_EICCL_127074_6,SE R and B Divn. No.I BAM 63/2025-26,"S/R to I.T.I college , pochilima at hinjilicut such as construction of compund wall in premises of boys hostel building","S/R to I.T.I college , pochilima at hinjilicut such as construction of compund wall in premises of boys hostel building",Works,Open Tender,Percentage,Civil Works - Roads,No,No,NA ,09-Mar-2026 06:00 PM,NA ,90.0,No ,No,Online,17-Mar-2026 11:30 AM,EIC-CIVIL||SERNB-CIRCLE-BERHAMPUR||EERNB-DIVN-GANJAM I,Berhampur,760005.0,1.0,"39,72,651",BAPINI SETHY,"2,661,676",Rejected-AOC,03-Jun-2026,EIC-CIVIL||SERNB-CIRCLE-BERHAMPUR||EERNB-DIVN-GANJAM I
2026_ORULB_128276_20,03/BGH- MUN/2026-27,Repairing of pot hole from Mana bandh to panchyat college road w.no-03,Repairing of pot hole from Mana bandh to panchyat college road w.no-03,Works,Open Tender,Percentage,Civil Works - Others,No,No,NA ,21-Apr-2026 01:00 PM,NA ,90.0,No ,No,Online,29-Apr-2026 11:00 AM,Municipal Bodies||Bargarh Municipal Council,Bargarh,768028.0,1.0,"2,50,000",MAMATA AGRAWAL,"211,184.367",Accepted-AOC,26-Jun-2026,Municipal Bodies||Bargarh Municipal Council
2026_CERWI_126980_5,RWDSE_MKG_II_21/2025-26/SE,S/R to MV-30 to MV-29 Road for the year 2025-26,"PAN CARD, GST, Contractor Registraction, Affidevit etc",Works,Open Tender,Percentage,Civil Works - Roads,No,No,NA ,07-Mar-2026 04:30 PM,NA ,90.0,No ,No,Online,16-Mar-2026 11:00 AM,CE RW I||RWCIRCLE-SUNABEDA||RWDIVISION-MALKANGIRI - II,Malkangiri,764045.0,1.0,"3,47,000",Sujata Sarkar,"290,864",Accepted-AOC,13-Jun-2026,CE RW I||RWCIRCLE-SUNABEDA||RWDIVISION-MALKANGIRI - II
2026_CERWI_127084_2,RWDRRP-34/25-26,Construction of block public health unit (BPHU) building at Bahalda CHC under Bahalda block for the year 24-25,Construction of block public health unit (BPHU) building at Bahalda CHC under Bahalda block for the year 24-25,Works,Open Tender,Percentage,Civil Works - Buildings,No,No,NA ,10-Mar-2026 11:00 AM,NA ,90.0,No ,No,Online,25-Mar-2026 11:30 AM,CE RW I||RWCIRCLE-BARIPADA||RW Division Rairangpur,Rairangpur,757043.0,2.0,"67,46,878",ABHISEK KUMAR MOHANTY,"6,713,144",Rejected-AOC,10-Jun-2026,CE RW I||RWCIRCLE-BARIPADA||RW Division Rairangpur
2026_PRDAS_127178_1,Tender Online 03 Dasarathpur of 2025-26,CONSTRUCTION OF OFFICE BUILDING AND 50MT GODOWN BUILDING OF KAMARDIHI PACS UNDER DASARATHPUR BLOCK,CONSTRUCTION OF OFFICE BUILDING AND 50MT GODOWN BUILDING OF KAMARDIHI PACS UNDER DASARATHPUR BLOCK,Works,Open Tender,Percentage,Civil Works - Buildings,No,No,NA ,16-Mar-2026 10:00 AM,NA ,90.0,No ,No,Online,26-Mar-2026 11:00 AM,Panchayati Raj and Drinking Water Department Odisha||Zilla Parisad Jajpur||DASARATHAPUR Block,Dasatathpur,755006.0,1.0,"25,82,347",ARUNA JENA,"2,008,549.48",Accepted-AOC,23-Jun-2026,Panchayati Raj and Drinking Water Department Odisha||Zilla Parisad Jajpur||DASARATHAPUR Block
2026_RWSS_127811_4,RWSS_MKG_ONLINE_10 of 2025-26,"Supplying all materials, labour, T and P,construction of 11KV 3Ph 400 volt external Power Supply and 3-phase service connection to RWSS point at NUATEKPADAR under Chitrakonda Block with testing, commissioning and handing over to TPSODL","Supplying all materials, labour, T and P,construction of 11KV 3Ph 400 volt external Power Supply and 3-phase service connection to RWSS point at NUATEKPADAR under Chitrakonda Block with testing, commissioning and handing over to TPSODL",Works,National Competitive Bid,Percentage,Electrical Works,No,No,NA ,04-Apr-2026 09:00 AM,NA ,120.0,No ,No,Online,15-Apr-2026 11:00 AM,Rural Water Supply and Sanitation||RWSS Circle Koraput||RWSS Division Malkangiri,RWSS DIVISION MALKANGIRI,764048.0,1.0,"5,32,121",ASISH KUMAR PATTNAIK,"473,588",Rejected-AOC,25-Jun-2026,Rural Water Supply and Sanitation||RWSS Circle Koraput||RWSS Division Malkangiri
2026_ORULB_126678_18,37/SMC_SBP/2025-26,Construction of Road and Drain from Lakhan Kirana Road to Main Road Centreline in WNo.05,Construction of Road and Drain from Lakhan Kirana Road to Main Road Centreline in WNo.05,Works,Open Tender,Percentage,Civil Works - Others,No,No,NA ,06-Mar-2026 11:00 AM,NA ,120.0,No ,No,Online,17-Mar-2026 11:00 AM,Municipal Bodies||Sambalpur Municipal Corporation,Sambalpur Municipal Corporation,768006.0,1.0,"12,69,428",HARI OM MAHAKAAL CONSTRUCTION AND ORDER SUPPLY,"1,269,421.29",Rejected-Technical,05-Jun-2026,Municipal Bodies||Sambalpur Municipal Corporation
2026_ORULB_126398_4,DKL MPLTY/10 /2025-26,R M to Kalyan Mandap,AS PER DTCN,Works,Open Tender,Percentage,Civil Works - Others,No,No,NA ,23-Feb-2026 11:00 AM,NA ,120.0,No ,No,Online,06-Mar-2026 11:00 AM,Municipal Bodies||Dhenkanal Municipality,Dhenkanal,759001.0,1.0,,Ajoy Kumar Baisak,"1,017,102",Rejected-Finance,05-Jun-2026,Municipal Bodies||Dhenkanal Municipality
2026_ORULB_124740_2,ATH-NAC-04/2025-26,Construction of RCC slab for covering the drain from Satar Babu house to Mominee Babu house in wno 04,Construction of RCC slab for covering the drain from Satar Babu house to Mominee Babu house in wno 04,Works,Open Tender,Percentage,Civil Works - Canal,No,No,NA ,20-Jan-2026 11:00 AM,NA ,30.0,No ,No,Online,03-Feb-2026 11:00 AM,Municipal Bodies||Athgarh NAC,ATHGARH,754029.0,1.0,"1,69,070",AJAYA KUMAR ROUT,"169,098.73",Accepted-AOC,18-Jun-2026,Municipal Bodies||Athgarh NAC
2026_ORULB_128191_1,4/SMC_SBP/2026-27,"Development of Samsanghat near Telimunda, Wno. 02 under SMC, Sambalpur.","Development of Samsanghat near Telimunda, Wno. 02 under SMC, Sambalpur.",Works,Open Tender,Percentage,Civil Works - Others,No,No,NA ,21-Apr-2026 11:00 AM,NA ,120.0,No ,No,Online,01-May-2026 11:00 AM,Municipal Bodies||Sambalpur Municipal Corporation,SAMBALPUR MUNICIPAL CORPORATION,768006.0,1.0,"25,41,869",BANCHHANIDHI MISHRA,"2,541,869.66",Rejected-Technical,16-Jun-2026,Municipal Bodies||Sambalpur Municipal Corporation
2026_STSCD_127577_3,ITDA (T)-07 / 2025-26,"REPAIR AND RENOVATION OF BOYS HOSTEL AT EMRS KALAMATI, BANIAKILINDA G.P IN TILEIBANI BLOCK","REPAIR AND RENOVATION OF BOYS HOSTEL AT EMRS KALAMATI, BANIAKILINDA G.P IN TILEIBANI BLOCK",Works,Open Tender,Percentage,Civil Works - Others,No,No,NA ,25-Mar-2026 10:00 AM,NA ,90.0,No ,No,Online,09-Apr-2026 10:00 AM,ST and SC Development Deptt||ITDA Tileibani,"EMRS Kalamati, Deogarh",768108.0,1.0,"17,74,024",BISWAPRAKASH SAHU,"1,153,293.25",Rejected-AOC,22-May-2026,ST and SC Development Deptt||ITDA Tileibani
2026_OLIC_127841_43,BID ID NO. 10/Dt.04.04.2026,INSTALLATION AND ENERGISATION OF RAGHUNATHPUR V TW LI PROJECT,INSTALLATION AND ENERGISATION OF RAGHUNATHPUR V TW LI PROJECT,Works,Open Tender,Percentage,Civil Works - Lift Irrigation Schemes,No,No,NA ,08-Apr-2026 10:00 AM,NA ,365.0,No ,No,Online,22-Apr-2026 10:00 AM,"Orissa Lift Irrigation Corporation||LI,Central Circle, Cuttack||LI Division Cuttack",TIRTOL BLOCK,754001.0,1.0,"18,89,954",NIRUPAMA BEHERA,"1,889,954",Rejected-Technical,08-Jun-2026,"Orissa Lift Irrigation Corporation||LI,Central Circle, Cuttack||LI Division Cuttack"
2026_OCAPL_128881_1,OCPL/SER-232/2026,"Supply, Installation, Testing and Commissioning of Earth Leakage Relays at OCPL",Supply Installation Testing and Commissioning of Earth Leakage Relays at Odisha Coal and Power Limited Sundargarh Odisha,Works,Open Tender,Item Rate,Electrical Works,No,No,NA ,07-May-2026 03:00 PM,NA ,180.0,No ,No,Both(Online/Offline),19-May-2026 03:30 PM,Odisha Coal and Power Limited,"Sanghumuda, Hemgir, Sundargarh, Odisha.",752104.0,2.0,,MEGHA ENTERPRISES,"1,678,965",Accepted-AOC,24-Jun-2026,Odisha Coal and Power Limited
2026_ORULB_126636_29,BMC-EE-Tender Cell-73/2025-26 Dt. 25.02.2026,Peripheral Development of Kukuteswar Water body in ward no. 53,Peripheral Development of Kukuteswar Water body in ward no. 53,Works,Open Tender,Percentage,Civil Works - Others,No,No,NA ,28-Feb-2026 10:30 AM,05-Mar-2026 04:00 PM ,120.0,No ,No,Online,12-Mar-2026 11:00 AM,Municipal Bodies||Bhubaneswar Municipal Corporation,BMC AREA,751022.0,1.0,"30,74,288",SUVRANSU KUMAR ROUT,"3,659,880",Rejected-Finance,01-Jun-2026,Municipal Bodies||Bhubaneswar Municipal Corporation
2026_ORULB_128333_7,MC(CMC)CTC_Div-I_No.1/2026-27,Construction of Paver Block road Manoj Kumar Gochhi to Lakhaman Nayak res at Kathajodi Slum in Ward No. 4.,Construction of Paver Block road Manoj Kumar Gochhi to Lakhaman Nayak res at Kathajodi Slum in Ward No. 4.,Works,Open Tender,Percentage,Civil Works - Others,No,No,NA ,23-Apr-2026 01:00 PM,NA ,90.0,No ,No,Online,07-May-2026 11:00 AM,Municipal Bodies||Cuttack Municipal Corporation,CMC,753012.0,1.0,"4,40,500",ARPITA MOHANTY,"440,463",Rejected-AOC,26-Jun-2026,Municipal Bodies||Cuttack Municipal Corporation
2026_ORULB_126636_15,BMC-EE-Tender Cell-73/2025-26 Dt. 25.02.2026,Improvement of road from Gopal Enclave to Akhandalmani Chhak in Ward No. 39,Improvement of road from Gopal Enclave to Akhandalmani Chhak in Ward No. 39,Works,Open Tender,Percentage,Civil Works - Roads,No,No,NA ,28-Feb-2026 10:30 AM,05-Mar-2026 04:00 PM ,120.0,No ,No,Online,12-Mar-2026 11:00 AM,Municipal Bodies||Bhubaneswar Municipal Corporation,BMC AREA,751022.0,1.0,"16,94,380",RANJIT SING,"1,739,651",Rejected-Finance,23-Jun-2026,Municipal Bodies||Bhubaneswar Municipal Corporation
2026_EICCL_124510_1,RNBRGD192025 26,Up-gradation and renovation of Urban PHC -1 (Building) under 2nd phase AMA Hospital initiative at Rayagada for the year 2025-26,Up-gradation and renovation of Urban PHC -1 (Building) under 2nd phase AMA Hospital initiative at Rayagada for the year 2025-26,Works,Open Tender,Percentage,Civil Works - Buildings,No,No,NA ,13-Jan-2026 01:00 PM,NA ,90.0,No ,No,Online,27-Jan-2026 11:30 AM,EIC-CIVIL||SERNB-CIRCLE-RAYAGADA||EERNB DIVN RAYAGADA I,Rayagada,765001.0,2.0,"62,84,874",AMAR KUMAR SAHU,"6,278,589.025",Rejected-Technical,02-Jun-2026,EIC-CIVIL||SERNB-CIRCLE-RAYAGADA||EERNB DIVN RAYAGADA I
2026_CERWI_125402_10,Tender Online 16 JJPT of 2025-26,Construction of Sub Centre building at Mala Andapur under Jajpur Block for the year 2025-26,Construction of Sub Centre building at Mala Andapur under Jajpur Block for the year 2025-26,Works,Open Tender,Percentage,Civil Works - Buildings,No,No,NA ,02-Feb-2026 04:55 PM,NA ,90.0,No ,No,Online,10-Feb-2026 11:30 AM,CE RW I||RWCIRCLE-KENDRAPARA||RWDIVISION I JAJPUR,JAJPUR,755007.0,1.0,"40,19,695",M/S AYUSH ENGINEERING,"3,139,381.97",Rejected-AOC,30-Jun-2026,CE RW I||RWCIRCLE-KENDRAPARA||RWDIVISION I JAJPUR
2026_STSCD_127876_10,BidIdentificationNo-01/2026-27,Construction of Road and Bridge at Badhuakacha to Saranda road under Bijatala Block.,Construction of Road and Bridge at Badhuakacha to Saranda road under Bijatala Block.,Works,Open Tender,Percentage,Civil Works - Roads,No,No,NA ,07-Apr-2026 11:00 AM,NA ,90.0,No ,No,Online,22-Apr-2026 11:00 AM,ST and SC Development Deptt||ITDA Rairangpur,Badhuakacha to Saranda road,757048.0,1.0,"58,83,034",Surendra Nath Tudu,"5,853,618.83",Rejected-AOC,26-Jun-2026,ST and SC Development Deptt||ITDA Rairangpur
2026_PZPBC_128073_2,BMCK 01/2026-27,"Construction of G.S.S.K Building at Dukum , GP-Dukum","Construction of G.S.S.K Building at Dukum , GP-Dukum",Works,Open Tender,Percentage,Civil Works - Buildings,No,No,NA ,13-Apr-2026 11:00 AM,NA ,90.0,No ,No,Online,28-Apr-2026 11:00 AM,Panchayati Raj and Drinking Water Department Odisha||Zilla Parisad Rayagada||BISSAM CUTTACK Block,Dukum,765025.0,1.0,"21,80,564",Akhyaya Kumar Sahu,"2,180,564",Rejected-Finance,12-Jun-2026,Panchayati Raj and Drinking Water Department Odisha||Zilla Parisad Rayagada||BISSAM CUTTACK Block
2026_EICCL_127348_6,IFB-SE PWD-26 OF 2025-26,"Construction of Partico, Staircase and Ramp for Workshop Building at Govt. Polytechnic Bargarh for the year 2025-26",BUILDING WORK (CIVIL AND EI),Works,Open Tender,Percentage,Civil Works - Buildings,No,No,NA ,17-Mar-2026 03:00 PM,NA ,90.0,No ,No,Online,26-Mar-2026 11:30 AM,EIC-CIVIL||SERNB-CIRCLE-NORTHERN||EERNB-DIVN-BARGARH,BHATLI,768030.0,2.0,"30,04,504",KAMAL LOCHAN NAIK,"2,701,049",Accepted-AOC,05-Jun-2026,EIC-CIVIL||SERNB-CIRCLE-NORTHERN||EERNB-DIVN-BARGARH
2026_ORULB_126857_25,06/BGH- MUN/2025-26,Construction of CC Road and drain cover slab from canal to meher house w.no-16,Construction of CC Road and drain cover slab from canal to meher house w.no-16,Works,Open Tender,Percentage,Civil Works - Others,No,No,NA ,06-Mar-2026 04:00 PM,NA ,90.0,No ,No,Online,17-Mar-2026 11:00 AM,Municipal Bodies||Bargarh Municipal Council,Bargarh,768028.0,1.0,"19,00,016",RANJAN SETH,"1,288,094.333",Rejected-Finance,06-Jun-2026,Municipal Bodies||Bargarh Municipal Council
2026_CERWI_125004_9,CCE-BLS-NCB-51 of 2025-26,Construction of Road from Rajnagar Pradhan road to Salman Adia via Simanta College to Makidia Road in the District of Balasore under MMSY TRIP for the year 25-26,Construction of Road from Rajnagar Pradhan road to Salman Adia via Simanta College to Makidia Road in the District of Balasore under MMSY TRIP for the year 25-26,Works,National Competitive Bid,Percentage,Civil Works - Roads,No,No,NA ,23-Jan-2026 09:00 AM,NA ,90.0,No ,No,Online,09-Feb-2026 01:00 PM,CE RW I||RWCIRCLE-BALASORE,Balasore,756001.0,2.0,"3,53,08,000",Sujay Kumar Karan,"30,015,488.72",Rejected-AOC,18-Jun-2026,CE RW I||RWCIRCLE-BALASORE
2026_CERWI_128396_1,TENDERONLINEDNAYAGARH022526,Construction work of Neelamadhab Mahavidyalaya building at Kantilo for the year 2025-26,Construction work of Neelamadhab Mahavidyalaya building at Kantilo for the year 2025-26,Works,Open Tender,Percentage,Civil Works - Buildings,No,No,NA ,23-Apr-2026 02:30 PM,NA ,90.0,No ,No,Online,05-May-2026 11:00 AM,CE RW I||RWCIRCLE-BHUBANESWAR||RWDIVISION-NAYAGARH,Nayagarh,752070.0,1.0,"22,34,665",BISWANATH SETHI,"1,676,222",Rejected-AOC,10-Jun-2026,CE RW I||RWCIRCLE-BHUBANESWAR||RWDIVISION-NAYAGARH
2026_CERWI_126652_1,Road Online DKL-20/2025-26,S/R to Kankadahad PWD road to Majhisahi Road under AMP for the year 2025-26,S/R to Kankadahad PWD road to Majhisahi Road under AMP for the year 2025-26,Works,Open Tender,Percentage,Civil Works - Roads,No,No,NA ,25-Feb-2026 06:50 PM,NA ,90.0,No ,No,Online,05-Mar-2026 05:00 PM,CE RW I||RWCIRCLE-ANGUL||RWDIVISION-DHENKANAL,Dhenkanal,759001.0,1.0,"14,98,000",ANGADA KUMAR NAYAK,"1,485,436",Rejected-Finance,05-Jun-2026,CE RW I||RWCIRCLE-ANGUL||RWDIVISION-DHENKANAL
2026_ORULB_125854_56,04/VNM/2025-26,Construction of a community centre near Krishna Bihar Colony in ward no-21,Construction of a community centre near Krishna Bihar Colony in ward no-21,Works,Open Tender,Percentage,Civil Works - Buildings,No,No,NA ,12-Feb-2026 11:00 AM,NA ,30.0,No ,No,Online,02-Mar-2026 11:00 AM,Municipal Bodies||Vyasanagar Municipality,vyasanagar municipality,755019.0,1.0,"5,49,623",CHANDAN KUMAR SAMAL,"549,348.36",Accepted-AOC,13-Jun-2026,Municipal Bodies||Vyasanagar Municipality
2026_OSPHW_127259_6,29/OPHWC/2025-26,"Construction of Atal Bus Stand (C-Type) at Silda under Morada Block, Mayurbhanj",Building Work,Works,National Competitive Bid,Percentage,Civil Works - Buildings,No,No,NA ,13-Mar-2026 06:55 PM,NA ,90.0,No ,No,Online,02-Apr-2026 10:30 AM,Orissa State Police Housing and Welfare Corporation Ltd,Mayurbhanj,751022.0,2.0,"10,47,66,236",Ananta Kumar Das,"90,842,803",Rejected-Technical,05-Jun-2026,Orissa State Police Housing and Welfare Corporation Ltd
2026_OSPHW_127737_11,31/OPHWC/2025-26,Construction of 2 Nos. E Type Qtr. (Splus2 with Stilt Floor) for Inspector and Sub-Inspector of Dist. Excise Mobile Unit at Gajapati,Building Work,Works,National Competitive Bid,Percentage,Civil Works - Buildings,No,No,NA ,02-Apr-2026 06:55 PM,NA ,90.0,No ,No,Online,17-Apr-2026 10:30 AM,Orissa State Police Housing and Welfare Corporation Ltd,Gajapati,751022.0,2.0,"77,82,770","APAARINDER SINGH BATTH,PROP.-AKAL CONSTRUCTION","6,374,867",Rejected-Finance,25-Jun-2026,Orissa State Police Housing and Welfare Corporation Ltd
2026_EICCL_124928_13,RC(RANDB) RGD NO. II/ 19 /2025-26,Special Repair and renovation of 5 nos staff Qr. Of Sub-Treasury office at Gunupur during 2025-26,Building Work,Works,Open Tender,Percentage,Civil Works - Buildings,No,No,NA ,22-Jan-2026 11:00 AM,NA ,90.0,No ,No,Online,30-Jan-2026 11:00 AM,EIC-CIVIL||SERNB-CIRCLE-RAYAGADA||EERNB-DIVN-RAYAGADA NEW,Gunupur,765022.0,1.0,"7,17,635",ADYASHA POWER SOLUTIONS,"717,635",Rejected-AOC,03-Jun-2026,EIC-CIVIL||SERNB-CIRCLE-RAYAGADA||EERNB-DIVN-RAYAGADA NEW
2026_CERWI_126652_3,Road Online DKL-20/2025-26,S/R to Babandha Ganjara Road under AMP for the year 2025-26,S/R to Babandha Ganjara Road under AMP for the year 2025-26,Works,Open Tender,Percentage,Civil Works - Roads,No,No,NA ,25-Feb-2026 06:55 PM,NA ,90.0,No ,No,Online,05-Mar-2026 05:00 PM,CE RW I||RWCIRCLE-ANGUL||RWDIVISION-DHENKANAL,Dhenkanal,759001.0,1.0,"15,25,000",Amulya Kumar Majhi,"1,512,388",Rejected-Finance,04-Jun-2026,CE RW I||RWCIRCLE-ANGUL||RWDIVISION-DHENKANAL
2026_CERWI_126347_2,SERWDGH-Online-17 of 2025-26,Repair of E Type (Clerical Quarter at Reamal Tahasil Office for the year 2025-26 in the district of Deogarh.,Building work,Works,Open Tender,Percentage,Civil Works - Buildings,No,No,NA ,20-Feb-2026 12:00 PM,NA ,90.0,No ,No,Online,26-Feb-2026 10:00 AM,CE RW I||RWCIRCLE-SAMBALPUR||RWDIVISION-DEOGARH,Deogarh,768119.0,1.0,"2,54,189",Anand traders,"180,475",Rejected-AOC,21-Jun-2026,CE RW I||RWCIRCLE-SAMBALPUR||RWDIVISION-DEOGARH
2026_ORULB_126857_33,06/BGH- MUN/2025-26,Construction of hanuman mandir Community center at nili bandh pada w.no-02,Construction of hanuman mandir Community center at nili bandh pada w.no-02,Works,Open Tender,Percentage,Civil Works - Others,No,No,NA ,06-Mar-2026 04:00 PM,NA ,90.0,No ,No,Online,17-Mar-2026 11:00 AM,Municipal Bodies||Bargarh Municipal Council,Bargarh,768028.0,1.0,"10,00,000",HRUSIKESH MEHER,"762,889.961",Rejected-Finance,06-Jun-2026,Municipal Bodies||Bargarh Municipal Council
2026_ORULB_128122_18,03/SMC_SBP/2026-27,"Construction of Kalyan Mandap at Ainlapali, Khandual ward No-36","Construction of Kalyan Mandap at Ainlapali, Khandual ward No-36",Works,Open Tender,Percentage,Civil Works - Others,No,No,NA ,18-Apr-2026 11:00 AM,NA ,120.0,No ,No,Online,28-Apr-2026 11:00 AM,Municipal Bodies||Sambalpur Municipal Corporation,SAMBALPUR MUNICIPAL CORPORATION,768004.0,1.0,"29,64,896",AJIT PADHIARY,"2,964,896.98",Rejected-Technical,25-Jun-2026,Municipal Bodies||Sambalpur Municipal Corporation
2026_ORULB_126857_27,06/BGH- MUN/2025-26,"Const of Cc road and drain slab from Bihari house to Bagarti house, W.No.-16","Const of Cc road and drain slab from Bihari house to Bagarti house, W.No.-16",Works,Open Tender,Percentage,Civil Works - Others,No,No,NA ,06-Mar-2026 04:00 PM,NA ,90.0,No ,No,Online,17-Mar-2026 11:00 AM,Municipal Bodies||Bargarh Municipal Council,Bargarh,768028.0,1.0,"19,00,016",RANJAN SETH,"1,288,094.333",Accepted-AOC,09-Jun-2026,Municipal Bodies||Bargarh Municipal Council
2026_STSCD_127876_12,BidIdentificationNo-01/2026-27,Construction of Culvert at Rehelagoda Kapilash Shamsundar Nalla under Kusumi Block.,Construction of Culvert at Rehelagoda Kapilash Shamsundar Nalla under Kusumi Block.,Works,Open Tender,Percentage,Civil Works - Roads,No,No,NA ,07-Apr-2026 11:00 AM,NA ,90.0,No ,No,Online,22-Apr-2026 11:00 AM,ST and SC Development Deptt||ITDA Rairangpur,Rehelagoda Kapilash Shamsundar Nalla,757050.0,1.0,"16,81,262",AMIT KUMAR MOHAKUD,"1,672,855.69",Rejected-AOC,29-Jun-2026,ST and SC Development Deptt||ITDA Rairangpur
2026_ORULB_125854_2,04/VNM/2025-26,Construction of paver road in Pokhari Hatting Sahi in ward No-01.,Construction of paver road in Pokhari Hatting Sahi in ward No-01.,Works,Open Tender,Percentage,Civil Works - Roads,No,No,NA ,12-Feb-2026 11:00 AM,NA ,30.0,No ,No,Online,02-Mar-2026 11:00 AM,Municipal Bodies||Vyasanagar Municipality,vyasanagar municipality,755019.0,1.0,,CHANDAN KUMAR SAMAL,"255,248.31",Accepted-AOC,13-Jun-2026,Municipal Bodies||Vyasanagar Municipality
2026_ORULB_128333_5,MC(CMC)CTC_Div-I_No.1/2026-27,Construction of Paver Block road from Ring Road to Bharat Mata Mandira at Kathajodi Slum in Ward No. 4.,Construction of Paver Block road from Ring Road to Bharat Mata Mandira at Kathajodi Slum in Ward No. 4.,Works,Open Tender,Percentage,Civil Works - Others,No,No,NA ,23-Apr-2026 01:00 PM,NA ,90.0,No ,No,Online,07-May-2026 11:00 AM,Municipal Bodies||Cuttack Municipal Corporation,CMC,753012.0,1.0,"4,87,600",ARPITA MOHANTY,"487,606",Rejected-AOC,25-Jun-2026,Municipal Bodies||Cuttack Municipal Corporation
2026_PRBCN_128753_9,Tender Online 01 Badachana of 2026-27,DEVELOPEMENT OF PLAYGROUND AT BELA BANA PADIA Barada,DEVELOPEMENT OF PLAYGROUND AT BELA BANA PADIA Barada,Works,Open Tender,Percentage,Civil Works - Buildings,No,No,NA ,06-May-2026 10:00 AM,NA ,90.0,No ,No,Online,21-May-2026 11:00 AM,Panchayati Raj and Drinking Water Department Odisha||Zilla Parisad Jajpur||BADCHANA Block,Badachana,754296.0,1.0,"25,04,755",AMINA CHARAN NAYAK,"2,504,755.38",Rejected-Technical,12-Jun-2026,Panchayati Raj and Drinking Water Department Odisha||Zilla Parisad Jajpur||BADCHANA Block
2026_ORULB_125949_2,BMC-EE-Tender Cell-71/2025-26 dt. 11.02.2026,Construction of Internal Roads at Rangamatia and Gadakana in Ward No. 09,Construction of Internal Roads at Rangamatia and Gadakana in Ward No. 09,Works,Open Tender,Percentage,Civil Works - Roads,No,No,NA ,14-Feb-2026 10:30 AM,21-Feb-2026 03:30 PM ,120.0,No ,No,Online,02-Mar-2026 03:30 PM,Municipal Bodies||Bhubaneswar Municipal Corporation,BMC AREA,751022.0,2.0,"1,27,10,934",BIBHABASU HARICHANDAN,"12,749,067",Rejected-Finance,19-Jun-2026,Municipal Bodies||Bhubaneswar Municipal Corporation
2026_PRKMN_126860_2,E-Procurement Notice No.(PSKMN)03/2025-26vide letter no 1064 dt.26/2/26,Shifting and Construction of Sandibahali UP school,Shifting and Construction of Sandibahali UP school,Works,Open Tender,Percentage,Civil Works - Buildings,No,No,NA ,06-Mar-2026 10:00 AM,NA ,90.0,No ,No,Online,30-Mar-2026 11:00 AM,Panchayati Raj and Drinking Water Department Odisha||Zilla Parisad Nuapada||KOMNA Block,Komna,766106.0,1.0,"20,21,418",MD NOUMAAN RAZA KHAN,"2,019,397",Rejected-AOC,22-Apr-2026,Panchayati Raj and Drinking Water Department Odisha||Zilla Parisad Nuapada||KOMNA Block
2026_ORULB_127071_10,KSNG-NAC-06/2025-26,REPAIR OF ROAD DRAIN AND COVER SLAB FROM SANANDA SETH HOUSE UP TO KODAPADA IN WARD NO 01,REPAIR OF ROAD DRAIN AND COVER SLAB FROM SANANDA SETH HOUSE UP TO KODAPADA IN WARD NO 01,Works,Open Tender,Percentage,Civil Works - Roads,No,No,NA ,10-Mar-2026 10:00 AM,NA ,90.0,No ,No,Online,23-Mar-2026 11:00 AM,Municipal Bodies||Kesinga NAC,KESINGA NAC,766012.0,1.0,"2,54,622",GOBARDHAN SIKA,"254,367.38",Rejected-Technical,05-Jun-2026,Municipal Bodies||Kesinga NAC
2026_STSCD_127577_1,ITDA (T)-07 / 2025-26,"CONSTRUCTION OF ADDITIONAL CLASS ROOM AT KALIAPAL ASHRAM SCHOOL, IN BARKOTE BLOCK","CONSTRUCTION OF ADDITIONAL CLASS ROOM AT KALIAPAL ASHRAM SCHOOL, IN BARKOTE BLOCK",Works,Open Tender,Percentage,Civil Works - Buildings,No,No,NA ,25-Mar-2026 10:00 AM,NA ,90.0,No ,No,Online,09-Apr-2026 10:00 AM,ST and SC Development Deptt||ITDA Tileibani,Ashram School Kaliapal of Barkote Block,768110.0,1.0,"47,69,477",KALPANA KISAN,"3,491,734.1",Rejected-AOC,22-May-2026,ST and SC Development Deptt||ITDA Tileibani
2026_ORULB_127155_11,BMC-EE-Tender Cell-78/2025-26 Dt. 10.03.2026,"Restoration of Road and Drain from MIG-47 towards Sasaswati Sishu Vidya Mandir, Barabari in Ward No. 63","Restoration of Road and Drain from MIG-47 towards Sasaswati Sishu Vidya Mandir, Barabari in Ward No. 63",Works,Open Tender,Percentage,Civil Works - Others,No,No,NA ,13-Mar-2026 10:30 AM,18-Mar-2026 03:30 PM ,120.0,No ,No,Online,25-Mar-2026 11:00 AM,Municipal Bodies||Bhubaneswar Municipal Corporation,BMC AREA,751022.0,1.0,"42,37,048",BHABANI SANKAR MALLIA,"3,750,287",Rejected-Finance,23-Jun-2026,Municipal Bodies||Bhubaneswar Municipal Corporation
2026_SERIF_128440_2,VI-13(10)/SERIFED/2025-26/606,Artist Painting in front House (Darji Sahi) Toilet Drinking Water and Meeting Room inside Society at Existing Pipili Applique Pipili Puri,Artist Painting in front House (Darji Sahi) Toilet Drinking Water and Meeting Room inside Society at Existing Pipili Applique Pipili Puri,Works,Open Tender,Percentage,Civil Works - Others,No,No,NA ,30-Apr-2026 10:00 AM,NA ,90.0,No ,No,Online,06-May-2026 11:30 AM,Odisha Cooperative Tasar and Silk Federation LTD,"Pipili, Puri",752104.0,1.0,,JYOTI RANJAN BEHERA,"2,284,292",Rejected-AOC,24-Jun-2026,Odisha Cooperative Tasar and Silk Federation LTD
2026_ORULB_128479_2,EO/BRMP/01/2026-27,Improvement of crematorium site (compound wall west side) w.no-1 at Biramitrapur Municipality.,Improvement of crematorium site (compound wall west side) w.no-1 at Biramitrapur Municipality.,Works,Open Tender,Percentage,Civil Works - Others,No,No,NA ,28-Apr-2026 10:00 AM,NA ,180.0,No ,No,Online,11-May-2026 11:30 AM,Municipal Bodies||Birmitrapur Municipality,BIRMITRAPUR,770033.0,1.0,"14,11,422",ABDUL QAIYUM ANSARI,"1,411,422.32",Rejected-AOC,24-Jun-2026,Municipal Bodies||Birmitrapur Municipality
2026_PRDAS_127178_3,Tender Online 03 Dasarathpur of 2025-26,CONSTRUCTION OF OFFICE BUILDING AND 50MT GODOWN BUILDING OF AKARPADA PACS UNDER DASARATHPUR BLOCK,CONSTRUCTION OF OFFICE BUILDING AND 50MT GODOWN BUILDING OF AKARPADA PACS UNDER DASARATHPUR BLOCK,Works,Open Tender,Percentage,Civil Works - Buildings,No,No,NA ,16-Mar-2026 10:00 AM,NA ,90.0,No ,No,Online,26-Mar-2026 11:00 AM,Panchayati Raj and Drinking Water Department Odisha||Zilla Parisad Jajpur||DASARATHAPUR Block,Dasatathpur,755006.0,1.0,"25,05,261",ARUNA JENA,"1,875,939.48",Rejected-AOC,23-Jun-2026,Panchayati Raj and Drinking Water Department Odisha||Zilla Parisad Jajpur||DASARATHAPUR Block
2026_CERWI_125255_2,"On line K,Nagar 25(2025-26)",Special repair to PWD Road to Ambakholkateni road road for the year 2025-2026,Special repair to PWD Road to Ambakholkateni road road for the year 2025-2026,Works,Open Tender,Percentage,Civil Works - Roads,No,No,NA ,31-Jan-2026 03:00 PM,NA ,30.0,No ,No,Online,05-Feb-2026 05:30 PM,CE RW I||RWCIRCLE-ANGUL||RWDIVISION-KAMAKSHYANAGAR,Kamakhyanagar,759018.0,1.0,"38,14,000",BINAYAK SAHOO,"3,813,401",Accepted-AOC,23-Jun-2026,CE RW I||RWCIRCLE-ANGUL||RWDIVISION-KAMAKSHYANAGAR
2026_ORULB_124467_3,BMC-EE-Tender Cell-61/2025-26 Dt. 09.01.2026,Development of road and drain from Prassana Kumar Khuntia to Gayatri Vihar via M.E School and Ranasinghpur in Ward No. 66,Development of road and drain from Prassana Kumar Khuntia to Gayatri Vihar via M.E School and Ranasinghpur in Ward No. 66,Works,Open Tender,Percentage,Civil Works - Roads,No,No,NA ,13-Jan-2026 10:30 AM,19-Jan-2026 04:00 PM ,120.0,No ,No,Online,29-Jan-2026 11:00 AM,Municipal Bodies||Bhubaneswar Municipal Corporation,BMC AREA,751022.0,2.0,"3,81,30,283",BICHITRANANDA SAMANTARAY,"35,994,988",Rejected-Technical,23-Jun-2026,Municipal Bodies||Bhubaneswar Municipal Corporation
2026_OCAPL_127725_1,OCPL/MCMP/SER-208/2026,"Construction of Toilet Block in High school at Kanaktora, Laikera and at GP Hemgir, Sundargarh, Odisha","Construction of Toilet Block in High school at Kanaktora, Laikera and at GP Hemgir, Sundargarh, Odisha",Works,Open Tender,Item Rate,Civil Works - Others,No,No,NA ,01-Apr-2026 03:00 PM,NA ,180.0,No ,No,Both(Online/Offline),27-May-2026 03:30 PM,Odisha Coal and Power Limited,Laikera and Kanaktora,770013.0,2.0,,NAGESWAR SAHU,"1,635,946",Accepted-AOC,22-Jun-2026,Odisha Coal and Power Limited
2026_CERWI_126770_1,EETIG-ONLINE-19-2025-26,SR D type qtr at Kantabanji under Muribahal block for the year 2025-26,SR D type qtr at Kantabanji under Muribahal block for the year 2025-26,Works,Open Tender,Percentage,Civil Works - Buildings,No,No,NA ,02-Mar-2026 11:00 AM,NA ,90.0,No ,No,Online,10-Mar-2026 11:00 AM,CE RW I||RWCIRCLE-BALANGIR||RWDIVISION-TITLAGARH,TITILAGARH,767042.0,1.0,"3,77,366",ABHISHEK SARAF,"376,989",Rejected-Finance,18-Jun-2026,CE RW I||RWCIRCLE-BALANGIR||RWDIVISION-TITLAGARH
2026_CERWI_125019_14,RWD CTC-16/2025-26,S/R to Cuttack Chandabali road to Pattanaik Chhak to Kulabadakhir via Malia Chhaka for the year 2025-26,S/R to Cuttack Chandabali road to Pattanaik Chhak to Kulabadakhir via Malia Chhaka for the year 2025-26,Works,Open Tender,Percentage,Civil Works - Roads,No,No,NA ,24-Jan-2026 04:00 PM,NA ,90.0,No ,No,Online,31-Jan-2026 11:00 AM,CE RW I||RWCIRCLE-CUTTACK||RWDIVISION-CUTTACK,"S.E, R.W.Division, Cuttack",753004.0,1.0,"38,82,541",BHAGYADHAR SETHY,"2,678,953.18",Rejected-Finance,02-Jun-2026,CE RW I||RWCIRCLE-CUTTACK||RWDIVISION-CUTTACK
2026_ORULB_127649_3,MC(CMC)CTC_Div-I_No.26/2025-26,Construction of C.C. road from Saraswati Nagar entry to Banik Press in Ward No. 01.,Construction of C.C. road from Saraswati Nagar entry to Banik Press in Ward No. 01.,Works,Open Tender,Percentage,Civil Works - Others,No,No,NA ,30-Mar-2026 03:00 PM,NA ,90.0,No ,No,Online,13-Apr-2026 11:00 AM,Municipal Bodies||Cuttack Municipal Corporation,CMC,753012.0,1.0,"5,88,300",ABINASH BASTIA,"588,284",Rejected-AOC,24-Jun-2026,Municipal Bodies||Cuttack Municipal Corporation
2026_CERWI_124920_9,ONLINE TENDER 06/ RWD-II/2025-26,SR to Sulia to Jhuntamara road via Saradapur road for the year 2025-26,Road works,Works,Open Tender,Percentage,Civil Works - Roads,No,No,NA ,21-Jan-2026 03:00 PM,NA ,90.0,No ,No,Online,31-Jan-2026 11:00 AM,CE RW I||RWCIRCLE-BHUBANESWAR||RW Division Nayagarh-II,NAYAGARH,752069.0,1.0,"44,74,000",BANAMALI MISHRA,"3,391,258",Accepted-AOC,16-Jun-2026,CE RW I||RWCIRCLE-BHUBANESWAR||RW Division Nayagarh-II
2026_EICCL_125432_1,SE (R AND B) BGR/ 32/ 2025-26,"Upgradation work at CHC, Loisingha for establishment of Hemo-Dialysis unit of Balangir District (Civil - EI - PH)",BUILDING WORK,Works,National Competitive Bid,Percentage,Civil Works - Buildings,No,No,NA ,03-Feb-2026 09:00 AM,NA ,90.0,No ,No,Online,09-Feb-2026 01:00 PM,EIC-CIVIL||SERNB-CIRCLE-BOLANGIR||EERNB DIVN BOLANGIR,Bolangir,767001.0,1.0,"41,02,284",AKARSHAN JHA,"4,098,181",Rejected-Finance,04-Jun-2026,EIC-CIVIL||SERNB-CIRCLE-BOLANGIR||EERNB DIVN BOLANGIR
2026_PRBDN_127333_10,DSB-03/2025-26,CONSTRUCTION OF GPLF BUILDING WITH MARKET COMPLEX AT SANKARPUR,CONSTRUCTION OF GPLF BUILDING WITH MARKET COMPLEX,Works,Open Tender,Percentage,Civil Works - Buildings,No,No,NA ,17-Mar-2026 10:00 AM,NA ,120.0,No ,No,Online,31-Mar-2026 11:00 AM,Panchayati Raj and Drinking Water Department Odisha||Zilla Parisad Dhenkanal||DHENKANAL (SADAR) Block,"Sadar Block,Dhenkanal",759001.0,1.0,"24,89,169",Anshuman Swain,"2,489,169.422",Rejected-AOC,05-Jun-2026,Panchayati Raj and Drinking Water Department Odisha||Zilla Parisad Dhenkanal||DHENKANAL (SADAR) Block
2026_ORULB_127732_11,MC(CMC)CTC_Div-I_No.28/2025-26,Construction of Community Hall in Ward No. 15.,Construction of Community Hall in Ward No. 15.,Works,Open Tender,Percentage,Civil Works - Others,No,No,NA ,04-Apr-2026 03:00 PM,NA ,90.0,No ,No,Online,18-Apr-2026 11:00 AM,Municipal Bodies||Cuttack Municipal Corporation,CMC,753012.0,1.0,"33,97,600",TUSAR KANTI HARICHANDAN,"3,397,549",Rejected-AOC,11-Jun-2026,Municipal Bodies||Cuttack Municipal Corporation
2026_PRBDN_127333_11,DSB-03/2025-26,CONSTRUCTION OF (02 Nos) OF ADDITIONAL CLASSROOM AT BANASINGH HIGH SCHOOL,CONSTRUCTION OF ADDITIONAL CLASSROOM AT BANASINGH HIGH SCHOOL,Works,Open Tender,Percentage,Civil Works - Buildings,No,No,NA ,17-Mar-2026 10:00 AM,NA ,120.0,No ,No,Online,31-Mar-2026 11:00 AM,Panchayati Raj and Drinking Water Department Odisha||Zilla Parisad Dhenkanal||DHENKANAL (SADAR) Block,"Sadar Block,Dhenkanal",759001.0,1.0,"25,33,246",BODHINATH JAGADISH CHANDRA,"2,533,246.589",Rejected-AOC,20-Jun-2026,Panchayati Raj and Drinking Water Department Odisha||Zilla Parisad Dhenkanal||DHENKANAL (SADAR) Block
2026_CERWI_124920_8,ONLINE TENDER 06/ RWD-II/2025-26,SR to NH-224 to Mahulia road for the year 2025-26,Road works,Works,Open Tender,Percentage,Civil Works - Roads,No,No,NA ,21-Jan-2026 03:00 PM,NA ,90.0,No ,No,Online,31-Jan-2026 11:00 AM,CE RW I||RWCIRCLE-BHUBANESWAR||RW Division Nayagarh-II,NAYAGARH,752069.0,1.0,"13,81,000",BHABANI SANKAR PRADHAN,"1,062,803",Rejected-Finance,16-Jun-2026,CE RW I||RWCIRCLE-BHUBANESWAR||RW Division Nayagarh-II
2026_EICCL_126581_1,SE RandB BDK-39/2025-26-7,"Supply and Installation of 100KVA transformer with Plinth Mounted at RTO ,Bhadrak","Supply and Installation of 100KVA transformer with Plinth Mounted at RTO ,Bhadrak",Works,Open Tender,Percentage,Electrical Works,No,No,NA ,24-Feb-2026 06:55 PM,NA ,90.0,No ,No,Online,04-Mar-2026 11:30 AM,EIC-CIVIL||SERNB-CIRCLE-EASTERN||EERNB-DIVN-BHADRAK,Bhadrak,756100.0,1.0,,ICON BUILDERS,"1,162,608.78",Rejected-Finance,18-Jun-2026,EIC-CIVIL||SERNB-CIRCLE-EASTERN||EERNB-DIVN-BHADRAK
2026_KPRIP_128092_1,"SE,KRC AND BD-01(2026-27)",Construction of Kothi Ghara (Thakurani) at Dhobalabeda (Daduan) R and R colony for the DPs of village Daduan of K.I.P.,Construction of Kothi Ghara (Thakurani) at Dhobalabeda (Daduan) R and R colony for the DPs of village Daduan of K.I.P.,Works,National Competitive Bid,Percentage,Civil Works - Buildings,No,No,NA ,13-Apr-2026 10:00 AM,NA ,90.0,No ,No,Online,23-Apr-2026 11:00 AM,Kanupur Irrigation Project||CCE-Kanupur||Kanupur R C AND B,SE Kanupur Reh. C and B Division Basudevpur,758047.0,1.0,"11,27,457",PRAMOD KUMAR DAS,"1,105,021",Accepted-AOC,12-Jun-2026,Kanupur Irrigation Project||CCE-Kanupur||Kanupur R C AND B
2026_ORULB_127649_2,MC(CMC)CTC_Div-I_No.26/2025-26,Construction of RCC drain with cover slab from Ajay Senapati house to Jaydev Muduli house in Ward No. 01.,Construction of RCC drain with cover slab from Ajay Senapati house to Jaydev Muduli house in Ward No. 01.,Works,Open Tender,Percentage,Civil Works - Others,No,No,NA ,30-Mar-2026 03:00 PM,NA ,90.0,No ,No,Online,13-Apr-2026 11:00 AM,Municipal Bodies||Cuttack Municipal Corporation,CMC,753012.0,1.0,"5,87,600",ARPITA MOHANTY,"587,511",Rejected-AOC,24-Jun-2026,Municipal Bodies||Cuttack Municipal Corporation
2026_CERWI_127220_1,Electrical Divn. BAM 27/2025-26,Shifting Diversion and Re-erection of existing 11 KV line LT Line HT LT line at 04 nos. Different Locations due to Construction Improvement of Sama Sikula RD Road in the dist.of Ganjam.,Shifting Diversion and Re-erection of existing 11 KV line LT Line HT LT line at 04 nos. Different Locations due to Construction Improvement of Sama-Sikula RD Road in the dist.of Ganjam,Works,National Competitive Bid,Percentage,Electrical Works,No,No,NA ,13-Mar-2026 01:30 PM,NA ,120.0,No ,No,Online,24-Mar-2026 01:00 PM,CE RW I||RW Electrical Circle Bhubaneswar||RW Electrical Division Berhampur,O/O E.E. R W ELECTRICAL DIVISION BERHAMPUR,760011.0,1.0,,Er. Shashanka sekhar patro,"2,104,955.28",Rejected-AOC,05-Jun-2026,CE RW I||RW Electrical Circle Bhubaneswar||RW Electrical Division Berhampur
2026_ORULB_126613_5,MC(CMC)CTC_Div-IINo.36/2025-26,Construction of culvert in different places at Arnapurna lane in Ward No. 29.,Construction of culvert in different places at Arnapurna lane in Ward No. 29.,Works,Open Tender,Percentage,Civil Works - Others,No,No,NA ,25-Mar-2026 02:00 PM,NA ,90.0,No ,No,Online,09-Apr-2026 11:00 AM,Municipal Bodies||Cuttack Municipal Corporation,CMC,753012.0,1.0,"12,06,000",PRADEEP KUMAR CHHATOI,"1,205,966",Rejected-AOC,02-Jun-2026,Municipal Bodies||Cuttack Municipal Corporation
2026_ORULB_125609_9,KNK-2(12)-2025-26,Construction of community centre at kochileswar shiva temple in ward No-12,Construction of community centre at kochileswar shiva temple in ward No-12,Works,Open Tender,Percentage,Civil Works - Others,No,No,NA ,07-Feb-2026 12:00 PM,NA ,120.0,No ,No,Online,23-Feb-2026 11:30 AM,Municipal Bodies||Konark NAC,Konark NAC,752111.0,1.0,"5,67,042",KSHETRA MOHAN PATRA,"535,355",Rejected-AOC,05-Jun-2026,Municipal Bodies||Konark NAC
2026_PRDAS_127178_2,Tender Online 03 Dasarathpur of 2025-26,CONSTRUCTION OF OFFICE BUILDING AND 50MT GODOWN BUILDING OF AHIYAS PACS UNDER DASARATHPUR BLOCK,CONSTRUCTION OF OFFICE BUILDING AND 50MT GODOWN BUILDING OF AHIYAS PACS UNDER DASARATHPUR BLOCK,Works,Open Tender,Percentage,Civil Works - Buildings,No,No,NA ,16-Mar-2026 10:00 AM,NA ,90.0,No ,No,Online,26-Mar-2026 11:00 AM,Panchayati Raj and Drinking Water Department Odisha||Zilla Parisad Jajpur||DASARATHAPUR Block,Dasatathpur,755006.0,1.0,"25,64,153",ARUNA JENA,"1,964,141.44",Accepted-AOC,23-Jun-2026,Panchayati Raj and Drinking Water Department Odisha||Zilla Parisad Jajpur||DASARATHAPUR Block
2026_CERWI_127084_1,RWDRRP-34/25-26,Construction of block public health unit (BPHU) building at Manada CHC under Bisoi block for the year 23-24,Construction of block public health unit (BPHU) building at Manada CHC under Bisoi block for the year 23-24,Works,Open Tender,Percentage,Civil Works - Buildings,No,No,NA ,10-Mar-2026 11:00 AM,NA ,90.0,No ,No,Online,25-Mar-2026 11:30 AM,CE RW I||RWCIRCLE-BARIPADA||RW Division Rairangpur,Rairangpur,757043.0,2.0,"67,69,252",ABHISEK KUMAR MOHANTY,"6,735,406",Rejected-AOC,10-Jun-2026,CE RW I||RWCIRCLE-BARIPADA||RW Division Rairangpur
2026_ORULB_127155_10,BMC-EE-Tender Cell-78/2025-26 Dt. 10.03.2026,Restoration of Road and Drain from Khushi Hotel Jagamara Mangala Temple in Ward No. 63,Restoration of Road and Drain from Khushi Hotel Jagamara Mangala Temple in Ward No. 63,Works,Open Tender,Percentage,Civil Works - Others,No,No,NA ,13-Mar-2026 10:30 AM,18-Mar-2026 03:30 PM ,120.0,No ,No,Online,25-Mar-2026 11:00 AM,Municipal Bodies||Bhubaneswar Municipal Corporation,BMC AREA,751022.0,1.0,"42,37,180",RAJESH KUMAR PATRA,"3,750,404",Rejected-Finance,23-Jun-2026,Municipal Bodies||Bhubaneswar Municipal Corporation
2026_ORULB_124740_1,ATH-NAC-04/2025-26,Construction of RCC drain and culvert with cover slab from Runa Naik house to Sani Temple in ward no 04,Construction of RCC drain and culvert with cover slab from Runa Naik house to Sani Temple in ward no 04,Works,Open Tender,Percentage,Civil Works - Canal,No,No,NA ,20-Jan-2026 11:00 AM,NA ,30.0,No ,No,Online,03-Feb-2026 11:00 AM,Municipal Bodies||Athgarh NAC,ATHGARH,754029.0,1.0,"3,22,031",AJAYA KUMAR ROUT,"322,091.67",Rejected-AOC,11-Jun-2026,Municipal Bodies||Athgarh NAC
2026_ORULB_127436_1,BMC-EE-Tender Cell-81/2025-26 Dt. 18.03.2026,Widening of drain from NH to Paika Nagar Chhak near Renault showroom and Munda Sahi.,Widening of drain from NH to Paika Nagar Chhak near Renault showroom and Munda Sahi.,Works,Open Tender,Percentage,Civil Works - Others,No,No,NA ,21-Mar-2026 10:30 AM,30-Mar-2026 03:30 PM ,120.0,No ,No,Online,07-Apr-2026 11:00 AM,Municipal Bodies||Bhubaneswar Municipal Corporation,BMC AREA,751022.0,2.0,"3,06,63,332",ASHOK KUMAR DASH,"29,820,359",Accepted-AOC,24-Jun-2026,Municipal Bodies||Bhubaneswar Municipal Corporation
2026_PRNPA_124184_12,e-procurement Notice No.(PSNPD)01/2025-26 vide letter no.03 dt.01/01/2026,improvement of road and construction of culvert at kukurimundi nala at set jampani,improvement of road and construction of culvert at kukurimundi nala at set jampani,Works,Open Tender,Percentage,Civil Works - Bridges,No,No,NA ,05-Jan-2026 10:00 AM,NA ,90.0,No ,No,Online,21-Jan-2026 11:00 AM,Panchayati Raj and Drinking Water Department Odisha||Zilla Parisad Nuapada||NUAPADA Block,Nuapada,766105.0,1.0,"16,81,967",SUJIT KUMAR PUROHIT,"1,429,840",Rejected-Finance,13-May-2026,Panchayati Raj and Drinking Water Department Odisha||Zilla Parisad Nuapada||NUAPADA Block
2026_CERWI_126001_1,Tender Online RWC 1-2026,Improvement to RD road to Dengamba road in the district of Cuttack under MMSY-Improvement Existing RD road for the year 2025-26,Improvement to RD road to Dengamba road in the district of Cuttack under MMSY-Improvement Existing RD road for the year 2025-26,Works,National Competitive Bid,Percentage,Civil Works - Roads,No,No,NA ,17-Feb-2026 06:00 PM,NA ,90.0,No ,No,Online,27-Feb-2026 11:30 AM,CE RW I||RWCIRCLE-CUTTACK,Cuttack,753004.0,2.0,"5,09,59,628",AMRIT BARAL,"50,959,628",Rejected-Finance,18-Jun-2026,CE RW I||RWCIRCLE-CUTTACK
2026_ORULB_127071_11,KSNG-NAC-06/2025-26,CONSTRUCTION OF CULVERT AND APPROACH ROAD OF LIMPADAR ROAD IN WARD NO 02,CONSTRUCTION OF CULVERT AND APPROACH ROAD OF LIMPADAR ROAD IN WARD NO 02,Works,Open Tender,Percentage,Civil Works - Roads,No,No,NA ,10-Mar-2026 10:00 AM,NA ,90.0,No ,No,Online,23-Mar-2026 11:00 AM,Municipal Bodies||Kesinga NAC,KESINGA NAC,766012.0,1.0,"2,97,059",JYOTI RANJAN NANDA,"290,078.11",Rejected-Technical,05-Jun-2026,Municipal Bodies||Kesinga NAC
2026_PHEO_127864_1,SEPHBBSR-01/2026-27 DTD.04.04.2026,Procurement and laying of 200mm dia D.I. K-9 / M.S. pipe for CWRM and RWRM pipe line and 100mm dia D.I. K-7 / M.S. pipe for distribution pipe line of Khandapada NAC for widening and strengthening of Khandapada-Fategarh PWD road from 0/00 to 18/030 Km,Laying of 200mm dia D.I. K-9 / M.S. pipe for CWRM and RWRM pipe line and 100mm dia D.I. K-7 / M.S. pipe for distribution pipe line of Khandapada NAC for widening and strengthening of Khandapada-Fategarh PWD road from 0/00 to 18/030 Km,Works,National Competitive Bid,Percentage,Civil Works - Water Works,No,No,NA ,09-Apr-2026 12:00 PM,NA ,120.0,No ,No,Online,23-Apr-2026 11:00 AM,PHEO||SEPH-CIRCLE-BBSR||EE P.H. Division Bhubaneswar,Khandapada NAC,752077.0,2.0,"2,15,04,000",AZIZUR REHAMAN,"14,319,989",Rejected-AOC,30-Jun-2026,PHEO||SEPH-CIRCLE-BBSR||EE P.H. Division Bhubaneswar
2026_ORULB_125863_8,34/SMC_SBP/2025-26,"Repair and maintenance of pot hole in different area of Jharapali and Khadiapada in Ward No - 01, under SMC Sambalpur","Repair and maintenance of pot hole in different area of Jharapali and Khadiapada in Ward No - 01, under SMC Sambalpur",Works,Open Tender,Percentage,Civil Works - Others,No,No,NA ,16-Feb-2026 11:00 AM,NA ,120.0,No ,No,Online,26-Feb-2026 11:00 AM,Municipal Bodies||Sambalpur Municipal Corporation,SAMBALPUR MUNICIPAL CORPORATION,768006.0,1.0,"31,33,629",BIMAL MAHAPATRA,"3,133,629",Rejected-Technical,16-Jun-2026,Municipal Bodies||Sambalpur Municipal Corporation
2026_CERWI_128538_1,33 of 2025-26,Construction of 1 No. D type quarter Building at Talabasta PHC under Dompada block of Cuttack District for the year 2025-26.,Construction of 1 No. D type quarter Building at Talabasta PHC under Dompada block of Cuttack District for the year 2025-26.,Works,Open Tender,Percentage,Miscellaneous Works,No,No,NA ,28-Apr-2026 01:00 PM,NA ,90.0,No ,No,Online,12-May-2026 11:30 AM,CE RW I||RWCIRCLE-CUTTACK||RWDIVISION-CUTTACK-II,Cuttack,753004.0,1.0,"33,70,871",AJAYA KUMAR ROUT,"2,831,869",Rejected-AOC,08-Jun-2026,CE RW I||RWCIRCLE-CUTTACK||RWDIVISION-CUTTACK-II
2026_ECCHA_127145_12,"e-Procurement Notice No.ACE, EC-II 12 of 2025-26","ACE, EC-II JKID 52 of 2025-26 Scoured Bank protection and Restoration to Brahamani Right from Kalanda to Endaloba of Dharmasala Block.",Embankment protection,Works,National Competitive Bid,Percentage,Civil Works - Others,No,No,NA ,11-Mar-2026 10:00 AM,NA ,90.0,No ,No,Online,26-Mar-2026 11:30 AM,CE AND BM MBBS CHANDIKOLE||EASTERN CIRCLE II CHANDIKOLE,Jaraka,755050.0,2.0,"2,00,08,727",ABHAYA ROUT,"16,008,982",Accepted-AOC,21-Jun-2026,CE AND BM MBBS CHANDIKOLE||EASTERN CIRCLE II CHANDIKOLE
2026_PRKMN_126860_3,E-Procurement Notice No.(PSKMN)03/2025-26vide letter no 1064 dt.26/2/26,Construction of Crematorium in selflocated cluster village Rajana,Construction of Crematorium in selflocated cluster village Rajana,Works,Open Tender,Percentage,Civil Works - Buildings,No,No,NA ,06-Mar-2026 10:00 AM,NA ,90.0,No ,No,Online,30-Mar-2026 11:00 AM,Panchayati Raj and Drinking Water Department Odisha||Zilla Parisad Nuapada||KOMNA Block,Komna,766106.0,1.0,"11,69,989",RATIKANTA MOHANTY,"1,167,650",Rejected-Finance,08-May-2026,Panchayati Raj and Drinking Water Department Odisha||Zilla Parisad Nuapada||KOMNA Block
2026_ORULB_125887_19,SOROM_07_2025-26,Construction of Drain from Ramjan House to Ambabadi Road in Ward No.-06,Construction Work,Works,Open Tender,Percentage,Civil Works - Others,No,No,NA ,18-Feb-2026 10:00 AM,NA ,120.0,No ,No,Online,26-Feb-2026 10:00 AM,Municipal Bodies||Soro Municipality,"Soro Municipality, Soro",756045.0,1.0,"2,96,610",NIKHAT JAHAN,"296,610",Accepted-AOC,04-Jun-2026,Municipal Bodies||Soro Municipality
2026_ORULB_127821_1,MC(CMC)CTC_Div-IIINo5/2026-27,Repair and Overhauling of different HP Dewatering Pumpsets of CMC for the Year 2026-27.,Repair and Overhauling of different HP Dewatering Pumpsets of CMC for the Year 2026-27.,Works,Open Tender,Percentage,Mechanical Works,No,No,NA ,05-May-2026 11:45 AM,NA ,60.0,No ,No,Online,15-May-2026 10:00 AM,Municipal Bodies||Cuttack Municipal Corporation,CMC,753012.0,1.0,"21,55,816",ANASUYA MOHAPATRA,"2,155,816",Rejected-AOC,18-Jun-2026,Municipal Bodies||Cuttack Municipal Corporation
2026_PRBCN_128753_8,Tender Online 01 Badachana of 2026-27,CONSTRUCTION OF MINI STADIUM OF BB COLLEGE Chandikhole,CONSTRUCTION OF MINI STADIUM OF BB COLLEGE Chandikhole,Works,Open Tender,Percentage,Civil Works - Buildings,No,No,NA ,06-May-2026 10:00 AM,NA ,90.0,No ,No,Online,21-May-2026 11:00 AM,Panchayati Raj and Drinking Water Department Odisha||Zilla Parisad Jajpur||BADCHANA Block,Badachana,754296.0,1.0,"28,09,691",ALOK KUMAR PRUSTY,"2,809,690.96",Rejected-Technical,12-Jun-2026,Panchayati Raj and Drinking Water Department Odisha||Zilla Parisad Jajpur||BADCHANA Block
2026_ORULB_128333_4,MC(CMC)CTC_Div-I_No.1/2026-27,Construction of C.C. road from Tarini Basti to Bulu Garage Kathajodi Slum in Ward No. 4.,Construction of C.C. road from Tarini Basti to Bulu Garage Kathajodi Slum in Ward No. 4.,Works,Open Tender,Percentage,Civil Works - Others,No,No,NA ,23-Apr-2026 01:00 PM,NA ,90.0,No ,No,Online,07-May-2026 11:00 AM,Municipal Bodies||Cuttack Municipal Corporation,CMC,753012.0,1.0,"11,69,900",Abadhut Mallick,"1,169,865",Rejected-AOC,25-Jun-2026,Municipal Bodies||Cuttack Municipal Corporation
2026_PZPBC_128073_1,BMCK 01/2026-27,"Construction of G.S.S.K Building at Jhigidi , GP-Jhigidi","Construction of G.S.S.K Building at Jhigidi , GP-Jhigidi",Works,Open Tender,Percentage,Civil Works - Buildings,No,No,NA ,13-Apr-2026 11:00 AM,NA ,90.0,No ,No,Online,28-Apr-2026 11:00 AM,Panchayati Raj and Drinking Water Department Odisha||Zilla Parisad Rayagada||BISSAM CUTTACK Block,Jhigidi,765025.0,1.0,"21,80,564",Akhyaya Kumar Sahu,"2,180,564",Rejected-Finance,12-Jun-2026,Panchayati Raj and Drinking Water Department Odisha||Zilla Parisad Rayagada||BISSAM CUTTACK Block
2026_ORULB_125854_3,04/VNM/2025-26,Construction of drain in adibasi sahi in ward no-01,Construction of drain in adibasi sahi in ward no-01,Works,Open Tender,Percentage,Civil Works - Roads,No,No,NA ,12-Feb-2026 11:00 AM,NA ,30.0,No ,No,Online,02-Mar-2026 11:00 AM,Municipal Bodies||Vyasanagar Municipality,vyasanagar municipality,755019.0,1.0,,CHANDAN KUMAR SAMAL,"508,293.39",Accepted-AOC,13-Jun-2026,Municipal Bodies||Vyasanagar Municipality
2026_ORULB_124590_10,BBLM-6/2025-26,"Construction of drain near Shiva temple at Bhanja colony, Ward No.8, Barbil","Construction of drain near Shiva temple at Bhanja colony, Ward No.8, Barbil",Works,Open Tender,Percentage,Civil Works - Others,No,No,NA ,20-Jan-2026 10:00 AM,NA ,90.0,No ,No,Online,04-Feb-2026 11:00 AM,Municipal Bodies||Barbil Municipality,Barbil,758035.0,2.0,"7,22,000",ISWAR CHANDRA SAMAL,"756,780",Accepted-AOC,01-Jun-2026,Municipal Bodies||Barbil Municipality
2026_ORULB_124187_16,ASKANAC/MSBY-08/2025-26,CONSTRUCTION OF CC ROAD FROM MAHILA GHAR TO RAGHUNATH MANDIR,CONSTRUCTION OF CC ROAD FROM MAHILA GHAR TO RAGHUNATH MANDIR,Works,Open Tender,Percentage,Civil Works - Roads,No,No,NA ,06-Jan-2026 11:00 AM,NA ,60.0,No ,No,Online,20-Jan-2026 11:00 AM,Municipal Bodies||Aska NAC,"NAC,ASKA",761110.0,2.0,"6,27,801",SAGAR KUMAR PATRA,"533,693.33",Rejected-Finance,06-Jun-2026,Municipal Bodies||Aska NAC
2026_ORULB_128125_10,EO/BPHM/01/26-27,Power Supply to MCC and MRF at Mahijore in W.No.17,Power Supply to MCC and MRF at Mahijore in W.No.17,Works,Open Tender,Percentage,Electrical Works,No,No,NA ,17-Apr-2026 10:00 AM,NA ,90.0,No ,No,Online,02-May-2026 11:00 AM,Municipal Bodies||Belpahar Municipal Council,Belpahar Municipality,768218.0,1.0,"15,41,006",PRANAPRIYA PATEL,"1,520,417",Rejected-AOC,04-Jun-2026,Municipal Bodies||Belpahar Municipal Council
2026_CERWI_126347_3,SERWDGH-Online-17 of 2025-26,Repair of Tahasil office building Reamal for the year 2025-26 in the district of Deogarh.,Building,Works,Open Tender,Percentage,Civil Works - Buildings,No,No,NA ,20-Feb-2026 12:00 PM,NA ,90.0,No ,No,Online,26-Feb-2026 10:00 AM,CE RW I||RWCIRCLE-SAMBALPUR||RWDIVISION-DEOGARH,Deogarh,768119.0,1.0,"2,53,912",ANIL KUMAR SAHU,"177,738",Rejected-AOC,21-Jun-2026,CE RW I||RWCIRCLE-SAMBALPUR||RWDIVISION-DEOGARH
2026_ORULB_124660_1,MC(CMC)CTC_EL_07/2025-26,Installation of Decorative Street Light from Laxmi Bazar Culvert to MS Law Hostel in ward No. 41.,Installation of Decorative Street Light from Laxmi Bazar Culvert to MS Law Hostel in ward No. 41.,Works,Open Tender,Percentage,Electrical Works,No,No,NA ,17-Jan-2026 03:00 PM,NA ,90.0,No ,No,Online,31-Jan-2026 11:00 AM,Municipal Bodies||Cuttack Municipal Corporation,CMC,753012.0,1.0,"31,91,700",GLOBAL ENERGY,"2,510,775",Accepted-AOC,25-Jun-2026,Municipal Bodies||Cuttack Municipal Corporation
2026_OSPHW_127737_10,31/OPHWC/2025-26,"Cluster for 1. Construction of Office Cum Residence of DSE and 2. Construction of 2 Nos. E Type Qtr. (Splus2 with Stilt Floor) at R.Udayagiri, Gajapati",Building Work,Works,National Competitive Bid,Percentage,Civil Works - Buildings,No,No,NA ,02-Apr-2026 06:55 PM,NA ,90.0,No ,No,Online,17-Apr-2026 10:30 AM,Orissa State Police Housing and Welfare Corporation Ltd,Gajapati,751022.0,2.0,"3,04,68,907",PRAVAT KUMAR ROUTARAY,"24,783,409",Rejected-Finance,03-Jun-2026,Orissa State Police Housing and Welfare Corporation Ltd
2026_CERWI_126652_2,Road Online DKL-20/2025-26,S/R to Beltikiri to Krushnakumarpur via Nagiapasi under AMP for the year 2025-26,S/R to Beltikiri to Krushnakumarpur via Nagiapasi under AMP for the year 2025-26,Works,Open Tender,Percentage,Civil Works - Roads,No,No,NA ,25-Feb-2026 06:50 PM,NA ,90.0,No ,No,Online,05-Mar-2026 05:00 PM,CE RW I||RWCIRCLE-ANGUL||RWDIVISION-DHENKANAL,Dhenkanal,759001.0,1.0,"8,47,000",Ajoy Kumar Baisak,"847,418",Rejected-Finance,05-Jun-2026,CE RW I||RWCIRCLE-ANGUL||RWDIVISION-DHENKANAL
2026_EICCL_124928_12,RC(RANDB) RGD NO. II/ 19 /2025-26,Special Repair and renovation of Asst. Registrar of Cooperative Societies office at Gunupur during 2025-26,Building Work,Works,Open Tender,Percentage,Civil Works - Buildings,No,No,NA ,22-Jan-2026 11:00 AM,NA ,90.0,No ,No,Online,30-Jan-2026 11:00 AM,EIC-CIVIL||SERNB-CIRCLE-RAYAGADA||EERNB-DIVN-RAYAGADA NEW,Gunupur,765022.0,1.0,"7,04,054",Simadri Trinath Rao,"704,054",Rejected-AOC,04-Jun-2026,EIC-CIVIL||SERNB-CIRCLE-RAYAGADA||EERNB-DIVN-RAYAGADA NEW
2026_EICCL_127348_1,IFB-SE PWD-26 OF 2025-26,Construction of New Inspection Bungalow in Attabira Town in the District of Bargarh for the year 2025-26,"BUILDING WORK (CIVIL, EI AND PH)",Works,Open Tender,Percentage,Civil Works - Buildings,No,No,NA ,17-Mar-2026 03:00 PM,NA ,90.0,No ,No,Online,26-Mar-2026 11:30 AM,EIC-CIVIL||SERNB-CIRCLE-NORTHERN||EERNB-DIVN-BARGARH,ATTABIRA,768027.0,2.0,"99,99,567",JAYANTA PRADHAN,"8,969,611",Accepted-AOC,05-Jun-2026,EIC-CIVIL||SERNB-CIRCLE-NORTHERN||EERNB-DIVN-BARGARH
2026_ORULB_124187_12,ASKANAC/MSBY-08/2025-26,"REPAIR AND RENOVATION OF KALYAN MANDAP AT BANI BIHAR, WARD NO-2, ASKA","REPAIR AND RENOVATION OF KALYAN MANDAP AT BANI BIHAR, WARD NO-2, ASKA",Works,Open Tender,Percentage,Civil Works - Buildings,No,No,NA ,06-Jan-2026 11:00 AM,NA ,60.0,No ,No,Online,20-Jan-2026 11:00 AM,Municipal Bodies||Aska NAC,"NAC,ASKA",761110.0,2.0,"11,80,483",A.Kunal,"1,003,528.85",Rejected-Finance,06-Jun-2026,Municipal Bodies||Aska NAC
2026_EICCL_124928_16,RC(RANDB) RGD NO. II/ 19 /2025-26,Repair and renovation of 2nd Indian reserve Battalion Bhamini at Gunupur such as painting and plastering (Non-Res) for 2025-26,Building Work,Works,Open Tender,Percentage,Civil Works - Buildings,No,No,NA ,22-Jan-2026 11:00 AM,NA ,90.0,No ,No,Online,30-Jan-2026 11:00 AM,EIC-CIVIL||SERNB-CIRCLE-RAYAGADA||EERNB-DIVN-RAYAGADA NEW,Gunupur,765022.0,1.0,"12,71,166",ADYASHA POWER SOLUTIONS,"1,271,166",Rejected-AOC,03-Jun-2026,EIC-CIVIL||SERNB-CIRCLE-RAYAGADA||EERNB-DIVN-RAYAGADA NEW
2026_CERWI_125463_1,Road Tender Online-RWCSBP-29/2025-26,Construction of road from Burda High School to Beherapali via Bakti,Construction of road from Burda High School to Beherapali via Bakti,Works,Open Tender,Percentage,Civil Works - Roads,No,No,NA ,03-Feb-2026 02:00 PM,NA ,90.0,No ,No,Online,20-Feb-2026 11:00 AM,CE RW I||RWCIRCLE-SAMBALPUR,Bargarh,768028.0,2.0,"3,95,97,520",JAYAKUMARI PADHAN,"40,983,433",Rejected-Finance,12-Jun-2026,CE RW I||RWCIRCLE-SAMBALPUR
2026_EICCL_127567_6,SE R and B Divn NoI Bam 69 /2025-26,S/R to construction of SDVO Office Building at Berhampur,S/R to construction of SDVO Office Building at Berhampur,Works,Open Tender,Percentage,Civil Works - Buildings,No,No,NA ,24-Mar-2026 06:30 PM,NA ,90.0,No ,No,Online,31-Mar-2026 11:30 AM,EIC-CIVIL||SERNB-CIRCLE-BERHAMPUR||EERNB-DIVN-GANJAM I,Berhampur,760005.0,1.0,"41,97,027",NAROTTAM SETHY,"3,093,628",Accepted-AOC,02-Jun-2026,EIC-CIVIL||SERNB-CIRCLE-BERHAMPUR||EERNB-DIVN-GANJAM I
2026_PRBCN_128753_19,Tender Online 01 Badachana of 2026-27,"DEVELOPMENT OF TOURISM INFRASTRUCTURE AT SIKHARCHANDI,CHANDITAL","CONSTRUCTION DEVELOPMENT OF TOURISM INFRASTRUCTURE AT SIKHARCHANDI,CHANDITAL",Works,Open Tender,Percentage,Civil Works - Buildings,No,No,NA ,06-May-2026 10:00 AM,NA ,90.0,No ,No,Online,21-May-2026 11:00 AM,Panchayati Raj and Drinking Water Department Odisha||Zilla Parisad Jajpur||BADCHANA Block,Badachana,754296.0,1.0,"23,50,846",ALOK KUMAR PRUSTY,"2,350,845.79",Rejected-Technical,12-Jun-2026,Panchayati Raj and Drinking Water Department Odisha||Zilla Parisad Jajpur||BADCHANA Block
2026_ORULB_124590_28,BBLM-6/2025-26,"Repair of road from Birsha Munda chhak to Damu hutting Pry. School, Ward No.15, Barbil","Repair of road from Birsha Munda chhak to Damu hutting Pry. School, Ward No.15, Barbil",Works,Open Tender,Percentage,Civil Works - Roads,No,No,NA ,20-Jan-2026 10:00 AM,NA ,90.0,No ,No,Online,04-Feb-2026 11:00 AM,Municipal Bodies||Barbil Municipality,Barbil,758035.0,2.0,"32,95,000",B.B BUILDERS PROP ANIL KUMAR BEHERA,"3,455,833",Accepted-AOC,01-Jun-2026,Municipal Bodies||Barbil Municipality
2026_ORULB_124590_14,BBLM-6/2025-26,"Pothole of paver road in different places of Ward No.3,6,8,9,10 and 12, Barbil","Pothole of paver road in different places of Ward No.3,6,8,9,10 and 12, Barbil",Works,Open Tender,Percentage,Civil Works - Roads,No,No,NA ,20-Jan-2026 10:00 AM,NA ,90.0,No ,No,Online,04-Feb-2026 11:00 AM,Municipal Bodies||Barbil Municipality,Barbil,758035.0,2.0,"6,69,000",PRADEEP NAIK,"701,169",Rejected-Finance,02-Jun-2026,Municipal Bodies||Barbil Municipality
2026_PZPBC_128073_5,BMCK 01/2026-27,"Construction of G.S.S.K Building at Bissamcuttack , GP-Bissamcuttack","Construction of G.S.S.K Building at Bissamcuttack , GP-Bissamcuttack",Works,Open Tender,Percentage,Civil Works - Buildings,No,No,NA ,13-Apr-2026 11:00 AM,NA ,90.0,No ,No,Online,28-Apr-2026 11:00 AM,Panchayati Raj and Drinking Water Department Odisha||Zilla Parisad Rayagada||BISSAM CUTTACK Block,Bissamcuttack,765025.0,1.0,"21,80,564",Akhyaya Kumar Sahu,"2,180,564",Rejected-Finance,12-Jun-2026,Panchayati Raj and Drinking Water Department Odisha||Zilla Parisad Rayagada||BISSAM CUTTACK Block
2026_EICCL_126764_1,S.E. (R and B) - 31/2025-26/NGP,"Const. of LT Line and Installation of 100 KVA 11/0.4 DP Mounted Sub-Station for Boys Hostel Building in OAV, Lakdipala at Fatki Chandahandi in the District of Nabarangpur for the year 2025-26",Electrical Works,Works,Open Tender,Percentage,Electrical Works,No,No,NA ,28-Feb-2026 11:00 AM,NA ,90.0,No ,No,Online,10-Mar-2026 11:00 AM,EIC-CIVIL||SERNB-CIRCLE-JEYPORE||EERNB Division Nabarangpur,Nabarangapur,764077.0,1.0,"6,12,788",CHANDAN NAYAK,"612,727",Accepted-AOC,02-Jun-2026,EIC-CIVIL||SERNB-CIRCLE-JEYPORE||EERNB Division Nabarangpur
2026_RMC_127686_8,MC/RMC/17./2026,Development of open space infront of toilet inside the RGH campus at Civiltownship ward No. 10 under RMC Rourkela,Works,Works,Open Tender,Percentage,Civil Works - Others,No,No,NA ,30-Mar-2026 06:00 PM,NA ,90.0,No ,No,Online,15-Apr-2026 11:00 AM,Rourkela Municipal Corporation,Rourkela,769012.0,1.0,"5,59,000",AMULYA KUMAR SETHI,"558,773.69",Rejected-Technical,08-Jun-2026,Rourkela Municipal Corporation
2026_ORULB_125887_21,SOROM_07_2025-26,Construction of Boundary Wall at Khemeswar Temple in Ward No.-07,Construction Work,Works,Open Tender,Percentage,Civil Works - Others,No,No,NA ,18-Feb-2026 10:00 AM,NA ,120.0,No ,No,Online,26-Feb-2026 10:00 AM,Municipal Bodies||Soro Municipality,"Soro Municipality, Soro",756045.0,1.0,"5,33,898",MANARANJAN PRADHAN,"533,898.18",Accepted-AOC,04-Jun-2026,Municipal Bodies||Soro Municipality
2026_ORULB_124306_13,28/SMC_SBP/2025-26,Construction of Shed for Wood at Raj Ghat W.N 15,Construction of Shed for Wood at Raj Ghat W.N 15,Works,Open Tender,Percentage,Civil Works - Others,No,No,NA ,13-Jan-2026 11:00 AM,NA ,120.0,No ,No,Online,27-Jan-2026 11:00 AM,Municipal Bodies||Sambalpur Municipal Corporation,SAMBALPUR MUNICIPAL CORPORATION,768006.0,1.0,"14,83,382",GANESH KUMAR AGRAWAL,"1,483,382",Rejected-Technical,22-Jun-2026,Municipal Bodies||Sambalpur Municipal Corporation
2026_OLIC_127841_44,BID ID NO. 10/Dt.04.04.2026,INSTALLATION AND ENERGISATION OF SIRASTA II TW LI PROJECT,INSTALLATION AND ENERGISATION OF SIRASTA II TW LI PROJECT,Works,Open Tender,Percentage,Civil Works - Lift Irrigation Schemes,No,No,NA ,08-Apr-2026 10:00 AM,NA ,365.0,No ,No,Online,22-Apr-2026 10:00 AM,"Orissa Lift Irrigation Corporation||LI,Central Circle, Cuttack||LI Division Cuttack",TIRTOL BLOCK,754001.0,1.0,"18,89,954",PRANAB PRAKASH ACHARYA,"1,889,954",Rejected-Technical,08-Jun-2026,"Orissa Lift Irrigation Corporation||LI,Central Circle, Cuttack||LI Division Cuttack"
2026_ORULB_127509_2,BMC-EE-Tender Cell-84/2025-26 dt. 20.03.2026,"Repair and Restoration of Roads damaged by WATCO, TPCODL, Bharati Airtel Limited, BSNL and Reliance Jio in different wards i.e. from Ward No. 11 to 14, 16 to 21 and 26 of North Zone inside BMC Area","Repair and Restoration of Roads damaged by WATCO, TPCODL, Bharati Airtel Limited, BSNL and Reliance Jio in different wards i.e. from Ward No. 11 to 14, 16 to 21 and 26 of North Zone inside BMC Area",Works,Open Tender,Percentage,Civil Works - Roads,No,No,NA ,24-Mar-2026 11:00 AM,02-Apr-2026 04:30 PM ,120.0,No ,No,Online,10-Apr-2026 03:30 PM,Municipal Bodies||Bhubaneswar Municipal Corporation,BMC AREA,751022.0,2.0,"1,27,54,803",BHABANI SANKAR MALLIA,"10,791,329",Rejected-Finance,19-Jun-2026,Municipal Bodies||Bhubaneswar Municipal Corporation
2026_ORULB_124590_8,BBLM-6/2025-26,"Construction of drain from Madhu Sahu house to Jalaram mandir, Ward No.6, Barbil","Construction of drain from Madhu Sahu house to Jalaram mandir, Ward No.6, Barbil",Works,Open Tender,Percentage,Civil Works - Others,No,No,NA ,20-Jan-2026 10:00 AM,NA ,90.0,No ,No,Online,04-Feb-2026 11:00 AM,Municipal Bodies||Barbil Municipality,Barbil,758035.0,2.0,"9,74,000",NARAYAN HEMBRAM,"1,021,018",Rejected-Finance,12-Jun-2026,Municipal Bodies||Barbil Municipality
2026_CERWI_125076_11,RWDKNJ-15/25-26,S/R to Nuabeda to Dhudipani Road,S/R to Nuabeda to Dhudipani Road,Works,Open Tender,Percentage,Civil Works - Roads,No,No,NA ,28-Jan-2026 11:00 AM,NA ,90.0,No ,No,Online,03-Feb-2026 11:00 AM,CE RW I||RWCIRCLE-BARIPADA||RW Division Karanjia,karanjia,757037.0,1.0,"16,95,068",BULU KUMAR MAHAPATRA,"1,440,977",Rejected-AOC,09-Jun-2026,CE RW I||RWCIRCLE-BARIPADA||RW Division Karanjia
2026_WDKJH_125834_1,WATCOKJR-04,Construction of 250000 Ltr capacity UGR at Zone-10A near DHH Keonjhar,Construction of 250000 Ltr capacity UGR at Zone-10A near DHH Keonjhar,Works,National Competitive Bid,Percentage,Civil Works - Water Works,No,No,NA ,13-Feb-2026 10:00 AM,NA ,120.0,No ,No,Online,27-Feb-2026 11:30 AM,WATCO Bhubaneswar||Director (Operation) Watco||WATCO Division Keonjhar,Keonjhar,758001.0,1.0,"15,62,500",AKHOJI RAY,"1,246,093.75",Rejected-AOC,08-Jun-2026,WATCO Bhubaneswar||Director (Operation) Watco||WATCO Division Keonjhar
2026_ORULB_124740_5,ATH-NAC-04/2025-26,Construction of Radhakrushna Communiy Centre with fixing of Shutter at Sadar Sahi Communiy Centre in w no 13,Construction of Radhakrushna Communiy Centre with fixing of Shutter at Sadar Sahi Communiy Centre in w no 13,Works,Open Tender,Percentage,Civil Works - Buildings,No,No,NA ,20-Jan-2026 11:00 AM,NA ,30.0,No ,No,Online,03-Feb-2026 11:00 AM,Municipal Bodies||Athgarh NAC,ATHGARH,754029.0,1.0,"7,20,603",ARPITA SARGAM SAHOO,"720,643.38",Accepted-AOC,22-Jun-2026,Municipal Bodies||Athgarh NAC
2026_ORULB_128191_6,4/SMC_SBP/2026-27,"Construction of Drain and Road From EX.MLA Backside to Coaching Center ,Ward no-21","Construction of Drain and Road From EX.MLA Backside to Coaching Center ,Ward no-21",Works,Open Tender,Percentage,Civil Works - Others,No,No,NA ,21-Apr-2026 11:00 AM,NA ,120.0,No ,No,Online,01-May-2026 11:00 AM,Municipal Bodies||Sambalpur Municipal Corporation,SAMBALPUR MUNICIPAL CORPORATION,768006.0,1.0,"12,68,439",MOHAMMED ALI HUSSAIN,"1,268,451.02",Accepted-AOC,11-Jun-2026,Municipal Bodies||Sambalpur Municipal Corporation
2026_PRBPN_127850_1,BID IDENTIFICATION NO 01/2026-27 OF BDO PATNA,Construction of Additonal Classroom with toilet for Girls student with disabled friendly facilities at DB College Turumunga,Construction of Additonal Classroom with toilet for Girls student with disabled friendly facilities at DB College Turumunga,Works,Open Tender,Percentage,Civil Works - Buildings,No,No,NA ,07-Apr-2026 09:00 AM,NA ,90.0,No ,No,Online,18-Apr-2026 09:00 AM,Panchayati Raj and Drinking Water Department Odisha||Zilla Parisad Keonjhar||PATNA Block,"Turumunga,Keonjhar",758046.0,1.0,"26,89,950",DHARMAJEET SAHU,"1,974,422.978",Rejected-Finance,12-Jun-2026,Panchayati Raj and Drinking Water Department Odisha||Zilla Parisad Keonjhar||PATNA Block
2026_STSCD_127577_4,ITDA (T)-07 / 2025-26,"REPAIR AND RENOVATION OF SCHOOL BUILDING AT EMRS KALAMATI, BANIAKILINDA G.P IN TILEIBANI BLOCK","REPAIR AND RENOVATION OF SCHOOL BUILDING AT EMRS KALAMATI, BANIAKILINDA G.P IN TILEIBANI BLOCK",Works,Open Tender,Percentage,Civil Works - Others,No,No,NA ,25-Mar-2026 10:00 AM,NA ,90.0,No ,No,Online,09-Apr-2026 10:00 AM,ST and SC Development Deptt||ITDA Tileibani,"EMRS Kalamati, Deogarh",768108.0,1.0,"22,48,052",BISWAPRAKASH SAHU,"1,663,783.4",Rejected-AOC,22-May-2026,ST and SC Development Deptt||ITDA Tileibani
2026_ORULB_125679_4,BMC-EE-Tender Cell-69/2025-26 Dt. 06.02.2026,Improvement of road from Sandha Chhaka up to Patia Station through Baradei Temple at Patia in Ward No. 03,Improvement of road from Sandha Chhaka up to Patia Station through Baradei Temple at Patia in Ward No. 03,Works,Open Tender,Percentage,Civil Works - Roads,No,No,NA ,09-Feb-2026 10:30 AM,13-Feb-2026 04:00 PM ,120.0,No ,No,Online,20-Feb-2026 11:00 AM,Municipal Bodies||Bhubaneswar Municipal Corporation,BMC AREA,751022.0,1.0,"27,28,846",AJAYA KUMAR JENA,"3,059,036",Rejected-Finance,19-Jun-2026,Municipal Bodies||Bhubaneswar Municipal Corporation
2026_PRZB_128475_2,PS-LNJ-T-1/2026-27,Construction of Addl. Class room at Govt. PS Bedagaon in Lanjigarh Block,Building,Works,Open Tender,Percentage,Civil Works - Buildings,No,No,NA ,28-Apr-2026 11:00 AM,NA ,90.0,No ,No,Online,13-May-2026 11:00 AM,Panchayati Raj and Drinking Water Department Odisha||Zilla Parisad Kalahandi||LANJIGARH Block,Lanjigarh,766027.0,1.0,"14,64,445",BANITA NAIK,"1,462,981",Rejected-Finance,30-Jun-2026,Panchayati Raj and Drinking Water Department Odisha||Zilla Parisad Kalahandi||LANJIGARH Block
2026_RWSS_127811_3,RWSS_MKG_ONLINE_10 of 2025-26,"Supplying all materials, labour, T and P,construction of 11KV 3Ph 400 volt external Power Supply and 3-phase service connection to RWSS point at SUAPALLI under Chitrakonda Block with testing, commissioning and handing over to TPSODL","Supplying all materials, labour, T and P,construction of 11KV 3Ph 400 volt external Power Supply and 3-phase service connection to RWSS point at SUAPALLI under Chitrakonda Block with testing, commissioning and handing over to TPSODL",Works,National Competitive Bid,Percentage,Electrical Works,No,No,NA ,04-Apr-2026 09:00 AM,NA ,120.0,No ,No,Online,15-Apr-2026 11:00 AM,Rural Water Supply and Sanitation||RWSS Circle Koraput||RWSS Division Malkangiri,RWSS DIVISION MALKANGIRI,764048.0,1.0,"7,36,268",ASISH KUMAR PATTNAIK,"655,278",Rejected-AOC,25-Jun-2026,Rural Water Supply and Sanitation||RWSS Circle Koraput||RWSS Division Malkangiri
2026_ORULB_127649_6,MC(CMC)CTC_Div-I_No.26/2025-26,Construction of C.C. road from Ashok Choudhury res to Plot No. 3E/380 CDA Sec-9 in Ward No. 4.,Construction of C.C. road from Ashok Choudhury res to Plot No. 3E/380 CDA Sec-9 in Ward No. 4.,Works,Open Tender,Percentage,Civil Works - Others,No,No,NA ,30-Mar-2026 03:00 PM,NA ,90.0,No ,No,Online,13-Apr-2026 11:00 AM,Municipal Bodies||Cuttack Municipal Corporation,CMC,753012.0,1.0,"6,57,200",ARPITA MOHANTY,"657,205",Accepted-AOC,24-Jun-2026,Municipal Bodies||Cuttack Municipal Corporation
2026_PRNPA_124184_9,e-procurement Notice No.(PSNPD)01/2025-26 vide letter no.03 dt.01/01/2026,Construction of Additional class room at kodomeri HS kodomeri,Construction of Additional class room at kodomeri HS kodomeri,Works,Open Tender,Percentage,Civil Works - Buildings,No,No,NA ,05-Jan-2026 10:00 AM,NA ,90.0,No ,No,Online,21-Jan-2026 11:00 AM,Panchayati Raj and Drinking Water Department Odisha||Zilla Parisad Nuapada||NUAPADA Block,Nuapada,766105.0,1.0,"16,18,568",BIKASH KUMAR PANDA,"1,375,995",Rejected-Finance,13-May-2026,Panchayati Raj and Drinking Water Department Odisha||Zilla Parisad Nuapada||NUAPADA Block
2026_KPRIP_128092_5,"SE,KRC AND BD-01(2026-27)",Construction of Anganwadi Centre with Boundary wall at Birikala R and R Colony for the DPs of village Gobindapur of KIP,Construction of Anganwadi Centre with Boundary wall at Birikala R and R Colony for the DPs of village Gobindapur of KIP,Works,National Competitive Bid,Percentage,Civil Works - Buildings,No,No,NA ,13-Apr-2026 10:00 AM,NA ,90.0,No ,No,Online,23-Apr-2026 11:00 AM,Kanupur Irrigation Project||CCE-Kanupur||Kanupur R C AND B,SE Kanupur Reh. C and B Division Basudevpur,758047.0,1.0,"27,25,606",DAYANIDHI PATRA,"2,156,499",Rejected-AOC,01-Jun-2026,Kanupur Irrigation Project||CCE-Kanupur||Kanupur R C AND B
2026_EICCL_127074_1,SE R and B Divn. No.I BAM 63/2025-26,"Balance Work of Administrative Building for Krishi Vigyan Kendra Office at Golanthara, Berhampur","Balance Work of Administrative Building for Krishi Vigyan Kendra Office at Golanthara, Berhampur",Works,Open Tender,Percentage,Civil Works - Roads,No,No,NA ,09-Mar-2026 06:00 PM,NA ,90.0,No ,No,Online,17-Mar-2026 11:30 AM,EIC-CIVIL||SERNB-CIRCLE-BERHAMPUR||EERNB-DIVN-GANJAM I,Berhampur,760005.0,1.0,"43,19,151",K.SHYAM KUMAR ACHARY,"3,377,576",Rejected-AOC,03-Jun-2026,EIC-CIVIL||SERNB-CIRCLE-BERHAMPUR||EERNB-DIVN-GANJAM I
2026_CERWI_126770_4,EETIG-ONLINE-19-2025-26,SR Twin E type Staff qtr. at Kantabanji under Muribahal block for the year 2025-26,SR Twin E type Staff qtr. at Kantabanji under Muribahal block for the year 2025-26,Works,Open Tender,Percentage,Civil Works - Buildings,No,No,NA ,02-Mar-2026 11:00 AM,NA ,90.0,No ,No,Online,10-Mar-2026 11:00 AM,CE RW I||RWCIRCLE-BALANGIR||RWDIVISION-TITLAGARH,TITILAGARH,767042.0,1.0,"3,77,697",ABHISHEK SARAF,"377,319",Rejected-Finance,18-Jun-2026,CE RW I||RWCIRCLE-BALANGIR||RWDIVISION-TITLAGARH
2026_ORULB_127548_6,BMC-EE-Tender Cell-85/2025-26 dt. 23.03.2026,"Annual Maintenance, Cleaning of water stretch and Main Drain No. 1 under BMC for 2026-27","Annual Maintenance, Cleaning of water stretch and Main Drain No. 1 under BMC for 2026-27",Works,Open Tender,Percentage,Civil Works - Others,No,No,NA ,26-Mar-2026 10:30 AM,02-Apr-2026 03:30 PM ,120.0,No ,No,Online,09-Apr-2026 03:30 PM,Municipal Bodies||Bhubaneswar Municipal Corporation,BMC AREA,751022.0,1.0,"39,94,565",AJAY KUMAR BEHERA,"3,102,482",Rejected-Finance,09-Jun-2026,Municipal Bodies||Bhubaneswar Municipal Corporation
2026_PRBDN_127333_15,DSB-03/2025-26,CONSTRUCTION OF ADDITIONAL CLASSROOM AT MAHISAPAT ASHRAM SCHOOL,CONSTRUCTION OF ADDITIONAL CLASSROOM,Works,Open Tender,Percentage,Civil Works - Buildings,No,No,NA ,17-Mar-2026 10:00 AM,NA ,120.0,No ,No,Online,31-Mar-2026 11:00 AM,Panchayati Raj and Drinking Water Department Odisha||Zilla Parisad Dhenkanal||DHENKANAL (SADAR) Block,"Sadar Block,Dhenkanal",759001.0,1.0,"12,12,786",Ahalya Rout,"1,212,786.504",Rejected-AOC,05-Jun-2026,Panchayati Raj and Drinking Water Department Odisha||Zilla Parisad Dhenkanal||DHENKANAL (SADAR) Block
2026_CERWI_127040_1,OT/25/SERWDG-I/25-26,Construction of R.I. Office-cum-Residence building at Bhejiput of Khalikote Tahasil in the District of Ganjam.,Construction of R.I. Office-cum-Residence building at Bhejiput of Khalikote Tahasil in the District of Ganjam.,Works,National Competitive Bid,Percentage,Civil Works - Buildings,No,No,NA ,09-Mar-2026 03:00 PM,NA ,90.0,No ,No,Online,17-Mar-2026 11:00 AM,CE RW I||RWCIRCLE-BERHAMPUR||RWDIVISION-GANJAM - I,Berhampur,760010.0,2.0,"82,59,000",AMARESWARA SATAPATHY,"6,358,396",Rejected-Finance,04-Jun-2026,CE RW I||RWCIRCLE-BERHAMPUR||RWDIVISION-GANJAM - I
2026_PRBDI_125313_2,NOTICE NO.BDO-BPS-05 OF 2025-26,1. Construction of office building of PACS of Gopalpur G.P. under Biridi Block,Construction of office building of PACS of Gopalpur G.P. under Biridi Block,Works,Open Tender,Percentage,Civil Works - Buildings,No,No,NA ,02-Feb-2026 10:00 AM,NA ,90.0,No ,No,Online,13-Feb-2026 11:00 AM,Panchayati Raj and Drinking Water Department Odisha||Zilla Parisad Jagatsinghpur||BIRIDI Block,Biridi,754111.0,1.0,"10,36,725",AKSHAYA KUMAR JENA,"1,036,724.89",Rejected-Finance,21-Jun-2026,Panchayati Raj and Drinking Water Department Odisha||Zilla Parisad Jagatsinghpur||BIRIDI Block
2026_CERWI_126803_1,Online Tender 13/MOHANA/2025-26,"Repair and meintenance of Need for boundary wall, Iron gate other implementation in the new building at R.Udayagiri in the District of Gajapati for the year 2025-26","Repair and meintenance of Need for boundary wall, Iron gate other implementation in the new building at R.Udayagiri in the District of Gajapati for the year 2025-26",Works,National Competitive Bid,Percentage,Civil Works - Buildings,No,No,NA ,02-Mar-2026 11:00 AM,NA ,90.0,No ,No,Online,12-Mar-2026 11:00 AM,CE RW I||RWCIRCLE-RAYAGADA||RWDIVISION-MOHANA,Mohana,761015.0,1.0,"8,40,000",ACHYUTANANDA PRADHAN,"654,260",Rejected-AOC,20-Jun-2026,CE RW I||RWCIRCLE-RAYAGADA||RWDIVISION-MOHANA
2026_ORULB_127660_21,UDLN-04/2025-26,Repair of Road (Paver Road) from Udala Radho PWD Road to Dr. Bindhani House in Ward No-09,Repair of Road (Paver Road) from Udala Radho PWD Road to Dr. Bindhani House in Ward No-09,Works,Open Tender,Percentage,Civil Works - Roads,No,No,NA ,27-Mar-2026 11:00 AM,NA ,90.0,No ,No,Online,07-Apr-2026 04:00 PM,Municipal Bodies||Udala NAC,Udala,757041.0,1.0,"16,95,372",ABHIJITA MOHANTY,"1,166,416",Rejected-AOC,02-Jun-2026,Municipal Bodies||Udala NAC
2026_ORULB_127692_5,MC(CMC)CTC_Div-IIINo39/2025-26,Desilting of MSD from Susama Bhawan to Railway level crossing via Budha Baba Ashram and Sikharpur U.P. School Kamalakanta Vidyapitha Sump at Sikharpur in Ward No.46.,Desilting of MSD from Susama Bhawan to Railway level crossing via Budha Baba Ashram and Sikharpur U.P. School Kamalakanta Vidyapitha Sump at Sikharpur in Ward No.46.,Works,Open Tender,Percentage,Civil Works - Others,No,No,NA ,31-Mar-2026 11:00 AM,NA ,60.0,No ,No,Online,10-Apr-2026 10:00 AM,Municipal Bodies||Cuttack Municipal Corporation,CMC,753012.0,1.0,"8,52,219",BINODINI SWAIN,"852,219",Rejected-AOC,08-Jun-2026,Municipal Bodies||Cuttack Municipal Corporation
2026_ORULB_124113_6,EO/ PDPM/ W_05_MSBY/ 2025-26,Construction of community hall and improvement arround Maa Tarini Mandir at Balijhara in Ward No. 05,Construction of community hall and improvement arround Maa Tarini Mandir at Balijhara in Ward No. 05,Works,Open Tender,Percentage,Civil Works - Others,No,No,NA ,03-Jan-2026 05:30 PM,NA ,120.0,No ,No,Online,15-Jan-2026 11:30 AM,Municipal Bodies||Paradeep Municipality,Paradeep Municipality,754142.0,1.0,"7,56,325",MAYADHAR CONSTRUCTION,"865,800",Rejected-Finance,19-Jun-2026,Municipal Bodies||Paradeep Municipality
2026_ORULB_127265_6,SOROM_08_2025-26,Development and Maintenance of pothole free Roads and Cover Drain of Soro Municipality in Ward No-13 and 14.,Pothole free roads and cover drain,Works,Open Tender,Percentage,Civil Works - Others,No,No,NA ,16-Mar-2026 10:00 AM,NA ,120.0,No ,No,Online,25-Mar-2026 10:00 AM,Municipal Bodies||Soro Municipality,"Soro Municipality, Soro",756045.0,1.0,"4,05,932",Gouraranjan Das,"397,772.72",Rejected-Finance,06-Jun-2026,Municipal Bodies||Soro Municipality
2026_ORULB_128333_22,MC(CMC)CTC_Div-I_No.1/2026-27,Renovation of Planning Section in Ward No. 21.,Renovation of Planning Section in Ward No. 21.,Works,Open Tender,Percentage,Civil Works - Others,No,No,NA ,23-Apr-2026 01:00 PM,NA ,90.0,No ,No,Online,07-May-2026 11:00 AM,Municipal Bodies||Cuttack Municipal Corporation,CMC,753012.0,1.0,"19,31,500",PRASANA KUMAR BEHERA,"1,931,436",Rejected-AOC,25-Jun-2026,Municipal Bodies||Cuttack Municipal Corporation
2026_EICCL_127625_1,IFB-SE PWD-29 OF 2025-26,"Construction of Drain with cover slab, Paver Block, Dismantling the old structures and Renovation to DDC and Matrumangal Unit at C.H.C., Bargarh for the year 2025-26",BUILDING WORK (CIVIL),Works,Open Tender,Percentage,Civil Works - Buildings,No,No,NA ,26-Mar-2026 11:00 AM,NA ,90.0,No ,No,Online,07-Apr-2026 11:30 AM,EIC-CIVIL||SERNB-CIRCLE-NORTHERN||EERNB-DIVN-BARGARH,BARGARH,768028.0,2.0,"84,02,767",DEBESH KUMAR SATPATHY,"7,982,628",Rejected-AOC,23-Jun-2026,EIC-CIVIL||SERNB-CIRCLE-NORTHERN||EERNB-DIVN-BARGARH
2026_CERWI_125567_1,SERWDGH-Online-12 of 2025-26,Special Repair to Road from Palsama to Hadsanhar under Additional AMP 2025-26 in the district of Deogarh,Road,Works,Open Tender,Percentage,Civil Works - Roads,No,No,NA ,05-Feb-2026 01:00 PM,NA ,90.0,No ,No,Online,11-Feb-2026 11:00 AM,CE RW I||RWCIRCLE-SAMBALPUR||RWDIVISION-DEOGARH,Deogarh,768119.0,1.0,"8,47,237",ANIL KUMAR SAHU,"627,040",Accepted-AOC,21-Jun-2026,CE RW I||RWCIRCLE-SAMBALPUR||RWDIVISION-DEOGARH
2026_EICCL_126524_1,eTCN-80 of 2025-26,"Spl.Repair to Gopabandhu Academy of Administration, Bhubaneswar for the year 2025-26. Such as Repair and painting to Outside of Administrative building","Spl.Repair to Gopabandhu Academy of Administration, Bhubaneswar for the year 2025-26. Such as Repair and painting to Outside of Administrative building",Works,Open Tender,Percentage,Civil Works - Roads,No,No,NA ,24-Feb-2026 12:35 PM,NA ,90.0,No ,No,Online,09-Mar-2026 04:30 PM,EIC-CIVIL||SERNB-CIRCLE-CENTRAL||EERNB-DIVN-III-BBSR,Bhubaneswar,751001.0,1.0,"12,96,000",ARUN KUMAR SENAPATI,"803,511",Rejected-Finance,17-Jun-2026,EIC-CIVIL||SERNB-CIRCLE-CENTRAL||EERNB-DIVN-III-BBSR
2026_EICCL_125617_1,RGD 22 25-26,Installation of 63KVA 11 4KV DP mounted SS and providing power supply to OPD and IPD CHC Kolnara in the District of Rayagada,Installation of 63KVA 11 4KV DP mounted SS and providing power supply to OPD and IPD CHC Kolnara in the District of Rayagada,Works,Open Tender,Percentage,Electrical Works,No,No,NA ,06-Feb-2026 11:00 AM,NA ,90.0,No ,No,Online,17-Feb-2026 11:30 AM,EIC-CIVIL||SERNB-CIRCLE-RAYAGADA||EERNB DIVN RAYAGADA I,Rayagada,765001.0,1.0,"9,64,652",BARATAM AMARNATH,"791,014.726",Accepted-AOC,02-Jun-2026,EIC-CIVIL||SERNB-CIRCLE-RAYAGADA||EERNB DIVN RAYAGADA I
2026_ORULB_126907_12,BBLM-7/2025-26,"Laying of paver block of gali roads and repair of drain at Chatei hutting and laying of paver block and construction of drain from Babulu house to Suban house at Laxmi nagar, Ward No.12, Barbil Municipality","Laying of paver block of gali roads and repair of drain at Chatei hutting and laying of paver block and construction of drain from Babulu house to Suban house at Laxmi nagar, Ward No.12, Barbil Municipality",Works,Open Tender,Percentage,Civil Works - Roads,No,No,NA ,09-Mar-2026 10:00 AM,NA ,90.0,No ,No,Online,20-Mar-2026 11:00 AM,Municipal Bodies||Barbil Municipality,Barbil,758035.0,2.0,"11,96,000",MANOJ SUNARI,"1,254,491",Rejected-Finance,25-Jun-2026,Municipal Bodies||Barbil Municipality
2026_ORULB_125106_36,ODULB_KGM_21/2025-2026,Renovation of Upadhaya pond in Ward No-03 and 04 with other Beautification work in Keonjhargarh Municipality,Renovation of Upadhaya pond in Ward No-03 and 04 with other Beautification work in Keonjhargarh Municipality,Works,Open Tender,Percentage,Civil Works - Others,No,No,NA ,31-Jan-2026 11:00 AM,NA ,90.0,No ,No,Online,11-Feb-2026 11:00 AM,Municipal Bodies||Keonjhargarh Municipal Council,KEONJHARGARH MUNICIPALITY,758001.0,1.0,"30,00,000",ANITA PRADHAN,"2,437,381.36",Accepted-AOC,25-Jun-2026,Municipal Bodies||Keonjhargarh Municipal Council
2026_PRNPA_124184_8,e-procurement Notice No.(PSNPD)01/2025-26 vide letter no.03 dt.01/01/2026,Construction of Additional class room at darlimunda UPS darlimunda,Construction of Additional class room at darlimunda UPS darlimunda,Works,Open Tender,Percentage,Civil Works - Buildings,No,No,NA ,05-Jan-2026 10:00 AM,NA ,90.0,No ,No,Online,21-Jan-2026 11:00 AM,Panchayati Raj and Drinking Water Department Odisha||Zilla Parisad Nuapada||NUAPADA Block,Nuapada,766105.0,1.0,"14,63,257",BIKASH KUMAR PANDA,"1,243,915",Rejected-Finance,13-May-2026,Panchayati Raj and Drinking Water Department Odisha||Zilla Parisad Nuapada||NUAPADA Block
2026_RWSS_127811_2,RWSS_MKG_ONLINE_10 of 2025-26,"Supplying all materials, labour, T and P,construction of 11KV 3Ph 400 volt external Power Supply and 3-phase service connection to RWSS point at KODIGANDHI under Chitrakonda Block with testing, commissioning and handing over to TPSODL","Supplying all materials, labour, T and P,construction of 11KV 3Ph 400 volt external Power Supply and 3-phase service connection to RWSS point at KODIGANDHI under Chitrakonda Block with testing, commissioning and handing over to TPSODL",Works,National Competitive Bid,Percentage,Electrical Works,No,No,NA ,04-Apr-2026 09:00 AM,NA ,120.0,No ,No,Online,15-Apr-2026 11:00 AM,Rural Water Supply and Sanitation||RWSS Circle Koraput||RWSS Division Malkangiri,RWSS DIVISION MALKANGIRI,764048.0,1.0,"10,14,905",ASISH KUMAR PATTNAIK,"903,265.81",Rejected-AOC,25-Jun-2026,Rural Water Supply and Sanitation||RWSS Circle Koraput||RWSS Division Malkangiri
2026_WCUTT_128022_1,GMWATCO (W)-16/2025-26 Dtd.04.04.2026,"Construction of DRINKING WATER KIOSK at Khannagar near Utkalmani smaraki Bidyapitha in Ward No- 45 under WATCO Section Badambadi, Cuttack","Construction of DRINKING WATER KIOSK at Khannagar near Utkalmani smaraki Bidyapitha in Ward No- 45 under WATCO Section Badambadi, Cuttack",Works,National Competitive Bid,Percentage,Civil Works - Water Works,No,No,NA ,09-Apr-2026 06:55 PM,NA ,120.0,No ,No,Online,22-Apr-2026 12:30 PM,WATCO Bhubaneswar||Director (Operation) Watco||WATCO Division Cuttack,Cuttack,753003.0,1.0,"7,30,696",PRAVAKAR GURU,"730,695",Accepted-AOC,11-Jun-2026,WATCO Bhubaneswar||Director (Operation) Watco||WATCO Division Cuttack
2026_CERWI_126980_3,RWDSE_MKG_II_21/2025-26/SE,S/R to RD Road to Velampalli Road for the year 2025-26,"PAN CARD, GST, Contractor Registraction, Affidevit etc",Works,Open Tender,Percentage,Civil Works - Roads,No,No,NA ,07-Mar-2026 04:30 PM,NA ,90.0,No ,No,Online,16-Mar-2026 11:00 AM,CE RW I||RWCIRCLE-SUNABEDA||RWDIVISION-MALKANGIRI - II,Malkangiri,764045.0,1.0,"33,45,000",ANANTA MANDAL,"1,939,946",Rejected-AOC,12-Jun-2026,CE RW I||RWCIRCLE-SUNABEDA||RWDIVISION-MALKANGIRI - II
2026_CERWI_125357_1,EERWRGD Online 15 2025 26,Maintenance to Rayagada to Baisingi road via Chekaguda in Rayagada block for the year 2025-26,Maintenance to Rayagada to Baisingi road via Chekaguda in Rayagada block for the year 2025-26,Works,Open Tender,Percentage,Civil Works - Buildings,No,No,NA ,02-Feb-2026 11:00 AM,NA ,90.0,No ,No,Online,09-Feb-2026 11:00 AM,CE RW I||RWCIRCLE-RAYAGADA||RWDIVISION-RAYAGADA,Rayagada,765001.0,1.0,"24,92,000",ANAM CONSTRUCTION,"2,118,104.7",Rejected-Finance,06-Jun-2026,CE RW I||RWCIRCLE-RAYAGADA||RWDIVISION-RAYAGADA
2026_ORULB_128276_26,03/BGH- MUN/2026-27,Renovation and beatification at purni bandh w.no-03,Renovation and beatification at purni bandh w.no-03,Works,Open Tender,Percentage,Civil Works - Others,No,No,NA ,21-Apr-2026 01:00 PM,NA ,90.0,No ,No,Online,29-Apr-2026 11:00 AM,Municipal Bodies||Bargarh Municipal Council,Bargarh,768028.0,1.0,"10,00,000",MAMATA AGRAWAL,"847,457",Rejected-Finance,26-Jun-2026,Municipal Bodies||Bargarh Municipal Council
2026_PRZB_128475_3,PS-LNJ-T-1/2026-27,Construction of Addl. Class room at Govt. PS Dangarigaon in Lanjigarh Block,Building,Works,Open Tender,Percentage,Civil Works - Buildings,No,No,NA ,28-Apr-2026 11:00 AM,NA ,90.0,No ,No,Online,13-May-2026 11:00 AM,Panchayati Raj and Drinking Water Department Odisha||Zilla Parisad Kalahandi||LANJIGARH Block,Lanjigarh,766027.0,1.0,"14,64,445",BANITA NAIK,"1,462,981",Rejected-Finance,30-Jun-2026,Panchayati Raj and Drinking Water Department Odisha||Zilla Parisad Kalahandi||LANJIGARH Block
2026_EICCL_128594_1,Bid Id No. SE- 02/2026-27,S/R to S.N.K.U.B.M Road (Such as pot hole and long stretches repair with PMC and SC from 87/000 km to 88/130 km) for the year 2026-27,S/R to S.N.K.U.B.M Road (Such as pot hole and long stretches repair with PMC and SC from 87/000 km to 88/130 km) for the year 2026-27,Works,Open Tender,Percentage,Civil Works - Roads,No,No,NA ,29-Apr-2026 10:00 AM,NA ,90.0,No ,No,Online,08-May-2026 11:00 AM,EIC-CIVIL||SERNB-CIRCLE-EASTERN||EERNB-DIVN-BARIPADA,Baripada,757001.0,1.0,,ABHISHEK MOHAPATRA,"1,367,374",Rejected-Finance,04-Jun-2026,EIC-CIVIL||SERNB-CIRCLE-EASTERN||EERNB-DIVN-BARIPADA
2026_STSCD_127577_5,ITDA (T)-07 / 2025-26,REPAIR AND RENOVATION OF GIRLS HOSTEL AT EMRS KALAMATI BANIAKILINDA G.P IN TILEIBANI BLOCK,REPAIR AND RENOVATION OF GIRLS HOSTEL AT EMRS KALAMATI BANIAKILINDA G.P IN TILEIBANI BLOCK,Works,Open Tender,Percentage,Civil Works - Others,No,No,NA ,25-Mar-2026 10:00 AM,NA ,90.0,No ,No,Online,09-Apr-2026 10:00 AM,ST and SC Development Deptt||ITDA Tileibani,"EMRS Kalamati, Deogarh",768108.0,1.0,"16,78,518",BISWAPRAKASH SAHU,"1,116,214.75",Rejected-AOC,22-May-2026,ST and SC Development Deptt||ITDA Tileibani
2026_OLIC_127841_6,BID ID NO. 10/Dt.04.04.2026,INSTALLATION AND ENERGISATION OF DALANA-2 TW LI PROJECT,INSTALLATION AND ENERGISATION OF DALANA-2 TW LI PROJECT,Works,Open Tender,Percentage,Civil Works - Lift Irrigation Schemes,No,No,NA ,08-Apr-2026 10:00 AM,NA ,365.0,No ,No,Online,22-Apr-2026 10:00 AM,"Orissa Lift Irrigation Corporation||LI,Central Circle, Cuttack||LI Division Cuttack",BALIKUDA BLOCK,754001.0,1.0,"19,09,851",PRANAB PRAKASH ACHARYA,"1,909,851",Rejected-Technical,22-Jun-2026,"Orissa Lift Irrigation Corporation||LI,Central Circle, Cuttack||LI Division Cuttack"
2026_ORULB_124740_4,ATH-NAC-04/2025-26,Construction of RCC slab for covering the drain from Madhab Mishra house to Srinibas Padhi house in ward no 05,Construction of RCC slab for covering the drain from Madhab Mishra house to Srinibas Padhi house in ward no 05,Works,Open Tender,Percentage,Civil Works - Canal,No,No,NA ,20-Jan-2026 11:00 AM,NA ,30.0,No ,No,Online,03-Feb-2026 11:00 AM,Municipal Bodies||Athgarh NAC,ATHGARH,754029.0,1.0,"2,19,751",AJAYA KUMAR ROUT,"219,708.53",Rejected-AOC,22-Jun-2026,Municipal Bodies||Athgarh NAC
2026_EICCL_130013_1,CCE KHORDHA (RAND B) CIRCLE 04/2026-27,Supplying and Installation of Godrej Interior Non-Biomedical Furniture for Newly Constructed 300 bedded District Head Quarter Hospital G plus 5 at Puri for the year 2026-27,Supplying and Installation of Godrej Interior Non-Biomedical Furniture for Newly Constructed 300 bedded District Head Quarter Hospital G plus 5 at Puri for the year 2026-27,Works,Open Tender,Percentage,Civil Works - Buildings,No,No,NA ,28-May-2026 06:50 PM,NA ,90.0,No ,No,Online,04-Jun-2026 10:00 AM,EIC-CIVIL||SERNB-CIRCLE-KHURDA,Puri,752069.0,2.0,"3,64,77,728",GRAND FURNITURE,"36,477,728",Accepted-AOC,29-Jun-2026,EIC-CIVIL||SERNB-CIRCLE-KHURDA
2026_ORULB_127071_14,KSNG-NAC-06/2025-26,REPAIR OF ROAD (PAVER ROAD) AND DRAIN NEAR YOUNG BLOOD PUBLIC SCHOOL IN WARD NO 05,REPAIR OF ROAD (PAVER ROAD) AND DRAIN NEAR YOUNG BLOOD PUBLIC SCHOOL IN WARD NO 05,Works,Open Tender,Percentage,Civil Works - Roads,No,No,NA ,10-Mar-2026 10:00 AM,NA ,90.0,No ,No,Online,23-Mar-2026 11:00 AM,Municipal Bodies||Kesinga NAC,KESINGA NAC,766012.0,1.0,"2,12,185",DEBARAJ MAJHI,"202,636.68",Rejected-Technical,04-Jun-2026,Municipal Bodies||Kesinga NAC
2026_ORULB_128503_1,BMC-EE-Tender Cell-11/2026-27 dt. 24.04.2026,Providing Storm Water Drainage connectivity from near Jagannath Mandir and Z Padmanabha near NH-16 underpass up to final outfall at existing culvert near KIA Showroom on NH-16,Providing Storm Water Drainage connectivity from near Jagannath Mandir and Z Padmanabha near NH-16 underpass up to final outfall at existing culvert near KIA Showroom on NH-16,Works,Open Tender,Percentage,Civil Works - Others,No,No,NA ,28-Apr-2026 11:00 AM,04-May-2026 04:30 PM ,120.0,No ,No,Online,14-May-2026 03:30 PM,Municipal Bodies||Bhubaneswar Municipal Corporation,"BMC,AREA",751022.0,2.0,"1,13,99,078",AMIT KUMAR BISWAL,"13,148,267",Rejected-Technical,24-Jun-2026,Municipal Bodies||Bhubaneswar Municipal Corporation
2026_CERWI_125402_1,Tender Online 16 JJPT of 2025-26,S/R to Record Room Tahasil office Building Binjharpur for the year 2025-26,S/R to Record Room Tahasil office Building Binjharpur for the year 2025-26,Works,Open Tender,Percentage,Civil Works - Buildings,No,No,NA ,02-Feb-2026 04:00 PM,NA ,90.0,No ,No,Online,10-Feb-2026 11:30 AM,CE RW I||RWCIRCLE-KENDRAPARA||RWDIVISION I JAJPUR,JAJPUR,755007.0,1.0,"8,38,829",JITENDRA KUMAR BISWAL,"629,205.633",Accepted-AOC,23-Jun-2026,CE RW I||RWCIRCLE-KENDRAPARA||RWDIVISION I JAJPUR
2026_ORULB_125887_20,SOROM_07_2025-26,Construction of Madrasha Hall at Modinagar(Pira Baba) in Ward No.-06,Construction Work,Works,Open Tender,Percentage,Civil Works - Others,No,No,NA ,18-Feb-2026 10:00 AM,NA ,120.0,No ,No,Online,26-Feb-2026 10:00 AM,Municipal Bodies||Soro Municipality,"Soro Municipality, Soro",756045.0,1.0,"5,08,475",NIKHAT JAHAN,"508,474.63",Accepted-AOC,04-Jun-2026,Municipal Bodies||Soro Municipality
2026_PZPBC_128073_4,BMCK 01/2026-27,"Construction of G.S.S.K Building at Bhatpur, GP-Bhatpur","Construction of G.S.S.K Building at Bhatpur, GP-Bhatpur",Works,Open Tender,Percentage,Civil Works - Buildings,No,No,NA ,13-Apr-2026 11:00 AM,NA ,90.0,No ,No,Online,28-Apr-2026 11:00 AM,Panchayati Raj and Drinking Water Department Odisha||Zilla Parisad Rayagada||BISSAM CUTTACK Block,Bhatpur,765025.0,1.0,"21,80,564",ASHANTA BAGH,"2,180,564",Rejected-Finance,12-Jun-2026,Panchayati Raj and Drinking Water Department Odisha||Zilla Parisad Rayagada||BISSAM CUTTACK Block
2026_EICCL_128364_1,CCEEC-02/2026-27,Rehabilitation of old existing Bridge over river Jambhira Nallah at Chainage 3/359 Km on the Chitrada-Moroda-Amarda-Rajghat Road in the District of Mayurbhanj for the year 2026-27.,Bridge Work,Works,National Competitive Bid,Percentage,Civil Works - Bridges,No,No,NA ,24-Apr-2026 10:00 AM,NA ,90.0,No ,No,Online,05-May-2026 11:00 AM,EIC-CIVIL||SERNB-CIRCLE-EASTERN,Mayurbhanj,757001.0,2.0,"1,51,90,000",Basanta Kumar Paibarty,"15,644,133",Accepted-AOC,08-Jun-2026,EIC-CIVIL||SERNB-CIRCLE-EASTERN
2026_ORULB_124590_15,BBLM-6/2025-26,Pothole of cement concrete road in different places of Ward No.1 to 15 Barbil,Pothole of cement concrete road in different places of Ward No.1 to 15 Barbil,Works,Open Tender,Percentage,Civil Works - Roads,No,No,NA ,20-Jan-2026 10:00 AM,NA ,90.0,No ,No,Online,04-Feb-2026 11:00 AM,Municipal Bodies||Barbil Municipality,Barbil,758035.0,2.0,"5,26,000",Ananta Charan Rout,"880,390",Accepted-AOC,01-Jun-2026,Municipal Bodies||Barbil Municipality
2026_ORULB_128333_1,MC(CMC)CTC_Div-I_No.1/2026-27,Construction of C.C. road from Dola Mandap Chhaka to Kumbhar Sahi Bhagabat Tungi Kumbhara Sahi in Ward No. 1.,Construction of C.C. road from Dola Mandap Chhaka to Kumbhar Sahi Bhagabat Tungi Kumbhara Sahi in Ward No. 1.,Works,Open Tender,Percentage,Civil Works - Others,No,No,NA ,23-Apr-2026 01:00 PM,NA ,90.0,No ,No,Online,07-May-2026 11:00 AM,Municipal Bodies||Cuttack Municipal Corporation,CMC,753012.0,1.0,"5,05,000",ABINASH BASTIA,"505,014",Rejected-AOC,24-Jun-2026,Municipal Bodies||Cuttack Municipal Corporation
2026_PRBCN_128753_18,Tender Online 01 Badachana of 2026-27,CONSTRUCTION OF OFFICE BUILDING WITH MARKET COMPLEX FOR GRAM PANCHAYAT LEVEL FEDERATIONS ( GPLF) Salapada,CONSTRUCTION OFOFFICE BUILDING WITH MARKET COMPLEX FOR GRAM PANCHAYAT LEVEL FEDERATIONS ( GPLF) Salapada,Works,Open Tender,Percentage,Civil Works - Buildings,No,No,NA ,06-May-2026 10:00 AM,NA ,90.0,No ,No,Online,21-May-2026 11:00 AM,Panchayati Raj and Drinking Water Department Odisha||Zilla Parisad Jajpur||BADCHANA Block,Badachana,754296.0,1.0,"22,44,695",KUNI MALIK,"2,244,694.74",Rejected-Technical,12-Jun-2026,Panchayati Raj and Drinking Water Department Odisha||Zilla Parisad Jajpur||BADCHANA Block
2026_ORULB_124187_11,ASKANAC/MSBY-08/2025-26,"REDEVELOPMENT OF MINI PARK AT BANI BIHAR, WARD NO-2,ASKA","REDEVELOPMENT OF MINI PARK AT BANI BIHAR, WARD NO-2,ASKA",Works,Open Tender,Percentage,Civil Works - Others,No,No,NA ,06-Jan-2026 11:00 AM,NA ,60.0,No ,No,Online,20-Jan-2026 11:00 AM,Municipal Bodies||Aska NAC,"NAC,ASKA",761110.0,2.0,"5,83,790",BIJAYA KUMAR BEHERA,"496,279.64",Rejected-Finance,06-Jun-2026,Municipal Bodies||Aska NAC
2026_EICCL_127348_2,IFB-SE PWD-26 OF 2025-26,Construction of Revenue Rest Shed in the Campus of Tahasil Office at Bijepur for the year 2025-26,"BUILDING WORK (CIVIL, EI AND PH)",Works,Open Tender,Percentage,Civil Works - Buildings,No,No,NA ,17-Mar-2026 03:00 PM,NA ,90.0,No ,No,Online,26-Mar-2026 11:30 AM,EIC-CIVIL||SERNB-CIRCLE-NORTHERN||EERNB-DIVN-BARGARH,BIJEPUR,768032.0,2.0,"76,26,453",KAMAL LOCHAN NAIK,"7,436,554",Accepted-AOC,05-Jun-2026,EIC-CIVIL||SERNB-CIRCLE-NORTHERN||EERNB-DIVN-BARGARH
2026_ORULB_127693_21,MC(CMC)CTC_Div-IIINo1/2026-27,Construction of public toilet at Hadabai Thakurani in ward no 58.,Construction of public toilet at Hadabai Thakurani in ward no 58.,Works,Open Tender,Percentage,Civil Works - Others,No,No,NA ,07-Apr-2026 05:00 PM,NA ,105.0,No ,No,Online,22-Apr-2026 10:00 AM,Municipal Bodies||Cuttack Municipal Corporation,CMC,753012.0,1.0,"23,62,157",NIRUPAMA BEHERA,"2,362,156.84",Rejected-AOC,10-Jun-2026,Municipal Bodies||Cuttack Municipal Corporation
2026_CERWI_126652_5,Road Online DKL-20/2025-26,S/R to NH-42 to Ranibania Road under AMP for the year 2025-26,S/R to NH-42 to Ranibania Road under AMP for the year 2025-26,Works,Open Tender,Percentage,Civil Works - Roads,No,No,NA ,26-Feb-2026 09:00 AM,NA ,90.0,No ,No,Online,05-Mar-2026 05:00 PM,CE RW I||RWCIRCLE-ANGUL||RWDIVISION-DHENKANAL,Dhenkanal,759001.0,1.0,"27,11,000",ALOK OJHA,"2,711,693",Rejected-Finance,06-Jun-2026,CE RW I||RWCIRCLE-ANGUL||RWDIVISION-DHENKANAL
2026_ORULB_126964_3,40/SMC_SBP/2025-26,"Construction of Paver Road from Bandha to C.C road towards AWC, Khajuriapada, Ward No-27 under SMC, Sambalpur","Construction of Paver Road from Bandha to C.C road towards AWC, Khajuriapada, Ward No-27 under SMC, Sambalpur",Works,Open Tender,Percentage,Civil Works - Others,No,No,NA ,08-Mar-2026 11:00 AM,NA ,120.0,No ,No,Online,18-Mar-2026 11:00 AM,Municipal Bodies||Sambalpur Municipal Corporation,SAMBALPUR MUNICIPAL CORPORATION,768006.0,1.0,"9,81,097",ABHINAS NANDA,"981,097.5",Rejected-Technical,06-Jun-2026,Municipal Bodies||Sambalpur Municipal Corporation
2026_ORULB_128333_3,MC(CMC)CTC_Div-I_No.1/2026-27,Construction of C.C. road from 3E/425 to Plot No. 3E/495 CDA Sec-9 in Ward No. 4.,Construction of C.C. road from 3E/425 to Plot No. 3E/495 CDA Sec-9 in Ward No. 4.,Works,Open Tender,Percentage,Civil Works - Others,No,No,NA ,23-Apr-2026 01:00 PM,NA ,90.0,No ,No,Online,07-May-2026 11:00 AM,Municipal Bodies||Cuttack Municipal Corporation,CMC,753012.0,1.0,"8,57,100",Abadhut Mallick,"857,043",Rejected-AOC,24-Jun-2026,Municipal Bodies||Cuttack Municipal Corporation
2026_PZPBC_128073_6,BMCK 01/2026-27,Construction of Toilet for Ladies and Gents at Open Gym and establishment of out door equipment fitness area at Bissamcuttack,Construction of Toilet for Ladies and Gents at Open Gym and establishment of out door equipment fitness area at Bissamcuttack,Works,Open Tender,Percentage,Civil Works - Buildings,No,No,NA ,13-Apr-2026 11:00 AM,NA ,90.0,No ,No,Online,28-Apr-2026 11:00 AM,Panchayati Raj and Drinking Water Department Odisha||Zilla Parisad Rayagada||BISSAM CUTTACK Block,Bissamcuttack,765025.0,1.0,"8,76,842",B TRINATH RAO,"876,842",Rejected-Finance,12-Jun-2026,Panchayati Raj and Drinking Water Department Odisha||Zilla Parisad Rayagada||BISSAM CUTTACK Block
2026_ORULB_125854_4,04/VNM/2025-26,Construction of shed near Hanuman Temple in ward no-01,Construction of shed near Hanuman Temple in ward no-01,Works,Open Tender,Percentage,Civil Works - Roads,No,No,NA ,12-Feb-2026 11:00 AM,NA ,30.0,No ,No,Online,02-Mar-2026 11:00 AM,Municipal Bodies||Vyasanagar Municipality,vyasanagar municipality,755019.0,1.0,,CHANDAN KUMAR SAMAL,"508,405.88",Accepted-AOC,13-Jun-2026,Municipal Bodies||Vyasanagar Municipality
2026_ORULB_127308_21,EO/BPHM/07/25-26,"Completion of Community Centre at Belpahar Ward No.4, PS. Belpahar","Completion of Community Centre at Belpahar Ward No.4, PS. Belpahar",Works,Open Tender,Percentage,Civil Works - Buildings,No,No,NA ,18-Mar-2026 10:00 AM,NA ,90.0,No ,No,Online,31-Mar-2026 11:00 AM,Municipal Bodies||Belpahar Municipal Council,Belpahar Municipality,768218.0,1.0,"5,00,000",Bigyan Ranjan Swain,"495,022",Rejected-AOC,09-Jun-2026,Municipal Bodies||Belpahar Municipal Council
2026_ORULB_124590_17,BBLM-6/2025-26,"Repair of drain and laying of cover slab at Paruti Mahala cover slab over drain in-front of Pratap Das house and cover slab over drain near Noorul brother house area, Ward No.6, Barbil","Repair of drain and laying of cover slab at Paruti Mahala cover slab over drain in-front of Pratap Das house and cover slab over drain near Noorul brother house area, Ward No.6, Barbil",Works,Open Tender,Percentage,Civil Works - Others,No,No,NA ,20-Jan-2026 10:00 AM,NA ,90.0,No ,No,Online,04-Feb-2026 11:00 AM,Municipal Bodies||Barbil Municipality,Barbil,758035.0,2.0,"4,96,000",NARAYAN HEMBRAM,"520,035",Rejected-Finance,12-Jun-2026,Municipal Bodies||Barbil Municipality
2026_ORULB_126636_11,BMC-EE-Tender Cell-73/2025-26 Dt. 25.02.2026,Improvement of road with drain at Jhara Pokhari plot no-544/1065 to 552/747 in Ward No. 62,Improvement of road with drain at Jhara Pokhari plot no-544/1065 to 552/747 in Ward No. 62,Works,Open Tender,Percentage,Civil Works - Roads,No,No,NA ,28-Feb-2026 10:30 AM,05-Mar-2026 04:00 PM ,120.0,No ,No,Online,12-Mar-2026 11:00 AM,Municipal Bodies||Bhubaneswar Municipal Corporation,BMC AREA,751022.0,1.0,"10,15,747",JITENDRA KUMAR MAHALI,"1,198,581",Accepted-AOC,04-Jun-2026,Municipal Bodies||Bhubaneswar Municipal Corporation
2026_PRKMN_126860_4,E-Procurement Notice No.(PSKMN)03/2025-26vide letter no 1064 dt.26/2/26,Construction of Crematorium in self located cluster village Pendraban GP,Construction of Crematorium in self located cluster village Pendraban GP,Works,Open Tender,Percentage,Civil Works - Buildings,No,No,NA ,06-Mar-2026 10:00 AM,NA ,90.0,No ,No,Online,30-Mar-2026 11:00 AM,Panchayati Raj and Drinking Water Department Odisha||Zilla Parisad Nuapada||KOMNA Block,Komna,766106.0,1.0,"10,99,999",RAJIB KUMAR HOTA,"1,097,799",Accepted-AOC,08-May-2026,Panchayati Raj and Drinking Water Department Odisha||Zilla Parisad Nuapada||KOMNA Block
2026_RMC_124971_1,MC/RMC/07/2026,Open area development along with Erection of 01 No. of Sculptures at NH Entry Point towards Hockey Chowk,Works,Works,Open Tender,Item Rate,Civil Works - Others,No,No,NA ,22-Jan-2026 06:00 PM,NA ,90.0,No ,No,Online,07-Feb-2026 11:00 AM,Rourkela Municipal Corporation,Rourkela,769012.0,2.0,0.0,CHANDANSWAR SILPA MANDIR,"2,938,000",Rejected-Finance,08-Jun-2026,Rourkela Municipal Corporation
2026_ORULB_126678_8,37/SMC_SBP/2025-26,Construction of road from Bhagbat mandir gali Kunjel pada.,Construction of road from Bhagbat mandir gali Kunjel pada.,Works,Open Tender,Percentage,Civil Works - Others,No,No,NA ,06-Mar-2026 11:00 AM,NA ,120.0,No ,No,Online,17-Mar-2026 11:00 AM,Municipal Bodies||Sambalpur Municipal Corporation,Sambalpur Municipal Corporation,768006.0,1.0,"4,23,385",ANSHUMAN MISHRA,"423,384.54",Rejected-Technical,18-Jun-2026,Municipal Bodies||Sambalpur Municipal Corporation
2026_PHEO_126261_1,36 OF 2025-26,"Supply of ISI marked D.I. Pipes (DI-K-7 and K-9) for the work - Construction of MBR at Panchamahala to receive 13 MLD water from Mega Project of RWSS and laying of supply main to different zonal reservoirs, Angul town under State Plan 2024-25","Supply of ISI marked D.I. Pipes (DI-K-7 and K-9) for the work - Construction of MBR at Panchamahala to receive 13 MLD water from Mega Project of RWSS and laying of supply main to different zonal reservoirs, Angul town under State Plan 2024-25",Works,Open Tender,Item Wise,Civil Works - Water Works,No,No,NA ,19-Feb-2026 09:00 AM,NA ,120.0,No ,No,Online,06-Mar-2026 11:00 AM,PHEO||SEPH-CIRCLE-CUTTACK||PH Division Angul,ANGUL,759122.0,2.0,"3,33,77,000",Electrosteel Castings Limited,"25,179,457",Rejected-AOC,01-Jun-2026,PHEO||SEPH-CIRCLE-CUTTACK||PH Division Angul
2026_CERWI_125402_3,Tender Online 16 JJPT of 2025-26,S/R to Fire Station Building at Binjharpur for the year 2025-26,S/R to Fire Station Building at Binjharpur for the year 2025-26,Works,Open Tender,Percentage,Civil Works - Buildings,No,No,NA ,02-Feb-2026 04:30 PM,NA ,90.0,No ,No,Online,10-Feb-2026 11:30 AM,CE RW I||RWCIRCLE-KENDRAPARA||RWDIVISION I JAJPUR,JAJPUR,755007.0,1.0,"12,58,552",BIJENDRA BISWAL,"969,210.887",Accepted-AOC,23-Jun-2026,CE RW I||RWCIRCLE-KENDRAPARA||RWDIVISION I JAJPUR
2026_ORULB_125949_4,BMC-EE-Tender Cell-71/2025-26 dt. 11.02.2026,Repair ad Renovation of Kennel at Sahid Nagar in Ward No. 30,Repair ad Renovation of Kennel at Sahid Nagar in Ward No. 30,Works,Open Tender,Percentage,Civil Works - Others,No,No,NA ,14-Feb-2026 10:30 AM,21-Feb-2026 03:30 PM ,120.0,No ,No,Online,02-Mar-2026 03:30 PM,Municipal Bodies||Bhubaneswar Municipal Corporation,BMC AREA,751022.0,2.0,"79,39,245",BIJAYA KUMAR PARIDA,"9,368,309",Accepted-AOC,05-Jun-2026,Municipal Bodies||Bhubaneswar Municipal Corporation
2026_CERWI_126146_1,EE/RWELECT/SBP/42/2025-26,"Provision of Lift machine at Newly Constructed of C.C.E office, R.W. Circle, Keonjhar for the year 2025-26_building","Provision of Lift machine at Newly Constructed of C.C.E office, R.W. Circle, Keonjhar for the year 2025-26_building",Works,Open Tender,Percentage,Electrical Works,No,No,NA ,17-Feb-2026 11:30 AM,NA ,90.0,No ,No,Online,02-Mar-2026 11:30 AM,CE RW I||RW Electrical Circle Bhubaneswar||RW Electrical Division Sambalpur,Keonjhar,768001.0,1.0,"16,62,694",SKYTOUCH LIFTS AND ESCALATORS PRIVATE LIMITED,"1,496,425.014",Rejected-Technical,17-Jun-2026,CE RW I||RW Electrical Circle Bhubaneswar||RW Electrical Division Sambalpur
2026_ORULB_127071_16,KSNG-NAC-06/2025-26,REPAIR OF ROAD AND COVER SLAB OVER DRAIN NEAR GOVT. WELL CULVERT IN WARD NO 07,REPAIR OF ROAD AND COVER SLAB OVER DRAIN NEAR GOVT. WELL CULVERT IN WARD NO 07,Works,Open Tender,Percentage,Civil Works - Roads,No,No,NA ,10-Mar-2026 10:00 AM,NA ,90.0,No ,No,Online,23-Mar-2026 11:00 AM,Municipal Bodies||Kesinga NAC,KESINGA NAC,766012.0,1.0,"2,54,622",BIKRAM KESHARI BARIK,"240,363.17",Rejected-Technical,04-Jun-2026,Municipal Bodies||Kesinga NAC
2026_PRBSL_128746_1,1/26-27,CONSTRUCTION OF ADDITIONAL CLASSROOM AT SARASWATI SISHU VIDYA MANDIR CHHURIAPALI UNDER CHHURIAPALI GP OF SOHELA BLOCK,BUILDING CONSTRUCTION,Works,Open Tender,Percentage,Civil Works - Buildings,No,No,NA ,06-May-2026 11:00 AM,NA ,150.0,No ,No,Online,20-May-2026 11:00 AM,Panchayati Raj and Drinking Water Department Odisha||Zilla Parisad Bargarh||SOHELLA Block,CHHURIAPALI,768033.0,1.0,"29,65,335",DEBESH KUMAR SATPATHY,"2,935,681.803",Rejected-AOC,06-Jun-2026,Panchayati Raj and Drinking Water Department Odisha||Zilla Parisad Bargarh||SOHELLA Block
2026_ORULB_126678_20,37/SMC_SBP/2025-26,Construction of Road and Drain from DAV School to Bhaska Raot Res at Kirba in WNo.07,Construction of Road and Drain from DAV School to Bhaska Raot Res at Kirba in WNo.07,Works,Open Tender,Percentage,Civil Works - Others,No,No,NA ,06-Mar-2026 11:00 AM,NA ,120.0,No ,No,Online,17-Mar-2026 11:00 AM,Municipal Bodies||Sambalpur Municipal Corporation,Sambalpur Municipal Corporation,768006.0,1.0,"12,69,428",BINOD KUMAR SAHU,"1,269,421.29",Rejected-Technical,19-Jun-2026,Municipal Bodies||Sambalpur Municipal Corporation
2026_CERWI_125357_3,EERWRGD Online 15 2025 26,Maintenance to PS road to Bhaleri road in Kalyanisinghpur block for the year 2025-26,Maintenance to PS road to Bhaleri road in Kalyanisinghpur block for the year 2025-26,Works,Open Tender,Percentage,Civil Works - Roads,No,No,NA ,02-Feb-2026 11:00 AM,NA ,90.0,No ,No,Online,09-Feb-2026 11:00 AM,CE RW I||RWCIRCLE-RAYAGADA||RWDIVISION-RAYAGADA,Rayagada,765001.0,1.0,"24,92,000",ARADHANA CHOUDHURY,"2,117,182.9",Rejected-Finance,24-Jun-2026,CE RW I||RWCIRCLE-RAYAGADA||RWDIVISION-RAYAGADA
2026_PRZB_128475_1,PS-LNJ-T-1/2026-27,Construction of Addl. Class room at Govt. PS Badibahal in Lanjigarh Block,Building,Works,Open Tender,Percentage,Civil Works - Buildings,No,No,NA ,28-Apr-2026 11:00 AM,NA ,90.0,No ,No,Online,13-May-2026 11:00 AM,Panchayati Raj and Drinking Water Department Odisha||Zilla Parisad Kalahandi||LANJIGARH Block,Lanjigarh,766027.0,1.0,"14,64,445",BHAWANI SHANKAR PATTNAIK,"1,462,981",Accepted-AOC,30-Jun-2026,Panchayati Raj and Drinking Water Department Odisha||Zilla Parisad Kalahandi||LANJIGARH Block
2026_ORULB_125679_7,BMC-EE-Tender Cell-69/2025-26 Dt. 06.02.2026,Repair of Road from Shree Jagannath Temple up to Jangya Mandap at Patia in Ward No. 03,Repair of Road from Shree Jagannath Temple up to Jangya Mandap at Patia in Ward No. 03,Works,Open Tender,Percentage,Civil Works - Roads,No,No,NA ,09-Feb-2026 10:30 AM,13-Feb-2026 04:00 PM ,120.0,No ,No,Online,20-Feb-2026 11:00 AM,Municipal Bodies||Bhubaneswar Municipal Corporation,BMC AREA,751022.0,1.0,"15,72,186",DEEPAK DAS,"1,855,180",Accepted-AOC,19-Jun-2026,Municipal Bodies||Bhubaneswar Municipal Corporation
2026_EICCL_124551_1,SE RandB BDK-28/2025-26-1,"Construction of Revenue Inspector (R.I) Office-cum-Residence at Radhaballavapur, Ward No. 1 under Dhamnagar NAC in the District of Bhadrak for the year 2025-2026.","Construction of Revenue Inspector (R.I) Office-cum-Residence at Radhaballavapur, Ward No. 1 under Dhamnagar NAC in the District of Bhadrak for the year 2025-2026.",Works,Open Tender,Percentage,Civil Works - Buildings,No,No,NA ,13-Jan-2026 06:55 PM,NA ,90.0,No ,No,Online,22-Jan-2026 11:30 AM,EIC-CIVIL||SERNB-CIRCLE-EASTERN||EERNB-DIVN-BHADRAK,Bhadrak,756100.0,2.0,,Gourahari Sahoo,"4,160,878.85",Accepted-AOC,29-Jun-2026,EIC-CIVIL||SERNB-CIRCLE-EASTERN||EERNB-DIVN-BHADRAK
2026_ORULB_128276_18,03/BGH- MUN/2026-27,"Construction of CC Road, drain and slab at balance portion Jitu Sharma house to Jeeranadi Ward N0-1","Construction of CC Road, drain and slab at balance portion Jitu Sharma house to Jeeranadi Ward N0-1",Works,Open Tender,Percentage,Civil Works - Others,No,No,NA ,21-Apr-2026 01:00 PM,NA ,90.0,No ,No,Online,29-Apr-2026 11:00 AM,Municipal Bodies||Bargarh Municipal Council,Bargarh,768028.0,1.0,"15,00,000",RANJAN SETH,"1,269,457.476",Rejected-Finance,10-Jun-2026,Municipal Bodies||Bargarh Municipal Council
2026_CERWI_126980_1,RWDSE_MKG_II_21/2025-26/SE,S/R to Undrukonda to SImilibancha Road for the year 2025-26,"PAN CARD, GST, Contractor Registraction, Affidevit etc",Works,Open Tender,Percentage,Civil Works - Roads,No,No,NA ,07-Mar-2026 04:30 PM,NA ,90.0,No ,No,Online,16-Mar-2026 11:00 AM,CE RW I||RWCIRCLE-SUNABEDA||RWDIVISION-MALKANGIRI - II,Malkangiri,764045.0,1.0,"6,64,000",BASUDEB ROY,"488,041",Rejected-AOC,13-Jun-2026,CE RW I||RWCIRCLE-SUNABEDA||RWDIVISION-MALKANGIRI - II
2026_EICCL_127074_2,SE R and B Divn. No.I BAM 63/2025-26,S/R to Kanchuru Ralaba Road such as construction of Hume pipe culvert at Ch. 4/700 km,S/R to Kanchuru Ralaba Road such as construction of Hume pipe culvert at Ch. 4/700 km,Works,Open Tender,Percentage,Civil Works - Roads,No,No,NA ,09-Mar-2026 06:00 PM,NA ,90.0,No ,No,Online,17-Mar-2026 11:30 AM,EIC-CIVIL||SERNB-CIRCLE-BERHAMPUR||EERNB-DIVN-GANJAM I,Berhampur,760005.0,1.0,"5,31,255",Pradeep Kumar Sahu,"355,941",Accepted-AOC,03-Jun-2026,EIC-CIVIL||SERNB-CIRCLE-BERHAMPUR||EERNB-DIVN-GANJAM I
2026_ORULB_127649_5,MC(CMC)CTC_Div-I_No.26/2025-26,Construction of Paver Block road from Jadav Nayak res to Suman Das res at Kathajodi Slum in Ward No. 4.,Construction of Paver Block road from Jadav Nayak res to Suman Das res at Kathajodi Slum in Ward No. 4.,Works,Open Tender,Percentage,Civil Works - Others,No,No,NA ,30-Mar-2026 03:00 PM,NA ,90.0,No ,No,Online,13-Apr-2026 11:00 AM,Municipal Bodies||Cuttack Municipal Corporation,CMC,753012.0,1.0,"19,14,700",ARPITA MOHANTY,"1,914,634",Accepted-AOC,24-Jun-2026,Municipal Bodies||Cuttack Municipal Corporation
2026_CERWI_126803_2,Online Tender 13/MOHANA/2025-26,"Repair and maintenance of Need for boundary wall, Iron gate other implementation in the new building at Mohana in the District of Gajapati for the year 2025-26.","Repair and maintenance of Need for boundary wall, Iron gate other implementation in the new building at Mohana in the District of Gajapati for the year 2025-26.",Works,National Competitive Bid,Percentage,Civil Works - Buildings,No,No,NA ,02-Mar-2026 11:00 AM,NA ,90.0,No ,No,Online,12-Mar-2026 11:00 AM,CE RW I||RWCIRCLE-RAYAGADA||RWDIVISION-MOHANA,Mohana,761015.0,1.0,"8,40,000",ACHYUTANANDA PRADHAN,"661,693",Accepted-AOC,20-Jun-2026,CE RW I||RWCIRCLE-RAYAGADA||RWDIVISION-MOHANA
2026_PRBDN_127333_16,DSB-03/2025-26,CONSTRUCTION OF ADDITIONAL CLASSROOM AT SAPTASAJYA ASHRAM SCHOOL,CONSTRUCTION OF ADDITIONAL CLASSROOM,Works,Open Tender,Percentage,Civil Works - Buildings,No,No,NA ,17-Mar-2026 10:00 AM,NA ,120.0,No ,No,Online,31-Mar-2026 11:00 AM,Panchayati Raj and Drinking Water Department Odisha||Zilla Parisad Dhenkanal||DHENKANAL (SADAR) Block,"Sadar Block,Dhenkanal",759001.0,1.0,"12,09,222",ANGADA KUMAR NAYAK,"1,209,222.598",Rejected-AOC,20-Jun-2026,Panchayati Raj and Drinking Water Department Odisha||Zilla Parisad Dhenkanal||DHENKANAL (SADAR) Block
2026_PRBDI_125313_1,NOTICE NO.BDO-BPS-05 OF 2025-26,1. Construction of office building of PACS of Uttarasasan G.P. under Biridi Block,Construction of office building of PACS of Uttarasasan G.P. under Biridi Block,Works,Open Tender,Percentage,Civil Works - Buildings,No,No,NA ,02-Feb-2026 10:00 AM,NA ,90.0,No ,No,Online,13-Feb-2026 11:00 AM,Panchayati Raj and Drinking Water Department Odisha||Zilla Parisad Jagatsinghpur||BIRIDI Block,Biridi,754111.0,1.0,"10,36,725",AKSHSAYA KUMAR BRAHMA,"964,154.15",Rejected-Finance,21-Jun-2026,Panchayati Raj and Drinking Water Department Odisha||Zilla Parisad Jagatsinghpur||BIRIDI Block
2026_RMC_127902_5,MC/RMC/23/2026,"Provision of Semi Highmast in the Open Space at Ruputola in Ward No. 6, Rourkela.",Electrical,Works,Open Tender,Percentage,Electrical Works,No,No,NA ,07-Apr-2026 06:00 PM,NA ,90.0,No ,No,Online,23-Apr-2026 11:00 AM,Rourkela Municipal Corporation,Rourkela,769012.0,1.0,"8,55,000",EDITION INTERNATIONAL,"855,243.62",Rejected-Technical,20-Jun-2026,Rourkela Municipal Corporation
2026_ORULB_127265_5,SOROM_08_2025-26,"Development and Maintenance of pothole free Roads and Cover Drain of Soro Municipality in Ward No-10,11 and 12",Pothole free roads and cover drain,Works,Open Tender,Percentage,Civil Works - Others,No,No,NA ,16-Mar-2026 10:00 AM,NA ,120.0,No ,No,Online,25-Mar-2026 10:00 AM,Municipal Bodies||Soro Municipality,"Soro Municipality, Soro",756045.0,1.0,"3,90,678",JAJATIKESHARI PRADHAN,"390,678",Accepted-AOC,06-Jun-2026,Municipal Bodies||Soro Municipality
2026_ORULB_127692_6,MC(CMC)CTC_Div-IIINo39/2025-26,Desilting of MSD from OMP Konark Statute to Kaliaboda in Ward No.46.,Desilting of MSD from OMP Konark Statute to Kaliaboda in Ward No.46.,Works,Open Tender,Percentage,Civil Works - Others,No,No,NA ,31-Mar-2026 11:00 AM,NA ,60.0,No ,No,Online,10-Apr-2026 10:00 AM,Municipal Bodies||Cuttack Municipal Corporation,CMC,753012.0,1.0,"8,45,920",BINODINI SWAIN,"845,920",Rejected-AOC,08-Jun-2026,Municipal Bodies||Cuttack Municipal Corporation
2026_PRBDN_127333_17,DSB-03/2025-26,"CONSTRUCTION OF HOSTEL SUPT. QUARTER IN R. C VIDYAPITHA,TALABORKOTE",CONSTRUCTION OF HOSTEL SUPT. QUARTER,Works,Open Tender,Percentage,Civil Works - Buildings,No,No,NA ,17-Mar-2026 10:00 AM,NA ,120.0,No ,No,Online,31-Mar-2026 11:00 AM,Panchayati Raj and Drinking Water Department Odisha||Zilla Parisad Dhenkanal||DHENKANAL (SADAR) Block,"Sadar Block,Dhenkanal",759001.0,1.0,"11,72,365",M/S. RAJ RIYANSH CONSTRUCTIONS,"1,172,365.533",Rejected-AOC,20-Jun-2026,Panchayati Raj and Drinking Water Department Odisha||Zilla Parisad Dhenkanal||DHENKANAL (SADAR) Block
2026_RMC_127902_4,MC/RMC/23/2026,Provision of Lights in Birsa Munda Park at Koelnagar.,Electrical,Works,Open Tender,Percentage,Electrical Works,No,No,NA ,07-Apr-2026 06:00 PM,NA ,90.0,No ,No,Online,23-Apr-2026 11:00 AM,Rourkela Municipal Corporation,Rourkela,769012.0,1.0,"9,51,000",EDITION INTERNATIONAL,"951,391.55",Rejected-Technical,20-Jun-2026,Rourkela Municipal Corporation
2026_EICCL_124689_1,RGD-II TCN No- 18/2025-26,Construction of GE (R and B) Sub-Division No-II under Rayagada (R and B) Division -II in the district of Rayagada. ( Ltr no.38548 dt.08.10.2025)(Building Work),Building Work,Works,Open Tender,Percentage,Civil Works - Buildings,No,No,NA ,19-Jan-2026 11:00 AM,NA ,90.0,No ,No,Online,02-Feb-2026 11:00 AM,EIC-CIVIL||SERNB-CIRCLE-RAYAGADA||EERNB-DIVN-RAYAGADA NEW,Rayagada,765017.0,2.0,"52,24,434",Ashok Kumar Behera,"4,963,735",Accepted-AOC,08-Jun-2026,EIC-CIVIL||SERNB-CIRCLE-RAYAGADA||EERNB-DIVN-RAYAGADA NEW
2026_CERWI_125567_2,SERWDGH-Online-12 of 2025-26,Periodical Maintenance to Road from Madalia to Tainsira road via- Rengali through Jautuk Nallah and Kantia Nallahl under Additional AMP 2025-26 in the district of Deogarh,Road,Works,Open Tender,Percentage,Civil Works - Roads,No,No,NA ,05-Feb-2026 02:00 PM,NA ,90.0,No ,No,Online,11-Feb-2026 11:00 AM,CE RW I||RWCIRCLE-SAMBALPUR||RWDIVISION-DEOGARH,Deogarh,768119.0,1.0,"38,39,154",GAJENDRA PRASAD SAHU,"2,917,757",Accepted-AOC,21-Jun-2026,CE RW I||RWCIRCLE-SAMBALPUR||RWDIVISION-DEOGARH
2026_EICCL_126524_2,eTCN-80 of 2025-26,"Spl.Repair to Madhusudan Das Regional Academy of Financial Management, Bhubaneswar for the year 2025-26. Such as Repair and painting to Outside of Administrative building","Spl.Repair to Madhusudan Das Regional Academy of Financial Management, Bhubaneswar for the year 2025-26. Such as Repair and painting to Outside of Administrative building",Works,Open Tender,Percentage,Civil Works - Roads,No,No,NA ,24-Feb-2026 12:50 PM,NA ,90.0,No ,No,Online,09-Mar-2026 04:35 PM,EIC-CIVIL||SERNB-CIRCLE-CENTRAL||EERNB-DIVN-III-BBSR,Bhubaneswar,751001.0,1.0,"13,70,000",ATHAY KUMAR MOHANTY,"849,332",Rejected-Finance,17-Jun-2026,EIC-CIVIL||SERNB-CIRCLE-CENTRAL||EERNB-DIVN-III-BBSR
2026_ORULB_128125_9,EO/BPHM/01/26-27,"Power Supply to Modern Crematorium, Mahima Chowk Belpahar.","Power Supply to Modern Crematorium, Mahima Chowk Belpahar.",Works,Open Tender,Percentage,Electrical Works,No,No,NA ,17-Apr-2026 10:00 AM,NA ,90.0,No ,No,Online,02-May-2026 11:00 AM,Municipal Bodies||Belpahar Municipal Council,Belpahar Municipality,768218.0,1.0,"8,06,417",PRADIP KUMAR RAY,"785,081",Rejected-AOC,03-Jun-2026,Municipal Bodies||Belpahar Municipal Council
2026_JIRR_124173_34,JKID-04 OF 2025-26,33-Construction of Gada near Sana Gobindpur UP School,Construction of Gada near Sana Gobindpur UP School,Works,National Competitive Bid,Percentage,Civil Works - Others,No,No,NA ,05-Jan-2026 11:00 AM,NA ,90.0,No ,No,Online,16-Jan-2026 11:00 AM,CE AND BM MBBS CHANDIKOLE||EASTERN CIRCLE II CHANDIKOLE||Jaraka Irr Div Jaraka,Jaraka,755050.0,1.0,"4,60,451",ASHOK DALAI,"368,821.52",Accepted-AOC,22-May-2026,CE AND BM MBBS CHANDIKOLE||EASTERN CIRCLE II CHANDIKOLE||Jaraka Irr Div Jaraka
2026_RWSS_127811_1,RWSS_MKG_ONLINE_10 of 2025-26,"Supplying all materials, labour, T and P,construction of 11KV 3Ph 400 volt external Power Supply and 3-phase service connection to RWSS point at Sarkubandha under Chitrakonda Block with testing, commissioning and handing over to TPSODL","Supplying all materials, labour, T and P,construction of 11KV 3Ph 400 volt external Power Supply and 3-phase service connection to RWSS point at Sarkubandha under Chitrakonda Block with testing, commissioning and handing over to TPSODL",Works,National Competitive Bid,Percentage,Electrical Works,No,No,NA ,04-Apr-2026 09:00 AM,NA ,120.0,No ,No,Online,15-Apr-2026 11:00 AM,Rural Water Supply and Sanitation||RWSS Circle Koraput||RWSS Division Malkangiri,RWSS DIVISION MALKANGIRI,764048.0,1.0,"9,74,819",ASISH KUMAR PATTNAIK,"867,588.9",Rejected-AOC,25-Jun-2026,Rural Water Supply and Sanitation||RWSS Circle Koraput||RWSS Division Malkangiri
2026_CERWI_125255_5,"On line K,Nagar 25(2025-26)",MAINTENANCE TO PWD ROAD TO KUTURIA ROAD DURING 2025-26,MAINTENANCE TO PWD ROAD TO KUTURIA ROAD DURING 2025-26,Works,Open Tender,Percentage,Civil Works - Roads,No,No,NA ,31-Jan-2026 03:00 PM,NA ,30.0,No ,No,Online,05-Feb-2026 05:30 PM,CE RW I||RWCIRCLE-ANGUL||RWDIVISION-KAMAKSHYANAGAR,Kamakhyanagar,759018.0,1.0,"6,49,000",Dharmendra Das,"648,967",Rejected-Technical,23-Jun-2026,CE RW I||RWCIRCLE-ANGUL||RWDIVISION-KAMAKSHYANAGAR
2026_ORULB_126678_21,37/SMC_SBP/2025-26,"Construction of Road and Drain from Duleswari Res Medical Boundary , Telgupada in WNo.07","Construction of Road and Drain from Duleswari Res Medical Boundary , Telgupada in WNo.07",Works,Open Tender,Percentage,Civil Works - Others,No,No,NA ,06-Mar-2026 11:00 AM,NA ,120.0,No ,No,Online,17-Mar-2026 11:00 AM,Municipal Bodies||Sambalpur Municipal Corporation,Sambalpur Municipal Corporation,768006.0,1.0,"12,69,952",MAMATA MANJARI SAHOO,"1,269,952",Rejected-Technical,08-Jun-2026,Municipal Bodies||Sambalpur Municipal Corporation
2026_STSCD_127577_6,ITDA (T)-07 / 2025-26,CONSTRUCTION OF MULTIPURPOSE COMMUNITY CUM CULTURAL CENTRES (MPCCs) FOR MINORITY COMMUNITIES AT GAJURIBANI OF BANIAKILINDA G.P IN TILEIBANI BLOCK,CONSTRUCTION OF MULTIPURPOSE COMMUNITY CUM CULTURAL CENTRES (MPCCs) FOR MINORITY COMMUNITIES AT GAJURIBANI OF BANIAKILINDA G.P IN TILEIBANI BLOCK,Works,Open Tender,Percentage,Civil Works - Buildings,No,No,NA ,25-Mar-2026 10:00 AM,NA ,90.0,No ,No,Online,09-Apr-2026 10:00 AM,ST and SC Development Deptt||ITDA Tileibani,Gajuribani G.P. Baniakillinda,768108.0,1.0,"28,72,147",KALPANA KISAN,"2,102,698.81",Rejected-AOC,22-May-2026,ST and SC Development Deptt||ITDA Tileibani
2026_EICCL_126766_1,S.E. (R and B) - 31/2025-26/NGP,Shifting of Electrical Poles - Widening and Strengthening of Improvement of Papadahandi-Umerkote-Yerla Road from 12/00 Km to 18/00 Km in the District of Nabarangpur under State Plan for the year 2025-26,Electrical Works,Works,Open Tender,Percentage,Electrical Works,No,No,NA ,28-Feb-2026 11:00 AM,NA ,90.0,No ,No,Online,10-Mar-2026 11:00 AM,EIC-CIVIL||SERNB-CIRCLE-JEYPORE||EERNB Division Nabarangpur,Papadahandi,764071.0,1.0,"39,89,542",CHANDAN NAYAK,"3,989,143",Accepted-AOC,02-Jun-2026,EIC-CIVIL||SERNB-CIRCLE-JEYPORE||EERNB Division Nabarangpur
2026_ORULB_127071_17,KSNG-NAC-06/2025-26,CONSTRUCTION OF ROAD AND DRAIN NEAR PINTU HOUSE IN WARD NO 08,CONSTRUCTION OF ROAD AND DRAIN NEAR PINTU HOUSE IN WARD NO 08,Works,Open Tender,Percentage,Civil Works - Roads,No,No,NA ,10-Mar-2026 10:00 AM,NA ,90.0,No ,No,Online,23-Mar-2026 11:00 AM,Municipal Bodies||Kesinga NAC,KESINGA NAC,766012.0,1.0,"2,54,622",NARASINGH NIAL,"254,367.38",Rejected-Technical,05-Jun-2026,Municipal Bodies||Kesinga NAC
2026_CERWI_127169_10,Tender Online JJPR-II-09 of 2025-26,S/R to Ragadiposi Baramunduli for the year 2025-26,S/R to Ragadiposi Baramunduli for the year 2025-26,Works,Open Tender,Percentage,Civil Works - Roads,No,No,NA ,12-Mar-2026 10:00 AM,NA ,90.0,No ,No,Online,17-Mar-2026 05:30 PM,CE RW I||RWCIRCLE-KENDRAPARA||RW Division II-Jajpur,Jaraka,755050.0,1.0,"5,32,000",SAHIL CONSTRUCTION,"531,063",Rejected-Finance,29-Mar-2026,CE RW I||RWCIRCLE-KENDRAPARA||RW Division II-Jajpur
2026_PRKMN_126860_5,E-Procurement Notice No.(PSKMN)03/2025-26vide letter no 1064 dt.26/2/26,Construction of Crematorium in self located cluster village Agren GP,Construction of Crematorium in self located cluster village Agren GP,Works,Open Tender,Percentage,Civil Works - Buildings,No,No,NA ,06-Mar-2026 10:00 AM,NA ,90.0,No ,No,Online,30-Mar-2026 11:00 AM,Panchayati Raj and Drinking Water Department Odisha||Zilla Parisad Nuapada||KOMNA Block,Komna,766106.0,1.0,"11,52,432",ASHOK KUMAR HOTA,"1,150,128",Accepted-AOC,07-May-2026,Panchayati Raj and Drinking Water Department Odisha||Zilla Parisad Nuapada||KOMNA Block
2026_EICCL_125079_1,RGD-II TCN No- 20/2025-26,"Construction of Video Conference hall (OSWAN) at Gunupur Tahasil, Gunupur (Civil, EI and PH) for 2025-26",Building Work,Works,Open Tender,Percentage,Civil Works - Buildings,No,No,NA ,28-Jan-2026 11:00 AM,NA ,90.0,No ,No,Online,05-Feb-2026 11:00 AM,EIC-CIVIL||SERNB-CIRCLE-RAYAGADA||EERNB-DIVN-RAYAGADA NEW,Gunupur,765022.0,1.0,"19,45,755",HARIKRUSHNA PANIGRAHY,"1,945,755",Accepted-AOC,05-Jun-2026,EIC-CIVIL||SERNB-CIRCLE-RAYAGADA||EERNB-DIVN-RAYAGADA NEW
2026_OPEPA_127936_1,IFB-DPC SS KPT ACR 125/134 OF 2024-25,CONSTRUCTION OF 1 NO ADDITIONAL CLASS ROOM BUILDING AT KENDUGUDA UPS OF KOTPAD BLOCK,CONSTRUCTION OF 1 NO ADDITIONAL CLASS ROOM BUILDING AT KENDUGUDA UPS OF KOTPAD BLOCK,Works,Open Tender,Percentage,Civil Works - Buildings,No,No,NA ,09-Apr-2026 11:00 AM,NA ,90.0,No ,No,Online,28-Apr-2026 11:30 AM,OPEPA Bhubaneswar||Samagra Shiksha Koraput,KENDUGUDA UPS OF KOTPAD BLOCK,764058.0,1.0,"14,44,052",gupteswar Swain,"1,444,052.09",Rejected-AOC,26-May-2026,OPEPA Bhubaneswar||Samagra Shiksha Koraput
2026_ORULB_128333_2,MC(CMC)CTC_Div-I_No.1/2026-27,Construction of C.C. road from Sukadev Muduli House to Kelu Senapati house in Ward No.1.,Construction of C.C. road from Sukadev Muduli House to Kelu Senapati house in Ward No.1.,Works,Open Tender,Percentage,Civil Works - Others,No,No,NA ,23-Apr-2026 01:00 PM,NA ,90.0,No ,No,Online,07-May-2026 11:00 AM,Municipal Bodies||Cuttack Municipal Corporation,CMC,753012.0,1.0,"5,04,400",ABINASH BASTIA,"504,324",Rejected-AOC,24-Jun-2026,Municipal Bodies||Cuttack Municipal Corporation
2026_OPEPA_129060_1,IFB-DPC SS KPT ACR 136/144 OF 2024-25,CONSTRUCTION OF 1 NO ADDITIONAL CLASS ROOM BUILDING AT GAJABADI PROJ UPS OF BANDHUGAM BLOCK,CONSTRUCTION OF 1 NO ADDITIONAL CLASS ROOM BUILDING AT GAJABADI PROJ UPS OF BANDHUGAM BLOCK,Works,Open Tender,Percentage,Civil Works - Buildings,No,No,NA ,11-May-2026 11:00 AM,NA ,90.0,No ,No,Online,26-May-2026 11:30 AM,OPEPA Bhubaneswar||Samagra Shiksha Koraput,GAJABADI PROJ UPS OF BANDHUGAM BLOCK,764027.0,1.0,"14,40,235",JOSADA KHARA,"1,411,430",Rejected-Technical,09-Jun-2026,OPEPA Bhubaneswar||Samagra Shiksha Koraput
2026_CERWI_126652_4,Road Online DKL-20/2025-26,S/R to T-4 RD Road to Khaliborei Road under AMP for the year 2025-26,S/R to T-4 RD Road to Khaliborei Road under AMP for the year 2025-26,Works,Open Tender,Percentage,Civil Works - Roads,No,No,NA ,26-Feb-2026 09:00 AM,NA ,90.0,No ,No,Online,05-Mar-2026 05:00 PM,CE RW I||RWCIRCLE-ANGUL||RWDIVISION-DHENKANAL,Dhenkanal,759001.0,1.0,"9,54,000",A R CONSTRUCTION PROP. ASHUTOSH SAHOO,"946,135",Rejected-Finance,05-Jun-2026,CE RW I||RWCIRCLE-ANGUL||RWDIVISION-DHENKANAL
2026_EICCL_124928_14,RC(RANDB) RGD NO. II/ 19 /2025-26,Special Repair and Renovation to Staff Quarters of CHC Ramanaguda at Ramanaguda CHC during 2025-26,Building Work,Works,Open Tender,Percentage,Civil Works - Buildings,No,No,NA ,22-Jan-2026 11:00 AM,NA ,90.0,No ,No,Online,30-Jan-2026 11:00 AM,EIC-CIVIL||SERNB-CIRCLE-RAYAGADA||EERNB-DIVN-RAYAGADA NEW,Ramanaguda,765029.0,1.0,"8,22,838",RANJAN KUMAR NAIK BEHERA,"822,838",Rejected-AOC,03-Jun-2026,EIC-CIVIL||SERNB-CIRCLE-RAYAGADA||EERNB-DIVN-RAYAGADA NEW
2026_EICCL_127587_1,SE RandB BDK-45/2025-26-2,Shifting of 11KV/LT Line and SubStation for widening of road from Kalimandir to Kandha,Shifting of 11KV/LT Line and SubStation for widening of road from Kalimandir to Kandha,Works,Open Tender,Percentage,Electrical Works,No,No,NA ,25-Mar-2026 11:00 AM,NA ,90.0,No ,No,Online,31-Mar-2026 11:30 AM,EIC-CIVIL||SERNB-CIRCLE-EASTERN||EERNB-DIVN-BHADRAK,Bhadrak,756100.0,1.0,,ICON BUILDERS,"2,570,722.92",Rejected-AOC,18-Jun-2026,EIC-CIVIL||SERNB-CIRCLE-EASTERN||EERNB-DIVN-BHADRAK
2026_ORULB_126857_34,06/BGH- MUN/2025-26,Construction of cc road and drain from mishra house to hrushikesh bhoi bharti nagar w.no-18,Construction of cc road and drain from mishra house to hrushikesh bhoi bharti nagar w.no-18,Works,Open Tender,Percentage,Civil Works - Others,No,No,NA ,06-Mar-2026 04:00 PM,NA ,90.0,No ,No,Online,17-Mar-2026 11:00 AM,Municipal Bodies||Bargarh Municipal Council,Bargarh,768028.0,1.0,"19,00,016",RANJAN SETH,"1,288,094.333",Rejected-Finance,08-Jun-2026,Municipal Bodies||Bargarh Municipal Council
